Price,Close,High,Low,Open,Volume
Ticker,BHARTIARTL.NS,BHARTIARTL.NS,BHARTIARTL.NS,BHARTIARTL.NS,BHARTIARTL.NS
Date,,,,,
2010-01-04,270.07568359375,275.8060562527254,268.9545133330153,273.9374766466395,3275801
2010-01-05,274.352783203125,275.72308087138936,270.3249044553652,272.6087526500463,4773358
2010-01-06,271.4460144042969,278.3390934138601,270.82315445878953,276.5120207008908,4893074
2010-01-07,273.5638122558594,277.38407102419734,272.40113458596903,272.69179697310136,4292821
2010-01-08,269.9511413574219,275.26627480017845,269.6189437596647,273.85444204005,2946669
2010-01-11,273.1900634765625,274.8925868142279,270.3248906580006,274.8925868142279,3487591
2010-01-12,267.6258239746094,277.30106381230047,266.08941322239315,274.1451999183504,7220708
2010-01-13,264.4283752441406,267.3766182372714,261.8123017114721,267.0028854122169,4770795
2010-01-14,264.1376647949219,267.91641551731067,263.4317625628261,265.09272222486516,4349517
2010-01-15,263.597900390625,267.8333990006372,262.43522276866867,264.0962108867204,4890287
2010-01-18,266.3385009765625,267.99948895255886,262.5597779373585,263.2656802513086,4348367
2010-01-19,266.21392822265625,270.5740041633871,264.17923549076784,266.5876610695866,4310517
2010-01-20,275.3077697753906,275.972164873722,267.044394406755,267.044394406755,10115597
2010-01-21,267.7502746582031,276.5534949282521,266.75368209246074,274.0619994532205,4388678
2010-01-22,267.54266357421875,274.06200852096566,261.60464321904215,264.67746336807886,9648877
2010-01-25,274.80950927734375,275.51541154938263,264.4283701954172,267.5426978593173,5990411
2010-01-27,268.1654968261719,275.5568841704497,265.7570719816346,273.64674151521183,5597033
2010-01-28,260.4835510253906,272.2765235194556,258.28274546368226,269.07912516821756,8455790
2010-01-29,254.4624786376953,260.69116227252033,252.59387073511218,258.28273680886707,7595735
2010-02-01,258.4488220214844,260.5250499036203,253.29977349922453,253.29977349922453,4288766
2010-02-02,255.50057983398438,262.1860386983565,254.21332472951286,261.1894459370815,5096874
2010-02-03,256.6217041015625,259.73603131484754,254.5454765855886,257.4521838594114,4049198
2010-02-04,252.55233764648438,256.62175107175364,249.56258747392476,254.96076313068895,2861509
2010-02-05,249.18887329101562,252.84304703483693,244.49659958218533,250.80832610924503,4344729
2010-02-08,256.08197021484375,257.8675360226147,248.64907271927763,250.89138567012776,5335407
2010-02-09,260.06829833984375,262.8504568905418,254.96078459722764,257.4522526579165,6797505
2010-02-10,261.8538513183594,264.4283897490149,255.9573650086538,261.60469608798934,6011378
2010-02-11,261.189453125,264.013118632308,258.07512526649646,262.0199611762631,3742244
2010-02-15,237.18826293945312,263.2656752416172,236.1916701728195,263.2656752416172,21051251
2010-02-16,225.56138610839844,240.4271647133952,223.69277821431606,237.52045694557617,49980391
2010-02-17,231.8316192626953,233.9908897613431,227.0562889558459,227.0562889558459,17899829
2010-02-18,234.11544799804688,236.19167594896925,229.21555453328727,231.70702245012262,7785215
2010-02-19,231.54095458984375,235.77646748722248,227.80375221523028,232.994322786094,9762722
2010-02-22,229.96298217773438,235.02897422249504,229.21554464705704,233.3680003698034,6283372
2010-02-23,232.6205596923828,233.53411011793665,228.38506140558877,228.38506140558877,4149060
2010-02-24,229.17401123046875,232.53750826668366,228.3850525108379,232.53750826668366,5771589
2010-02-25,229.42312622070312,232.53746749149107,228.8002523422752,230.04598603845523,7132567
2010-02-26,231.9976806640625,234.1984719957147,229.04943776744906,230.87651034695946,7128286
2010-03-02,241.008544921875,243.16781540187455,232.53753369133855,232.53753369133855,6950115
2010-03-03,242.4618682861328,244.91180068743256,241.09154280423505,243.33388336684797,5656398
2010-03-04,243.8321990966797,244.91183428554535,240.84242064349596,240.84242064349596,3663476
2010-03-05,247.8600616455078,252.2616726120488,243.33390119090245,244.16438109189968,9062775
2010-03-08,243.08474731445312,251.47270122200095,241.67291460214733,247.6109077940534,6942247
2010-03-09,241.92208862304688,244.28897903498498,238.39249250730575,242.50341335358954,4200362
2010-03-10,239.1814422607422,244.57961778811108,235.8594664582412,242.503389941887,5975112
2010-03-11,244.1228485107422,245.45163886391492,239.4721103959944,239.92888559506713,4471626
2010-03-12,248.39984130859375,249.43796914781603,243.33386406695382,243.33386406695382,4487902
2010-03-15,248.7321014404297,250.22700478027465,240.84242911363222,240.84242911363222,3477760
2010-03-16,244.82876586914062,248.31682629944382,242.96015804985598,247.90158636657065,3042667
2010-03-17,247.5279083251953,250.39310949017786,245.5347224607412,245.8254129751584,3695915
2010-03-18,249.2303924560547,252.05405792430702,246.73889645808416,249.10581484402044,4981590
2010-03-19,259.03021240234375,259.81918529870256,249.14735387636844,249.14735387636844,8505632
2010-03-22,262.72589111328125,265.5910921668516,254.96079609114622,255.376036099754,7411728
2010-03-23,255.50057983398438,266.58764969698217,253.7565495320922,263.4317866802895,6234799
2010-03-25,261.1063537597656,262.435143854641,251.6387665158057,257.45218099885835,11381437
2010-03-26,257.57684326171875,262.3521877502018,253.29980928330522,261.4801724789408,7975896
2010-03-29,259.2793273925781,261.5216399840763,257.6183394796037,258.2827346447935,3102927
2010-03-30,258.1581726074219,262.43520619579925,257.24462216984443,258.6979901965291,3700172
2010-03-31,259.5699768066406,265.5079977543337,254.9607461231604,256.3725787485478,7532934
2010-04-01,250.8083038330078,262.8504310857107,249.6040911077375,259.6115257369243,14419348
2010-04-05,262.4766540527344,264.22068404240866,251.22350147141913,254.9607166268216,10741491
2010-04-06,262.8088684082031,264.7605184624374,258.9471035388537,263.68088345887605,4129617
2010-04-07,266.08935546875,270.57400910706366,260.5250666369443,263.2656898671004,5770421
2010-04-08,259.86065673828125,267.00289083166973,257.4522312515514,264.9266629335011,6877157
2010-04-09,255.70819091796875,262.8504247313757,254.9607534033453,259.1132090369028,6484250
2010-04-12,255.9573516845703,259.0301722946498,253.71503909203892,253.71503909203892,5891860
2010-04-13,254.96083068847656,259.11328758074967,254.25492820232685,254.96083068847656,3395835
2010-04-15,252.63536071777344,258.2411840452043,251.514218549371,255.7912516254386,4931669
2010-04-16,253.1336669921875,254.6700771800865,250.55912889184265,252.05403196091052,4153955
2010-04-19,254.0472412109375,285.439786795046,247.69397990328977,285.439786795046,4812139
2010-04-20,252.8845672607422,256.6217835710906,251.22357910932507,256.6217835710906,3760929
2010-04-21,253.88119506835938,255.95742351283835,252.0541219111999,254.13035035567884,5619463
2010-04-22,251.72186279296875,253.29978027765821,250.39307241342559,253.29978027765821,4209007
2010-04-23,247.65245056152344,253.216739213502,246.8634777544363,251.97101931728207,15927170
2010-04-26,246.98802185058594,252.38622503237656,245.82534448095808,249.2303623536549,4766960
2010-04-27,247.73545837402344,250.3930387760954,246.1575411013084,247.4863313023444,3428228
2010-04-28,243.99827575683594,248.81509814578274,242.5033726913726,247.444800800575,6709386
2010-04-29,246.11605834960938,247.90162407821683,242.5864621405424,244.1644078711294,5816167
2010-04-30,247.94313049316406,251.14052907194667,245.3686200280141,248.31686336134365,8104084
2010-05-03,246.6558380126953,249.0642633647494,245.1609630084394,247.48634599833602,3323969
2010-05-04,240.01190185546875,248.31681253810825,239.30599963297544,248.31681253810825,4732234
2010-05-05,246.0745849609375,248.98129345310846,235.1951324691499,238.51710913565682,9873530
2010-05-06,242.4618682861328,246.65583084886285,241.09154280423505,245.74230864895213,5682148
2010-05-07,238.7661590576172,240.759344412758,236.8560441832897,239.18142709762066,3387727
2010-05-10,244.49658203125,247.48636033430384,238.1433207131087,242.5033964958808,3783329
2010-05-11,236.44082641601562,244.57962519664008,235.94251596986814,244.57962519664008,5255746
2010-05-12,216.96580505371094,236.27471640451736,215.80311347361987,235.85947644196702,29314603
2010-05-13,214.59890747070312,225.89359791180257,211.36000191513466,217.17343187739436,30486003
2010-05-14,219.70639038085938,222.36395661749958,211.40148007309799,212.19043867835663,14945387
2010-05-17,221.45045471191406,222.1563710725298,214.3912770450783,215.9276873772062,5537427
2010-05-18,222.53009033203125,225.72748861418793,219.5403260887163,221.74113160287519,6000553
2010-05-19,215.6785125732422,221.74109652858454,214.34972242609552,221.32584257726307,5247052
2010-05-20,216.13528442382812,220.53689497551017,214.93107180806723,215.92766446814733,5075402
2010-05-21,221.0767364501953,221.90723042362444,209.28376420953717,215.0971939021841,3757974
2010-05-24,220.95217895507812,225.35377632396776,218.66833086572936,222.6131670531571,5489050
2010-05-25,219.74794006347656,224.56479091652687,217.6301910348459,220.57843401411938,5279757
2010-05-26,218.95899963378906,223.90041444641892,215.9276999760702,221.74114405517747,4305026
2010-05-27,216.46751403808594,220.08015242043476,213.934510833723,218.50222083860638,8180587
2010-05-28,216.509033203125,220.74454556592775,214.30824168253696,219.24965636834816,5791244
2010-05-31,218.3361053466797,219.623360412693,215.92767994255857,216.75817388547586,3907631
2010-06-01,213.4362335205078,219.24966358098118,211.7752454685558,218.50222598794244,5454164
2010-06-02,224.52328491210938,226.26731529601807,211.23542298558874,213.43622858839885,10798027
2010-06-03,227.09779357910156,230.04603673608872,225.39529845350864,226.22577839353292,6895147
2010-06-04,229.46469116210938,231.20872148153464,222.156372293977,225.89358815599027,4975708
2010-06-07,222.90379333496094,226.97320648604503,220.9106220006558,220.9106220006558,4627876
2010-06-08,214.55734252929688,225.18762153226368,213.64380633279944,223.40207031622865,5214643
2010-06-09,225.9351043701172,228.30199457403188,215.09718985720454,216.55055779854402,14047214
2010-06-10,236.85609436035156,238.26792725566247,225.1461630698879,228.38508292780597,12899743
2010-06-11,227.1392822265625,242.50335481454601,225.6859145083235,242.50335481454601,11104323
2010-06-14,223.48516845703125,230.71043108477315,220.24624889658764,229.25707713441813,9492508
2010-06-15,223.85888671875,226.26731227594038,220.1216707684397,222.5716175102454,6886077
2010-06-16,221.0352325439453,226.72409949264284,219.6649348693573,226.72409949264284,6180984
2010-06-17,221.82415771484375,223.81734310478097,218.75133726902922,220.9936638023699,5452641
2010-06-18,220.03863525390625,224.23261248699413,219.24966241824333,221.1182704516098,6030460
2010-06-21,219.95555114746094,222.57159644076168,219.5403112192586,220.91062266727482,6940466
2010-06-22,217.58865356445312,221.9902500823528,217.17339958987733,220.0801211691998,5014986
2010-06-23,219.29116821289062,220.82757852979327,216.05226284710713,217.5886731640098,4377083
2010-06-24,218.62677001953125,220.91061769458986,217.75475494139334,218.5021924196038,8286439
2010-06-25,218.460693359375,220.8275836335855,217.67172056085244,218.33611574683385,5918882
2010-06-28,220.41233825683594,221.53349456012216,219.12506910045735,219.24964670993748,5496212
2010-06-29,220.74453735351562,221.74113011482555,218.91745062444744,220.9106361470673,3571629
2010-06-30,218.2530517578125,220.49537840248473,216.38445793781744,219.29116568477784,7007284
2010-07-01,220.1216583251953,221.11825106369892,216.84121777312956,218.4191492454212,8278079
2010-07-02,219.83102416992188,220.78608178791308,218.50223368157253,220.4954053534167,2459569
2010-07-05,222.11483764648438,222.53007757901383,218.54372079615592,220.4123286138938,3790109
2010-07-06,225.51986694335938,226.14274097268742,221.74114376365472,222.57162372185314,11519800
2010-07-07,229.3401336669922,232.03923581082765,225.0631139212193,225.0631139212193,10778118
2010-07-08,233.32650756835938,234.61377695054375,230.33674284113613,231.91467461552287,6207032
2010-07-09,256.3310241699219,257.86743411328814,234.19842518727248,234.19842518727248,52219871
2010-07-12,253.88119506835938,259.6946403371733,252.76002439678604,256.12353641150605,16195352
2010-07-13,249.02276611328125,254.6700969054822,247.23720058867812,253.2167289640295,10693831
2010-07-14,250.47610473632812,255.62515318987383,248.0676793003367,251.63881033247614,11630355
2010-07-15,247.4863739013672,252.8845498705543,246.0745411000907,251.6388299336766,4120377
2010-07-16,247.8600616455078,249.14731674059612,243.33390119090245,243.33390119090245,3389876
2010-07-19,247.07106018066406,251.30658592378427,244.74570547931353,245.825340473802,5124736
2010-07-20,247.1956787109375,249.77021714989556,245.41014121114824,249.02277957773288,2600132
2010-07-21,244.994873046875,248.31684905702133,244.24743547493156,248.02618670164273,2393379
2010-07-22,250.89137268066406,251.63883841360956,242.50341796186095,244.4135612993449,3905944
2010-07-23,260.60809326171875,262.8504340060659,250.80830661957097,252.84302738704991,11429835
2010-07-26,266.08935546875,267.2935682801616,257.16158343854863,260.7742218727835,10405199
2010-07-27,267.9579772949219,269.4113454170226,263.39028104987386,267.58427254327535,7389473
2010-07-28,267.4180908203125,268.66383862157437,265.0096656935316,268.66383862157437,2807219
2010-07-29,263.1826171875,267.33507274028415,262.01993975640835,266.58763524019986,3343255
2010-07-30,254.79470825195312,265.67413132831126,253.3828753669607,261.60471742622246,8503156
2010-08-02,264.1376647949219,265.75711733822243,255.79124688057163,255.79124688057163,9071713
2010-08-03,272.7747802734375,273.8959505716877,263.5563470471441,265.5910395591106,9834399
2010-08-04,268.3731994628906,274.0620658275974,267.0444371747758,273.2315858823559,4303422
2010-08-05,269.5774230957031,273.2315968686835,268.53932312241045,268.66390074347737,4929011
2010-08-06,268.5808410644531,271.4460136789452,265.96476743332653,269.07912339525603,2514528
2010-08-09,272.7333068847656,273.8959844466365,264.2622819811518,267.37663805672344,6603816
2010-08-10,270.3247985839844,273.7297878568396,268.6638110598173,273.2315056602644,4591762
2010-08-11,266.2969970703125,278.837436673865,262.2691183303564,266.75377233263595,12509844
2010-08-12,263.1826171875,268.24862308558454,261.81229166954944,263.4732795149341,5817079
2010-08-13,263.2241516113281,268.1655517691317,261.60467089126263,264.09616671227644,3741099
2010-08-16,264.71905517578125,266.71224079915817,259.6945839927007,264.09619521398525,3101836
2010-08-17,262.5182189941406,266.5876321376342,261.02334401136943,263.680896411701,4343972
2010-08-18,262.6015625,266.01738700661684,260.143826510299,264.2678217972038,4100030
2010-08-19,262.1849670410156,264.8093144779029,261.0185715953328,263.30966722068194,3480455
2010-08-20,258.51922607421875,261.4351585938787,256.68635501073544,259.9355393792653,2806623
2010-08-23,264.3927307128906,266.76713200450115,258.7691175263115,259.9354846464612,4312015
2010-08-24,269.2665710449219,271.0994421635949,263.9762083637892,264.76768505501286,6968253
2010-08-25,264.05950927734375,270.39126558962016,261.6017736006918,268.10016992676486,4686350
2010-08-26,267.89190673828125,269.84975069867056,262.14331961151976,264.934307268429,5251096
2010-08-27,263.3513488769531,270.34960909665335,262.43489929176343,267.4336767419786,4548409
2010-08-30,268.93328857421875,271.890887906366,265.89238333947867,266.5172199248252,4584547
2010-08-31,272.72406005859375,273.51553682429096,262.6432256414366,269.09998454158176,6308685
2010-09-01,281.3052673339844,283.0964997211758,273.9320870964677,274.098727142316,8793789
2010-09-02,278.34765625,284.17954982875165,277.5145406861516,283.179794225771,3804773
2010-09-03,282.6382751464844,284.42950753550184,279.09747743260533,279.2641174786235,3897016
2010-09-06,286.095703125,287.2204032896699,281.59681783452316,283.2630486593968,4531861
2010-09-07,286.22064208984375,289.3448812446044,284.17949244422306,288.1784858380224,4297798
2010-09-08,293.2606201171875,294.6769334642189,281.5968614821877,284.0962363175017,6403109
2010-09-09,291.6777038574219,298.2177400482487,289.6781926438402,294.9268884215388,6075974
2010-09-13,290.5946350097656,295.71838638912556,289.2199885832635,295.2601615100894,5698570
2010-09-14,296.9680480957031,299.50909015218804,287.51207890373564,292.55249595276433,6917596
2010-09-15,296.759765625,300.7587881334166,291.6777097838101,294.92689441394486,5198040
2010-09-16,289.5531921386719,299.9256097307828,287.92860001106436,295.84330998774897,7141945
2010-09-17,298.9675598144531,299.92564839106217,290.8445699187641,290.8445699187641,9154009
2010-09-20,304.88275146484375,310.75628396112893,299.0925248837545,299.0925248837545,10622651
2010-09-21,304.5494384765625,308.9650178336865,302.46662175101704,305.0076632340903,6546264
2010-09-22,302.21673583984375,312.42254264209225,298.8425782809676,308.1319353862306,5277333
2010-09-23,296.17657470703125,304.00797986361255,295.0102072201385,303.34147609664365,2753259
2010-09-24,306.715576171875,307.7153316345343,294.1353693019622,295.84329546298034,9082847
2010-09-27,310.8812561035156,313.58893813024184,304.2995528192469,308.3402423279422,7205540
2010-09-28,310.96466064453125,314.04720588134654,308.25697800467213,309.13176083647625,4070115
2010-09-29,302.75823974609375,313.8388281995743,301.5918724075281,312.4225149275296,3497950
2010-09-30,305.1743469238281,308.2569197890978,297.9261678367355,298.5093374740637,8294465
2010-10-01,304.174560546875,308.3401941721478,303.2997780497797,308.3401941721478,4035625
2010-10-04,299.8006591796875,307.17383899841565,296.71811471793484,305.71585857512724,4414660
2010-10-05,294.63531494140625,305.75754359962554,292.2192458514357,299.800676792483,5686066
2010-10-06,293.34393310546875,299.38410555936815,292.01095384892216,296.59314585929985,3917799
2010-10-07,295.6349792480469,300.3421434408722,294.4269449610174,295.51003450335367,3629608
2010-10-08,294.01043701171875,299.84233057862645,291.30278322410607,297.38459453329824,2592663
2010-10-11,285.6374816894531,296.5097620749701,284.01286147932814,295.01014303088493,6777705
2010-10-12,282.4716796875,287.8453489554881,281.26364507360177,284.9293877712609,5190130
2010-10-13,289.5948486328125,290.42796409023896,280.3471316444955,282.8465062273756,9103035
2010-10-14,287.4703674316406,293.2605932629033,285.3042446534303,290.96949752278067,4074495
2010-10-15,277.9727478027344,289.55320009682345,275.1817600627504,288.92836346378624,6206683
2010-10-18,272.6407165527344,279.0974463521558,269.51650519651207,279.0974463521558,7847094
2010-10-19,272.5990295410156,279.5139829309681,269.0998998991839,274.22362141606646,6006847
2010-10-20,267.6419677734375,274.6818953708217,265.600789642855,270.76617913753796,6109985
2010-10-21,280.8470458984375,282.0967475204318,269.47487115965174,270.51629387974793,5318157
2010-10-22,277.8061218261719,284.7627438928208,276.1398625098544,282.3466749368115,3670603
2010-10-25,280.9303283691406,284.5127643178839,278.3059808350728,279.3057080961077,5036992
2010-10-26,273.9320068359375,283.1797226687386,273.3904762141552,282.42991320862444,2595183
2010-10-27,268.22515869140625,274.09869057512833,264.9343073836353,273.26557508884775,4852021
2010-10-28,275.473388671875,280.3471941745804,270.14138649174686,270.68291730198,12385094
2010-10-29,271.3077087402344,276.3481252458611,266.8921570733315,273.89041758222123,3083767
2010-11-01,279.34735107421875,279.888881715018,273.5154587643361,274.0986564585038,3512389
2010-11-02,274.3069763183594,279.84725650423843,273.0572748470306,279.3473928420683,3343836
2010-11-03,273.5988464355469,278.014398322545,272.47411788038346,275.7649694228218,2177828
2010-11-04,271.72430419921875,276.43146902556754,270.97446636654456,275.0984616038399,3182032
2010-11-08,273.30718994140625,278.84749771267815,272.8489651799418,275.7649255471162,6053124
2010-11-09,278.72259521484375,279.5140719837541,274.3486817690315,275.3484374438752,6948271
2010-11-10,272.4741516113281,287.92865565552137,271.22444992748376,279.09749436706403,11337057
2010-11-11,263.8929138183594,272.22418243922067,263.2680771349762,271.1411209037813,7845177
2010-11-12,254.56185913085938,263.26804564681026,252.7706552106102,262.43490195800945,15715053
2010-11-15,257.9776916503906,259.6439508708698,254.3119495759387,255.89487467744223,10986583
2010-11-16,261.14361572265625,266.4339790936751,259.10246545231854,260.72705789735556,9850158
2010-11-18,270.7245178222656,273.1405864465279,261.81005286195307,266.60052305431446,10415307
2010-11-19,273.6404724121094,284.7210609857115,271.55765543527593,271.59932249484143,17594387
2010-11-22,280.7220153808594,283.1797225989278,278.2642799521938,278.38925289728155,6280409
2010-11-23,274.2237243652344,277.30629748517487,266.76723755094804,276.59812659627704,8499425
2010-11-24,276.4314880371094,281.0969861234221,274.9318404792261,276.4314880371094,6740358
2010-11-25,279.09747314453125,283.05482859674663,277.1396289501814,277.59785380643456,8374470
2010-11-26,278.09765625,282.42992968763156,273.3071862676621,282.42992968763156,7089599
2010-11-29,282.1800842285156,284.0962898299086,277.43127961011476,279.0975110071066,3571716
2010-11-30,300.0506286621094,302.34172481519533,280.3471848192065,280.76374262693014,14357045
2010-12-01,292.05255126953125,298.17602876878874,286.76218921375363,297.84277694927675,7293186
2010-12-02,288.34515380859375,295.7599718226244,286.8038676087423,294.9268563462079,4692175
2010-12-03,287.9285888671875,295.75996442350646,286.26232974543865,290.3446575410733,4375447
2010-12-06,287.72027587890625,292.76069149276464,286.2206287418941,291.46932319494357,2008761
2010-12-07,290.6362609863281,295.551704553431,287.63699437443034,289.0533358768894,4279168
2010-12-08,289.63653564453125,294.3020619716566,287.5537184440016,289.9281486716049,4719168
2010-12-09,281.9717102050781,291.2610655949026,279.93056050580344,290.7612019865126,3620606
2010-12-10,275.76495361328125,281.5968467305758,270.76617599391363,280.1388663986017,9232424
2010-12-13,276.6398010253906,278.0977534885631,268.26686418163655,276.9730529448089,5454691
2010-12-14,279.2224426269531,280.7637290092595,272.72404522559094,275.7649791378145,3829572
2010-12-15,283.01318359375,284.92936068294415,278.1393785349397,279.5140530738264,4696849
2010-12-16,286.8455505371094,288.67842161299365,283.30475314523517,285.34590310174696,5014784
2010-12-20,279.09747314453125,284.92936687467,277.93110568274545,284.92936687467,2716161
2010-12-21,277.30621337890625,281.1802339271418,274.9317836574142,279.09741717056596,2579684
2010-12-22,285.970703125,286.59553962523296,277.7227428374198,278.2642734464076,3806784
2010-12-23,286.01239013671875,289.88643915395875,283.3047366357452,287.1371185950467,4486098
2010-12-24,290.4280090332031,293.0940240464876,282.4299922039546,282.4299922039546,2150395
2010-12-27,284.8460388183594,293.3022798382018,284.17953511754206,290.7612380051611,1406861
2010-12-28,285.2209167480469,288.5117680445128,284.38780126462825,285.7208086065792,2087889
2010-12-29,294.9269104003906,295.6350530430127,286.5956412668665,286.5956412668665,4157002
2010-12-30,297.8011779785156,299.9256339280903,292.46914815237454,295.7599997317195,6336195
2010-12-31,298.9259338378906,299.7590777582187,293.30234637606964,295.30182972151687,3120012
2011-01-03,299.3841247558594,304.09129004443116,295.5517421473708,300.6754652434858,3283719
2011-01-04,296.9264221191406,301.46694744020584,294.21873990007293,300.133939863546,3833685
2011-01-05,290.76129150390625,296.63482471113406,289.55325685022734,295.76004196918063,2954082
2011-01-06,294.26031494140625,296.0098797859769,290.8861581998196,290.8861581998196,3224930
2011-01-07,282.0135192871094,295.5934879795701,278.5976935759443,294.76034393186865,6786239
2011-01-10,282.5132141113281,286.55387428266414,279.13905749511935,283.2630235581971,3068961
2011-01-11,281.9717102050781,289.01163704124883,278.26430146017145,284.09619401458383,3709562
2011-01-12,290.8446044921875,292.6358370875371,279.93065348670234,283.38811747053495,2132019
2011-01-13,288.8033752441406,294.92685291422805,287.5120349864816,288.4284563577553,3563055
2011-01-14,286.3872985839844,292.80236084713624,284.30448176442593,287.51202700130193,2474877
2011-01-17,290.3446960449219,293.2606287367263,282.9715160850196,283.6796868846516,3716294
2011-01-18,286.9288635253906,292.7190898972414,285.8458020351685,291.6776954684138,2208607
2011-01-19,286.97052001953125,290.2613432198091,284.6793959392706,287.4287166249809,2966214
2011-01-20,283.5130310058594,285.76248804550863,281.5968540267385,282.42996954625147,3853851
2011-01-21,279.97222900390625,283.22144153968264,275.76495620499134,283.22144153968264,3220549
2011-01-24,277.5145263671875,281.51352036216906,277.0146344861881,280.097207050342,2928676
2011-01-25,281.3885803222656,283.9712895182722,277.51455884416487,280.472158784191,3866285
2011-01-27,271.3077087402344,283.2630798464551,270.1413413922868,283.2630798464551,6439857
2011-01-28,272.6407165527344,276.80635050143223,268.6833614804111,273.18224727342897,4096337
2011-01-31,265.7673645019531,269.64141272566104,259.1023574436757,268.39171156009854,4756969
2011-02-01,264.18450927734375,273.14064315320053,258.26930944652406,270.76621288154644,6445397
2011-02-02,268.93328857421875,271.4326631262051,253.6454282873253,258.26925851372994,11730023
2011-02-03,283.0964660644531,285.304255987878,266.9754611281377,266.9754611281377,7437162
2011-02-04,277.0146484375,286.1790606815442,275.3484173118594,285.762502900134,7238103
2011-02-07,278.1393737792969,286.8038940163431,276.59808743753075,279.0974623075125,4770975
2011-02-08,277.6811828613281,283.55474414441153,276.6814271490882,279.09749640101614,3653369
2011-02-09,276.72308349609375,280.5137990738733,270.4746316946089,271.93261224480386,4358336
2011-02-10,268.7667236328125,276.0982367619526,260.9353185797508,274.93184107987236,6903674
2011-02-11,265.68414306640625,268.8500217201568,261.60181471922624,268.8500217201568,3167685
2011-02-14,272.72406005859375,273.64050980946485,262.4349467363488,269.5165423517573,4306568
2011-02-15,274.2237243652344,277.59788232792863,269.4332528353523,271.18281831309065,3129682
2011-02-16,273.5988464355469,277.0146427413557,270.97447040329774,274.0987101208397,2808369
2011-02-17,283.1380920410156,284.3044875384411,271.26605567584033,276.5980566863829,5499423
2011-02-18,276.0566101074219,284.3462130233751,273.3489558251825,282.4300355961317,5044655
2011-02-21,275.51507568359375,277.1813353013237,272.3075294457897,274.6819599800333,4256319
2011-02-22,275.3484802246094,278.680971447916,269.39161231546126,272.64079760557263,4981445
2011-02-23,273.4322509765625,280.9720438102835,271.47440655653065,274.0987548060127,4760426
2011-02-24,270.2663879394531,280.2639177642161,267.8503184668905,271.59939567750286,8685403
2011-02-25,274.72357177734375,277.2646139177518,270.39132540860055,274.9318506827175,4632115
2011-02-28,276.0148620605469,278.2643189663176,270.4745821221949,274.9318006653984,6420348
2011-03-01,281.2636413574219,282.3467029679025,268.43348566391853,275.84830509441207,5446370
2011-03-03,275.0567932128906,281.93008096100937,272.51575135383496,279.5140402840648,3517302
2011-03-04,272.3908386230469,277.9311196073588,270.0580753719967,275.390077449505,3625974
2011-03-07,270.3080139160156,271.7659662235751,265.8507664432095,270.7662105720281,2565177
2011-03-08,278.97247314453125,279.30572498856486,269.0999472125654,269.59981087331465,3472743
2011-03-09,277.0146484375,280.5971130630773,275.3484173118594,278.5559347972009,1786515
2011-03-10,274.5152282714844,276.0981814325425,272.5573844532174,275.80656846515836,980737
2011-03-11,268.7250061035156,276.1814908133394,267.47530473900554,274.01536811141517,3574256
2011-03-14,268.05853271484375,269.933070867808,266.01738274013303,266.6838864483249,3023582
2011-03-15,261.726806640625,267.3920606194351,257.3945320251889,264.9343525891894,4819267
2011-03-16,266.97552490234375,268.5168115110025,262.4766380730978,262.4766380730978,4186534
2011-03-17,264.809326171875,269.8497424123477,263.5179859241144,265.6007745749536,5273043
2011-03-18,265.4758605957031,269.76643956647405,264.51774385254083,268.18351436623914,4664167
2011-03-21,264.01788330078125,267.5586808809381,263.26807364853016,266.30897932011675,2006096
2011-03-22,272.09918212890625,272.6823799011797,265.100921704033,265.100921704033,3750136
2011-03-23,275.4316711425781,276.22314770395366,270.974424734652,271.76590129602755,2316550
2011-03-24,277.6394958496094,278.59758432868534,272.0991874315478,276.43146143317364,2046780
2011-03-25,283.01318359375,284.09624511557354,276.6813980814367,278.34765742678235,2701811
2011-03-28,289.7614440917969,291.59431492108547,278.6808567959449,284.429443401776,8030083
2011-03-29,300.42547607421875,304.0495789174868,289.0949427807946,289.0949427807946,9452816
2011-03-30,299.4257507324219,301.3002888197406,295.3017556560799,299.9256143907592,5630729
2011-03-31,297.7594909667969,299.50905608362854,292.76074155030705,297.8427968745979,9325109
2011-04-01,296.0099792480469,300.17561391677305,294.0937737593414,295.4267813670309,4942781
2011-04-04,299.3841247558594,301.59191498856575,294.0937616103635,295.3434632435992,2368243
2011-04-05,300.1338806152344,302.67492228029874,297.84278487410444,301.17530315789395,2105888
2011-04-06,294.34368896484375,302.5499844547823,291.80264700467706,300.1755825334582,4845107
2011-04-07,297.42626953125,298.4676922223358,288.0119393010408,294.34369673205856,7589768
2011-04-08,301.508544921875,356.9114550136621,297.50952311481547,299.34242221501773,6809750
2011-04-11,301.966796875,305.1743141678419,299.09250321880444,301.5085720587076,4044750
2011-04-13,306.1324462890625,312.42253643331907,294.09374033208815,296.84306115780294,8758584
2011-04-15,310.25640869140625,313.2556754220712,306.13244162102,307.75703385448725,6629599
2011-04-18,306.840576171875,314.1304498172232,305.13267807094576,310.3397064942493,3912057
2011-04-19,313.6305847167969,314.92192516782313,304.5078392213764,306.59065641066576,5014397
2011-04-20,317.0463562011719,322.0034664859076,312.75574956197715,314.33870277278703,8298620
2011-04-21,313.4639892578125,320.33727787834005,309.17338167425436,317.42134494525135,6009147
2011-04-25,312.7974853515625,315.75508534956555,310.5896950669029,311.9643415062647,2384536
2011-04-26,317.92120361328125,318.96262635102073,311.25619400780937,312.42256152031996,6007245
2011-04-27,320.8787536621094,323.4197954079804,318.0044600772618,319.92066520402744,5856456
2011-04-28,322.21173095703125,324.7944113101952,318.4626551709682,320.75375077120697,4969685
2011-04-29,316.6297912597656,324.0862759400558,313.4222460650207,322.25340506188724,3474612
2011-05-02,319.6707763671875,320.712199128969,315.7550877177997,315.7550877177997,2567365
2011-05-03,311.9643249511719,319.58745108860575,310.4647056040658,317.17138202348747,3721992
2011-05-04,308.048583984375,313.5888919898004,304.17456329684325,311.96427172856414,3163786
2011-05-05,298.17608642578125,307.79869578529593,293.42728234273045,299.80067878106735,9934784
2011-05-06,292.38580322265625,301.21696233845927,288.01189072118785,297.4262193634532,7345483
2011-05-09,304.2579040527344,305.6325503420939,293.260620895444,293.9271246147103,4569883
2011-05-10,304.88275146484375,306.21575895039615,302.42501538703095,305.67422818571606,2801287
2011-05-11,305.09100341796875,306.50731669365365,302.8832134913006,304.9243916022891,3230479
2011-05-12,304.6744384765625,305.4242480506262,302.30003679026066,302.30003679026066,2725663
2011-05-13,306.38238525390625,311.75605430225687,302.5083638029458,302.5083638029458,3580151
2011-05-16,309.2566223144531,312.3808617073994,303.8413154088939,306.59060770826966,2523797
2011-05-17,308.840087890625,311.13118378672965,307.0072168158618,309.006699710784,1985073
2011-05-18,309.8815002441406,312.42254222828575,307.4237923855053,309.2566635664442,2227649
2011-05-19,304.7577819824219,311.4644583394074,303.67472044063857,310.7146486728347,1817420
2011-05-20,311.4644470214844,315.2551622799797,304.34121313197926,305.42427463440646,4732033
2011-05-23,306.96551513671875,312.7557407091836,305.0493383679777,308.3401894457109,3331442
2011-05-24,308.7568359375,311.38118414314476,306.1741265888702,308.2569439684585,3517512
2011-05-25,307.96533203125,310.33973404346733,302.8832479163721,306.2990726320601,2306477
2011-05-26,306.0074462890625,311.33944743227914,303.92462937537766,305.92414038305947,5773192
2011-05-27,310.6729736328125,311.7977022090961,307.4237890908867,307.59040091891177,2481609
2011-05-30,309.4649353027344,311.50611353964166,305.7575259638343,310.75627569102033,3936916
2011-05-31,311.71435546875,312.8390556871235,307.6320276895635,309.75651158755863,3215081
2011-06-01,317.92120361328125,320.46224575433524,312.42256152031996,312.6308404257466,4608558
2011-06-02,317.5462341308594,321.5035605633368,315.33844442803985,315.755002135606,2260188
2011-06-03,315.2967834472656,320.42050541235625,314.2137221024887,318.25438272280246,2711559
2011-06-06,316.58819580078125,318.7543189839979,312.83911908484095,316.8798088366339,2818802
2011-06-07,314.7969665527344,318.12945698267043,314.08879576264314,315.75505508291315,2198037
2011-06-08,314.713623046875,316.0049916132149,309.0900367981883,314.9635689901154,2901623
2011-06-09,313.7138977050781,316.37991279485533,312.9224491595806,314.1721225749593,2342963
2011-06-10,311.54779052734375,314.8386424935783,310.1314769909169,314.5053905902657,1977670
2011-06-13,314.5885925292969,316.21321265257336,311.50604870581844,312.6307488234587,2850479
2011-06-14,316.00494384765625,317.00467104829835,314.08873892346145,314.8802154836854,3194917
2011-06-15,313.88043212890625,316.08822160585424,312.50578619245357,314.8801874511429,2573491
2011-06-16,307.96533203125,316.42157379785914,306.2990726320601,312.4225512398034,5994787
2011-06-17,317.0463562011719,318.21272347556834,307.59036041433495,307.59036041433495,5130753
2011-06-20,324.7944030761719,326.54396797056734,312.880700614841,316.58810925195525,8848136
2011-06-21,326.25238037109375,331.91763270136926,323.3780871524164,324.96104023854537,5559217
2011-06-22,318.0878601074219,329.08511665123746,314.5887009677901,327.41885711108125,8541584
2011-06-23,318.37945556640625,322.50342338155167,316.00505327412355,316.7131959706778,3273163
2011-06-24,326.5024108886719,328.46025512166614,319.54578841234655,319.54578841234655,5471448
2011-06-27,329.9181823730469,332.3342510812844,323.2531457912876,324.086289469308,4959702
2011-06-28,333.5006408691406,337.37469011722976,330.12648350369676,330.5847083259206,10719216
2011-06-29,334.45880126953125,336.5416187369364,332.7925416534853,334.5421071976813,4263304
2011-06-30,329.001708984375,336.4165263818069,324.7111025743041,334.9169073647215,13125165
2011-07-01,319.4624938964844,329.9182474110239,318.5460441331792,329.0017976477187,5799385
2011-07-04,320.1706237792969,323.50311409005917,319.087534101901,321.17035112510354,4410181
2011-07-05,318.46270751953125,321.9201991210079,315.13021710348335,321.5869472583427,2594353
2011-07-06,319.4208068847656,323.91969307810626,317.046404914332,317.046404914332,4248866
2011-07-07,331.58447265625,332.33431056385774,319.5457940179412,319.5457940179412,8972726
2011-07-08,331.70941162109375,341.49866016442263,329.62659458276437,333.12572495030946,6220607
2011-07-11,325.9608459472656,333.16738542261686,324.71114446474,331.62609915209634,1889284
2011-07-12,322.3367614746094,328.83513057296625,320.96208694261554,322.5033733030063,2729874
2011-07-13,329.001708984375,331.00121981422143,321.9201433919175,322.50331289267353,6051451
2011-07-14,330.37640380859375,332.5008879051835,327.96033491859095,329.75156716102157,3835596
2011-07-15,327.3771667480469,332.001025665532,326.0024922647173,331.79274678210686,1920350
2011-07-18,327.50213623046875,329.50161913216465,325.0444002952762,325.1693732661202,1082795
2011-07-19,331.9593811035156,334.0838653532855,325.7942354623527,325.7942354623527,3797711
2011-07-20,329.37664794921875,334.083812350185,328.0019735908141,333.2506686815941,3221108
2011-07-21,329.1683654785156,331.00126476005914,326.7939636772832,327.41880031748065,5572151
2011-07-22,342.5400695800781,343.70646522741174,330.043166802791,331.2512013021409,11423101
2011-07-25,360.4522705078125,365.07612913008126,341.20705465476055,341.5819453367491,15650804
2011-07-26,353.74560546875,360.4522812018694,351.78776146298634,358.24449126029697,7871857
2011-07-27,357.8695983886719,360.2440001325946,351.9960381965338,355.6618084605393,5289506
2011-07-28,358.91094970703125,361.16040642455584,351.9959959692537,351.9959959692537,4924393
2011-07-29,364.2846984863281,365.95095786830444,355.0369800743132,358.66108365113485,7995295
2011-08-01,367.7005310058594,373.11583884947703,364.7429311187742,373.11583884947703,4307734
2011-08-02,360.2439880371094,366.3674657473319,358.2444770511507,364.53459478217036,3038663
2011-08-03,355.120361328125,359.8275270752512,343.8314913067114,356.57831379655465,15342713
2011-08-04,353.287353515625,357.4113482972386,349.7049176235264,353.2457146699239,3936601
2011-08-05,346.4140930175781,350.7046999317146,340.5821998506878,340.6655339696708,5985715
2011-08-08,340.2073059082031,345.6226130602613,329.33499633439135,333.25068430751065,8689189
2011-08-09,339.29083251953125,343.581439092052,326.7106257739869,327.62707532501463,10113344
2011-08-10,338.9576416015625,344.45628347445535,332.58421707664604,342.41513335660187,7288802
2011-08-11,330.8345642089844,338.9992189406289,329.0849993680031,338.2494094674366,7416538
2011-08-12,324.1696472167969,334.3337873135796,320.7538224750193,334.08386955974623,7043295
2011-08-16,329.793212890625,335.5834387978481,323.08653739108985,327.2105041352916,12588424
2011-08-17,331.087890625,334.8464339772325,320.3968505911825,329.166832216479,5418918
2011-08-18,326.6611022949219,335.93224118111175,325.8258485054528,332.17366983362666,6516533
2011-08-19,320.4385986328125,329.79325523610447,315.0513483848559,323.23665523645343,8120797
2011-08-22,327.99749755859375,329.4173979416313,318.30874556936027,319.227516286288,3679094
2011-08-23,335.4311218261719,338.10388900856526,327.8304613627809,329.6679746596496,9573967
2011-08-24,332.1736755371094,337.56095368579184,330.169100346425,334.09470554997716,5267076
2011-08-25,336.01580810546875,341.9459892808388,328.12282406977897,335.681712196347,8509606
2011-08-26,332.9671630859375,341.02720899347196,330.2109072647637,334.4288361830265,6279865
2011-08-29,338.3126525878906,343.03173887070744,336.3915943481878,336.6004007226262,3645172
2011-08-30,337.97857666015625,347.83436255578005,334.97171378326436,339.94137932124687,5582539
2011-09-02,341.2777099609375,349.92240050518825,339.5237139582766,347.45846855395115,5725538
2011-09-05,338.730224609375,341.8206038307694,334.6793305246421,336.18274755265423,2947636
2011-09-06,332.633056640625,339.10613919778245,326.45229735594165,336.683951277139,4929940
2011-09-07,335.47283935546875,338.93905897940147,332.4659767688154,334.0946833974843,4690977
2011-09-08,333.6771545410156,337.6863056643373,330.92087021424595,335.47292368359376,3950839
2011-09-09,334.2199401855469,339.94131326040423,330.41962509034164,337.35209194222756,6006553
2011-09-12,322.2342834472656,332.29890179246496,319.5197727360085,331.63071018937933,3285687
2011-09-13,318.6845703125,327.2875173734239,316.8888298373721,325.65881068489165,4165475
2011-09-14,315.1766052246094,320.73094576298337,311.12571030583825,319.8956919116368,6358228
2011-09-15,323.3201599121094,325.6588310450111,311.2927649355753,319.06045870300574,5017504
2011-09-16,322.2342834472656,325.5752414626939,318.76806425304846,324.73998781781415,6904041
2011-09-19,323.1113586425781,325.6588362031536,316.97237156827026,320.7309431637389,3371857
2011-09-20,326.9116516113281,327.83039392975513,322.2343100042449,324.74001458130135,4068649
2011-09-21,328.4569396972656,330.29445316672,326.9952664718521,329.8768403257608,2724946
2011-09-22,311.37628173828125,324.6565433167249,307.4089038162417,324.6565433167249,5455410
2011-09-23,313.2137756347656,319.2275010330444,301.2281257079592,308.20236608491655,7868621
2011-09-26,318.1416931152344,321.8585204030116,307.3671362884964,314.6754730911689,3952985
2011-09-27,323.7377624511719,325.28295229415704,318.7681253387013,322.8190200324041,5324327
2011-09-28,316.7635192871094,325.57527213619557,314.8424611767377,325.57527213619557,2039546
2011-09-29,313.5478210449219,318.05810022696744,312.0444040782552,314.8842042517569,4224977
2011-09-30,315.7194519042969,324.48946024778905,310.4992364513597,314.75893701234037,3532661
2011-10-03,318.1834716796875,319.8539511186925,309.91461966815206,311.62687169890194,3565880
2011-10-04,308.9541015625,319.97923746961146,305.1537856228795,316.1371489386563,5282999
2011-10-05,305.7802429199219,312.2950993391964,304.9032446489843,312.2950993391964,4972635
2011-10-07,296.3419494628906,313.9654247219582,290.82938303382025,310.0398203760014,15009037
2011-10-10,303.65032958984375,307.3671285014044,286.94559250072064,294.0033501429264,11169676
2011-10-11,313.2137756347656,317.76582813015096,306.5318868076169,306.7406931820231,6990486
2011-10-12,311.71038818359375,315.6777662401567,309.1629105777735,314.04905939507404,4115359
2011-10-13,308.9541015625,314.8007654005758,305.78020480058507,314.04905673091866,5213981
2011-10-14,320.4385986328125,321.4826588909645,306.69897944785083,306.69897944785083,4098263
2011-10-17,317.43170166015625,323.1113023731591,315.00951401219083,318.6010229004665,2744407
2011-10-18,312.4621276855469,316.93063587295524,310.16522883915525,312.8379962016715,3313805
2011-10-19,321.3573913574219,322.9025814132817,310.4993166537379,313.46440726335345,4284200
2011-10-20,325.7840881347656,327.3710221770191,317.3899477581041,318.22520150638644,2774385
2011-10-21,315.7194519042969,327.32926062177614,314.4666137709747,327.32926062177614,3257674
2011-10-24,319.8956298828125,321.3990752108923,314.9259934578572,321.06497939154644,2446054
2011-10-25,324.4477233886719,328.79094131369465,318.9769283938642,322.40140390969776,3540580
2011-10-28,327.37103271484375,341.8624156204425,324.99061743381543,333.4265023861041,4732927
2011-10-31,327.24578857421875,330.41968520837924,324.36421522147725,328.91623964752864,2421868
2011-11-01,329.54266357421875,330.75375748520605,323.0695812807451,323.0695812807451,1820597
2011-11-02,321.10675048828125,330.50317851521396,320.10449122865435,325.7840923494364,2944231
2011-11-03,328.5821533203125,329.7515030440553,319.9374612930491,320.2715571738254,3647871
2011-11-04,331.839599609375,334.51233840881855,321.6079449428322,326.5776106292191,8406519
2011-11-08,331.71429443359375,336.0157681462314,330.0438150866397,331.5890049473158,4424674
2011-11-09,330.1272888183594,336.18275798301556,328.2480033340145,330.4196403421324,3521903
2011-11-11,330.419677734375,333.17596153786167,324.8653375386934,325.74233564516413,3732083
2011-11-14,338.43792724609375,339.6907654378523,332.0065893796916,332.96710431644954,6553674
2011-11-15,335.4311218261719,341.19426899269416,334.17825513891165,338.2709228164381,6318187
2011-11-16,335.4311218261719,344.1175868868968,330.5867454491107,338.1874059125017,7013063
2011-11-17,330.46142578125,341.44478853079966,328.0392378138637,336.0992829361079,4380305
2011-11-18,332.006591796875,335.7651629636122,327.0786993195735,327.0786993195735,6292013
2011-11-21,324.4477233886719,330.5867101076447,319.8956708030534,320.730924599285,10344432
2011-11-22,316.3040771484375,324.7399600638632,311.2091519629046,323.2365432264329,7128770
2011-11-23,304.69439697265625,312.37857395200484,296.34202823144676,312.37857395200484,11163073
2011-11-24,316.3040771484375,321.1484517157606,303.35791543867805,306.53181114105473,13372340
2011-11-25,313.3390197753906,319.22745484055406,309.45515955292313,314.00721138962257,5145884
2011-11-28,323.6542663574219,325.57532477840914,315.26015315390293,315.71951025178555,6559205
2011-11-29,312.1279602050781,327.53808503823683,307.4506466750764,326.4105080304328,7609984
2011-11-30,322.4849548339844,324.9071430191646,306.740731630313,314.0490687787908,52303883
2011-12-01,316.63824462890625,330.4614073379697,313.088479772253,328.16450898426746,9331900
2011-12-02,326.24346923828125,328.9579802505119,310.95863411655813,318.47574806166966,10460760
2011-12-05,326.1599426269531,332.25718495759327,322.10904802986585,327.49632605734274,5113184
2011-12-07,315.1766052246094,326.5776095941998,314.0490563624727,326.1599685275004,8320600
2011-12-08,306.7406921386719,314.4666410936225,304.1096978916427,314.4666410936225,6636511
2011-12-09,299.59942626953125,305.613123531309,293.71101849183964,304.36028525454935,9838610
2011-12-12,285.9015808105469,303.02393188245316,284.35639082350724,301.81283779212623,8782284
2011-12-13,288.86663818359375,293.00104968480764,281.433040686203,283.6463939309614,6780262
2011-12-14,291.3305969238281,295.5067813934343,285.5674781937211,288.3237622062254,5910234
2011-12-15,281.1824035644531,285.8179720355472,277.2985435488254,282.3099803886748,10973531
2011-12-16,281.0989685058594,294.50451999602865,275.21053204037094,282.01771098237947,7910102
2011-12-19,280.9736328125,286.8202957250281,268.31979207727113,278.96905782271074,12067526
2011-12-20,269.99029541015625,283.8134586527872,266.6493367946939,283.8134586527872,8932351
2011-12-21,285.2334289550781,288.28203676315974,273.707161327679,277.29867150867847,5158308
2011-12-22,279.97137451171875,285.65097595964954,270.03204369578907,283.1452711021537,6559119
2011-12-23,276.1710510253906,282.18477706889047,273.6653459816255,280.6395871068589,3595847
2011-12-26,287.9479064941406,288.6578708952003,278.1338923528144,278.9691179709515,4068563
2011-12-27,286.56976318359375,290.62065812178736,284.1475750825643,288.24024261224383,2796709
2011-12-28,287.0708923339844,288.95017815244256,283.6464165821729,286.2356667622485,2156133
2011-12-29,284.77398681640625,293.0010659700811,280.89012578160475,286.4862387917711,5623529
2011-12-30,286.9037780761719,289.1589034566865,282.43524333074714,285.73442866519883,3812196
2012-01-02,287.9896240234375,291.4140993107272,285.8597595095486,287.7390450730862,2178980
2012-01-03,299.5577087402344,301.06112611955615,288.3655104520012,290.24479631718,2346402
2012-01-04,289.2842712402344,298.1795422778265,288.5743351675343,296.6343523594148,3242474
2012-01-05,287.6555480957031,291.33057430568766,285.7344898134449,289.8271570636077,3215175
2012-01-06,276.0875244140625,285.6509871490613,274.2082386268132,285.6509871490613,8772101
2012-01-09,267.6516418457031,275.962238056178,267.27577337116634,275.6281421728294,8372999
2012-01-10,275.9205017089844,278.46797935777084,268.15277926749735,268.15277926749735,9865514
2012-01-11,271.99481201171875,277.29857261744127,269.94849276388004,277.29857261744127,6875226
2012-01-12,272.6629943847656,275.5863398188551,270.86725413678687,273.91586075395344,4734619
2012-01-13,279.47021484375,282.72765659220806,274.3335156753227,275.62812654412176,8236860
2012-01-16,283.98046875,286.31913958570794,279.80428497011695,279.92957444300015,3766280
2012-01-17,288.19842529296875,290.2447445991978,284.2310478714232,287.9061020440926,5172743
2012-01-18,288.5325622558594,293.7527785870335,286.9038554393023,290.1612690724165,2394995
2012-01-19,284.60699462890625,287.8226360977992,280.84842253372517,283.14532141810116,4665303
2012-01-20,285.9432678222656,289.74361142109296,282.0176630340684,285.7762340484072,3440022
2012-01-23,294.12860107421875,296.1749203522115,284.0222375913917,284.0222375913917,3367453
2012-01-24,297.8872375488281,302.02164959784824,294.2121826192128,296.25853062897335,3954176
2012-01-25,300.1005859375,304.40203131765537,295.75733968634063,300.68523249054107,4730488
2012-01-27,312.879638671875,313.8819261065701,299.6828965381255,305.6548485640831,5182957
2012-01-30,298.3048400878906,312.29506664370984,296.55084372964876,310.7081040900372,2818227
2012-01-31,305.4460754394531,309.4134530275389,296.50903271957105,302.1886621339308,5104196
2012-02-01,301.7710266113281,304.6943724042648,297.80367723299935,304.6943724042648,6292396
2012-02-02,322.2760925292969,330.29436439243085,299.51588771173425,306.53187205672043,28098827
2012-02-03,323.7377624511719,334.888187217634,322.0673114053939,328.6656835387792,17943219
2012-02-06,324.9488525390625,329.08329236120704,321.7749559952038,329.08329236120704,6714609
2012-02-07,316.345947265625,326.15996059433576,312.87969901684824,325.74234781984626,6895811
2012-02-08,295.6738586425781,309.0376383178609,293.50224939470417,309.0376383178609,25849826
2012-02-09,292.4164123535156,295.63205327482257,287.6555532915344,294.6297656679817,15203006
2012-02-10,292.2911071777344,298.51361058555085,290.66240050981327,293.168105251388,9889723
2012-02-13,290.4118347167969,293.96157147743367,286.98735915917536,292.66696060183494,8476202
2012-02-14,285.9432678222656,291.4976074568447,284.8574634460429,291.4976074568447,8190882
2012-02-15,291.998779296875,294.83858011961485,287.19617579612526,288.99194467611596,11796765
2012-02-16,292.625244140625,297.9289776327814,288.9919618561725,295.256238731223,8826660
2012-02-17,291.998779296875,296.9684448776957,289.9524597198556,296.50905951006536,10426697
2012-02-21,299.7665100097656,301.10286527849223,289.1589867869947,292.3328835790691,9187206
2012-02-22,290.2030334472656,302.77333053356637,284.10579085297337,302.77333053356637,12379451
2012-02-23,282.8947448730469,287.1127024383396,278.6768155898102,284.4817076051539,12869967
2012-02-24,286.1521301269531,289.99421839966226,282.5188482327776,288.1566770172858,3965967
2012-02-27,284.77398681640625,290.2030377470496,281.8924134125874,287.90613919848363,3870487
2012-02-28,286.6949768066406,292.2492876197312,283.3122462530415,286.4861704685733,2964510
2012-02-29,292.4999084472656,294.2956488683454,286.7785347747426,286.7785347747426,5114844
2012-03-01,289.2424621582031,292.4999036660286,287.32143229132396,291.49761614685525,2324193
2012-03-02,292.6669616699219,294.21215152129207,287.4049729702453,291.41412337878984,4132978
2012-03-05,291.5394287109375,296.425549219629,288.28198675642403,290.6624305466555,3840271
2012-03-06,280.2637023925781,293.168123629617,279.26141477670654,288.99193937117775,3841064
2012-03-07,275.3358154296875,281.43305815386555,273.6653360338818,280.6395769056013,5000176
2012-03-09,283.0199890136719,283.81347025253086,276.5051335882768,279.63728595354326,5413888
2012-03-12,283.2287292480469,288.0731041659593,281.18241016667145,288.0731041659593,2884585
2012-03-13,283.18707275390625,285.9851011759475,280.8901457599196,284.1475878628119,4203990
2012-03-14,282.4770812988281,288.82487452306003,281.8088895613247,285.1915925561541,4905479
2012-03-15,277.0062255859375,282.64405324974786,275.71161498355406,282.309985736141,3429106
2012-03-16,273.5817565917969,280.0548380239546,273.12237132771264,278.13380836947846,4878841
2012-03-19,271.6189880371094,276.75568689508304,269.19680023708133,276.46336363716546,5258224
2012-03-20,269.5726013183594,272.66298035894636,267.81860546095,271.45188663444725,5366154
2012-03-21,278.008544921875,278.96905983898995,269.0297299876499,270.2408238508115,6464855
2012-03-22,270.5332336425781,278.80205782237186,269.90678614255273,278.133894292435,4048201
2012-03-23,280.6395568847656,283.98048715598316,268.1945216264069,270.6167095070133,8527858
2012-03-26,274.6676025390625,281.30774702074325,272.45422104516894,280.6395553138301,3827163
2012-03-27,282.8947448730469,283.4794198188846,275.62817963413687,278.71855990461967,5723670
2012-03-28,282.1012268066406,284.73222129754345,279.9296176932705,282.31006148174384,3519817
2012-03-29,277.4239196777344,281.09897450844954,271.4519661835921,279.47023935037214,7029001
2012-03-30,282.2264709472656,283.3122753294703,277.4656406994524,279.6789937665325,4383397
2012-04-02,284.2310791015625,286.3609438118182,282.1012143913069,283.0617576955297,2022608
2012-04-03,281.3077392578125,287.19614669518296,280.2636791388038,285.65095695084335,3901123
2012-04-04,275.7116394042969,280.6395316151061,274.8763857001639,279.72076102517406,3796571
2012-04-09,275.4193420410156,277.966819674194,273.4983118796371,275.4611146331533,2665160
2012-04-10,275.5028381347656,277.79973636995084,273.9993927523905,277.79973636995084,4930749
2012-04-11,268.9461975097656,275.6280855213167,268.3197784630083,275.6280855213167,5161454
2012-04-12,270.61676025390625,273.5400783246675,268.9880532595369,269.7815345999902,2900039
2012-04-13,270.19915771484375,274.8764724625626,267.60990718141846,271.911381683387,2257838
2012-04-16,264.8118591308594,268.9462712239126,262.68199419325526,268.9462712239126,4308696
2012-04-17,269.19683837890625,270.61673884747904,263.1831406130653,264.72833057622586,3755386
2012-04-18,268.48687744140625,272.621317687529,267.7351687463076,272.28722179170137,2092070
2012-04-19,270.3243713378906,272.120111714489,268.5286026792439,269.4473733012582,1457198
2012-04-20,270.9090576171875,274.33353337780073,267.5681270396045,269.90676995929687,2477742
2012-04-23,261.0114440917969,272.70476936696366,259.2574481287265,269.4473563732749,3988935
2012-04-24,256.71002197265625,258.67282445839646,241.34164136799978,255.66596185012799,15317269
2012-04-25,261.4291687011719,263.64252237236633,254.74725024530161,254.74725024530161,4544523
2012-04-26,257.5034484863281,264.72826686711903,255.1648060903476,263.0995321115002,6731235
2012-04-27,256.7517395019531,261.42908084926563,253.07671386825365,257.5034480051168,5027621
2012-04-30,259.341064453125,261.0532883032437,256.50123509757645,256.50123509757645,3450482
2012-05-02,265.5635681152344,267.2340476481593,256.877102826079,260.5939021105531,7512577
2012-05-03,263.0995788574219,265.14592667004507,261.51264468405304,263.0995788574219,1950314
2012-05-04,260.3850402832031,263.5171922760392,258.6728168026728,261.76319621030643,3612635
2012-05-07,263.9765319824219,265.77230051552925,257.0440650627156,258.3387040165155,3084053
2012-05-08,263.43365478515625,266.6075511736709,261.5126248867088,264.77003816601484,2742403
2012-05-09,258.4222717285156,261.5961684405277,257.29469460073244,261.3455894605644,2045925
2012-05-10,259.0069274902344,262.8907599830378,257.54525459095845,258.63105904800346,3164471
2012-05-11,256.584716796875,261.0114511245366,255.58242932210803,256.5011716291089,1971879
2012-05-14,257.0440673828125,258.9233528157593,252.2414647664188,257.25290201495915,2241859
2012-05-15,254.03733825683594,257.8376549934066,243.9309709832994,253.9955656567413,8060721
2012-05-16,248.52467346191406,254.58014263099153,246.68716056020872,250.5709927195827,4051033
2012-05-17,249.4851837158203,255.5824253555127,248.35763507099824,250.94685646242647,2934167
2012-05-18,247.6894989013672,249.69404598666011,244.4320568589164,247.18834091850405,3078743
2012-05-21,246.18601989746094,253.07674325434678,244.51556893293042,248.39940136392312,2227203
2012-05-22,246.5200653076172,250.3204083512746,245.43426109001322,250.3204083512746,2618788
2012-05-23,235.6203155517578,247.60595269051638,233.94983608588907,246.43663120543482,5562593
2012-05-24,248.73350524902344,251.90740177903896,234.3256813811561,234.3256813811561,4201709
2012-05-25,249.77752685546875,253.0349397771,248.06527523098623,251.40623331628436,3265783
2012-05-28,252.5338592529297,254.32959982575937,250.57102832031362,250.7798629879952,2315698
2012-05-29,250.57102966308594,254.24608429038398,249.73580411608944,253.07676286817858,2888729
2012-05-30,252.45030212402344,256.4176798273149,249.90282474504104,251.32275335140014,3960239
2012-05-31,252.70086669921875,257.1693737934607,250.57100219300239,251.7820960726061,6266388
2012-06-01,251.281005859375,254.45490268258166,249.86110539325762,250.6545866695725,3502027
2012-06-04,246.01901245117188,251.28100142967898,242.7198261917537,250.5710370681094,20886524
2012-06-05,239.88003540039062,248.69178999331663,238.3348454021414,248.06534250615235,10476966
2012-06-06,248.31585693359375,250.15336976002467,238.29301084770893,243.0538691019646,9941772
2012-06-07,251.8238525390625,252.6590779410309,246.10247934584854,250.5709861540633,3087966
2012-06-08,254.12078857421875,257.2529408627995,248.06531866074005,248.06531866074005,3644528
2012-06-11,253.95375061035156,257.7958388769615,252.15798181935273,257.7958388769615,2115165
2012-06-12,257.8793029785156,258.8398177780179,251.40622173327418,251.40622173327418,1650770
2012-06-13,256.6682434082031,261.7631978608134,255.9165348441562,258.92336910034396,2865283
2012-06-14,255.54074096679688,257.50354397940566,253.70322746508648,254.91432169436175,2676816
2012-06-15,260.3432312011719,261.1367122344455,253.07669729184664,253.53605425443683,2429484
2012-06-18,258.2552185058594,262.89078838391913,256.4177052478903,262.26436919457683,2093745
2012-06-19,263.0578308105469,263.93482892290433,257.5034905775826,257.5034905775826,2559497
2012-06-20,259.21575927734375,264.68655468651735,258.08818212215454,263.80955651738185,2673145
2012-06-21,260.3015441894531,262.2643467739035,258.1299352264059,259.17396711938994,2361473
2012-06-22,259.6751403808594,260.9279787263884,255.58247289828316,259.0069486170897,1940490
2012-06-25,257.96282958984375,262.68191516968915,256.75173582928,261.80491721486874,2068218
2012-06-26,255.58242797851562,259.34099891862115,253.7449150921263,258.29693886545977,2258635
2012-06-27,254.62193298339844,257.2529271905925,252.99319804195025,257.0023482331314,3589018
2012-06-28,253.57791137695312,256.1671333906234,252.53387936565179,255.33190778158232,2628799
2012-06-29,254.7889404296875,257.12761113279674,252.65907607552862,253.91194245127733,5579822
2012-07-02,259.0904235839844,260.1762279538627,254.74717782242377,254.78895040666814,2734478
2012-07-03,266.18994140625,269.4473830039325,260.5938571480332,260.92795299697366,6949954
2012-07-04,273.0806884765625,273.9576866209557,266.1899645288571,267.27576906172,5072314
2012-07-05,270.7002258300781,274.2499907501906,269.78148344140243,272.2871882100495,3040875
2012-07-06,268.3615417480469,271.7442727167498,266.6910908385226,270.7837295053152,2057780
2012-07-09,264.5612487792969,267.6516284753811,261.9720270242268,267.6516284753811,1519925
2012-07-10,268.44512939453125,271.3684472307961,263.9765933147734,265.43826637393227,2490482
2012-07-11,263.72601318359375,267.6516182554055,262.8490151023571,266.4405243202668,2591870
2012-07-12,255.8330841064453,264.1019087310934,255.20663657271766,263.0161040487064,3852007
2012-07-13,257.21112060546875,258.79808275022543,256.0000268472215,257.62873329133765,2767466
2012-07-16,266.8998718261719,268.9044466654702,258.9233450505646,261.846690428386,6441229
2012-07-17,270.7419738769531,274.62580601759856,267.31749874798334,269.9484927588905,6572092
2012-07-18,271.1178283691406,272.4959843233357,263.099556442161,270.9925671751672,4247618
2012-07-19,264.3941955566406,272.99714319959446,263.30839102415933,272.37072403440567,3350900
2012-07-20,262.8072509765625,266.77462876361994,261.7214464869332,264.7700535756655,5293352
2012-07-23,254.12078857421875,263.8513130249314,250.52927921527828,263.8513130249314,3707009
2012-07-24,257.7122802734375,258.6728235015843,251.15568114974297,255.91653985804572,2961184
2012-07-25,251.15570068359375,258.83987741411767,249.35993184648555,258.83987741411767,3489272
2012-07-26,250.98867797851562,254.2878642358637,248.9005857685745,252.95148069637298,4312792
2012-07-27,256.7935485839844,260.59386422205216,254.7889734359255,256.41768013795456,4378451
2012-07-30,258.21343994140625,262.09727233856563,257.2529249887587,258.92337593873737,3053459
2012-07-31,250.61280822753906,259.84217518289336,249.31819728601204,259.75865828261306,8820008
2012-08-01,248.48289489746094,253.20198064915735,246.85418839091827,251.40624037468316,4767852
2012-08-02,249.10935974121094,251.8238707762407,247.31359105847272,249.73577883805274,3613842
2012-08-03,247.64768981933594,249.98636073665025,245.39256407489106,248.900556309838,3347571
2012-08-06,247.39712524414062,251.74034270731804,245.97719676974305,249.31815503530063,3396186
2012-08-07,245.39251708984375,249.2346331593371,244.84961491781584,248.90053733947016,4931355
2012-08-08,229.14720153808594,245.60137256950108,227.51848074274082,245.60137256950108,37089348
2012-08-09,214.44705200195312,230.44183959850616,212.4007323658478,230.23303320392722,37229419
2012-08-10,213.48651123046875,220.2519309311633,211.23137133023724,215.57460320694148,13379337
2012-08-13,217.2032928466797,218.74848248517478,214.65582988515345,214.65582988515345,7545768
2012-08-14,217.8297119140625,219.9595763105139,216.61863223789737,218.83201351917802,4964990
2012-08-16,217.99745178222656,220.30319137174538,217.78784167326236,219.17128826606495,7206557
2012-08-17,219.92587280273438,221.9381780827968,217.32668477830217,217.99744847317092,9890407
2012-08-21,216.78167724609375,221.26741297576396,214.2663417973015,218.41666729076562,15559811
2012-08-22,208.48101806640625,214.5597964430619,207.93602610097597,214.2244145881115,12333644
2012-08-23,208.77447509765625,211.0802146415512,204.20491519173842,207.13949924553933,10399188
2012-08-24,207.89405822753906,210.0321064055078,205.00140815039387,207.93597740072593,6921485
2012-08-27,208.9002227783203,212.7990330038016,207.7683197484891,209.61291981377067,6584318
2012-08-28,208.60679626464844,209.6129418606273,205.75606460483192,208.77448719731157,4620671
2012-08-29,203.15684509277344,209.44523324349714,201.06071570919886,208.56485947021406,6701956
2012-08-30,203.6179962158203,204.4564507982457,199.92881024860412,201.22840420477183,10284093
2012-08-31,207.76832580566406,208.69063296292106,201.35418005871483,201.39609923982945,6760809
2012-09-03,206.97181701660156,209.10985138526553,205.00144517551334,206.76219272190082,5546369
2012-09-04,209.40330505371094,209.82252523420772,202.3183817960385,205.63026664741943,8178551
2012-09-05,216.19476318359375,216.9912843564763,207.51678346611,207.558702644587,6808889
2012-09-06,211.37367248535156,216.27859960044353,206.34294524959225,215.565916790908,15648001
2012-09-07,214.64364624023438,215.39824830642638,212.88289862214876,213.72135324872673,6097758
2012-09-10,218.8778076171875,219.46473294668908,213.09250624977454,213.09250624977454,4420962
2012-09-11,219.33895874023438,219.92586982969928,214.43401734873052,217.15897690209096,3955135
2012-09-12,218.62628173828125,219.92587568363697,216.3624614822943,218.1232089930113,6122223
2012-09-13,212.58941650390625,217.99743060622774,210.40944886970783,217.4943578763077,6689510
2012-09-14,213.88902282714844,217.87165706386406,212.63133391507517,216.739754077544,7590436
2012-09-17,221.98011779785156,224.70507781599238,215.3563469915131,218.1651595769969,9452826
2012-09-18,224.8727569580078,227.22041564038696,222.6508558189208,223.02815683970888,9405233
2012-09-20,224.9146728515625,228.60385883878024,222.3154707296795,223.02815357974114,7192292
2012-09-21,234.1376190185547,235.14376447262816,227.0107908741715,227.2204009615731,11562728
2012-09-24,233.9280242919922,237.2818284970091,228.89731088673886,234.76647889211037,10168554
2012-09-25,231.07730102539062,234.7664872010234,229.44231094843022,234.26341442314762,4482301
2012-09-26,222.35740661621094,231.0353874013055,219.67436593177777,229.73577914499467,9012463
2012-09-27,219.1712646484375,226.21426905323273,217.9974424105181,223.36353762477736,5964535
2012-09-28,222.5670166015625,223.86661057877873,219.8420427134095,222.06392964850357,5781818
2012-10-01,222.23162841796875,224.3696770667161,220.17741813405559,222.31548097825922,2748599
2012-10-03,222.4412384033203,225.96274782900403,221.64471715600789,223.44738395351567,3448153
2012-10-04,226.17233276367188,229.1907548828542,224.2858136158874,224.2858136158874,3896945
2012-10-05,222.8185272216797,227.8492259854805,180.93786206440114,227.4719249977409,3215936
2012-10-08,226.75926208496094,231.91573270587875,223.02814290046047,223.90851662576134,6777685
2012-10-09,222.4412384033203,228.68770761646275,221.56086459576346,228.5200166914302,4605682
2012-10-10,219.71624755859375,223.44736680536462,219.00357892621847,221.77047187918626,3166031
2012-10-11,224.11813354492188,225.92081453858356,219.6743595184801,220.51279994851106,3026901
2012-10-12,218.29090881347656,225.54350924721967,216.4882278538535,223.8666142233649,3950912
2012-10-15,221.3931427001953,221.77045787532842,215.06283600780702,218.45857321582488,4836463
2012-10-16,224.41162109375,226.13044971770537,218.0813128115135,218.0813128115135,5531155
2012-10-17,226.8430938720703,228.0588636524251,223.11198875759914,225.75311002228622,5558825
2012-10-18,222.9442901611328,226.2142557932751,220.68046998433508,224.9565810718219,5613056
2012-10-19,223.95046997070312,224.66313865473728,219.00359480102986,220.51279892444185,4471993
2012-10-22,227.97499084472656,228.4361585930482,222.02199900896423,223.02814447224307,3479900
2012-10-23,227.38807678222656,230.32264620203483,226.42385057052374,228.0169070027052,2610262
2012-10-25,226.08851623535156,229.44232070163164,225.12430401669488,227.6396538175407,3685328
2012-10-29,226.21424865722656,227.22040833942498,223.1119880329519,223.57314159657298,3389531
2012-10-30,226.54966735839844,230.15500086101758,225.37581671779733,227.0108067438278,2160230
2012-10-31,226.08851623535156,229.10693883545795,223.86662911627198,226.38197891711778,2174299
2012-11-01,235.7306671142578,236.35951154939676,225.71117469710364,227.0527019211577,4457307
2012-11-02,230.5322723388672,238.12025358987805,230.15497136443216,237.32373246506052,3185959
2012-11-05,229.31651306152344,232.67031679527196,227.26230312875046,230.99340783067078,1504611
2012-11-06,229.52613830566406,231.9576493673397,226.88501715842082,229.23267566859656,2133681
2012-11-07,227.30422973632812,235.56296000603666,225.8369308870961,227.22037719286604,13581248
2012-11-08,232.2930450439453,233.00574213368427,224.4535332068385,224.70506250080902,7712289
2012-11-09,231.24496459960938,234.34723945561666,230.53229594915186,231.3288171555462,2626268
2012-11-12,234.76646423339844,237.28181368123987,228.64576732789294,229.4003693231544,3828795
2012-11-15,243.40252685546875,248.22361598530964,239.12642966923826,239.16836304602054,11744545
2012-11-16,252.7093505859375,254.84741360558613,244.95369079774107,244.95369079774107,13159619
2012-11-19,259.5007629394531,260.75845177070573,254.5119693763921,254.63774109860816,9327675
2012-11-20,259.0815734863281,262.0161432523683,256.1470037202879,260.7584826630274,8426669
2012-11-21,257.739990234375,260.087662572482,254.47003934233342,259.0815172847218,5267416
2012-11-22,258.0754089355469,261.219616958694,255.85350798925023,257.6561887700364,5838235
2012-11-23,256.1051025390625,261.596955941082,254.38628816119447,259.87814156321394,4043569
2012-11-26,260.1296081542969,261.1776869725732,257.153105193302,258.2011840115783,4285590
2012-11-27,273.922119140625,277.98863399617983,260.33922760547625,262.01610816671905,12978506
2012-11-29,276.9825439453125,278.65942484147087,272.91605666848477,273.33527689252435,10961665
2012-11-30,282.5581970214844,285.6604716836356,272.32909434554614,279.7493991890454,11038178
2012-12-03,277.6532897949219,285.07356677753194,276.9825261232526,282.9774374012934,4346318
2012-12-04,278.7432556152344,279.79130604003745,274.71867384580764,276.68903135716505,5032537
2012-12-05,277.0244445800781,279.4559559103954,273.8383311801646,276.6890627279339,4389614
2012-12-06,272.2452697753906,280.3782436366255,269.26876669084294,280.3782436366255,5776097
2012-12-07,270.3587646484375,276.6890579610951,268.51415029796726,272.4129607131103,5173212
2012-12-10,266.5438232421875,273.3352993142033,264.6153986970516,272.9160790557751,3677246
2012-12-11,263.4415283203125,269.1429909348481,261.59691409368367,266.7114798096649,6083673
2012-12-12,261.5130920410156,266.208409476759,257.99159686648005,266.208409476759,6887188
2012-12-13,266.4599914550781,268.30457767230627,260.2135356337169,261.17774793011836,6986904
2012-12-14,261.9742126464844,267.67567489875387,258.62039462108555,266.6695294911342,4032024
2012-12-17,251.99664306640625,260.842313889498,251.15820269644556,259.0815663998521,7937945
2012-12-18,262.7707824707031,263.5253845277485,251.53550480619916,251.61937156102485,7377327
2012-12-19,264.9926452636719,267.3403181010331,262.6869058021409,262.6869058021409,5210100
2012-12-20,265.70538330078125,266.9630724697052,259.3750608556928,262.5192695825449,3384499
2012-12-21,257.6981201171875,263.98650772313954,256.4823646122186,263.3157441072319,3786915
2012-12-24,258.7461242675781,261.1357014777544,254.38618993449802,257.153053866858,2180920
2012-12-26,266.12457275390625,267.3403283997962,258.8300388785667,259.0815823614163,3520174
2012-12-27,267.1726379394531,269.60414910625593,264.95073686728045,266.66955099961206,3829434
2012-12-28,267.50799560546875,271.239100378318,263.1899655861246,265.57954316179024,4906816
2012-12-31,265.873046875,269.0591888262889,264.65729114861267,267.4661178506444,1901073
2013-01-01,270.06524658203125,270.819876914398,266.20837013275775,267.0887437962777,1907995
2013-01-02,269.18487548828125,273.5867438479034,268.30450181635683,270.2329542548575,3117675
2013-01-03,275.0121154785156,275.7667173659738,267.7175832482433,270.81985753405377,4080508
2013-01-04,274.1737060546875,276.52137895994946,273.1256555377298,274.2994777949048,3642504
2013-01-07,274.00604248046875,277.65330955818973,272.7483534088392,276.3956204865602,3678613
2013-01-08,276.94061279296875,278.99480894182506,272.2452951423343,274.0060428101864,3582034
2013-01-09,279.833251953125,282.1389913819249,277.77902760300293,278.32404791741516,5683351
2013-01-10,276.7309875488281,280.00093921293444,274.0479328146413,279.66555737116107,2808174
2013-01-11,272.6645202636719,277.5694481160475,271.5745362964773,276.5213975287119,3081315
2013-01-14,275.59906005859375,276.68904390618815,271.07141955809567,273.7544741927348,3629642
2013-01-15,289.4335632324219,293.96120433052755,273.5868051935947,275.4314196938369,10145407
2013-01-16,287.50506591796875,292.284249780218,285.7443184514943,289.26581338444316,4544189
2013-01-17,296.3927307128906,299.32730096117035,283.6482472665798,285.99592049975314,8244694
2013-01-18,292.4938659667969,296.3088094267082,289.4754295081047,295.0511488621028,5941208
2013-01-21,298.111572265625,301.00423778496224,289.09822217758085,291.1524186990814,5710906
2013-01-22,294.841552734375,297.5665124776762,292.61965156256326,297.3569023736463,5712140
2013-01-23,308.0052185058594,309.0113640144315,293.6676946928022,294.29655337997934,9453028
2013-01-24,303.4356384277344,309.89170255172917,301.5071859911698,309.3467106787473,5379301
2013-01-25,302.2618408203125,310.7302256051264,299.49497599089557,301.84262059712285,5253508
2013-01-28,299.62066650390625,304.1902399471558,298.0695292389332,299.99798167278135,3187540
2013-01-29,293.0388488769531,304.8610224879236,292.03270342166735,299.6206851238406,4969870
2013-01-30,288.9304504394531,295.93153577935425,287.21163623499336,295.721925675928,3826717
2013-01-31,284.7381591796875,291.3200235635764,282.89357344494374,287.71466205682555,4743578
2013-02-01,276.18603515625,290.7751047762624,273.9222003023576,282.09710902422955,17723635
2013-02-04,277.56939697265625,280.6297665838001,274.8444375567556,278.3659323068145,4477981
2013-02-05,272.2871398925781,279.372062375699,270.69409770266594,276.31172132354874,6984046
2013-02-06,273.8382873535156,277.40171541337224,272.035635028796,274.55098432185025,4258648
2013-02-07,268.388427734375,274.0898911732678,265.0765423915946,273.838347671283,3664561
2013-02-08,269.81378173828125,272.66451333246437,265.99880955916393,268.13687245025784,4097563
2013-02-11,265.118408203125,269.1429900764868,263.8188142864433,268.388388072959,2525668
2013-02-12,270.23297119140625,271.2391166496515,263.31575310574374,263.31575310574374,2750476
2013-02-13,273.2933044433594,276.98250434750355,270.7360216950322,271.2391086046882,3380578
2013-02-14,261.3453674316406,273.75446637139993,260.0877069007688,273.67062801419047,4873234
2013-02-15,265.49578857421875,266.8373161946574,257.11126933739445,261.345433949622,3411604
2013-02-18,263.02227783203125,266.20839093994806,261.5969121887766,264.9507304028523,2790086
2013-02-19,257.8658142089844,264.1122688634379,255.39236965972137,264.0703638789369,5057227
2013-02-20,254.8893280029297,261.0938780841084,254.09279255368673,261.01001132772603,8055927
2013-02-21,248.34934997558594,258.0753935104714,244.40863522986768,253.9669736740271,8843988
2013-02-22,259.6265869140625,261.0100193550525,248.3074987183437,249.27171092818,7111174
2013-02-25,257.4046936035156,261.4292760856106,256.14703287104686,257.82391384767186,4017917
2013-02-26,261.4292907714844,281.3844423889059,253.71553563839424,261.51312914684235,11939183
2013-02-27,269.7718811035156,272.4130029061307,264.4057991214366,265.78923170765165,10651675
2013-02-28,270.73602294921875,274.84444303650247,265.99877261286105,273.6706208933825,10650518
2013-03-01,260.84234619140625,273.58680038214163,258.159291249814,271.19722231910725,8427935
2013-03-04,264.9926452636719,266.753392793965,257.6142733085906,260.758481550349,4000021
2013-03-05,270.06524658203125,271.61638383593856,259.5846009708633,264.9507096939624,6147752
2013-03-06,268.68182373046875,274.13177099346916,267.34029650321276,271.0294963781668,5266181
2013-03-07,268.5141296386719,269.3945033687838,265.11840644979895,267.466079193734,5579844
2013-03-08,270.73602294921875,273.29330570939254,268.72376047400013,270.8617946772154,3345446
2013-03-11,269.4364318847656,273.71252872664854,267.46607437108156,270.90373087213203,4047760
2013-03-12,263.7349548339844,269.14296854944257,263.1899629644209,269.14296854944257,2719091
2013-03-13,266.04071044921875,268.59799325229636,260.6746297737598,262.60305392630374,4611608
2013-03-14,263.7768859863281,266.1664921661973,259.0815687679916,264.6153547548634,5960918
2013-03-15,260.1715393066406,265.9987734494167,257.5723515562331,261.848448367021,6735913
2013-03-18,257.8238830566406,260.2134892665949,252.49973548805485,255.7277536952784,5817743
2013-03-19,246.00173950195312,261.513085558074,238.12028054090544,259.92001473722314,17744473
2013-03-20,234.80838012695312,249.35551309421348,231.07727518591366,243.98943245449587,23077903
2013-03-21,249.77474975585938,254.55393382907948,238.95872101551117,238.95872101551117,12231265
2013-03-22,246.5467071533203,251.32586236331994,242.1867437089512,251.32586236331994,7059864
2013-03-25,241.9771270751953,249.43933651033768,241.13868678483158,249.02011636515581,5721358
2013-03-26,248.936279296875,249.85858633375332,239.33600732457143,240.55176278640738,7365237
2013-03-28,244.6183319091797,248.9363633446846,242.10298178496913,248.6429148206506,4956778
2013-04-01,246.2113037109375,247.25938252193572,241.47408174304476,241.47408174304476,1611104
2013-04-02,244.66018676757812,247.34321278982256,243.4024979136856,246.5047724811665,3001840
2013-04-03,235.43722534179688,245.5824755766542,234.4310798952895,243.52827970102018,6268041
2013-04-04,229.40040588378906,238.58145980300304,228.1008117742213,235.60495633064733,7232391
2013-04-05,226.591552734375,234.4310777582344,223.48927806698484,228.89729204834433,4795154
2013-04-08,235.26956176757812,238.45567518955812,226.25619927082647,226.3819710151157,4399187
2013-04-09,232.2510986328125,236.8625915089319,229.7357492061691,236.44335714085474,4871185
2013-04-10,236.14990234375,237.23988611960195,230.07112483156888,234.0118539690894,3875709
2013-04-11,230.7418975830078,235.81452987428992,227.76539457234568,235.31145714348654,4592096
2013-04-12,229.31651306152344,233.42491873161558,227.2203839534989,228.8972787226462,2235706
2013-04-15,234.4730224609375,237.95259849725556,227.0946501748355,227.22042191705776,3361243
2013-04-16,238.958740234375,239.75527570912698,233.42496787701583,236.2757137170352,3446789
2013-04-17,239.839111328125,241.89333586530267,237.70107681466718,238.9587374953098,3440184
2013-04-18,251.24203491210938,253.21239244606798,238.539487594151,238.95870776888094,6751606
2013-04-22,252.16433715820312,255.7277369657662,250.69703818396582,252.37394724153572,3617448
2013-04-23,251.07435607910156,258.0334790590558,248.60091164361907,252.12240650707915,6475297
2013-04-25,254.76353454589844,259.75232853438115,250.3197324728878,253.21239715780644,5591278
2013-04-26,267.0049133300781,269.1429758864401,259.1653884779625,260.7584591499042,7871847
2013-04-29,266.79534912109375,271.78414368306,262.3934799166864,268.89147866561694,3679145
2013-04-30,267.2564697265625,271.7002717616226,263.1899828871039,271.65833838736353,3790188
2013-05-02,265.57958984375,272.3291319966558,254.13473006629553,258.2431507320964,13188695
2013-05-03,266.37603759765625,277.94666531101535,265.03451060638497,273.3351875716982,8632202
2013-05-06,268.7237548828125,271.11333249230245,266.7114640585533,270.0233487268892,5561415
2013-05-07,277.69525146484375,279.03677908202263,267.38230759188616,270.19110619830195,6640496
2013-05-08,271.8260803222656,277.52757265305615,270.6941912457051,277.52757265305615,4053323
2013-05-09,272.4967041015625,274.8443762078733,269.9813553259664,269.9813553259664,3679327
2013-05-10,271.867919921875,274.17365905483564,270.52639277740906,272.4967501242532,2559143
2013-05-13,261.3872985839844,272.3290984204811,260.08770469009903,269.8975873457041,3260879
2013-05-14,265.998779296875,267.3822399486924,261.6807490180632,263.69303993475586,2737174
2013-05-15,270.5264587402344,272.16143469962043,264.3638417597487,264.3638417597487,3669284
2013-05-16,269.5622253417969,274.8864014297785,268.76568991925654,269.2687768770343,2848840
2013-05-17,264.57342529296875,271.2391286009558,262.1419140927999,270.3168214591982,2969012
2013-05-20,258.0754089355469,268.13683486234476,257.2369686045259,268.0529965074245,4133045
2013-05-21,255.26666259765625,260.75851601165675,253.84129671289844,257.40469722933545,3532737
2013-05-22,261.63885498046875,263.1899924114466,256.5662224934139,257.1531194088193,4259201
2013-05-23,252.5544891357422,259.7883381213373,251.58714860586255,259.28366224320706,7114423
2013-05-24,251.08242797851562,256.29754403993735,247.8440038509377,256.29754403993735,3215243
2013-05-27,260.0406188964844,261.5126349002908,252.34410737253853,252.34410737253853,3515446
2013-05-28,264.7931213378906,266.9800972022509,260.7556011432114,261.2603054086373,2858211
2013-05-29,264.96136474609375,265.97074490006366,260.4191682943216,265.76046092825976,2289709
2013-05-30,265.2978515625,268.4101002306795,257.64343446648786,257.64343446648786,2848487
2013-05-31,253.98435974121094,266.2651061663313,249.82066396966997,264.12017025479935,3290263
2013-06-03,255.2040252685547,259.4518004593724,250.99828977373429,254.27875320610983,1784790
2013-06-04,255.8769989013672,259.49395195612937,254.4891188442568,256.760231551404,1453418
2013-06-05,254.4049835205078,257.3910557890862,252.42829140383853,257.1387036305627,4573757
2013-06-06,248.22254943847656,254.3629096219856,245.86732913690528,253.984409874884,6559786
2013-06-07,242.50270080566406,249.73657665855455,241.15688927036024,246.54022085811857,4529987
2013-06-10,238.67552185058594,245.11030240584978,236.36236972346651,244.35327442561598,4940861
2013-06-11,234.42774963378906,238.2129040674488,230.68463490759936,236.82500983611223,9030024
2013-06-12,233.628662109375,236.95119475043123,230.97904963477478,232.36694391781685,5786891
2013-06-13,241.998046875,242.96535879402717,231.48370639244663,231.48370639244663,5118975
2013-06-14,243.4700469970703,245.9093749671028,241.4933266223074,243.9326545923399,2862901
2013-06-17,248.97959899902344,252.34417123933162,243.47009023785137,243.47009023785137,4389186
2013-06-18,245.57296752929688,253.56384469296557,243.63831492272425,251.58715237719454,3783624
2013-06-19,251.96566772460938,253.8161838534586,245.61499463585423,245.61499463585423,3808832
2013-06-20,242.92335510253906,248.1384436906601,241.0728103961087,248.1384436906601,7898653
2013-06-21,245.57296752929688,248.6010798078449,240.4419583608192,242.92335504447342,6272944
2013-06-24,238.42320251464844,244.77386143298975,236.867078246515,243.0915610779554,5307277
2013-06-25,248.39076232910156,249.94688644997674,235.64739174973977,239.3063697537718,4755952
2013-06-26,233.5865936279297,247.29729132270646,232.53515949352484,246.45615540805696,10110244
2013-06-27,236.152099609375,240.48401225936817,233.83893310546375,240.48401225936817,6356748
2013-06-28,245.4047088623047,247.38140106221803,236.61472171171667,237.41381792590334,4512772
2013-07-01,249.10577392578125,253.18533448143256,244.90003728335088,245.40471314828042,3514414
2013-07-02,254.74142456054688,257.09661625705553,245.61496416948177,248.01225253218269,5586795
2013-07-03,247.75991821289062,257.93779911441953,237.87642917405404,254.02645459660923,4859432
2013-07-04,253.3114471435547,255.37227547302498,246.54023543867422,246.54023543867422,3413730
2013-07-05,248.8533477783203,257.4751024841895,246.28784406226333,256.21337047364693,2146899
2013-07-08,246.9608154296875,258.8209962626606,244.01681143494534,246.62435538895832,5044558
2013-07-09,245.320556640625,249.8206842723769,244.01678480589644,247.801924248305,2830695
2013-07-10,244.0167999267578,247.2972638075177,243.21770380743956,247.2972638075177,3123772
2013-07-11,252.3861846923828,253.185280750943,246.4561092475435,246.4561092475435,2979503
2013-07-12,256.97052001953125,258.1901842955192,249.6525343636034,253.18535109650807,3779448
2013-07-15,264.49871826171875,265.9286661493407,254.06848668432724,255.79282639281288,3822989
2013-07-16,270.0924377441406,272.15323824801214,259.32574201935705,260.755690457548,4192610
2013-07-17,265.8446044921875,275.43370300049673,262.52207172036407,273.3728742287953,6912776
2013-07-18,272.2372741699219,273.37283037361385,264.7510738271494,264.7510738271494,3838679
2013-07-19,277.4524230957031,280.8590632740275,267.8212862820008,272.2793463070122,6293753
2013-07-22,282.7095642089844,283.7189442972572,274.2560237710636,276.6533121615304,3923614
2013-07-23,277.6627197265625,283.8030802684604,276.6112713497444,283.00398405922846,3129509
2013-07-24,283.8030700683594,285.14891027086674,275.05513723424644,275.05513723424644,4830763
2013-07-25,283.5507507324219,286.6629706456286,280.27025806804846,283.46661435683853,5327831
2013-07-26,283.6348876953125,285.94804013503375,278.46181024728173,284.2236714916274,2934628
2013-07-29,280.9432373046875,291.7099328732437,278.84036863407374,283.4666740129858,5566137
2013-07-30,270.0924377441406,280.8170652716688,266.81197282397164,279.6815087676904,3557068
2013-07-31,289.7751770019531,292.7192091834446,263.53138190520554,264.12019403794005,15423344
2013-08-01,288.72381591796875,297.76614127855146,285.3592151650051,292.50895616231907,14825967
2013-08-02,290.40606689453125,293.8968434845664,285.23301853137406,288.6817269342072,7003400
2013-08-05,282.9198303222656,291.37337022698927,281.78427423430963,289.48078624112304,3784135
2013-08-06,271.6064758300781,284.22368718837697,267.52691481173474,284.22368718837697,5974287
2013-08-07,274.42425537109375,279.6814110459451,269.58766759308145,273.37280714681435,4690771
2013-08-08,283.718994140625,286.07421476035694,272.5317317996333,274.97106032095155,4966485
2013-08-12,287.5041198730469,289.7331640648138,280.05995933269367,287.84057991109063,5109950
2013-08-13,291.3733825683594,293.9388581971121,280.60669033202925,284.307750579018,4174860
2013-08-14,288.765869140625,295.91563895474434,286.9994607831957,291.0369818757132,3284156
2013-08-16,282.3310241699219,292.71921646247944,279.092628564806,291.70983641648337,9362242
2013-08-19,267.14837646484375,281.74227817716417,258.9051192280748,281.7002099888044,8009204
2013-08-20,267.86334228515625,272.32143106361224,253.47972422842682,261.59680556392357,7301715
2013-08-21,251.29275512695312,272.99435891078537,247.71787036534568,272.5317227441509,5402958
2013-08-22,263.2790832519531,266.6436551587883,248.8113300613548,250.66187451640727,5759879
2013-08-23,259.87255859375,264.07826822490676,255.33033180984387,263.279200199483,6355217
2013-08-26,258.2742614746094,266.2230981780745,256.54989302351026,259.99860144352334,2872961
2013-08-27,247.21316528320312,258.0219274351175,244.85797323082312,256.54991104073963,6931145
2013-08-28,242.08216857910156,246.45614928020836,234.84830590176395,246.45614928020836,4976641
2013-08-29,251.7974395751953,253.10121159103448,243.93268232862724,246.7926070010997,9465005
2013-08-30,251.58718872070312,254.19473309561806,244.01685082340782,254.02648880700394,6036400
2013-09-02,252.59652709960938,255.54055989529448,248.22257457873397,255.54055989529448,2835899
2013-09-03,239.72695922851562,258.9892341171893,238.04467312257017,257.3910701491424,5196862
2013-09-04,249.9889678955078,251.6712396983901,235.9417961179237,239.8951946672866,3793874
2013-09-05,249.14781188964844,259.9144758809197,247.29726748430664,254.86760391514775,8318190
2013-09-06,263.9099426269531,267.3165828160616,251.1244892683468,254.82554980120736,10362269
2013-09-10,284.6022033691406,295.57918191009526,270.51297607450766,272.5317366415728,13540881
2013-09-11,281.8684997558594,290.06966164581513,276.9477741396956,284.85457259236335,6307373
2013-09-12,276.4010009765625,285.90596261353363,272.99436047520334,284.9806902749624,3496522
2013-09-13,274.0036926269531,279.47113235304033,266.13896457587475,271.7746485531705,5393254
2013-09-16,282.41510009765625,285.7376313572093,275.0550495181612,276.7373492348037,3984483
2013-09-17,283.718994140625,286.66299855364883,277.8309568323891,283.2142897667312,3677563
2013-09-18,283.9713439941406,286.2424282114364,280.5646749449151,285.99007602656314,2487066
2013-09-19,298.0184326171875,301.76156122928404,288.55554031042794,290.19577231859574,9473616
2013-09-20,289.52288818359375,298.0184980965815,286.91534392108014,298.0184980965815,11382598
2013-09-23,281.9105224609375,286.24243549460664,277.6206776198802,285.9059754002773,5865483
2013-09-24,277.8309020996094,282.625450296132,276.40095412559083,281.7001781143978,6043060
2013-09-25,282.62542724609375,285.06475508791965,273.4569279902523,277.57852732394696,3677757
2013-09-26,281.5740966796875,285.31719788387363,276.9057229827934,283.88724942926535,5735740
2013-09-27,273.62518310546875,284.7283360491156,272.15316685616506,284.7283360491156,5590554
2013-09-30,268.0315246582031,271.35408521530417,262.4799769541704,270.6811651635094,6173039
2013-10-01,271.3540954589844,272.7840435024834,259.91448262880783,268.57830726108995,4654219
2013-10-03,272.7840576171875,274.04576146557974,261.59679635764206,270.68118938768174,6084930
2013-10-04,276.1907043457031,279.42912890028856,267.7371630420487,267.7371630420487,4172051
2013-10-07,271.90087890625,273.9616791402644,268.6624541252091,271.90087890625,2690157
2013-10-08,279.3450012207031,281.4478695648929,271.69058437288913,278.5879731739447,4468155
2013-10-09,281.0693359375,281.8263638931005,271.8166992479135,280.69080771860797,5809880
2013-10-10,280.0178527832031,282.8777484736624,276.8214971007969,278.62997311778435,3673190
2013-10-11,281.4058532714844,283.9713579916538,279.05063255501204,282.3310971913137,2296597
2013-10-14,280.1861572265625,284.72835385278216,279.26088492934116,283.3825135958006,1859046
2013-10-15,285.2330627441406,289.35469188797276,280.9432177897958,282.6255183058691,4620627
2013-10-17,293.2659606933594,294.4014883242266,285.5694485164707,286.83118069565666,6505452
2013-10-18,300.0792541503906,301.9718382647556,293.3500820116392,294.4015018072957,5157142
2013-10-21,296.8828125,302.43438717056284,294.40141692618744,298.22865223615764,2595830
2013-10-22,296.2099914550781,299.36427946714485,293.9809472086733,294.82211156549306,3184462
2013-10-23,292.59307861328125,298.5231551156057,290.6163864458398,295.87354282960723,2669052
2013-10-24,294.1070861816406,300.12129806951793,292.5930304054372,293.5603422356682,3339071
2013-10-25,288.9340515136719,293.64446329672757,287.6723193220804,292.8874353746456,2612230
2013-10-28,285.4853515625,292.97155159430434,283.55069927797376,289.35462764936943,2300715
2013-10-29,286.9994812011719,290.11173014418813,282.7937440050186,287.58829352293424,2519191
2013-10-30,302.81298828125,306.59815668722985,281.1113864679624,286.410639325645,21918676
2013-10-31,308.7851867675781,311.64508342460044,299.5325765851894,301.0045931077293,11596552
2013-11-01,308.86932373046875,314.42087276092013,304.7476945490002,307.01877890479534,5959996
2013-11-05,302.4765625,307.43932739089416,299.4484502179292,303.317726953388,5977214
2013-11-06,299.1119384765625,306.80842242686697,296.7567182888842,303.0653224299568,5858839
2013-11-07,292.9295349121094,301.55129177798085,291.7098707731554,297.766123280236,3727390
2013-11-08,289.35467529296875,296.8829447487213,288.3873632325247,291.0790154216815,3403437
2013-11-11,286.8311767578125,291.45748054767756,285.5694445959486,286.8311767578125,4793478
2013-11-12,284.0974426269531,289.312558816201,282.6674946295026,286.62090707627334,2929093
2013-11-13,279.6814270019531,285.99003126099376,276.0224348227785,285.8218154855341,3578940
2013-11-14,285.9059753417969,289.9434964729228,281.8264145002563,281.8264145002563,3268860
2013-11-18,290.40606689453125,291.878083178198,286.6629666278388,288.00880683208436,4041879
2013-11-19,295.74737548828125,297.7240677141463,291.0790027086324,291.4575309673282,5518304
2013-11-20,289.69110107421875,296.96701748493587,287.58823291928087,296.1679213199789,4265438
2013-11-21,284.8544616699219,289.31254977797465,283.1301218828656,286.78911388967043,2478236
2013-11-22,282.5413513183594,291.7939889135796,281.78432328866216,285.65359981548187,3655653
2013-11-25,282.7516784667969,287.4200229727461,277.5786011111922,285.52746704130567,3516569
2013-11-26,275.0971984863281,286.4526750648943,273.3728300895167,282.6254670074079,6876493
2013-11-27,270.76531982421875,277.0739250379709,267.94746306026974,275.89632898499144,7019318
2013-11-28,272.1952819824219,274.88696279225786,270.26062927980496,274.8028264053086,6444942
2013-11-29,275.05511474609375,277.32622702268793,272.2793266759134,274.9710068608598,6981001
2013-12-02,279.76556396484375,282.2889999773719,275.8962878170517,275.8962878170517,3836570
2013-12-03,278.41973876953125,280.39643089345026,277.24211434689244,279.26087465811463,2866368
2013-12-04,279.4711608886719,283.2563293822553,276.82154863960056,276.82154863960056,4480939
2013-12-05,282.0787048339844,285.9900205295814,280.94314870459965,284.30774890937573,9374944
2013-12-06,279.5973205566406,282.6254608701881,278.4197246757973,282.457216611677,4762438
2013-12-09,282.9198303222656,289.3546101777745,281.44781422610714,289.3546101777745,5918717
2013-12-10,281.9945983886719,287.0414992313447,280.14408232078455,283.4666146947246,3421539
2013-12-11,275.9803771972656,284.8544850721395,274.4662929055389,284.8544850721395,3164053
2013-12-12,272.1952819824219,276.31691110193594,265.42404024654644,275.09724679525266,4530513
2013-12-13,269.8821105957031,277.28420382296935,268.746554273184,273.62521115877564,5027068
2013-12-16,263.57342529296875,272.11107224468134,262.0173014674091,269.8820284684916,4972532
2013-12-17,275.3494873046875,277.11592366400424,264.2463642836235,264.2463642836235,4711304
2013-12-18,275.68597412109375,279.26085840386884,272.1952262080279,275.8542183783289,3996392
2013-12-19,272.1531066894531,277.24204591654797,267.98943949716755,274.2980425509755,3503368
2013-12-20,275.8121643066406,277.49446455415745,269.1250599857655,272.5317001856215,3807279
2013-12-23,276.1065979003906,277.788869746447,273.9195932325822,275.81217754158183,2997246
2013-12-24,273.9195861816406,279.17677101180055,272.74199022327633,276.737442719186,2657958
2013-12-26,277.2000732421875,279.008549757953,272.4896605379775,274.76077323053767,5657339
2013-12-27,276.9056701660156,278.8402940145223,275.77011398239694,278.8402940145223,2806661
2013-12-30,277.2841796875,280.6908198763481,276.73743566909684,277.0318275306417,3614597
2013-12-31,277.7888488769531,280.3543531245106,274.2560326941474,277.1579969820761,2339127
2014-01-01,284.0974426269531,285.14889089453374,277.74679876591244,278.4197188214401,1883623
2014-01-02,276.485107421875,285.1489330561751,274.6345912366512,284.30779710348804,5276461
2014-01-03,277.0318298339844,279.17676622074424,272.57376975813537,275.89630208305033,4701341
2014-01-06,277.0318298339844,278.12531787988235,274.0037178552469,276.3168700265211,2704888
2014-01-07,279.008544921875,281.36376547425067,274.6345923782218,277.9991931673299,4110547
2014-01-08,279.5973205566406,280.94316069599506,275.6439365089247,280.10202484999036,6305970
2014-01-09,277.24212646484375,280.1020512718386,275.2654342545257,279.59734693088046,3730440
2014-01-10,278.04119873046875,280.22817473371975,275.0551265776656,275.0551265776656,3787879
2014-01-13,278.41973876953125,280.77493065043876,276.7795066974826,277.5785743987628,2555309
2014-01-14,275.85430908203125,279.26095022770943,274.2140765661264,278.4198141115099,2474603
2014-01-15,278.84027099609375,280.270218912829,276.90561882510997,277.4944309610061,2800811
2014-01-16,265.4239807128906,280.0599491102944,263.7416805840771,280.0599491102944,10508913
2014-01-17,261.5126953125,267.94744776861705,257.60135061924865,265.8025397773067,6504517
2014-01-20,259.53594970703125,263.1108339921664,258.3583538343415,261.680885974549,5217898
2014-01-21,256.4658203125,261.5968297000653,254.57323581650257,261.5968297000653,7842351
2014-01-22,260.54534912109375,262.2697175963638,256.7181408894695,256.7181408894695,5951157
2014-01-23,264.6669921875,265.7184406054001,257.7275351652329,259.9145114172656,5278619
2014-01-24,263.4052429199219,264.7510831372269,258.86304642761,263.2790953214616,5058323
2014-01-27,258.1480712890625,262.5640914385802,255.5825670873942,258.9892071338531,5568181
2014-01-28,257.3910827636719,260.335087153633,254.15265799718304,258.148110836394,5757925
2014-01-29,253.94235229492188,264.7510853468104,253.14325609895468,260.75563284915995,8611443
2014-01-30,259.6200866699219,261.3023583541268,252.42827838052222,254.02644217695357,9410790
2014-01-31,264.96136474609375,266.01281308729847,259.9986003507137,260.7556283456449,3675441
2014-02-03,257.2648620605469,263.3631822585991,255.5405222206969,263.3631822585991,4028120
2014-02-04,266.01275634765625,267.23242021327985,251.88149417059878,254.783429451831,7637040
2014-02-05,264.37255859375,267.2324833366249,261.9332587684914,266.55956321855854,5097413
2014-02-06,265.04547119140625,268.7044631555514,262.8584668636706,264.5407669303204,7592592
2014-02-07,265.4239807128906,267.69509300733466,258.61070079392425,264.7510606613652,9224604
2014-02-10,258.2321472167969,264.7931028335657,256.8021993683214,264.7931028335657,10467267
2014-02-11,256.21343994140625,258.2742685013105,252.00770340885734,256.5499000032976,11167787
2014-02-12,259.03131103515625,259.4939472064545,253.73208612505837,256.6340507612132,7256213
2014-02-13,254.78347778320312,260.83975856408966,253.26942182907365,258.6107143369531,3673969
2014-02-14,256.8863830566406,267.06426523704675,254.026486515695,255.70878697571843,14159920
2014-02-17,256.2554931640625,261.51267776381013,254.86761329118218,261.4706095777109,3867756
2014-02-18,254.23675537109375,259.62011652254654,251.88156334951992,258.2322080448676,7408301
2014-02-19,254.4890899658203,257.13870216869896,253.47970981964966,254.02645383855233,2544886
2014-02-20,249.73666381835938,255.70880961863236,249.10581177080957,255.70880961863236,4785876
2014-02-21,242.3765869140625,250.99834368196645,240.65221847117073,250.24128720527153,6257760
2014-02-24,237.87643432617188,245.61498715532963,237.11940631843467,243.84857897654766,7194628
2014-02-25,241.4933319091797,243.427984143917,238.71755810697616,238.71755810697616,5895280
2014-02-26,242.41864013671875,245.53088866272495,239.81109595665225,241.61954391043864,8052633
2014-02-28,241.91392517089844,245.9093771743025,238.29698712467427,243.93265678179722,5039929
2014-03-03,241.1148681640625,244.6897528481915,239.81109607339457,244.26915639897481,3743907
2014-03-04,241.7036590576172,244.68973123483337,240.4419267857887,242.6709709927814,4211396
2014-03-05,237.83438110351562,244.269147671061,237.11940704045503,244.269147671061,8474738
2014-03-06,240.44192504882812,240.98866905016115,238.4652330069176,238.8858009337609,8311773
2014-03-07,253.94235229492188,257.1807767845665,241.8718869082333,242.25041515332896,14249287
2014-03-10,256.6760559082031,260.67150814824083,253.1012000741038,253.9844041068623,10134303
2014-03-11,254.90963745117188,258.0218855315788,251.33478176280326,258.0218855315788,4448609
2014-03-12,252.4703369140625,258.2321976123319,250.74599691626753,256.54989732046755,4115516
2014-03-13,253.1011962890625,255.66667197847434,250.6618681891437,253.18530417611893,2283999
2014-03-14,248.13844299316406,254.27883239942798,244.22712656306769,252.84888416441623,4199008
2014-03-18,248.22254943847656,251.50301349688405,247.04492504659876,250.24128121478194,3444084
2014-03-19,252.09178161621094,253.942297288517,248.64307389815465,249.77862990528354,5211552
2014-03-20,248.5590057373047,255.79285383131338,248.13840932815026,251.54507789385318,3582627
2014-03-21,245.99354553222656,252.34419072327353,245.2365174317604,251.75540691301595,5050188
2014-03-24,247.25521850585938,250.45160327894226,245.7832306827761,248.13842259258348,5319891
2014-03-25,248.0122528076172,249.31602472716506,243.55416458497447,247.29726457175897,7649439
2014-03-26,251.12448120117188,251.92357735082408,248.13840904799474,249.4001413096658,7887921
2014-03-27,261.34442138671875,265.38194170645136,251.965637307008,253.60586925608078,14322728
2014-03-28,266.9801330566406,269.08300131989756,260.4191761002669,261.59680055628974,5662000
2014-03-31,267.2745361328125,275.22340185650614,265.6763721357716,268.74655252345013,6532401
2014-04-01,265.25579833984375,270.34473906889644,262.43794170900776,267.48484273091105,3162658
2014-04-02,274.0877990722656,276.3168431343438,268.36800724049067,269.16707486244286,6702502
2014-04-03,269.7558898925781,276.485061851532,268.70447012501467,276.485061851532,4881760
2014-04-04,265.9707336425781,270.84936093455485,264.96132515724264,270.597008813221,2500822
2014-04-07,267.0221862792969,268.91477045837274,264.1202219725683,265.9707379655062,3700298
2014-04-09,269.2512512207031,270.00827925415246,266.7277864662902,267.6109905856788,4273679
2014-04-10,268.95684814453125,273.1625850292615,266.0128437180954,270.00829660680796,7003435
2014-04-11,271.05963134765625,272.48957916021845,265.9286521904081,267.4847760573404,5656050
2014-04-15,273.5830993652344,277.91501149442337,269.67178362778026,269.67178362778026,7037546
2014-04-16,272.2793884277344,277.5786136320527,270.4288721219857,274.21404111998135,2618016
2014-04-17,273.83544921875,274.97100535081097,270.00824139870684,273.3728131292301,2780516
2014-04-21,281.6161193847656,282.9619597086803,273.6672820141057,274.2140260854226,2331487
2014-04-22,281.9945983886719,284.013358725741,278.92441817741184,282.62547879537186,4003481
2014-04-23,284.98065185546875,287.2517642049878,281.4057960375045,281.9945797352303,10125384
2014-04-24,284.98065185546875,284.98065185546875,284.98065185546875,284.98065185546875,0
2014-04-25,287.41998291015625,290.6163675060832,283.7609906847825,285.35918298274595,5253995
2014-04-28,284.0133361816406,288.89199236787897,281.616076273024,286.28444850111583,2061766
2014-04-29,281.7842712402344,287.3358470754966,278.1252793707289,286.7891031282496,4881096
2014-04-30,275.9383239746094,289.0181684581513,271.984939989703,285.401244502738,6630619
2014-05-02,273.8774719238281,278.8823032283382,270.93344010603266,275.9382714105427,4679457
2014-05-05,269.4194030761719,275.55979074748825,267.98945524518746,273.37278658053,2753659
2014-05-06,264.8772277832031,271.69053595418484,263.57345590823525,270.6390877283779,4024013
2014-05-07,261.59686279296875,265.8026003200724,256.76027318145736,264.54086766906426,6526369
2014-05-08,259.0733337402344,265.213693533031,258.2321694449617,262.4379054747778,4040554
2014-05-09,260.2929992675781,263.9519628614795,258.6527388510508,259.0733352422168,4855275
2014-05-12,267.1063232421875,268.91479972801267,260.8818260185914,260.8818260185914,3154170
2014-05-13,268.4941101074219,274.00364555248814,264.66690295668394,270.1343702256299,5869623
2014-05-14,271.8587646484375,273.3728205441308,269.5876808048976,271.26995247469756,3047032
2014-05-15,270.3446960449219,274.2139719715124,267.8632998771143,273.70926770855,3376603
2014-05-16,278.2093811035156,291.03687089969566,274.2139297267149,274.2139297267149,15301025
2014-05-19,284.4759826660156,289.60699118218855,279.51321841181084,280.0178942333468,5477382
2014-05-20,292.3406982421875,294.3173902189106,284.60214610761153,285.99002591686155,8561464
2014-05-21,285.4012451171875,294.35946137927135,282.37310484523033,292.7192294127799,3802119
2014-05-22,279.76556396484375,286.4106282710718,278.16737168367194,285.9059239792561,4212270
2014-05-23,289.06024169921875,292.71926274586514,280.6067287609182,280.6067287609182,7182794
2014-05-26,285.5694580078125,293.6024304673269,282.7936699070913,290.2378301991246,6913231
2014-05-27,282.5413513183594,285.9900598822569,280.1020514369733,285.9900598822569,4371841
2014-05-28,287.33587646484375,289.35463669909166,281.15344816937056,283.8871681852163,6017145
2014-05-29,283.92926025390625,293.43422155361264,282.2049202101399,287.8406049764952,8026940
2014-05-30,289.4387512207031,291.79397154796146,285.1489069862639,285.1489069862639,4834916
2014-06-02,304.1588134765625,307.0187094923264,287.0414770843917,290.19576494577797,6886379
2014-06-03,302.9812316894531,307.9860641906736,299.06988721670365,306.76640008473527,6487420
2014-06-04,297.6820068359375,303.82236705982586,294.94825828710304,302.8129869239433,6266080
2014-06-05,298.7754821777344,302.8129740676637,294.8220981750116,297.76610208470623,8150401
2014-06-06,299.3642578125,308.82717812856487,295.57911816825657,302.6447501470876,7173403
2014-06-09,299.7848815917969,305.75702616547863,297.3455533303108,302.26624955850406,9484266
2014-06-10,304.11676025390625,308.2804280208415,299.6586721722546,304.95789605096564,9441767
2014-06-11,298.9017028808594,307.01875605743015,294.6118297243912,305.3364556511865,5407848
2014-06-12,287.67236328125,296.6305806121245,285.6956710487051,295.2427006232562,6972595
2014-06-13,280.3543701171875,288.93408742559035,276.9477298033127,288.0088151379414,6868987
2014-06-16,279.8075866699219,282.12073858106834,275.85420287438234,279.6814106046329,5279321
2014-06-17,284.5180358886719,286.15826782513096,280.1020158742886,280.1020158742886,4378378
2014-06-18,286.2003479003906,290.1116926715441,282.91988356470495,283.46662762065256,6554028
2014-06-19,284.4339904785156,290.02763660694916,282.9620023244578,285.02280282945384,4779752
2014-06-20,284.9385986328125,285.86384232055923,280.3543344484133,282.70955457411634,3061729
2014-06-23,287.2938537597656,289.0602619487004,283.46661702894994,283.46661702894994,4876509
2014-06-24,286.7891845703125,290.53228538339107,284.9386682604446,288.51355326453023,3514105
2014-06-25,283.46661376953125,284.89656188307504,279.3029455098281,284.307778148324,6295558
2014-06-26,284.686279296875,286.83121571874074,281.91049094947806,282.20491130047435,4760973
2014-06-27,279.008544921875,285.905962298453,276.8636368407325,285.905962298453,6976862
2014-06-30,283.3825378417969,284.3078102181838,279.260908822694,279.260908822694,5137323
2014-07-01,282.2049255371094,287.46208214611926,281.48993719968934,283.6769134376075,2348339
2014-07-02,284.4339904785156,285.90600711476526,282.6675819078928,284.05549063177745,3235504
2014-07-03,283.4245910644531,287.8406117508955,282.62549482543335,285.99006709586286,4085387
2014-07-04,285.35919189453125,290.3640244256104,283.84513592025934,287.0414921338248,4634232
2014-07-07,289.733154296875,291.79395415905117,285.3171057656125,286.4526619159995,6165692
2014-07-08,286.45263671875,292.1724281873451,284.1394849194746,289.7751685093387,4422166
2014-07-09,287.25177001953125,290.0275582350289,284.3498057284859,286.70502601361386,2913994
2014-07-10,280.9852600097656,290.6163975315376,276.73745515961343,289.35466514056753,6605423
2014-07-11,282.2049255371094,283.38252155394525,277.8730127691181,280.10205719706806,4222483
2014-07-14,279.3450012207031,281.7843296392508,274.7186965599229,280.1440974575764,3951757
2014-07-15,281.4058532714844,282.2469892862727,277.2001162331642,280.18618896072775,2791094
2014-07-16,282.7937316894531,283.8872198949691,277.5786143754767,280.102079369025,4598577
2014-07-17,283.13018798828125,285.82186875475816,282.20494408644635,283.4246083734826,1603948
2014-07-18,282.8357849121094,285.19100548973597,281.0273084083012,282.28904083829093,2182944
2014-07-21,283.6348876953125,285.99007984494864,281.0273148752455,283.4666434090881,1682610
2014-07-22,297.892333984375,300.12137854728275,285.990083078737,285.990083078737,10834823
2014-07-23,298.06048583984375,300.0371777875457,294.1912098293632,297.8922700699971,5618523
2014-07-24,298.2707824707031,299.4484068384125,295.36884670113807,297.7661066575303,2281668
2014-07-25,298.43902587890625,301.0465697902006,295.3688458589155,299.02780957889837,3469073
2014-07-28,297.72406005859375,300.2895644601773,295.41090782298517,299.86899650500953,3800382
2014-07-30,313.8740539550781,314.84139433182145,301.1306981072261,301.1306981072261,12472425
2014-07-31,313.663818359375,315.5984709289617,311.266558104323,314.58909069468007,9190997
2014-08-01,319.67803955078125,325.6081165326871,311.26656587074604,311.6450656666786,9349848
2014-08-04,317.02838134765625,325.1875016660581,313.7478888567584,321.7808615828268,7246998
2014-08-05,315.21990966796875,319.8041741919152,314.1684898353386,319.3415380726843,3432741
2014-08-06,309.2477722167969,317.448961024316,307.31314828841596,315.4302007216869,5823989
2014-08-07,307.691650390625,312.02356289223786,305.5467424746336,308.70103054963835,7882178
2014-08-08,314.589111328125,315.72466772644486,303.8644847984767,306.05146120843403,5987141
2014-08-11,316.6499328613281,319.63600576956253,313.2432919202533,317.0705008941685,4623445
2014-08-12,311.182373046875,319.2153162565704,310.2150327608425,319.2153162565704,3758284
2014-08-13,310.0468444824219,317.95361233457965,307.6075164254407,312.7385246783136,5088251
2014-08-14,307.18695068359375,311.18240282175304,305.50465054928725,309.50010268744654,3085046
2014-08-18,316.5237121582031,316.691956436949,305.33645025705374,306.9346427352981,2941081
2014-08-19,317.2386779785156,323.16875434233,315.7246219882194,315.7246219882194,5532857
2014-08-20,315.0517272949219,324.6407968104836,314.2105628574385,320.0565318004331,4836047
2014-08-21,315.03466796875,318.3454506056495,312.7425655698033,316.3080613843228,2560698
2014-08-22,309.94122314453125,316.1383349548301,309.26208366594676,314.14337351602353,3123067
2014-08-25,313.3369140625,314.440508607281,309.85633117372834,311.46929473636516,3003476
2014-08-26,313.7613220214844,318.9397529507143,309.9836269358411,312.657727642224,2818960
2014-08-27,313.2519836425781,317.1570209862387,310.32319844847626,313.67643859930575,3472892
2014-08-28,313.9311218261719,316.81745001498086,312.53038598001643,312.53038598001643,4787890
2014-09-01,319.024658203125,320.8922773662936,313.9735691924331,314.10091143578535,3447961
2014-09-02,332.4376220703125,334.89949547249876,319.06711759917715,321.40164875705347,6636891
2014-09-03,343.38873291015625,347.1240002577462,331.41893484171163,331.41893484171163,13661124
2014-09-04,343.38873291015625,346.31751848724696,338.1254160203579,344.57721269349287,6719459
2014-09-05,340.50238037109375,346.10526662548534,335.74840408142865,344.28007570681046,3055188
2014-09-08,342.75201416015625,345.9354551608133,340.884366311072,343.2189261224273,3569223
2014-09-09,344.7469787597656,348.86424372385864,339.3138918862435,339.39877713143284,3943462
2014-09-10,346.147705078125,349.585830780194,342.6671223783974,345.4685655881572,5147073
2014-09-11,344.7044982910156,351.24120788857465,341.35125825282717,346.1476623426667,7838854
2014-09-12,351.4533996582031,352.8116783324676,344.831805493875,345.46848784290324,4618781
2014-09-15,349.3735656738281,351.87789586667975,346.4872375248832,348.524655775465,3619408
2014-09-16,350.01025390625,354.46708807144284,347.5908091127001,349.3311145338946,4342129
2014-09-17,351.7505187988281,355.10375855797,349.7980147277802,353.1512544869221,4378000
2014-09-18,353.06640625,355.698078906092,349.20382563215423,351.41101455663755,3643270
2014-09-19,352.25994873046875,356.5469842791951,347.33620196525646,352.72683196198864,3862700
2014-09-22,352.4296875,354.934017653416,347.5483981704271,351.87789032566803,2386534
2014-09-23,345.08648681640625,352.42964849425874,344.1951200376447,352.30230627651827,2182556
2014-09-24,342.24267578125,346.78442482503027,335.49376645905915,343.8980675491297,3474338
2014-09-25,344.87432861328125,354.84913564246165,339.01675789365413,342.28511298714795,6393950
2014-09-26,343.8555908203125,346.9966034093195,340.88434871131534,343.81313382759754,4018112
2014-09-29,342.3275146484375,345.4260700015167,339.22893054993557,342.8368547939127,2435380
2014-09-30,343.98291015625,347.1663507806453,340.41744285912415,342.3275187319306,4148252
2014-10-01,342.28509521484375,345.8505628606444,341.0117015933039,342.9642346469416,4642350
2014-10-07,342.4548034667969,344.27999395205126,339.56847577761835,339.56847577761835,5427769
2014-10-08,339.3138122558594,345.0864675008354,337.1065951809391,339.56846793166477,6679826
2014-10-09,343.77069091796875,346.3174492274683,338.80448778083456,338.80448778083456,3174456
2014-10-10,333.0318603515625,341.2663901320608,331.5037822384261,340.29013796632523,2947378
2014-10-13,332.3951416015625,334.0929901634224,322.59010568178184,332.5224838368802,4680304
2014-10-14,338.2102355957031,339.82319882347565,333.2864894209329,333.2864894209329,2715018
2014-10-15,338.2102355957031,338.2102355957031,338.2102355957031,338.2102355957031,0
2014-10-16,329.5088195800781,341.4786162332127,326.0706941439188,338.2102612837008,4298043
2014-10-17,336.1303405761719,339.56846525392285,331.0792529039393,331.0792529039393,5080864
2014-10-20,341.01171875,342.41245467870914,338.16784738725954,339.5685545705413,3650660
2014-10-21,348.6094970703125,352.30230640443995,342.7094992823401,342.8792984878629,4542123
2014-10-22,347.5907897949219,352.3023081492555,345.6807140095049,351.3685131232311,2854861
2014-10-27,351.92034912109375,353.87285336475634,348.94910701753776,348.99156401017495,2755722
2014-10-28,346.1052551269531,352.30236665259775,339.6958873717511,352.30236665259775,3408381
2014-10-29,343.8980712890625,349.3311874012045,342.37002175523725,348.90673239130075,2572044
2014-10-30,345.9354553222656,348.05775890550296,340.79948122573967,344.32252069644403,6382703
2014-10-31,338.63470458984375,351.4534096377128,336.25771684238646,349.9253317130647,16904947
2014-11-03,335.96063232421875,342.83688295273845,334.05055631731324,340.79946471264924,5739253
2014-11-05,326.4527282714844,338.9743224087557,324.75487963931715,338.71963792757396,11873813
2014-11-07,331.8009033203125,332.90449765644604,321.7411833192977,328.0232083822959,8290910
2014-11-10,332.1404724121094,335.4937124063151,327.59872410006847,332.77715481746253,3727030
2014-11-11,326.8346862792969,333.96562091693215,325.09440961003526,332.8620266273384,4608206
2014-11-12,328.78717041015625,330.27276240913784,325.5612732544954,326.2828407620598,3122243
2014-11-13,331.8433837890625,332.7347507966314,319.19447517947947,330.4426765252095,5146041
2014-11-14,329.6786193847656,334.7297081799797,328.53256798891323,328.99947994614394,2872915
2014-11-17,333.7959289550781,335.32397852384355,327.00456240503956,329.2117515033519,2310461
2014-11-18,339.1440734863281,343.30379521067465,331.9282531444414,334.4750115741999,8324287
2014-11-19,341.05413818359375,346.19011186567997,335.6210517972744,340.5872262587815,6340864
2014-11-20,337.658447265625,343.68578791364007,333.6685248284551,341.6908266950551,3294101
2014-11-21,340.88433837890625,341.52104952320656,335.11168230674446,338.2102378091174,3186377
2014-11-24,339.1016540527344,343.13403399041056,336.2577825938979,340.4175047789804,2850647
2014-11-25,342.6246643066406,346.1901319459451,338.29517199397463,344.57716861129506,6439812
2014-11-26,333.9232177734375,342.2850895542522,332.39513970377527,341.6059501333857,4162084
2014-11-27,327.17425537109375,334.64475968009384,325.47640694963394,334.64475968009384,5302552
2014-11-28,324.54266357421875,331.3340295964508,321.8685626639881,327.6836764679045,6057648
2014-12-01,320.7224426269531,327.25912276136927,319.2792787337594,326.62244041757185,3176480
2014-12-02,326.2829284667969,327.51386512979406,320.17070214707616,320.5951571180214,3677823
2014-12-03,321.2318115234375,328.8296583234246,320.04333195948743,328.53254561879316,7485703
2014-12-04,314.01605224609375,324.79734188428716,312.48800268992267,322.59015280416673,5866566
2014-12-05,312.2332763671875,318.9822137030667,309.89874534579286,316.6476539362462,4821637
2014-12-08,313.888671875,318.2606212499785,311.1296858598879,311.5541408244549,4263114
2014-12-09,300.6454772949219,316.0109407965121,299.3296555508573,310.87496729932457,6530448
2014-12-10,299.9239196777344,307.0124269570458,295.9764539356646,305.61169105210996,5831543
2014-12-11,291.4346618652344,303.4893422746496,290.3310676018848,299.41453489808373,5011388
2014-12-12,295.3822021484375,298.1836452358532,292.920328791176,292.920328791176,4315126
2014-12-15,297.0799865722656,298.3533512259798,289.4821406549227,292.45335359234326,3772552
2014-12-16,297.1649169921875,298.6080810664555,289.4821846786439,294.57570155895144,3775593
2014-12-17,290.3735656738281,296.6555624658863,288.71817404459466,292.96278123282605,6079742
2014-12-18,295.59442138671875,296.4433313156982,291.6469269770266,292.1562959307553,5392525
2014-12-19,291.2649230957031,296.14621257911773,285.06778300547984,295.8915281074224,5594541
2014-12-22,296.103759765625,296.82535619714037,292.02895188810203,292.8354335629056,3422665
2014-12-23,301.5368957519531,302.6404902259665,296.31603612629647,297.12248911047146,5122234
2014-12-24,299.7541198730469,303.40447252622585,297.54693123370254,303.40447252622585,6101722
2014-12-26,300.7728576660156,302.81024728004707,296.65556395174207,302.2160218176085,1285099
2014-12-29,298.14117431640625,305.14476733515363,297.1224651735188,299.6692236580246,1342543
2014-12-30,296.91021728515625,300.5181416583564,294.66057167576906,300.00877274921464,1135504
2014-12-31,299.41455078125,300.09369017094133,296.95267767997495,296.95267767997495,2422916
2015-01-01,308.07354736328125,309.7713959062979,298.52319602012864,300.8577269872421,2460188
2015-01-02,309.8987121582031,311.5541035693214,307.30949694036144,308.83754612825174,2795887
2015-01-05,303.0224304199219,310.91741822106763,301.87640791269064,310.91741822106763,1605267
2015-01-06,300.6454772949219,302.30086872249564,295.76415950129893,302.30086872249564,3916948
2015-01-07,301.3670349121094,303.9138218266798,297.54691203109815,298.77781975439683,4899318
2015-01-08,306.5879821777344,308.1160316289906,299.79658740453385,302.68294455585794,7096620
2015-01-09,302.0461730957031,309.77136155058497,300.4756669607705,307.73394352492824,3831782
2015-01-12,296.2310791015625,301.96130688004433,294.6605728677288,301.96130688004433,2276975
2015-01-13,293.9814453125,299.07499090236047,292.2836255279716,297.0375726664163,1604173
2015-01-14,293.5570068359375,295.59442518618795,292.5807546559775,294.5332877613242,3415213
2015-01-15,296.5706787109375,299.3296935189473,291.43470456228397,293.8116926483545,4966049
2015-01-16,291.052734375,298.82035308722936,287.8692642911676,294.5757454724059,9779165
2015-01-19,297.5044860839844,299.07499238881894,290.24620873460515,291.94405727299727,3385131
2015-01-20,301.2822265625,303.0649606103694,295.4671124072253,297.5045309606272,2891041
2015-01-21,313.2519836425781,314.1008935560334,300.9426174249223,301.3670723816499,5052826
2015-01-22,314.10089111328125,317.4541312380327,306.5879579504379,316.9447910430058,2502844
2015-01-23,326.0707092285156,329.1692650892985,315.79876069378815,316.6052424062382,6269436
2015-01-27,334.644775390625,335.3239147910924,323.9483729514,324.8821968133989,5268554
2015-01-28,317.15704345703125,335.9182068333804,315.4591947644012,334.22035814075036,4490563
2015-01-29,319.024658203125,323.0145810161667,308.20091246331515,318.17574824134675,7542171
2015-01-30,317.2419128417969,323.2692538401687,310.83257387257726,323.2692538401687,5409140
2015-02-02,305.0174865722656,316.9448273553678,302.6404983171491,314.1009270998176,4157252
2015-02-03,315.416748046875,317.4965946076896,305.6965971892416,305.739025438181,4242370
2015-02-04,313.20953369140625,320.29804086076416,309.8562934651775,318.3455077723173,5535031
2015-02-05,309.60162353515625,315.71384950728697,305.65412928991293,314.10088621490905,8259274
2015-02-06,312.6152648925781,314.1008570685512,304.76273412360206,309.7713652710978,3318996
2015-02-09,302.3009033203125,310.45054791182343,299.8814870143007,309.8562937113151,3030260
2015-02-10,302.34332275390625,307.1397265206496,299.6691935565492,301.6217264039766,6847286
2015-02-11,302.3009033203125,306.1634837600503,295.42465237405463,303.0224710144623,3489433
2015-02-12,299.41455078125,305.484319551658,296.5282227477739,304.7627519160011,4361948
2015-02-13,301.3670349121094,302.64042836939456,296.5282030143544,300.34832589536563,3377769
2015-02-16,306.7577209472656,310.23830322218714,298.8203042792814,299.66921416541726,2355833
2015-02-18,298.8203430175781,308.62537995341563,297.54697802329866,308.2009249553225,3408770
2015-02-19,302.8102111816406,304.253375161192,297.2922397143627,301.32461895721684,3057263
2015-02-20,296.5706787109375,304.5929811628205,295.63688352190843,301.36708313300954,4072136
2015-02-23,294.83038330078125,297.88648190254094,293.0476495346131,295.4246374713123,2410807
2015-02-24,290.3735656738281,296.99513219076186,288.71817404459466,293.81169117230166,7390936
2015-02-25,295.9339904785156,297.5469538346604,292.5807502734907,294.49082635506164,2882686
2015-02-26,296.5706787109375,299.3296935189473,293.93903488900094,297.1224759234541,4571845
2015-02-27,301.5368957519531,303.9987691925763,294.8728431652026,296.2735791290544,3711112
2015-03-02,296.3160400390625,308.15846666517535,293.302369321638,302.4706949764627,4619840
2015-03-03,296.48577880859375,297.63183017232853,291.7742598647288,297.12246123492406,2293482
2015-03-04,298.1836242675781,304.25339324229674,296.5282327290185,298.8203066873106,3694564
2015-03-05,295.3397216796875,298.73541871134745,292.0713956253177,298.31096376874615,3879220
2015-03-09,291.56207275390625,294.3635160611942,287.8692624281826,294.3635160611942,3823862
2015-03-10,312.36065673828125,324.5426822799456,289.2699994336406,290.37359396063647,12896222
2015-03-11,330.697265625,334.47496006770643,307.52170136857274,314.1008382762412,14318713
2015-03-12,337.7008972167969,339.4836309277601,328.57500119595414,330.6123906188949,18411651
2015-03-13,339.7807922363281,341.8606676935915,330.5700096605687,338.67719775695207,12653947
2015-03-16,329.7210388183594,339.48364642846343,327.8534197847955,339.48364642846343,15605904
2015-03-17,328.1505432128906,333.11674679395907,321.741204248012,332.9469763060143,13158523
2015-03-18,324.50018310546875,331.3340056302265,323.8635006715889,327.59873877819484,4777244
2015-03-19,324.2455139160156,326.79230126242106,322.3778947746884,325.1368808636294,4636137
2015-03-20,322.8023376464844,329.2117052770749,320.55269186392326,323.4390488319245,7256601
2015-03-23,325.3491516113281,330.9944662829189,320.89228792900485,325.9858341036193,3546841
2015-03-24,334.34771728515625,336.59736332341873,323.9484258557816,324.11822510634084,8101985
2015-03-25,335.3239440917969,337.4038194670027,328.4901212433424,328.53257823911576,11374656
2015-03-26,339.2713928222656,342.5397474383447,331.07929215975764,331.07929215975764,12656646
2015-03-27,319.618896484375,343.38869042847875,315.0347196794429,340.41747696500056,9357286
2015-03-30,330.5700378417969,333.5412517899198,320.55274393310896,322.5901625666147,5166621
2015-03-31,333.8807678222656,335.91818612783794,326.8347177412309,330.2728431659929,6709861
2015-04-01,341.52105712890625,343.68578883146364,333.6685257195272,333.8807531905456,6096908
2015-04-06,340.2476806640625,347.29373079057234,338.25271933984897,341.5210742996202,4825167
2015-04-07,343.60089111328125,348.05772533365393,336.34261413361384,341.26636027143957,4691848
2015-04-08,355.8254089355469,358.96642171813954,345.51100364921837,345.51100364921837,6392808
2015-04-09,345.68072509765625,356.9713809659563,344.02533369597523,355.86778669816897,5176227
2015-04-10,349.7131652832031,351.36858571923227,340.84195260327704,345.5110149343358,5103339
2015-04-13,361.3858337402344,362.48942815142044,346.3599094593214,347.2937333820602,4307880
2015-04-15,352.4296875,360.7915590998185,347.33617069917824,360.7915590998185,3883730
2015-04-16,354.84912109375,359.0512999689331,351.8354506104329,353.2786147330477,3429760
2015-04-17,344.6195983886719,360.536859272,342.87932170042274,356.5045087446845,6165372
2015-04-20,341.52105712890625,346.0203197580905,338.5073867968506,342.79442195501656,3642501
2015-04-21,338.12542724609375,348.0153788356875,334.4750737761024,337.57362996278613,4315761
2015-04-22,339.0592346191406,340.67216938890493,332.09806904635207,337.02181609850555,4659581
2015-04-23,339.4411926269531,342.03040809864143,337.0217763846902,341.0966129457916,6374398
2015-04-24,338.84698486328125,342.2851104251673,335.28151705903986,339.5685525760587,8213565
2015-04-27,331.92822265625,342.70950955860354,326.11310992396,338.6771304379398,16825758
2015-04-28,340.2052001953125,347.6332471505261,325.47639101259387,330.2303663599017,5756976
2015-04-29,328.8296813964844,341.6908450171239,325.90092489995214,334.4750243985697,12480808
2015-04-30,323.52392578125,329.38146731915805,315.6289659930152,328.9145841223719,9124401
2015-05-04,333.5411376953125,334.559846663595,317.1569664659655,317.1569664659655,5025010
2015-05-05,328.5750427246094,332.77719307572625,324.71243336571047,332.77719307572625,2710648
2015-05-06,331.2491455078125,343.8131683811104,327.6836776150234,333.8807894304224,15076384
2015-05-07,334.17779541015625,339.9929073766222,327.1317758695985,330.9943552709637,8782001
2015-05-08,337.8282470703125,339.56852382917896,334.5598922779715,337.0217654339544,6371723
2015-05-11,336.34271240234375,341.90314255468394,335.0693185050102,337.02185198153074,4799566
2015-05-12,332.3951416015625,339.0167366201033,330.18795284385743,336.59732038534395,6930590
2015-05-13,324.7548828125,339.5685511888715,323.18437640557823,336.1728826367847,6440531
2015-05-14,327.6836853027344,332.94700201686356,323.35416383526405,324.28798782735146,5484794
2015-05-15,332.77716064453125,335.32391905596313,328.53255371033646,329.38146359900543,4322623
2015-05-18,337.4037780761719,339.3987392151002,332.77714466695886,334.47499310820325,4866514
2015-05-19,337.8707275390625,343.81318387667864,335.40885400256855,338.6347810466055,6042689
2015-05-20,340.03546142578125,342.83690449558196,336.8944486279615,337.2340183559806,5645720
2015-05-21,336.5548095703125,341.86058188445355,334.0505084943014,340.4174180240181,2829064
2015-05-22,335.2390441894531,338.4649421098089,331.6311195601204,335.74838438933,3589617
2015-05-25,339.4836730957031,347.2088630512463,333.03187683991473,335.2390657570906,5979086
2015-05-26,340.03546142578125,345.4685483286596,338.04050005320425,341.26639809667205,6978361
2015-05-27,346.9965515136719,350.6893607285641,339.6958183111972,339.6958183111972,5615442
2015-05-28,342.11529541015625,350.392282072715,339.5261086682312,349.7555996357261,8018965
2015-05-29,361.30096435546875,369.28081006214694,341.5210918392449,341.9030898277323,75197864
2015-06-01,353.6606140136719,357.3534236500518,348.22752766441795,353.10881685504665,4727277
2015-06-02,354.9340515136719,360.3671385358863,350.3923027084802,356.84412768255504,4759119
2015-06-03,357.1412048339844,359.09370905935145,347.37859747087504,354.9764443928451,4054895
2015-06-04,353.49090576171875,360.2822720800695,351.45348724258486,356.97145980011965,3630919
2015-06-05,352.81170654296875,358.54190563324823,351.2836285395266,354.00018610526894,5527337
2015-06-08,348.5246887207031,354.76425755067487,346.4023850287536,354.29734556426894,3158812
2015-06-09,346.3174743652344,349.75559976988933,341.98798205028277,349.75559976988933,3013310
2015-06-10,352.34478759765625,355.3160008169169,346.44478940436414,347.88795339605343,3796042
2015-06-11,348.5246887207031,354.59448705312434,347.29375200446384,354.0851180696168,3434353
2015-06-12,352.132568359375,357.6929969935804,345.9778855692691,348.9915558495676,2529220
2015-06-15,351.1562805175781,355.18865980817236,349.4160038216232,354.67931964571017,2604882
2015-06-16,351.7081604003906,352.5570703832692,347.3362107486243,350.64699417636433,4285319
2015-06-17,358.4994812011719,360.36710017477685,352.09011390584476,352.81171029645606,4864718
2015-06-18,362.0224609375,367.9649157984524,351.3685164233841,354.9339835908711,6872461
2015-06-19,368.431884765625,371.23332779485014,362.0649740165545,362.0649740165545,3747410
2015-06-22,360.3670654296875,370.1296717850983,359.5181556359221,369.195848015619,4135774
2015-06-23,365.2908630371094,368.60164619691756,363.593014463326,364.1448116566274,5811630
2015-06-24,360.7491760253906,366.2247202073561,359.3908970429762,364.1873017337344,2864319
2015-06-25,362.2347106933594,364.6116985331902,358.669243306325,361.21600161914614,4373706
2015-06-26,354.8066711425781,363.72033980922885,354.21241698299326,361.9800630678064,2623558
2015-06-29,351.3685607910156,353.15129459986656,344.66208051097146,350.64696437056375,3194613
2015-06-30,356.5893859863281,358.24477740166884,351.45341252709454,354.4670826664347,5214359
2015-07-01,360.32464599609375,363.7203430159099,356.80163549028106,359.68796358441244,3142082
2015-07-02,367.7102966308594,371.95490389278956,361.2160434957464,363.3383471267115,4975741
2015-07-03,369.36566162109375,371.6577643246712,367.15847290314883,368.38940949514506,3975749
2015-07-06,367.6678466796875,371.9973389324158,364.8239467591522,365.46062918723493,2229083
2015-07-07,366.6067199707031,370.2146449419373,365.5880107289866,367.5829722144791,1311090
2015-07-08,365.2908630371094,367.58293705264754,359.2635221592478,364.1023834081739,3088205
2015-07-09,368.3470153808594,375.98729136145,365.2908877413665,367.0311646812965,6238280
2015-07-10,355.95269775390625,370.129711288069,354.5519906956152,370.129711288069,5725932
2015-07-13,359.6879577636719,362.4045153355635,356.1649473148712,358.2447937399605,2771223
2015-07-14,358.4994812011719,361.2160100503906,357.3958868647042,359.68796077611603,1532422
2015-07-15,359.0512390136719,362.3195646728821,357.0138210410116,358.2447574729829,2387269
2015-07-16,360.4944763183594,361.9800974858662,356.0376415612659,361.13115878496495,2347739
2015-07-17,361.51318359375,365.03619438478466,358.3721707824806,360.7915871390845,3436416
2015-07-20,364.56927490234375,367.15849044305196,360.87646494994215,360.87646494994215,2266929
2015-07-21,377.9822692871094,384.0944960874201,368.3470314564351,373.5254342509006,6657689
2015-07-22,373.0160827636719,380.9535003380821,371.7002320463009,375.6477267075575,3125401
2015-07-23,367.49798583984375,374.50157761086405,365.7152523437506,374.3742641429322,2619973
2015-07-24,368.3470153808594,372.59159398423566,365.1635454965425,367.9649886463874,2156436
2015-07-27,354.8066711425781,368.26205938094506,353.5757345769252,366.7340101082119,2565851
2015-07-28,348.0577392578125,360.7915600384187,347.2937146102441,355.6980432243462,3535491
2015-07-29,354.5519714355469,356.5045043071204,343.04908790193844,348.90665777123587,3834817
2015-07-30,353.957763671875,361.5980681987622,350.26495364993644,354.5520178837562,3646699
2015-07-31,355.52825927734375,361.7678277036069,351.4534514000688,355.48583102841525,3222836
2015-08-03,355.6131896972656,359.09374354152686,354.38225300379383,356.54698490737803,1546763
2015-08-04,350.8167419433594,361.6404863639872,347.3785880281688,358.92392882470295,5116932
2015-08-05,354.4671325683594,363.0836892845257,352.9390544160255,361.6405251234632,6127568
2015-08-06,352.3023681640625,358.24482398150064,351.45345822389703,356.5045471059908,4021215
2015-08-07,349.416015625,354.0001922237097,348.14262205769325,353.151282342455,4145596
2015-08-10,348.2275390625,352.6843734685928,346.78437500459495,350.3498425294692,2977050
2015-08-11,343.6858215332031,349.75561976722986,341.9030876106816,348.90670980238247,3210336
2015-08-12,338.4649353027344,344.40739082405656,332.1829100731816,342.964226750433,4155754
2015-08-13,328.4940490722656,354.06159843062244,321.9634327842278,345.73826621303544,7871377
2015-08-14,337.2868347167969,338.7381082859946,327.2134826086591,332.933100728335,3612439
2015-08-17,333.1038513183594,340.3173799269064,329.7318357030355,338.0551668500439,1642969
2015-08-18,329.1342468261719,337.7990488133406,328.0244732188426,336.4331647100503,1956234
2015-08-19,326.5732727050781,329.85992815934395,318.3353011606602,329.5184570873893,4410748
2015-08-20,324.3963623046875,334.64046465052303,318.762104569159,332.93310944182076,4434974
2015-08-21,315.47552490234375,319.18901218979704,306.04241850083287,319.18901218979704,6592108
2015-08-24,297.33489990234375,312.99984544505963,288.4993757390235,304.9752897774599,7423096
2015-08-25,297.3775634765625,313.72542053845496,283.8468063056138,299.25563970598404,8827955
2015-08-26,289.5664367675781,299.554428781252,287.2615288750588,298.78612615041226,7620596
2015-08-27,296.481201171875,299.7251614853503,292.2981883046134,296.6519222327216,8545234
2015-08-28,309.45703125,311.46316262756943,300.0666216767706,304.67646593604474,6812371
2015-08-31,302.4569396972656,312.4449314651491,298.7861187977072,311.59123941359655,8370962
2015-09-01,294.8592224121094,302.7130275735208,292.93845138926247,299.6398170620683,4459476
2015-09-02,293.0238342285156,298.61539719467066,290.03595541301684,297.0787919735657,7030063
2015-09-03,296.01165771484375,297.03607073959773,293.023808072426,293.023808072426,3675760
2015-09-04,298.7861633300781,301.0484056896191,292.1701862497661,294.51778915527154,5305451
2015-09-07,296.31048583984375,298.70078331573023,292.89580406638595,298.70078331573023,2898337
2015-09-08,296.8653564453125,298.31660117812777,289.5664380601851,297.9324643141823,3089268
2015-09-09,302.6276550292969,312.1888150434197,297.0787868780495,298.7861131360474,6374276
2015-09-10,299.1703186035156,300.9203398128339,295.37147092496065,300.9203398128339,3357167
2015-09-11,297.67633056640625,302.1581196718142,295.6275044306837,300.3227382183086,3354447
2015-09-14,302.3288879394531,303.05449583996506,295.49949597996607,298.7007617177596,2811019
2015-09-15,299.63983154296875,302.20085006173997,297.932476228328,302.20085006173997,2361340
2015-09-16,306.8960876464844,309.1156353348389,300.0666945788799,300.0666945788799,2974270
2015-09-18,304.6764831542969,309.84121449272385,301.51788330681234,307.3655567153104,6783352
2015-09-21,300.7496032714844,306.4692218577216,299.98130061159867,302.20084805268607,2792725
2015-09-22,293.4933166503906,303.05447634104627,290.50546689360027,303.05447634104627,4558449
2015-09-23,288.4566650390625,292.8104281538849,287.04811502406363,290.2493808252675,4087837
2015-09-24,284.2309875488281,289.05424808919264,283.4626849088448,288.45666652192614,9967481
2015-09-28,279.6639099121094,286.3225537864076,276.0784773932146,283.50542410636365,5295350
2015-09-29,275.4381408691406,278.98090678936774,269.4197458553592,277.4442725404011,7126332
2015-09-30,288.41400146484375,289.1823041068461,277.444261963028,281.7126356687112,7251836
2015-10-01,289.77984619140625,290.63350925367456,286.49319137019853,289.7371514757429,5093796
2015-10-05,295.5848693847656,296.60928255925114,289.6091403201232,291.8713824671479,5969834
2015-10-06,297.804443359375,299.2983829853176,295.03000883095183,297.93249863089943,4610836
2015-10-07,292.51165771484375,297.889805713226,290.5482206232353,297.80444516715215,3635620
2015-10-08,291.5726318359375,295.1153690836093,287.6457287740737,293.2372925513393,4770259
2015-10-09,296.7373352050781,297.8471089077321,293.02384832017657,293.6640957086971,5548083
2015-10-12,298.3592834472656,300.57883072171836,296.73731771069527,297.078788745717,2441453
2015-10-13,294.9019470214844,300.2374001429642,292.68239944795295,299.72520797460356,2590061
2015-10-14,295.6275329589844,298.9141882555739,291.8713802540641,296.6092803102427,3464048
2015-10-15,299.8532409667969,301.688622597919,293.66409614934076,297.07880670599894,5514188
2015-10-16,298.48736572265625,300.87766318421734,291.1030864414396,296.39587351027774,4598180
2015-10-19,310.4814758300781,312.14613636097454,295.3714468884279,301.3471469111772,4334115
2015-10-20,308.90216064453125,313.2985893625726,306.89602916187084,309.75585268178446,2588064
2015-10-21,317.1401672363281,319.1036042225994,310.65224576791275,310.7803010333445,4434717
2015-10-23,306.5545654296875,319.87190715190764,304.3350181114434,319.2743256022351,4452331
2015-10-26,300.6642150878906,311.8046459914784,296.0970364582283,311.5912302114874,7353435
2015-10-27,301.0484313964844,302.7984817232954,297.16422270641385,300.02401803828917,2855148
2015-10-28,305.87164306640625,307.10947205929074,299.63983228549927,300.74960601617096,3806874
2015-10-29,303.39599609375,306.426541054862,297.93248778141793,304.3350487798115,4560952
2015-10-30,297.9751892089844,308.0912086420149,294.133646742254,301.34717641574025,3988476
2015-11-02,298.9141540527344,300.2373434017822,293.3652861675739,296.65191218171674,2857066
2015-11-03,296.7799987792969,302.03009091955244,295.2860593109849,299.68248827299294,1670964
2015-11-04,295.71295166015625,299.0422731016046,292.98118294529695,297.9324992877885,2412413
2015-11-05,287.3042297363281,295.37145089213004,285.21270868427496,293.109208765743,3467567
2015-11-06,289.5664367675781,292.08478935802145,270.7002264188188,284.27367888704225,3373067
2015-11-09,286.19439697265625,289.0542203706433,273.81613757080635,285.1700128218298,3630757
2015-11-10,283.1211853027344,286.57856128715395,279.6211146012522,283.9748483929797,2421896
2015-11-13,285.0419921875,286.83470802869005,277.4869630397506,277.4869630397506,2780378
2015-11-16,286.6212158203125,289.6517598347313,282.1394274121137,286.5785211092356,2697681
2015-11-17,285.5541687011719,288.24324231582585,282.5663187647934,287.2615239104072,2173068
2015-11-18,285.08465576171875,292.08479799435554,283.8041609745837,286.8347057730676,2486993
2015-11-19,289.8652648925781,291.1030939251255,283.59075918775756,286.10908307070383,1983013
2015-11-20,291.4018249511719,293.9628431600114,285.1273202222834,289.0115277999461,2315668
2015-11-23,289.395751953125,295.5422026762645,287.6457306806528,291.6152995883723,2146374
2015-11-24,291.5726318359375,295.1153690836093,286.1090944236875,289.82258166868303,2882252
2015-11-26,292.0847473144531,295.0725968723895,290.2920317984165,291.95669207668277,8126680
2015-11-27,292.1274719238281,294.30432446956837,289.6944799699611,293.5787165897807,1460049
2015-11-30,285.4261169433594,293.6640878623405,284.4443985259157,292.81042470045526,7110699
2015-12-01,275.5234375,286.79195114886375,274.41366402039574,286.79195114886375,9058372
2015-12-02,275.6515197753906,277.91376166973635,270.1453176440282,277.7003458955199,6804758
2015-12-03,272.79180908203125,278.7248445845551,271.8954509923954,274.88330165572,4408535
2015-12-04,274.2856140136719,275.31002699275905,270.7428777540723,271.4685144541492,2941586
2015-12-07,273.26129150390625,276.59061275622105,272.0234624886025,274.2856758074029,2685214
2015-12-08,271.3404846191406,273.5600318284185,268.99288216219264,273.17586608540824,4590607
2015-12-09,265.3647766113281,271.04170032024285,263.0171739732315,270.8282845264503,5188413
2015-12-10,266.9013366699219,268.437970593817,263.3586004055328,267.96844436447054,2341048
2015-12-11,264.2550048828125,268.90751547223476,262.5049548917916,268.90751547223476,2355955
2015-12-14,261.3525390625,265.49285789950034,259.6451836383809,262.07814705126214,3826300
2015-12-15,263.95623779296875,264.63917999942987,260.02933455900876,261.35255315051666,2623471
2015-12-16,273.4747009277344,274.840585175697,264.25501116036605,265.4928401467847,4587498
2015-12-17,275.22467041015625,276.846664876852,273.21853913728853,274.02953637063644,4000133
2015-12-18,272.3648986816406,276.0783852520318,271.46854085107645,275.13933270329727,4544383
2015-12-21,273.9442443847656,275.9503761595394,270.6148940955317,272.70641532092844,3305363
2015-12-22,275.9076843261719,279.40775574057506,273.3466656274125,274.0296078012659,3705221
2015-12-23,283.7187805175781,284.14564103319054,276.761332786676,278.2979670488443,3980119
2015-12-24,288.9261779785156,290.0359516132609,280.56018099875246,283.6333914007002,2858615
2015-12-28,283.20660400390625,288.5420861330273,281.71266438273125,287.9018097774484,3336594
2015-12-29,286.19439697265625,287.0480889735129,282.139468367497,284.18826557552586,2788729
2015-12-30,284.3590087890625,289.69446081568327,283.4626509985822,289.39568452098155,1726114
2015-12-31,290.59088134765625,291.74334987178196,283.8041832857213,285.12737289900116,3275719
2016-01-01,290.6762390136719,293.66408899820516,288.2432469614075,290.2067127102676,1387248
2016-01-04,278.9809265136719,289.3530566690251,274.0296101637392,288.5420881236666,3498169
2016-01-05,276.1210632324219,280.6455473028062,274.02957117105933,279.1516078839028,2351113
2016-01-06,275.0539855957031,283.84681436412194,272.87710408394184,278.2125855158996,2678635
2016-01-07,275.1820373535156,278.12719254139887,270.273387560955,273.944208452042,3135368
2016-01-08,276.4625549316406,277.4016075919272,271.89540470631397,276.8467207216797,1999282
2016-01-11,274.15765380859375,276.59061715425,268.6514507844396,274.02959854202544,2795794
2016-01-12,269.2490234375,277.828466775875,267.71241793758145,274.883282145712,3262399
2016-01-13,263.44403076171875,275.3527950702487,257.8524670541596,274.0296054596079,5044083
2016-01-14,263.5720520019531,266.3464861348308,256.52924432324323,261.9927520556125,3633282
2016-01-15,261.309814453125,266.0903801875625,258.74879606302,266.0903801875625,3572695
2016-01-18,256.3158264160156,263.52935510181794,250.85228982247,262.761052494945,4574694
2016-01-19,264.895263671875,266.6879795553149,254.7365499678424,257.639039597566,3707778
2016-01-20,264.29766845703125,267.9257947604325,258.49268949669215,263.3586447466109,5629713
2016-01-21,264.0415344238281,267.5416047748835,259.2182748528198,267.2001337916983,3422136
2016-01-22,254.99264526367188,265.66358059599895,248.8888893317927,265.57822005087195,5904068
2016-01-25,253.9682159423828,256.9134002672594,249.7425368024328,255.97437651748157,3479687
2016-01-27,254.22434997558594,255.67559491069088,249.10231242890762,253.96823942633725,5644966
2016-01-28,248.76083374023438,252.55968151049703,246.1571203193543,251.23649189039816,7080505
2016-01-29,247.48028564453125,253.79748567050302,240.99236454528506,247.0534540549664,7373584
2016-02-01,253.1999053955078,254.395068540053,248.59006061061115,249.44375270048323,4425387
2016-02-02,257.9805603027344,259.5171659537953,252.43166159730322,253.1999644228337,4808715
2016-02-03,255.93162536621094,257.6389803162483,252.81572064887615,256.69992786713436,5232930
2016-02-04,259.73052978515625,261.05371932560615,257.4682875869007,259.34639290251204,3411138
2016-02-05,262.2488708496094,263.35864453783097,257.85244191157545,257.8951077264279,2647351
2016-02-08,265.4928283691406,267.6270151853118,260.8829836899558,263.23058629710624,2753109
2016-02-09,266.5599060058594,268.01115072116886,262.0781166047009,263.7854718304703,3145945
2016-02-10,265.7489013671875,268.8648354085958,263.3586330230862,265.4928197701335,10180024
2016-02-11,263.52935791015625,269.3343656026604,259.90126062201614,260.370758009947,6520711
2016-02-12,277.0601501464844,281.7126611406508,262.50497772835314,266.7733518199749,4049410
2016-02-15,272.23687744140625,281.6272884762977,270.1453563045654,280.47482000549803,5615585
2016-02-16,269.16363525390625,277.3589119227015,267.84044571447356,275.182059172378,2910959
2016-02-17,272.79180908203125,274.54183053079277,263.44406233023506,267.62707638399746,3974587
2016-02-18,274.2002868652344,275.8222815061307,269.80385813478097,275.7369209740775,2569038
2016-02-19,278.34063720703125,279.96263203506714,270.4014708697971,273.6027658017277,5961801
2016-02-22,280.9443054199219,285.8956207444873,274.8832165096954,277.0174031528227,3455165
2016-02-23,274.2856140136719,284.2736333331787,271.5538749758131,284.2736333331787,5437598
2016-02-24,276.5479736328125,277.91385818726076,271.169824879462,271.59665657613056,2523354
2016-02-25,275.352783203125,277.8284412288973,271.46857508301065,277.4016096188773,9556967
2016-02-26,271.42584228515625,277.3161812712006,270.61484499605285,277.3161812712006,7064596
2016-02-29,269.3343505859375,275.18202376601073,267.2428297381533,270.6148452375185,3988625
2016-03-01,273.7734375,275.1393215495606,264.8525253677922,269.37700905536775,4830530
2016-03-02,278.59674072265625,279.7918749983228,274.02959051617984,274.88325372645886,3289694
2016-03-03,284.61517333984375,285.9383629187889,276.590617511049,280.3467993451697,3265002
2016-03-04,281.0723876953125,287.3895877040062,279.23697717754914,283.41999033787704,2167900
2016-03-08,282.9931640625,285.1273509509339,278.93820608383777,281.2858087704771,2393678
2016-03-09,285.6395263671875,286.7066342021374,280.2613791918767,280.9016554553977,3430173
2016-03-10,287.09075927734375,289.13958542381243,282.5663043368626,283.4626621626456,1837525
2016-03-11,287.90179443359375,289.2249839873005,285.1273600618893,285.98102328198905,3018179
2016-03-14,290.88970947265625,291.95678862967924,283.2493186453902,286.1091139113188,2633043
2016-03-15,292.7251281738281,294.0910127914962,286.8347868931189,290.24946953090165,2309456
2016-03-16,288.96893310546875,294.3470813395345,286.3225248101515,291.3165361168601,4361912
2016-03-17,290.88970947265625,300.23742695115914,288.5847722432726,291.3592069579161,7155690
2016-03-18,293.9201965332031,297.29221225174257,290.29207030515033,295.2006912680137,3951904
2016-03-21,301.9020690917969,303.0545086184241,292.9811557760917,294.51776108251414,2813415
2016-03-22,299.554443359375,304.50575933950154,294.2189904983234,302.9691540030415,4425316
2016-03-23,305.7862548828125,308.5180231460449,300.49346832598826,300.49346832598826,5116641
2016-03-28,298.61541748046875,308.17657830810225,296.0970647854447,306.3838624595697,4630593
2016-03-29,302.6276550292969,305.40208910492055,295.41409752629824,296.22509484267346,4073263
2016-03-30,302.03009033203125,306.68262980101474,299.72518241141927,303.0545034877628,4229163
2016-03-31,299.4691162109375,304.46312747083874,295.84101826718313,301.7740533790098,7926944
2016-04-01,286.3651123046875,298.9568148637944,283.5906786767669,298.9568148637944,4517171
2016-04-04,297.50567626953125,299.55447395863445,286.4505747244732,286.4505747244732,3434762
2016-04-05,282.1395263671875,295.79831212498397,280.90169728190324,295.79831212498397,5289842
2016-04-06,285.5541687011719,289.8652369911939,283.0358450606304,284.65781082962053,3037097
2016-04-07,282.77978515625,287.0908253113572,281.0724296414824,286.92010421307197,2415746
2016-04-08,285.6395263671875,288.0298236361182,277.9564713623339,283.37731325733864,2319546
2016-04-11,297.2922058105469,298.7861163021252,291.10306134059016,291.4871981901593,4524262
2016-04-12,298.8714904785156,300.92028768647225,293.792119909957,297.2494959114083,3089585
2016-04-13,299.8532409667969,311.16442271286127,298.4446620222832,299.68249098577445,6614377
2016-04-18,306.8106689453125,309.88387934472576,300.66421924010876,303.0971822907071,2828391
2016-04-20,304.4630432128906,311.03632398279245,302.28616192396777,310.7375476907344,3250868
2016-04-21,304.9752502441406,306.4691895905246,299.6397980027893,305.4874712343872,2218219
2016-04-22,301.4325256347656,305.572843907371,298.5727020759105,299.63980991041325,1460160
2016-04-25,306.4265441894531,310.7376129568962,302.4569754080537,302.4569754080537,3431082
2016-04-26,307.66436767578125,310.5668573472312,303.395993710383,305.146043801897,2605766
2016-04-27,318.4633483886719,325.5915459959333,309.1582980457212,311.59126130550794,8618572
2016-04-28,318.16455078125,328.66473469083144,316.2864456052454,327.3415452487393,10016684
2016-04-29,310.3960876464844,318.07917114335567,307.7496800148699,317.43889491436573,5411248
2016-05-02,305.4447937011719,311.1644120070021,304.2496595006506,309.88388836571795,1745061
2016-05-03,314.4510498046875,316.2864312711794,305.6155267781351,305.6155267781351,4349238
2016-05-04,308.5606689453125,315.2193392018691,306.7252875555767,312.402210589725,1883272
2016-05-05,302.5422668457031,312.44489698761345,300.19466454914675,309.45701849645116,2375047
2016-05-06,306.5545654296875,311.12171532013247,302.5423023688035,304.7618496870476,3196077
2016-05-09,313.1278991699219,314.0669229251875,305.78628567635224,307.5363068297318,2070741
2016-05-10,314.8778991699219,315.2620649347088,307.6216756104304,313.7254307819391,2932396
2016-05-11,306.3839111328125,322.2195799460209,304.7619161043787,311.16447785289733,5316307
2016-05-12,309.1156005859375,310.3534295662756,303.6520925273049,309.88390324504746,3224321
2016-05-13,302.96917724609375,309.0302674238089,301.34718233932176,309.0302674238089,4006032
2016-05-16,301.7313537597656,304.03629089047115,292.6824130513523,303.05454342037973,2996171
2016-05-17,299.810546875,306.46921802128725,297.59099946169727,303.9081995516011,2749594
2016-05-18,299.8532409667969,301.0057093929664,296.43853041013864,298.78613307794905,2421651
2016-05-19,294.3470153808594,301.17640705694305,293.15188123211715,299.85321765898266,2741126
2016-05-20,291.9140319824219,295.79826866541396,289.6518188680986,295.28604765358403,4199413
2016-05-23,295.243408203125,297.7190662310195,291.5299211612832,295.969016159505,1842701
2016-05-24,294.6458435058594,296.18247786032344,291.7860484271297,295.2860909581633,2293594
2016-05-25,300.1946716308594,300.9202794600308,296.22507475615623,296.31043528199257,2157455
2016-05-26,301.2191162109375,303.9081898542598,296.8653531543774,300.49347939938474,5273432
2016-05-27,299.8532409667969,305.27408313559965,298.4019962068119,301.3044857267819,3075870
2016-05-30,303.8228454589844,304.93264820114575,300.7069397734218,301.43257669256013,2845695
2016-05-31,299.9813232421875,304.7618895456662,296.3531965622876,304.67652900065696,24281872
2016-06-01,310.0973815917969,311.0364054297439,300.74963559471166,301.8167147074657,3081625
2016-06-02,312.6156921386719,314.15229755721896,307.1521837233191,308.47537332853364,2604662
2016-06-03,305.7436218261719,312.18887803222344,303.3533530201513,311.5912963775269,3677399
2016-06-06,297.7190856933594,306.5119446301843,296.3958960521121,304.7618944442664,5264582
2016-06-07,298.060546875,300.57887080099937,296.48124674073716,297.7190757944464,4463323
2016-06-08,301.0484313964844,305.8290270680621,300.1520733213616,303.5667845153457,2654000
2016-06-09,299.8532409667969,304.2496699686022,298.61541200330566,303.4813384135698,1549979
2016-06-10,299.7251281738281,301.81661992182165,296.73727869006973,298.52999416159946,2180603
2016-06-13,292.2982482910156,299.21303080191035,291.572640273941,297.33492530890686,2180335
2016-06-14,292.51165771484375,294.09095789592885,287.98717298996394,292.9811840778229,3358585
2016-06-15,300.40814208984375,301.21913949887386,296.22512868581816,297.07882081872685,3259569
2016-06-16,295.79827880859375,300.45078935611406,291.31648933328586,300.1093472116893,2614007
2016-06-17,304.76190185546875,306.3838968080674,294.04830028581205,297.07884546029237,5592177
2016-06-20,311.1644287109375,312.44495242096275,302.03009947558564,303.90820477113994,3205939
2016-06-21,309.2009582519531,311.3351449329701,307.45090840782086,309.24362406362,1615514
2016-06-22,309.92657470703125,313.29859033465755,308.04849846945046,310.69487730847897,2399688
2016-06-23,311.4205017089844,312.2314989973983,309.0302045612713,311.3351411803029,1405739
2016-06-24,303.7801818847656,307.3229192400735,297.6763968364645,304.76190045346283,2445195
2016-06-27,299.767822265625,305.572800179227,298.57265934950215,302.2007849986901,2697253
2016-06-28,304.84722900390625,306.0423921768908,300.32277355480073,300.7922709730665,3541398
2016-06-29,304.07891845703125,307.57898953339395,302.4142579089314,306.0423842438216,2469054
2016-06-30,313.1278991699219,315.85963880187103,303.43868292861805,305.61556459589667,4076692
2016-07-01,314.4510498046875,318.29259160975425,309.58509492451117,312.2741684067826,2907785
2016-07-04,318.71942138671875,320.8962738661053,314.92057432086176,316.3291242247956,1855655
2016-07-05,312.3595275878906,319.27430858843275,310.39609088218975,319.27430858843275,1559936
2016-07-07,310.18267822265625,316.96937513788583,309.58509669882335,311.59122814251936,2606039
2016-07-08,303.0971984863281,309.2436485199597,301.34714850379424,307.9631537539083,1746867
2016-07-11,307.19482421875,312.3595558509621,305.65821892687205,312.3595558509621,2437511
2016-07-12,310.1400146484375,311.1644278322891,307.32288561944046,309.37171198714367,1333227
2016-07-13,310.4814758300781,312.4022468753828,306.554573203459,312.3595521541885,1609500
2016-07-14,313.25592041015625,313.89619671735596,308.9021860530957,310.39612556138906,1097465
2016-07-15,323.45733642578125,324.353694290973,311.9327105249923,311.9327105249923,2814751
2016-07-18,309.5851745605469,324.3964298820183,308.21929010904796,324.1403482271502,3592796
2016-07-19,310.9936828613281,314.32300377327095,305.2740647040437,306.51189359279846,3552577
2016-07-20,310.2253723144531,313.2559171153921,308.47535120806583,310.9083144306968,2845114
2016-07-21,314.02423095703125,315.60353089843477,309.45705219905904,312.359541576131,2198453
2016-07-22,313.597412109375,315.68893333990235,310.82297761685874,314.15229900787824,2559958
2016-07-25,317.5242614746094,318.2498982457905,309.9692619863938,310.7375645694008,1850765
2016-07-26,315.7315673828125,318.3779752455011,313.17054896236255,315.8596226397918,1862583
2016-07-27,318.0364685058594,322.04873121119044,314.493703148261,316.45716869097373,2593217
2016-07-28,317.4815979003906,325.9329841857856,310.39609573057993,325.9329841857856,8216550
2016-07-29,309.0729064941406,317.48159806540275,307.70702237784644,317.48159806540275,4178023
2016-08-01,310.7375793457031,313.29859771296765,309.1155846661548,310.2680530486561,1775282
2016-08-02,305.4447937011719,311.42052251653456,303.6093832268195,308.9448646747291,3557285
2016-08-03,306.3411560058594,307.6643454802716,301.56059022830016,306.5972665190935,2491473
2016-08-04,312.65838623046875,314.79257326585207,301.3898694336027,307.1521831010521,3301158
2016-08-05,310.7375793457031,317.14013971705333,306.93873206185003,313.46934768752016,4259304
2016-08-08,300.109375,311.50591817635427,298.1886037746765,309.88392330825656,5372323
2016-08-09,298.3166198730469,303.0972148624582,294.30435647243326,301.26180424429737,5734542
2016-08-10,295.755615234375,301.6886500738307,294.51778615815005,299.6398524596231,1704178
2016-08-11,296.83544921875,297.17826599462614,293.10732766370825,296.7497522798554,2758046
2016-08-12,298.07818603515625,299.1066364650211,294.90713779814814,295.0356977294188,2615030
2016-08-16,293.4929504394531,301.12058594647056,291.13609644548376,298.6780350302441,4152972
2016-08-17,296.23553466796875,299.53514275397725,294.3929197531664,294.3929197531664,3575486
2016-08-18,302.6632995605469,303.3060991406236,297.2639572096851,298.59236130801514,2093475
2016-08-19,301.1635437011719,304.24886603579023,297.6496785798111,303.3918385029076,1895295
2016-08-22,300.1350402832031,302.53472855991,296.62117578195154,300.8206737966325,983587
2016-08-23,303.1776123046875,304.5917136811271,295.42141367806096,298.24964545124425,2546554
2016-08-24,302.19195556640625,307.1199212918396,299.96363202890046,303.391799763296,1809971
2016-08-25,296.5354919433594,303.39179836014335,294.9071050219782,301.0349439362581,3583163
2016-08-26,294.7785949707031,298.33532320789396,292.7217230119289,297.8210834529737,1250748
2016-08-29,293.62158203125,298.03530833862067,287.3223198317569,294.3929125604963,2828305
2016-08-30,284.4083251953125,294.9070543827455,281.7515174348736,293.750044348874,4487274
2016-08-31,284.2369384765625,288.7363898096786,281.8372214254696,284.751149048793,7103241
2016-09-01,266.41058349609375,284.83690638338885,258.39726632231356,282.822868599544,39290697
2016-09-02,273.3097839355469,275.06670206525393,262.68249114330706,264.09659244035146,17010250
2016-09-06,275.5380554199219,276.6522027763093,267.9532517795767,273.309760707147,7841855
2016-09-07,274.38104248046875,276.30938335449724,270.9100405153373,272.96694131700764,3788590
2016-09-08,278.0234375,280.42315484425217,273.39542570337625,274.3810130157257,3819474
2016-09-09,276.05224609375,280.0374875181741,272.8383641865418,277.2521193292206,3280689
2016-09-12,272.58123779296875,275.92370855963753,269.19593306768314,272.4526778765241,3494956
2016-09-14,274.12396240234375,277.0378908089053,271.7670786702563,271.7670786702563,2224288
2016-09-15,276.5665283203125,278.537703335659,271.595698775105,273.43834287143954,2301243
2016-09-16,277.33782958984375,279.8232440994574,275.1952318753596,276.05225935303355,3584872
2016-09-19,277.8091735839844,278.53764105013187,275.15233647963925,276.8235862967044,1697274
2016-09-20,273.5668029785156,277.6806038905193,272.2812619587356,277.6806038905193,3040194
2016-09-21,275.83795166015625,276.8235679022395,273.2239777064594,274.5952446343196,1845538
2016-09-22,280.25177001953125,281.0659635708903,276.5236480930667,277.33784164442574,1642721
2016-09-23,280.2088928222656,282.8228379475989,277.6806156108465,279.3946993965293,2369838
2016-09-26,274.5524597167969,281.7087203718035,273.4811463554545,279.39472878297056,2391218
2016-09-27,269.7958679199219,275.8808437901595,269.1530973621677,275.8808437901595,2490305
2016-09-28,275.7523193359375,277.2092835330555,266.624854356801,268.7245891943326,3263576
2016-09-29,270.56719970703125,277.4235060839242,269.19593262759327,276.3950557743457,6941546
2016-09-30,269.11029052734375,271.25288852049283,264.0537639067604,270.61011782863903,6355157
2016-10-03,273.1383361816406,274.2524835314461,269.1102605292208,269.1102605292208,1672721
2016-10-04,277.6806335449219,278.4091010632003,270.9100239194152,272.1098681367374,2908344
2016-10-05,275.70941162109375,279.5232589215767,274.76668730549346,275.96653144366473,1439691
2016-10-06,276.22369384765625,278.7519424250279,273.4811593715781,278.4948515831209,1741337
2016-10-07,273.7811584472656,278.06635431001285,271.8528174069992,276.4808300995782,1477152
2016-10-10,270.7386474609375,274.16678645400214,269.96728789270566,272.62412535813803,2687189
2016-10-13,262.896728515625,269.02456806185336,261.82544413078807,268.21037451719707,3440146
2016-10-14,261.73974609375,263.88234411235874,259.1686342754802,263.88234411235874,5431236
2016-10-17,258.225830078125,262.12534508077476,253.89777238768218,261.73966536784934,3779712
2016-10-18,262.81103515625,263.9680455239072,254.58346069125525,258.8257933455976,5102965
2016-10-19,263.0680847167969,265.2106819634205,260.539807777258,262.81096492152005,5073975
2016-10-20,264.9107666015625,266.1106399379648,261.39690157975633,263.1966825640594,5290430
2016-10-21,265.46783447265625,266.88196465524044,261.91113556548936,266.88196465524044,2362713
2016-10-24,262.81103515625,263.9680455239072,260.2399235772455,262.5539152922593,2185144
2016-10-25,267.2247619628906,267.73897261522217,258.5686456495466,260.1113356471363,4024793
2016-10-26,272.2813415527344,276.7379314898723,269.79592669692954,269.9673206082179,6538988
2016-10-27,276.9093322753906,279.094764081204,268.76745467336985,269.5816482376321,5615716
2016-10-28,273.266845703125,276.7807100152772,272.7526351058733,276.7807100152772,1566275
2016-11-01,272.0670471191406,274.85241544558284,271.0385967323852,272.5384238406076,2398681
2016-11-02,265.3392333984375,270.48148460091585,264.52506901747006,270.3957876692817,2221637
2016-11-03,264.7821960449219,270.2672647448038,261.6540109397074,264.8250590267519,2989059
2016-11-04,262.8538818359375,266.15349018243796,260.5827529951536,265.467856525495,2376146
2016-11-07,261.9111328125,267.3104755904143,260.28274577457375,267.3104755904143,1847168
2016-11-08,261.3111877441406,262.89671174881937,257.96874585226044,262.768151826778,1527704
2016-11-09,257.96875,261.3968888882608,242.58490092339883,246.82724782762938,5669889
2016-11-10,264.5250549316406,269.19590021067285,259.897043605997,261.3968414007648,3190980
2016-11-11,258.3115539550781,263.92515323363733,255.6975796822299,260.53984847476613,1886129
2016-11-15,259.3827819824219,261.31112228942277,251.96940350413936,259.68276473214297,3114405
2016-11-16,265.3821105957031,266.8390745927407,259.9399053307206,261.4397323060198,2746958
2016-11-17,254.66912841796875,270.48150489394243,252.95504455520918,266.88194329229606,4236589
2016-11-18,260.3255615234375,260.92549806334233,253.040742197282,255.74041309641262,3641254
2016-11-21,256.68316650390625,261.8682520597503,254.92624867932167,260.88266471962476,1826207
2016-11-22,260.4969787597656,261.7825488834279,252.82647903661606,257.96873051096856,3327374
2016-11-23,257.58306884765625,264.1822847812032,256.38322459623805,261.78256725806807,1970256
2016-11-24,259.1685791015625,261.1397827887822,255.74044041378065,257.9687349138834,4795418
2016-11-25,257.96875,262.25394537555013,255.95471223633328,259.59710799134166,2099139
2016-11-28,273.2240295410156,275.2809303230299,257.9687546251583,257.9687546251583,4886483
2016-11-29,278.40911865234375,279.3947350927213,271.50997769149944,274.9381166805569,4516337
2016-11-30,278.1947937011719,280.08030015505864,277.50916026708444,278.5376104182156,4993485
2016-12-01,272.7098083496094,278.3662707720856,268.7245668655242,277.68063720449464,7124295
2016-12-02,273.0526123046875,275.366603721366,269.3673538172528,269.96726139548593,1836012
2016-12-05,280.0374755859375,281.66586247027817,272.1098560548253,272.1098560548253,2481220
2016-12-06,281.8372802734375,284.49411767554307,278.3234153985683,280.166059289369,3142493
2016-12-07,281.2373352050781,287.06522051429715,278.62338988333744,282.56576837648356,2899591
2016-12-08,284.92266845703125,286.25107282065113,281.4516661126267,283.5085381187498,2061325
2016-12-09,284.5369567871094,289.2078320509914,282.0515422467501,286.37960071126184,2646396
2016-12-12,282.0943603515625,282.82282779664683,279.86606602029985,282.3943141206802,775144
2016-12-13,282.8228759765625,283.63706951177704,279.3947369645381,279.3947369645381,1063869
2016-12-14,276.4808044433594,282.60861480505423,275.53805099372966,281.19451365090913,1481398
2016-12-15,272.92401123046875,276.2664814664441,272.10981790245603,274.9380485543001,3073256
2016-12-16,265.8963317871094,273.9096485990226,264.3536707926152,273.3954379409572,4401700
2016-12-19,261.825439453125,266.96766244907417,260.6255661391837,266.02490899102025,4126010
2016-12-20,259.297119140625,262.89668044801965,256.3403283466094,262.2539099346406,3596096
2016-12-21,258.56866455078125,262.5539062237855,257.11170040565815,260.62556535106086,2651665
2016-12-22,250.4696044921875,257.92584676439503,248.75554982571674,256.6831397190271,3156188
2016-12-23,253.29788208007812,254.66914928263165,249.52692629335567,253.16932215230128,2047449
2016-12-26,253.76925659179688,254.54058713142064,247.42716034553547,252.39798940122148,2719536
2016-12-27,256.76885986328125,257.7973101683246,249.526902789917,253.6835379684482,2548216
2016-12-28,256.68316650390625,259.76851746203977,254.36917505052918,256.25465279257315,2899350
2016-12-29,259.68280029296875,260.9255073711987,254.96906277464137,258.311533307295,3551526
2016-12-30,261.9539794921875,263.19668681189626,257.1974361142617,258.2258865533621,1955045
2017-01-02,266.53912353515625,267.3961509467907,259.76851411829335,259.76851411829335,1643255
2017-01-03,260.9255065917969,269.0673535093982,257.1116594166732,267.3532988027211,3286354
2017-01-04,269.0245666503906,270.1387140128957,256.3832368538367,259.1686052600994,5776206
2017-01-05,275.1952209472656,276.8236079145415,265.7249400057194,268.38174829724545,4268281
2017-01-06,274.0382080078125,282.8228553005984,272.7955008144814,273.52399735070554,2656936
2017-01-09,272.4955139160156,275.4523046410366,270.9956870661669,274.7666711679798,2635116
2017-01-10,274.33819580078125,275.1095263105766,271.72422144737044,273.3954423886434,1058176
2017-01-11,276.6092529296875,278.23763949015324,273.22394894055844,275.1951521968964,2609766
2017-01-12,275.795166015625,278.837654162138,274.25247594141206,277.2092671449963,1680284
2017-01-13,274.4239501953125,278.537723448915,270.8243877157962,276.3094283940343,2614161
2017-01-16,273.0526123046875,277.16641351695625,271.9384650647723,274.25245648145074,1871694
2017-01-17,272.9669189453125,274.0810661998296,271.7670457325269,273.30973571749445,2050997
2017-01-18,269.0245666503906,273.22403624127895,266.75340894209177,272.5384316507606,3670155
2017-01-19,271.76702880859375,276.4807663876285,266.539109633752,269.1102207548556,2526854
2017-01-20,274.7238464355469,280.680262669119,269.1531099668672,269.1531099668672,3784887
2017-01-23,273.9525451660156,275.9665831058345,270.3101200721338,275.10955556388654,1985278
2017-01-24,271.25286865234375,273.39546648855645,269.6673445123283,272.5384389621917,2393587
2017-01-25,266.839111328125,269.71020575949495,261.3969053139212,261.3969053139212,14931206
2017-01-27,277.4664001464844,281.10882510675424,265.93921761643765,265.93921761643765,3540993
2017-01-30,296.23553466796875,317.0616045679422,276.0522644083215,276.90932092198983,23241046
2017-01-31,298.4209899902344,302.53476251218706,294.00723463480546,299.1494865626204,11732135
2017-02-01,295.7641906738281,299.8779633220891,291.52182907558694,296.5355212316083,4103983
2017-02-02,302.7918395996094,308.36260447956107,295.03564335175207,295.6784138693366,6964972
2017-02-03,303.22039794921875,310.24812778321603,301.8491597804163,302.7918842076993,2662623
2017-02-06,304.46307373046875,305.92003771316524,302.2347792887325,303.39178948744035,1504449
2017-02-07,302.6632995605469,307.5055682888736,300.6492619236664,303.56318995235716,4062008
2017-02-08,301.8490905761719,304.97727499643173,297.3067763087527,304.2487785866297,4888372
2017-02-09,304.46307373046875,305.96290069100496,300.64925539281336,301.7205686561382,2043938
2017-02-10,306.434326171875,308.8768778512423,304.29172832427,305.96294942174774,2203893
2017-02-13,306.86279296875,308.5340138104297,302.83471775747637,302.9204146933915,3669035
2017-02-14,316.2044982910156,317.01869169376045,304.24880412639476,306.39140154292073,4739203
2017-02-15,313.0763244628906,319.2469971107473,308.61973561174307,317.01870268517354,3974478
2017-02-16,313.419189453125,316.16172394989786,308.79117699997107,309.6482045200623,4049974
2017-02-17,316.6758728027344,318.9898930874724,310.5052004105913,314.53327540071155,2551827
2017-02-20,321.6895751953125,324.817759965147,317.2329573544628,317.2329573544628,3876138
2017-02-21,310.97662353515625,323.8750438302955,308.1055292380525,318.9042147931364,7028108
2017-02-22,309.39111328125,319.2470458309193,307.7627261707947,311.0194713714046,7531248
2017-02-23,313.8905944824219,343.67270977350864,311.7051334808334,317.96153361029445,39500561
2017-02-27,304.84881591796875,314.9190349667875,302.1491442481577,314.53335514811346,10077345
2017-02-28,312.9477844238281,319.7612570658141,305.44870723991653,305.9629179014353,13488220
2017-03-01,310.8908386230469,316.1187865212879,309.7766915011845,315.86166671769075,3826413
2017-03-02,305.8343811035156,313.6763046817239,301.8491683696248,311.9622206465718,4657721
2017-03-03,305.2344055175781,309.8195538982881,302.79182542854153,305.83431303112917,4021692
2017-03-06,309.819580078125,311.9621775711423,306.13432167663,308.5340099741961,3302817
2017-03-07,309.4767761230469,310.6337863624246,305.4058378158491,309.3910791846516,3171320
2017-03-08,309.1339416503906,312.0478695513802,307.24846401215547,308.7054279626502,3024515
2017-03-09,308.7054748535156,310.1624390253162,305.66298658000557,308.4054920102948,1304223
2017-03-10,312.7335510253906,314.1048182527146,308.4912184336198,309.26254899391444,2319807
2017-03-14,309.4767761230469,316.93301918968507,307.3341785413795,313.67627434798635,5921380
2017-03-15,311.276611328125,313.8048891048478,305.27733124698983,308.53407665782265,7389777
2017-03-16,309.0910949707031,313.3334561557857,307.7626908605479,311.9621890664781,2670827
2017-03-17,297.26397705078125,311.1051506210499,294.8214255443512,309.5196556051613,6378625
2017-03-20,299.44940185546875,301.9348160457878,290.75045218935213,296.5354739813627,4737850
2017-03-21,299.8778991699219,301.50628590377875,295.7212644275532,299.1065687771506,2511084
2017-03-22,289.8505859375,298.67809624654956,279.22329479071203,297.3925260680372,8955493
2017-03-23,290.1077575683594,292.8502632743309,287.579479740037,290.3648484337203,4762081
2017-03-24,291.8218078613281,297.9924812580841,289.8506040008048,292.59313840838513,5308761
2017-03-27,290.27911376953125,292.97878515739,287.2366255854222,291.39326110226983,3212610
2017-03-28,292.03607177734375,294.39292645808536,290.19342780027466,292.16460268803655,2316105
2017-03-29,295.5499267578125,296.87836011643645,292.4217413107191,293.5358887570728,9825597
2017-03-30,300.9920959472656,302.020546314047,293.2787617268533,295.54989030565946,4345156
2017-03-31,300.00653076171875,301.93487171459066,295.6784721087816,299.963667777319,5787371
2017-04-03,292.9359130859375,296.5354744681296,288.17934153938495,296.5354744681296,7333921
2017-04-05,295.24993896484375,297.6067935257978,290.62192678580874,293.921534779264,4693744
2017-04-06,292.9359130859375,293.96436334089174,289.33635170374544,293.96436334089174,2412374
2017-04-07,295.4213562011719,300.34932209583496,292.8930787826952,294.8642825527395,6347228
2017-04-10,296.27838134765625,298.5923728646008,293.15019634463374,298.50667592403954,1532435
2017-04-11,300.1350402832031,304.89161190000846,293.8358077713297,293.9643676826347,2327556
2017-04-12,300.6492919921875,303.30612947486014,295.9784456915065,297.3925468685081,2529238
2017-04-13,291.6075134277344,302.9633014888601,290.750485960615,299.9636473133443,6554985
2017-04-17,292.5073547363281,294.22143840290704,290.0219406748622,293.7929247413358,2089233
2017-04-18,290.36480712890625,294.2643517656501,288.2222094338676,291.39325750496073,6170878
2017-04-19,291.350341796875,292.89300241796906,285.179641271917,290.878965212571,2779410
2017-04-20,293.7500915527344,294.64998194139866,289.7220162930557,293.1073209952019,2097176
2017-04-21,293.7929992675781,296.535533829801,291.65040139591684,293.1073656270224,1500170
2017-04-24,295.3785095214844,296.92117062992463,290.2362864798168,294.8214358423087,1487606
2017-04-25,303.3489990234375,308.3626917361349,292.59317496301003,293.9644423381171,4747068
2017-04-26,306.434326171875,308.5340610348135,301.6777537265378,303.3489748240155,3272330
2017-04-27,306.7342224121094,310.205223889058,303.177524002219,303.6060376872233,4978376
2017-04-28,304.6773681640625,306.73426898877193,300.39220164303447,304.50597427215337,2985691
2017-05-02,297.90679931640625,305.0630604936849,297.13543971020147,304.6773806905825,2436068
2017-05-03,296.83544921875,299.963634160934,294.69285162459835,298.33527624074543,2616848
2017-05-04,296.5354919433594,301.16350385324057,294.5642882501242,297.135399528881,1345900
2017-05-05,295.46417236328125,299.106596859208,294.092905305036,296.9211363575926,1708526
2017-05-08,301.07781982421875,304.46312503511575,295.07856901174165,295.46421979609875,2955948
2017-05-09,295.8927001953125,300.8206950487722,294.47859911164716,299.9636385862888,3126657
2017-05-10,319.4612121582031,326.01756368507097,288.39356711658803,288.39356711658803,27085852
2017-05-11,313.6763000488281,317.83293563499217,310.6338118139823,317.10443904819954,8059693
2017-05-12,312.9049987792969,317.3615886015913,309.81964727288357,310.46241795410623,4070508
2017-05-15,312.0907287597656,317.0615571262411,309.7338744853568,313.67625260149646,4132180
2017-05-16,320.83258056640625,323.6608121010399,313.2049425301437,313.5905933183246,6500818
2017-05-17,322.20379638671875,326.446128500811,318.13285814659326,318.13285814659326,5842838
2017-05-18,317.7472229003906,327.04608103369196,315.90457905384267,320.2754712965046,3683713
2017-05-19,319.4612121582031,325.2462333325499,315.51883445175685,319.67546897722053,6026064
2017-05-22,319.28985595703125,324.47494123730223,318.30426866928696,320.5325630660291,3037325
2017-05-23,318.7328186035156,322.460940354464,317.9614880723365,318.86137852876203,6451328
2017-05-24,315.6903076171875,319.67551991021435,313.3762871706455,315.3903248065338,7704006
2017-05-25,317.7043151855469,322.54658345321593,309.1767887639803,314.53326762649544,15733429
2017-05-26,320.18975830078125,326.06047731069646,315.8188662772793,316.24737998188397,3171630
2017-05-29,319.76129150390625,324.7321208552341,315.3046728694773,321.13255877603825,2214859
2017-05-30,317.7043151855469,322.9322631645712,316.54730507177527,321.21817948126045,2172819
2017-05-31,318.4328308105469,323.01797954677716,315.4331769290312,320.53256531137094,17087943
2017-06-01,314.4476318359375,320.0183686144566,313.5477413547691,317.1044402964159,2467620
2017-06-02,319.88983154296875,326.8318354010092,316.93304029886656,317.79006778049643,5747881
2017-06-05,319.16131591796875,323.7893278872026,318.26142550784823,319.8469494704699,2588187
2017-06-06,316.2473449707031,319.24696959114954,314.53326132175073,317.10437228503247,3666864
2017-06-07,319.5041198730469,321.6038544056367,317.9614589519726,320.0611934845624,4307736
2017-06-08,315.1332702636719,320.78973309478107,314.2762137321187,319.63272273834957,3858535
2017-06-09,315.21893310546875,318.0471642150215,313.8905289986342,315.17607012642355,3205017
2017-06-12,312.9906311035156,318.6470931871232,311.5765010724655,314.44759509228766,2462371
2017-06-13,311.276611328125,315.81892712073767,310.3338577801329,311.9622449957006,1257634
2017-06-14,313.2477111816406,315.8616852844136,309.862435663326,311.5336564443559,2338631
2017-06-15,313.0763244628906,317.5329133140382,312.34782796667815,313.24771833241346,2823152
2017-06-16,312.6906433105469,314.9618007033685,309.04824790686143,313.6762596268781,4962261
2017-06-19,314.9618225097656,316.0331358346428,311.31942685389873,311.9621974366462,1888109
2017-06-20,314.19049072265625,317.83291538393865,313.46202320257856,316.0331345433611,2553936
2017-06-21,314.7904357910156,315.56176631192085,312.39071826574474,314.0191052701104,2945763
2017-06-22,313.8476867675781,316.20454134463057,310.6766386769223,315.17609096223146,7013343
2017-06-23,313.8476867675781,315.8617245504975,311.31943830360876,313.5905669169035,5681037
2017-06-27,318.34710693359375,322.1609252458457,312.8192048236173,312.8192048236173,4226917
2017-06-28,323.2751159667969,327.08893444996073,314.96181643035584,321.3039122560023,4209925
2017-06-29,327.7745666503906,331.1170084267588,323.7036283477307,323.7464623067319,4698010
2017-06-30,325.417724609375,329.0172863580362,319.3327484132765,327.77457913431755,3628132
2017-07-03,327.4317932128906,329.2315742568763,322.9323406029264,326.91755347443683,1687712
2017-07-04,325.07489013671875,329.0172684574433,324.0464398330127,329.0172684574433,1836644
2017-07-05,322.5037536621094,324.38926041790506,319.9755053618428,323.10369026807143,2338530
2017-07-06,326.7889709472656,328.1174041662291,320.4897377288132,322.7180323872564,2399488
2017-07-07,330.7313232421875,332.1454532922472,328.2459089302312,329.1029653600454,4849963
2017-07-10,347.7007141113281,351.51453256430966,334.37375199516345,336.00213891816315,2101702
2017-07-11,338.9161071777344,350.44328986243545,337.20202311341626,346.37235109229266,6175288
2017-07-12,340.3301696777344,344.7867877379843,338.0590121784134,340.93010628707316,2894251
2017-07-13,346.3875427246094,347.89115619963724,342.5640958906113,345.614264938286,2879273
2017-07-14,349.69549560546875,351.0702246589856,345.57133753848154,348.0200554815813,2424013
2017-07-17,350.9413146972656,352.2730724610961,348.79330798046897,351.843476936449,2517635
2017-07-18,350.81243896484375,369.45713540385646,349.0081144415058,349.0081144415058,4039652
2017-07-19,361.9390869140625,363.2708445663325,349.9102386702252,352.27304295141494,5104135
2017-07-20,360.69329833984375,364.73154310765733,357.51424468226685,362.5835362385024,3406260
2017-07-21,353.3900146484375,358.2874790257955,345.91494815957105,358.2874790257955,12143745
2017-07-24,360.9081115722656,363.0131473386256,348.8792609524714,349.6955099982877,5425590
2017-07-25,367.5669250488281,370.831892092396,359.70520397162477,363.1420266983089,7134553
2017-07-26,366.23516845703125,369.5001355122305,362.3687501491286,369.4571643179073,5764897
2017-07-27,357.4712829589844,366.6647619124492,353.5189513787819,366.02036856270126,15443045
2017-07-28,355.1084899902344,356.99872800146153,350.72656269865854,354.89369219988345,1940125
2017-07-31,359.9629211425781,362.11092776421714,352.27305685523925,356.5690700985173,2953735
2017-08-01,358.3304138183594,363.4426463344105,355.49504305561703,360.9939289412244,2448373
2017-08-02,357.2994689941406,363.1420387295087,354.6359240193239,361.59548299804425,2195053
2017-08-03,364.47381591796875,365.2470938245377,355.06556744555166,357.3854011652586,2812811
2017-08-04,361.6383972167969,363.74346195441393,353.6478210955715,363.74346195441393,3004061
2017-08-07,358.6741638183594,363.099032798616,357.81494364363556,361.59544840658333,1299253
2017-08-08,358.9748840332031,365.16113561859976,355.7958304021285,358.7171150648557,1994391
2017-08-09,357.4712829589844,359.96297215695313,353.991518139356,359.96297215695313,1360936
2017-08-10,357.64306640625,361.29465707751694,354.2492155666864,356.6549618906002,1661135
2017-08-11,356.1825256347656,359.14675274421177,352.27313583265726,353.9915473339375,2538665
2017-08-14,351.0272216796875,356.0965127853229,348.10593725227466,354.8506683300826,2234285
2017-08-16,350.3398742675781,353.21821673953434,346.9030808712764,349.69548096081445,4181433
2017-08-17,357.72900390625,360.86508603290434,348.79329512985225,353.1322795934733,3282886
2017-08-18,361.724365234375,362.9272386742796,354.63592180666495,355.6669686523967,3062360
2017-08-21,360.1347961425781,365.84848067996296,358.71709598563416,363.82935842028047,2075746
2017-08-22,362.6694641113281,365.16115334346455,357.90088343325004,363.1850020730471,3456653
2017-08-23,371.0896301269531,372.8939546346175,364.4737542031425,364.5167253937294,4754764
2017-08-24,371.9917907714844,373.1946640735363,367.73871938355944,372.0347328683239,2773039
2017-08-28,373.2376403808594,376.45963599182403,369.6289913316692,372.893958133624,2806489
2017-08-29,367.82470703125,374.18278566006086,367.1802845637355,374.18278566006086,2102533
2017-08-30,368.5979309082031,370.91776417076176,367.30911525551886,370.745937600303,2389197
2017-08-31,367.4809875488281,371.0036942446907,364.4308184898909,371.0036942446907,7912495
2017-09-01,363.05609130859375,369.84379396053447,361.89616007223367,369.457140517227,1996184
2017-09-04,357.7720031738281,365.11818586930127,355.45214069443534,363.4427167037121,1409182
2017-09-05,349.2658996582031,356.4831980875146,341.876745550613,355.79583356152654,7204076
2017-09-06,345.8290100097656,348.44958312055667,345.0127611566409,345.0127611566409,2064288
2017-09-07,341.3612365722656,350.0821485355339,339.4280274803594,345.91499018823976,2642421
2017-09-08,346.688232421875,347.84813438577737,340.75972176690743,341.8766816394403,2013742
2017-09-11,346.2157287597656,350.0391757330531,342.39228178647807,349.69549347177093,1612161
2017-09-12,348.1489562988281,349.6955120098023,341.9626752678018,349.6955120098023,2583110
2017-09-13,345.0987854003906,350.2969616706039,343.50925850166,350.03919268876524,1877714
2017-09-14,342.73590087890625,349.2658335461883,341.1034031653068,349.2658335461883,1667328
2017-09-15,340.2442932128906,346.21574736673006,337.96740174622255,343.68108691685603,5339372
2017-09-18,340.802734375,344.755065594182,339.55688988981564,342.82185662796064,1309340
2017-09-19,339.21319580078125,342.82184465339674,335.6045469481657,342.82184465339674,1103781
2017-09-20,340.9745788574219,342.7359613426774,318.76420381474225,318.76420381474225,11779464
2017-09-21,343.7669677734375,345.74314796892395,334.87422962765334,336.8074386321389,6557075
2017-09-22,339.6857604980469,344.49728257530006,336.1630249499486,341.96262251826585,5273742
2017-09-25,334.874267578125,341.0175775351089,332.85514505637747,341.0175775351089,3002284
2017-09-26,332.8121337890625,337.1511184940968,329.117571476672,332.72622050123056,4203146
2017-09-27,331.6092529296875,335.0890173965009,330.1915818852677,333.3276641150154,2714173
2017-09-28,328.25836181640625,334.14390174326456,324.34897286554815,332.9409994075113,16167139
2017-09-29,334.616455078125,336.67854852759854,325.7666882712003,328.1724348686913,5337179
2017-10-03,330.4923095703125,337.58072333638,329.07460936096146,336.80744553744427,1842563
2017-10-04,324.04827880859375,332.12476788885533,323.14611655628534,331.65223026100557,3138906
2017-10-05,324.52081298828125,327.05544382254755,320.6114242245891,323.7045641052903,3371352
2017-10-06,328.47320556640625,329.5471944877613,324.9504695359462,324.9504695359462,1065853
2017-10-09,325.5948486328125,327.87173995867005,324.39197527484896,326.8406931831744,1192143
2017-10-10,330.4493408203125,332.98400110169666,322.20099574810826,326.0244426727214,1502210
2017-10-11,346.7312316894531,349.1799786693978,331.652241830166,331.8240684110941,7774168
2017-10-12,343.8958435058594,347.8052326063958,339.9864834988842,346.430503652078,4023386
2017-10-13,370.2304382324219,375.4715855802841,361.5524972756624,369.4571603977591,45960026
2017-10-16,389.4765625,393.3429805218833,371.34737480700545,371.34737480700545,21145098
2017-10-17,400.345458984375,403.26674338982593,391.023096687936,391.7964035248734,18843801
2017-10-18,396.90869140625,402.96608790264844,393.0852442574912,402.10686766322874,9015866
2017-10-19,407.04730224609375,410.5270671025252,398.240447571908,399.52926337859884,2646228
2017-10-23,427.3244323730469,430.8041969294067,408.1212559800503,408.1212559800503,29564820
2017-10-24,431.3626403808594,433.6395314303312,424.145342922041,424.145342922041,17646810
2017-10-25,443.1337585449219,445.0669675460372,424.36017764155895,432.09301364602,10080877
2017-10-26,439.3103332519531,446.2269206225434,431.7063813542506,439.56810222301107,11031934
2017-10-27,416.9710693359375,439.65401122878933,414.9948890663671,439.5680979371288,8904315
2017-10-30,423.50103759765625,427.6252250552272,417.61549659689274,421.43894386887075,7211306
2017-10-31,427.195556640625,432.52261701451215,418.1739338677364,421.0093051811532,12690735
2017-11-01,463.1961669921875,468.0076894757767,438.1933629110707,445.4965744737229,35708310
2017-11-02,466.71893310546875,471.31565811416607,455.89295590157144,468.22251761397195,10951971
2017-11-03,465.04345703125,485.27768174418907,461.64960549759525,466.71892629454925,18131291
2017-11-06,457.56842041015625,467.92180164368136,452.9287242551075,463.88355674189063,8295950
2017-11-07,441.9308776855469,461.0481405093489,439.99766871742656,460.4466893144604,7054590
2017-11-08,425.56304931640625,437.33412904953457,415.0807851887932,426.1644713845615,50336608
2017-11-09,433.2529296875,436.4749251807765,425.5630651433595,431.5345185140908,10980638
2017-11-10,432.5655517578125,439.69693608537983,426.6800118555043,435.6157205856152,10487687
2017-11-13,427.8829040527344,435.4009421255066,426.72297285868405,432.17891749615814,7079805
2017-11-14,428.0118103027344,433.81143747446055,425.13349685973947,429.38653932953434,6449030
2017-11-15,418.2168884277344,428.74212427538953,415.4244593235091,427.882904130412,9690914
2017-11-16,420.9233703613281,425.21938375663774,413.4053323727558,420.15009260514216,10682218
2017-11-17,424.0164794921875,434.71357083673723,421.91144399344114,425.3052951424482,11712737
2017-11-20,423.2862243652344,426.7659892221598,420.15014178390436,424.57501107854375,5804375
2017-11-21,432.39373779296875,437.5489716498766,424.8757284219603,425.5630929362146,10087242
2017-11-22,428.8280944824219,436.04539337170417,425.6920118162104,433.4677907817555,3621523
2017-11-23,426.4652099609375,435.61571635548773,424.0164632287217,432.17889414898826,5918577
2017-11-24,426.85186767578125,430.67534358977423,425.3053121086222,427.0237233463333,3900017
2017-11-27,427.8829040527344,429.4294886759886,421.86847941322884,426.07857957023884,3499938
2017-11-28,422.7276916503906,427.839953953017,421.18113614962795,427.839953953017,3346897
2017-11-29,425.94970703125,427.2385227378212,421.0093001609241,422.72771140516505,5898170
2017-11-30,426.5511779785156,429.0858383177561,421.6966841723726,423.02844203819984,14879534
2017-12-01,415.98297119140625,428.65618475205906,414.00679102899346,428.65618475205906,6127500
2017-12-04,416.1118469238281,422.7277231241729,414.5652913079182,416.7132981493766,3040197
2017-12-05,421.56781005859375,422.684770173128,409.71081527327146,417.27179619027856,4264268
2017-12-06,415.38153076171875,423.586904488213,411.55808390863666,418.00210428491187,8331495
2017-12-07,442.2315979003906,445.49656470940135,416.02592104613905,416.71328554209515,6949368
2017-12-08,451.2102966308594,456.10776158854316,442.57529798586273,442.6182691786776,14197096
2017-12-11,457.697265625,462.25104838359204,450.5229383141108,456.06479667899015,12378453
2017-12-12,450.09332275390625,458.7282920406005,447.2579514541308,458.0409275380148,3625294
2017-12-13,444.5084533691406,457.95497296166417,441.8019667942985,453.6589597545916,7920791
2017-12-14,447.04315185546875,451.0813964714726,439.05254681898015,444.9810583561451,3350247
2017-12-15,445.0240173339844,455.2485130737904,442.2745594103438,453.48715977493396,6986672
2017-12-18,452.1553649902344,456.9239450829417,425.39120917433706,433.9832359416639,10462828
2017-12-19,461.04815673828125,464.1412679213024,446.9572134607406,452.5850139895533,6870721
2017-12-20,454.4322509765625,464.69971760963745,452.32721549811606,463.9694110532623,7494558
2017-12-21,450.3081359863281,456.88104108451887,448.5038113784768,454.088611786796,5651594
2017-12-22,454.1315612792969,463.067270599182,449.74963445441256,452.71389019525503,9484716
2017-12-26,466.504150390625,469.46837740215426,451.2962454736136,456.2366529197279,6436620
2017-12-27,459.3726806640625,470.4134248978963,455.89288721553237,467.83582274953187,6700159
2017-12-28,456.5373840332031,461.86444485855554,455.4633659916375,459.2438710944429,8699172
2017-12-29,455.07672119140625,462.6377019642394,448.50381602511817,456.9239879178055,7502053
2018-01-01,453.5730895996094,462.33694341041485,451.42508279183596,456.2366052400809,4807939
2018-01-02,443.8211669921875,457.869140214537,439.7829220134495,457.869140214537,5242199
2018-01-03,445.2388000488281,451.51096435818687,442.27454446178797,446.05501988545507,6333269
2018-01-04,449.36297607421875,452.97162507779166,442.05976477974053,445.926182738872,5953924
2018-01-05,463.96942138671875,466.1174281019052,445.5395231885475,451.08138109559985,8008838
2018-01-08,443.6492919921875,458.9430790833267,441.801996297973,458.9430790833267,12287843
2018-01-09,438.0215148925781,447.6875305787101,433.63955907588456,445.0669571453906,7541257
2018-01-10,435.1002197265625,444.6373804335808,433.2958951704847,442.48937362427097,6667296
2018-01-11,442.27459716796875,443.9500373231365,432.35081163126745,436.4749697752523,5905519
2018-01-12,437.8067321777344,444.50852196111543,433.46777620705507,443.34859065189164,4847824
2018-01-15,433.4677429199219,439.86879203909785,431.7063604942203,438.02152541861136,2834570
2018-01-16,427.2385559082031,441.3294710178594,422.2122062652528,436.47497705945693,6420450
2018-01-17,429.51544189453125,432.35081335828085,422.255172099573,425.3053413461074,6824337
2018-01-18,425.3053283691406,437.1623227223278,423.58691706573023,430.4605331858088,7912892
2018-01-19,427.7969970703125,429.81611934537676,415.42446536976416,415.8540899952865,9966300
2018-01-22,421.61077880859375,428.31253945694664,419.2909162044993,425.8208502640265,4532165
2018-01-23,422.8136291503906,428.5702850591006,419.9782578408991,424.44612712301637,6150836
2018-01-24,394.80364990234375,418.4317260990203,391.0661161038011,418.3458128043968,29348889
2018-01-25,388.9610595703125,398.2404222325107,381.8726167248859,398.2404222325107,20580178
2018-01-29,378.564697265625,383.54804616542975,373.7961170381559,381.4859817941029,27139736
2018-01-30,381.0206604003906,390.10081130627213,378.1236445349242,381.0206604003906,10679523
2018-01-31,380.3720703125,385.6904696959026,377.3885836890906,382.66373310200845,7069368
2018-02-01,379.1181335449219,386.55522492735264,371.94048341412343,380.54503114659155,8096718
2018-02-02,365.238525390625,380.93422587523986,359.5742425940465,378.59934207663474,6668088
2018-02-05,380.6747741699219,386.3390563758749,355.5962325648182,361.26051477077124,15080352
2018-02-06,379.7667541503906,387.20381659275733,361.9523339882594,363.20626105244224,9331070
2018-02-07,372.0701904296875,388.63068215976347,369.3461452341176,384.7824306246543,10982569
2018-02-08,371.6810607910156,377.04268057131986,367.5301180131127,375.31312108052697,6173490
2018-02-09,365.3681945800781,375.2698902266103,362.9468111696359,366.66537158482083,5393964
2018-02-12,367.0112609863281,372.7187926053737,364.37368645061537,371.68105692170116,3987231
2018-02-14,376.0049743652344,379.2046523535608,368.6543532734651,368.6543532734651,10468199
2018-02-15,370.9460144042969,379.89644516656534,369.0002634938368,379.89644516656534,4583095
2018-02-16,362.94683837890625,376.13471285514265,361.8226318889276,376.13471285514265,4403814
2018-02-19,358.3203125,363.2063006577309,348.67805683046925,363.0765800117999,6457099
2018-02-20,361.5632019042969,365.1087625275176,358.9688478294045,358.9688478294045,8022411
2018-02-21,362.903564453125,365.36816837482786,360.9145637594842,363.20622637685665,4731875
2018-02-22,359.8336486816406,362.5576941546475,357.45551513928433,362.16853225179926,10769504
2018-02-23,368.00579833984375,370.29746130255865,360.69842684340836,362.341515893687,7504250
2018-02-26,365.93035888671875,371.8540831321201,363.94138700060756,371.8540831321201,4071745
2018-02-27,372.286376953125,374.14565702757056,366.9247572836855,368.2219341955347,5188255
2018-02-28,370.6001281738281,374.88079218653684,368.3084651808014,371.85405532384397,25920217
2018-03-01,369.9082946777344,377.5615780198582,368.17873498427264,371.0325011579068,5837005
2018-03-05,364.4601745605469,369.3461620037584,361.13077607624797,369.2164413767976,3863655
2018-03-06,357.93115234375,369.8218202096592,355.0773861994697,366.40595083107445,4204736
2018-03-07,348.67803955078125,360.0066044913709,338.3439604699606,355.12061657577846,12064643
2018-03-08,347.034912109375,358.10406382895746,341.58682154673807,355.85565107910253,8664079
2018-03-09,347.77001953125,353.26136059422345,343.7920468650568,350.1481531362984,5093353
2018-03-12,364.546630859375,367.0977347637375,349.36981590197405,350.2345810045743,8387164
2018-03-13,368.65435791015625,371.68109461506236,363.3359876140002,365.80059181122397,5712773
2018-03-14,365.45465087890625,368.30841675136213,361.95231117071745,368.30841675136213,4194515
2018-03-15,363.59539794921875,366.9247670461379,360.8281027475437,365.45464879082493,3636202
2018-03-16,360.39569091796875,369.0434584384387,357.7148665885322,359.0985140769762,8030364
2018-03-19,345.6080322265625,364.58987790429177,343.0569283426538,361.47667085173816,6000592
2018-03-20,346.2566223144531,348.93744694511076,339.5978546310099,345.045945267184,8280683
2018-03-21,361.6496887207031,363.33599844709835,347.8132696872794,348.5050642848707,9266412
2018-03-22,359.4012756347656,363.42246899278416,356.37453884060415,358.0176278754131,5382163
2018-03-23,356.89337158203125,362.2982119450809,350.40754557698756,356.850121614721,5696201
2018-03-26,364.5034484863281,365.8005962765707,351.61826555292674,356.2880620188831,4884776
2018-03-27,357.3257751464844,365.281719838115,353.0018908887587,364.93580792620463,6746611
2018-03-28,344.7865295410156,357.19608000297205,341.9327633847333,355.42329962939715,11413279
2018-04-02,341.67327880859375,347.4240603652538,337.6953066831363,345.4783096288303,5533293
2018-04-03,347.813232421875,349.36982134372363,338.34391970229564,338.34391970229564,5059176
2018-04-04,341.63006591796875,350.0616428740738,339.81403576018045,349.3698190727918,4025117
2018-04-05,340.6355895996094,346.6890041046808,338.2574269155282,344.2676500155756,9747139
2018-04-06,332.89581298828125,342.8839784348209,331.29597417558557,340.89497776945336,9425575
2018-04-09,328.8746032714844,334.4091643729522,325.7181754946797,331.12301597373937,13296149
2018-04-10,333.4146728515625,334.40915856300387,323.85888975069133,329.5231713761574,13281396
2018-04-11,333.19854736328125,337.9548148690196,331.51223753295363,335.53343114012426,7693575
2018-04-12,328.78814697265625,333.3714432314488,327.9233525462795,332.0742955153469,4967973
2018-04-13,326.79913330078125,333.976783274268,324.983103143773,331.16626738420945,7738347
2018-04-16,325.71820068359375,328.87462870449593,323.8589204224712,326.02086263774703,4140008
2018-04-17,330.3879699707031,331.5986469704335,323.5562319588736,326.02083592637405,6356203
2018-04-18,332.29052734375,338.8628252310097,330.64743823077885,331.8148947435577,6360948
2018-04-19,341.8895263671875,343.57583599666316,333.3282283071848,336.18199432718575,3848720
2018-04-20,347.6402893066406,349.11040768954143,338.5168877688403,340.33291808197134,7492919
2018-04-23,348.3753356933594,351.5317635065948,343.1866571486834,347.2078793605188,4195101
2018-04-24,351.3155822753906,353.3478037826462,342.97047567880344,347.5538012037765,6982218
2018-04-25,363.0765075683594,369.6055835620739,356.28801961685537,358.4067116581579,22192116
2018-04-26,353.8666687011719,363.20626137494315,350.62377003288697,363.20626137494315,13874130
2018-04-27,353.4775390625,356.07186387542265,346.7755210948207,351.3155968380128,5013031
2018-04-30,354.1693420410156,357.36901985853433,349.542766626994,351.96414997474216,3633132
2018-05-02,353.21807861328125,357.06633029305453,351.0993864756275,357.06633029305453,6754394
2018-05-03,349.7157897949219,352.8289681420135,345.0459929919719,351.3588496375952,4124205
2018-05-04,343.1002197265625,361.77940573206564,340.722086144103,355.29357888472765,15994662
2018-05-07,344.39739990234375,349.8454909891653,342.01923701621274,347.20791611007445,6553080
2018-05-08,346.90521240234375,348.4618307157516,343.1434604575754,347.1646536682967,3955811
2018-05-09,348.0294189453125,354.126083207836,343.48931430106035,348.67799277350247,9019801
2018-05-10,356.37451171875,357.75815937280015,349.28336141520606,350.10487658777816,9023511
2018-05-11,334.32275390625,348.2456737440663,329.91239836192204,346.04048133074593,25555353
2018-05-14,331.3392028808594,340.7220447156773,327.1450394624064,333.80383610949787,9823967
2018-05-15,330.30145263671875,335.6630721227829,327.18827500644693,331.20946765926567,7078344
2018-05-16,324.593994140625,331.16629144518515,323.4265377313528,331.16629144518515,6766242
2018-05-17,317.8919677734375,327.70716349841763,316.03268756222235,326.2370451740763,9999816
2018-05-18,312.4870910644531,318.28109357952314,307.03900045844586,318.28109357952314,12433574
2018-05-21,311.3196105957031,319.31880457170496,307.16869729079554,312.4870668586453,5482372
2018-05-22,312.9194641113281,320.91865846362975,304.0555046538296,308.6820506747867,7236788
2018-05-23,308.5523376464844,316.3353108931084,306.34714578800623,312.8762214331551,6604278
2018-05-24,321.6105041503906,323.3400637608105,308.63885099570587,310.4548812660694,4997302
2018-05-25,325.9775695800781,328.61514400490904,317.3730518278602,321.95637691749073,4145304
2018-05-28,324.4210205078125,329.3070081102019,320.6592393326303,326.5397127310399,6609989
2018-05-29,327.880126953125,330.0852897504309,321.04838871380787,325.11283168181427,3858054
2018-05-30,324.9831237792969,327.66394849891486,322.5617403220989,327.66394849891486,3737750
2018-05-31,323.0806579589844,331.38251571787595,321.04843617455685,325.24260038871984,11979616
2018-06-01,331.8148498535156,333.7173507145899,322.1725956394863,323.90215518696675,4548210
2018-06-04,321.9564208984375,334.4524416872771,320.05391993961285,332.07430816816884,3958335
2018-06-05,315.0382080078125,321.9131672199453,309.200955283228,321.17812268440616,5535807
2018-06-06,328.39898681640625,330.25826702470613,313.1356711106709,313.1356711106709,5566018
2018-06-07,328.5719909667969,334.0200822369507,324.2913269100246,328.35579965756654,4036551
2018-06-08,326.4964599609375,331.5986383531998,321.91313476013124,328.182769436053,4298662
2018-06-11,336.2251892089844,338.8195430515366,326.6694060930947,326.6694060930947,6040503
2018-06-12,329.1772766113281,340.20317851048424,328.22604081787813,337.2197212209214,6132581
2018-06-13,324.8534240722656,331.123059769187,322.8212023778,323.4265556016683,7432828
2018-06-14,325.5884094238281,332.07423466273667,322.99408518472535,322.99408518472535,5218952
2018-06-15,327.10186767578125,328.8313981241447,320.1404080612591,327.4910003137384,6339567
2018-06-18,320.7456970214844,329.39346544933454,318.2810929755319,326.8423907468576,3120256
2018-06-19,321.005126953125,325.0695697718357,319.2755674720862,320.83218564617476,3962117
2018-06-20,321.6105041503906,325.5884766132016,320.3565770931249,322.12935739236184,2785850
2018-06-21,318.84320068359375,324.2912913564478,314.6057870661599,324.2480706687274,4261882
2018-06-22,323.90216064453125,325.5884702508724,316.767731051252,320.78895340661074,3404583
2018-06-25,323.5562744140625,326.84242322935506,321.52405273107314,321.6969940613095,3337617
2018-06-26,328.78814697265625,330.9933098029531,322.73470311725407,323.42652694543193,4792013
2018-06-27,324.8534240722656,329.9556032954092,322.648261046587,329.6961912985897,3786049
2018-06-28,326.8424072265625,329.8258939267089,318.7134916103,323.16709667472105,6498784
2018-06-29,330.30145263671875,331.4689088892236,324.5507005880235,324.5507005880235,3820380
2018-07-02,318.2810974121094,329.82588189407596,316.1191552750111,329.5664406385778,4872211
2018-07-03,320.6159973144531,323.9453664034193,316.5947751444132,323.9453664034193,3092637
2018-07-04,317.718994140625,321.61049584297217,313.65455112285775,320.7024807312451,4355428
2018-07-05,314.2598876953125,317.1569037451705,311.0169890006516,315.6435354037635,7104382
2018-07-06,313.265380859375,315.98942612168395,311.2331594048564,313.049189579729,8008826
2018-07-09,313.1357116699219,316.8542725681723,312.703329039608,316.5083606074586,5248262
2018-07-10,318.0649108886719,319.79447048070705,313.481585290356,313.481585290356,1879352
2018-07-11,313.0491943359375,319.01616744820933,312.0979292651961,319.01616744820933,2085140
2018-07-12,313.1789245605469,315.6435286873384,311.6223355628164,315.6435286873384,2299214
2018-07-13,310.41162109375,315.51379981508137,309.0279734508855,314.77875530625244,5311215
2018-07-16,300.4234924316406,311.1034837448243,298.1750793725098,307.8605847991259,3618410
2018-07-17,296.22930908203125,303.2772390634726,294.02411685869583,300.0775610180609,5420158
2018-07-18,291.2568664550781,298.4345174596315,286.2411578185875,297.56972294301926,5322210
2018-07-19,298.3479919433594,300.50993412615406,291.94866533684217,293.15934241757583,5027938
2018-07-20,298.69390869140625,300.68290958723225,294.3268035666114,296.61846641693506,4212334
2018-07-23,310.41162109375,311.31963619909124,298.3479834706996,298.78039532082613,4145242
2018-07-24,308.5523376464844,316.89741402843725,307.2119108324182,312.5303095589292,4350541
2018-07-25,304.660888671875,307.68759612910515,297.0508554150785,307.0822722070454,5175174
2018-07-26,309.28741455078125,311.3196360443627,304.7040890566478,305.3094422206772,3816677
2018-07-27,315.3841552734375,323.3401011182582,304.09881045418155,311.2332117288461,9016962
2018-07-30,331.4256896972656,336.31167671116367,307.25516657659483,310.4548441527892,7476176
2018-07-31,337.7818298339844,339.46813944617054,327.4909722791422,330.3447382698838,8096298
2018-08-01,332.5066833496094,345.04595383089344,330.90684438191767,337.2629502818732,9444961
2018-08-02,324.6727600097656,334.90039712459753,321.3651050414429,333.72530025557734,6186750
2018-08-03,325.9784240722656,328.0674786075979,322.40962994289356,326.2395632576693,3647704
2018-08-06,335.7708435058594,337.4681892363975,326.1525215588616,326.28306167556224,4039536
2018-08-07,332.4196472167969,336.6847926834189,330.1129866126651,335.7708350458533,2430919
2018-08-08,335.3791809082031,337.6423088605033,325.02097301274887,330.85289552965054,3321970
2018-08-09,319.49365234375,336.24953157825695,317.2740284340929,336.24953157825695,12249927
2018-08-10,321.8873596191406,326.2395415410659,317.79631686523595,320.49465668829305,4489796
2018-08-13,322.1920471191406,327.0665080546861,315.96841608452394,321.1040162243899,4235777
2018-08-14,319.45013427734375,324.41163117435303,316.8388309798457,322.19200716080877,3215464
2018-08-16,323.8023376464844,325.54321645108945,317.8833791847761,319.0584465881791,3012465
2018-08-17,323.28009033203125,326.41364272178276,318.7103018686859,323.8458722620669,3362891
2018-08-20,322.5401916503906,325.41263419776215,319.7112821241717,324.1505007977648,2837782
2018-08-21,320.5382080078125,322.40962688827875,316.0554562459472,316.83884432078753,3451323
2018-08-23,321.9743957519531,327.9368867454298,320.4076196938246,324.06345014542234,4746745
2018-08-24,321.14752197265625,322.7578312870635,317.7092971634031,322.0614797200792,2318341
2018-08-27,330.02593994140625,334.0734496558765,319.79830363352744,322.061431147934,6589318
2018-08-28,327.9804382324219,335.72731186864326,326.7618083639736,332.81133626265813,4072000
2018-08-29,326.3266296386719,332.8984365786867,324.45518109556633,329.024969887846,4481303
2018-08-30,333.4642028808594,335.1180156892397,326.9794328239824,328.4156689334719,7796683
2018-08-31,334.11700439453125,335.9884527544553,327.28408838802955,330.63524685838155,8709625
2018-09-03,334.0734558105469,337.07646786134393,331.15750979955914,336.85886170971486,4176986
2018-09-04,329.32958984375,333.7688083266947,327.022929300685,332.767814148706,3202349
2018-09-05,323.8458557128906,328.8943892761103,318.79732214967095,326.4136260413882,6639329
2018-09-06,324.0634765625,326.1525311262652,320.40764581288545,325.49968315387036,2611929
2018-09-07,339.1219787597656,340.6017182293693,321.0168999239661,325.45614780672327,5463110
2018-09-10,338.0774841308594,345.9984605684158,332.6808040597266,338.8609016966197,5613805
2018-09-11,329.6342468261719,341.55922933546833,328.54621603646495,338.16453790284515,5815679
2018-09-12,327.89337158203125,332.637262507959,323.6282554722025,331.54920223271205,4065958
2018-09-14,333.8993835449219,337.9033897983882,324.67274121696863,329.0249232087341,3596796
2018-09-17,332.5502014160156,340.34060748505453,328.24152312833417,330.8963593512599,3424364
2018-09-18,325.2820739746094,334.94392913706315,324.2810797248084,330.93992266391047,2955053
2018-09-19,322.10498046875,331.1139874371655,313.61822238626445,325.97841725073715,2182182
2018-09-21,322.4966735839844,330.6352562666129,310.9633993124753,317.62224236862124,6106651
2018-09-24,310.0494384765625,324.58572487695017,305.08797073906754,322.4096337454676,7884016
2018-09-25,313.79229736328125,316.53419982081994,299.4301139656022,312.66073354217554,6854558
2018-09-26,314.4886474609375,317.7092657715326,310.8763498538338,315.9683870260828,4398347
2018-09-27,310.5716857910156,316.36007406380423,308.70023758397497,314.66272845632244,4483893
2018-09-28,294.68621826171875,312.4866553291514,291.72673916628025,310.571703468682,12408231
2018-10-01,284.4150695800781,295.94834289644615,280.01935461388865,295.0779182967002,10867591
2018-10-03,277.1904296875,284.89379896540004,275.36251455111136,283.76223525944,7389608
2018-10-04,269.9658508300781,276.3200513264281,263.0023648357132,274.49213588448293,8969681
2018-10-05,259.9123229980469,274.97088876711666,254.08040073951545,268.5296515199787,7954131
2018-10-08,256.95281982421875,260.08640158083665,253.29698917847202,260.08640158083665,10015308
2018-10-09,251.55612182617188,258.43257110939726,249.81524299359276,257.8667891730527,9499251
2018-10-10,256.8657531738281,264.43855276002,247.37800191982342,251.55608096540993,11334821
2018-10-11,248.3790283203125,256.6046473792097,245.6806735858391,251.5125806433503,5194191
2018-10-12,252.47006225585938,254.68968629978207,247.76970446645356,250.6856799957658,9995231
2018-10-15,253.38401794433594,255.03786007788327,247.2474536848022,252.47006031104593,2892892
2018-10-16,255.90834045410156,257.5621829480259,251.7302601374804,254.5156371905766,3341220
2018-10-17,251.12091064453125,259.69470577632734,247.76972256060648,258.08439653300957,4302545
2018-10-19,250.07635498046875,255.21192487240214,247.72616144368357,249.81521581550453,4139025
2018-10-22,248.7272186279297,252.42655308539622,240.98032972647945,251.94783718366435,7247010
2018-10-23,248.85775756835938,252.94880032207504,246.3334761378281,246.37700915714507,7364748
2018-10-24,274.9273376464844,286.1559690643379,249.51059558767534,252.4265417880452,13531404
2018-10-25,257.2574462890625,270.18342232273983,254.29796733189045,267.2239433655678,16981629
2018-10-26,259.34649658203125,266.3535145911482,249.8152119478646,258.606612117403,8719999
2018-10-29,255.995361328125,264.22098131528224,252.42656680286186,260.3475440225528,6271130
2018-10-30,254.689697265625,258.6937037420365,251.86075818169758,256.30000646067793,5334354
2018-10-31,254.47207641601562,256.7787075193781,242.76470039764482,254.95079226550212,8163543
2018-11-01,255.47305297851562,259.3900223876366,250.11987717215436,255.03784070504554,5268238
2018-11-02,262.9153137207031,267.920314397054,255.4730827652294,255.82125851938983,4910534
2018-11-05,266.118896484375,268.0498301704677,261.55486600453185,264.012407161402,4841471
2018-11-06,267.74267578125,270.2880099095723,265.8556084971691,266.82109031133797,2943744
2018-11-07,268.7958679199219,271.20954226268714,266.77714171837624,271.20954226268714,307017
2018-11-09,263.0908508300781,266.2944815072663,253.39225527022455,254.3577370797792,9425801
2018-11-12,259.9749755859375,267.6987397957355,258.0440419634707,264.1879540930623,6792319
2018-11-13,261.159912109375,266.8210841101104,254.79657693646047,259.7994821082533,4317488
2018-11-14,264.4512939453125,273.6671480208177,261.5548784187347,263.3102565512628,5418605
2018-11-15,267.17218017578125,269.19087711525015,261.5549042138503,264.451320026079,4493893
2018-11-16,292.0549621582031,295.609674232743,265.06566651628236,265.8555926262023,25046229
2018-11-19,295.65350341796875,297.4528073982239,279.9865533485384,289.1146433783298,13062401
2018-11-20,291.35284423828125,297.9356017978807,288.14921356652434,292.3621926702367,11910774
2018-11-21,292.0111083984375,297.9355990636876,289.7729595551382,290.5190190762162,9406787
2018-11-22,287.7542419433594,298.24276278555203,282.09307030820895,291.30892419800443,9903933
2018-11-26,293.63482666015625,297.4528273979777,287.9297588629729,287.9297588629729,6623860
2018-11-27,288.01751708984375,294.8196960517087,284.4628350047286,293.0643180382709,7734474
2018-11-28,275.68585205078125,292.09886389539787,272.9649920974722,291.396700735847,10180878
2018-11-29,278.40673828125,282.6196874665238,273.8426778006086,281.74199838790577,9217365
2018-11-30,275.15924072265625,284.6384135251147,272.70166969833235,279.9865900876279,6595578
2018-12-03,280.6448669433594,281.74200804918786,276.0369396827357,277.79234762010054,3368628
2018-12-04,279.59161376953125,283.9362519987943,272.3066933385821,281.74199957308514,7156660
2018-12-05,274.5448303222656,281.61032817936933,272.26281503026166,280.6009798340495,5027352
2018-12-06,266.8210754394531,272.9649881364,265.0656675660492,272.9649881364,6566491
2018-12-07,266.7771911621094,270.1563477562358,262.388686140105,267.6987766223316,5298884
2018-12-10,258.87786865234375,264.75846229318506,255.2792902142313,261.9498099083302,5748768
2018-12-11,254.75267028808594,258.39511516654557,247.51161742764702,252.77784039159621,9994368
2018-12-12,268.1814880371094,272.96497046751085,255.84979681956332,258.04404908930195,10299827
2018-12-13,266.0311584472656,274.58874611856413,264.6707284437104,270.7707450079858,7666679
2018-12-14,280.20599365234375,292.62547753057146,267.87430245193167,267.87430245193167,22730782
2018-12-17,276.6513671875,283.6729699098341,274.5448774548185,280.206050036439,6809035
2018-12-18,278.933349609375,281.47868363619125,273.49159997549424,275.7736153871408,6272518
2018-12-19,283.23406982421875,284.37507744257044,279.15275048170565,280.425417397549,5789644
2018-12-20,277.8362121582031,282.2247166392739,275.5980635792832,278.2311603239394,5987582
2018-12-21,270.2441101074219,285.033373781036,268.22541325627094,280.86429104764875,12363968
2018-12-24,271.29730224609375,274.1059544192814,267.0404573710619,271.91170233896077,5225655
2018-12-26,281.2592468261719,283.4973954995637,265.5922952722264,270.507407421722,8367166
2018-12-27,277.9678649902344,284.11177772176245,275.5980866377509,283.6729331809248,8764732
2018-12-28,277.8362121582031,281.7419757967685,276.03690808340406,278.14339736710144,5184819
2018-12-31,274.281494140625,281.65420646673834,273.0527236129047,279.9865617248968,4210832
2019-01-01,280.4254150390625,282.61966729896085,274.98366586812284,277.30957742440546,6117146
2019-01-02,274.4131774902344,281.74199412146214,271.29733970041656,278.14341545774107,6218991
2019-01-03,275.15924072265625,276.91464859717325,270.28799501584655,274.2815219254309,6230813
2019-01-04,283.0146789550781,284.9895091966002,274.23766886828474,274.23766886828474,11361086
2019-01-07,285.2088928222656,287.7980932093917,282.7074256713976,284.72615198332977,5511088
2019-01-08,288.9830322265625,291.17728471730294,283.71683813675924,284.15568269092046,7194973
2019-01-09,293.5909118652344,296.5750900134238,287.2714740384844,292.44990432151076,8018192
2019-01-10,296.04852294921875,297.2334269907948,291.747781045674,295.3902561349804,5748158
2019-01-11,294.1175842285156,296.0485180167369,288.76359767943234,295.9168587120961,5922578
2019-01-14,291.04559326171875,293.8542456500361,288.01751862055556,293.23984551010886,3674704
2019-01-15,296.4434814453125,297.84780780707376,286.5693600090728,289.6413016354744,5706902
2019-01-16,293.10821533203125,303.02623291362687,290.87009624269416,295.5657864159461,7705383
2019-01-17,291.4405822753906,295.56576833827415,289.8168337663948,292.2744046999973,4569576
2019-01-18,273.0966796875,291.791708876797,267.0844255861595,290.0801971431183,16359865
2019-01-21,273.2721862792969,276.9146615036808,268.5764960010477,272.70168240848034,8621248
2019-01-22,267.5671081542969,273.930412763697,264.6706928830177,273.84264980879294,8770625
2019-01-23,266.5577697753906,269.80526706893806,265.32899906429225,269.2786595413059,5617992
2019-01-24,264.7585144042969,270.1563682639328,258.48294164167106,269.1908863866251,10389592
2019-01-25,269.89300537109375,273.842665487144,265.0656562158911,266.8210640141281,6040052
2019-01-28,267.8304138183594,271.5167553548579,258.65845631728376,270.3318810895065,4546062
2019-01-29,270.2002258300781,271.7800780207967,264.8023430252461,267.6987585215187,3210022
2019-01-30,266.5577697753906,274.632616665317,263.39806516972766,271.2095934358705,6553462
2019-01-31,268.9275207519531,272.4822025372537,266.0749722808485,267.2598761159249,9493241
2019-02-01,273.7110290527344,281.654246288331,267.69877541647463,267.78656810366977,9243929
2019-02-04,269.0592041015625,272.74554550047355,265.24120340698585,272.08724902214567,3895812
2019-02-05,270.5074157714844,273.5354906230903,257.034716134831,259.27283515737446,14678663
2019-02-06,270.99017333984375,272.5261590310459,264.1879934501416,269.4541876486416,5202682
2019-02-07,273.0966796875,275.94919924363114,267.8743517924776,270.85853066965126,3852519
2019-02-08,274.9397888183594,275.77358146394096,268.66421748836194,271.209551202074,3413931
2019-02-11,274.01824951171875,276.8707689043808,272.96500472367387,276.4757909638882,3303611
2019-02-12,273.1844177246094,277.00241880657785,271.78009138826224,273.5793659317481,2226134
2019-02-14,264.0124206542969,271.99950412215037,260.2383160477023,271.20957801564765,8573394
2019-02-15,267.3476867675781,268.6203537790177,260.98438143031433,264.18798227016543,6727458
2019-02-18,265.5483703613281,269.5857930311439,263.3541182642559,269.3663707934296,4440252
2019-02-19,266.5577697753906,275.15925391288414,264.6707322247683,266.73332543122467,7593977
2019-02-20,271.2095947265625,272.8333433810637,267.65491216830736,268.1815196984457,6216966
2019-02-21,271.99951171875,272.9649934980698,265.9433915864671,268.4887256229157,5805770
2019-02-22,275.4664001464844,277.79231164730646,270.37573264731094,271.38508093561444,6199607
2019-02-25,278.4505920410156,280.86426661565633,273.4915835920363,275.59807294733696,4154758
2019-02-26,276.8707275390625,281.30312831154555,275.07145320326237,277.0901497887976,5562215
2019-02-27,280.99591064453125,285.47217799133165,275.9052431725083,279.9426660241199,4527145
2019-02-28,279.15277099609375,286.9643287018422,277.3096001356236,285.16502446380514,7687680
2019-03-01,270.024658203125,278.9333265608502,265.1534128246715,278.9333265608502,29577827
2019-03-05,270.2002258300781,271.38510011315066,266.46998789761903,270.33188513262684,11396759
2019-03-06,271.5606384277344,274.9397945777443,270.5951567506084,272.9210682673712,7093395
2019-03-07,270.024658203125,274.0182145634492,269.4541543973546,272.08725117167415,6466583
2019-03-08,270.9462585449219,273.8426740728402,270.0246731369448,271.8678439528989,4441514
2019-03-11,292.9765625,295.87297819723193,270.9462743834231,271.25348935066285,17059011
2019-03-12,308.7752380371094,310.70617213907553,289.07082987953356,292.09890521848513,30070085
2019-03-13,296.4434814453125,312.9442864760724,295.3463700501458,305.8787880434204,13993813
2019-03-14,300.5247497558594,303.6405871924703,293.6348081582623,295.78516395651246,6931287
2019-03-15,296.3996276855469,302.67517052212276,290.694559023269,301.92914068501784,11536718
2019-03-18,290.2118225097656,301.6219600076798,289.02694807754546,296.66295082709894,5844953
2019-03-19,295.5657653808594,297.9355733302471,291.39668301947387,291.39668301947387,5639437
2019-03-20,293.152099609375,298.3305304616823,291.7038769924129,295.91685582001196,3309504
2019-03-22,291.0017395019531,304.91328332270956,289.0269094191447,294.90750332708853,9113700
2019-03-25,287.0082092285156,293.942048462375,283.6729489251312,292.1866404816634,5253505
2019-03-26,287.7103271484375,290.87006101652173,286.34989732243076,288.3685938926477,4247229
2019-03-27,283.05853271484375,292.27441666308573,281.21536186918206,290.519008781519,5951916
2019-03-28,289.597412109375,292.27440530978566,278.88943930773223,283.14631440014983,13616927
2019-04-01,299.1204833984375,302.7629587182539,292.44996270953806,293.06436294033574,7080411
2019-04-02,312.8564758300781,315.09462455565387,301.05142118401204,301.05142118401204,22251488
2019-04-03,307.1953125,318.60541926703934,305.0010600555719,312.46153619858785,12250809
2019-04-04,313.1636657714844,315.5334438917389,308.9506872644576,308.9506872644576,12168154
2019-04-05,313.03204345703125,315.75290344095674,310.31115375317154,314.74355503271994,3728070
2019-04-08,311.5399475097656,319.3075790890941,309.43345805234986,314.5679926698754,5656181
2019-04-09,308.59967041015625,316.8500735225488,299.7348967599874,314.6996874805209,10073980
2019-04-10,298.4183349609375,311.0572434830175,296.6629565917056,307.89750892251317,4759411
2019-04-11,303.99169921875,308.29244096662364,295.9168529312781,299.9103797343468,18189273
2019-04-12,300.1297912597656,307.5025038723105,297.5405908114907,304.56219215112554,8349759
2019-04-15,305.1766052246094,306.31761289013355,293.8542618114138,302.71903424967036,10210051
2019-04-16,306.0981750488281,308.1607680100038,299.07657376910015,305.43990828758433,9519380
2019-04-18,304.518310546875,307.590251694319,291.9671679354795,306.7564293320357,16138821
2019-04-22,306.668701171875,314.69965134732143,295.4341204746998,301.929114762124,15339393
2019-04-23,302.5472717285156,311.05490025820154,300.3486503934737,310.67255329727647,11627154
2019-04-24,310.19451904296875,311.91518411763127,301.6868918446668,302.54722438199803,7161510
2019-04-25,314.0181884765625,318.22421232604717,306.84882018587246,308.56948521879855,11517967
2019-04-26,311.1026916503906,320.9008489626709,308.0915570016271,315.45211496970126,5000316
2019-04-30,306.1797180175781,312.39317535201866,300.205238668311,309.71659814213035,6139942
2019-05-02,309.9078063964844,314.87858447155355,307.4224470788852,308.66512673768483,7925814
2019-05-03,316.83819580078125,319.13239647702017,310.1467821150737,310.1467821150737,9901409
2019-05-06,318.75,321.56994615447377,312.106406102493,316.8381761284834,14870120
2019-05-07,310.62469482421875,325.8237647561873,307.27900330758547,325.0112218416177,17735230
2019-05-08,310.19451904296875,313.01449461311785,305.9884950914628,310.5291060163443,4864438
2019-05-09,301.54351806640625,311.81960083504015,298.81915128665145,307.08783092909346,7998137
2019-05-10,309.81219482421875,313.9226397813734,301.30453728311386,304.8414172667451,7855974
2019-05-13,304.60247802734375,312.9189483015451,300.7788299306642,307.3268451281896,6620278
2019-05-14,321.7611083984375,324.7244529909915,301.30452330391194,302.06924684653103,10954653
2019-05-15,316.64697265625,323.0994076340162,314.2094032806101,321.18758385391715,7782551
2019-05-16,310.8636779785156,318.6066117409988,306.89663179746157,317.36390252384734,4591691
2019-05-17,313.970458984375,316.12126096768014,307.9481896551726,309.42984729968464,4117918
2019-05-20,325.1068420410156,326.87526715837,316.40799624670404,317.4117275121597,7858379
2019-05-21,316.0734558105469,325.1068593613167,314.06602289262014,325.0112503347867,4316609
2019-05-22,320.3750305175781,323.0516074987935,314.16160343391425,316.40798441465114,6791987
2019-05-23,323.8641052246094,333.61444138494875,319.46689305112716,322.6692154578908,5449864
2019-05-24,337.62933349609375,340.30588084226,325.0112311729526,325.0590505433651,9756740
2019-05-27,334.0924072265625,336.38660753485686,331.0812730369175,334.2835955389088,4004333
2019-05-28,330.3643798828125,336.19549038854467,326.63631135222136,333.3755144436695,8643505
2019-05-29,323.8641052246094,329.9341927914272,322.9559830579173,328.6436940114134,4581547
2019-05-30,331.4158630371094,334.14022964305536,324.5810516979744,325.0112179746954,14152211
2019-05-31,333.4233093261719,336.8645802401454,329.2650747751943,333.6144679281123,11028688
2019-06-03,337.19915771484375,340.06689330218103,333.4710895633329,336.0042678867866,5214139
2019-06-04,336.86456298828125,340.2580737979095,334.33138472305205,335.5263042435754,6749428
2019-06-06,338.202880859375,340.2581033830669,333.1365238884011,337.2469689357849,10510811
2019-06-07,341.3573913574219,345.9935817114991,336.29103472225466,338.202858442716,5879853
2019-06-10,347.4274597167969,348.57455992678655,338.05949943515805,339.1587802747854,5992522
2019-06-11,347.23626708984375,350.7731469768206,342.4567077074241,346.99728912072277,5668149
2019-06-12,344.0339660644531,346.4237756255874,341.35741858629484,346.4237756255874,2868026
2019-06-13,347.7142333984375,348.86133362841605,341.3096176909953,341.3096176909953,3839377
2019-06-14,337.7249450683594,346.949537289853,336.14767841225955,346.56716060960616,5170880
2019-06-17,328.83489990234375,339.923525082338,327.01865547183695,339.923525082338,7087101
2019-06-18,329.9342346191406,332.0372468191626,326.15834681370274,330.173212602781,4977568
2019-06-19,326.0627746582031,332.6585790392852,319.5625495846998,331.22471110600077,4008250
2019-06-20,333.184326171875,334.5704043339768,324.24650259282583,324.2942922425676,3563847
2019-06-21,328.64373779296875,334.4748184633234,327.5922168262162,332.180617917621,9764198
2019-06-24,329.8864440917969,333.1843762183258,328.35699675073664,329.9342634686529,3310679
2019-06-25,333.232177734375,336.4822905997135,329.36071014715395,330.22104288207794,2848907
2019-06-26,330.31658935546875,336.4822571428013,327.4488534841144,334.5704332285651,4732848
2019-06-27,333.2799072265625,335.38291930566163,325.87156043975637,331.9416187071545,13137225
2019-06-28,331.36810302734375,334.5704258449782,327.4010566048782,333.04094891538267,8737050
2019-07-01,333.13653564453125,334.4270346188784,329.93424247547114,331.702667708546,3469130
2019-07-02,338.01165771484375,338.8719902454322,332.0372088077849,333.6144454872905,3816212
2019-07-03,337.62933349609375,340.7838367869301,334.3314018139517,337.3425361533462,8473243
2019-07-04,346.75836181640625,348.90916385274846,337.4381899389877,337.7727472566666,8565250
2019-07-05,348.71795654296875,354.78804506735287,344.6075410410179,346.7583429604039,6878479
2019-07-08,340.68829345703125,348.33561909911634,338.8242591320202,346.0414184344973,3543845
2019-07-09,346.3281555175781,347.2362777721615,338.48964222534937,340.3058867345161,3931858
2019-07-10,342.7434997558594,348.8135584361424,338.0595193392589,346.9017345469068,5299464
2019-07-11,344.84649658203125,346.4237631082056,340.5926529544784,342.4567168271806,3513505
2019-07-12,340.4014892578125,344.8942810737083,338.5374551329275,344.8942810737083,4750306
2019-07-15,335.1439514160156,343.55599998542436,333.75787320492446,341.8353644943844,3524295
2019-07-16,335.287353515625,339.3021895156899,334.23583257374,335.52633149515344,3651688
2019-07-17,330.9857177734375,337.82052954648924,329.59963955819757,335.09616276758334,4765414
2019-07-18,327.4010314941406,335.71747064367315,323.67296334161296,332.65854673902624,3711155
2019-07-19,324.96343994140625,330.7467306197223,321.28316135339315,328.3569509079989,2517348
2019-07-22,327.4488830566406,328.3570054419039,320.80525869075075,324.05537152644973,3120156
2019-07-23,328.4525146484375,333.13649454948995,322.5258553001457,327.83116006485267,3682410
2019-07-24,323.9597473144531,329.5518498256121,320.9486129069112,328.8349158923814,4840787
2019-07-25,324.05535888671875,328.3092029780672,319.80154451530575,320.2317108620663,7600173
2019-07-26,320.1360778808594,323.959755339407,313.7314619746937,323.0994227102455,5089100
2019-07-29,319.8014831542969,321.61772750549426,313.6358162336421,319.94488181568136,5072884
2019-07-30,330.5077819824219,332.9453812806717,320.37506755350535,322.1435225290971,12960949
2019-07-31,322.717041015625,338.1550898473634,318.03306072089595,328.0701953180957,11065547
2019-08-01,309.6210021972656,323.8163413056106,306.992244501626,320.23167172064746,9957404
2019-08-02,328.40472412109375,339.3021606690238,312.7755180367972,317.3638889096649,28586783
2019-08-05,341.930908203125,345.7067657920293,324.1030816404265,325.1068128156522,15513355
2019-08-06,352.2070617675781,358.85065557862526,338.4896483961382,338.4896483961382,17339262
2019-08-07,349.9606628417969,356.508677571629,346.51936196861925,351.77690744596845,12759435
2019-08-08,355.7439270019531,362.05296326487843,349.2914920685332,349.8650273106484,16351434
2019-08-09,354.78802490234375,357.2733839799563,348.096611813527,355.6005381377352,7844936
2019-08-13,336.1476745605469,348.90914690832636,330.8901587270364,345.2766873673424,14292351
2019-08-14,345.2767028808594,347.8098816024329,331.98945457677627,339.350012738327,7813907
2019-08-16,345.6112365722656,348.9091387345594,339.349989541272,344.12957899788256,5827109
2019-08-19,345.08544921875,350.1039863354376,343.938349076664,347.4274391505236,4606667
2019-08-20,342.2655334472656,346.3759487410024,341.6441788140553,344.6075235848387,5364922
2019-08-21,339.25439453125,344.3207513935651,337.5815487008451,342.21770954285154,4122882
2019-08-22,337.19915771484375,341.45297144671355,335.5263119555637,339.3499594053467,3171984
2019-08-23,340.68829345703125,343.1258630882296,335.04840082647155,338.3940927924122,4676421
2019-08-26,344.7508850097656,346.66273851943646,331.6070667353794,342.16991694963184,5024254
2019-08-27,332.94537353515625,351.96806289418134,329.55186234632146,346.5193588506282,32805677
2019-08-28,330.5555419921875,334.0924219062438,325.48918523208783,334.0924219062438,5628194
2019-08-29,328.3569641113281,334.331413630871,326.11055326002025,327.25765351175903,6040518
2019-08-30,331.5115051269531,334.18808259133914,323.8163894967478,329.79086941408804,4855098
2019-09-03,322.0001220703125,330.69896849697153,320.7096528065355,330.2688021690678,4305439
2019-09-04,330.4599609375,332.03722742537406,320.32724747109114,321.1875800499191,5241168
2019-09-05,332.3717956542969,333.94906219417834,325.91936054019334,329.790827552642,3325608
2019-09-06,333.85345458984375,338.3940659027467,329.88640825748615,334.76157685242435,6392799
2019-09-09,340.7360534667969,341.64417572252796,334.1402494198367,335.4785082578167,3782198
2019-09-11,339.4455871582031,345.99360160931263,335.71748908100034,345.8024132822852,4900745
2019-09-12,332.2283630371094,342.600053755546,331.4636395310271,342.600053755546,5639186
2019-09-13,327.9267883300781,334.283614323234,325.87156586674536,332.2762112306227,5012583
2019-09-16,328.83489990234375,330.17318840060466,323.4817756292312,327.87898803785197,5104088
2019-09-17,324.8678894042969,333.42333719367315,317.8897082522799,333.42333719367315,8486044
2019-09-18,320.80523681640625,328.97830800655186,319.84932483813753,326.54073840595345,7631530
2019-09-19,322.717041015625,327.4488406822876,319.94491428032103,323.48179432736816,11891538
2019-09-20,340.68829345703125,349.0047634362915,320.27949519296214,324.7244978356859,15819981
2019-09-23,332.6585693359375,346.2803737446721,329.7908335530178,340.3058944769897,5854791
2019-09-24,333.2799072265625,336.4822298551705,330.1731936178732,332.65855261685203,4811334
2019-09-25,326.5885009765625,335.4785054131525,323.0994106572615,333.6622906370232,4697149
2019-09-26,328.8827209472656,331.75045681449967,325.4414200746244,326.0149850800316,4958745
2019-09-27,333.7100830078125,339.25439584311107,324.2943031740889,328.8349144512498,3416220
2019-09-30,350.8687438964844,358.37266970006425,329.07387064845324,337.43812899917214,19984719
2019-10-01,335.478515625,354.31007571219095,331.55928860779755,353.68872107095814,7344343
2019-10-03,329.69525146484375,339.92354466816005,326.25395072243276,335.4785126342545,5037665
2019-10-04,324.5332946777344,333.3277202506373,319.5147569579346,332.9453733039461,4794009
2019-10-07,326.4929504394531,331.46369869614335,322.2391064502373,323.0994391231021,3566103
2019-10-09,343.5559997558594,344.9420779660244,324.05532551075174,327.9745821643194,8848384
2019-10-10,360.6191101074219,368.0274572256475,346.04139385156077,346.90172646965823,48555442
2019-10-11,366.02001953125,368.36200965414344,356.17410308479725,358.4204841847554,11113337
2019-10-14,376.20050048828125,379.4984023237794,363.48681935266393,367.50165507762125,10930620
2019-10-15,366.7369384765625,374.67103077926623,364.7295057161467,372.806996687427,8746356
2019-10-16,368.2664489746094,369.74810656567604,360.7147028977196,364.2994024605249,9079900
2019-10-17,368.8399353027344,370.41720171220953,362.3397110745351,368.0274221341745,4877679
2019-10-18,366.59356689453125,369.36569346767124,363.72580158311877,367.97961532113567,4053714
2019-10-22,357.60797119140625,379.02046931231064,351.01213740170795,364.9684988455093,11570680
2019-10-23,344.46417236328125,361.3360913283951,339.35002507753046,357.0344573949912,13588127
2019-10-24,355.9351501464844,359.7587980545,311.15050759221805,338.34629844176965,74062675
2019-10-25,358.6116638183594,361.7184071697013,346.6149161458061,353.59309669384197,28275934
2019-10-27,356.6520690917969,358.9462696278502,349.4826998466135,355.60054812946686,2033141
2019-10-29,344.0339660644531,349.5304894191485,337.53374112044,346.9973108995022,36912144
2019-10-30,351.72906494140625,354.9791772656807,344.75088434634256,348.2399746438744,17185921
2019-10-31,357.7513122558594,360.1889112133033,347.7142082591656,350.53415411900426,13034332
2019-11-01,356.604248046875,359.8065708517641,347.331896360377,347.331896360377,13938891
2019-11-04,361.3360595703125,364.87293977895837,357.5123819966929,361.57503756116785,7763797
2019-11-05,367.0237121582031,368.50539935820586,358.03812853723787,360.3801186031212,6766429
2019-11-06,355.0747985839844,368.409805617491,353.9276983286354,368.02745867899665,8335534
2019-11-07,355.361572265625,358.94627176957215,352.7806040771485,358.2771274659029,4906572
2019-11-08,352.87615966796875,359.2808049155618,350.43859032264584,353.68870259636407,6094415
2019-11-11,355.1225891113281,357.46457928011677,352.01587534373357,354.88361112920546,2826663
2019-11-13,352.35040283203125,356.9388034766862,350.0084128613075,355.6961240187299,6544841
2019-11-14,346.5193176269531,350.91652989334375,334.85715759345493,342.12210536056244,21487581
2019-11-15,375.7225646972656,380.93229051718174,341.50077588410744,342.07434085837104,56210391
2019-11-18,391.1605529785156,402.0101997909707,374.8144131485927,378.5424811701516,43462375
2019-11-19,419.9814147949219,426.0036532224345,402.87052215759604,408.08024743883055,63965674
2019-11-20,418.0218200683594,432.9819128711853,414.0069840799673,428.5368808569733,56689066
2019-11-21,407.50677490234375,422.99258418836433,403.5875180672594,422.99258418836433,22595291
2019-11-22,402.1058044433594,410.9958385107146,398.61671415905397,404.35221521542314,17090583
2019-11-25,431.5002136230469,435.56286887013744,402.77494843057235,402.77494843057235,34112216
2019-11-26,413.2900695800781,427.2942214062377,410.9480793333803,425.38239748565724,23906748
2019-11-27,414.2459716796875,417.7350621396664,407.60234804989386,414.38934063835785,13586924
2019-11-28,417.40045166015625,424.3308425375449,409.60975791931816,414.24594838764494,22352772
2019-11-29,422.94476318359375,429.8273643916021,415.96658267544575,420.220426210364,20386454
2019-12-02,438.3828125,464.1925225153919,434.9893015374854,450.37953041438016,56782244
2019-12-03,438.8608093261719,444.54849150709106,425.62138095385455,442.3976895687553,24319749
2019-12-04,441.059326171875,444.30943821586374,434.65471109691447,440.53358062003457,16851755
2019-12-05,427.6287841796875,443.1624131731631,425.71696023462823,442.8756455253911,17642464
2019-12-06,425.23895263671875,432.45611092931193,423.32712892369926,431.9781550010571,11629491
2019-12-09,426.19488525390625,431.69140841651307,422.2278389681769,427.8677310842854,8012971
2019-12-10,427.2942199707031,431.1178677990181,423.7095501316578,425.81256238121784,7274085
2019-12-11,423.2315979003906,429.25383733932057,421.1763752865009,424.90444384008975,6931352
2019-12-12,419.3123474121094,424.28309565281387,417.25712476683884,423.37497332769584,7527779
2019-12-13,408.9406433105469,421.27194911349636,407.2200077389464,420.6028048023367,13320154
2019-12-16,403.2528991699219,412.04732409676285,401.9146403749142,411.42599920905866,7093336
2019-12-17,420.55499267578125,422.0366501799315,399.1902843937281,406.02506638117035,23423482
2019-12-18,418.9777526855469,427.3898017320806,415.01070615292167,427.29422242379763,17986000
2019-12-19,429.63616943359375,436.66213948326174,411.28259621572914,416.7791191672016,14236801
2019-12-20,433.7944030761719,440.10343921432184,426.0514991411603,430.06633491635915,21689127
2019-12-23,434.75030517578125,438.90853952524026,426.7684234539078,429.253782358005,10630886
2019-12-24,436.9967041015625,439.7210706131912,432.456093248848,434.4635258974054,6974012
2019-12-26,427.8199462890625,436.37539358260017,426.3382887664671,435.228293341905,5997570
2019-12-27,435.037109375,436.90114356981906,429.20602880966686,429.20602880966686,5997611
2019-12-30,440.1990661621094,444.2139021008331,435.03710027525625,439.72111021035494,12141748
2019-12-31,435.7062683105469,442.1109140772172,434.4635887122091,439.72113418813154,5212590
2020-01-01,433.31646728515625,440.1990686939243,429.92295623223606,435.945225034925,5154996
2020-01-02,435.13275146484375,439.14758779263195,433.50769512741334,434.08123043712516,4933053
2020-01-03,435.037109375,438.95636609332547,431.5958383383594,435.6106743610621,5154587
2020-01-06,429.8273620605469,437.2834984688203,425.04777296091777,433.88998753328985,7538915
2020-01-07,425.4779968261719,435.2283349441209,423.56617281557845,432.0738312706289,4353883
2020-01-08,438.6217956542969,440.4380401424602,420.93736615994624,423.08816792332976,14118818
2020-01-09,439.81671142578125,454.01205145203596,435.2283102843843,447.75080439615203,18180867
2020-01-10,436.8533630371094,445.4088105949864,434.1768155394113,444.30949997203527,37724966
2020-01-13,448.2287292480469,449.56701777468317,434.2245785284127,438.7651599810213,15206224
2020-01-14,448.658935546875,451.81346882381564,446.0301776293807,448.2287692163891,8238486
2020-01-15,447.2250671386719,451.1921136981169,444.500700194978,448.80233377554384,10875259
2020-01-16,453.0083312988281,455.92385668642765,447.3684391300821,448.51550964853055,16290593
2020-01-17,478.0055236816406,481.5901933129002,454.15542663121045,454.15542663121045,61915666
2020-01-20,486.2742004394531,490.0978779777431,472.46123703172117,477.001818816019,45298836
2020-01-21,489.18975830078125,492.2964721698591,482.1637578449721,487.5169123712778,65202963
2020-01-22,491.8184814453125,500.66072588789274,484.3623449103197,492.0574594183589,20285793
2020-01-23,500.5650939941406,502.8115048034651,489.7632656887375,492.2964441256539,15772863
2020-01-24,501.1387023925781,504.10201749194687,491.48394433353855,497.55400292989253,23824625
2020-01-27,491.7229309082031,500.99528274879066,489.3331213180115,498.1753365578996,11856786
2020-01-28,469.59344482421875,491.72290636609046,464.670486649221,491.675086995125,31674769
2020-01-29,468.63751220703125,479.2959710331478,466.7256884907598,471.3618788346766,20037283
2020-01-30,468.2073974609375,471.17074237928244,458.9350157525232,470.31040972429395,15337903
2020-01-31,474.5642395019531,477.3841856538995,465.53083605321297,471.4574959935896,18356252
2020-02-03,487.5647277832031,490.71923147293165,474.1819002002956,474.1819002002956,15212799
2020-02-04,496.0245056152344,499.56138555999587,481.2556312183495,491.3405254559648,14646591
2020-02-05,509.8374938964844,513.8045700571781,493.06118584604747,495.16419805898147,30647706
2020-02-06,522.6945190429688,528.429990072868,510.5544030324323,511.46252522281907,17180298
2020-02-07,515.6686401367188,524.797653298403,514.521510064528,524.7020145458172,8967847
2020-02-10,514.95166015625,519.6834898248455,512.4663009047648,516.3855281213225,8570467
2020-02-11,510.7455749511719,520.6393400077275,509.263917507106,515.7163523040381,6622800
2020-02-12,515.8119506835938,518.4407381247338,511.4147678379099,512.370679736531,5160923
2020-02-13,516.146484375,518.823061190661,508.30797195191195,515.9074767050961,5729055
2020-02-14,540.09228515625,542.5298547409566,510.6978434164507,520.8783475265493,37517890
2020-02-17,539.9487915039062,543.6290699834749,531.9669096699881,540.0443708015861,23354434
2020-02-18,524.0806274414062,543.7724600006919,513.6133268230427,538.5149445860964,21865560
2020-02-19,519.4444580078125,529.1947953817986,514.9994259144347,524.8931916861811,22088140
2020-02-20,521.5474853515625,527.6653334357114,514.8560425721303,519.7312408428498,16010058
2020-02-24,506.53955078125,518.1539215258382,503.8629737886206,518.1061318766693,9834434
2020-02-25,511.6537170410156,514.2347148359951,507.5432720933805,509.5029449850639,9804202
2020-02-26,512.3228759765625,515.6207778799695,497.36278384729695,509.2161326716696,18965240
2020-02-27,508.2124328613281,512.227238962547,503.76740103227826,511.1279581376633,11381143
2020-02-28,500.4217224121094,505.1057026112645,490.8625736897643,501.76001096042006,16934165
2020-03-02,495.498779296875,512.3706961767349,489.28532203653776,510.45887231814896,10096159
2020-03-03,497.8407897949219,509.8375087733317,491.48396331759557,500.8997140375446,10563605
2020-03-04,493.9692687988281,509.31170771690563,485.0314750355558,501.85557139933013,18066379
2020-03-05,503.6719055175781,507.30439502473905,493.87377744371526,499.7526780639821,14344961
2020-03-06,496.2634582519531,500.5650615467947,488.902901394641,494.9251697833636,9503868
2020-03-09,474.373046875,489.4287191532207,469.40226919460775,487.5168953007312,15664232
2020-03-11,472.03106689453125,486.0830081773819,465.5308418798955,465.5308418798955,21401999
2020-03-12,444.452880859375,460.273276386184,438.95635768458754,457.4055406706074,14471096
2020-03-13,470.1669921875,486.6087416423295,401.48446912516283,433.794403084108,24254296
2020-03-16,444.30950927734375,471.21853209704847,436.04085890527836,451.4310890691819,14936276
2020-03-17,434.65478515625,459.79535327426925,424.7610486789633,444.50070225891574,12629709
2020-03-18,406.7898254394531,457.6923132626586,389.48774249597875,439.72111575423787,29342689
2020-03-19,425.14337158203125,431.739175252662,345.80239062031063,398.09095321886923,24017236
2020-03-20,442.2542724609375,451.19209658424086,417.4004730490881,425.3823852396203,19758966
2020-03-23,389.39215087890625,426.05150839309647,381.8881950271548,398.04317721711146,14907385
2020-03-24,386.2376403808594,418.54757692299125,382.5095719229185,392.78565500878796,12947855
2020-03-25,410.1833190917969,418.92995498928184,387.7193289628498,388.62742153390826,14093189
2020-03-26,449.9494323730469,471.6964890257152,401.7234894551358,407.69796895880626,22302573
2020-03-27,429.158203125,453.86863126462464,418.21297685593186,449.94937487536316,16378409
2020-03-30,412.0473327636719,429.49281403479625,409.13180742329934,424.28305853489206,10210726
2020-03-31,421.463134765625,427.29421547440694,405.3081515331468,421.5587140723535,17059457
2020-04-01,402.77496337890625,420.6027920934543,394.2195457131478,420.6027920934543,9646905
2020-04-03,405.2603454589844,412.9554600966426,397.27846319282645,412.9554600966426,14419445
2020-04-07,449.4714660644531,464.3359502807825,414.05478590442254,414.05478590442254,15553539
2020-04-08,441.2983703613281,469.45010223244446,433.02972007063954,453.4385175618857,13639333
2020-04-09,467.1559143066406,470.59721526645734,450.2362068774927,450.2362068774927,11962829
2020-04-13,489.619873046875,497.93631216428525,469.3544465319938,469.3544465319938,24416550
2020-04-15,487.99481201171875,512.3228636815926,482.78505676881485,510.41103998288173,26277115
2020-04-16,478.38787841796875,490.38462647559066,475.424533642471,477.9577121112105,17401120
2020-04-17,480.2997131347656,489.90668161687887,476.2370873943188,488.47281370848583,16430317
2020-04-20,468.6853332519531,485.3182720255458,465.4352208286028,485.3182720255458,11688508
2020-04-21,478.4356689453125,481.5902020540232,458.0268722024202,462.6630628416246,15781695
2020-04-22,479.2959899902344,494.2560824895933,470.3581959311997,493.25235122290655,18447565
2020-04-23,474.1340637207031,484.9358921453687,469.4022640734953,479.72616626018566,12767355
2020-04-24,472.4612121582031,477.0017937034544,463.0932220005434,473.08253706401496,12161869
2020-04-27,472.27008056640625,480.87331845820245,469.4501341660871,476.09372864278856,10074370
2020-04-28,464.2403564453125,475.5201712428494,462.75869882848883,475.5201712428494,11729091
2020-04-29,474.1340637207031,476.4282642066343,465.5786164102318,469.30668476988683,8371711
2020-04-30,491.6273193359375,493.2045859301146,473.369353669807,480.92106990869513,20170888
2020-05-04,509.0249938964844,516.1943332179042,477.8621289343569,480.2996983596531,34658164
2020-05-05,504.7711181640625,529.2903595768794,502.8592943539224,514.2825070033607,30498970
2020-05-06,521.9298095703125,527.1395949099259,506.6830085264375,508.3080350119214,26074684
2020-05-07,504.7711181640625,521.308477337585,501.3298471937832,521.308477337585,15823732
2020-05-08,506.68304443359375,521.738687936667,505.01016873775455,516.1943746405793,13847608
2020-05-11,512.5618896484375,524.3196903942578,508.6426623597443,509.55078469832495,14490804
2020-05-12,535.1692504882812,539.1362669962961,507.1130998300321,509.5029389927717,23041211
2020-05-13,531.4412841796875,544.6328945564713,525.0844272894891,543.3424548664763,21509772
2020-05-14,516.0509033203125,537.7023471219746,511.51029256637173,526.8049407523747,13428330
2020-05-15,529.6727294921875,532.3493065682974,515.6207890024068,519.5400158753888,14758117
2020-05-18,514.330322265625,534.3567430579063,511.6059553685565,532.3493398452738,21991328
2020-05-19,572.4021606445312,576.8949823228535,532.4448998182067,533.8787676951438,73259076
2020-05-20,567.8615112304688,585.0201943909151,562.6517856830028,578.3288114139685,36412918
2020-05-21,568.3395385742188,577.8509280990583,559.5929618443705,564.4681010236345,20673544
2020-05-22,567.049072265625,571.0638785909375,561.1223826427039,570.6815019314157,11630640
2020-05-26,534.5957641601562,551.0374858219357,532.9706781359813,546.7836715819914,77933211
2020-05-27,538.2760009765625,540.6179910799832,529.4337861648889,536.2685384308701,22948762
2020-05-28,537.9413452148438,542.9599117777631,531.4889109824985,539.757589484088,16574283
2020-05-29,528.2388916015625,539.136299686609,519.8268426910328,533.4008280039391,55206200
2020-06-01,534.4044799804688,536.8898983640611,525.8968525532061,534.3566903315376,40024637
2020-06-02,533.4963989257812,547.0704434652133,531.5845750616058,538.1803792809844,32573015
2020-06-03,527.3307495117188,543.2467244415465,525.036549036802,542.9599865320976,29783799
2020-06-04,547.2138061523438,559.5929309148761,525.3233518305457,527.9520798937302,30007267
2020-06-05,558.589111328125,563.9900547240926,542.434189667,558.2545837987128,48771843
2020-06-08,559.3538818359375,567.5269816528962,553.6662003819577,562.0782484415904,20813563
2020-06-09,542.7687377929688,565.5673128583128,540.7613347808824,554.4308981143697,15219451
2020-06-10,542.0997314453125,550.607360559809,538.2282935952085,545.82780032019,19489440
2020-06-11,527.5219116210938,548.5043030355696,522.5989830775452,544.8718139728406,27803048
2020-06-12,535.408203125,537.2244476172312,516.1943264438481,516.1943264438481,19224358
2020-06-15,526.4226684570312,538.8973733708557,524.7976418566956,531.4890257590397,13838935
2020-06-16,520.8782958984375,534.6434982592366,513.3265801798807,533.4007890428155,19430678
2020-06-17,538.6105346679688,540.5702075848737,517.1502468440971,522.7423493653268,20916747
2020-06-18,536.1730346679688,547.6440385456564,533.5920959454096,539.3753578221539,19692591
2020-06-19,547.2615966796875,552.710330302783,536.2685501292035,537.1288827475729,41924711
2020-06-22,555.4346923828125,562.078286132709,545.2541888852749,550.4161251116528,12954502
2020-06-23,553.2838745117188,558.8281875287258,549.0300604431254,555.4347060924083,9944839
2020-06-24,532.779541015625,556.3428732379178,530.5331299479597,555.3869017828531,12619809
2020-06-25,534.3567504882812,538.8495723922226,525.7535427946254,529.48161134985,15881470
2020-06-26,535.6950073242188,541.4304787794725,532.5882638993571,535.3126306725621,11317405
2020-06-29,542.0997314453125,543.8681865659336,526.9006585554758,534.2612169884131,13162970
2020-06-30,535.1692504882812,551.5631809951142,532.8272604158766,546.7836215493625,13182057
2020-07-01,535.4560546875,549.651364255113,533.6875998379676,549.651364255113,13894655
2020-07-02,533.8309936523438,542.004094285744,533.0184506663611,539.9010523408244,13795692
2020-07-03,555.8169555664062,557.7288386494585,535.886116814305,537.0332466641363,21005887
2020-07-06,551.1808471679688,563.3210242070257,549.6991895686749,561.695938205313,16114629
2020-07-07,542.1473999023438,556.9163031249211,541.0959087726715,553.4749729698334,12759442
2020-07-08,536.5553588867188,548.695476226496,534.356737641916,546.7836523405342,9581306
2020-07-09,543.5813598632812,545.1108071695099,535.5994768615741,539.13632747222,8611659
2020-07-10,549.3646240234375,553.4750694027063,540.7136263604361,544.0115287070873,13532330
2020-07-13,560.93115234375,563.0341942052614,544.8718085134615,549.1734120994461,16660491
2020-07-14,563.3687744140625,570.490323986779,553.0448427163351,558.7325838842052,32935464
2020-07-15,538.7539672851562,562.9864117337357,534.9780498165632,562.9864117337357,20062926
2020-07-16,537.9413452148438,541.2392467985092,528.9079135136176,540.9524494886812,11528871
2020-07-17,541.7650756835938,548.5998875672897,536.9855160501744,538.2760149831574,12189475
2020-07-20,550.368408203125,556.8208441988942,542.5776834621714,545.827796289084,9789671
2020-07-21,542.7210083007812,558.0634488048465,541.3827196644302,554.4309595690177,12005925
2020-07-22,544.059326171875,550.1293852958615,537.9892670478883,542.9600451871705,11034525
2020-07-23,542.1951904296875,550.36829012142,539.136236891298,544.8717673457958,9718786
2020-07-24,534.786865234375,542.3863705747516,530.9154280896341,540.0922296296184,9960443
2020-07-27,534.8345947265625,538.8972494530108,520.1613312828208,533.5919450943641,10895560
2020-07-28,539.7098999023438,548.9344918938076,530.8198949277361,533.8787894136935,14210206
2020-07-29,541.2393188476562,544.0592649169009,535.5516370578101,540.331196592146,9979767
2020-07-30,528.3345336914062,554.8611825357739,519.1099406976936,550.6073679216505,45326361
2020-07-31,530.3897094726562,534.6435234711744,522.2166090405424,526.6137919954557,13917435
2020-08-03,523.2202758789062,531.9669109957856,522.3121536689608,530.0550872779767,9392745
2020-08-04,524.797607421875,528.9558421203054,521.7864432554901,523.8416954985485,12035116
2020-08-05,534.3089599609375,535.7906175617704,522.4556397144058,527.6653658643718,12920232
2020-08-06,532.72607421875,538.865891882363,530.1837691501286,538.865891882363,10620956
2020-08-07,538.00244140625,540.4967254230951,529.6081463716336,533.3975634879866,7346008
2020-08-10,536.1317138671875,542.0317248892165,532.2463742191738,541.3601478801068,9594610
2020-08-11,528.6967163085938,537.7145666369921,527.8332943185742,535.3162053609983,8290695
2020-08-12,525.4349365234375,538.4341084134174,523.1804590130755,527.6414527732928,12613101
2020-08-13,513.5869750976562,526.0105527139445,502.93826245890796,512.2919017046406,37464752
2020-08-14,507.1114501953125,520.7821405088858,503.65776192859823,520.7821405088858,18550546
2020-08-17,500.2041015625,510.852904081666,497.0382703746303,508.9821761621704,19369462
2020-08-18,504.9049072265625,507.59109581430766,499.00489651657057,500.8276630830183,13771669
2020-08-19,514.0667114257812,517.9521110488648,505.6724156899628,507.49518250375826,17395288
2020-08-20,504.1853942871094,511.9081719510174,501.4512443002596,509.41388793914524,13690809
2020-08-21,499.1008605957031,508.26262507850976,495.0236163563457,508.26262507850976,22244899
2020-08-24,505.48052978515625,510.75692507327483,487.5407201869077,496.8463985779416,29714401
2020-08-25,507.159423828125,513.8748361609088,504.617118830536,512.771607745089,19881871
2020-08-26,493.5845947265625,506.91952584574216,491.1862333305442,506.91952584574216,26386996
2020-08-27,490.3708190917969,497.4220499878399,487.3488715153952,493.4887190291378,22268191
2020-08-28,502.1707763671875,508.0228260365565,491.28216764531487,491.28216764531487,22217757
2020-08-31,492.24151611328125,501.0675519507617,487.8765041986451,497.4220186512216,190329697
2020-09-01,524.0438842773438,532.8698896785047,493.2967789823525,496.46260994205187,75732733
2020-09-02,528.1691284179688,536.2755961964185,522.9406944193244,527.6414948570025,35680638
2020-09-03,516.1292724609375,530.4235777195747,513.8747948914233,528.1691001500606,25084656
2020-09-04,501.8829345703125,516.1292787405151,498.38134484568116,509.89353914214234,28610361
2020-09-07,494.4959716796875,506.5357695945944,489.55533533659906,503.6577359562878,16450037
2020-09-08,477.851318359375,495.83908909068356,473.91798764099264,495.02362829248705,33745174
2020-09-09,483.75128173828125,486.0537206022771,471.1358590754064,473.1984618005133,32068518
2020-09-10,477.13177490234375,487.3488364408871,471.2317938022418,487.3488364408871,21400064
2020-09-11,471.6635437011719,482.02448988468416,468.6895573608456,479.00254227671655,15888599
2020-09-14,454.82696533203125,477.0358645174973,449.26274276277303,475.8366837614774,53032505
2020-09-15,465.8114929199219,467.82610464237865,450.941592017392,455.83426735667655,31436333
2020-09-16,462.16595458984375,470.75212442959554,461.0147351209016,467.2025434947976,13379581
2020-09-17,459.52777099609375,462.74159335437776,454.73101809139223,460.48711561170256,13750507
2020-09-18,474.44561767578125,477.4196037812423,455.97817478626104,463.3651340460751,55830089
2020-09-21,448.735107421875,475.8367135088351,442.49936710073865,475.8367135088351,23162880
2020-09-22,451.80499267578125,459.04806789914824,442.25947859871866,449.45459255985355,18950065
2020-09-23,416.1652526855469,448.0155903956441,406.6676989275797,448.0155903956441,86810146
2020-09-24,402.254638671875,415.8773665147158,399.23269153274885,407.96274447541646,36458719
2020-09-25,421.77740478515625,426.8619548875875,404.98881509045526,407.7229351951046,34232784
2020-09-28,425.61480712890625,429.45221546756267,416.4050808041152,427.8692849007001,21445626
2020-09-29,417.8920593261719,426.47822954520933,412.04003919498246,425.95059596474465,18187111
2020-09-30,403.8375549316406,422.496870629799,401.15136653444864,420.1944319541068,27686374
2020-10-01,414.774169921875,416.9326952357397,406.4278362496104,408.68231391786304,13593932
2020-10-05,407.1952819824219,419.7147817538751,405.8042264522604,414.7741455067462,15282146
2020-10-06,409.4018249511719,412.51969486874174,405.90020526693064,409.6416610986772,11078299
2020-10-07,405.2766418457031,414.1985708893977,403.9815086812998,410.40915358316784,10393534
2020-10-08,407.1952819824219,417.7960926989365,402.0627708644682,408.6822898613232,17018635
2020-10-09,407.914794921875,417.31642508377973,406.09202836871714,410.600983490035,20948615
2020-10-12,398.17742919921875,413.09529132085385,395.1075205337145,410.60100730762616,14326607
2020-10-13,398.4172668457031,410.1213365527643,396.30670276606725,404.02948046320944,28303313
2020-10-14,396.4505920410156,402.4465252332926,394.5798642256106,399.4725392679511,14374547
2020-10-15,382.9717712402344,398.6091418715511,378.9425179643506,396.59453014693776,28378188
2020-10-16,385.3221740722656,390.7425128434815,382.1563428436403,388.00836282543355,23786283
2020-10-19,381.5327453613281,388.200225950713,377.98316446788607,387.14492902203756,17237471
2020-10-20,388.5359802246094,396.4026414439299,380.8132326205976,381.5327410438293,26395238
2020-10-21,401.9668884277344,403.1181079408316,387.14494838160425,389.2075512520142,23929199
2020-10-22,413.1432800292969,414.7741717946899,401.0075292303424,401.966873818614,27014551
2020-10-23,416.7408142089844,419.81072279765897,409.92944986744766,417.22048649388176,18512271
2020-10-26,416.4050598144531,421.58553247518296,410.6010012462933,416.69285722301447,11956996
2020-10-27,415.7335205078125,421.0579068868728,410.1213367147466,416.4050676915969,13021129
2020-10-28,433.4814453125,468.1618829672372,424.03185351759873,427.86926164770733,125905730
2020-10-29,432.47412109375,438.51801552615694,426.90989892888933,429.50013513897017,25537340
2020-10-30,416.11724853515625,436.40748858324304,412.99937853176544,436.40748858324304,23483928
2020-11-02,438.80584716796875,441.3001610498711,417.316456320784,417.316456320784,28703578
2020-11-03,436.11962890625,441.97164852728696,429.26030347820057,439.3814122902152,16337850
2020-11-04,434.63262939453125,437.0309906389885,428.9724849269505,434.5846681349729,10191499
2020-11-05,438.7098388671875,443.1228414062779,434.20091380999554,438.4220414862292,9407770
2020-11-06,431.6107482910156,441.6359356177266,430.5074900192107,438.42211316275404,12195207
2020-11-09,452.62042236328125,455.4504947470225,434.1529801491581,437.75052220645915,24953555
2020-11-10,447.4399719238281,454.874922368698,446.0968775589075,454.7310087486504,9800899
2020-11-11,459.14398193359375,461.7821794007867,445.1854652828304,448.9269208942387,16032885
2020-11-12,460.3431701660156,463.55699230213395,455.73832229474965,457.46513651814246,14785276
2020-11-13,456.40985107421875,458.56840619096084,450.89361977733296,457.60906161758936,8428163
2020-11-14,461.9261169433594,467.202541977766,459.5277554852912,467.202541977766,4014491
2020-11-17,464.8521423339844,474.82936776868183,461.6862813442602,470.9439983406852,19050384
2020-11-18,458.9521179199219,465.2838397136354,451.9488787981777,464.2765040682778,10504589
2020-11-19,449.5025329589844,461.8781188532092,448.0155251122184,456.64965549950676,11541941
2020-11-20,464.03668212890625,466.19520744645706,446.4326612608968,451.37329780728686,12090462
2020-11-23,457.848876953125,466.96267981261605,455.78627428345277,466.96267981261605,10193531
2020-11-24,454.9708557128906,461.6862978704717,452.044860591177,458.9521478111726,9346208
2020-11-25,445.2334289550781,458.4724372773861,440.004995253726,457.129372819172,14497115
2020-11-26,449.3586730957031,450.5578538725468,441.3960888761349,449.6464705168141,11535113
2020-11-27,444.4179992675781,453.43587971401473,443.21881859083356,449.26271306295047,18491882
2020-12-01,459.95947265625,462.8854677088412,441.779826942643,448.7350752639344,18534936
2020-12-02,465.1878967285156,468.06593045513,454.7789603612767,461.44644095325435,20948620
2020-12-03,460.39117431640625,469.2651414757644,454.7309995576884,467.2984612325972,20094168
2020-12-04,473.67816162109375,477.5635013316825,463.74889717109005,467.05864204553876,31622330
2020-12-07,488.2602233886719,489.7472313606704,474.4935808349503,477.75536436321863,22541162
2020-12-08,483.127685546875,495.2634356732541,479.3382686678843,493.10491046927075,19661141
2020-12-09,482.6000671386719,486.2935616105384,478.81065014095157,484.3748724802148,11826802
2020-12-10,484.6147155761719,488.0683441296547,474.0139042910218,481.113066105761,13441906
2020-12-11,483.8951416015625,487.82847198086796,477.08377769788177,487.82847198086796,14019094
2020-12-14,482.6000671386719,491.1862367888572,480.777300534202,486.3894841363921,14147649
2020-12-15,483.70330810546875,486.1975919554616,477.85128857024705,485.28620868566054,13320211
2020-12-16,495.2154846191406,497.70979835781577,481.68867867271746,483.70332013395387,17707777
2020-12-17,494.1602478027344,501.2594098742568,491.186261604488,495.9829846726362,20023766
2020-12-18,489.89111328125,493.96835758933724,484.51876571560626,493.0090130054712,11000487
2020-12-21,470.9440002441406,490.4187490734101,460.63101609389577,486.8691681315879,15539470
2020-12-22,479.96185302734375,484.4707782933921,465.811461526038,473.9179586139945,21632475
2020-12-23,486.58135986328125,488.78784640167,478.1391038138106,479.9618704214591,13326963
2020-12-24,496.270751953125,501.7390215554086,489.6991944211582,498.86098806227557,21241048
2020-12-28,500.3959655761719,505.5764381904471,495.59924272097487,498.9569487196128,13124256
2020-12-29,499.1008605957031,503.6097860291981,494.1602241414144,501.73905815686277,11457626
2020-12-30,495.1675109863281,502.1227886620878,492.4333611772388,502.1227886620878,10691466
2020-12-31,488.979736328125,497.37403137290937,485.717952769847,496.07892809848965,15816475
2021-01-01,494.20819091796875,495.40737164096515,487.54071030612124,491.42607970995465,10377082
2021-01-04,496.07891845703125,499.34070195191543,490.80249345295755,495.98296610326616,13489114
2021-01-05,493.10491943359375,495.8870305666335,490.32280830055396,493.10491943359375,10689423
2021-01-06,503.945556640625,510.1333348480027,492.24148771144587,494.06425425604414,30837593
2021-01-07,523.0845947265625,531.9106010552654,505.67238839838797,510.37324863779025,39444841
2021-01-08,518.287841796875,527.4016151964311,515.4577097015273,526.9699041753314,14538362
2021-01-11,524.9073486328125,531.8146655458463,519.4870098846723,519.4870098846723,19892197
2021-01-12,542.751220703125,545.8691205651879,522.844730227873,526.6821683863027,25857074
2021-01-13,554.7430419921875,577.2397372237944,543.9503860185873,564.0966811461951,85239439
2021-01-14,556.9495849609375,561.0267696515594,546.8764070884642,559.0121579383903,16974338
2021-01-15,578.151123046875,585.8259391050469,569.6609058780044,584.7706123767297,57451072
2021-01-18,563.0894165039062,578.4869512872035,560.2593439198099,578.1511627754232,21359539
2021-01-19,568.2219848632812,573.1625922359814,562.6577616702169,567.0707354164466,11034273
2021-01-20,571.9153442382812,578.0071996127715,565.055989414626,568.2218500757982,13333007
2021-01-21,557.717041015625,579.4942593376593,551.0495899404577,575.8487259198762,17380638
2021-01-22,553.3999633789062,561.7462969610498,549.4666029045735,560.163336657322,12662954
2021-01-25,557.1414184570312,563.9528126436778,546.3967234542322,555.4625356286857,12503932
2021-01-27,547.595947265625,558.1008373509028,539.4894785840388,556.4219542989828,15567653
2021-01-28,547.6918334960938,552.4405948951204,539.8731338024901,543.470705624369,15201598
2021-01-29,531.0950317382812,554.9827795690611,528.2169984555323,554.9827795690611,25521965
2021-02-01,555.6064453125,557.4771730803315,526.8739518431702,536.2755519427019,14212955
2021-02-02,574.9852294921875,581.0291236788659,555.7023573981699,561.1226359050754,21711996
2021-02-03,584.09912109375,597.1942165506853,575.0812103320161,584.6267546547767,30641248
2021-02-04,576.1845092773438,597.6739001597336,571.4357474849079,589.903161083638,51976676
2021-02-05,557.4772338867188,581.2690639461775,552.8243945898224,579.2543925241657,35465208
2021-02-08,573.0186767578125,579.1105332406868,560.9308863273354,565.0560922238719,21646080
2021-02-09,574.6015625,583.043878795816,570.8121452294827,574.5536012336204,20927436
2021-02-10,566.207275390625,583.0438873083792,556.6617901753963,580.3576984320059,31642664
2021-02-11,573.7861328125,579.0145667746046,565.0560493521176,567.9340831118093,19253595
2021-02-12,562.4177856445312,573.5462298536984,560.8348850747692,573.5462298536984,15905053
2021-02-15,569.5650634765625,578.4869929136205,566.0154523479899,568.0300642570071,17972742
2021-02-16,569.8048095703125,577.143837396162,568.8934262500657,570.8121154183088,15064854
2021-02-17,569.7089233398438,574.4576852991299,566.0633898265922,572.6828798094347,16436661
2021-02-18,565.10400390625,573.6901438193793,561.4105093958402,572.7307992442063,22193564
2021-02-19,557.717041015625,571.7714814577074,552.1048570919269,566.0154137369859,19465126
2021-02-22,547.1162109375,561.1226896444498,544.9097541771671,558.3406380620002,20227667
2021-02-23,542.5593872070312,553.5438893774503,541.0723493166104,551.6252000839853,23764401
2021-02-24,549.6585693359375,550.7617978234506,542.2236182291093,545.0057297355781,8888950
2021-02-25,555.6064453125,560.6909950985688,553.5917741102368,556.3259238714227,16230241
2021-02-26,533.6854248046875,562.1300952791096,529.320352929848,551.1455333440923,198547005
2021-03-01,510.5650634765625,536.3715039064936,499.8203685368163,535.3162368137155,55091122
2021-03-02,519.1992797851562,521.8854090675248,507.3512955685766,518.5277027245752,30622757
2021-03-03,524.0918579101562,528.3609471024429,518.0479634129173,526.4422580116764,24669015
2021-03-04,517.6642456054688,523.8040630054282,516.1293061688075,518.0479953779627,17678275
2021-03-05,511.1407165527344,516.6090169986288,503.0822093426345,513.2513106321971,16658703
2021-03-08,504.329345703125,513.6829854620996,503.4179623597729,509.4138959891977,15293359
2021-03-09,500.53985595703125,510.37322741964135,493.39273284334195,508.55046078000146,20181762
2021-03-10,504.47320556640625,508.93413988804605,495.35940239189716,499.05289685517863,19013738
2021-03-12,502.8902282714844,511.0926776951095,500.3479831616923,508.9821435893666,11624491
2021-03-15,501.5951843261719,506.34394599587046,495.4073759497052,506.34394599587046,10875944
2021-03-16,507.782958984375,512.0520483279853,502.6984088522906,502.6984088522906,13252045
2021-03-17,501.6431579589844,509.41389702583604,497.9017020477808,507.30330309097803,8482758
2021-03-18,505.7683410644531,510.56506390227355,494.4000602161689,508.3105862725043,12465338
2021-03-19,508.406494140625,513.0113717934934,504.1374049727166,506.53576632247916,49597558
2021-03-22,506.53582763671875,512.2919552262168,501.7391043565685,511.38057183765653,13581706
2021-03-23,507.7349853515625,510.8048640694938,500.9235912811892,508.1666963671015,15239339
2021-03-24,502.36260986328125,511.7642700596035,500.30003695666005,506.5357765924721,10801499
2021-03-25,487.1090087890625,502.36262964065173,479.24234730065837,502.1228233180278,17572322
2021-03-26,501.2593994140625,503.56183836938976,489.8431569927813,491.2821738831966,11148490
2021-03-30,500.3000183105469,506.4398351922556,495.2634297349866,506.34391267055736,10691124
2021-03-31,496.270751953125,504.5211325294321,495.2634163692053,501.11546552788883,7712521
2021-04-01,499.6285095214844,502.60249566887194,493.6325759621795,498.81304871785005,7111516
2021-04-05,506.775634765625,507.4951133474215,493.6805101478262,499.628482116349,9376649
2021-04-06,510.5650634765625,515.9854020360987,503.226035783498,507.0154527875477,13115141
2021-04-07,519.5829467773438,524.667497159996,513.4910905020247,515.1699734253468,21391503
2021-04-08,520.926025390625,526.2504415951628,518.5276638966814,524.5715587227451,11367448
2021-04-09,523.0845947265625,527.4016455325636,514.6902994437913,517.5683333144588,11641539
2021-04-12,501.21142578125,516.9447483121806,497.4220087646703,515.6975765099385,9869735
2021-04-13,514.3544921875,518.047986749601,501.83499161829826,505.00085262200105,6657701
2021-04-15,517.4244384765625,523.948005638874,508.6943548658271,518.0479945725741,9989813
2021-04-16,518.7675170898438,522.0293005718968,516.1292896848569,518.0959400960993,6273393
2021-04-19,505.048828125,513.251278276758,501.9789492162585,510.6130507570735,7368743
2021-04-20,508.6463623046875,515.1699290656128,504.5211569039096,507.49511305983026,7369109
2021-04-22,509.2698974609375,511.7162199825552,504.665019977123,508.4544367359622,6675147
2021-04-23,501.3553466796875,510.8049092889846,497.9976404363822,507.4951643123949,7123670
2021-04-26,506.1040954589844,507.0154788095173,501.49927709416676,501.49927709416676,5929161
2021-04-27,512.5796508789062,516.6568949213596,504.8569334472539,506.0081230115674,9875033
2021-04-28,522.1731567382812,525.7227672660614,513.8268235945627,514.1626120736713,12195400
2021-04-29,518.8634033203125,527.6414473151135,517.1845206067076,527.3536201017414,8846896
2021-04-30,514.9300537109375,524.7633649348438,511.8122138262687,511.8122138262687,8331737
2021-05-03,536.1317138671875,539.6333037461833,507.54310174178096,508.45448507320566,14556346
2021-05-04,529.9918823242188,542.9430340217376,524.4756212189897,542.9430340217376,14196229
2021-05-05,537.1868896484375,541.9836118122386,531.4787843081839,534.2608950938493,12095639
2021-05-06,536.0357666015625,541.4560454222014,530.1357558518041,537.1869562021776,9169742
2021-05-07,545.389404296875,549.6105322429654,534.2609598062792,538.3861652281357,12894499
2021-05-10,549.2747802734375,553.5438697654757,545.9650353941423,548.7471467017602,8365615
2021-05-11,545.2935180664062,551.481296784383,541.1203511046742,542.5114067585849,8033470
2021-05-12,538.913818359375,546.0129802104702,535.5081510520664,544.9097518350457,6815070
2021-05-14,537.6187133789062,546.2048538184613,533.5414688577845,541.0723421306121,7697716
2021-05-17,527.3056640625,541.0243145073039,523.6121697786473,541.0243145073039,13677009
2021-05-18,514.54638671875,530.4235930339753,512.8195426321055,525.2430607740416,34968901
2021-05-19,506.72772216796875,518.5756463276349,504.80903289449975,516.0334009362834,19583966
2021-05-20,499.4845886230469,509.4138826089363,498.86103253993184,509.4138826089363,14036583
2021-05-21,509.3658752441406,511.6203529707429,500.7797350303241,501.9789456179431,10492773
2021-05-24,505.3846130371094,511.3325854037428,504.61711348873257,509.41389618611555,6386039
2021-05-25,504.71307373046875,509.22202952078516,503.1781341723412,508.3586073776761,9412913
2021-05-26,504.37725830078125,509.22194214062165,503.6577200872201,507.49509815072213,6908901
2021-05-27,498.6691589355469,505.57644591793627,497.6138619952801,504.71302386014133,22783169
2021-05-28,502.3146667480469,507.0154671893806,499.2447580818692,501.01953365013316,10248988
2021-05-31,513.1552734375,514.2105404147865,503.75361419752085,504.1373639128902,12803471
2021-06-01,511.2366027832031,516.5130577804827,508.74231873308275,515.6016744375572,8435896
2021-06-02,507.974853515625,512.8675590697059,506.5358365063821,508.3586033154202,10567595
2021-06-03,510.42120361328125,511.7162770818003,507.01547655364567,508.45449347124514,6290021
2021-06-04,511.04473876953125,514.0186950133517,509.6057219109105,512.2439493117048,4878809
2021-06-07,514.6422729492188,519.0072844678194,511.33252845211575,512.2918729540787,9674473
2021-06-08,524.571533203125,525.7227824561999,512.2918990901934,516.225199818249,12822963
2021-06-09,518.0479736328125,529.0804957756774,513.5869796514575,527.5454967501335,12674395
2021-06-10,522.9887084960938,525.5789152981572,518.3838301220699,521.7894978067526,7018193
2021-06-11,518.8634033203125,527.401581361752,518.0959038535259,523.3243373810747,7777365
2021-06-14,517.4244384765625,518.8634553811917,507.78297152756386,518.8634553811917,5714387
2021-06-15,520.4464111328125,521.5496993003869,516.5131097747599,519.007394075965,7264778
2021-06-16,514.9300537109375,521.6934863111721,513.1553080941162,521.6934863111721,10045600
2021-06-17,507.159423828125,519.2472137497882,505.6244247151221,517.5683308399346,10214732
2021-06-18,516.8486938476562,519.8706705776299,497.9016114146387,509.79749434878977,15000348
2021-06-21,517.6642456054688,519.870762057323,511.33258314591956,513.2512723550748,5742834
2021-06-22,514.5943603515625,526.6821499420122,513.7309382874855,525.7707666136325,9114558
2021-06-23,512.33984375,517.280450131076,511.0447107522513,516.1292605686167,4767421
2021-06-24,507.25537109375,513.6830161462522,505.96023789899476,513.2513050813338,6419922
2021-06-25,513.3472290039062,514.1147285999051,507.83096733429585,509.70169540288936,5504204
2021-06-28,509.6057434082031,515.1699660242505,508.88620512188334,515.1699660242505,5265796
2021-06-29,503.60980224609375,510.6130416771014,502.69841891210507,509.6536970785148,8713975
2021-06-30,504.28131103515625,508.8382276276696,503.0341988701729,505.57644411723584,5760552
2021-07-01,501.4032897949219,509.41389480612446,500.77973369687663,507.4951459403802,6575188
2021-07-02,503.6577453613281,511.33256152677205,498.86102254124575,504.23334016907563,13309063
2021-07-05,502.6504211425781,507.01543278380717,502.0268650947768,506.53576051935,6373586
2021-07-06,504.71307373046875,506.2480729419156,499.9163503279955,502.2187894918465,10494366
2021-07-07,508.07073974609375,509.0300842377307,501.93086341564845,501.93086341564845,6669192
2021-07-08,503.945556640625,511.1406406430049,502.26667388008127,508.45445208745895,5400962
2021-07-09,514.4503784179688,515.6495888957627,501.7390336892384,504.1373949915168,7303645
2021-07-12,508.1187438964844,517.0406722831455,507.1593993238676,517.0406722831455,8932790
2021-07-13,508.5025329589844,513.7309672491892,506.7277274664727,511.8602392226644,8138019
2021-07-14,508.5025329589844,509.79760647479605,505.24074922931754,507.49516739189494,6666859
2021-07-15,504.0894470214844,510.8528797602108,503.65773601036096,510.8528797602108,6886797
2021-07-16,519.1511840820312,521.3097391039412,504.5691114154338,505.5764172078885,11251138
2021-07-19,516.5609130859375,522.5568454826386,507.7828699660729,517.0885465467716,9130551
2021-07-20,504.37725830078125,514.9780092358747,501.7390310554691,514.6422804126346,7646460
2021-07-22,524.4756469726562,525.7228188364644,502.3626402027326,509.50982322021906,20220601
2021-07-23,526.0106201171875,537.8586044488627,511.09275667489237,525.4350252406111,33200836
2021-07-26,521.933349609375,531.3350105109347,520.0626216129732,522.8447329744588,5214592
2021-07-27,518.57568359375,523.6122731252061,514.3545549581142,523.6122731252061,5835018
2021-07-28,544.8137817382812,547.499970493946,515.985422666411,517.5683233688662,32532037
2021-07-29,544.0942993164062,553.2560939193979,542.0317263257755,550.761750240828,15844335
2021-07-30,538.81787109375,545.3893990873551,535.124376719537,542.8950555612336,10125413
2021-08-02,542.1755981445312,546.7804759766144,537.2349318144198,542.9910589311802,6372299
2021-08-03,556.61376953125,558.3406135751804,539.2495855279512,544.9097302793779,21680353
2021-08-04,551.0496215820312,563.0414896754295,547.1162606910301,551.6252164564913,21816567
2021-08-05,574.3616943359375,593.8364718288001,554.0234948345604,554.0234948345604,72423461
2021-08-06,583.1876831054688,591.8698045497946,564.5763281542991,570.3323951750824,29055626
2021-08-09,574.8892822265625,587.7925307621534,573.2584205147378,585.2022649422313,10078649
2021-08-10,596.9064331054688,602.4706560166278,574.0739465932377,577.7194801768686,34514358
2021-08-11,595.6112670898438,603.6697729449315,588.7519120516172,596.9063404275245,18731287
2021-08-12,597.8176879882812,603.3819097032974,591.9177374704421,597.6738042156428,8430316
2021-08-13,611.1527709960938,612.8315943092779,592.9731242345749,597.8178087585039,21079044
2021-08-16,608.274658203125,617.8201422120799,606.3079482348016,612.7835536186888,10506327
2021-08-17,600.8877563476562,612.064163458853,597.673933822006,608.2747460645254,11311229
2021-08-18,597.6259765625,608.2267888761219,595.6113646819571,600.4560493102413,7136872
2021-08-20,588.751953125,607.2673870672172,582.3243086353551,594.3161755604162,12770173
2021-08-23,597.338134765625,604.8690081536104,582.8999441152887,593.2608901821563,12790616
2021-08-24,594.8917236328125,602.4225959036959,591.965728853759,602.4225959036959,5885050
2021-08-25,587.552734375,597.050317185712,586.1616787855507,597.050317185712,8127668
2021-08-26,563.0414428710938,586.6413676420176,560.5470992002511,585.2023507488303,26316897
2021-08-27,570.9560546875,580.789366429486,561.266626736086,564.8641987268874,16444274
2021-08-30,595.2276000976562,599.5926122815164,566.1113528229442,571.7714981778346,40506274
2021-08-31,637.0550537109375,640.9404527335275,599.5925365877798,600.5998423758666,60781970
2021-09-01,639.3096313476562,645.9291812048521,627.4137454187547,640.8446305539551,30796359
2021-09-02,639.405517578125,646.3607356179087,637.0550578528942,642.7152621833476,18951106
2021-09-03,631.6827392578125,642.3794725421541,627.4136501269875,640.8445332223014,7920313
2021-09-06,627.9892578125,638.685991316524,626.8380682122955,637.3908582763106,10223448
2021-09-07,643.2908325195312,652.8363162283679,621.6575007746226,631.2030441367671,28185127
2021-09-08,640.7006225585938,656.002234238517,637.9664726077632,650.438011809454,20876941
2021-09-09,658.2567138671875,660.2233642980575,639.9331845994416,640.7006244742639,19784500
2021-09-13,665.1160888671875,668.665640068769,657.968905892146,663.8689170107858,19704664
2021-09-14,665.9794311523438,671.2558258839211,661.0867264967802,666.7468709576793,11694600
2021-09-15,696.007080078125,705.072892613565,667.8502382078964,668.6656393695804,56796797
2021-09-16,689.3875732421875,707.0395852234345,686.3176347724132,705.120896049818,45001991
2021-09-17,698.54931640625,704.8810384772969,691.6900204248157,691.6900204248157,26649321
2021-09-20,695.4793701171875,703.873664364521,691.0183764105964,695.5273313771177,14330899
2021-09-21,697.1102905273438,710.6370969109249,692.6493560989883,693.5127781569445,14216876
2021-09-22,697.2062377929688,702.2907877048358,694.66393301038,697.4460441007732,16348622
2021-09-23,697.2542114257812,710.0135178667405,693.800523305637,703.5858735571933,26497345
2021-09-24,709.342041015625,722.3891754288528,698.4054408821937,699.4127467569435,72175065
2021-09-27,706.1913452148438,715.3296955723421,701.8909976818836,714.4500478490968,11282248
2021-09-28,680.3890991210938,710.3451434220631,670.4688725536182,707.9995155199855,21944239
2021-09-29,678.3854370117188,686.1066035627086,673.5475535553991,681.219804392034,16729859
2021-09-30,672.716796875,693.7300344012556,671.2507570475868,680.046996012066,13911568
2021-10-01,660.5975952148438,671.7883186003401,652.5343758574439,671.7883186003401,14952128
2021-10-04,665.9730224609375,670.6643377878012,654.5379003400559,659.7178955895786,8917898
2021-10-05,683.4188842773438,687.5238076330542,664.9956747191077,668.9051141715344,25598885
2021-10-06,675.7466430664062,691.9219371060128,672.6190795281992,689.7717334451634,10406502
2021-10-07,676.8217163085938,686.3021190669724,675.648872522956,679.9981359158182,8121590
2021-10-08,679.7537841796875,683.7120796910492,673.3032329503063,679.4117320892324,6297352
2021-10-11,675.2090454101562,680.2913286880167,669.4915140058836,677.4081051276938,8792050
2021-10-12,670.8109130859375,682.5881470695534,668.7096251882083,675.3556602761828,8579567
2021-10-13,674.2805786132812,681.0243257286561,667.6344839674362,673.4009308944751,7062149
2021-10-14,670.2733764648438,678.2877392045511,666.4127931078732,677.3103793497896,9820591
2021-10-18,665.1911010742188,686.0577700095705,664.2626569239787,684.1519063398185,8574445
2021-10-19,665.6797485351562,683.1745131480538,660.157701352483,683.1745131480538,7328862
2021-10-20,692.41064453125,697.7372680049622,665.9730707298983,667.9277905622099,21217306
2021-10-21,680.291259765625,696.2222121746655,673.5963691651712,694.853944281031,8908979
2021-10-22,678.7764282226562,689.3319028647867,668.7584895771814,682.685867694061,6587256
2021-10-25,675.4534301757812,688.061397253833,659.7179590146836,677.3104379217418,9540441
2021-10-26,680.43798828125,693.7789153981741,673.4009849261051,679.2651444465066,10953878
2021-10-27,686.4486694335938,698.4702433576061,678.287738515944,683.5655055876232,11878571
2021-10-28,674.1339111328125,690.0648636841588,668.9050601488138,686.8395883270518,8884507
2021-10-29,669.8336181640625,685.1293252495776,661.7215425061789,676.5285696164802,8602343
2021-11-01,696.368896484375,706.4356910572762,673.9873319500789,674.329443691216,17121001
2021-11-02,697.7861328125,706.7289403653789,693.4857252662096,696.3689489856555,7725455
2021-11-03,683.2722778320312,715.916122143304,680.2424860228527,709.3189428607549,23261507
2021-11-04,685.2269287109375,688.8431718846705,683.3699808916152,688.0612959789923,1064714
2021-11-08,692.9481201171875,698.7145669808971,688.0613209626234,691.4332243099346,7565546
2021-11-09,697.0531616210938,700.2295816105692,689.1854255778263,695.5871216259512,5278131
2021-11-10,718.79931640625,721.2915721027721,691.3354687225452,701.2556950999174,15180490
2021-11-11,712.1043701171875,721.8779687169474,707.8528785876166,718.3594970823585,7421118
2021-11-12,726.6671142578125,728.1331541655284,708.8302953806033,716.4048349038017,9207508
2021-11-15,720.8517456054688,729.110448270563,719.5323336689846,723.2462891691912,5454742
2021-11-16,713.7659912109375,725.2499711327694,710.5895712325585,724.5658072067622,4639931
2021-11-17,703.7478637695312,715.7693765539768,700.0339087150372,708.1459825677409,8002927
2021-11-18,698.177001953125,707.071012596252,691.9707906161274,704.2855011640725,4469597
2021-11-22,725.2987670898438,738.83523766781,716.5025278787394,723.2463351352454,36884348
2021-11-23,741.718505859375,743.7709379371646,719.0437426013234,728.133178401035,18240414
2021-11-24,741.718505859375,764.1000134034693,739.1284780748762,746.7030178501889,21653712
2021-11-25,747.8269653320312,751.1010971969378,735.7565345493041,741.865034038544,8483653
2021-11-26,722.024658203125,745.7256368311125,716.502550661463,745.7256368311125,11142921
2021-11-29,722.6110229492188,737.9067293459947,710.6383640955917,734.974649626739,15885643
2021-11-30,711.7623901367188,733.2154531672807,706.2891982276846,723.2463696548876,14272616
2021-12-01,705.898193359375,720.7052198228394,701.9887537284474,716.404812367493,10488561
2021-12-02,715.9649658203125,719.0436732935625,697.9815798791517,707.5108386779667,11507427
2021-12-03,702.08642578125,718.0174390905545,700.0828500154311,713.4726919176994,11024093
2021-12-06,681.8062744140625,705.5561688226277,678.1411746168538,701.744441172204,8804487
2021-12-07,683.0278930664062,689.7228436912676,678.3854338757263,686.4486524700652,10238693
2021-12-08,698.958984375,702.7217962795653,686.3998733643836,689.0387571308672,8296393
2021-12-09,697.7861328125,707.5597320965093,694.9029090930542,700.5715847471163,9069515
2021-12-10,694.6096801757812,702.6240431400868,690.9934366811578,694.9028762097641,4251339
2021-12-13,687.1817016601562,702.1353554139237,682.5392422714106,698.812307990128,9896899
2021-12-14,675.9420776367188,690.3092799838379,672.8145737040867,685.1292844854381,9275631
2021-12-15,669.9312744140625,679.1673362834038,668.6118029165526,676.0886291091877,7674319
2021-12-16,665.9730224609375,674.2805811461395,662.2590073260808,674.2805811461395,9633006
2021-12-17,650.9705810546875,670.1757278830021,646.1326373842486,665.5821241994204,13850460
2021-12-20,643.3471069335938,646.1814742967899,630.4948013310214,644.2267546403264,11812939
2021-12-21,651.8990478515625,655.7107752910306,644.2756526259401,648.9181121121394,8084499
2021-12-22,669.2471923828125,670.4688922593784,651.8990541355764,651.8990541355764,8522226
2021-12-23,663.3829956054688,673.4009340289767,660.2065761053321,673.4009340289767,5602466
2021-12-24,661.7215576171875,667.3902335284521,657.4212095290952,666.6572135488924,3756020
2021-12-27,660.450927734375,662.9920395180511,653.5116965651204,659.6690517742679,3658572
2021-12-28,664.653564453125,668.0254679190041,659.7667651267241,664.4580805494065,3892590
2021-12-29,661.5260009765625,668.0254679422266,659.7179090870562,664.5558523510236,3847574
2021-12-30,663.9693603515625,670.2733430309886,658.9359931425962,662.1612685717674,5701612
2021-12-31,668.3186645507812,678.3854592415854,664.6047089900288,665.0933889231097,4598628
2022-01-03,675.6488647460938,676.9194206436965,667.6345018986812,672.2281052084564,2939833
2022-01-04,681.65966796875,687.3283434063874,674.7692926672548,676.5773846044389,6473875
2022-01-05,684.15185546875,686.8395949009487,676.088637172154,685.0315031442472,4586105
2022-01-06,694.3165283203125,704.1878398968175,684.151961037852,686.1066809265315,21642414
2022-01-07,688.7454833984375,698.9589055417265,685.5690639543191,697.7372057555272,4315015
2022-01-10,688.9898681640625,695.2449356842152,687.7193122344466,689.4296920463602,3565324
2022-01-11,687.5238037109375,693.4856749805527,678.8741331798,687.0839798443861,10642484
2022-01-12,713.668212890625,716.1116126474038,688.2568554201251,691.9219550552933,12366953
2022-01-13,715.23193359375,718.994804846613,709.7098861769192,712.4953379165026,5829874
2022-01-14,704.2854614257812,714.352315280065,702.184173607765,713.423811521728,5344096
2022-01-17,712.1043701171875,718.1151571173646,703.259275315067,703.6990991827186,4340924
2022-01-18,698.177001953125,714.1568716809511,696.4177661110347,710.5406282174076,4312058
2022-01-19,687.76806640625,698.8122196249057,685.8133469107958,697.8348598771786,5879490
2022-01-20,699.2032470703125,703.3570263527254,689.2830209227553,690.0160407961223,4812496
2022-01-21,679.5094604492188,697.8349583038363,673.7430132629737,693.5345509459607,6704622
2022-01-24,674.2805786132812,690.993408044113,662.0146648779685,674.6714867579535,11091633
2022-01-25,695.7335815429688,704.1389119988268,666.7060418799217,668.5141337311744,14128764
2022-01-27,691.23779296875,699.7896921394486,685.6179735137196,690.504773039833,8937312
2022-01-28,699.59423828125,736.9294001952818,685.7646308202386,698.7146501207525,21450677
2022-01-31,712.7885131835938,718.359476153816,703.2592548264513,711.5179573333035,10745370
2022-02-01,706.6801147460938,718.3595783243437,702.0376548861746,716.4048583833252,4814511
2022-02-02,708.634765625,715.1830887198898,704.1877901232397,709.6609815633582,3286577
2022-02-03,705.3118286132812,712.4954003522133,702.233120923272,709.563320515373,3651578
2022-02-04,703.8945922851562,706.875527966381,700.278348825319,704.7741803786437,3284198
2022-02-07,690.5047607421875,703.7968313551632,683.6632415274737,701.7443994520745,6833983
2022-02-08,692.8504028320312,698.5190778784184,685.1292363640371,695.0983184957164,7167684
2022-02-09,703.0638427734375,709.6610223102202,686.2532996764367,691.091183614091,10185173
2022-02-10,707.6574096679688,710.4917771832351,692.557187580965,706.5823376605576,6074014
2022-02-11,698.958984375,708.9769237517254,694.8052046334309,705.360680046049,5646980
2022-02-14,674.0851440429688,688.061378870615,669.4915405204139,688.061378870615,7441445
2022-02-15,695.4404296875,696.9553256122347,671.0552880844695,680.2424950688517,4650249
2022-02-16,705.4583129882812,711.7134397582796,691.9707592721138,701.1579655305535,5433910
2022-02-17,700.7670288085938,711.0293074731547,698.8123090629631,708.0483717917305,5107708
2022-02-18,696.4177856445312,703.259304952687,695.2449418324703,695.9291056939487,4099366
2022-02-21,693.8766479492188,700.3271991956092,687.0839849581591,692.0196403447637,4307430
2022-02-22,683.4188842773438,686.5953038324404,671.9349058858403,678.4832288993174,9148804
2022-02-23,688.4523315429688,692.8993071193354,683.6632442125348,684.2496362862022,4124469
2022-02-24,655.7107543945312,672.961120143625,630.8369340094494,666.5594249868041,14139461
2022-02-25,673.058837890625,679.411676475088,662.1612524574925,662.1612524574925,6452099
2022-02-28,670.9575805664062,674.3783402633945,651.3615262328939,665.5821010425676,8301523
2022-03-02,658.9849243164062,668.514183511193,650.9217049977406,668.514183511193,10220908
2022-03-03,656.834716796875,664.4092561133521,653.46281317049,659.7179404673583,6517030
2022-03-04,638.900146484375,652.8275243601444,635.2839031052674,649.9443008692351,7094874
2022-03-07,660.10888671875,663.9694105215466,624.5329632305219,625.5103231103818,12615451
2022-03-08,667.5368041992188,671.2996159106123,652.4854380470179,659.7179250870756,8462985
2022-03-09,675.8443603515625,682.1971996028788,659.0337584020324,666.5594414457927,9896395
2022-03-10,681.9528198242188,691.4820781449441,674.964673194363,684.1030233759675,5989327
2022-03-11,679.1184692382812,686.4975838428502,675.8443375957075,680.9266207563014,3353880
2022-03-14,684.5429077148438,688.8921116100503,672.5702487668061,672.5702487668061,4016137
2022-03-15,687.1817016601562,693.4368286978963,679.7537904994882,683.1745500490903,6006439
2022-03-16,695.8801879882812,699.3009473393472,689.0386692861492,693.9254683591007,3843706
2022-03-17,706.5335083007812,711.469163954043,698.8123410903451,703.6991406783894,8168953
2022-03-21,692.1663208007812,707.9506480252448,690.7979930247157,705.6538760296881,6317305
2022-03-22,702.966064453125,704.676444171989,689.869418744499,692.459446180103,3000133
2022-03-23,688.9898681640625,703.5524947706524,687.0840044429818,702.9661026964646,7974713
2022-03-24,690.358154296875,692.8015540921543,682.0505949929255,682.1972228419685,3597143
2022-03-25,693.2902221679688,698.2747934568903,689.8694625132108,696.1734458076419,2930336
2022-03-28,716.4536743164062,720.314257914317,694.0232523190763,699.0566797465607,7960258
2022-03-29,737.8578491210938,745.7255841794807,720.3142274446623,723.6372748790021,15833573
2022-03-30,732.5311889648438,752.4693532596336,727.7421019601874,745.4812066483449,9938988
2022-03-31,737.8578491210938,741.8161446818164,722.9531110362483,735.9519854353198,7371181
2022-04-01,741.3274536132812,749.2929603314922,732.2868749106802,742.5980095002817,5920139
2022-04-04,750.4168701171875,757.4538728667407,739.0795198814095,740.6921278187525,5783224
2022-04-05,749.2440185546875,756.2810212307124,743.7708273918402,750.4168622762433,3990794
2022-04-06,758.0892333984375,763.0248889829714,745.7256067515196,746.702966655519,7490027
2022-04-07,745.1392211914062,760.2393841176914,742.3537096486424,757.4539322282426,5818505
2022-04-08,744.845947265625,750.9544465695792,740.447827766778,750.9544465695792,5583587
2022-04-11,740.8876342773438,747.8757811785568,738.884058483283,739.8614183490016,4927865
2022-04-12,724.8590087890625,742.7446834008083,723.3440531898673,742.7446834008083,3904026
2022-04-13,723.881591796875,739.3727214517573,721.2427082893196,725.2010037239972,6343030
2022-04-18,712.9839477539062,723.392853100601,707.0220770555318,719.9720939270044,8950327
2022-04-19,707.119873046875,722.268951184023,700.6204059847734,722.268951184023,9957060
2022-04-20,722.6110229492188,727.6444503286,707.5597161823621,713.5215877501893,6632292
2022-04-21,719.0924682617188,727.0579744422168,713.4726494475769,727.0579744422168,6111830
2022-04-22,722.024658203125,724.1260059428093,712.4953987547589,714.4501186416032,5182247
2022-04-25,722.6110229492188,726.1784104689723,712.6419996264013,713.4238756208732,3571031
2022-04-26,739.1773071289062,741.7184787526492,722.3667043112608,728.1331517907964,4987848
2022-04-27,735.4632568359375,744.3083511835019,729.5013858577936,733.0198573115656,4571399
2022-04-28,730.4298706054688,737.2225335919205,727.7421309790773,733.9972579709132,6101866
2022-04-29,722.2689819335938,743.7709002049592,718.897078274012,734.9746609121279,7219115
2022-05-02,724.5657348632812,726.1295464884919,713.8147760098777,717.3821634907417,3938533
2022-05-04,706.0447998046875,722.6110020159242,700.767032601593,720.3142301637016,6785271
2022-05-05,702.6729736328125,716.5025816381439,698.0793697694688,709.5633496011682,4836692
2022-05-06,694.169921875,707.5109093879906,691.7265219387979,695.1472818494808,5912312
2022-05-09,695.3914794921875,704.1877174618708,688.5011050132636,690.1137128490549,4819274
2022-05-10,703.3569946289062,712.0066048831854,694.0720766517062,694.9028086093958,6746893
2022-05-11,706.484619140625,718.3595664473054,700.6693751348961,703.3571150093587,6919703
2022-05-12,689.4297485351562,706.4357762664491,685.3736807875282,699.0567204039637,6754953
2022-05-13,674.2805786132812,696.8575670939923,669.2471515674772,696.8575670939923,11938252
2022-05-16,677.505859375,682.1971747203517,664.2626453494147,670.322228691617,5412233
2022-05-17,691.0422973632812,693.9255209655614,675.2090552359396,679.2651226353031,4847812
2022-05-18,680.3890991210938,710.687255169435,673.5964360763676,704.6764680920681,18992703
2022-05-19,658.9849243164062,677.3104227679192,652.7297969836304,669.491543428607,7322668
2022-05-20,672.3258666992188,675.8443383084807,667.5367795584849,672.9122587496586,5577407
2022-05-23,670.322265625,678.1900605669632,664.2137662311245,666.3639699484315,3788601
2022-05-24,662.8455200195312,673.6453353734182,660.5486883796959,673.6453353734182,4053608
2022-05-25,672.6190795898438,674.2806033121666,664.1648927886001,665.826416510923,4188088
2022-05-26,677.9456787109375,679.7537705585036,660.5975415040167,674.3782914239647,5780597
2022-05-27,668.9050903320312,684.1518797917813,660.6952439132059,681.2686563677111,7131633
2022-05-30,683.223388671875,687.81699188046,667.536775068354,671.8860383153474,4675033
2022-05-31,684.347412109375,690.6024796609224,676.9194410969378,681.7085284556581,44593174
2022-06-01,678.9230346679688,690.2115288552319,675.5999873606753,685.6667817516261,3749781
2022-06-02,680.1936645507812,681.1710244941969,667.5856974193927,673.3032888803643,3466993
2022-06-03,670.9575805664062,684.9338153977237,669.7358806746248,681.2687157223793,6673615
2022-06-06,667.4879760742188,674.1828677328914,661.1839925955272,666.7549561267735,6407024
2022-06-07,669.78466796875,671.6905315349055,658.0563502118655,662.7965810972584,8349903
2022-06-08,648.2828369140625,672.2281554678026,645.4973849436276,667.0481597113303,13904149
2022-06-09,661.0372924804688,664.0182876635178,640.2683962399674,645.057483234395,6774925
2022-06-10,658.1052856445312,661.135137222469,652.8764338752698,652.8764338752698,3221484
2022-06-13,656.1017456054688,658.1053216428505,643.1028697434459,645.1553018493845,5982102
2022-06-14,666.6082763671875,673.7919070847504,653.9514543295577,653.9514543295577,8878530
2022-06-15,666.6571044921875,669.4914718108123,658.2518339628936,666.5105363122435,6005970
2022-06-16,639.388916015625,668.4165195869543,635.2839921357761,667.6345838739777,9525587
2022-06-17,629.0776977539062,646.7678873586823,623.5555906835501,641.1480681636502,11085830
2022-06-20,626.3900146484375,632.7917103783383,619.8416910649833,630.3483105078939,3883001
2022-06-21,639.486572265625,643.2494436821829,625.9990175419874,627.5627695246385,3515991
2022-06-22,628.2958374023438,635.626037230418,626.9275692264279,633.915657270534,4348884
2022-06-23,645.2529907226562,649.5533383094707,633.0848485497032,633.4758163545553,4336533
2022-06-24,656.0039672851562,660.4020867712933,647.1099565323132,647.1099565323132,5621332
2022-06-27,668.46533203125,671.4462678691472,656.003992998744,659.7179487797297,5284297
2022-06-28,665.728759765625,669.3938596109471,660.9885281736845,667.5368518279902,3216376
2022-06-29,672.2280883789062,673.4986442447001,659.7178943136939,661.6726140005493,5011798
2022-06-30,669.4426879882812,675.9420956531621,663.6273845435766,674.1828597308378,6505666
2022-07-01,658.2029418945312,670.2733110617246,650.921599756385,669.3448073596392,4488771
2022-07-04,666.4617309570312,669.9802026896999,650.9705409525972,655.3198043813914,4229588
2022-07-05,668.9539794921875,673.694151032533,664.6535721736768,667.8299917727344,3494504
2022-07-06,678.2389526367188,679.2163125916234,668.7096930763987,669.0028891322066,4697006
2022-07-07,671.250732421875,680.7311348886752,669.9313204869328,676.3330155677864,3485283
2022-07-08,679.4116821289062,680.8288061022797,671.1041239108605,672.4235357665212,2732170
2022-07-11,645.5950317382812,665.582052438953,644.0312798523187,659.7178933866275,18687521
2022-07-12,647.9895629882812,651.8012901613008,645.057483517746,648.2339029441592,7416645
2022-07-13,628.9310913085938,654.8311284798101,626.4876915754602,654.8311284798101,12030163
2022-07-14,627.1229858398438,637.4341205605853,614.515019627513,635.2839169111465,11379990
2022-07-15,637.0431518554688,642.6141150496798,628.6867368908083,634.2577000850195,5567877
2022-07-18,648.0384521484375,654.8311151994525,634.4531856997199,642.1254368448363,8982417
2022-07-19,657.66552734375,661.6726792355486,648.0873522111877,659.7179593559753,7836419
2022-07-20,655.4664306640625,664.6047217264762,653.0718870154147,664.6047217264762,4458819
2022-07-21,662.9920654296875,664.555877064332,656.0039779248076,656.2971739646428,3550107
2022-07-22,663.4807739257812,666.4617694767484,659.9134459232322,664.3115656699243,2415220
2022-07-25,663.0409545898438,671.006401677334,661.2328030522084,664.604706508539,2913348
2022-07-26,668.6119384765625,669.8336384515989,655.0755266144874,667.1458985065188,5016687
2022-07-27,659.6201782226562,668.4652728218061,654.5378951367431,668.4652728218061,6237523
2022-07-28,651.75244140625,664.0183561741272,649.1624733998453,663.4319044277844,7374170
2022-07-29,662.6011352539062,665.2400188314051,655.808472232313,657.5677080662081,7669970
2022-08-01,681.7443237304688,685.0330080132875,664.6626509411503,665.5462084682874,8812526
2022-08-02,674.2342529296875,687.4872560984857,668.6876616286328,687.1927569006475,6236599
2022-08-03,680.4682006835938,684.1004578110045,674.4306966804238,675.4124007512831,5237250
2022-08-04,681.5970458984375,685.720214504777,668.2458960400999,685.4257153011358,6352142
2022-08-05,690.7760620117188,697.0098586107839,683.6095746856015,685.2294102962354,5811092
2022-08-08,691.4631958007812,696.8625678583164,686.2111033121982,694.9973661895152,5918607
2022-08-10,702.163818359375,704.8635044837906,693.0830559408861,700.8385418656821,12201239
2022-08-11,696.8135375976562,706.2379326301376,692.7885748740242,705.648874236473,7142902
2022-08-12,696.7153930664062,699.4641524889864,693.7212076254089,696.8626127263797,4540159
2022-08-16,691.2177124023438,702.9000131241627,687.6836022255251,701.9183091952183,6679663
2022-08-17,709.7229614257812,711.3918703097453,689.4507486403886,694.064769701303,8812954
2022-08-18,719.785400390625,722.5341596665343,707.7104529124982,711.7354154323878,10354897
2022-08-19,718.90185546875,724.1048748895344,712.7171320093852,716.8403009551149,13743828
2022-08-22,714.287841796875,720.96347726215,711.1464367761102,718.4600840034419,8118490
2022-08-23,724.1049194335938,729.0134399284485,709.3302847277735,711.7354717539449,8229797
2022-08-24,725.23388671875,740.4012266886416,704.8635271256345,709.6247679306166,14922081
2022-08-25,727.4426879882812,740.2539136270551,721.7978898021373,731.1731513276063,9849958
2022-08-26,717.4783325195312,727.9335039133153,714.6805001333696,727.9335039133153,5928897
2022-08-29,707.4158935546875,711.6372687796913,702.0165214392679,704.5689878449049,5878942
2022-08-30,713.30615234375,716.7421165841697,698.7769441108103,708.7903375951543,8894800
2022-09-01,721.6015014648438,732.351172073474,713.2079443852264,713.2079443852264,11869518
2022-09-02,721.5524291992188,727.3445066799011,706.4832969921686,711.7353893461682,5693707
2022-09-05,726.8536987304688,728.3753280162025,719.8344908428309,721.5524729212148,3660135
2022-09-06,747.3222045898438,751.0035947602371,726.8536992098409,726.8536992098409,10166270
2022-09-07,739.3212280273438,747.9602708068206,673.6452690794029,741.6773414978292,126794211
2022-09-08,755.7157592773438,761.8023363192565,743.199032746325,745.1133676112315,10648073
2022-09-09,751.7398681640625,760.624277736864,748.9420356191805,758.8572224496511,4627905
2022-09-12,755.0776977539062,757.2865318773147,750.5127499314777,752.9670100685984,2654087
2022-09-13,769.9013671875,774.4663147856409,755.9120850932419,759.8389011197003,8335652
2022-09-14,769.017822265625,773.9754755153552,761.5568956599939,761.8023216656852,6645392
2022-09-15,770.7357788085938,776.1842838894634,767.69252040608,773.5827443478147,5485310
2022-09-16,765.3855590820312,773.5827636379693,762.2440942510789,773.5827636379693,20211162
2022-09-19,768.4288330078125,771.6193711199496,758.0718674274897,759.3480706886528,5760313
2022-09-20,777.6568603515625,782.369027645336,770.6376526687884,772.3065614799156,7936714
2022-09-21,765.9254760742188,782.418091361382,764.7474192854662,777.6568509083098,9966193
2022-09-22,769.7540893554688,780.258334233631,762.1458832870437,776.7242237692295,7721133
2022-09-23,757.2373657226562,773.5827614905697,754.6358860418146,773.5827614905697,9271829
2022-09-26,741.235595703125,757.041066107226,739.4194672644148,755.8630093195823,13144297
2022-09-27,746.68408203125,751.0036038508482,743.3463241874337,744.9660999309376,5965026
2022-09-28,747.5185546875,756.8938163039412,741.1865516335611,741.6774036545104,5546932
2022-09-29,750.6599731445312,754.9303614950991,745.4078208943696,749.9727683740435,5413233
2022-09-30,785.2650756835938,794.1985583678136,747.5185438368087,751.936211961228,7469164
2022-10-03,788.6519165039062,800.6287177746458,783.4488970760119,788.7010496406699,12619046
2022-10-04,793.904052734375,801.8067581094604,792.7259959270148,798.125368035496,5772140
2022-10-06,774.1717529296875,800.9231870159736,772.2574780582787,795.7201677828828,6503205
2022-10-07,778.5894165039062,782.2217332785997,770.343138875408,777.509566073964,6025982
2022-10-10,777.8531494140625,780.2583362255252,765.4346296217468,770.5885756812567,3519416
2022-10-11,766.0236206054688,782.9089414197812,761.8023053815049,782.9089414197812,3699862
2022-10-12,761.3605346679688,767.054405954962,755.1267381579642,766.0236287258572,5984299
2022-10-13,754.832275390625,764.7474624251587,753.6051453161302,760.8206461867753,2842056
2022-10-14,751.9362182617188,765.6800747639609,749.0892525902992,765.6800747639609,3608210
2022-10-17,751.9852905273438,756.8938107004988,745.9477867469794,747.0767703541887,4566333
2022-10-18,768.821533203125,771.2266601360432,754.5868248025399,755.7648217009248,4391263
2022-10-19,769.0669555664062,774.2209016870277,765.2382859094183,773.5336968872532,5219180
2022-10-20,778.3931274414062,779.4729778766232,764.0602130558248,767.6925298482612,4756732
2022-10-21,782.85986328125,788.1610289064589,775.3007305313774,775.5461565302794,4807736
2022-10-24,787.4248046875,792.7260305932167,785.3632501233106,785.3632501233106,522406
2022-10-25,787.62109375,791.596982898331,784.0869833778071,791.4006900364527,3184277
2022-10-27,802.1503295898438,807.1570560355239,789.4863837016234,791.7442909605968,8159181
2022-10-28,801.9049072265625,809.3168205350383,796.4564618825607,804.0155948434127,3905093
2022-10-31,816.7777709960938,818.5448263054221,804.9973223759579,807.9424345309918,5487233
2022-11-01,820.2628173828125,826.0548953185559,806.0281084775233,812.85096369513,10488759
2022-11-02,795.0330200195312,814.8143810695069,792.4806133956138,814.8143810695069,11729925
2022-11-03,803.6720581054688,809.3168564885311,789.4864223591243,794.9348679451705,5897840
2022-11-04,801.4631958007812,806.7643616232242,794.3949147857317,800.7759909945963,3768226
2022-11-07,807.6478881835938,808.9731646086626,794.1985314765055,802.0521634317738,7171570
2022-11-09,804.064697265625,810.3967004277043,799.5488825631517,809.1204971351324,3969171
2022-11-10,810.64208984375,815.5015366984395,802.5921049424456,804.8009389747174,4425290
2022-11-11,811.7710571289062,821.5880970752302,808.7277387944719,815.5505935408582,4325441
2022-11-14,806.862548828125,815.5996785556739,802.0521752174549,803.0338792262891,10406576
2022-11-15,819.96826171875,823.40422570081,807.5988153507167,807.5988153507167,6229710
2022-11-16,825.8094482421875,828.6072807813857,812.900016183031,822.1771313201261,3445345
2022-11-17,830.6688842773438,833.8594223568892,823.0606780876585,826.3984358198002,4545534
2022-11-18,821.9807739257812,836.2645556062275,815.8941969443124,834.3993538966938,7405949
2022-11-21,835.62646484375,837.1971672915174,819.7228479066598,821.686255925598,5527122
2022-11-22,832.09228515625,844.8053639204405,829.6380251600146,837.7862162822815,7601660
2022-11-23,827.8219604492188,836.264591518731,826.2021247596388,836.264591518731,4596816
2022-11-24,832.82861328125,835.4301530012232,822.4225742382782,830.5216327133195,3455310
2022-11-25,831.3560180664062,844.2654497833842,826.2020720066821,836.4118176923758,2991065
2022-11-28,822.0789794921875,836.9517596101363,820.7536430993179,824.8768120130362,3668846
2022-11-29,820.5572509765625,829.3435136161709,819.7228265576288,823.6496424932342,2680296
2022-11-30,833.2213134765625,836.4118516430412,817.3667690819071,819.5265299782925,6874390
2022-12-01,833.073974609375,837.5898488746756,826.2020467398991,837.3934960947137,4506664
2022-12-02,833.1231079101562,836.3627190655815,823.7477869515849,835.8227938594199,3505272
2022-12-05,828.6563720703125,836.0191525113535,825.4658338791947,835.4301540434544,3311316
2022-12-06,818.10302734375,829.5399032314247,814.5198435944765,829.4417567960588,5567349
2022-12-07,818.7411499023438,826.2020764616485,816.7777418690048,822.2261871778288,3771882
2022-12-08,817.3667602539062,824.8277469137038,811.182036781684,817.7594658375385,4822179
2022-12-09,819.6246948242188,821.2935436920121,808.8750240240435,815.1088204662198,4615843
2022-12-12,813.2435913085938,821.6371482538832,810.2984794036884,817.3667000406972,3149823
2022-12-13,822.717041015625,824.631375836079,806.9607034967344,806.9607034967344,3832999
2022-12-14,814.0289306640625,826.5947292919356,812.9981534960235,825.2694529213788,7491333
2022-12-15,811.2311401367188,815.7960880625764,809.2677319825369,813.8326799083945,2996482
2022-12-16,807.6969604492188,817.4649271657812,804.8991280358292,809.9057944340389,4309644
2022-12-19,825.0240478515625,829.5889354024661,806.9606706720564,807.6478754409914,6397169
2022-12-20,813.7835693359375,824.3859608981825,806.960714329629,824.3859608981825,2828863
2022-12-21,799.1071166992188,817.8085673360672,797.4872810087952,817.759494116031,5079337
2022-12-22,801.6594848632812,809.6113234368502,794.6894102356393,804.0155984965888,3626834
2022-12-23,793.85498046875,802.984815879435,790.2717368250791,799.1070730131855,2804496
2022-12-26,796.1619873046875,800.2851563126455,786.4922263461145,790.3208362032854,6023206
2022-12-27,799.8923950195312,804.4573425173077,790.2717079499191,800.0887478002287,1782053
2022-12-28,789.0936889648438,799.0089356394576,786.7867084569486,798.1253780432439,2907741
2022-12-29,805.7335815429688,809.6603976577076,746.1932082358582,792.2842243662966,6110313
2022-12-30,791.3516235351562,809.7095015507273,790.2226998104757,809.6113551115242,3113243
2023-01-02,798.6162109375,801.266823744217,790.860725302746,791.4988568756722,1626846
2023-01-03,802.6411743164062,803.8192311116688,793.7076917960417,795.5238202464974,1717603
2023-01-04,796.9473266601562,805.4390905625847,791.4498080106325,803.9665345044845,2970216
2023-01-05,792.333251953125,809.9057770219532,789.044567613812,809.9057770219532,5297349
2023-01-06,781.4364013671875,797.3890917217311,777.5095852799152,792.7750708354946,3199618
2023-01-09,804.4083251953125,806.4698797397402,786.3940198672135,788.0138555224498,4340729
2023-01-10,778.343994140625,810.9856522122543,775.8406609188231,810.9856522122543,8392344
2023-01-11,751.5435180664062,765.3855810225194,737.8978678210268,760.820633255602,28389020
2023-01-12,743.0518188476562,755.2249131073286,739.7630743315797,751.0035976792288,12732671
2023-01-13,750.3163452148438,751.9361807606347,738.2413981594901,743.1499180940611,12279288
2023-01-16,745.2606201171875,754.0468230360615,740.8429520902176,752.3779741606388,5779293
2023-01-17,751.6907958984375,754.8322608121636,744.8679408323276,745.2606464159657,6594428
2023-01-18,762.3422241210938,765.7291148821483,751.9852589740073,754.1450197432637,5800899
2023-01-19,757.87548828125,762.2931562828894,751.6416918463194,761.8023042827073,4169463
2023-01-20,750.463623046875,761.6550125207739,744.4261195739152,761.6550125207739,6289718
2023-01-23,758.562744140625,761.8023555762649,749.8746272013396,753.8505766052888,2685320
2023-01-24,761.458740234375,763.3239419045307,747.0767525032951,758.8572006373812,5012125
2023-01-25,762.2931518554688,766.219967834119,753.9486679008371,760.7715226474331,6560514
2023-01-27,760.3297119140625,764.6492332764369,751.788875535727,760.7714906767867,6745926
2023-01-30,756.1084594726562,760.7715536372532,749.0401784394701,757.4828091700936,5420851
2023-01-31,756.2066040039062,764.7474410675567,754.3414022938413,760.8206249388401,8537557
2023-02-01,755.028564453125,770.2941104374823,742.7572637701757,761.7532731784574,4472974
2023-02-02,763.5203247070312,766.7108628687771,751.0526712912862,751.1017445100825,2841909
2023-02-03,778.3931274414062,780.40560866256,764.1584194071354,765.6309754106807,5493687
2023-02-06,774.8098754882812,780.1111010111111,764.5510567908078,775.2516542682598,2407975
2023-02-07,771.5211791992188,781.2890858319015,768.6742136996157,779.3748110122416,4126502
2023-02-08,760.918701171875,766.7107783947351,751.0035153290299,763.7656665699154,9951783
2023-02-09,752.6234130859375,760.9187641442599,747.3712606126107,755.9120975951042,5913945
2023-02-10,757.826416015625,759.0535460176199,747.0767452144588,754.8813040108374,2954992
2023-02-13,754.5376586914062,765.3364025233691,752.6724570715045,756.893772222126,3705892
2023-02-14,761.0169677734375,763.3730214687704,752.181631599408,754.9303908698588,3502010
2023-02-15,771.0303955078125,772.7483776190879,758.0718898847854,760.8206492791339,3602838
2023-02-16,770.0977172851562,776.0370145207571,766.318120921805,775.2025900854295,3399428
2023-02-17,762.587646484375,773.0428179320419,756.2065705574408,771.5702619489032,3093216
2023-02-20,764.8947143554688,779.2766423576574,762.8821731712691,766.9562688387239,3381774
2023-02-21,764.7964477539062,773.5827100612623,763.912950152878,768.7232635410193,2769616
2023-02-22,758.0227661132812,767.348954095391,752.4761145565385,762.7840065367651,3261898
2023-02-23,748.9910888671875,763.2748702757954,747.9111785015747,759.8389062295378,4062194
2023-02-24,743.2481079101562,761.605985520727,741.186553384682,761.5078390836892,4357223
2023-02-27,739.1249389648438,740.5974949118436,724.9393046917207,739.2230853939284,6719439
2023-02-28,728.6697998046875,743.2480803534373,726.1173933517374,741.1865259043975,10562614
2023-03-01,736.474365234375,739.6649032883136,727.4426762979957,728.817085888614,3744982
2023-03-02,726.5591430664062,738.04509242923,722.337827637255,737.2597411733232,4910541
2023-03-03,750.4146118164062,751.887167915011,729.9460460947224,731.3695289737326,5759333
2023-03-06,752.5742797851562,761.7041751304351,751.1017237512027,752.6724861384948,4597345
2023-03-08,752.5252075195312,755.8139519505957,746.7822629472319,750.0218742423356,3546995
2023-03-09,759.2499389648438,780.4547225536338,756.1084740098667,780.4547225536338,5240056
2023-03-10,759.5934448242188,764.6983174387154,754.1449997884921,758.8571668486218,4113931
2023-03-13,751.298095703125,763.5693962990811,749.1874679516965,763.2258238497783,3447889
2023-03-14,757.6791381835938,762.5385849863162,750.0218589372971,750.0218589372971,3753502
2023-03-15,742.806396484375,751.5435266145797,738.7323006925733,744.1316729899942,8101060
2023-03-16,732.3021240234375,745.1133494713682,729.8969371962612,736.2780133116287,7465693
2023-03-17,743.3953857421875,745.5551466180983,725.6265665508607,736.2780314382841,9306857
2023-03-20,740.9901733398438,745.8986933804077,735.099949291167,741.1374529084437,3566109
2023-03-21,743.100830078125,751.9852389990573,741.3337749205649,746.0950151948872,5332221
2023-03-22,742.85546875,749.2365450933078,739.3704313461932,747.0767841934193,2680654
2023-03-23,749.5801391601562,751.78897334269,743.0027098329189,744.1316934935986,2454948
2023-03-24,748.500244140625,752.9669854605127,744.9660737075972,749.5800945982828,2336818
2023-03-27,747.81298828125,755.6175467130353,745.456874820104,749.040118225919,2258853
2023-03-28,734.7564086914062,751.5925972089484,729.2097568378593,751.5925972089484,4166723
2023-03-29,729.9950561523438,741.0883590701005,725.3319622435639,737.2596895776147,4891868
2023-03-31,735.2963256835938,739.2231418421177,728.4734706244667,738.3887173758151,5796532
2023-04-03,746.635009765625,747.9603461957778,738.2905252677364,741.1865642242252,2120667
2023-04-05,749.48193359375,753.9486748268059,742.168226782637,753.9486748268059,3197932
2023-04-06,751.9362182617188,754.6359043603734,745.2115096649032,748.6474737904638,1777379
2023-04-10,755.6666870117188,762.0968365089319,752.4270756538859,754.8813357611016,1701065
2023-04-11,759.9862670898438,761.8023957411709,754.0960423805049,761.8023957411709,3485481
2023-04-12,756.991943359375,760.3788342009026,751.1017192587907,759.838908975374,3794841
2023-04-13,753.0160522460938,757.0410746561244,751.4453497904697,755.9120910722048,4292170
2023-04-17,745.75146484375,774.5644531711364,740.548385727987,774.5644531711364,9083437
2023-04-18,745.849609375,751.0035553430405,738.7813286351388,751.0035553430405,4051481
2023-04-19,750.6599731445312,752.8196739682701,742.1682097403054,747.4203020720113,3429794
2023-04-20,758.1699829101562,759.5934656857628,748.6474421805498,750.0218517401264,2355441
2023-04-21,751.199951171875,761.0660648923665,750.4636731342493,755.5194130415359,4524208
2023-04-24,746.3405151367188,753.3597231662242,741.8247004067945,751.1999622403409,5271105
2023-04-25,758.4645385742188,762.7840604385525,747.8130734093531,750.9545384090085,5773233
2023-04-26,759.2989501953125,765.6309528073118,753.0650940132692,765.6309528073118,5057352
2023-04-27,772.1102294921875,774.7608423908557,757.2373892796585,757.8755208747218,4129769
2023-04-28,784.6759643554688,787.3756502492918,772.7973703900296,775.3988499366408,6572656
2023-05-02,775.7425537109375,792.0388170033259,774.122718058094,785.6086674477704,6301210
2023-05-03,765.0419311523438,779.9638442468628,762.9803766767839,779.9638442468628,3908267
2023-05-04,774.6626586914062,778.1968292991446,759.4953787246694,765.0419707764087,2457671
2023-05-05,772.8955688476562,776.4788125153248,765.9745674376467,774.6626241134201,1438467
2023-05-08,779.2276000976562,780.7492294117925,770.8340423417138,775.4480634220472,2489174
2023-05-09,779.0802612304688,783.7433551753904,776.0370028337971,782.3199323269688,2486331
2023-05-10,781.4855346679688,782.9580908139112,773.6319018896089,782.4181655440915,2737334
2023-05-11,774.1717529296875,780.0129037322193,769.3614392652462,780.0129037322193,4808171
2023-05-12,777.4605102539062,779.1784922880913,770.1468033246839,773.0919153832868,2576010
2023-05-15,782.4671630859375,787.8174618824129,775.1043830683449,778.4912738601289,7569060
2023-05-16,772.9446411132812,786.5903510457644,769.6559565926731,786.1976454678745,4846217
2023-05-17,777.7550048828125,783.0562305243732,769.5578003354951,773.5827628244319,6529233
2023-05-18,784.72509765625,788.3083413570749,780.111136619189,783.3507479561426,11383252
2023-05-19,791.0079956054688,793.5604020303593,778.7366956426163,784.7250660571056,3432240
2023-05-22,787.1793212890625,789.290008837291,784.8723408773808,786.3448968640175,9996762
2023-05-23,785.3141479492188,794.1494841873458,783.3507398963017,794.1494841873458,6516636
2023-05-24,786.7376098632812,788.2101658638351,780.4546802935354,788.2101658638351,9104329
2023-05-25,807.6478881835938,810.3966473842463,783.2525079714676,784.9704899616826,9570396
2023-05-26,802.9848022460938,814.1761919432759,798.518061010525,812.7527690719038,6150206
2023-05-29,806.2244262695312,814.2253379983717,803.0338882051465,814.2253379983717,3684829
2023-05-30,803.4757080078125,811.2311342090853,797.929056045393,806.2244674198897,5148256
2023-05-31,834.3502807617188,872.4894584374225,803.0338981736277,804.0156022056248,47342125
2023-06-01,812.8018188476562,822.6188586068683,807.9423721831552,822.6188586068683,9713155
2023-06-02,821.1954345703125,823.9441939157261,811.820172913662,817.5631176160166,6834131
2023-06-05,819.2319946289062,825.9566431159367,816.9250141776218,823.1588106606805,5298053
2023-06-06,814.2744140625,822.9133974833456,811.0348027694902,819.2320073961848,2722174
2023-06-07,828.8035888671875,831.9941268166318,812.1146211316327,813.7344566733483,4110739
2023-06-08,820.70458984375,833.8594481459502,819.2811069805442,832.1905392690352,4050621
2023-06-09,818.2503051757812,824.4350285521464,813.7835638438763,823.2078985203891,3332436
2023-06-12,821.0481567382812,827.6746590635796,816.5323420839804,819.5756006659927,1569715
2023-06-13,819.0847778320312,828.558246202082,817.5140752663316,822.766168143948,3224345
2023-06-14,812.8018188476562,818.6920427031835,804.0155562794703,816.7777079664461,5108720
2023-06-15,814.5198364257812,818.5447989356941,809.1204643220914,811.8692235911873,3865201
2023-06-16,822.4715576171875,824.6313182916422,805.7825904612853,807.4514991605663,4907797
2023-06-19,812.9981689453125,824.631337054231,812.3600373956859,824.631337054231,3017364
2023-06-20,815.992431640625,818.4466918056181,811.7219830024602,812.9491130849568,2691557
2023-06-21,823.649658203125,825.3676402077203,815.2070277479253,816.7777301847437,3022724
2023-06-22,827.380126953125,828.0673317432424,819.4283484461508,821.3917564645106,4380046
2023-06-23,839.16064453125,846.965204034004,825.956712531032,828.5582523381042,7667340
2023-06-26,836.3627319335938,841.6638975644546,830.8651536012538,841.6638975644546,4431992
2023-06-27,849.0758056640625,855.4077484703582,837.9825026325549,840.8294681734377,5533649
2023-06-28,856.2422485351562,857.6165981965239,847.7995581076513,853.5916357274691,6272649
2023-06-30,862.6724243164062,866.8446664823747,851.1864750758132,863.8995543652205,5217511
2023-07-03,863.0650634765625,867.973583294052,858.5982625078832,863.8994878781538,3333167
2023-07-04,849.3212280273438,857.8129315608896,837.6879998343345,857.8129315608896,7397493
2023-07-05,850.7938232421875,855.0642118137127,847.259652776153,852.1190997179135,4284477
2023-07-06,853.7389526367188,861.8380110642725,847.6523755317137,848.5358732272798,6365222
2023-07-07,854.5242919921875,867.4336641427969,846.7197329051955,849.173993000573,18763997
2023-07-10,869.2007446289062,873.3238534896889,849.1739590831463,851.1373670810265,4310681
2023-07-11,875.581787109375,876.808917061082,870.0842089746548,873.7165256153984,3353977
2023-07-12,873.66748046875,879.312278427949,866.9427721662826,873.66748046875,3033186
2023-07-13,868.8571166992188,876.9561747316848,867.0900614758267,875.0418399403195,4228714
2023-07-14,870.2806396484375,873.9620298330756,863.5559908785493,868.8080835745823,3860080
2023-07-17,862.0342407226562,880.2448974832952,859.9726863323924,869.7897261307073,5614592
2023-07-18,859.432861328125,864.0959557759929,847.357912952075,861.0035639116006,4731911
2023-07-19,854.8187866210938,860.954436826528,851.3337492880989,859.4328075592721,6641825
2023-07-20,868.6607666015625,870.4769549655347,852.1190780514717,855.0641900723869,3779959
2023-07-21,869.7897338867188,875.5818113867556,858.7946372308703,862.0342484095111,7001587
2023-07-24,871.9004516601562,876.2689866260627,864.6848911428009,868.8080600215098,4125577
2023-07-25,867.4827880859375,878.330605608849,863.015986824922,871.7531766392531,3652262
2023-07-26,873.1276245117188,880.0976994468132,867.1391937289347,870.2806587390963,2845581
2023-07-27,878.7723999023438,884.9080501839653,871.9004715869277,873.0784685062312,3445446
2023-07-28,878.7232666015625,883.4354939517375,874.2565251810664,883.4354939517375,2314339
2023-07-31,873.618408203125,881.3738338044303,869.0534606637722,877.6433706110278,4424817
2023-08-01,875.33642578125,880.9812239760907,871.9004616626513,878.1342583104396,2087412
2023-08-02,862.0342407226562,874.3546736043062,856.6348688335829,867.0409669708703,3328903
2023-08-03,855.75146484375,865.9120781794528,849.2721819167905,858.9910763479985,4642067
2023-08-04,873.373046875,876.6126583112989,850.3520745280373,853.1008339310042,7066276
2023-08-07,875.0910034179688,884.073559414361,867.9245160059864,868.9553531806273,4086452
2023-08-08,869.2007446289062,877.9378742683986,864.3412978504615,875.6799670545278,3282856
2023-08-09,867.5318603515625,881.0302907182687,862.7214866534983,868.8080636025412,3185159
2023-08-10,858.794677734375,867.7282204029109,852.3154550715126,865.8629587692443,3439922
2023-08-11,858.548095703125,861.6546921077359,853.0746231654836,859.9781172257823,2812690
2023-08-14,855.0963745117188,858.5974202807814,845.7766452099597,858.49882301156,2665905
2023-08-16,845.1356201171875,861.9505472437885,841.4373197142536,858.005693480659,3962408
2023-08-17,844.8890991210938,847.9956354623415,838.281456776003,845.3822058603738,3013019
2023-08-18,844.4452514648438,850.1159787009581,840.500397735373,844.8890595481474,4929835
2023-08-21,859.9287719726562,861.950497370543,842.3248269570565,843.8535058567716,3220142
2023-08-22,865.5502319335938,867.8185107603136,854.2580762385547,858.9918886146853,3333869
2023-08-23,856.1812744140625,864.9092398147608,854.8498500723608,864.9092398147608,1860153
2023-08-24,857.4632568359375,862.6408772111002,852.2856364607746,860.9643023842145,2842728
2023-08-25,861.4574584960938,863.8736935151591,849.2283874977792,857.4633060163329,3124339
2023-08-28,858.350830078125,863.6764066487824,853.9128696671406,861.9998317881169,3094455
2023-08-29,843.4097900390625,858.0057376757268,836.8021476067289,858.0057376757268,14064286
2023-08-30,845.924560546875,850.7076715538085,844.6424951403073,847.9955846502774,3261665
2023-08-31,844.59326171875,847.6504994776662,835.3721294185701,843.7056454952223,12528190
2023-09-01,854.0115356445312,855.5894530622558,840.9935062703851,841.3880157216618,4427899
2023-09-04,853.3704833984375,857.463293279756,847.8477121743447,853.8142914881948,3102649
2023-09-05,853.9622192382812,855.8359886086195,846.56561863347,851.2007735241998,2216754
2023-09-06,868.1636352539062,870.2347194892997,853.8635410976602,855.1949652904892,4235096
2023-09-07,863.2326049804688,871.5168218866454,861.1122822179088,868.1636721404094,4532834
2023-09-08,873.6371459960938,878.3710186318876,866.0433507130305,869.6429936291222,3741470
2023-09-11,878.5189208984375,879.9982410594229,871.4181720869694,875.7575353033365,2733894
2023-09-12,878.1244506835938,884.1403284505667,872.7988741536548,882.5624110606462,4106031
2023-09-13,902.533203125,905.3438871940422,873.3412508203954,875.8067842822528,5222561
2023-09-14,902.3359985351562,907.9080683522764,897.5528272372292,907.6122163591562,5513106
2023-09-15,923.2437133789062,935.6206797098024,897.4542084754597,900.0183392793422,14003428
2023-09-18,907.5136108398438,922.8985162790999,905.3439292538741,916.5867864397319,2977375
2023-09-20,898.1445922851562,906.6260037958198,892.3259089088394,898.4404442785624,5241903
2023-09-21,905.2946166992188,907.4642982518225,890.8958647182594,897.651462729919,4896202
2023-09-22,898.8349609375,909.6339500423854,891.3397026135427,905.2946469856972,6112928
2023-09-25,897.8487548828125,900.7580364245587,889.6138364047512,899.4266723357491,5278045
2023-09-26,900.1170043945312,908.2532651449808,895.4817892615977,897.4542161101915,5355047
2023-09-27,907.5629272460938,908.3518859672541,894.9394071264512,902.3360080005025,4713145
2023-09-28,912.8884887695312,919.1509199945931,905.9356359086107,913.2336393937695,7386917
2023-09-29,913.6281127929688,923.490246738516,909.0914950618039,919.1508837249997,5608557
2023-10-03,912.5432739257812,915.4526155804227,903.4207997064234,905.5904812892251,4338272
2023-10-04,911.5077514648438,913.184326313958,905.6397695897889,905.6397695897889,5603669
2023-10-05,916.0443725585938,916.784032673227,906.7247032691707,912.2967733498577,7063132
2023-10-06,913.282958984375,916.3895554485728,911.5570854361968,916.3895554485728,2420855
2023-10-09,911.8036499023438,915.2553970407287,903.9139421574639,905.3439637249619,2248103
2023-10-10,935.2755126953125,940.8969414679625,908.3518972190016,911.8036443363156,7897875
2023-10-11,942.425537109375,943.6090052735049,934.9303390593714,935.4234457782845,5645289
2023-10-12,937.2479248046875,943.609013573357,933.9441338363861,942.4255453988175,5544735
2023-10-13,941.0448608398438,942.7707343311474,933.2537507159111,933.2537507159111,4421671
2023-10-16,933.5003051757812,945.5321209966937,930.8375168901686,944.7431622956171,1881721
2023-10-17,940.5025024414062,947.0114872846042,932.9579452967827,933.5003506681002,3863410
2023-10-18,939.7135009765625,945.6801407530503,937.543879450961,939.8614570777147,2334392
2023-10-19,929.949951171875,938.1848091048574,928.3719735925793,932.7606353255136,4306963
2023-10-20,932.1689453125,934.437224160907,924.0819831543746,924.8709418589913,3125104
2023-10-23,926.3502807617188,936.015160524795,924.0820018673782,928.6185596560593,2180066
2023-10-25,909.8804931640625,926.695480424769,906.3301488673036,911.8529200386376,6365249
2023-10-26,893.0162353515625,911.8528872489238,887.6413602728843,908.9436058684945,6595332
2023-10-27,901.9907836914062,905.7384428998489,893.9531803113205,898.1938860436366,3508393
2023-10-30,913.480224609375,919.1016534149405,897.7994063928543,902.1880683635893,3686768
2023-10-31,901.7935791015625,910.8173958161339,899.8211522533034,907.6122021877128,5697563
2023-11-01,900.8566284179688,901.9414390638141,883.1047874909052,890.5506865076859,4821458
2023-11-02,911.11328125,913.1843656329122,903.7660391254826,907.3163835051998,6611573
2023-11-03,917.9181518554688,920.827493518675,909.4860390504098,912.2474246213361,3895154
2023-11-06,926.251708984375,927.7310291988325,917.1785329636305,921.3206416028502,2760800
2023-11-07,924.2299194335938,926.0050915293499,919.5947043770105,923.1450485685227,3616946
2023-11-08,923.8353881835938,928.8157537379462,921.5178108068587,928.8157537379462,1808553
2023-11-09,919.49609375,924.3778624072252,917.7209215638343,923.8354570439095,3914416
2023-11-10,922.6026611328125,924.0819812735921,916.1922738561013,916.1922738561013,1345614
2023-11-13,922.1095581054688,927.3364772517135,920.926089949376,925.0681983988553,1656368
2023-11-15,936.9027709960938,939.5655593313472,923.2930375193099,934.9303441097862,4816316
2023-11-16,936.458984375,940.749049067278,930.2458515794418,935.9165790075699,5310736
2023-11-17,934.2399291992188,940.847570928967,932.9578638352231,935.7192492792958,3249469
2023-11-20,948.1456298828125,951.0056127564409,928.9637663432277,935.9165590901432,4646962
2023-11-21,957.46533203125,962.8895061658721,947.7511533403585,953.6684342144919,5704644
2023-11-22,956.3804931640625,962.8401792230035,952.6328940926968,960.8677523229487,3309732
2023-11-23,963.1854248046875,967.4754293896409,950.4139481272168,956.627081047861,2749555
2023-11-24,959.733642578125,963.6784963766171,957.6132595839587,961.5581133824509,2322104
2023-11-28,971.3216552734375,974.3788929044665,957.8105189100116,960.6212031774514,5096984
2023-11-29,981.6768798828125,993.2155289479946,977.2882180466725,982.1699866016216,5647918
2023-11-30,1000.7107543945312,1004.1625013130739,979.0140594779771,981.2823382714245,9934052
2023-12-01,1000.7107543945312,1008.4525055486441,994.3003672600947,1001.0066063773827,5544950
2023-12-04,1018.6598510742188,1029.606795802691,1011.0659356160437,1021.7170885551609,5164902
2023-12-05,1016.8847045898438,1031.529950826312,1008.0087831874522,1024.4786206887675,4266159
2023-12-06,1010.3262939453125,1020.7308937222647,999.4780064762542,1014.9122104438597,4121251
2023-12-07,986.2134399414062,1005.6418567469901,984.2410130615234,1001.0066415405273,13805235
2023-12-08,986.4599609375,990.158261215946,977.633338900871,984.9313421944802,6630766
2023-12-11,987.0516967773438,990.7499971752111,978.3730305490866,982.367182940045,6195119
2023-12-12,981.5289306640625,987.051701875929,973.3926697467267,985.4737844421647,7119331
2023-12-13,986.1148681640625,988.1858923639949,977.830650976947,979.5072259069219,4153219
2023-12-14,991.341796875,997.2590777236048,985.3752173913955,992.1307556160752,6541673
2023-12-15,978.8661499023438,996.9138440381273,974.6254440967956,985.8683015288926,10119597
2023-12-18,976.5978393554688,985.0299520594615,968.609534729305,981.2823531014303,5750263
2023-12-19,974.8226928710938,984.1917206093783,972.3078606221873,981.7261869940402,3912964
2023-12-20,958.1556396484375,979.9509924259523,955.6408074570255,979.2113323582611,3990591
2023-12-21,964.4181518554688,968.0177948131771,946.7649071140938,954.654614673378,4294277
2023-12-22,975.907470703125,985.1779008619243,962.1004829224306,968.3629742106023,4605120
2023-12-26,986.0654296875,988.6789192372732,976.0061013075674,981.2823188439769,2460643
2023-12-27,1007.1211547851562,1009.9318991434651,984.2409914423476,986.2134182789054,4791379
2023-12-28,1022.4074096679688,1027.5850301498538,1008.107375197405,1009.7839500588487,5288328
2023-12-29,1017.9694213867188,1028.8671275909194,1010.2770291137928,1018.9063963473615,4631749
2024-01-01,999.08349609375,1017.7228936715331,993.1169169235629,1017.7228936715331,3804406
2024-01-02,1007.6142578125,1011.3124979238426,1001.9928293101128,1003.3735521681342,6865791
2024-01-03,1020.9281005859375,1022.7033329253317,1007.2690685775741,1017.7229069195852,3604276
2024-01-04,1033.4530029296875,1044.2027526198056,1013.3835851523644,1020.9773798613927,4664043
2024-01-05,1032.1710205078125,1048.9860087642198,1024.6264631883344,1039.2718299091878,4008221
2024-01-08,1034.5872802734375,1044.4000560635563,1030.839620963581,1035.524134907209,4489695
2024-01-09,1049.82421875,1053.1773685613894,1033.6010556335234,1042.4276178663692,3371125
2024-01-10,1048.0489501953125,1058.5029087264575,1040.7510672186897,1052.2403572179799,3111573
2024-01-11,1048.1968994140625,1059.0946057565116,1042.7727256555797,1051.0569423823747,2604325
2024-01-12,1061.5107421875,1063.6804838450962,1037.101961154325,1043.5123480923305,3394013
2024-01-15,1087.2017822265625,1089.4700010352597,1059.7357604364315,1063.1875076729355,3312897
2024-01-16,1080.791259765625,1101.600337862637,1077.9312169058746,1091.7382041306525,5025540
2024-01-17,1070.2882080078125,1093.6614199586245,1063.927179045376,1076.945149177177,4568700
2024-01-18,1072.0633544921875,1080.8899165131406,1060.376629066698,1060.376629066698,4407330
2024-01-19,1109.4901123046875,1120.6836106935739,1074.775447612418,1075.9588555772568,11753391
2024-01-23,1142.03515625,1156.384609865607,1119.3522472743955,1129.214381611615,18194595
2024-01-24,1173.544677734375,1177.538890467549,1124.3819600280942,1124.3819600280942,9546592
2024-01-25,1144.550048828125,1184.0971834486747,1141.098301809594,1169.6491325650616,11424697
2024-01-29,1146.1279296875,1153.6231274683355,1142.0351199900256,1142.0351199900256,4015858
2024-01-30,1142.67626953125,1164.5701605719744,1138.6328183518679,1146.1280167017399,3902023
2024-01-31,1154.56005859375,1158.8501834885712,1130.3978286327495,1143.021409175492,5981966
2024-02-01,1135.328857421875,1154.066912673751,1133.109877194679,1148.988009796964,3606209
2024-02-02,1134.9344482421875,1158.99795930292,1129.510274449626,1139.0764964379189,4969983
2024-02-05,1098.1981201171875,1143.662539591825,1094.6970139446594,1138.4355597486633,7809331
2024-02-06,1118.4154052734375,1140.1613394996843,1107.5176985530247,1109.4901254427007,9863065
2024-02-07,1118.661865234375,1132.4194934862473,1116.1963318281346,1123.0998253656078,2770694
2024-02-08,1126.4036865234375,1130.6936908412158,1100.8113759331113,1128.6226667278795,6519392
2024-02-09,1104.8056640625,1130.1513026439034,1100.8608100957515,1130.1513026439034,4203171
2024-02-12,1103.2769775390625,1113.4350245897435,1095.979094059811,1107.4191464085875,3887976
2024-02-13,1102.438720703125,1109.49017120202,1088.5824934641016,1095.6831824048393,3211554
2024-02-14,1100.4661865234375,1105.693165642393,1089.4698831537632,1094.6968622727188,4653070
2024-02-15,1105.2493896484375,1115.8511844698764,1094.1052496499617,1106.8274275131657,5056712
2024-02-16,1104.55908203125,1111.5119351222047,1101.4524855355598,1108.5039358956474,3091952
2024-02-19,1126.4530029296875,1129.2144488635233,1102.9318352120604,1105.5946838741286,4711035
2024-02-20,1128.1788330078125,1135.723390011462,1119.3522707458717,1129.2144052898882,5397418
2024-02-21,1124.1846923828125,1143.1693005632474,1116.985286320475,1139.0764908260933,4570259
2024-02-22,1119.8946533203125,1123.050487985607,1082.5171420905613,1121.9163185196064,8642368
2024-02-23,1110.229736328125,1116.245613997575,1099.9238544412117,1111.4625030795441,6709844
2024-02-26,1094.7462158203125,1110.3776738900342,1089.1247272952041,1102.6851613345705,3186134
2024-02-27,1111.9556884765625,1115.4074356248268,1086.1169436930818,1097.655593148039,7149094
2024-02-28,1113.1883544921875,1136.7588783901397,1108.0107342387355,1117.7742707941488,5302711
2024-02-29,1107.86279296875,1122.261484455324,1083.8485208828965,1103.4248326921595,13818650
2024-03-01,1113.13916015625,1125.0230813156816,1101.9950195297185,1112.4488588420677,5927490
2024-03-04,1117.8729248046875,1133.4057863535838,1116.3936046571737,1116.3936046571737,5855090
2024-03-05,1152.784912109375,1163.4853038374815,1117.4291844237036,1117.4291844237036,5375008
2024-03-06,1177.242919921875,1180.1029629382997,1141.394085919773,1157.7652047342087,5464839
2024-03-07,1183.1602783203125,1196.868669938014,1173.0515900262626,1193.1703693426298,8903981
2024-03-11,1180.1029052734375,1201.5038078308794,1169.6490675331627,1169.6490675331627,6679208
2024-03-12,1187.6475830078125,1191.3458835569338,1181.286554218279,1183.4561757188085,4249548
2024-03-13,1152.636962890625,1195.2906943516043,1135.8219755123262,1195.2906943516043,7528096
2024-03-14,1178.1304931640625,1183.1601573821938,1147.508639596765,1157.7651625563362,8569080
2024-03-15,1203.180419921875,1205.9418657618958,1171.4736331390798,1173.5940161533042,10115416
2024-03-18,1208.4073486328125,1213.5849690747523,1198.4464968060338,1208.1114364526068,4141080
2024-03-19,1211.415283203125,1223.299203587274,1197.8548480868242,1199.432765550153,7703719
2024-03-20,1214.8177490234375,1221.9184375515933,1206.7800855060536,1211.3166431983411,6596032
2024-03-21,1203.969482421875,1225.7647765761296,1197.3617797752963,1220.9323063748739,9952250
2024-03-22,1219.058349609375,1227.835672874467,1205.1527648615252,1210.0344729963163,7840007
2024-03-26,1196.37548828125,1216.987373053061,1193.3182507246386,1208.1114521799027,10898138
2024-03-27,1207.914306640625,1211.3166949583808,1193.860764688126,1193.860764688126,5779169
2024-03-28,1211.661865234375,1221.4254028265746,1203.4763655302231,1210.0345889044436,10518377
2024-04-01,1200.56689453125,1214.9163480879006,1191.345823041312,1211.0700916347114,5461473
2024-04-02,1191.5924072265625,1210.8235696026586,1186.6119811229273,1208.1114826009014,3625577
2024-04-03,1208.8017578125,1223.4963620555268,1173.0515208325537,1178.5250535458156,9532291
2024-04-04,1190.211669921875,1216.0011755406229,1184.7382575442073,1214.9656032702455,7327626
2024-04-05,1174.5802001953125,1194.6496195048844,1172.558414500141,1189.2748044431585,4227519
2024-04-08,1188.09130859375,1193.8607536518778,1166.7891219085707,1171.621591946095,4827733
2024-04-09,1187.8447265625,1198.1999676555577,1181.7796102321865,1198.1999676555577,3372798
2024-04-10,1212.4508056640625,1213.7328108808472,1192.0854744125477,1196.52343481367,6442196
2024-04-12,1208.6539306640625,1214.8670031093752,1202.7366500185933,1209.196275824134,7877073
2024-04-15,1207.667724609375,1217.973606974979,1193.66342143035,1193.909974792086,4281602
2024-04-16,1199.6793212890625,1216.938056925768,1195.340078353171,1207.0266838354057,5235632
2024-04-18,1248.2996826171875,1264.177695190026,1199.038368617902,1203.1804169804218,19939924
2024-04-19,1271.2291259765625,1278.6257267871322,1236.0705927128452,1262.3532050038789,13103862
2024-04-22,1279.6612548828125,1287.4030060531604,1270.4894220393564,1286.022283205372,7894656
2024-04-23,1323.843505859375,1332.3742756692998,1284.1484173355489,1291.939527110868,12074766
2024-04-24,1317.9755859375,1335.3329173589298,1315.1649018802093,1333.3604905976906,6277492
2024-04-25,1320.243896484375,1325.2736813859462,1306.0917575637384,1312.6501010793654,8512627
2024-04-26,1307.718994140625,1327.147350348094,1303.774140462976,1319.5535551735718,5289771
2024-04-29,1314.080078125,1327.443318678238,1301.8017686889111,1306.2397292639869,3195888
2024-04-30,1304.070068359375,1316.3977362505912,1301.752370485921,1304.9083256985014,5272565
2024-05-02,1286.0716552734375,1301.7031138636721,1275.7656528279133,1297.1171973947226,7995432
2024-05-03,1259.7890625,1292.4327030317183,1240.8044539281873,1287.9947425863597,11290875
2024-05-06,1265.706298828125,1280.548738232754,1255.646849938026,1257.422082209037,5555467
2024-05-07,1268.41845703125,1276.6039564611576,1253.4772991363725,1268.615651566955,5767030
2024-05-08,1270.8345947265625,1281.485747866059,1257.1262040486083,1258.5562857465543,2682816
2024-05-09,1257.8658447265625,1277.4422772109124,1252.5403886262889,1265.311804121669,4809145
2024-05-10,1283.2115478515625,1290.4601920288928,1254.2168507548677,1257.4714030242196,5532513
2024-05-13,1268.22119140625,1284.9375823218068,1263.7339922517683,1283.2117087114548,3703942
2024-05-14,1266.593994140625,1281.9789000307385,1263.0435293766575,1272.7578282622558,3262908
2024-05-15,1291.8409423828125,1300.0758001038328,1262.8462446675198,1263.881816880964,6891004
2024-05-16,1326.5557861328125,1338.1437950317575,1303.083976510364,1309.6915589616137,11932181
2024-05-17,1325.9146728515625,1341.2503407109705,1320.78641088027,1334.9385503242647,6614017
2024-05-21,1325.766845703125,1343.9624364790357,1317.334672189963,1337.3054954067675,5422220
2024-05-22,1329.3170166015625,1332.3742539506213,1311.2200254606848,1323.6462897620243,3026723
2024-05-23,1355.1065673828125,1358.311760925617,1325.7667187986788,1332.1277470594475,7147341
2024-05-24,1369.357421875,1378.4798965976097,1355.1066851930134,1356.53664658917,5622368
2024-05-27,1365.2645263671875,1387.602284448038,1359.0020952163445,1376.7539368084301,6553974
2024-05-28,1352.14794921875,1367.8286461891164,1348.0551394737822,1365.708383659235,2068963
2024-05-29,1358.114501953125,1371.0832327456567,1336.8123157610053,1336.8123157610053,4445083
2024-05-30,1358.1639404296875,1367.3356537123213,1344.702102128481,1359.7912167759678,7100303
2024-05-31,1353.8245849609375,1368.8643408674423,1319.5536657641483,1360.9746328509152,24825643
2024-06-03,1371.92138671875,1400.866724877541,1365.9055092752292,1395.787822362337,6017122
2024-06-04,1281.7816162109375,1377.7402363000324,1202.2435950852018,1371.9215526705361,19924421
2024-06-05,1325.81591796875,1330.1552808679628,1262.2051556955462,1307.3737761313134,12175520
2024-06-06,1351.7041015625,1357.2762315132186,1310.677646998051,1340.264049864824,10279789
2024-06-07,1405.6007080078125,1410.9262846713211,1344.3568773459206,1351.7041193328077,12280748
2024-06-10,1406.3897705078125,1416.8436092380489,1401.4587031456833,1401.4587031456833,5318477
2024-06-11,1407.5731201171875,1414.8217647612814,1393.5195787182245,1406.3403533278047,4416792
2024-06-12,1418.5694580078125,1427.889127004306,1402.4941305334312,1405.354173630929,4876138
2024-06-13,1406.09375,1435.8773464180806,1400.8667708438215,1429.0232114676485,7990376
2024-06-14,1407.7210693359375,1414.2300538746206,1401.3599205013531,1414.2300538746206,3978442
2024-06-18,1408.6578369140625,1424.0921001657716,1398.4505526558617,1424.0921001657716,8671131
2024-06-19,1373.1541748046875,1415.0190049949163,1369.1600828503258,1414.1806273124805,8640918
2024-06-20,1362.108642578125,1387.552875712471,1357.2761729077358,1386.566662326162,8742855
2024-06-21,1396.527587890625,1404.3185777456931,1353.923095110488,1365.8562536401241,43929578
2024-06-24,1400.225830078125,1404.170683668555,1370.195559888549,1382.6711834457599,6195831
2024-06-25,1395.4427490234375,1414.2301644254685,1390.4130842316201,1414.2301644254685,6353748
2024-06-26,1439.3785400390625,1459.546557073419,1389.525401648429,1395.4426823885688,9579826
2024-06-27,1455.453857421875,1468.4718268047473,1420.1967265902633,1443.8164905588649,19675528
2024-06-28,1424.1414794921875,1515.0703049699323,1416.8434764029776,1515.0703049699323,29145832
2024-07-01,1433.954345703125,1446.5779259247906,1429.2698318502432,1430.0094919322773,6011806
2024-07-02,1399.3875732421875,1453.0869696122393,1397.4645051057128,1441.8441118310177,7792632
2024-07-03,1400.275146484375,1412.6521734684666,1389.0322890481596,1408.2634513723176,8261388
2024-07-04,1403.4310302734375,1421.2321099522144,1392.0402173221203,1398.4506044369582,9570938
2024-07-05,1409.9893798828125,1413.8356365750676,1397.316560601344,1402.8886909027945,4881198
2024-07-08,1415.3642578125,1419.0131994250407,1403.52969640441,1411.2714479147253,3261797
2024-07-09,1415.7586669921875,1421.774544537719,1408.4606638966388,1416.2024148586067,2897480
2024-07-10,1425.127685546875,1428.7766268790363,1406.4882286838856,1421.1334732236005,3416762
2024-07-11,1418.12548828125,1430.8476650205193,1408.31271325908,1430.0094077210547,4178558
2024-07-12,1413.490478515625,1427.642617959305,1401.8531112282892,1422.1198465163309,6342135
2024-07-15,1417.7803955078125,1420.1473318049636,1406.3897026830555,1413.490391187128,3324806
2024-07-16,1446.281982421875,1452.9882818420633,1425.0783938626726,1431.9818878121805,6967651
2024-07-18,1463.1956787109375,1465.4638975213081,1438.9348507653756,1445.7889864136769,6470342
2024-07-19,1441.5975341796875,1459.595929937361,1431.932594056229,1459.595929937361,3858596
2024-07-22,1445.1971435546875,1451.7061279312516,1429.0725785073832,1430.009433084453,3560584
2024-07-23,1445.4930419921875,1449.7338080891718,1408.7565900525128,1449.7338080891718,2936143
2024-07-24,1435.1376953125,1455.2564728030707,1416.7449116638622,1445.7888482155604,4529339
2024-07-25,1429.1712646484375,1433.9543758687344,1420.2459846491834,1425.0784546976074,4277756
2024-07-26,1493.5216064453125,1499.0443774426253,1429.1711816899629,1430.2559923593205,9564987
2024-07-29,1460.92724609375,1503.975486556938,1456.6866005608056,1503.975486556938,4589313
2024-07-30,1450.078857421875,1464.4283106340004,1443.8657851965568,1463.9352039310047,4263689
2024-07-31,1470.9866943359375,1483.4129595158647,1452.8403430889193,1457.4754980696648,5634305
2024-08-01,1484.744384765625,1490.1685588713779,1464.5270085532734,1464.5270085532734,4531379
2024-08-02,1473.2056884765625,1484.399186970816,1463.1462391312123,1473.5014802768655,3335905
2024-08-05,1445.4930419921875,1467.4856506372025,1431.4888588036958,1461.568369787859,5111901
2024-08-06,1423.6484375,1472.3180459355494,1411.370008129027,1462.6531062177266,8249573
2024-08-07,1429.7969970703125,1442.8379996148785,1410.8057382521752,1439.9620182043307,5700734
2024-08-08,1439.7637939453125,1454.34187409286,1418.1444800223592,1423.1030271553045,5986360
2024-08-09,1451.961669921875,1469.7132919239743,1445.2181188152174,1452.8542325699207,3615910
2024-08-12,1446.50732421875,1465.2506563183356,1433.0201004263924,1453.8459980796479,4028226
2024-08-13,1447.59814453125,1466.1431827127315,1438.3256859696467,1455.8293808709282,4495208
2024-08-14,1459.4986572265625,1467.829040293595,1441.0528868298818,1441.0528868298818,5891784
2024-08-16,1471.25048828125,1478.6386746844998,1455.9285058381872,1467.7298715848824,7176426
2024-08-19,1457.4658203125,1476.7545207301773,1452.1601989560693,1474.671955092678,4404075
2024-08-20,1437.1357421875,1472.440573622216,1434.5076879909316,1467.7299538379389,10046892
2024-08-21,1451.317138671875,1454.4410476348723,1435.6977149151705,1440.9538233962949,6175510
2024-08-22,1474.0272216796875,1487.4649322833907,1452.8542505000953,1461.4820737350453,6781325
2024-08-23,1494.2581787109375,1497.4812343477788,1467.085316207143,1480.6221740935323,6238112
2024-08-26,1501.0018310546875,1508.0924565137798,1492.5226671469204,1496.489504800467,4307432
2024-08-27,1510.12548828125,1513.6956179082501,1489.547518239,1505.414868633024,3965066
2024-08-28,1543.4468994140625,1551.5293552301443,1509.034631681102,1515.282328261828,6225319
2024-08-29,1552.9178466796875,1558.6696888351357,1533.1331705845757,1552.0252839660698,8036748
2024-08-30,1575.8758544921875,1595.0654069756854,1548.6533591036334,1562.9339985302859,37820442
2024-09-02,1558.322509765625,1591.6935546081613,1552.5210341053435,1591.6935546081613,4890314
2024-09-03,1547.6617431640625,1565.9092212522494,1545.6783242644397,1565.9092212522494,4546295
2024-09-04,1548.950927734375,1553.0169120408345,1529.2158865689444,1545.0832368835377,5213811
2024-09-05,1534.372802734375,1550.0418603667697,1528.7201073290948,1546.0750225923184,5652812
2024-09-06,1526.48876953125,1542.7031948124218,1517.5137505935581,1539.9264809899037,5497805
2024-09-09,1529.860595703125,1533.9265802057687,1510.6214083067318,1510.6214083067318,3912508
2024-09-10,1564.7686767578125,1572.8511327043614,1532.3398273000187,1532.3398273000187,6163457
2024-09-11,1564.7191162109375,1585.644160024583,1561.3967929242822,1565.3636304646234,5994914
2024-09-12,1633.097412109375,1639.097302247129,1576.917051844284,1582.916941982038,12204496
2024-09-13,1620.8994140625,1641.1799443485638,1617.527698879112,1637.3122533966011,5609618
2024-09-16,1621.89111328125,1639.2460280324376,1616.5854921261139,1620.8994038668964,3762063
2024-09-17,1647.97314453125,1652.2375435015663,1624.9159002945407,1636.3205587342034,4223072
2024-09-18,1641.179931640625,1657.0967950829047,1634.1883318562805,1641.477371829532,3171195
2024-09-19,1651.04736328125,1697.5089242598776,1634.0395229327034,1634.0395229327034,8498240
2024-09-20,1697.55859375,1709.1120326642626,1652.187887943625,1657.1464350262888,21646275
2024-09-23,1735.937744140625,1739.7062884431361,1704.7485306163608,1704.7485306163608,5001827
2024-09-24,1742.0863037109375,1752.8959601467361,1731.623721345911,1737.4748308899004,7579205
2024-09-25,1745.8052978515625,1752.2514091209669,1730.5329484785486,1740.9955313468167,4017103
2024-09-26,1756.41650390625,1764.2510324215198,1731.6734026618167,1755.3256477718326,7417423
2024-09-27,1720.2191162109375,1748.8299084418002,1708.2194565766843,1740.6483058195895,7116861
2024-09-30,1695.3768310546875,1718.6323677577009,1690.07108898735,1699.7898894037503,6907288
2024-10-01,1684.61669921875,1708.5665052962765,1681.9391322781742,1690.8645168244616,3649090
2024-10-03,1659.5760498046875,1680.9474358340296,1651.1961537838697,1651.1961537838697,7200276
2024-10-04,1627.2960205078125,1672.716239560555,1616.6351441837319,1656.2043744726727,8576527
2024-10-07,1648.2706298828125,1656.1546710612615,1628.8330291123602,1637.31219276775,5387707
2024-10-08,1643.708740234375,1665.5759815080908,1638.3039722842311,1648.8160679915902,5224335
2024-10-09,1664.1875,1690.467798785298,1647.278927567443,1652.9316226564424,3414614
2024-10-10,1664.1875,1684.86461653074,1651.1961312272244,1672.617029799058,5047657
2024-10-11,1673.4105224609375,1676.236870135029,1644.8988762450629,1664.187576305186,2367678
2024-10-14,1681.54248046875,1695.8727543260768,1665.4272022775158,1672.0220941797384,2069815
2024-10-15,1703.012939453125,1718.3844349031313,1685.8563186888402,1693.8396276523147,5891334
2024-10-16,1719.574462890625,1727.8056993204557,1702.864183739646,1705.7401652065914,3299887
2024-10-17,1687.0465087890625,1723.541342912728,1680.352470185237,1722.351340028693,4373392
2024-10-18,1693.69091796875,1701.8725207283533,1671.228675271638,1695.8231174450298,4154915
2024-10-21,1678.517822265625,1694.7817598587612,1648.2210511511773,1691.4100446873852,3836168
2024-10-22,1678.22021484375,1698.6990379542221,1673.3608146222061,1677.9722874963065,3070057
2024-10-23,1671.82373046875,1687.2447387780294,1666.1709143365383,1675.9888614644642,2764757
2024-10-24,1664.53466796875,1678.9640888032186,1643.6592568061362,1673.0138321388245,3669575
2024-10-25,1652.1878662109375,1670.7824175263368,1642.1219915538793,1667.1626539919503,3434386
2024-10-28,1649.559814453125,1663.9396008243875,1632.0066064094465,1644.4029739708797,2811651
2024-10-29,1623.5274658203125,1654.121677188332,1596.6521647739714,1636.8163962480994,6990747
2024-10-30,1619.80859375,1637.3122896223679,1604.3875845535772,1614.3046789789096,4622628
2024-10-31,1599.2305908203125,1625.2134503297918,1588.8672757765003,1620.453196677562,4921681
2024-11-01,1603.048583984375,1612.866531089306,1592.0406340429627,1606.5692007178998,279441
2024-11-04,1578.0576171875,1610.3873201213667,1560.008554136931,1605.726334262962,6094029
2024-11-05,1565.314208984375,1580.6857053503006,1553.016987679978,1570.123975571089,6473278
2024-11-06,1585.5450439453125,1597.3959229028424,1553.5127817645832,1569.8759869347814,6631728
2024-11-07,1562.7357177734375,1595.214200557558,1556.6366807641537,1582.718565296283,5160994
2024-11-08,1556.8846435546875,1566.4050297804436,1545.9262060341464,1557.9754997056518,3096384
2024-11-11,1547.6121826171875,1568.4875932572072,1538.9347251988436,1548.0584034325336,3664301
2024-11-12,1542.7528076171875,1581.7765496942259,1537.2487718266007,1555.79381090626,4479934
2024-11-13,1537.5958251953125,1559.4630663776882,1533.5298407760313,1546.967551869879,5816699
2024-11-14,1537.6453857421875,1555.0002998024831,1523.811088386004,1537.1495310547505,5139154
2024-11-18,1524.25732421875,1555.942390635251,1516.7698699412754,1555.942390635251,4816078
2024-11-19,1512.8526611328125,1545.0832160242032,1506.7041113922262,1524.2573190174585,6238241
2024-11-21,1512.505615234375,1529.2655283017389,1498.472903016313,1525.2490568094568,7356679
2024-11-22,1556.2896728515625,1561.9423682371082,1507.5966424935457,1520.2905717507851,7640321
2024-11-25,1565.6612548828125,1595.908392348482,1549.5956106194408,1568.8346766198333,12155641
2024-11-26,1564.1737060546875,1591.544862243798,1553.0169749130705,1576.8180013485198,4030593
2024-11-27,1564.5704345703125,1570.619837990379,1541.2652625464616,1556.1409042638131,4982785
2024-11-28,1547.46337890625,1575.3303889594742,1544.0419088259516,1557.9754743817023,6714728
2024-11-29,1613.6600341796875,1635.229714428469,1538.290116988543,1538.290116988543,10775801
2024-12-02,1629.9735107421875,1632.5519309153465,1603.7923589308846,1613.6599398846556,3790108
2024-12-03,1607.11474609375,1639.1965215609926,1599.776072187385,1639.1965215609926,9131055
2024-12-04,1570.966796875,1616.9821360910237,1569.2809393606492,1616.238354059703,8772014
2024-12-05,1601.957763671875,1608.6022893224847,1572.2064815122776,1586.7350485118698,10324005
2024-12-06,1584.6029052734375,1611.1807667018509,1581.5782641149153,1604.585874710944,4296866
2024-12-09,1589.263916015625,1592.5861182283777,1575.875839379953,1582.6690244241763,4264409
2024-12-10,1565.5621337890625,1598.4868388183645,1557.033456805162,1597.1976891795864,14645786
2024-12-11,1572.85107421875,1574.8344929756463,1558.173726994408,1574.8344929756463,3853182
2024-12-12,1597.1976318359375,1604.486671756462,1565.413296958698,1565.413296958698,13120939
2024-12-13,1667.8072509765625,1671.0303064638074,1593.4786813171052,1604.5857779575313,12900707
2024-12-16,1648.7664794921875,1673.0137254297294,1646.386352766584,1667.807251180467,4375126
2024-12-17,1601.908203125,1644.8987803535226,1595.1645309463686,1636.8163247292393,6182486
2024-12-18,1588.619384765625,1609.5444298514833,1582.8674215591093,1607.957718950532,3905144
2024-12-19,1587.0325927734375,1596.4041981301114,1572.3056114154133,1573.2478079753505,5865855
2024-12-20,1565.0166015625,1608.850230283404,1560.3556157413789,1596.6521560714723,9738879
2024-12-23,1573.74365234375,1594.1232076362628,1565.2644886513433,1572.8510896827163,4363599
2024-12-24,1570.7685546875,1585.545049070309,1561.9423167494508,1576.8179578613504,3610076
2024-12-26,1586.2392578125,1593.5282980240522,1567.9917798066892,1570.7686146769386,3400479
2024-12-27,1586.5863037109375,1614.949169131801,1583.0658078775332,1586.2392296228948,2559578
2024-12-30,1573.74365234375,1599.676877056794,1567.991689468889,1591.6935680584866,4438130
2024-12-31,1574.586669921875,1583.9582757456174,1550.388935273378,1569.876050062244,2249626
2025-01-01,1582.470703125,1593.2308473829798,1570.9173850092022,1579.793136063459,1405565
2025-01-02,1596.3546142578125,1606.1725617847092,1575.2312761236258,1586.6359345201176,3728040
2025-01-03,1585.5946044921875,1603.5941549326797,1580.090689767925,1601.6107360644885,3669685
2025-01-06,1575.28076171875,1596.5033672751379,1554.1077900561047,1582.9169968001856,4584188
2025-01-07,1577.660888671875,1589.7101821996414,1570.9173373274543,1580.7847975210407,2830856
2025-01-08,1585.941650390625,1600.0735095752789,1564.7686785607114,1585.4954295765262,3674564
2025-01-09,1593.7266845703125,1606.7675667009034,1579.198117239554,1586.7350846801287,4684859
2025-01-10,1602.5032958984375,1611.5278275208984,1578.603122791168,1594.668767171449,4145892
2025-01-13,1583.958251953125,1601.3131669647628,1565.016626066365,1566.9008981935704,3705039
2025-01-14,1586.834228515625,1619.8582008285803,1565.4133291231879,1591.3960676641,7284572
2025-01-15,1594.123291015625,1600.470255643723,1579.7931380299403,1594.7184135262914,2960985
2025-01-16,1616.6846923828125,1621.4449461526285,1587.2806041203096,1605.6272288932903,5299325
2025-01-17,1614.007080078125,1625.4117384012577,1609.544387690812,1616.5855003569166,2678801
2025-01-20,1627.5439453125,1631.3620023830172,1604.6849946673472,1624.4200364154299,3933044
2025-01-21,1612.6683349609375,1642.9649858098971,1606.8668589309905,1640.2874187370853,7958844
2025-01-22,1618.2218017578125,1627.3951136415324,1609.0981237670446,1614.0070368382655,3262136
2025-01-23,1622.4366455078125,1631.7587384650515,1603.7924595933343,1611.0319869360887,2457080
2025-01-24,1631.1636962890625,1648.1219030954665,1620.5028200642591,1620.5028200642591,3620058
2025-01-27,1589.3134765625,1633.5436920454204,1580.4872386001332,1625.362089411334,6622807
2025-01-28,1604.932861328125,1616.783861131008,1583.7598901393571,1594.3216193165626,5216471
2025-01-29,1587.1812744140625,1613.4120609039126,1579.9418683669626,1606.5692417735918,5009227
2025-01-30,1627.147216796875,1631.3123479015524,1581.974804683119,1593.3794629145157,4283637
2025-01-31,1612.8170166015625,1625.5108240580212,1561.1984948377387,1625.5108240580212,8340866
2025-02-01,1609.7923583984375,1630.370329405225,1595.858792257276,1613.511268821351,2741589
2025-02-03,1638.6510009765625,1647.229311488262,1594.7678600774923,1606.4700794072216,4146970
2025-02-04,1647.675537109375,1654.4688433579638,1615.544249339391,1648.369806325564,6385876
2025-02-05,1646.683837890625,1661.3115516568514,1635.4279603228454,1656.1547111591876,3920893
2025-02-06,1606.3212890625,1653.477119115643,1599.8751780090004,1652.0887017540035,5229162
2025-02-07,1662.8487548828125,1693.3934531647135,1621.4448869738474,1621.494520867708,14873255
2025-02-10,1679.013671875,1685.906003879313,1664.1380306643002,1684.7655138415037,6782878
2025-02-11,1682.6829833984375,1692.500931014039,1672.2204004385974,1691.8562956698006,8965266
2025-02-12,1697.3603515625,1699.492430025827,1670.5345626116448,1689.872896818191,7148192
2025-02-13,1700.3848876953125,1714.070525634729,1689.7736456967139,1695.823048734932,5356002
2025-02-14,1702.814697265625,1709.8061759974432,1691.112477760319,1699.7899351304422,5125863
2025-02-17,1661.65869140625,1702.6658498434836,1652.4357457970964,1697.5585223514956,4906462
2025-02-18,1655.0638427734375,1681.889509423088,1642.0724738380143,1677.9723057142642,7529598
2025-02-19,1631.560302734375,1659.5760940790167,1624.8662640945047,1656.1547449752838,7776555
2025-02-20,1629.8743896484375,1636.122207256284,1613.7591119899116,1626.254626147329,5524503
2025-02-21,1625.65966796875,1644.9483677790772,1615.6929398668744,1629.8744330069487,5447583
2025-02-24,1588.0242919921875,1623.973757319966,1584.7516025873142,1613.511174849537,4673190
2025-02-25,1627.7918701171875,1635.4776181406846,1583.7599475515622,1583.7599475515622,6286808
2025-02-27,1636.71728515625,1642.270833812559,1625.0646992279303,1629.7753190712936,7568745
2025-02-28,1557.18212890625,1634.7833933159038,1546.5708862217894,1628.3372818952935,13640211
2025-03-03,1582.5699462890625,1589.4622783583984,1559.7109956563227,1565.9091795525883,6993525
2025-03-04,1562.2894287109375,1577.3138508099057,1555.0003886010263,1575.8262866626471,5219668
2025-03-05,1604.833740234375,1612.6186348305923,1564.0248741190308,1564.9174367927353,6295425
2025-03-06,1613.412109375,1618.221875939078,1577.2642277141515,1604.5858711625117,5174009
2025-03-07,1617.1805419921875,1628.7836151225642,1602.2057535986596,1615.494684360612,3035558
2025-03-10,1617.428466796875,1641.1799805793491,1613.1145549337234,1626.4034856746728,3778450
2025-03-11,1649.1630859375,1662.5016499024227,1610.5856874134624,1616.4863098758956,6078564
2025-03-12,1629.229736328125,1702.417937247302,1620.4531324965762,1675.9888579676951,9907628
2025-03-13,1618.965576171875,1643.163309454644,1616.0895947345548,1637.1139063985204,8317331
2025-03-17,1625.560546875,1634.7338591616337,1598.833904929244,1598.833904929244,6405522
2025-03-18,1625.560546875,1625.560546875,1625.560546875,1625.560546875,0
2025-03-19,1623.5770263671875,1628.4364265129727,1614.0070066934181,1621.444827000761,6283464
2025-03-20,1691.1124267578125,1695.4759722582721,1632.4527924932477,1646.2375771399904,12074465
2025-03-21,1711.4921875,1717.045736111863,1677.9723602490183,1695.4760559490876,14715349
2025-03-24,1704.5501708984375,1725.5743618261117,1700.6328461202454,1725.5743618261117,4120999
2025-03-25,1716.153076171875,1726.0701699376762,1691.9553431716658,1710.6986746006844,4857399
2025-03-26,1724.136474609375,1750.3671405587422,1711.8392534895443,1724.7314760545662,7142394
2025-03-27,1710.401123046875,1731.9212892754517,1699.0460990440622,1725.5246911253353,6222339
2025-03-28,1719.0291748046875,1731.2767622290205,1646.237677388042,1718.9300280719228,4133264
2025-04-01,1709.8558349609375,1750.3671408940534,1694.2859243021528,1700.781669480624,6773056
2025-04-02,1740.0533447265625,1745.8053078539904,1702.7154604097407,1705.7402225998721,6431226
2025-04-03,1731.524658203125,1740.4004091446,1721.0620753330531,1733.5080770555912,2341989
2025-04-04,1728.9957275390625,1756.1190768291567,1725.5743784877857,1739.954164975184,7817334
2025-04-07,1672.666748046875,1760.036325335164,1655.5597602389971,1715.657327978495,14870388
2025-04-08,1706.1368408203125,1727.8553004445048,1692.6496174698434,1706.4342809992186,7206935
2025-04-09,1701.3271484375,1712.5333922783918,1697.409823583095,1705.3931328586782,5600666
2025-04-11,1742.0367431640625,1752.3505453449245,1717.9877897262502,1745.4085794041125,8340002
2025-04-15,1783.886962890625,1804.9111542864744,1766.3336334255087,1793.2089346430635,10313411
2025-04-16,1807.489501953125,1811.3571927685562,1779.2257844639905,1787.4570207876448,6180958
2025-04-17,1873.438232421875,1881.9669091826656,1810.5638312738126,1818.79506784495,10894325
2025-04-21,1867.7855224609375,1888.5122732911605,1853.1081748053396,1882.6611635747417,3501123
2025-04-22,1836.8441162109375,1872.3473614239613,1821.5718881815376,1872.3473614239613,6155127
2025-04-23,1866.0003662109375,1870.2647650162721,1820.8775889127721,1851.521433311533,6855027
2025-04-24,1830.298828125,1862.2319431555222,1824.2494250505401,1858.959253741363,5180688
2025-04-25,1802.13427734375,1846.2653457438348,1791.0271804618708,1831.3897047100984,4570083
2025-04-28,1806.6962890625,1823.6544961138422,1798.3659056339327,1820.7785145534906,3301891
2025-04-29,1808.6796875,1832.4807135652707,1802.5310164648379,1808.5804197114385,4684155
2025-04-30,1849.042236328125,1861.3394574990027,1811.8531326208015,1821.7702269427543,9139821
2025-05-02,1832.8773193359375,1867.9838573549073,1816.9108217312728,1836.645863591673,3866806
2025-05-05,1850.52978515625,1857.9676058361385,1833.869018409988,1852.5132040042204,3548839
2025-05-06,1885.2396240234375,1896.148427739512,1866.9921463230748,1872.644962701827,8597920
2025-05-07,1881.074462890625,1901.1069446087308,1869.8680981010757,1885.239594001668,5554616
2025-05-08,1859.35595703125,1889.9998013528443,1846.9595896728601,1881.272710309228,5500724
2025-05-09,1833.07568359375,1855.5874386047467,1821.2743174936254,1839.6209414378845,3686209
2025-05-12,1855.2900390625,1867.7855535947258,1838.6292723140127,1853.4057669450206,3936019
2025-05-13,1805.506103515625,1868.0829422390414,1801.5392659286156,1854.496571926845,8817763
2025-05-14,1818.993408203125,1855.1908027985153,1805.1094760295505,1814.8282769743653,7401614
2025-05-15,1851.7197265625,1854.3974145533252,1809.8696386831102,1834.5632267321403,8788351
2025-05-16,1798.9608154296875,1818.7950030308969,1795.0931246357968,1818.7950030308969,100662047
2025-05-19,1803.2252197265625,1813.5389004642545,1794.0022740403588,1806.8944960207482,5799804
2025-05-20,1793.9031982421875,1809.770548999271,1784.581105460745,1794.7957609339292,12512596
2025-05-21,1807.390380859375,1811.3572184579689,1790.3330276087313,1797.9691415627142,6849562
2025-05-22,1816.2166748046875,1821.4726621501404,1801.241886619295,1804.812016356604,6496923
2025-05-23,1816.5140380859375,1826.5303997541675,1806.3986507488094,1809.8696336077833,3460945
2025-05-26,1832.083984375,1834.6624046238971,1815.7207791445708,1818.79505409742,3254715
2025-05-27,1828.513916015625,1842.1994336685257,1818.4975538133851,1828.7122094805422,5847725
2025-05-28,1840.7117919921875,1851.5214486571706,1829.8029885989208,1832.678970068801,3713699
2025-05-29,1848.149658203125,1851.5214944561042,1835.1582889614467,1842.5961096408364,5786774
2025-05-30,1840.8109130859375,1851.521422873486,1827.7203976196222,1838.6292008609764,16712960
2025-06-02,1838.7283935546875,1843.5877938771541,1816.3157850919893,1828.7121527216095,3199499
2025-06-03,1826.0345458984375,1854.0007022374143,1816.8116001599053,1851.5214287655804,5596977
2025-06-04,1859.851806640625,1868.9754845681452,1834.6623640255916,1839.6209109553906,5892170
2025-06-05,1863.2236328125,1873.3390200719505,1853.1081244947754,1868.3804731686369,8999675
2025-06-06,1854.6949462890625,1866.2980193721837,1851.8190857596499,1856.5792184367435,4644174
2025-06-09,1849.63720703125,1859.4551544584463,1833.373148401931,1858.463445042735,3649505
2025-06-10,1841.7034912109375,1860.050114998196,1834.959939967343,1851.1247304530432,7925901
2025-06-11,1844.77783203125,1851.0256498593915,1832.4807319540828,1842.4969729787406,8907265
2025-06-12,1828.910400390625,1867.3887729729095,1816.4148863444686,1856.3808230050638,7346031
2025-06-13,1825.1419677734375,1829.3070987475194,1799.952525301367,1799.952525301367,4613000
2025-06-16,1845.8687744140625,1854.4965978631628,1823.5553126750672,1826.827881095153,5722187
2025-06-17,1839.422607421875,1863.4219260072807,1832.2822272471274,1863.4219260072807,6561555
2025-06-18,1850.4306640625,1855.4883579832406,1827.8196404590603,1832.2823329288224,5069427
2025-06-19,1861.4385986328125,1863.4220174912384,1848.6455227843087,1856.4800514867475,4712312
2025-06-20,1920.6435546875,1932.8416287824498,1858.4634234675787,1864.4136798927684,16228526
2025-06-23,1920.2469482421875,1932.8416091240983,1911.1231491813926,1913.9991306359723,2946463
2025-06-24,1917.5693359375,1946.7256174869638,1913.1066434878355,1934.7259575561889,6837210
2025-06-25,1949.303955078125,1953.6675006109415,1921.9328000934033,1925.8996376580956,4152765
2025-06-26,1997.600341796875,2001.6663262248617,1949.9982894303303,1953.6675658769398,9413241
2025-06-27,2010.2940673828125,2022.095433259888,1991.9474437853098,1993.3358611340732,6405854
2025-06-30,1992.939208984375,2007.1207019910378,1983.6171163053416,2001.2695922519854,5597484
2025-07-01,2002.657958984375,2013.9634702002932,1990.261591655139,1992.3441571547958,3769165
2025-07-02,2016.4427490234375,2028.8391163856081,2001.5671081888327,2020.11202533933,6513288
2025-07-03,2002.558837890625,2027.9465742942143,1996.2118735251586,2024.8722993688673,5558647
2025-07-04,2000.4761962890625,2019.6162365440955,1988.4765365025921,2010.1949970414346,2178315
2025-07-07,2017.037841796875,2019.1204073963843,1993.9309635639677,2001.2696375863966,4165432
2025-07-08,2013.1700439453125,2018.1285908515817,1998.0961097735637,2009.2032064202972,3624619
2025-07-09,2002.9554443359375,2023.7813419187191,1981.931253294726,2018.128646712418,2937734
2025-07-10,1948.213134765625,2011.7816836964873,1946.0314224882566,2011.7816836964873,5695845
2025-07-11,1905.96630859375,1942.8578496282753,1898.3300736247704,1925.8996432020544,13103980
2025-07-14,1904.974609375,1911.5198671988896,1884.4461521740072,1899.1234997073275,5269381
2025-07-15,1918.164306640625,1926.8913979367326,1907.2555030496296,1908.8423349640334,4163140
2025-07-16,1920.54443359375,1927.8831074944278,1912.809172772721,1927.8831074944278,4211258
2025-07-17,1913.9000244140625,1928.7756656405695,1911.6190443360201,1927.585541707482,6256455
2025-07-18,1901.0,1916.0,1891.800048828125,1915.0999755859375,4643961
2025-07-21,1909.199951171875,1919.9000244140625,1892.5999755859375,1894.800048828125,5109654
2025-07-22,1906.800048828125,1911.300048828125,1883.0,1909.199951171875,4513541
2025-07-23,1943.800048828125,1949.0,1907.300048828125,1920.0,5194282
2025-07-24,1936.0999755859375,1970.4000244140625,1933.699951171875,1943.800048828125,4150685
2025-07-25,1937.9000244140625,1952.699951171875,1925.0,1936.0999755859375,3896884
2025-07-28,1890.300048828125,1930.0,1885.0,1930.0,3575044
2025-07-29,1918.300048828125,1923.5999755859375,1880.0,1880.0,3748040
2025-07-30,1932.5999755859375,1939.199951171875,1922.0999755859375,1934.0,5044683
2025-07-31,1914.300048828125,1926.5,1895.5999755859375,1913.0,4674966
2025-08-01,1884.4000244140625,1919.699951171875,1878.0,1914.0,5192594
2025-08-04,1914.5999755859375,1919.9000244140625,1878.5,1892.0,3074380
2025-08-05,1931.800048828125,1937.5999755859375,1912.0999755859375,1920.0,5167672
2025-08-06,1929.699951171875,1964.800048828125,1921.5999755859375,1930.0,5461349
2025-08-07,1922.5999755859375,1933.300048828125,1909.0999755859375,1928.0999755859375,4268534
2025-08-08,1858.5999755859375,1893.800048828125,1856.0,1886.300048828125,93801105
2025-08-11,1857.4000244140625,1866.0,1845.699951171875,1863.0,5266532
2025-08-12,1850.300048828125,1865.0,1847.0999755859375,1857.4000244140625,4645011
2025-08-13,1867.4000244140625,1872.5,1851.800048828125,1853.0,6697206
2025-08-14,1873.800048828125,1883.0,1866.800048828125,1873.0,3958631
2025-08-18,1892.300048828125,1912.5999755859375,1870.300048828125,1892.5,7146376
2025-08-19,1909.699951171875,1931.800048828125,1900.0,1901.0999755859375,5706265
2025-08-20,1928.4000244140625,1952.0,1926.0,1937.0,6962619
2025-08-21,1929.9000244140625,1940.9000244140625,1927.699951171875,1930.0,3376913
2025-08-22,1933.300048828125,1947.699951171875,1917.4000244140625,1934.0,3271920
2025-08-25,1930.699951171875,1940.0999755859375,1913.199951171875,1940.0,2451388
2025-08-26,1904.699951171875,1925.800048828125,1896.199951171875,1922.0999755859375,5984656
2025-08-28,1881.0999755859375,1899.800048828125,1878.199951171875,1893.0,5494113
2025-08-29,1888.800048828125,1900.0999755859375,1872.5,1872.5,4339042
2025-09-01,1900.5999755859375,1904.800048828125,1884.199951171875,1889.0,3421488
2025-09-02,1887.199951171875,1917.5,1878.0,1904.5,4423049
2025-09-03,1883.9000244140625,1892.0999755859375,1870.0,1891.0,3803044
2025-09-04,1880.4000244140625,1903.5,1876.5999755859375,1899.0,5205333
2025-09-05,1895.300048828125,1910.699951171875,1875.699951171875,1887.0,2620140
2025-09-08,1887.699951171875,1899.0,1884.0999755859375,1898.0,2547552
2025-09-09,1893.699951171875,1904.0,1883.0,1892.0,4517793
2025-09-10,1891.4000244140625,1905.0,1883.0,1904.0,3566139
2025-09-11,1913.0,1916.0,1882.0999755859375,1884.0,4718266
2025-09-12,1902.5999755859375,1925.0,1901.5999755859375,1925.0,3192824
2025-09-15,1904.5,1913.0,1898.4000244140625,1904.0,3553258
2025-09-16,1939.5,1942.0,1902.5,1903.300048828125,5427586
2025-09-17,1941.300048828125,1950.0999755859375,1932.5999755859375,1938.0999755859375,4234637
2025-09-18,1941.0999755859375,1949.800048828125,1920.5,1944.5,5080814
2025-09-19,1962.4000244140625,1976.800048828125,1927.800048828125,1930.199951171875,11287603
2025-09-22,1956.199951171875,1966.0,1944.0,1954.0,4469137
2025-09-23,1938.699951171875,1955.0,1930.0999755859375,1950.0,4348633
2025-09-24,1931.0999755859375,1937.300048828125,1918.800048828125,1926.0,5237977
2025-09-25,1935.5999755859375,1950.0,1928.800048828125,1930.0,7133365
2025-09-26,1916.5999755859375,1944.699951171875,1911.9000244140625,1931.0999755859375,3239306
2025-09-29,1902.199951171875,1928.0,1897.5,1928.0,5072608
2025-09-30,1878.4000244140625,1907.5999755859375,1875.199951171875,1896.0,5945625
2025-10-01,1867.5999755859375,1877.0,1855.9000244140625,1868.0,5675393
2025-10-03,1896.699951171875,1900.300048828125,1848.0999755859375,1851.199951171875,5828332
2025-10-06,1903.0999755859375,1907.0,1887.5,1892.5999755859375,2809218
2025-10-07,1929.0,1946.0,1900.0,1900.0,5713060
2025-10-08,1943.5,1962.5999755859375,1927.5999755859375,1929.0,4957406
2025-10-09,1942.0,1948.800048828125,1931.300048828125,1945.0,3945737
2025-10-10,1939.9000244140625,1947.5999755859375,1935.4000244140625,1937.0,2512581
2025-10-13,1954.9000244140625,1965.9000244140625,1936.0,1937.9000244140625,3672419
2025-10-14,1946.5999755859375,1964.0,1939.199951171875,1964.0,4454239
2025-10-15,1968.5,1976.0,1951.5999755859375,1957.199951171875,3447352
2025-10-16,1967.4000244140625,1986.9000244140625,1962.0,1962.300048828125,3700674
2025-10-17,2012.0,2034.300048828125,1970.300048828125,1973.5999755859375,6743801
2025-10-20,2051.5,2057.0,2019.699951171875,2026.0,7387180
2025-10-21,2043.5,2058.5,2038.5,2051.800048828125,240850
2025-10-23,2007.9000244140625,2067.0,2003.5999755859375,2063.89990234375,8790128
2025-10-24,2029.300048828125,2033.0,2006.9000244140625,2008.0,3236799
2025-10-27,2080.10009765625,2094.0,2030.0,2030.0,5796831
2025-10-28,2090.199951171875,2102.60009765625,2071.699951171875,2092.0,9891522
2025-10-29,2100.60009765625,2110.39990234375,2081.60009765625,2083.0,2742750
2025-10-30,2066.300048828125,2088.0,2058.60009765625,2070.0,4222189
2025-10-31,2054.5,2073.800048828125,2051.699951171875,2056.0,4659723
2025-11-03,2074.0,2081.0,2047.199951171875,2055.0,2979629
2025-11-04,2113.300048828125,2135.60009765625,2103.5,2107.0,12263078
2025-11-06,2094.89990234375,2123.300048828125,2080.5,2115.0,9546299
2025-11-07,2001.199951171875,2048.0,1995.5999755859375,2048.0,70392750
2025-11-10,2019.800048828125,2028.800048828125,1992.199951171875,1995.0,7457061
2025-11-11,2042.300048828125,2056.89990234375,2017.4000244140625,2020.0999755859375,14825625
2025-11-12,2073.800048828125,2079.800048828125,2054.89990234375,2060.0,8210277
2025-11-13,2091.800048828125,2107.0,2079.0,2099.89990234375,5958875
2025-11-14,2100.699951171875,2107.89990234375,2081.89990234375,2090.0,6312655
2025-11-17,2112.199951171875,2122.0,2100.89990234375,2112.0,5998770
2025-11-18,2149.199951171875,2159.0,2110.300048828125,2122.0,10972556
2025-11-19,2159.800048828125,2166.199951171875,2146.699951171875,2155.0,7419461
2025-11-20,2158.300048828125,2169.300048828125,2149.89990234375,2153.10009765625,7452899
2025-11-21,2162.699951171875,2174.5,2148.60009765625,2150.10009765625,6720938
2025-11-24,2152.10009765625,2165.800048828125,2140.39990234375,2162.10009765625,9686848
2025-11-25,2161.60009765625,2170.699951171875,2138.699951171875,2159.0,7102592
2025-11-26,2126.800048828125,2134.89990234375,2097.5,2104.0,43174047
2025-11-27,2115.60009765625,2136.89990234375,2103.800048828125,2132.0,4444877
2025-11-28,2101.60009765625,2129.5,2096.39990234375,2118.0,6263457
2025-12-01,2089.699951171875,2119.0,2083.10009765625,2114.699951171875,5058900
2025-12-02,2104.0,2114.800048828125,2087.10009765625,2089.800048828125,6591396
2025-12-03,2086.0,2109.89990234375,2081.60009765625,2100.10009765625,4357641
2025-12-04,2103.800048828125,2108.5,2074.10009765625,2094.800048828125,4611819
2025-12-05,2108.800048828125,2111.89990234375,2090.0,2092.60009765625,2938290
2025-12-08,2086.199951171875,2114.39990234375,2078.89990234375,2114.39990234375,4327091
2025-12-09,2089.699951171875,2100.39990234375,2080.39990234375,2086.800048828125,5139229
2025-12-10,2067.0,2096.89990234375,2062.199951171875,2072.0,3987451
2025-12-11,2053.199951171875,2069.199951171875,2038.0,2066.0,3254850
2025-12-12,2083.39990234375,2087.10009765625,2050.60009765625,2053.10009765625,2706420
2025-12-15,2069.699951171875,2078.89990234375,2061.5,2070.10009765625,3233614
2025-12-16,2102.0,2106.60009765625,2070.10009765625,2070.10009765625,5756692
2025-12-17,2108.0,2128.0,2096.39990234375,2117.60009765625,6412516
2025-12-18,2092.0,2116.60009765625,2088.10009765625,2099.0,3760341
2025-12-19,2097.699951171875,2115.0,2082.0,2113.89990234375,10127415
2025-12-22,2147.60009765625,2151.699951171875,2101.699951171875,2118.0,7670853
2025-12-23,2122.89990234375,2164.0,2119.199951171875,2157.0,4110853
2025-12-24,2123.699951171875,2137.199951171875,2111.0,2111.0,3145464
2025-12-26,2105.39990234375,2123.0,2101.800048828125,2123.0,1297870
2025-12-29,2081.60009765625,2112.699951171875,2079.39990234375,2105.39990234375,2371034
2025-12-30,2099.800048828125,2102.800048828125,2071.60009765625,2077.0,6983390
2025-12-31,2105.60009765625,2121.0,2090.10009765625,2096.0,2991434
2026-01-01,2110.39990234375,2123.89990234375,2107.0,2114.800048828125,2097756
2026-01-02,2106.300048828125,2125.0,2098.0,2108.0,2927138
2026-01-05,2105.0,2112.10009765625,2096.5,2102.10009765625,2642580
2026-01-06,2105.300048828125,2121.800048828125,2087.5,2106.800048828125,9119265
2026-01-07,2084.199951171875,2103.800048828125,2077.0,2095.60009765625,4171371
2026-01-08,2066.300048828125,2092.0,2055.0,2088.0,5534929
2026-01-09,2027.0999755859375,2084.0,2023.199951171875,2070.199951171875,4165409
2026-01-12,2044.0,2048.800048828125,2001.300048828125,2023.5,4689135
2026-01-13,2026.9000244140625,2049.89990234375,2014.9000244140625,2047.0,7388496
2026-01-14,2022.5,2034.0,2008.699951171875,2015.0999755859375,4842964
2026-01-15,2022.5,2022.5,2022.5,2022.5,0
2026-01-16,2016.4000244140625,2029.699951171875,1988.699951171875,2020.0,7310676
2026-01-19,2010.0,2023.0,1996.300048828125,2023.0,4272071
2026-01-20,1996.0,2018.0,1977.0999755859375,2018.0,6076838
2026-01-21,1996.0999755859375,2007.0999755859375,1967.0,1977.0,7952295
2026-01-22,2002.199951171875,2018.9000244140625,1990.0,2008.800048828125,6722567
2026-01-23,1984.699951171875,2011.699951171875,1980.0999755859375,2009.0,4340925
2026-01-27,1973.4000244140625,2003.800048828125,1962.699951171875,1972.0999755859375,10510891
2026-01-28,1957.699951171875,1995.0,1939.0,1995.0,9426909
2026-01-29,1967.9000244140625,1970.5,1939.0,1964.0,6065044
2026-01-30,1968.699951171875,1974.0,1925.5999755859375,1925.5999755859375,7683747
2026-02-02,1965.4000244140625,1969.800048828125,1926.5,1936.0999755859375,5326225
2026-02-03,1997.300048828125,2050.0,1980.0999755859375,2050.0,6915795
2026-02-04,2025.800048828125,2034.5999755859375,1998.4000244140625,2008.0,7464725
2026-02-05,1992.4000244140625,2022.9000244140625,1985.0,2012.0,7708690
2026-02-06,2038.4000244140625,2049.699951171875,1988.5,1994.0,13870403
2026-02-09,2038.199951171875,2055.199951171875,2028.699951171875,2051.199951171875,7570161
2026-02-10,2011.300048828125,2057.0,2008.4000244140625,2052.0,9077763
2026-02-11,2012.0999755859375,2021.0,1996.699951171875,2012.9000244140625,7423601
2026-02-12,2014.5,2027.0,2009.0999755859375,2019.199951171875,7437690
2026-02-13,2004.699951171875,2024.199951171875,1992.0,2013.9000244140625,4808543
2026-02-16,2029.4000244140625,2032.199951171875,1995.0,2010.0,3455964
2026-02-17,2020.300048828125,2038.5,2014.199951171875,2028.0,4471158
2026-02-18,2021.800048828125,2028.5999755859375,2015.0,2020.0999755859375,2182669
2026-02-19,1988.5999755859375,2032.0,1974.800048828125,2032.0,4712417
2026-02-20,1977.4000244140625,1993.699951171875,1971.0,1981.0999755859375,5180301
2026-02-23,1997.300048828125,2000.5,1983.9000244140625,1994.0,3728878
2026-02-24,1941.0,1997.300048828125,1921.800048828125,1997.300048828125,10006761
2026-02-25,1913.4000244140625,1961.800048828125,1904.0,1955.0,8285195
2026-02-26,1929.5999755859375,1935.0,1904.5,1914.0,10795028
2026-02-27,1879.300048828125,1915.0,1870.0999755859375,1910.0,13754648
2026-03-02,1873.199951171875,1895.9000244140625,1847.9000244140625,1850.0999755859375,11785758
2026-03-04,1905.9000244140625,1920.0,1815.300048828125,1861.0999755859375,20565585
2026-03-05,1907.0,1929.0999755859375,1897.199951171875,1919.0,11398717
2026-03-06,1870.800048828125,1902.0999755859375,1867.0999755859375,1900.0,10896859
2026-03-09,1866.699951171875,1872.4000244140625,1818.0999755859375,1831.0,8073518
2026-03-10,1850.4000244140625,1881.0,1846.5,1880.800048828125,11741600
2026-03-11,1807.0,1847.699951171875,1799.5,1841.0,9548404
2026-03-12,1801.300048828125,1817.800048828125,1791.0,1797.9000244140625,12922735
2026-03-13,1803.4000244140625,1816.0,1776.5999755859375,1781.0999755859375,8970772
2026-03-16,1788.800048828125,1804.9000244140625,1770.9000244140625,1798.0,14261268
2026-03-17,1827.0,1834.5,1791.0999755859375,1797.0,7181491
2026-03-18,1855.4000244140625,1869.0,1826.800048828125,1826.800048828125,6428092
2026-03-19,1827.0,1861.300048828125,1816.300048828125,1826.5999755859375,7145082
2026-03-20,1846.0999755859375,1860.9000244140625,1834.0,1834.0,7691633
2026-03-23,1795.9000244140625,1830.0,1792.0,1827.0,6874051
2026-03-24,1802.0999755859375,1826.800048828125,1781.0,1816.300048828125,7535860
2026-03-25,1834.9000244140625,1849.199951171875,1810.0999755859375,1814.0,12473682
2026-03-27,1843.9000244140625,1856.9000244140625,1818.4000244140625,1839.9000244140625,24490425
2026-03-30,1782.4000244140625,1824.5,1774.5,1818.0,14240129
2026-04-01,1781.9000244140625,1817.300048828125,1776.5,1811.0,10694662
2026-04-02,1789.699951171875,1799.4000244140625,1746.9000244140625,1765.0,10857093
2026-04-06,1792.800048828125,1814.300048828125,1763.4000244140625,1812.0999755859375,8183498
2026-04-07,1830.300048828125,1840.0,1772.0,1788.0999755859375,10057628
2026-04-08,1861.5999755859375,1871.5,1840.199951171875,1864.0,11587604
2026-04-09,1859.4000244140625,1869.9000244140625,1846.0999755859375,1869.9000244140625,10113053
2026-04-10,1870.0,1874.5999755859375,1859.9000244140625,1868.0,5857988
2026-04-13,1870.9000244140625,1893.699951171875,1838.0,1838.0,10371983
2026-04-15,1855.699951171875,1890.9000244140625,1853.5999755859375,1880.5,11049107
2026-04-16,1840.5999755859375,1864.9000244140625,1823.199951171875,1863.5,15871247
2026-04-17,1846.9000244140625,1851.4000244140625,1829.699951171875,1837.0999755859375,7344787
2026-04-20,1846.0999755859375,1865.0,1839.199951171875,1865.0,9243641
2026-04-21,1855.0,1868.9000244140625,1830.0,1830.0,10485373
2026-04-22,1829.0,1857.9000244140625,1825.300048828125,1850.199951171875,5687058
2026-04-23,1841.199951171875,1846.0,1812.0999755859375,1821.800048828125,7489947
2026-04-24,1814.5,1850.699951171875,1807.300048828125,1845.0,6306448
2026-04-27,1820.0999755859375,1828.4000244140625,1814.0,1816.0999755859375,4413416
