Price,Close,High,Low,Open,Volume
Ticker,BRITANNIA.NS,BRITANNIA.NS,BRITANNIA.NS,BRITANNIA.NS,BRITANNIA.NS
Date,,,,,
2010-01-04,135.6163787841797,137.7661849661029,135.00679389494914,135.65295238928917,18690
2010-01-05,135.819580078125,137.7011675082476,134.9214617720321,135.73424166222506,22810
2010-01-06,134.58419799804688,136.9534465270625,133.70232613472868,136.9534465270625,21500
2010-01-07,134.0314483642578,135.32783310296253,133.2958836569721,134.5841450626255,821990
2010-01-08,134.32815551757812,135.7220702560836,133.37720439559308,133.37720439559308,145140
2010-01-11,134.29563903808594,135.97809963003488,134.1087031063268,135.97809963003488,1115070
2010-01-12,135.44166564941406,137.76621706469942,133.7226313965275,136.14065698134013,534950
2010-01-13,134.9499053955078,136.38446133493434,134.31999357042275,136.38446133493434,10840
2010-01-14,136.56735229492188,137.5223712596354,134.9499280588063,136.05936480326983,36870
2010-01-15,137.66053771972656,137.84748603980808,135.8968066965241,135.91713363672667,22940
2010-01-18,136.81117248535156,139.3104681663564,136.14063155659957,138.09129833152116,31790
2010-01-19,137.36793518066406,138.4773842795375,136.57141430051888,137.68491886576535,28070
2010-01-20,135.1002960205078,138.90004509733907,134.82395378998453,138.1563444333251,11010
2010-01-21,133.9095916748047,135.726155726003,133.49506587928434,134.92149894826377,22210
2010-01-22,133.43408203125,134.1086908735859,130.69501758630219,131.34524402246043,18500
2010-01-25,132.6985321044922,134.88084451720474,132.07675587292582,134.88084451720474,13250
2010-01-27,127.89501953125,134.4988583791166,125.98092571314756,133.29594720616902,29810
2010-01-28,129.68309020996094,131.26395305891134,128.01283347850486,130.0447832162589,101900
2010-01-29,127.32196807861328,129.15072287809437,125.58261956541052,129.15072287809437,33120
2010-02-01,129.70343017578125,130.45118626613382,126.47262480744021,127.28134931767856,10330
2010-02-02,130.0325927734375,130.84130480513548,129.3132870268044,130.04885184400484,12330
2010-02-03,129.97573852539062,131.215235755397,127.20009963560773,129.23205010901998,21660
2010-02-04,129.7115936279297,131.178668388734,129.31333925346163,130.04483649794577,6310
2010-02-05,129.84158325195312,131.18266506651082,125.57448896667768,129.3214046351629,23760
2010-02-08,130.64218139648438,132.7269638829383,129.63839769567463,131.50779399865294,37340
2010-02-09,130.77223205566406,132.8895203290083,130.0447905360326,132.8895203290083,10100
2010-02-10,132.18646240234375,132.75947375403274,130.12607465933687,130.62999425853664,22230
2010-02-11,132.50750732421875,134.49881561713607,131.26395505793812,131.26395505793812,52810
2010-02-15,134.10055541992188,135.49040205459454,131.78412782608532,131.78819569409322,24750
2010-02-16,132.483154296875,133.51944394789044,132.15804722260663,132.88954434073045,16400
2010-02-17,132.596923828125,133.70230508355996,132.23929865694925,132.24336652545202,18400
2010-02-18,132.97483825683594,145.08119708260116,131.75973640118212,134.10866957215234,12690
2010-02-19,132.65382385253906,134.10869453637022,132.0767446191525,133.70230455292668,25950
2010-02-22,132.48719787597656,133.6982320473312,131.75568848992657,133.6982320473312,5810
2010-02-23,132.40185546875,133.11710582891868,131.6703584382418,131.68254964201566,18380
2010-02-24,133.2959442138672,133.9380350736092,130.207377172406,131.67445178796743,125160
2010-02-25,133.779541015625,135.7342761561294,130.4755879380371,134.10871596264283,31950
2010-02-26,136.01466369628906,136.29914164372738,134.027410736758,134.92959699041563,64360
2010-03-02,137.42892456054688,138.17261287293607,135.51076308575864,138.17261287293607,123080
2010-03-03,141.64312744140625,143.04923290592322,136.38444158048597,136.38444158048597,54550
2010-03-04,141.91139221191406,142.3218376763618,139.96478064961602,142.2121168416747,55360
2010-03-05,143.65072631835938,144.1871516355031,141.91137780025755,142.64287476129545,143710
2010-03-08,133.30404663085938,138.0872649864166,130.86165110386378,137.98566748390488,191150
2010-03-09,130.85353088378906,135.32788939365562,128.01286834534991,134.92149933541643,88590
2010-03-10,129.739990234375,132.48312236932261,129.31328575197568,131.6703424774863,57860
2010-03-11,128.16317749023438,131.25581099894137,127.20410330381958,130.6949909670053,49360
2010-03-12,128.13478088378906,130.04481912551117,126.55799786960618,130.04481912551117,45280
2010-03-15,129.17510986328125,129.5571174271025,128.02909957385518,129.13041291957592,38060
2010-03-16,130.10169982910156,130.45118927417852,128.50052224584732,128.50864558106824,34540
2010-03-17,129.66278076171875,130.8575682465678,129.32953801516086,130.04478831957047,17930
2010-03-18,128.92315673828125,130.61374058858877,128.8256271091222,129.24827617220865,21730
2010-03-19,128.5696258544922,130.0041823210525,126.79370321367841,130.0041823210525,25160
2010-03-22,128.43955993652344,128.9069183777938,126.8749682924064,127.6145886979377,22870
2010-03-23,127.85435485839844,129.2320229427479,126.90340372498892,128.0331674546333,21960
2010-03-25,129.68309020996094,130.36989021348478,127.61051139908139,127.61456686517177,48310
2010-03-26,128.63868713378906,130.03666965054484,128.41923307305564,129.31329598564523,10030
2010-03-29,127.48454284667969,129.51649276516653,127.20006489727629,128.5005178059231,214220
2010-03-30,127.92346954345703,130.044826268036,127.60648577551034,127.60648577551034,22000
2010-03-31,129.96759033203125,130.4511954443776,128.22824155552112,129.0694718671191,291500
2010-04-01,130.0447998046875,131.49154721035157,128.9069127672119,130.45118980407713,169390
2010-04-05,130.15048217773438,131.5078234647919,129.64655007926473,130.77631392909348,20550
2010-04-06,131.6053466796875,131.9142070731414,128.82564034472122,129.3133133446969,117620
2010-04-07,134.36471557617188,135.57169426348764,131.5890651811555,132.40184510791258,71600
2010-04-08,134.0436553955078,141.09859115423805,131.67033965054486,131.67033965054486,201200
2010-04-09,134.71014404296875,137.3598020316266,134.18996540709614,135.7139277077429,31000
2010-04-12,134.17779541015625,136.46576075473828,133.57226586028327,136.46576075473828,15510
2010-04-13,134.34034729003906,137.76621206489813,133.70231200398666,136.0593690784998,128680
2010-04-15,134.11276245117188,136.30319801362924,134.10869458268385,136.30319801362924,88960
2010-04-16,134.64108276367188,135.65298999163872,132.97082565717048,133.295932727397,13410
2010-04-19,132.9829864501953,135.24656902311628,132.50343688852635,135.24656902311628,6950
2010-04-20,133.43817138671875,134.06807098446774,132.50346685859216,132.50346685859216,8000
2010-04-21,134.29563903808594,135.15718387371552,132.0848763947155,134.0924440333794,118800
2010-04-22,134.59230041503906,135.64891685872902,134.2712488536249,135.64891685872902,6310
2010-04-23,135.34817504882812,138.17259031160094,133.29997852191156,133.29997852191156,27520
2010-04-26,135.26284790039062,136.54297393691053,134.68578103790142,136.09188698392413,9640
2010-04-27,133.37315368652344,135.40510396980994,133.00333724672046,135.22222348349806,13280
2010-04-28,133.4462890625,134.92148682140976,132.16616297818663,133.70231675977053,13400
2010-04-29,132.67819213867188,134.91739227574573,132.48312050264641,133.29590038303076,13910
2010-04-30,134.5028839111328,134.84018211690827,132.8935831617991,134.84018211690827,219580
2010-05-03,134.11276245117188,136.1406445006033,133.1333611024901,133.21463165798406,10730
2010-05-04,134.10867309570312,134.88081146039238,134.10867309570312,134.88081146039238,11770
2010-05-05,134.10867309570312,134.43378006966614,130.8575537479285,130.8575537479285,28490
2010-05-06,134.54351806640625,134.91333439360258,132.7594603079352,134.83205144620513,12650
2010-05-07,132.79603576660156,134.4337867230166,132.0767300400398,132.0767300400398,9600
2010-05-10,134.11680603027344,134.9214625911831,133.7022927484917,133.7022927484917,64260
2010-05-11,134.11680603027344,134.9214625911831,132.72695935474593,133.458456299546,14020
2010-05-12,134.16151428222656,135.32785143792117,134.10868160514713,134.10868160514713,14670
2010-05-13,134.16151428222656,135.24251302219733,133.3771846662974,134.92146149366314,24110
2010-05-14,134.1737060546875,134.758908569069,134.10868217508545,134.758908569069,11650
2010-05-17,134.5679473876953,134.90524569271804,131.87764707814844,134.10872461906712,28100
2010-05-18,136.79490661621094,137.7661844893344,134.43378214559203,134.67356311498486,57910
2010-05-19,135.98216247558594,136.54705057230152,134.2224990962391,134.5151004149756,29410
2010-05-20,136.18533325195312,136.94529289324248,134.9214664320286,135.32785639116122,19800
2010-05-21,136.00650024414062,136.1406034413818,133.7022642752675,135.73421358036276,44350
2010-05-24,136.16098022460938,137.19321441609114,134.4663406745325,134.4663406745325,10220
2010-05-25,135.888671875,136.26254367948377,135.32785176623744,135.33597510040903,70220
2010-05-26,135.6163787841797,137.76211709818975,134.92145548302705,135.12465044610389,77170
2010-05-27,135.9090118408203,137.35982719328615,135.3360004225681,137.35982719328615,67230
2010-05-28,138.24168395996094,139.71686915904698,135.75456688252385,136.16502472802605,70670
2010-05-31,138.89598083496094,140.20455719822596,135.2465939828643,135.81960540052785,25340
2010-06-01,136.62017822265625,138.8837733500146,134.92147111106027,135.32786108428635,13170
2010-06-02,137.39234924316406,138.57089036637666,136.54706335548042,136.95345342499078,10480
2010-06-03,139.31454467773438,140.20453970454363,137.392315654153,137.392315654153,23030
2010-06-04,139.5055389404297,140.12324718818624,137.81088742361084,139.79814019505898,16090
2010-06-07,138.38796997070312,139.3064152316198,136.2097257791945,138.17258379204995,22900
2010-06-08,137.76622009277344,138.57900015231783,137.0428463358605,137.0428463358605,8820
2010-06-09,140.13140869140625,141.42372596946544,137.76621581508272,137.76621581508272,24280
2010-06-10,140.34677124023438,142.07392852191748,139.79814232917468,139.79814232917468,21720
2010-06-11,142.7404327392578,143.3744002053122,140.2167540800782,141.01734294967815,19660
2010-06-14,143.73199462890625,144.26843233972878,140.61092278745397,140.61092278745397,10760
2010-06-15,144.63418579101562,145.48760719631773,142.23648748243352,142.23648748243352,16130
2010-06-16,147.38951110839844,148.32827094544047,144.26843912025765,144.75611204429612,38520
2010-06-17,147.62930297851562,150.23020911408403,146.4629655669047,147.1131921007968,26300
2010-06-18,150.4780731201172,151.17706434380983,148.33233463841557,148.33233463841557,57870
2010-06-21,151.2501983642578,151.98576313174547,149.79532789875094,150.36427130978615,35620
2010-06-22,150.55125427246094,151.82732498093173,148.4136510453751,151.82732498093173,12140
2010-06-23,150.6446990966797,151.4981205147966,149.98228146070306,150.7706789953214,5990
2010-06-24,151.93699645996094,154.91177363232563,150.36833733150632,151.4574593338357,24110
2010-06-25,151.13235473632812,153.50567040341136,150.3683396951503,150.3683396951503,18360
2010-06-28,150.40089416503906,151.908597798506,149.98638077312694,150.7747784730298,23390
2010-06-29,151.03077697753906,154.42819123165734,149.55963484335726,150.7788047741335,33420
2010-06-30,150.91293334960938,151.89233476620944,149.55152432978642,149.55152432978642,16080
2010-07-01,151.5712890625,153.20904037734869,148.90943934301964,153.12775741102772,226200
2010-07-02,151.2177276611328,152.8026462455055,150.60814263621722,151.25836914320166,6560
2010-07-05,151.2014617919922,152.21743678785413,150.97388438508221,151.59159271783238,3490
2010-07-06,151.63629150390625,162.06831508959255,150.44557186818943,162.06831508959255,13240
2010-07-07,156.26104736328125,159.22362199821052,151.17710369769765,151.50221078784423,68620
2010-07-08,154.63951110839844,159.304872555103,154.10308575901686,159.304872555103,70030
2010-07-09,154.44851684570312,157.6793223547671,153.70482859149394,153.70482859149394,46870
2010-07-12,156.02125549316406,158.62620450001097,155.0052804851138,158.62620450001097,21780
2010-07-13,157.13067626953125,158.41080216895645,155.32224838051388,155.32224838051388,21390
2010-07-14,158.48802185058594,161.74320950808158,157.354202753602,158.00441678979323,33020
2010-07-15,157.87843322753906,160.52403586320233,157.02907969058333,160.11764589899167,11540
2010-07-16,158.15074157714844,159.95511425703572,156.4682809423728,157.6793276659848,19270
2010-07-19,157.2200927734375,158.32954190611835,156.89498574364558,157.6793154444963,8290
2010-07-20,151.12017822265625,158.2482622374758,150.03919174520829,158.06944964676146,43080
2010-07-21,153.26589965820312,160.11762772407852,152.8838921430437,157.67928821559002,30010
2010-07-22,157.46798706054688,159.62997223448673,149.55150613001788,152.80262582849653,162310
2010-07-23,161.29681396484375,163.85760416057303,157.27036379230879,157.27036379230879,295990
2010-07-26,158.4107666015625,162.20666415891338,157.6820576987428,161.387380203413,14170
2010-07-27,158.0361328125,159.90526588381516,154.89896143146237,154.89896143146237,9400
2010-07-28,157.11802673339844,159.65411563541844,156.5292951751161,158.09375964594716,16990
2010-07-29,155.25303649902344,158.91718673738933,154.8825067111734,157.2703765121314,11940
2010-07-30,162.07496643066406,163.0342279507269,155.2118786298587,155.2118786298587,119180
2010-08-02,172.06283569335938,176.80153584371703,163.8781873702414,166.83010004450716,710190
2010-08-03,174.54539489746094,176.6203790928816,171.26824639309731,172.9150564545694,431500
2010-08-04,178.84768676757812,179.9139947482031,173.65611164433938,175.3029216649179,340040
2010-08-05,189.21437072753906,195.69045626906845,179.50230922031403,180.1610358036802,1220100
2010-08-06,187.9833984375,192.26510270875917,184.85033530538948,191.0299949825787,441510
2010-08-09,177.07325744628906,193.25316155544058,175.38527459114712,188.55975531160888,957970
2010-08-10,168.7733612060547,176.20870899642475,149.90914546585068,169.20976494750133,360270
2010-08-11,171.30943298339844,175.7146427148709,167.97876087296103,167.97876087296103,265670
2010-08-12,172.89450073242188,175.79699884935036,168.3863525278321,169.2179997672017,182070
2010-08-13,173.19500732421875,175.79697017927373,171.44116319111987,175.71462465235342,609890
2010-08-16,168.91329956054688,173.24440529547672,164.92802241456613,172.7503698387622,112090
2010-08-17,166.2825164794922,172.49921371919527,165.3397143061317,172.49921371919527,59080
2010-08-18,165.06802368164062,170.85656060944427,163.94819222760972,168.79804783101721,112780
2010-08-19,165.0309295654297,168.69507885693343,164.45865712923577,166.41013528551213,56430
2010-08-20,168.2999267578125,169.12744052566387,163.36360353024364,163.36360353024364,103310
2010-08-23,167.6946563720703,172.1739813434494,166.65715808633672,166.65715808633672,156950
2010-08-24,167.0771484375,170.856575206179,166.65720375375832,167.97465707017116,112690
2010-08-25,165.67735290527344,169.5350039562934,164.68102716270633,167.96641817770183,64360
2010-08-26,166.51719665527344,168.63335362532547,165.09270946315817,168.63335362532547,39870
2010-08-27,165.1421356201172,167.80585179497285,164.68103074429962,167.80585179497285,39070
2010-08-30,166.49249267578125,168.79802924661652,164.84568263435082,166.16313569316057,117360
2010-08-31,168.7774658203125,170.39545383045987,165.0927229629303,165.9161280649898,119020
2010-09-01,169.2838134765625,170.85651987977033,168.00342486440582,169.95076944751403,73280
2010-09-02,169.06565856933594,170.6095432133348,167.97464926707647,169.6214595540086,30330
2010-09-03,169.34971618652344,170.85654894516117,168.64159990068555,168.64159990068555,38810
2010-09-06,171.41647338867188,172.66805270026668,169.62145624176702,170.27606181034002,68510
2010-09-07,174.82948303222656,177.4520387949368,172.09166362377218,172.09166362377218,179840
2010-09-08,198.7493896484375,205.43955553510165,175.03532220810607,177.1350075530611,1064572
2010-09-09,198.68765258789062,220.21970343124963,196.8555712198418,201.77542170426636,2624460
2010-09-13,194.42654418945312,203.64867950582857,185.9248883909846,195.55872628902114,557102
2010-09-14,184.4633026123047,195.47634463733695,183.20761499586357,194.73528515290667,490184
2010-09-15,183.51641845703125,187.32466718552826,181.1903014762418,185.26615435931367,468788
2010-09-16,178.4524688720703,186.43949554050462,177.5467182691475,185.06028953503028,279096
2010-09-17,176.3115997314453,180.30511910012302,174.9735665752814,179.0905916711704,399560
2010-09-20,179.48171997070312,183.61932530218317,176.62038240949906,177.75256434802148,456820
2010-09-21,178.946533203125,183.61936024230388,177.89669659511915,181.046218983303,399604
2010-09-22,178.69947814941406,182.79592334923487,177.46437055921652,178.72007081441583,264442
2010-09-23,176.2498779296875,180.2845582090555,175.79700257649336,180.2845582090555,138560
2010-09-24,176.4968719482422,178.67889023652512,175.40585023993717,177.0320801882622,721184
2010-09-27,176.4968719482422,179.04941998455155,175.79697265206502,179.04941998455155,139462
2010-09-28,178.86415100097656,182.38420224896527,174.9735574623256,174.9735574623256,575712
2010-09-29,177.23794555664062,181.12853963111078,176.62039173937012,178.86417563445218,224070
2010-09-30,180.30516052246094,181.14914583534542,175.7970119811193,177.44382239780427,200504
2010-10-01,179.76992797851562,182.7753643331992,179.0906212383756,179.1523741121764,150832
2010-10-04,177.8760528564453,181.04616700302753,177.4437702747126,179.91398517412856,106300
2010-10-05,178.1024932861328,180.9432378522087,177.05264443586483,177.6496180505758,129972
2010-10-06,179.11119079589844,180.32571835385633,178.30837835542468,179.5023132472177,107528
2010-10-07,181.60198974609375,186.4600746078742,179.13177454908725,179.5023043158054,589042
2010-10-08,181.56080627441406,183.49581309030563,180.9638326113385,181.76665752869346,182360
2010-10-11,183.26937866210938,183.61932832533802,180.73741061619594,181.5608156759508,115846
2010-10-12,183.59877014160156,184.23690411342315,181.19030754147565,183.2076476658621,93946
2010-10-13,180.09927368164062,183.6193252270314,179.3376215013863,183.20762270410083,70706
2010-10-14,179.27586364746094,182.34303981945166,179.09059249163175,181.39612906872455,51818
2010-10-15,176.84677124023438,181.54018892613703,175.40581275593536,179.29640568920706,75724
2010-10-18,174.5207061767578,177.77315376689205,173.07974727037998,177.44379675681435,44560
2010-10-19,174.7059783935547,176.9909225045402,173.01799543742976,175.05592807146036,40314
2010-10-20,175.42645263671875,176.78506597624624,174.58245490166078,174.58245490166078,111524
2010-10-21,177.2173614501953,178.59655489293328,174.97357760581966,176.49688201299486,60940
2010-10-22,175.3029327392578,177.8143206921236,174.9735757400011,177.03208839576584,38170
2010-10-25,174.99415588378906,176.6203859079075,173.9854922207156,175.38527831414592,60660
2010-10-26,172.68861389160156,176.16749238223048,172.2974915017151,175.17940892229333,61560
2010-10-27,171.22705078125,174.85003997155755,170.8565210796927,174.52067046471396,52642
2010-10-28,173.3885040283203,174.91180829226707,170.85653618563092,170.85653618563092,48678
2010-10-29,170.30075073242188,174.87065137416158,169.2509142960414,172.13283203499168,43070
2010-11-01,170.0949249267578,172.87391744815983,168.4687072119926,170.4448746459898,39684
2010-11-02,170.2801513671875,171.63876455046668,167.97461492402516,171.63876455046668,54082
2010-11-03,171.16534423828125,172.09167502489854,170.4448647375789,170.58896315055247,30640
2010-11-04,170.3419189453125,172.00930913832613,168.7980344835725,170.89771986437168,44012
2010-11-08,172.40042114257812,173.73845426189368,170.85653677413714,172.9150492653918,434200
2010-11-09,181.293212890625,184.44273475474256,172.40043566640279,172.91506383257115,389802
2010-11-10,180.59332275390625,186.0895543612587,179.7493375440842,181.82843041559602,250576
2010-11-11,177.71139526367188,183.08412083989396,169.7449487638696,176.00283227025545,347066
2010-11-12,174.5207061767578,179.85225915602166,173.75905395626805,178.67890439085252,130578
2010-11-15,170.42425537109375,175.79696798525896,168.8391982288858,174.9735629829861,79656
2010-11-16,168.9833221435547,174.04725864682038,168.01581860690138,172.0916714710134,66366
2010-11-18,168.83920288085938,185.26613061597658,167.23356559502028,170.8565426791784,88276
2010-11-19,167.21299743652344,170.40369237585008,164.00172239422216,169.00390614110762,147368
2010-11-22,166.90420532226562,169.2097420331166,165.93670185133587,168.79803949775624,26838
2010-11-23,164.0634765625,168.79805618726473,163.44592269840024,168.79805618726473,73462
2010-11-24,163.96051025390625,166.94535319010416,162.62247721354166,166.94535319010416,34074
2010-11-25,161.799072265625,165.50439453125,160.6051376039783,163.96051025390625,38822
2010-11-26,161.63442993164062,164.26932384132508,160.99628341581302,161.79910844521493,61532
2010-11-29,165.8543701171875,168.75686798741526,162.62250267772143,164.22814006474454,86514
2010-11-30,165.68968200683594,169.12738795200835,160.9962632896202,165.5044108496224,69792
2010-12-01,168.92153930664062,170.3830907943948,163.85760332502522,165.91611592961098,73118
2010-12-02,169.8067169189453,170.81538059911207,168.81862077585998,170.44485082753724,30874
2010-12-03,164.2281494140625,170.8565631728795,160.5639991263205,170.0331580491548,59728
2010-12-06,166.5542755126953,167.56295187025876,163.44592602578066,166.73954670136314,55922
2010-12-07,164.8662567138672,167.089447506357,163.89875341075566,167.00710198790247,24788
2010-12-08,169.271484375,170.03313653088873,163.85759888448843,164.72217666781717,66818
2010-12-09,164.7015838623047,171.12414552187488,163.85759874368728,167.56292132834352,252040
2010-12-10,165.6485137939453,166.73952297465033,163.7958524275603,164.68101034533368,34630
2010-12-13,166.98654174804688,169.20973280491376,165.79260697344833,165.9161127016551,22248
2010-12-14,166.863037109375,168.79804410403838,166.32782882446708,166.7395313710623,12400
2010-12-15,167.0482940673828,168.38632722996815,166.73951718370927,168.38632722996815,12830
2010-12-16,166.5542755126953,167.97465445470658,165.91614153246752,167.97465445470658,67916
2010-12-20,164.4751739501953,167.95406563388175,163.61059605489567,165.09272779481432,2108058
2010-12-21,166.3278350830078,168.24224948387774,164.26932227257456,165.09272739674785,269500
2010-12-22,165.13388061523438,167.91287258030846,164.70158543772467,166.73951790444445,175802
2010-12-23,163.79586791992188,166.03963935960206,163.44591822700582,165.29857976862175,12926
2010-12-24,163.34300231933594,165.0927383240169,162.6225227879967,164.06348185067515,14230
2010-12-27,162.76663208007812,167.15126243657866,162.2108310345123,164.84572526944768,18706
2010-12-28,164.2281494140625,165.09272730680647,163.07538726651393,165.09272730680647,13942
2010-12-29,164.59866333007812,166.3278189487755,163.32239556274288,163.32239556274288,107262
2010-12-30,165.2574005126953,167.9746398465758,163.36356627610195,164.59867392203267,46328
2010-12-31,170.23898315429688,173.73845439205147,164.2692969251861,165.42205889548705,63744
2011-01-03,168.53045654296875,174.43839118071324,167.15125036334445,169.62146588595544,42202
2011-01-04,168.6333770751953,171.67997361451427,168.0158232132726,168.38635301759314,459664
2011-01-05,168.7980499267578,170.11550314697413,166.71895702039913,167.97464480516388,459554
2011-01-06,165.3603057861328,168.7980241567928,162.64306678687376,168.7980241567928,35418
2011-01-07,162.95187377929688,166.20433416554388,162.62251674573122,165.36033635026297,20294
2011-01-10,158.8966064453125,163.4459146614838,158.50548399161528,163.4459146614838,35886
2011-01-11,154.3061065673828,160.5639901848691,153.56504702296456,160.5639901848691,41522
2011-01-12,153.91500854492188,156.4263967386316,151.50654599387101,155.62357170022622,83762
2011-01-13,153.15335083007812,155.62356616604714,152.32994571808845,152.7416482740833,29996
2011-01-14,151.63003540039062,154.98542104084038,150.35376762027798,154.98542104084038,71954
2011-01-17,146.1132354736328,153.956176750205,144.9193005670216,151.73297288335618,50810
2011-01-18,146.54554748535156,150.27145104027258,145.74272237878492,150.27145104027258,40580
2011-01-19,145.8662109375,151.69181217110346,144.5075975248977,149.48920097804768,47490
2011-01-20,159.80233764648438,164.1458069618239,144.507590869304,147.3895086359283,147652
2011-01-21,153.5032958984375,160.56399200854443,152.3299411363114,160.56399200854443,113410
2011-01-24,153.64739990234375,157.6820799511457,151.91824413047718,152.41229222648622,91450
2011-01-25,153.91500854492188,156.83809930926714,153.52388607715199,154.80016655895517,21078
2011-01-27,153.07101440429688,156.4264004867058,151.5683024983044,153.56506252656334,33068
2011-01-28,151.65061950683594,154.3884386392052,150.31258637196282,153.9561560366807,94322
2011-01-31,155.7470703125,157.27037477974986,150.27143139949922,153.11217649394447,81856
2011-02-01,154.86187744140625,157.2291665806775,151.5476776720913,153.15331474937332,18934
2011-02-02,150.74490356445312,162.49902026178535,150.12734966819224,156.03528445525475,91076
2011-02-03,152.06231689453125,153.93555819467286,149.85970606454129,150.80661676400922,48618
2011-02-04,149.36566162109375,153.15332963780142,148.6246021485116,153.15332963780142,39440
2011-02-07,146.8954620361328,150.64195768310913,146.1544024858142,148.83046901020234,19764
2011-02-08,147.82177734375,153.48268670896226,144.52815734944468,146.56608974658639,179664
2011-02-09,146.3808135986328,150.27140710974192,142.16086312500306,148.007043440965,195350
2011-02-10,142.36672973632812,148.2129106833943,142.11971826985376,145.33099297566164,72824
2011-02-11,143.86944580078125,144.91928216580567,140.39055459812425,142.44906712888854,38606
2011-02-14,149.26275634765625,153.97675562990625,144.09589430606198,144.09589430606198,115988
2011-02-15,149.4068603515625,151.91824854494894,148.29527094948892,150.27143826261886,139700
2011-02-16,149.20098876953125,151.0536500851235,148.21290524738143,150.6831203348378,21008
2011-02-17,148.9333953857422,150.70371130039064,148.62461847754784,149.42744346451897,26474
2011-02-18,151.54769897460938,153.15333627759006,148.21290607508718,149.85971614258813,87488
2011-02-21,148.2335205078125,152.49464505722827,147.47188072651997,150.68315607624876,17482
2011-02-22,147.96592712402344,150.53906863829823,147.22486739357933,149.03635650679527,18242
2011-02-23,147.43067932128906,150.7860524465152,146.77195275681277,148.21291161978286,32170
2011-02-24,146.4219970703125,150.27141810163928,145.74269043282277,149.03631055559842,30814
2011-02-25,142.6961212158203,147.51303401438057,142.44909714724045,146.56612307635143,27498
2011-02-28,138.47616577148438,146.97782156485354,137.0969596109138,142.860795750712,99186
2011-03-01,141.25515747070312,143.27249759644056,139.58775448603828,139.97887696203964,44902
2011-03-03,142.65492248535156,144.09588129833492,141.62566619036346,141.62566619036346,36438
2011-03-04,141.81094360351562,144.48701008850915,141.21396990042825,142.84019994389774,19556
2011-03-07,142.3461456298828,143.14897056582532,140.84343395168426,142.2432200003601,63802
2011-03-08,143.23130798339844,144.46641557606497,142.51082855434294,142.8607782184313,13308
2011-03-09,144.03411865234375,145.33097898312832,143.23129377110607,143.23129377110607,20076
2011-03-10,144.42523193359375,145.33098245900354,142.65491620975843,143.76651798511014,12200
2011-03-11,146.3808135986328,149.69502614324944,142.03735740509853,142.03735740509853,113618
2011-03-14,146.46316528320312,147.32774305139694,145.33098340118258,146.6072636719293,18606
2011-03-15,147.82177734375,150.06556099053577,144.50757725014557,145.74268474801005,56210
2011-03-16,148.3570098876953,150.1890786162098,147.71886342473158,149.03631655251897,16874
2011-03-17,148.17172241210938,149.03630014678794,146.97778771382127,148.21289517360128,35100
2011-03-18,146.319091796875,149.77739089406316,144.7752071495441,146.9983985288675,16504
2011-03-21,145.2280731201172,148.04823807341162,143.3548315612429,146.8543032026915,16150
2011-03-22,144.36346435546875,146.58665511538362,143.68415781273947,145.74267010232026,53280
2011-03-23,143.82827758789062,145.18689087551462,142.11971464613202,144.50758423170262,35864
2011-03-24,144.42523193359375,145.53683370894547,141.8315112099907,144.11645505868086,47020
2011-03-25,145.90737915039062,147.80121336652724,142.4902530592259,144.91929555715205,250198
2011-03-28,148.25405883789062,148.62458854025553,146.15437377227343,146.58665633100549,23446
2011-03-29,146.09266662597656,148.9951648608362,145.41335986506962,147.03957755764492,19828
2011-03-30,150.68312072753906,151.09482324318807,146.36024431322443,147.3483278379493,35336
2011-03-31,153.3592071533203,154.47080911674206,148.21292503408137,150.68314045131606,87548
2011-04-01,153.1945037841797,154.388438529307,150.68311600460365,152.1240747642105,22116
2011-04-04,153.05038452148438,153.97671502632187,152.32990523994408,153.27681584144668,13878
2011-04-05,150.60076904296875,155.1294965299971,149.2833285852402,155.1294965299971,30670
2011-04-06,150.70372009277344,152.2681973907319,149.44803228518933,149.67446367207654,16370
2011-04-07,151.0742645263672,152.32995235116329,150.72431482570033,150.80664780198546,11696
2011-04-08,154.8207244873047,160.00817864716154,150.72429203470045,152.28875655337563,192522
2011-04-11,155.7882537841797,159.43182413059782,152.32995462445757,152.32995462445757,98448
2011-04-13,158.79367065429688,165.50441685950156,154.84132385825208,156.85866373997538,458526
2011-04-15,160.25521850585938,162.62250818192538,157.64090478554482,159.74059031541023,119252
2011-04-18,155.25303649902344,162.16963441944074,154.22378010823724,159.7405918500183,77044
2011-04-19,153.9767303466797,156.8174749979971,153.35917661534273,156.79689489928433,38472
2011-04-20,156.69395446777344,161.3050143541197,155.15007028534825,155.15007028534825,214036
2011-04-21,157.04393005371094,160.4610559173698,156.44695637870566,158.505468962636,92326
2011-04-25,156.40577697753906,158.7936590120732,155.0059909926953,157.31152750170085,73046
2011-04-26,156.61163330078125,158.05259209507054,156.28227631632342,158.05259209507054,40608
2011-04-27,155.7058868408203,158.46428598704372,154.3884338463331,158.46428598704372,45520
2011-04-28,156.3440399169922,157.59972764115346,155.23243803082377,156.46754565360447,31298
2011-04-29,152.04177856445312,156.8587044349736,151.50657016291413,156.07647193881377,177574
2011-05-02,150.1890869140625,153.0710047966779,149.5715330820735,153.0710047966779,20882
2011-05-03,149.38623046875,151.28006417518074,148.27462887292987,149.15978659188826,35470
2011-05-04,149.303955078125,150.60081583955468,147.38954037657,150.37438442050893,32432
2011-05-05,149.6127166748047,151.34187255514377,147.51303098129748,149.09808844424734,28716
2011-05-06,152.59754943847656,153.23569593697692,149.28334889768348,151.46536741266758,19868
2011-05-09,151.8976593017578,154.16202330370527,151.30068558466948,152.82399002982723,15008
2011-05-10,151.46539306640625,182.28133702829126,121.53461979867997,152.3299710908363,1758376
2011-05-11,155.29421997070312,166.4925227357694,153.56506408933916,160.06995990177353,687186
2011-05-12,153.42095947265625,156.81750565910542,152.53580146417224,155.21186815652615,75592
2011-05-13,152.82398986816406,154.38845451491605,152.3299417880505,152.35052188965332,34174
2011-05-16,154.42962646484375,157.59972850893763,151.0948333521407,152.32994098172225,102290
2011-05-17,154.3678741455078,158.09377714900472,152.98866810806769,158.09377714900472,107704
2011-05-18,155.35592651367188,156.44693552489466,153.56501829154132,155.9734802065333,214826
2011-05-19,157.373291015625,158.0937704381949,154.8001502207325,155.6235552750981,70468
2011-05-20,157.29095458984375,158.4849020391208,155.82941555940428,158.4849020391208,29068
2011-05-23,158.5260772705078,163.44592824719166,153.2974619154574,153.2974619154574,123158
2011-05-24,162.25198364257812,164.55752052315177,156.96160316091172,156.96160316091172,164724
2011-05-25,162.7871856689453,164.47516863586347,160.60516718079373,160.60516718079373,145786
2011-05-26,161.2844696044922,162.95185986127234,159.76116518498694,161.90202341280548,18064
2011-05-27,160.99627685546875,164.00171300343513,157.55857062062873,161.28447366560414,266432
2011-05-30,168.69508361816406,169.62141415664087,158.71129892569186,162.97242191551757,430544
2011-05-31,173.12091064453125,174.97357199506726,168.0981348463014,169.6214392046299,265010
2011-06-01,173.3885040283203,176.62037114129078,171.72111394181252,173.73845366346083,200310
2011-06-02,177.81431579589844,179.62580437025812,170.6095216991103,171.63877799865148,271638
2011-06-03,183.22817993164062,185.67781466294755,178.98764950047993,179.0082295983918,438520
2011-06-06,184.29861450195312,186.0895228206928,178.32892848226277,184.13393602113905,180306
2011-06-07,183.59877014160156,184.607433921712,181.60201012050004,184.607433921712,85138
2011-06-08,183.20761108398438,184.38096571274812,181.19027136240908,181.19027136240908,42600
2011-06-09,182.343017578125,185.26610756588585,180.73738049205306,184.03100018211327,154748
2011-06-10,182.59007263183594,184.03103149138818,179.5023036470811,183.1252808968611,43176
2011-06-13,184.0516357421875,185.26616339455146,180.75801505961772,182.17839400464226,82146
2011-06-14,193.7883758544922,199.6757167027427,182.7959138474593,182.8164939472272,758392
2011-06-15,191.62693786621094,198.02890685638073,189.79485667524222,194.30300417508096,155360
2011-06-16,194.15892028808594,196.38211149023687,188.97146577362415,189.79487085324777,303098
2011-06-17,193.64427185058594,200.49911590833605,192.26506597370215,195.14698345082402,334360
2011-06-20,193.6854705810547,197.2055223743888,189.44492675767856,193.50019940702035,135630
2011-06-21,194.34417724609375,197.61721743553554,191.02997685435102,195.3116807192881,209324
2011-06-22,189.46551513671875,195.55870774174304,187.98338347047473,195.55870774174304,167690
2011-06-23,187.79808044433594,191.40047708113354,184.44270780403693,189.6713342339681,94190
2011-06-24,191.60635375976562,192.59443731279924,177.1350124329297,185.7190126429771,92530
2011-06-27,191.8533935546875,195.10584127593611,185.6778551355452,185.6778551355452,74898
2011-06-28,192.63560485839844,194.7352902043008,191.4416700739955,193.50018265543633,44464
2011-06-29,194.92056274414062,199.2640192961072,192.65619888850304,192.65619888850304,189860
2011-06-30,197.28785705566406,199.18167863901138,195.57928150782925,196.79380899486486,148600
2011-07-01,200.74620056152344,205.110250858024,197.28790105711113,197.28790105711113,198742
2011-07-04,200.60203552246094,204.82198598753067,199.77863055366683,202.51644956207465,119572
2011-07-05,199.22286987304688,202.1665407174344,198.66706889416517,200.51973044766066,43086
2011-07-06,199.6963348388672,201.73426767059362,198.6259181637845,198.8729296647015,82642
2011-07-07,199.49046325683594,203.62808137471586,198.85232933742307,200.08743697305925,71610
2011-07-08,196.50563049316406,201.48723407404205,194.858820222736,199.88159657320773,101554
2011-07-11,196.42327880859375,198.4406186848811,195.39402248761408,196.46445157426575,26812
2011-07-12,194.07659912109375,196.99969003358942,192.92383689055524,196.6703329860544,44634
2011-07-13,195.4145965576172,197.37018350712657,193.50018237250913,196.79380249799866,85802
2011-07-14,197.3907928466797,199.46988570086805,180.1816186986942,180.1816186986942,52446
2011-07-15,197.16433715820312,201.24018965214265,195.59987258530967,201.24018965214265,34188
2011-07-18,198.56414794921875,199.53165151842958,195.55872416145627,195.55872416145627,85894
2011-07-19,204.30235290527344,206.05513075743065,198.8771038929259,199.8995597626517,153162
2011-07-20,200.10826110839844,205.3039864337944,199.4822707191125,204.5736643129608,93448
2011-07-21,201.40194702148438,202.27833598264473,198.35545327419405,200.7342214922286,37874
2011-07-22,200.31689453125,203.1964473429757,198.87711175748458,202.40352884928387,55956
2011-07-25,200.9219970703125,203.65548257198807,199.52394971451213,202.361766918325,129446
2011-07-26,197.54165649414062,201.67318954236399,196.99912397649663,199.7326223401777,85032
2011-07-27,195.47592163085938,198.64760868645996,192.59636850588504,198.64760868645996,87260
2011-07-28,198.64759826660156,199.8995789279457,193.24320998414373,193.70227210713108,71726
2011-07-29,201.13072204589844,202.77915580281368,197.39564087165724,199.89960248947952,42658
2011-08-01,199.56570434570312,204.44842083897802,196.5400846895498,201.36020470261698,42058
2011-08-02,200.35862731933594,202.36179114587716,197.20780189607845,202.36179114587716,54702
2011-08-03,200.23342895507812,200.31689942416037,196.72788576231642,199.89957255036003,57352
2011-08-04,199.5865936279297,201.1515695319647,197.81295427002337,201.1515695319647,165220
2011-08-05,196.12278747558594,199.89959093653604,191.97037960502416,196.14364872687253,119408
2011-08-08,198.04248046875,198.6476095838638,191.55305209872583,191.9703790096163,241248
2011-08-09,197.0408935546875,198.0633495553947,180.43128800651593,180.43128800651593,263328
2011-08-10,195.9141082763672,199.89957487314842,181.68325916725541,181.68325916725541,225078
2011-08-11,194.09872436523438,198.91884448484217,193.6396622738896,196.5609502823319,63980
2011-08-12,196.8739776611328,197.3956363194824,194.68301129606456,194.68301129606456,27010
2011-08-16,194.93341064453125,197.1869735089001,193.24322894439928,197.1869735089001,34430
2011-08-17,197.43734741210938,198.64759280430223,192.38768966971287,192.38768966971287,33728
2011-08-18,197.43734741210938,197.43734741210938,197.43734741210938,197.43734741210938,0
2011-08-19,192.28338623046875,197.7086364116865,188.63177553157215,188.63177553157215,35910
2011-08-22,192.2416534423828,199.33621146218582,191.5530665346811,199.33621146218582,348636
2011-08-23,193.6188201904297,195.30898903972013,191.55304694280244,192.59636419194626,77610
2011-08-24,198.2928924560547,199.89960371785867,192.40858007085185,198.18856072133764,59686
2011-08-25,197.43734741210938,200.3169003068594,195.3089777991879,200.3169003068594,74068
2011-08-26,197.66685485839844,200.10821941510756,195.3089607638589,198.2093873908918,47872
2011-08-29,196.0810546875,199.48226651714776,195.3298585946961,199.48226651714776,26282
2011-08-30,204.09371948242188,205.3248389566676,196.3523104250246,196.4983773901429,162920
2011-09-02,200.21253967285156,206.45158065692632,198.64756411522114,204.4901395303747,82988
2011-09-05,200.12908935546875,203.09211258992724,199.52397305377127,201.19328048323464,25914
2011-09-06,199.33619689941406,201.56889842498882,198.230283130165,200.1291154847734,15318
2011-09-07,199.4405059814453,201.92360591934388,199.06491435058638,200.31689494398628,27254
2011-09-08,198.33460998535156,201.15156657115088,196.62356714163073,199.1275285512301,15428
2011-09-09,196.2270965576172,201.1515484587585,162.3401501046827,162.3401501046827,121794
2011-09-12,198.85623168945312,199.79521704370552,194.5368965127313,197.70858292314463,124116
2011-09-13,195.5384979248047,200.21256391724697,194.47431951107262,199.29443971793697,29850
2011-09-14,194.09872436523438,198.20939646713205,192.84674379018767,196.20621990557433,83642
2011-09-15,195.9141082763672,197.81294047990053,193.80659989770345,196.1436329653022,13550
2011-09-16,193.9526824951172,197.16610481421102,188.63176436319088,191.97037966165445,22656
2011-09-19,190.34278869628906,193.63966843498218,189.88372659033814,193.63966843498218,86578
2011-09-20,191.323486328125,196.14360602004064,189.92543892954478,191.1356841642098,50570
2011-09-21,193.41015625,194.0361465978984,191.59478169393338,191.61564294454084,37820
2011-09-22,189.8837127685547,193.3892556878902,189.04905908605556,192.15814914768666,26924
2011-09-23,193.38925170898438,194.89163085373286,187.7970746984578,189.883708861774,39114
2011-09-26,189.9254608154297,191.97035992837522,186.37818242544884,188.63174497309913,53508
2011-09-27,194.22390747070312,196.10187823795795,187.12935123885163,187.12935123885163,31444
2011-09-28,190.2384490966797,197.687735993756,189.88371872333227,197.687735993756,18240
2011-09-29,192.51290893554688,196.74878749055554,189.15343222206477,189.15343222206477,32606
2011-09-30,196.0601806640625,196.81137675672812,190.8853294364176,190.8853294364176,42172
2011-10-03,192.53375244140625,195.16290660650486,187.37976309204745,194.05699295724293,14646
2011-10-04,191.94952392578125,195.70546624447488,190.30107748047624,190.71840440477555,60356
2011-10-05,188.15182495117188,195.22550787140082,187.79709455873314,191.17744480795145,18008
2011-10-07,188.13096618652344,193.63968650024975,185.06362358254623,190.30107121576268,70784
2011-10-10,186.2738800048828,190.7184093159598,181.5372167449508,181.57895198561684,91108
2011-10-11,186.2112579345703,189.04907560876822,183.66556143329555,189.04907560876822,38874
2011-10-12,187.81797790527344,191.9703859122637,186.31561116069267,191.9703859122637,45428
2011-10-13,187.12937927246094,191.90777736819888,186.58685939719044,189.09082079531206,49570
2011-10-14,186.8372802734375,188.63178106088833,183.6238576698913,187.71365667821576,39836
2011-10-17,187.00416564941406,188.9655942198941,185.7104498560648,188.21441097771958,14822
2011-10-18,185.7939453125,186.9624555654615,184.08290243538693,186.9624555654615,9402
2011-10-19,188.86126708984375,189.63332433491817,185.71045436295168,186.83724198936358,118608
2011-10-20,184.8757781982422,190.30102676839377,184.061985818398,188.63171951603942,46324
2011-10-21,185.4183349609375,189.4664109500068,183.24824274131979,185.29314198635026,129258
2011-10-24,188.2352752685547,189.88372146127682,185.41831896116213,185.41831896116213,32464
2011-10-25,190.11326599121094,190.6557986078044,186.12779915299734,186.12779915299734,19610
2011-10-28,196.16452026367188,197.6043032805245,192.80504353875887,194.05702434095858,151084
2011-10-31,195.74716186523438,198.00073713560036,194.05699314826512,195.95582529872712,62008
2011-11-01,198.10507202148438,200.73422623123028,196.14363062095268,196.14363062095268,41176
2011-11-02,198.1468048095703,199.4822559689569,196.14364080629656,199.06492907362437,15962
2011-11-03,196.66529846191406,199.35706201794332,194.0570053788648,197.81294741845574,14496
2011-11-04,195.6845703125,197.56254126124915,192.80501740491243,192.80501740491243,14556
2011-11-08,196.99916076660156,197.93814630454685,195.3089918926226,195.3089918926226,29090
2011-11-09,198.7936553955078,201.9862033769284,197.854669945925,198.27199681240626,95210
2011-11-11,202.23660278320312,205.74214592729825,196.62355131419102,198.23026230317782,186620
2011-11-14,197.62515258789062,205.74216605919358,196.5401128135462,202.40355078845616,42956
2011-11-15,199.31533813476562,200.25432369814945,195.7263241008928,198.23028560324965,54904
2011-11-16,202.86260986328125,203.48860021706477,197.39562489307704,199.48225940568884,461910
2011-11-17,202.1740264892578,203.279940252751,200.31691664685496,202.82087810494065,244280
2011-11-18,196.60267639160156,202.4035169062911,193.3057969108043,201.15153638934495,33238
2011-11-21,199.48223876953125,201.13068495828767,194.47431645732544,197.39560447277884,45286
2011-11-22,198.39718627929688,200.31689237841772,196.24795550198112,197.6668642758339,60490
2011-11-23,194.09872436523438,199.8578299161272,191.970354840494,199.8578299161272,33716
2011-11-24,195.5802459716797,197.37475925411292,191.55304399903548,194.07786660883977,15846
2011-11-25,198.04248046875,199.60745638458926,192.450302409979,193.63968665317816,37304
2011-11-28,195.35072326660156,200.31691079968246,194.4743342346917,198.6476032096851,26262
2011-11-29,196.2062225341797,197.0826114956145,194.05699173205028,194.05699173205028,24844
2011-11-30,195.74716186523438,197.81293495113476,194.89164688223616,196.14362748319272,647412
2011-12-01,195.51763916015625,199.48224443661618,194.68298541774362,196.22709993552914,833608
2011-12-02,194.0778350830078,196.97826161423393,191.9703397087873,194.47430066151063,145838
2011-12-05,194.5995330810547,196.1436477427136,194.05701319225918,194.47434010235006,112062
2011-12-07,195.37158203125,196.14363932896137,192.80502419144716,196.0601688562011,18858
2011-12-08,192.7215576171875,198.2302777998425,191.46957691529377,196.5609701973175,108906
2011-12-09,190.80189514160156,196.03934350330042,188.27705934004211,194.0570404024155,93030
2011-12-12,191.74087524414062,196.01847654795088,189.88376519352906,193.6397078017527,378592
2011-12-13,191.97036743164062,194.47432874596637,189.46640611731488,189.88373300303584,44478
2011-12-14,186.3155975341797,193.0136891106148,185.46006975717867,191.34438152911758,34308
2011-12-15,189.3203582763672,190.09241564006894,183.2273825824549,185.71048289754265,17532
2011-12-16,189.50814819335938,192.3668400108938,187.40063970291436,190.7183936584729,15420
2011-12-19,185.7939453125,192.72156182561068,184.04116719725118,190.7183977531605,54164
2011-12-20,183.9159393310547,186.96242009996914,183.20647862474655,185.71043960822826,16074
2011-12-21,183.49864196777344,186.9415888729496,181.93366610178427,186.9415888729496,21886
2011-12-22,184.27066040039062,185.501779667987,180.32692941901055,184.79231894838836,19842
2011-12-23,183.68641662597656,189.4663962390196,183.6238201435432,185.6687192297989,174220
2011-12-26,183.68641662597656,187.35890067033054,182.789166415618,184.91753596898832,26284
2011-12-27,186.5659637451172,189.36205874263615,182.37183398464353,182.37183398464353,68082
2011-12-28,187.94317626953125,188.63176312315136,184.0620283690975,188.21443621358685,25108
2011-12-29,184.72976684570312,189.25776667720342,183.5403825233927,187.9431893676214,23290
2011-12-30,187.21286010742188,188.17270693549898,185.0010197751901,186.81639443645565,25106
2012-01-02,186.25299072265625,188.1309617761548,184.14549496805262,185.71047084596808,16654
2012-01-03,186.67030334472656,190.238455714924,185.71045664068114,187.379764116103,47238
2012-01-04,187.04595947265625,188.1936086795737,184.4585270754642,184.4585270754642,12650
2012-01-05,183.41519165039062,188.2144515001733,178.84545652518753,186.1278167828765,23998
2012-01-06,184.93838500976562,186.1277690407068,183.66554325302423,184.87578853146437,13846
2012-01-09,187.81797790527344,188.1935823272257,183.6238473943392,186.12780894971655,36260
2012-01-10,186.5451202392578,188.84041813929343,185.7104664574267,186.169528584595,21868
2012-01-11,184.6045379638672,187.75535064369717,184.04114415907637,186.5451053040978,21988
2012-01-12,182.83090209960938,186.75377208336138,181.74584970347237,186.75377208336138,39016
2012-01-13,183.18563842773438,190.02979668856497,181.9545190417307,182.9978362380709,79902
2012-01-16,182.99783325195312,187.37976540507856,181.78758787110814,185.1679380792517,29978
2012-01-17,185.35574340820312,185.71047382671884,182.78918547438843,185.71047382671884,19792
2012-01-18,185.7939453125,187.79710938495018,184.87582101673985,186.75379211058933,47576
2012-01-19,188.75694274902344,189.8837304194612,185.31399598867057,185.31399598867057,56888
2012-01-20,190.28016662597656,194.18216216234947,188.42305720263684,188.42305720263684,50974
2012-01-23,188.2352752685547,196.60268646014455,186.5451065784412,196.60268646014455,42338
2012-01-24,189.6333465576172,191.42785992346418,187.79711068915125,187.79711068915125,14278
2012-01-25,190.50975036621094,191.5113324869112,186.545144389258,188.23531342195173,162864
2012-01-27,191.69908142089844,192.84673020048433,188.42306326655608,191.13568765466817,24878
2012-01-30,186.10690307617188,192.01207511459955,183.6655385978667,191.9703398848551,20292
2012-01-31,189.2786102294922,190.21759575364297,186.8372580553452,187.73450834237246,21504
2012-02-01,193.7857208251953,194.05698072420805,186.60769407827917,186.60769407827917,30952
2012-02-02,193.70225524902344,196.0601494088504,191.55302451459363,196.0601494088504,30038
2012-02-03,198.2928924560547,198.9814793580257,191.97039187936323,195.72633432917686,57472
2012-02-06,198.27200317382812,200.2751671028862,184.3124139478241,198.2302679386799,52126
2012-02-07,198.41806030273438,203.65550729141916,197.81293126256696,203.65550729141916,94104
2012-02-08,201.1515655517578,201.98621935072777,197.0200317940178,200.4212434776591,27930
2012-02-09,202.73741149902344,203.61380057324538,200.31692047098838,200.31692047098838,49390
2012-02-10,206.05516052246094,209.08078060101857,203.8641942586778,207.41147297146952,334890
2012-02-13,216.11273193359375,220.34861029360286,209.08078363086182,209.08078363086182,660724
2012-02-14,216.4465789794922,220.32771355499563,213.8382861906311,220.32771355499563,264080
2012-02-15,219.9312744140625,221.1415326023294,217.0099861391129,218.67929372479838,241302
2012-02-16,220.93287658691406,223.26989709685267,218.8879645370079,221.18326254454564,95728
2012-02-17,219.24264526367188,226.37894951253537,217.42728369783256,222.64386919922012,174942
2012-02-21,220.20252990722656,229.32111169404158,219.0966035293391,222.1013620434921,348814
2012-02-22,213.6713409423828,222.35173407384536,212.83668726682663,222.35173407384536,121832
2012-02-23,214.6103515625,218.2619618224356,209.4980971985902,218.2619618224356,216316
2012-02-24,216.15444946289062,221.07890125349795,213.29575796134276,215.25718653673843,104752
2012-02-27,211.85597229003906,219.93124936315257,210.33273183876452,219.91038811503012,53746
2012-02-28,213.02450561523438,215.7162690176374,210.81266556556068,212.83670342965078,44832
2012-02-29,217.1769256591797,223.22816561752472,212.0020619889156,214.5060233509894,161660
2012-03-01,218.53323364257812,221.14152667530436,179.40882541587905,214.96506839651934,161820
2012-03-02,224.68878173828125,227.94392600890592,215.7579771381179,219.0965918713963,613610
2012-03-05,226.3372344970703,230.78177617995868,221.1623962092757,221.18325745999658,251928
2012-03-06,224.25059509277344,230.134919549404,222.64389674818392,222.85256019405853,883966
2012-03-07,222.18482971191406,224.25057728473908,220.36944259400022,224.25057728473908,143478
2012-03-09,231.32427978515625,231.61641368953727,224.58446609319296,224.9391837453344,361870
2012-03-12,236.64520263671875,239.10744142180656,231.61641881796626,233.70305322173172,257896
2012-03-13,239.52476501464844,241.59053814034206,237.08338751278836,237.87631876397936,816900
2012-03-14,236.83299255371094,239.96294399715205,233.8908432911983,239.96294399715205,212296
2012-03-15,236.35305786132812,238.71096481784073,231.11561084295104,234.12036934057457,231520
2012-03-16,238.7736053466797,241.42362107650587,236.6243615391164,237.79287181041894,87442
2012-03-19,236.0192108154297,239.83776193869397,230.61482264970564,237.89718176688206,133818
2012-03-20,233.1605682373047,239.8795218335199,231.65817595896286,237.8554963478444,186004
2012-03-21,236.2904815673828,237.0416648475776,232.972727818944,233.07705953762692,77722
2012-03-22,238.12672424316406,238.9196555594301,235.08024289978565,235.08024289978565,48734
2012-03-23,235.9983673095703,240.75590426625996,234.24558919544188,237.87633840221943,98470
2012-03-26,239.12831115722656,239.96296494835127,235.39323034762108,236.2070228882901,78614
2012-03-27,239.14915466308594,240.38027400796966,238.64835733124727,239.9629471433725,57496
2012-03-28,235.1846160888672,239.85868339107242,234.53776435977852,236.6243992740114,70388
2012-03-29,236.83299255371094,239.96294399715205,232.43019928425912,236.60346787551393,124940
2012-03-30,247.47482299804688,248.14253577196098,237.47983980793535,239.54561281767099,1432356
2012-04-02,246.97412109375,249.97888068039248,243.30164847524009,246.22293756499425,56306
2012-04-03,248.64337158203125,250.3544272214496,246.66106873004622,249.03983724675098,66070
2012-04-04,247.6209716796875,248.72689844700056,244.1780238404463,248.28871017996644,87090
2012-04-09,248.1633758544922,249.9370146404669,241.04793399465095,246.64012294377787,22600
2012-04-10,246.2437286376953,248.33036310707942,245.8055404934471,245.8055404934471,26268
2012-04-11,244.0527801513672,247.47486602375884,240.04645186812732,247.47486602375884,17578
2012-04-12,243.67715454101562,247.14096225389483,242.8842233483139,246.2228381022426,18684
2012-04-13,243.28074645996094,249.1441849134331,239.98385342237663,242.46695382697592,29072
2012-04-16,246.0350799560547,248.30951675850153,239.5247902095193,243.3015937314393,274922
2012-04-17,240.6932830810547,247.01579563411727,221.22497353266795,240.38028791449935,49364
2012-04-18,238.12672424316406,243.69805376494136,237.08340696997877,242.04960737898597,40710
2012-04-19,237.9597930908203,242.04959143803728,236.33220806319582,237.89718386990728,54988
2012-04-20,236.1027069091797,240.77677354549596,233.7030770996741,240.77677354549596,48452
2012-04-23,234.78807067871094,238.29362633355746,233.70303108019647,234.66287772066832,20202
2012-04-24,237.2294464111328,239.52474402260694,229.94708798586137,234.18296558477076,428096
2012-04-25,237.66763305664062,238.69008889896722,232.4719088551105,233.6404189013658,32318
2012-04-26,234.14122009277344,237.77196871998487,232.49277396915113,236.33218601779302,25288
2012-04-27,233.89088439941406,237.2503611115074,230.78179365815936,237.04169764527038,32814
2012-04-30,234.45423889160156,235.41408563275024,232.57626790915822,235.41408563275024,27120
2012-05-02,234.3498992919922,234.9133058507516,231.84593806624582,233.9534336702602,20858
2012-05-03,232.28411865234375,236.24872379785108,231.199079011691,234.9132982313892,28004
2012-05-04,229.7384490966797,233.8282474558496,226.1911705910997,233.8282474558496,17628
2012-05-07,229.6967010498047,231.59553306198418,222.97772369768123,222.97772369768123,15986
2012-05-08,226.04510498046875,232.7640572697133,225.35650546955657,232.7640572697133,21970
2012-05-09,222.53956604003906,228.69513772140908,221.22497613638973,225.56518601901755,19886
2012-05-10,231.05303955078125,233.28572819188,222.18484326441728,224.9391905105963,32878
2012-05-11,224.77223205566406,234.95501742210425,223.64546993376936,233.28571001590814,623050
2012-05-14,223.60377502441406,227.401465557627,221.87188346249215,224.52189941000486,16164
2012-05-15,221.3918914794922,224.52184281991856,221.1832280567971,223.39505524304323,36240
2012-05-16,218.65841674804688,222.83168541211262,217.99067847883006,221.18323919548456,155966
2012-05-17,217.5107421875,220.11903479462273,216.17529127833168,219.88951013951743,53880
2012-05-18,220.01470947265625,223.68718047569678,211.37603901294855,217.5942189573528,54784
2012-05-21,220.53640747070312,222.70651246540828,219.09662455785752,220.32774401874326,10386
2012-05-22,221.6631622314453,224.87655853631864,220.34857249100875,220.34857249100875,6752
2012-05-23,221.7466278076172,226.14944677502683,219.20094402472282,226.14944677502683,30644
2012-05-24,219.34701538085938,221.80925435729026,217.1351878353069,221.18326398751427,34860
2012-05-25,220.66159057617188,224.45925504330626,216.9891190802903,220.76592229748448,22218
2012-05-28,224.29229736328125,227.13011455462168,222.45604922509267,223.22811910047946,49302
2012-05-29,219.91043090820312,227.42231564992406,217.844657509907,225.35654225162793,131142
2012-05-30,216.217041015625,219.91039909565336,214.40167932096767,214.40167932096767,978174
2012-05-31,223.1238250732422,225.35651367751385,214.48515362128194,214.90248049846252,570584
2012-06-01,219.597412109375,223.26988360519417,218.30368348215362,223.26988360519417,15614
2012-06-04,215.7371368408203,221.18324755903654,213.5461707093393,221.18324755903654,15750
2012-06-05,216.48829650878906,219.51391607445404,209.1433416367035,216.17530138130647,13540
2012-06-06,218.88795471191406,221.85096545454587,217.8446374825913,219.09661815777864,45662
2012-06-07,218.53323364257812,220.55725884732902,217.05170282270032,220.55725884732902,51654
2012-06-08,217.65682983398438,220.76592019379584,217.0099782623324,219.99387565208403,45112
2012-06-11,216.94737243652344,220.26512628889157,216.59265477053435,220.26512628889157,27510
2012-06-12,216.38401794433594,217.8446622313276,213.4627293703526,217.01000835304663,48218
2012-06-13,225.0644073486328,225.35654129277964,214.9233680847806,214.9233680847806,192932
2012-06-14,220.20252990722656,228.65339890050106,219.0966035293391,223.68719903185857,99864
2012-06-15,219.26356506347656,222.18485338499124,217.09346007317166,218.5332429830979,60772
2012-06-18,215.98753356933594,222.8108437168593,214.08870125486774,219.09662409123894,32434
2012-06-19,217.28126525878906,218.67930021464588,214.08870421777354,218.67930021464588,37942
2012-06-20,218.15765380859375,221.18327406705822,217.01000474503826,219.5139663382502,45414
2012-06-21,217.88636779785156,220.8702653693802,217.00999148243307,217.8655065468393,78610
2012-06-22,218.1993408203125,219.5139306315601,217.00996944564875,217.21863287780803,18000
2012-06-25,220.32774353027344,222.85256619906767,206.55595573145465,206.55595573145465,316814
2012-06-26,217.7820281982422,221.60057944512215,217.00998363740777,221.18325255351175,32092
2012-06-27,218.1993408203125,220.3485843601972,217.13516241062226,217.23949412670189,14106
2012-06-28,219.0131072998047,219.70170673282703,217.38554800514507,217.63593390536738,23232
2012-06-29,219.24264526367188,221.1832252588316,218.1784669157106,219.51391789838758,39556
2012-07-02,224.77223205566406,230.4270312714411,215.75798225084884,215.75798225084884,319272
2012-07-03,224.18800354003906,227.29709386969375,222.26828462183354,223.72892869212396,57590
2012-07-04,224.5635986328125,226.1703225089091,223.47855886246163,224.18801969920472,31926
2012-07-05,223.18638610839844,226.19114441262963,221.41274706088245,226.19114441262963,83304
2012-07-06,222.76910400390625,224.91834782285497,219.61829086351256,222.03878189652164,147954
2012-07-09,217.239501953125,222.080509036592,215.54933318606572,221.87184559691525,40284
2012-07-10,219.4304656982422,220.47378288535023,217.53163351202772,219.51393616753302,32058
2012-07-11,218.01161193847656,220.348632702738,217.19781928019438,219.53484004445585,175460
2012-07-12,217.84461975097656,218.61666424918948,215.34065860441362,217.84461975097656,36814
2012-07-13,219.03402709960938,221.18327095889333,217.84465554819306,219.93129017988073,37344
2012-07-16,214.90249633789062,220.30688489003285,214.2973672270554,220.30688489003285,148524
2012-07-17,218.06375122070312,219.18821303729996,215.56018750227145,217.89400842995352,69068
2012-07-18,216.9180450439453,218.55170928030347,214.28718726796163,218.10616684303423,34634
2012-07-19,212.1231231689453,218.53052563674999,210.44702302360216,218.53052563674999,478984
2012-07-20,211.1895751953125,213.39608895276484,210.04387614560486,212.92932219364113,85548
2012-07-23,210.48944091796875,212.16555397418793,208.79211648617525,212.1443425986136,51258
2012-07-24,208.6223602294922,211.29565364096743,204.33661399170956,209.68318786510392,122004
2012-07-25,203.91229248046875,217.97887794663512,202.44835804454675,208.41020445587398,136424
2012-07-26,201.74822998046875,205.80058687204362,200.3479295577903,205.46112716630458,360666
2012-07-27,199.92359924316406,205.48233935618563,198.608170216486,202.40593881858658,68142
2012-07-30,198.65060424804688,202.1725601898525,197.54734078495648,201.93917031233008,69764
2012-07-31,197.16543579101562,204.5275826958072,196.06217238158325,204.5275826958072,106610
2012-08-01,196.55015563964844,198.96883495458857,195.61662211135518,198.96883495458857,108598
2012-08-02,197.95046997070312,203.14852625610743,196.50774673446173,198.12019983092713,420410
2012-08-03,200.77224731445312,201.3450968606593,161.24580992002223,161.24580992002223,337164
2012-08-06,195.48936462402344,204.52761287628465,194.38610105179146,201.57850622448976,604546
2012-08-07,192.26441955566406,197.5473338588135,191.37332167635054,195.48933843103063,173650
2012-08-08,192.30686950683594,196.76234628405047,191.6703728243767,192.32808088309463,127984
2012-08-09,192.98577880859375,195.0437872303958,192.2007766344258,192.22198800957077,58866
2012-08-10,191.90374755859375,194.3436514800131,190.84291976667228,191.5854992210173,57528
2012-08-13,193.74954223632812,198.9475971217171,192.64627901768154,193.0706100287337,61752
2012-08-14,197.3776092529297,198.35357855601592,193.85566629065752,193.87687766590736,151706
2012-08-16,198.52330017089844,200.2842715789802,196.86841153378015,197.65341367926402,122710
2012-08-17,199.41436767578125,201.72696396095404,197.31392395067783,199.41436767578125,180896
2012-08-21,201.02684020996094,201.55725403637246,199.45681010396035,201.49360696711432,287150
2012-08-22,201.1965789794922,202.55444361522993,198.58694542756695,200.7086008274341,153260
2012-08-23,203.0,203.53041388636578,201.19659278635635,201.19659278635635,63660
2012-08-24,205.7369384765625,211.31688990729543,203.67893003112812,206.3946465082983,388586
2012-08-27,207.7312774658203,209.4922618280794,204.54879432856706,205.84301190745094,92948
2012-08-28,207.2645263671875,209.2376633484118,205.8430146238772,207.94344575244864,51724
2012-08-29,207.05238342285156,208.62240085959084,206.2249325261024,207.49792593675735,21824
2012-08-30,207.7100372314453,208.30409807794697,204.95188556238628,207.0735406924317,365728
2012-08-31,212.58987426757812,214.28719861302784,205.80057688577924,207.71006677441017,434660
2012-09-03,214.01138305664062,216.1966855314733,212.58987134694428,213.22636796774353,282556
2012-09-04,214.98731994628906,216.40883152760705,213.54459699268284,215.56016944318506,75008
2012-09-05,213.3960723876953,215.1358322005298,212.44132757023735,213.45971945228143,102990
2012-09-06,214.2871856689453,216.26032251143127,212.1655303652924,214.2871856689453,250906
2012-09-07,211.1046905517578,216.26031005270875,209.8741331364426,215.0085412654015,68616
2012-09-10,210.53184509277344,212.14431083125467,207.92221175957968,211.38050718158806,32114
2012-09-11,207.94346618652344,213.4385595291755,207.11602824834225,207.9222548097336,37114
2012-09-12,208.32534790039062,211.27444112242338,206.6492349626572,207.94343957058828,51736
2012-09-13,207.05238342285156,211.5290717371647,206.47953379814513,208.0071284808428,114614
2012-09-14,207.4130096435547,210.80765800400275,206.8613844648042,207.6039637936522,40570
2012-09-17,208.19805908203125,213.86288205983735,207.54035103329738,213.86288205983735,55798
2012-09-18,207.13723754882812,209.51349445560334,202.06648833882753,207.51913297412665,99482
2012-09-20,205.41868591308594,209.1952300729705,204.86704771922402,206.6492435000743,36908
2012-09-21,203.74258422851562,208.00711974484048,202.66054505472647,206.50073650242956,236146
2012-09-24,201.1329345703125,209.32251934240324,200.39035517052758,204.5275832550435,102412
2012-09-25,199.52047729492188,202.83025451088346,198.58694374705743,201.55726128173566,205348
2012-09-26,202.93634033203125,207.07356838898326,199.43560889922568,201.49361724054398,145896
2012-09-27,203.869873046875,205.80057428560795,199.43560807058915,205.80057428560795,116936
2012-09-28,201.87548828125,207.43422738505362,200.87830776709103,204.86701687417153,199230
2012-10-01,202.40589904785156,204.95188519939686,201.55723699733647,203.53037367487303,224146
2012-10-03,200.68739318847656,203.67892217814523,199.69021254206797,203.67892217814523,209378
2012-10-04,202.70294189453125,204.29418328594878,200.81466359689352,201.9603625785364,124618
2012-10-05,206.33099365234375,211.31688398738754,203.7001356999871,204.95191760222525,616948
2012-10-08,208.89820861816406,210.46823896770616,206.22492769819596,207.497921079049,468618
2012-10-09,216.32398986816406,222.7314050255707,209.6832107348488,209.7044350596096,761880
2012-10-10,214.01138305664062,218.27591818572964,212.63230704490894,216.8331821522725,232950
2012-10-11,212.42015075683594,215.45411552488193,210.12876541206626,214.28720500259058,154518
2012-10-12,209.42857360839844,214.4568988781604,208.77086569507549,212.58984494559516,75390
2012-10-15,208.1555938720703,212.1655275220597,206.224892751442,212.1655275220597,45048
2012-10-16,210.29852294921875,213.01423975054897,207.13725066552735,208.34659704685168,161016
2012-10-17,207.28573608398438,211.91094234425807,206.81896929818274,210.12875954786597,196196
2012-10-18,207.2645263671875,209.6195587400105,206.26734571444402,208.09196422405847,151886
2012-10-19,206.01272583007812,208.15559246373024,205.80056030399152,207.3069303593839,341398
2012-10-22,207.4342498779297,208.30412340720062,204.52757940641266,206.012738178036,59014
2012-10-23,204.71853637695312,207.41302839703968,203.2545889593231,207.41302839703968,129694
2012-10-25,208.3041229248047,210.04388292887438,204.52757893276254,206.58558724430023,92708
2012-10-29,207.5403289794922,209.95900830937103,205.99152316351112,208.77088649289263,64842
2012-10-30,205.52476501464844,209.61955742297943,204.10325328026943,209.61955742297943,42956
2012-10-31,205.2277374267578,206.54316644911364,201.7482301171237,204.5063823141843,26220
2012-11-01,202.40589904785156,205.80054724991197,202.10886215034918,205.3974275960952,112860
2012-11-02,201.5148162841797,205.33379579537532,200.75102556176302,203.27578757998643,82908
2012-11-05,200.5177001953125,202.78787466916697,199.60539071971502,201.59975250786238,92194
2012-11-06,203.65769958496094,204.84582138572884,201.55725563588027,203.6152638886,270226
2012-11-07,198.9688262939453,205.80055877302283,198.37476541523333,204.95189667498974,319210
2012-11-08,199.28709411621094,201.55726804089883,197.6534168274417,198.5869504066119,166608
2012-11-09,197.65342712402344,200.6874049396004,196.33801103424526,200.6874049396004,397218
2012-11-12,195.46810913085938,198.65059222628057,194.55579990008331,195.72271036840445,213354
2012-11-15,199.18099975585938,200.68738280963134,197.7382767216215,199.4356009853264,126910
2012-11-16,202.42713928222656,203.6364854665554,196.1470443927939,197.7382859643958,516924
2012-11-19,201.8330841064453,202.99999462555598,199.8811584663851,202.61809922739488,46594
2012-11-20,204.46395874023438,205.37626808499778,202.00283040253856,202.08770180884338,243842
2012-11-21,201.70578002929688,204.27297786516425,201.1329304854712,203.8910824857994,24630
2012-11-22,202.85145568847656,203.42430520270992,200.70858904027912,200.8358831769727,404320
2012-11-23,205.29136657714844,208.34655546232491,203.72134938718665,203.72134938718665,112860
2012-11-26,207.39181518554688,209.19522227411684,204.5275803978181,204.5275803978181,66076
2012-11-27,205.46112060546875,209.15279334833892,205.03678951206595,207.901024392535,55092
2012-11-29,209.28005981445312,210.99859522925868,205.3762093332553,206.1399999732678,175166
2012-11-30,211.40174865722656,213.7779923390774,208.43143110535618,211.6987726426795,258822
2012-12-03,209.61956787109375,212.9930053678707,208.13440898941596,212.9930053678707,71734
2012-12-04,207.45545959472656,210.8925438857947,206.712880214847,209.19521958892713,85544
2012-12-05,207.2432861328125,209.59833127439538,205.90664589005263,207.54032305322858,38900
2012-12-06,209.8105010986328,210.44699769864943,207.09477191225008,208.41020080886238,437924
2012-12-07,210.3621368408203,211.2744460899563,208.79210663566002,211.25323471538272,59166
2012-12-10,210.1924285888672,211.69879892594358,209.70445037752967,211.69879892594358,45894
2012-12-11,211.71995544433594,213.43849079677452,208.34651884933658,210.04384283181588,437238
2012-12-12,209.64073181152344,214.28716158410973,208.81329410583254,213.3960638668193,51096
2012-12-13,210.447021484375,214.28721289202272,188.78491031238724,188.78491031238724,122844
2012-12-14,211.59271240234375,212.5898931337009,209.87417652988862,212.14435063330384,72168
2012-12-17,211.16836547851562,212.90812554673624,210.0651020487008,212.16554613526282,27128
2012-12-18,209.55593872070312,211.74124152934064,208.36780374398953,211.74124152934064,46170
2012-12-19,211.16836547851562,211.93216921433694,207.13722010194564,210.02267929911957,152552
2012-12-20,210.31967163085938,212.12307850151058,209.0254671740965,212.12307850151058,23684
2012-12-21,208.1132049560547,210.29850765485259,207.34940116308147,210.29850765485259,44716
2012-12-24,208.85574340820312,209.61953410162565,206.6492168167848,208.34654097955098,22604
2012-12-26,212.01699829101562,212.52620071102018,207.51908674616044,208.36774881313102,71786
2012-12-27,208.85574340820312,211.91091913144888,208.47383511193618,211.91091913144888,40068
2012-12-28,210.0226593017578,210.44699035362555,207.34936590525749,210.31968326833163,89098
2012-12-31,211.63511657714844,212.16553040315634,208.55871638630268,208.983047447109,41230
2013-01-01,212.7384033203125,213.41733568217705,210.8925604129037,212.14434235976515,61352
2013-01-02,213.9901580810547,215.9845193333068,211.86850268485324,212.56865932524522,786810
2013-01-03,215.43287658691406,243.94792797228408,214.71150863105854,215.98450176523477,463354
2013-01-04,216.4937286376953,218.00009883669532,215.58140642890322,217.2575194245995,51546
2013-01-07,212.92935180664062,217.10901594760182,212.16556096698275,216.4088721863224,37746
2013-01-08,212.20799255371094,214.92370909151046,211.16837614531087,213.0142190798386,33942
2013-01-09,214.47816467285156,216.4300774186914,211.3168927243608,212.20799064503774,472828
2013-01-10,210.4681854248047,215.56015765282416,210.04385440580307,215.4965105898849,56784
2013-01-11,207.9858856201172,213.82043823235404,207.07357634702436,210.46822513959853,90512
2013-01-14,205.80056762695312,208.6648023310396,204.3366202650419,207.9222229633135,427748
2013-01-15,206.41583251953125,207.9222024801264,205.58838184004335,206.28852544215724,420062
2013-01-16,209.5983428955078,210.85011181625097,205.3762434545836,207.03113208259137,116130
2013-01-17,207.87979125976562,210.0014466368801,207.0947761803219,209.76806972522022,68786
2013-01-18,206.28855895996094,208.38900305713832,205.80058079129512,206.77653712862679,70308
2013-01-21,207.7100372314453,208.30409807794697,206.22487864041352,207.43422465445047,55874
2013-01-22,207.9858856201172,208.34656964423968,206.22491414888083,208.26169824460234,44000
2013-01-23,205.9066619873047,208.9830623982433,204.35785609446773,207.96467036936127,91392
2013-01-24,201.42994689941406,207.92220653591747,200.496413445349,207.92220653591747,57986
2013-01-25,205.41868591308594,207.073574595557,199.5204862757879,203.2545947362127,26874
2013-01-28,202.7877960205078,206.8613764858322,202.15129947747448,205.41865357820106,43768
2013-01-29,203.76380920410156,204.52760004102905,200.7086199572754,203.67893780019492,68406
2013-01-30,201.9603729248047,205.33379707769433,201.55725323850518,205.33379707769433,63712
2013-01-31,204.527587890625,209.6195610331302,199.4356147481198,201.55727022416363,84222
2013-02-01,200.1993865966797,211.69876077867062,198.67180515811472,209.19521014373794,86694
2013-02-04,199.52047729492188,203.25458558726606,199.05371052098965,201.55726128173566,37552
2013-02-05,198.2050323486328,200.1145220380232,197.35637026445931,199.43558978077326,33866
2013-02-06,197.69583129882812,199.8387108460635,196.93204059756064,198.2050337327103,36008
2013-02-07,197.3988037109375,199.3507161226669,195.68025524032063,199.3507161226669,27754
2013-02-08,197.31393432617188,198.75665727757038,193.45251925804962,196.46527224304856,150774
2013-02-11,199.35073852539062,200.70860317702417,196.04096124267477,199.30831577654217,155300
2013-02-12,202.38470458984375,203.2545780844956,200.2842606594612,201.5572538416188,104538
2013-02-13,205.10043334960938,206.6492392261775,200.7510397108654,201.55726618569676,85314
2013-02-14,209.23764038085938,210.19238522983449,203.91227800906464,207.0735494666046,149122
2013-02-15,207.92222595214844,220.22782707992863,204.10324629180283,211.31687453912227,57944
2013-02-18,209.53466796875,210.4682014615065,207.51909547491502,207.51909547491502,302092
2013-02-19,211.59271240234375,211.84731366666702,207.66764950516463,210.4682375136041,54060
2013-02-20,211.65634155273438,213.43853730247852,209.61955750979004,212.16554403824904,93518
2013-02-21,213.92649841308594,215.98450661613717,209.61954080230208,211.74119607358045,155064
2013-02-22,212.69590759277344,215.34797626600002,211.74116287041184,213.4172754517127,102228
2013-02-25,211.8048095703125,216.40880336915535,209.3012593369331,214.4993139276628,34418
2013-02-26,207.79493713378906,212.52622613319096,206.88261494302026,212.1655421216727,44024
2013-02-27,208.38900756835938,210.04389628249174,207.07357855728478,207.71007521268626,28760
2013-02-28,204.31541442871094,212.10189231408825,203.254586731781,212.10189231408825,44338
2013-03-01,213.056640625,214.28719818307056,202.32105639183666,205.80057647284994,75828
2013-03-04,212.27163696289062,214.26599835206022,210.04389864393974,213.05665210328962,146970
2013-03-05,212.3352508544922,213.86284519580192,211.31685894347095,212.2503924158146,99532
2013-03-06,216.15426635742188,217.02415290874677,212.16555648540776,215.49655831214025,306210
2013-03-07,220.31272888183594,224.0468376630636,214.52059857124064,215.5602150243112,525138
2013-03-08,223.8983154296875,225.31981425602584,220.63096077760198,220.67338352798535,1008328
2013-03-11,227.22930908203125,231.21803187000816,224.91669935599512,225.55319602009044,225510
2013-03-12,227.9506378173828,230.81487231161873,224.89544917704228,230.81487231161873,78892
2013-03-13,227.9506378173828,229.0963367948994,227.01710435795778,229.01146540784055,107898
2013-03-14,228.0779571533203,228.75687652659624,221.0764942825672,227.03834081996143,51796
2013-03-15,229.18124389648438,232.57589309857482,225.85025472658035,229.13882114110547,403324
2013-03-18,232.08787536621094,232.59707781127457,221.71297590709935,230.39055114874034,56624
2013-03-19,225.36219787597656,231.68474053219532,222.03120967668718,231.68474053219532,251878
2013-03-20,224.5347900390625,231.26042695886338,222.03122643344085,224.95912109770262,247966
2013-03-21,225.48956298828125,228.69325769996394,222.37071377959757,225.31982018405188,124528
2013-03-22,221.7554168701172,226.6988844192515,220.31270670621572,225.12885420929064,179808
2013-03-25,220.8855438232422,223.19815344464936,217.25751818186401,221.9251601740525,162582
2013-03-26,219.16697692871094,222.32824828107692,216.87559195731504,218.5516917555749,22006
2013-03-28,222.7526092529297,228.3113361317976,218.1273900459712,220.63095381838252,67604
2013-04-01,223.81346130371094,229.1388118435857,220.67340055954094,228.24772682384076,45902
2013-04-02,224.0468292236328,226.55039316740692,222.39192751176643,222.39192751176643,188644
2013-04-03,220.63095092773438,227.44145960357847,220.0368770541989,224.0468109527788,49186
2013-04-04,217.6818389892578,220.2490367838699,213.86285935786734,220.2490367838699,51930
2013-04-05,219.23065185546875,220.65215054258852,216.40883995523106,218.5304952489098,17202
2013-04-08,220.22781372070312,225.31978629228007,217.4272391659805,225.31978629228007,11738
2013-04-09,220.7582244873047,223.4951648866236,219.888351031473,223.4951648866236,115644
2013-04-10,222.7526092529297,224.68331051854477,220.31270550320045,222.71016060477024,67856
2013-04-11,227.4414520263672,229.09635354814452,222.7738102870201,223.62247242144684,221608
2013-04-12,226.826171875,227.01712603934178,224.89547065579654,227.01712603934178,16512
2013-04-15,223.34664916992188,229.11756728296655,222.77381258292536,228.92661312092997,43602
2013-04-16,225.68045043945312,226.97468081454195,220.77943216862275,220.77943216862275,24098
2013-04-17,229.45704650878906,232.7880353448784,225.1925240558552,227.01714263930123,40676
2013-04-18,231.76966857910156,233.29725028872872,228.37501953627066,228.7144792607304,40562
2013-04-22,239.57733154296875,240.4684424030109,230.62395558638184,230.62395558638184,104402
2013-04-23,236.16146850585938,243.03563750512006,234.03981300603292,239.74707148038908,80650
2013-04-25,239.17417907714844,244.77532757115156,233.80638155476836,233.80638155476836,1277212
2013-04-26,240.2563018798828,242.27187483877591,237.62544357476716,239.74709932097042,90976
2013-04-29,238.77110290527344,240.17139028364156,237.8375693533235,239.3439395012515,62364
2013-04-30,246.04840087890625,247.76696271317152,239.74709381699157,239.74709381699157,127618
2013-05-02,243.86309814453125,248.4670804048032,238.2831335957672,240.59574336347566,86380
2013-05-03,243.01441955566406,246.09081994718642,239.0469083388529,244.4147069678445,137970
2013-05-06,244.92388916015625,246.1120109296494,242.31424282255045,242.7173625030335,141474
2013-05-07,244.66928100585938,247.23650466091323,242.67494572546548,244.43590410061253,92652
2013-05-08,241.99598693847656,248.2548697786395,238.9620355418644,244.6268445663673,353396
2013-05-09,245.11489868164062,246.11206652255896,239.3015567580945,241.48684663688437,257930
2013-05-10,242.33546447753906,245.26335922936886,236.6494436611704,243.9903660153756,61840
2013-05-13,237.77392578125,244.8178377067974,235.9917558486431,239.74707579121326,94912
2013-05-14,239.64097595214844,242.71737626317645,236.35241010242882,236.35241010242882,245520
2013-05-15,242.10206604003906,246.06957674365546,238.15579260739133,238.15579260739133,666212
2013-05-16,242.0808563232422,247.915408075117,241.18977150623667,243.99034598749213,106910
2013-05-17,242.16578674316406,243.99040546507942,239.00451457079302,241.8687497653831,273282
2013-05-20,241.38070678710938,246.06958559635515,240.72299884119127,243.16290237216398,188706
2013-05-21,239.76824951171875,243.52359476363605,238.04971397567385,241.86869334426754,234138
2013-05-22,240.10775756835938,242.33549598246566,236.81919133801202,241.02007984997334,251406
2013-05-23,244.1388397216797,245.58157553587563,237.62536898503734,239.7470240652609,210136
2013-05-24,243.9054718017578,246.53632937769305,242.65369007862378,244.41467421953735,95078
2013-05-27,282.45599365234375,289.81812752784936,261.8122762586867,261.8122762586867,3455274
2013-05-28,288.09954833984375,296.48008590138795,276.663822284902,284.2381205568309,1708820
2013-05-29,289.9878845214844,294.0190299773484,285.15049961480156,289.2240678210813,693988
2013-05-30,297.03179931640625,300.7659081851318,286.6144749630615,290.03033547537666,433594
2013-05-31,307.3005676269531,309.76168266556925,297.88041264552004,299.15340586195384,562080
2013-06-03,294.8039855957031,319.0545145257605,284.36545252871304,307.63999936219466,1237316
2013-06-04,287.6328125,301.65697542702327,285.6172398680264,294.0614387279403,716798
2013-06-05,282.0741271972656,292.76727717644394,280.12221429988756,287.27218369695197,470918
2013-06-06,293.67950439453125,295.84360825251616,275.39084680748465,282.0528493599996,668000
2013-06-07,292.89453125,300.5749135243638,290.8789585974285,296.28917992801524,383680
2013-06-10,293.531005859375,296.1830749401428,289.52107222943175,292.78842651676,319356
2013-06-11,293.955322265625,297.8803843095904,292.3852922682167,297.0105108742635,790394
2013-06-12,290.3273010253906,294.91007105038005,288.9694365256242,291.09109171303703,168954
2013-06-13,286.4659423828125,291.4942819335378,282.73183352896154,290.242499890153,225142
2013-06-14,289.66961669921875,292.78843971919093,288.33296346259453,288.41783485682856,563194
2013-06-17,286.1052551269531,292.5763046496614,285.2565928944668,292.5763046496614,98148
2013-06-18,284.38665771484375,290.66675169574734,283.47433565279687,286.2112759398271,189010
2013-06-19,283.283447265625,285.1505145658815,282.20140808214023,285.1505145658815,213324
2013-06-20,284.4503479003906,287.69649123637646,279.2310804515892,283.4531801561939,198688
2013-06-21,280.9284362792969,286.42352992206986,280.100985346365,286.42352992206986,85674
2013-06-24,276.0697937011719,283.4531649440917,274.20275246555946,281.33150951786354,73894
2013-06-25,274.77557373046875,278.74308469548066,273.842040215224,275.81519001110235,75740
2013-06-26,274.7543640136719,281.03445858273324,273.77840774603277,274.96652954572875,69566
2013-06-27,280.3130798339844,281.9255585350113,276.1122179999774,281.9255585350113,143384
2013-06-28,286.12640380859375,287.8661765434515,279.0613078106773,281.7557994487737,621320
2013-07-01,291.62158203125,294.7828542698336,282.20142534747043,285.1505320116406,311070
2013-07-02,289.7120361328125,292.7884363700339,286.4234703619897,292.7884363700339,69688
2013-07-03,287.3993835449219,291.51539945946985,287.2720894236697,291.51539945946985,30888
2013-07-04,291.8760681152344,294.2735486259037,286.42342512254504,286.42342512254504,64428
2013-07-05,284.7261962890625,296.1831371233467,283.02887172102044,293.63715027128353,293564
2013-07-08,283.9835510253906,287.99348456858974,280.90715095824964,284.3017993081983,53392
2013-07-09,286.6993103027344,288.1208090895541,284.3230406676819,285.15049147007414,105612
2013-07-10,288.3329772949219,291.7276260342293,285.38387102282564,286.7629470731693,80718
2013-07-11,288.03594970703125,293.21279438246364,287.0175705916265,288.9906946959756,113126
2013-07-12,287.6328125,290.6455787104183,286.1052309701497,286.4234792804613,46592
2013-07-15,288.60882568359375,290.6668212848692,287.8237975610917,288.54516565505264,152726
2013-07-16,288.29052734375,289.818108772658,285.405055468305,287.16603969530934,112304
2013-07-17,297.052978515625,309.3373689221935,286.1901128198413,288.54514522234786,1215276
2013-07-18,303.0784912109375,305.94272616462854,296.607441871117,297.05298435075696,418008
2013-07-19,301.2962646484375,305.9214835724485,300.3839684068604,304.35145346710726,230244
2013-07-22,305.4971923828125,312.710821360451,300.63859592099163,303.8210792934792,268120
2013-07-23,312.2602233886719,314.3213416990888,306.1627276385933,308.6962024881637,234966
2013-07-24,311.5732421875,320.7624307403205,309.5980087868421,312.26029926361184,280656
2013-07-25,310.9505615234375,317.756552882159,309.94145404253806,312.968724068153,122640
2013-07-26,306.3988952636719,313.3337277541824,303.4575106542963,311.7449397616229,189864
2013-07-29,307.6656494140625,308.73915133106897,301.7828536671583,304.87454442984557,95568
2013-07-30,300.49462890625,310.4352663981334,298.4335106213646,308.73912825433257,118604
2013-07-31,300.1940612792969,302.2981354898449,291.1766453058782,296.3079896372226,85466
2013-08-01,301.9761047363281,303.586357694396,297.2956256547931,300.1511513838512,106370
2013-08-02,304.1874694824219,306.5706381501501,299.2922909688133,302.7489613975487,94464
2013-08-05,315.6310119628906,317.73508609408975,302.255194498541,305.7333300451322,192230
2013-08-06,310.5211486816406,314.3213346623802,305.1106837533113,313.462533201554,111748
2013-08-07,302.427001953125,316.4684144577495,299.7217819423462,316.4684144577495,333516
2013-08-08,298.068603515625,304.2949156945013,292.89430242772096,299.78620687531503,54590
2013-08-12,315.6095886230469,331.9268190552588,298.5409067893515,300.1511597925303,2989026
2013-08-13,320.8912048339844,328.40571865216265,317.75658431153886,319.4741874699796,1522498
2013-08-14,323.61785888671875,326.7739436541014,318.6153300806087,321.6211350813692,385922
2013-08-16,318.9374694824219,326.3017042696085,315.05139717607886,319.4742205249706,352952
2013-08-19,312.6252136230469,319.90356164307764,309.16854279599454,318.8944803548687,180430
2013-08-20,300.6234436035156,309.98440057819744,297.2526583226377,309.98440057819744,269034
2013-08-21,294.9124450683594,309.51207132133305,293.28072737591214,302.34107318478146,283326
2013-08-22,304.6383972167969,307.0215663713974,289.8455346862843,292.5292896370832,143452
2013-08-23,306.8283386230469,309.96295924406644,304.8960350090361,305.73337181681643,294568
2013-08-26,303.26434326171875,309.61947045225486,302.0834909516731,307.45100145188053,78182
2013-08-27,296.54412841796875,302.2981085817766,294.139494855848,302.2981085817766,107328
2013-08-28,297.0593566894531,299.72164589180363,282.4597349697951,296.2864407812959,121756
2013-08-29,302.6631164550781,304.7886554675826,292.48633936779805,297.5747279114381,154040
2013-08-30,301.6111145019531,305.7333514538688,298.86293906164707,303.15694680678564,86734
2013-09-02,307.9662780761719,310.88619845531355,302.08348151010097,302.08348151010097,186522
2013-09-03,313.35516357421875,315.6095172689973,310.8861095275565,310.8861095275565,209070
2013-09-04,321.4064636230469,323.7681677645656,313.4410848965422,313.4410848965422,436762
2013-09-05,322.0505676269531,326.21576020997014,318.7227117614746,323.7252410620302,187876
2013-09-06,314.5789489746094,324.1760705472444,313.4625176144668,317.7565247050759,101616
2013-09-10,317.1553955078125,319.43124053605146,314.3428257302379,316.897765531448,133708
2013-09-11,319.8176574707031,330.2091603461926,317.8638893969689,324.1975501448315,342712
2013-09-12,320.4402770996094,324.58400439912054,318.1859233913709,319.90352621669547,242338
2013-09-13,319.02325439453125,322.4799247779399,316.16772926428047,322.0505240791677,74546
2013-09-16,314.4501953125,321.62119379366715,313.46257873081043,320.3329914153214,139772
2013-09-17,310.6499328613281,316.89770762772815,309.168495246564,314.45011846531855,59046
2013-09-18,323.1885070800781,325.27109037662984,312.19583140294964,313.3337539517111,300266
2013-09-19,328.34130859375,334.50319914725594,323.0167285732006,326.34458453390823,509846
2013-09-20,326.4090270996094,331.2397860773535,322.0720633144634,326.3446064964882,179114
2013-09-23,320.2041320800781,325.0563551249109,317.8638928417639,320.7623477916888,71436
2013-09-24,322.75909423828125,328.0621831819547,319.9035686787385,321.92175750808474,208534
2013-09-25,323.25286865234375,325.9151584558786,321.19175036231513,322.47995256965066,191164
2013-09-26,325.678955078125,326.7739215841699,322.60872969414896,323.3387161010249,434022
2013-09-27,333.45111083984375,336.6072217335969,324.1975309272699,324.1975309272699,432920
2013-09-30,352.9674072265625,359.40841830733916,333.94495974304357,333.94495974304357,601698
2013-10-01,358.16314697265625,372.7198425510984,352.9674084988512,356.960830141619,721590
2013-10-03,353.7618713378906,361.98490790236565,352.9674902677871,360.5678903729271,202084
2013-10-04,357.5620422363281,360.6966627542695,353.76182952861194,354.5347719156351,214374
2013-10-07,363.1012878417969,365.8494633078082,353.074790146532,358.5496500727932,292866
2013-10-08,370.5513610839844,375.29623385613246,364.13181500000036,366.70821935141544,337170
2013-10-09,374.1368408203125,378.64554836495984,371.43162153523207,371.86102225376993,230588
2013-10-10,368.0179138183594,375.7256626539401,367.13764750756434,372.7198573527086,83178
2013-10-11,365.78497314453125,372.44068394600237,364.56119164186975,368.42579791369167,248622
2013-10-14,372.2688903808594,376.1120313535721,362.84354108378074,362.84354108378074,185944
2013-10-15,361.4266357421875,375.61832604288213,360.69664918664876,375.61832604288213,67020
2013-10-17,359.5157775878906,362.32834725594716,356.40262215341795,358.7643262761213,205276
2013-10-18,371.1954345703125,374.5662195293514,360.503346823571,362.69330608455607,130162
2013-10-21,372.569580078125,376.79916708275954,371.00225681994783,371.19549240375005,116082
2013-10-22,375.9832763671875,378.3020508398608,371.43163901984065,375.70418161212393,91186
2013-10-23,393.69610595703125,402.77794319805986,377.44329645106035,378.64561342785316,416324
2013-10-24,397.9900817871094,417.1628361016522,393.7175652148682,395.04869708030884,491538
2013-10-25,398.9132995605469,410.03478954732014,393.5887197396157,395.4780935363441,217310
2013-10-28,395.3922119140625,402.9926105567887,388.1782844361609,396.1221984428743,224622
2013-10-29,399.0421142578125,404.88198021988325,388.19974525171875,390.75468497209084,188476
2013-10-30,405.6548767089844,409.66976306924226,399.3426807077028,399.3426807077028,171634
2013-10-31,403.44342041015625,411.7952692247752,399.3426489875296,406.2130601529065,158216
2013-11-01,403.6152648925781,411.19417286854025,401.4897258083546,404.6243462333849,132850
2013-11-05,400.4377136230469,407.9307628776131,399.34274681703175,405.8266884593526,70524
2013-11-06,405.4401550292969,413.46995353623237,399.7720604238989,399.7720604238989,152880
2013-11-07,401.9190979003906,408.53187986635646,398.67712751266737,405.3972334564966,63876
2013-11-08,394.98419189453125,404.66719787372426,393.7604104805962,402.13372346246274,88306
2013-11-11,375.9832763671875,414.3717128949667,372.1186697184262,397.4748043085211,593196
2013-11-12,388.3285217285156,407.0289436217912,382.1666320214728,399.6432461657357,890924
2013-11-13,381.7372741699219,396.5516003328716,379.63319997060773,390.2823597444316,278422
2013-11-14,385.66632080078125,390.75470955720203,383.5837112939491,383.97018247912644,94908
2013-11-18,384.3351135253906,390.02467312950665,382.16664510666203,384.3995341175326,102510
2013-11-19,384.8289489746094,387.40535341825745,381.78018799116774,384.3136628441715,118410
2013-11-20,384.4425048828125,387.68447546087395,383.45488835161103,386.4606937474244,87126
2013-11-21,377.3144836425781,396.10076841558146,374.8883586684753,383.4549097666737,334470
2013-11-22,375.06005859375,383.15425156294845,373.36392053305923,380.12698177330725,162586
2013-11-25,377.4217834472656,380.23435303603287,374.0080423426139,374.0080423426139,144976
2013-11-26,381.6513977050781,389.25179654732466,377.87267618493735,379.99821523018625,271814
2013-11-27,375.66119384765625,384.70009959607177,373.57861092533864,379.69757093187434,67070
2013-11-28,376.4341735839844,379.59025857628683,374.58772941366914,379.0320428495006,102420
2013-11-29,376.3697204589844,385.43006491188873,375.2962186892782,378.7314243523379,115108
2013-12-02,386.4821472167969,395.0486975854952,377.872667255691,378.73146877218124,326942
2013-12-03,388.672119140625,398.26921590847945,383.4763540758844,385.90247892036143,235476
2013-12-04,381.97344970703125,391.6135022351197,381.3293485520393,388.5218114494496,98826
2013-12-05,377.7867431640625,388.13531610284747,377.12117729866776,385.6018414052988,106558
2013-12-06,372.483642578125,381.09312137422364,371.5389557961093,376.6917641977889,103914
2013-12-09,373.3853759765625,377.82968897683867,366.72966508140615,377.82968897683867,224690
2013-12-10,372.9560546875,379.16090140750845,371.4316871092807,375.72569505274055,146468
2013-12-11,381.84466552734375,384.74312095867305,369.04852679073974,373.12783443483283,134018
2013-12-12,377.8940734863281,385.17242045230165,374.69503309147706,379.6975616331636,259570
2013-12-13,382.059326171875,383.32606365545706,374.8668634425927,377.01386724237847,114248
2013-12-16,377.7652893066406,384.82893650242005,375.8329860365299,378.130269440912,101764
2013-12-17,381.1361083984375,383.0040174506655,375.7256692447305,380.4061480650248,83782
2013-12-18,380.47052001953125,383.75544616035813,377.2285496777822,380.68522038929666,74966
2013-12-19,376.3482666015625,381.28637488570683,374.9312494660813,380.0196375189357,50494
2013-12-20,383.7554626464844,388.1782852119474,374.99567670031996,376.348299571367,235362
2013-12-23,379.826416015625,388.17826557755836,378.3449782338255,386.76124838961397,101094
2013-12-24,389.08001708984375,390.7546905326865,376.9279808567445,376.9279808567445,100700
2013-12-26,389.7670593261719,393.1163798769708,384.8718803767832,392.0214132249748,181250
2013-12-27,393.18084716796875,395.04873013682834,386.97600045834986,386.97600045834986,127504
2013-12-30,394.426025390625,402.7778746210096,392.9231228733824,395.4780623944028,193780
2013-12-31,395.30633544921875,399.342713140725,393.3311024052732,396.7663085398171,63112
2014-01-01,394.38311767578125,400.63089324513044,392.9875652609402,392.9875652609402,75038
2014-01-02,390.41119384765625,397.1957209200412,389.165921104057,392.042911567565,348310
2014-01-03,393.69610595703125,395.90753052090747,383.47637234147595,389.831498826133,64392
2014-01-06,390.2823486328125,395.02722163574145,384.87188350656265,395.02722163574145,234382
2014-01-07,388.1138916015625,392.85879127397845,385.60190747614337,389.03711377882615,225032
2014-01-08,389.44500732421875,392.4722773068136,386.8900676733469,386.8900676733469,53724
2014-01-09,385.4086608886719,390.7547057864702,384.31369415262725,389.50943305384317,69824
2014-01-10,384.7645263671875,392.90167560084774,383.8842600952545,385.6018630487008,205446
2014-01-13,385.8809814453125,390.754669309882,383.88425754179616,384.9577593805596,281088
2014-01-14,388.629150390625,391.1840901398329,386.65391738925246,389.4664871095812,75610
2014-01-15,389.5308837890625,393.26664918364656,384.3136544215988,389.0370624647693,271908
2014-01-16,391.14117431640625,392.77289201087655,387.74889772882756,392.4723062282928,80550
2014-01-17,385.06512451171875,391.1840852301932,384.3136731954148,387.4268286486738,30736
2014-01-20,381.2434387207031,388.60767193752133,380.44905783054577,388.60767193752133,42368
2014-01-21,377.74383544921875,386.13861465738756,375.76857632412293,380.0625837153644,91158
2014-01-22,375.2961730957031,379.5901796528622,372.3118332967703,375.87585349750515,139710
2014-01-23,374.7165832519531,380.87847366721087,373.5786607558889,375.7471293496025,40168
2014-01-24,371.5175476074219,376.9279867701074,369.1773081933912,373.62159563355834,58920
2014-01-27,365.4414978027344,369.3705250922807,360.7825102154945,369.349060296797,111788
2014-01-28,371.68927001953125,374.4374452386442,364.9906289596876,364.9906289596876,60206
2014-01-29,372.8916015625,375.4250501249927,367.3093921152083,375.4250501249927,50380
2014-01-30,373.4927673339844,375.59684149367257,363.4018497028867,371.86104972470673,41242
2014-01-31,378.9676208496094,380.0196579126578,370.9163569107819,375.1674347538994,103232
2014-02-03,380.491943359375,382.61748203017845,377.97995979022255,380.01961308076903,86688
2014-02-04,375.5968322753906,379.89083967259745,371.8610405981124,378.795873028018,26086
2014-02-05,373.66448974609375,377.8081907245645,371.86100158675976,377.8081907245645,21390
2014-02-06,380.9643859863281,383.02550453584354,374.05101754480347,375.7256911085909,35704
2014-02-07,386.8041687011719,389.8958591697768,381.02872369533,383.34749809891883,85040
2014-02-10,390.8405456542969,394.61926679759296,387.74885518849453,388.60765663963184,125062
2014-02-11,387.0189514160156,394.53346571925556,384.8934121285328,392.77293285162915,32498
2014-02-12,388.9297180175781,390.7332063569113,387.81328658341715,389.03706820196055,65492
2014-02-13,386.2030334472656,390.75467077729905,384.44247469995753,389.89586930306325,240502
2014-02-14,387.57708740234375,391.5919999424823,382.61751422550486,388.9941307744753,302986
2014-02-17,386.69683837890625,395.8645600740498,383.0254672251271,395.47808891742386,210380
2014-02-18,392.0643005371094,395.8645124247018,385.7735960610829,386.4606266917862,215794
2014-02-19,392.0643005371094,392.0643005371094,392.0643005371094,392.0643005371094,0
2014-02-20,388.586181640625,393.28812470383485,386.03124214887725,393.28812470383485,155252
2014-02-21,384.57135009765625,391.3988333738826,383.240218086879,389.03712894869733,46476
2014-02-24,382.4887390136719,387.74889848930195,380.49201493338273,385.172493848177,62362
2014-02-25,384.37811279296875,386.46069606054436,382.209617920461,383.06841946726223,71470
2014-02-26,380.70672607421875,386.4607070853516,378.79591354490975,386.4607070853516,221554
2014-02-28,381.4796447753906,386.35333290657735,378.8602844203901,386.35333290657735,67702
2014-03-03,371.9898376464844,386.03124640019035,370.52989092693576,386.03124640019035,363658
2014-03-04,371.30279541015625,377.8726209647677,369.7569371447224,371.9898260557674,219866
2014-03-05,382.6175842285156,385.60192508193904,373.1493016661526,373.4498874730703,178314
2014-03-06,379.7405700683594,384.6786790482264,373.62160894113276,380.57790683274123,77346
2014-03-07,375.6826477050781,383.00392371223285,373.5785739888528,379.7404629729555,66682
2014-03-10,375.8329772949219,381.3078364328942,374.8668256823385,375.72562711574597,69494
2014-03-11,375.1029968261719,379.37553926732517,369.9716529378939,374.008030222796,123866
2014-03-12,371.9039306640625,375.29620663075355,371.02366448289484,374.67357038262185,171090
2014-03-13,370.5298767089844,377.0138168339893,369.71400489073443,372.3118738994203,98408
2014-03-14,368.5976257324219,372.29046181370825,367.18058224657364,369.3490770682627,60770
2014-03-18,367.5455627441406,372.7198363363647,366.708226072875,370.89488322066245,201166
2014-03-19,366.8370056152344,372.2689348477312,366.3002547507006,370.01458121668946,155970
2014-03-20,367.4811706542969,369.2846591149389,361.98484608592264,365.5059376122155,96402
2014-03-21,368.55462646484375,375.2962228958711,364.3465047221357,368.6405118490908,492056
2014-03-24,363.2086181640625,373.49277148889104,361.5554357405895,371.8610538614614,213364
2014-03-25,361.1904602050781,367.9964517760965,359.19373618518637,364.13184493130666,203422
2014-03-26,357.60491943359375,364.96915236919705,355.11440046406653,362.84361353341745,131786
2014-03-27,350.6915588378906,361.5339265718243,347.4280977750288,355.6511317081406,300068
2014-03-28,355.9732360839844,357.2614383858565,352.7098007359923,357.2614383858565,486708
2014-03-31,362.15655517578125,363.27298649483225,355.95170991652,355.97317470947513,147232
2014-04-01,361.2118835449219,366.0641063403352,358.5495938934661,360.86836821763006,144852
2014-04-02,360.46044921875,364.5612209619495,358.9790114536982,359.4084121851022,233062
2014-04-03,361.5984191894531,362.7578066424398,359.90230692127295,360.69668795298907,361954
2014-04-04,369.6925964355469,370.9163781408775,359.8378435686584,359.8378435686584,272854
2014-04-07,357.54052734375,371.3457450505115,355.97320420010413,371.3457450505115,177368
2014-04-09,367.0303039550781,370.14345950193314,358.18465867777616,361.94191537225635,192290
2014-04-10,375.96173095703125,377.0996531541416,369.7783773699924,371.0021587296099,264250
2014-04-11,381.45819091796875,382.29552772126124,375.6827711138826,375.7257007105458,153834
2014-04-15,379.1393737792969,383.77689634800385,373.8792149202613,380.4490407433079,156474
2014-04-16,377.8511657714844,381.2649067097793,376.28384267265426,379.1393679211398,104894
2014-04-17,379.7834777832031,380.8784443940371,376.58443712916636,377.8726393086276,74298
2014-04-21,383.4978332519531,384.31370523251246,380.10558275212225,382.0378862979841,86532
2014-04-22,391.8067321777344,396.33690499419345,381.54404343932134,383.88428284378,362978
2014-04-23,383.24017333984375,395.0486940870098,380.01966768152573,391.8067236326781,253636
2014-04-24,383.24017333984375,383.24017333984375,383.24017333984375,383.24017333984375,0
2014-04-25,382.1666564941406,385.1724616575777,378.3879352446708,385.1724616575777,307606
2014-04-28,382.7892761230469,385.7306605642337,380.01963624430414,380.01963624430414,487736
2014-04-29,370.4869079589844,383.0254132765615,368.42578990054903,379.633137361661,68400
2014-04-30,371.0237121582031,374.00805260728305,363.8527144038178,370.1434458639242,72960
2014-05-02,367.5025939941406,374.60919684343276,364.99061027741203,369.2846174571463,39354
2014-05-05,369.54229736328125,374.43747669337813,363.8312722838639,363.8312722838639,60912
2014-05-06,365.16241455078125,373.4927735186319,362.9295253707493,367.8032134834807,50042
2014-05-07,368.5761413574219,371.43166696839967,362.22101518741687,362.22101518741687,64028
2014-05-08,368.7264099121094,371.58190902459796,364.9906183414942,366.0641201601457,84948
2014-05-09,366.2143859863281,371.1739851664745,364.75443929367947,367.2234933825591,152378
2014-05-12,364.6040954589844,368.64047220769004,362.220927001504,363.74529412594376,105258
2014-05-13,375.3606872558594,377.65797085324374,364.9906483516284,367.05176677119965,139330
2014-05-14,382.5746154785156,384.27075373603356,375.72566805904506,376.1121392296086,778514
2014-05-15,378.5596618652344,383.88424124284643,372.80570797888834,382.57457429686906,100596
2014-05-16,370.6586608886719,382.1665935192289,369.7139741798383,380.1054755599337,171916
2014-05-19,354.5347900390625,373.1493047100525,352.5166009859181,373.1493047100525,192606
2014-05-20,358.7428894042969,361.55545929127913,354.2556459801726,354.89974715468196,332272
2014-05-21,359.8807678222656,361.12604051435284,356.4026321366383,359.193737087106,132094
2014-05-22,357.819580078125,372.71978886069195,354.9855460840278,361.2118559209864,318408
2014-05-23,372.3118896484375,376.58443206119324,360.9113057553397,362.71479402402264,320388
2014-05-26,373.4713134765625,385.17248426384197,365.4200491733886,379.16087358413876,476702
2014-05-27,374.1153869628906,382.1666506708438,361.5554155784837,375.081538607845,765514
2014-05-28,378.2161865234375,386.460686408528,373.1277979691423,377.87267115500515,364558
2014-05-29,373.278076171875,379.89085837250036,367.56705129417634,379.89085837250036,204618
2014-05-30,378.34490966796875,380.0195827192988,371.90389979137046,373.14917218426064,151772
2014-06-02,382.724853515625,392.9016557421291,379.3111125764854,382.5960385423355,324736
2014-06-03,385.6877136230469,390.32523593702655,378.73141704780795,383.02542404381484,139940
2014-06-04,385.98834228515625,389.23031268601454,381.4796344378782,388.5862115649748,423078
2014-06-05,384.2922058105469,387.9635769751892,382.3169466387302,382.3169466387302,92562
2014-06-06,379.93377685546875,388.35004724730345,378.08735887948063,384.2922049341458,255702
2014-06-09,378.387939453125,380.59933755141003,377.8726533205251,378.73145480534447,174412
2014-06-10,376.09063720703125,382.596069066837,375.4036064889812,380.0196645613364,145836
2014-06-11,416.1966857910156,424.2479500247856,374.50188256248254,374.50188256248254,1859094
2014-06-12,421.3709716796875,428.97137057421253,414.37174434846355,419.4601330054912,525960
2014-06-13,397.796875,420.8127452787687,395.37075021982275,420.8127452787687,289058
2014-06-16,407.2865905761719,410.50709603671095,397.7324243765727,397.7968449691997,265432
2014-06-17,406.7713317871094,408.4889348147831,402.77790998947654,408.360119829416,96892
2014-06-18,401.3608703613281,417.29162707159736,390.3252662819456,407.5012956012831,472860
2014-06-19,394.4474792480469,404.49546628242734,391.6134450632417,403.63666486781494,83826
2014-06-20,393.2452087402344,403.63671232040434,391.6349558985306,393.1593233469684,113850
2014-06-23,400.4377136230469,404.0661556503515,393.1378999715527,393.1378999715527,208798
2014-06-24,404.4954528808594,405.3542542670183,397.2171058914547,397.2171058914547,170376
2014-06-25,428.2199401855469,433.13658449982984,401.94060645112756,401.94060645112756,694676
2014-06-26,420.46923828125,428.4560821018927,418.2363490405569,428.4560821018927,189124
2014-06-27,419.1595153808594,422.1008997737919,413.2981851803405,417.6136570929832,88358
2014-06-30,433.00775146484375,439.7063930632493,416.5187512415545,416.5187512415545,316164
2014-07-01,436.3570251464844,447.8649594181083,433.69473539049795,433.69473539049795,207484
2014-07-02,442.39007568359375,446.1258408448355,436.3570010288158,440.1142309835686,562676
2014-07-03,437.2802429199219,446.42649985424305,434.7682590179018,446.42649985424305,113086
2014-07-04,435.86322021484375,444.8591710487049,432.8788798005597,440.13576286189436,137362
2014-07-07,431.6980285644531,442.28276741364283,430.6889472969745,439.66343335218255,44722
2014-07-08,438.1605224609375,446.14736568467697,430.25953841775396,433.8450240878188,261308
2014-07-09,428.39166259765625,444.8162410503898,423.1100124813166,443.1415676659102,275232
2014-07-10,427.25372314453125,437.10847506580416,417.1842708598692,429.4007267784234,153424
2014-07-11,422.7665100097656,431.5477607310258,419.99686988575354,428.5419554324017,68694
2014-07-14,420.9630126953125,427.68314488296454,416.06785989466863,420.38333216909865,44728
2014-07-15,422.3585205078125,433.26530883504387,417.8068835445963,420.8126884621833,56560
2014-07-16,419.5245056152344,426.4593377626075,417.37750200410215,419.09510489300794,53042
2014-07-17,424.33380126953125,425.965518781219,416.08930211592866,416.08930211592866,71946
2014-07-18,427.103515625,428.9713986190524,419.524581031846,419.524581031846,296974
2014-07-21,443.29180908203125,444.42973143821143,425.64345051992956,425.64345051992956,156106
2014-07-22,446.8129577636719,449.15317081302544,440.13575533781176,440.13575533781176,145508
2014-07-23,454.06756591796875,456.13101575112864,441.0135359605251,447.44280592729757,142498
2014-07-24,462.4300231933594,477.851597475524,447.4428594543543,451.78696488595,401972
2014-07-25,466.44830322265625,473.5074742842331,456.1744836565432,464.38485322004146,139874
2014-07-28,465.3188781738281,467.0347786604511,453.9590315162827,462.6472426457809,381396
2014-07-30,483.1296691894531,485.23654960034503,461.3439710613844,461.3439710613844,349376
2014-07-31,498.8770446777344,501.28799121226444,483.9333123965673,483.9333123965673,260332
2014-08-01,499.3548889160156,503.9161993410858,487.86475196145653,490.88388384088535,224138
2014-08-04,484.2590637207031,507.3914208798217,477.02611890466295,499.572032544345,485328
2014-08-05,490.3408508300781,494.7935584455893,470.9009809965047,484.36770646780695,111522
2014-08-06,500.2671813964844,508.69475671638486,489.0376792258499,494.35920849124335,256746
2014-08-07,498.55126953125,508.17347364998125,495.2280182765627,508.17347364998125,77868
2014-08-08,490.92730712890625,502.8735961632416,488.7118241319003,498.70326586970805,128678
2014-08-11,502.15679931640625,506.04480513221864,491.1228149722257,491.1228149722257,245326
2014-08-12,500.63641357421875,515.2109086344797,493.0559707421032,503.91623441483677,515634
2014-08-13,492.4911804199219,505.63209851937415,480.93587130844304,500.701549772082,292366
2014-08-14,517.3612060546875,520.8582320769983,493.05595780433123,493.05595780433123,449826
2014-08-18,551.7446899414062,553.8733117058425,521.726939104876,521.726939104876,285910
2014-08-19,557.5659790039062,569.8815083317676,545.1852774833676,549.5293832800478,509700
2014-08-20,547.400634765625,562.1271606305264,543.5561126266972,560.6067239518504,546584
2014-08-21,541.3624267578125,551.2670088854104,538.2346918904835,548.6605454864251,343016
2014-08-22,542.904541015625,553.4389960023254,538.7124689409651,544.9462492242768,559302
2014-08-25,531.001708984375,544.1860581688561,526.9399810715364,540.4067077106276,244970
2014-08-26,545.8802490234375,557.7396774351721,522.7478888250824,530.8496556317342,238488
2014-08-27,547.2921142578125,559.9551922443952,542.5787704524823,551.1801204509316,474186
2014-08-28,539.9288330078125,551.5058836948119,534.324926828037,543.0131370203628,315378
2014-09-01,548.4866943359375,556.4798582530254,533.4561014322524,533.4561014322524,124256
2014-09-02,546.1192016601562,553.8734189193008,536.4969979335972,553.4390083946582,234388
2014-09-03,556.783935546875,559.4773125555171,547.3572485881958,547.3572485881958,295162
2014-09-04,544.9246215820312,556.0020909537594,538.6690988605052,556.0020909537594,158412
2014-09-05,547.7265625,552.5702510135898,538.7125430750534,544.8594633127319,311856
2014-09-08,552.1574096679688,558.2174140801936,547.3571531058708,549.9636157397083,605970
2014-09-09,553.8952026367188,564.7337248365519,551.4190306414098,558.0872220943302,385052
2014-09-10,567.3619384765625,571.2281500742978,556.0455220698593,556.0455220698593,673542
2014-09-11,584.6732177734375,597.2711247560243,569.0778671444391,569.0778671444391,452776
2014-09-12,600.2250366210938,603.8740958522767,588.539435231525,588.9303623042042,228722
2014-09-15,634.8475341796875,640.321096036691,595.7505880173387,601.180719428776,369028
2014-09-16,623.965576171875,656.4377644349207,610.3902466304679,638.5835016277883,369012
2014-09-17,631.263671875,638.5834786951333,612.9532574413831,638.5834786951333,130692
2014-09-18,614.32177734375,639.3655597222368,612.518962698873,631.1986190081294,234548
2014-09-19,597.4013061523438,622.4668241452691,587.4098645224955,622.4668241452691,356392
2014-09-22,594.8817138671875,606.4152801379298,587.3229610117555,605.5682009248426,160510
2014-09-23,602.2449951171875,606.0026566043664,588.1918258367829,597.7488569803642,110008
2014-09-24,604.5474853515625,615.9941933601085,593.7523932034117,609.9124453297547,98588
2014-09-25,609.9122924804688,614.2563971277656,599.9208517916861,599.9208517916861,114254
2014-09-26,611.6282958984375,619.0350167843976,597.5316951487291,603.8306479510966,121966
2014-09-29,611.99755859375,622.6840467242571,605.5248312738023,605.56826171985,216340
2014-09-30,604.7210693359375,622.5535859369346,577.7658805399033,606.0025589121541,599390
2014-10-01,607.6968994140625,616.3416795439043,591.2327297649198,594.2736034668701,140890
2014-10-07,608.84814453125,615.5597665043359,599.5083174459689,601.6586285169409,133370
2014-10-08,595.8809204101562,610.7812232412201,591.7757619917155,604.9166809128016,91568
2014-10-09,587.2578735351562,601.8323682554492,586.8886351846226,593.9260646689447,260132
2014-10-10,578.5480346679688,589.0607495472547,566.449657529064,582.5445908133248,244760
2014-10-13,583.4567260742188,590.8851349437577,571.358404376663,574.5078804699766,146574
2014-10-14,582.110107421875,587.6488416529413,579.9380547822411,582.5445179498017,176492
2014-10-15,582.110107421875,582.110107421875,582.110107421875,582.110107421875,0
2014-10-16,575.0726928710938,587.9529229324835,564.8423034638533,576.4845271231665,495862
2014-10-17,583.3915405273438,588.8434133340289,572.9874306068493,574.2906620638778,195014
2014-10-20,590.8200073242188,597.1840785710757,584.3255386904669,585.1509292260578,173632
2014-10-21,604.3084716796875,609.2607622782633,592.9921093026767,592.9921093026767,219884
2014-10-22,610.2816772460938,620.5989282597113,600.094770614628,606.4371543162198,118750
2014-10-27,625.3123168945312,639.8868137344942,622.0542373948648,634.2394759350724,87758
2014-10-28,627.9186401367188,641.5591405320129,625.3121771196036,627.2453356744728,142900
2014-10-29,633.8919677734375,641.4507233136073,630.0040138605691,634.1091730876456,189000
2014-10-30,647.92333984375,663.3449144763032,634.2394074233155,635.3688642554662,369978
2014-10-31,664.9956665039062,672.0548376797635,649.8564169746254,649.8564169746254,239430
2014-11-03,655.177978515625,669.8828182404546,652.3543099052113,667.2546131685398,110236
2014-11-05,674.3571166992188,684.6309354414863,651.6157380470999,652.4845590311627,396888
2014-11-07,660.369140625,682.0244937211863,659.4351474323317,675.964488380146,384674
2014-11-10,659.7391967773438,667.9061352852902,658.2405017827876,661.60718311512,213936
2014-11-11,664.4742431640625,671.164174996287,656.3942190416761,659.7391584434775,268280
2014-11-12,694.8179931640625,704.8311784202547,666.8636824561729,667.2546625907619,675442
2014-11-13,693.8187255859375,713.3020254813318,682.0244701618094,694.6223743877282,377754
2014-11-14,705.6130981445312,724.9443681830229,700.2915687519128,702.8762903883028,412222
2014-11-17,714.1708984375,740.192099320845,712.4332563488443,738.4978876786801,754234
2014-11-18,723.20654296875,729.8095606392765,718.9492993202397,718.9492993202397,318822
2014-11-19,738.0199584960938,751.4432526322274,727.2465576226983,727.6375376516385,591780
2014-11-20,726.5515747070312,746.1869084592626,717.2117487840411,741.9731477426664,147370
2014-11-21,727.1163330078125,731.8948486188532,721.1214467570561,731.0911467522768,207384
2014-11-24,717.8850708007812,736.3257747444358,716.7773028485658,731.547259392112,149238
2014-11-25,690.3651733398438,724.162332819663,678.5492284728936,717.8851220519634,283204
2014-11-26,717.6679077148438,720.68703956244,683.4580798875127,683.7621460345271,412732
2014-11-27,730.4830322265625,732.850548352706,713.3455053693654,713.3455053693654,190574
2014-11-28,715.8867797851562,737.1512060977866,704.4618151727011,737.1512060977866,231194
2014-12-01,732.7853393554688,738.4978480208847,712.5200789790529,716.777323079094,178090
2014-12-02,758.3720703125,760.2183147912788,731.1128135964127,731.1128135964127,399832
2014-12-03,782.2864990234375,792.7992125760076,764.540786554655,764.5625282924785,415778
2014-12-04,796.8826904296875,799.7497893348851,779.7886466028616,784.1110101843931,272872
2014-12-05,779.984130859375,806.5266044616732,777.5948728701093,799.315400045252,159490
2014-12-08,777.8121948242188,798.4901291911985,773.2508834331803,783.6767380412682,103788
2014-12-09,779.1371459960938,784.5021062532306,761.8475830565418,772.8164506101713,154900
2014-12-10,780.9181518554688,786.2831116524537,771.1221725402794,781.9390060632137,82804
2014-12-11,764.7145385742188,792.4733810557635,762.824863441919,781.8954956336923,173122
2014-12-12,780.1795654296875,783.0249755954526,771.5130966199855,779.2456252187319,218788
2014-12-15,776.573974609375,787.5210984726824,773.685134053366,773.685134053366,145204
2014-12-16,755.0271606445312,780.5922069449007,750.3355062200689,771.078606768344,248326
2014-12-17,731.1128540039062,760.2183568073891,725.4655176390513,748.4892735880751,470106
2014-12-18,756.8299560546875,764.3018485129935,743.4718331061547,745.0140116010942,259612
2014-12-19,748.8151245117188,767.9509288905322,743.0157547477668,760.6962414798268,148156
2014-12-22,776.8998413085938,784.1110458614827,753.2678966890919,753.2678966890919,373956
2014-12-23,766.3436279296875,790.6271878773612,760.6528604248678,784.5454402783046,152494
2014-12-24,762.5641479492188,775.4226872269212,758.6110232867275,767.1688883152622,63228
2014-12-26,752.02978515625,768.5373849788649,749.4015802888298,767.1689812299488,82978
2014-12-29,773.337646484375,774.8580834223233,753.7023106686111,756.7431845445075,460196
2014-12-30,774.9884033203125,777.6382970084508,767.1690136007129,776.6826150319519,123560
2014-12-31,799.3588256835938,810.1756587574488,771.0787100774647,779.3325103543502,573830
2015-01-01,795.6229248046875,809.3068571723356,792.0390377560177,798.6855404031852,96950
2015-01-02,816.0618286132812,818.8637549985112,798.4464624335617,800.1841043539829,308986
2015-01-05,816.6265869140625,837.0873113367608,813.3468193795486,820.60145368773,344472
2015-01-06,817.51708984375,829.7240136801256,803.6593849781322,818.8637517209618,228284
2015-01-07,866.974853515625,872.6873628430001,821.8830172998272,821.8830172998272,947474
2015-01-08,855.4412231445312,876.2060683861563,852.4872632586727,873.2086250229365,452894
2015-01-09,845.0587158203125,860.0458771650952,837.1307246741594,858.3950961533515,483074
2015-01-12,839.2810668945312,857.960717969306,834.9369619934208,848.8380976769741,276782
2015-01-13,839.889404296875,855.7888205087214,836.4575501977376,846.2317879954261,463696
2015-01-14,845.3845825195312,857.9607453988642,839.7155042308884,847.534893302878,658212
2015-01-15,840.215087890625,868.8210090064367,834.5025791506825,868.8210090064367,381804
2015-01-16,837.8475341796875,851.3794322486959,832.7649523952985,844.928446744317,395802
2015-01-19,829.1375732421875,843.6251521441914,823.8594753045618,842.7563311842076,280876
2015-01-20,834.3939819335938,843.5817747691227,829.724068979911,830.5928899945496,258474
2015-01-21,831.9177856445312,840.584253245615,823.6422450406645,830.5928125093621,270598
2015-01-22,825.8795166015625,836.1967657756945,823.7508945872798,829.941244091759,287662
2015-01-23,831.7440795898438,837.1090386923962,827.9864181358107,834.0681651735345,460102
2015-01-27,831.6138305664062,842.7564718436739,827.5521025062881,838.4123663187065,227478
2015-01-28,831.3531494140625,834.241990036041,827.5520572874143,834.0682152188112,455520
2015-01-29,829.0072021484375,836.1967165718656,825.4233158040971,836.1967165718656,177374
2015-01-30,820.6015014648438,831.8961753865409,814.5631844163644,831.8961753865409,200600
2015-02-02,825.4235229492188,830.2454697259769,820.6015761724607,820.6015761724607,324012
2015-02-03,835.9144897460938,841.8876347293385,830.0065169502105,832.7650133003829,480162
2015-02-04,822.81689453125,853.0518538835704,817.2129886315771,849.2725038502643,680290
2015-02-05,805.179931640625,828.203690139116,802.0304552422465,827.3131273253639,306482
2015-02-06,816.3225708007812,819.8195438047034,806.7437972532725,812.3477037834942,502006
2015-02-09,817.625732421875,832.2870867832676,809.7411712484677,813.650865744839,686106
2015-02-10,839.8241577148438,842.3220182641056,826.2270869048018,827.1176497033816,359742
2015-02-11,838.2819213867188,841.4531392509992,827.9864137389801,841.4531392509992,390054
2015-02-12,854.7026977539062,857.960776652587,836.2402506613822,841.7138126054402,1068302
2015-02-13,878.76904296875,886.1974521827921,825.3799799741691,858.3951791731358,644926
2015-02-16,883.6779174804688,888.3695726206761,868.8210979175316,883.5910565821297,563458
2015-02-18,893.0610961914062,905.7458611407773,872.3831146844301,888.3477000066956,295476
2015-02-19,904.0517578125,912.2403323190799,890.541548483339,901.4018112697213,265050
2015-02-20,911.1978149414062,919.6470784135371,888.3695207159581,904.442710088325,332866
2015-02-23,895.0594482421875,912.26214831911,888.3695682440856,912.26214831911,374346
2015-02-24,900.532958984375,907.0491164299928,890.9759280641356,895.7544435242553,178172
2015-02-25,898.9690551757812,904.8553387204984,888.3694812937589,903.5738489442633,355214
2015-02-26,892.9959716796875,911.5453863249163,883.5692843045481,899.6642157986362,345486
2015-02-27,905.0725708007812,915.3029596917485,889.9550635915738,893.017678949122,519516
2015-03-02,921.9928588867188,939.6082269451855,893.2566449858225,911.393284464562,781958
2015-03-03,942.0842895507812,950.9245856594606,920.950261122913,921.8190821239724,747818
2015-03-04,935.068603515625,953.5310498103586,931.3978559931812,945.2772502903601,455000
2015-03-05,960.373046875,975.6860175421236,936.1546606425986,936.5890711579781,810556
2015-03-09,955.4208374023438,960.48167763182,936.480495954227,957.8752144632126,358904
2015-03-10,936.61083984375,961.0029485612209,919.4298822547064,960.04726661134,313578
2015-03-11,936.1546020507812,956.1374845075496,929.638444727922,939.6298859563061,198510
2015-03-12,954.2478637695312,962.2193395471486,937.9358329494271,939.1955810839437,504848
2015-03-13,937.0017700195312,962.9360574088769,930.594214711964,957.4408066357988,218480
2015-03-16,934.1998901367188,942.584034984367,923.1441628227217,940.0644325765446,145822
2015-03-17,951.771728515625,963.8701041866166,936.1546911895982,942.6708491329132,421918
2015-03-18,954.2478637695312,977.4237083436047,949.1870234359005,955.7031814915246,494498
2015-03-19,958.80908203125,972.9491648610687,933.9825646541568,960.0037108930169,325996
2015-03-20,926.793212890625,972.6452699404973,903.7260751699881,972.6452699404973,1115574
2015-03-23,913.4349365234375,929.2040588742686,904.0082498912357,929.2040588742686,101134
2015-03-24,933.4397583007812,937.566658919214,914.4342949264197,914.4342949264197,207346
2015-03-25,938.9132080078125,942.6708165356172,914.7816827140789,914.7816827140789,251918
2015-03-26,953.0098266601562,960.0472559219792,931.8105719242739,941.2155173252223,311924
2015-03-27,935.7202758789062,959.1784443549791,903.5738968561398,959.1784443549791,350044
2015-03-30,939.2607421875,944.8647019999568,916.6062740919717,943.9741391477984,308498
2015-03-31,937.6969604492188,944.4085825683451,933.9827288509392,944.4085825683451,188924
2015-04-01,945.9506225585938,962.3496192295563,930.2249833862338,936.3718496492696,491816
2015-04-06,962.957763671875,964.3913395772921,938.3701922521398,938.3701922521398,317168
2015-04-07,981.3767700195312,998.7097059646131,946.9062555791064,964.3044167313487,317256
2015-04-08,981.2244873046875,998.9267110380205,978.4659388521856,988.2836562781025,277230
2015-04-09,989.5436401367188,998.7314858888693,965.1732746075442,987.8494816017272,329644
2015-04-10,989.5436401367188,995.017254885117,981.7677345733964,989.5871236098217,306598
2015-04-13,1003.5751953125,1007.8324397608728,985.9164495128696,989.5437138405842,554704
2015-04-15,1018.4971923828125,1032.9413419814339,1006.0947509896882,1009.048763698,414936
2015-04-16,1011.8070068359375,1031.7247674000057,994.9084835948897,1031.2903569716268,323720
2015-04-17,998.6881103515625,1011.3077580107001,996.972209894569,1011.3077580107001,227748
2015-04-20,942.6708374023438,1012.1765212661111,933.9826269193729,1012.1765212661111,524974
2015-04-21,899.0126342773438,951.228761237013,884.2426755600547,942.6708946034482,477392
2015-04-22,897.6007080078125,920.9285309681803,889.0211005144529,899.0125421522894,566608
2015-04-23,934.699462890625,939.1956547244472,900.3159086107386,900.3159086107386,321414
2015-04-24,929.5082397460938,947.8187082032593,919.0606447270843,942.670900723408,382882
2015-04-27,899.8814086914062,931.8105824972563,871.6447243733076,931.8105824972563,192502
2015-04-28,910.1116943359375,925.2943193504499,889.0427861253755,904.0082059006039,315738
2015-04-29,934.677734375,941.9974881367193,905.7459507901664,910.5244665976924,201080
2015-04-30,954.7693481445312,962.2194472659162,933.5483486114916,933.5483486114916,302576
2015-05-04,976.7285766601562,981.767781145576,956.5719708329904,959.1784339687752,119988
2015-05-05,1018.6708374023438,1031.4642048713254,977.380099923494,977.4235833945434,172740
2015-05-06,976.2506103515625,1044.7571160423515,970.9508241552275,1023.4710043225698,448292
2015-05-07,971.4942016601562,994.7134273515697,951.6415521097304,975.2518109811149,222604
2015-05-08,957.1799926757812,998.2752657968432,954.2694637215039,976.1203316995243,187348
2015-05-11,991.8461303710938,998.7098381605963,959.6780084568176,968.735510699491,305220
2015-05-12,987.1544189453125,992.6280338964841,976.554844726169,992.6280338964841,103266
2015-05-13,991.5852661132812,1003.4880691863655,979.2045691557871,1003.4880691863655,191092
2015-05-14,981.0293579101562,1005.6604146736481,971.3419815163184,991.8027606697325,102350
2015-05-15,983.4618530273438,999.1441139341658,977.8797419381903,988.2838518261858,191820
2015-05-18,996.4725952148438,999.1441774403153,981.9632204820103,987.8495041301204,105844
2015-05-19,1009.8959350585938,1016.0645437117853,997.4066316354581,999.5786844046991,157598
2015-05-20,1013.0671997070312,1026.5556692331816,1007.8976502451374,1014.7831002618593,514710
2015-05-21,993.8662719726562,1032.7242765204196,986.9808219669249,1023.4061909399762,326320
2015-05-22,1055.98681640625,1109.766751972707,1031.7249473272536,1041.281978418285,1571302
2015-05-25,1089.067138671875,1098.5806863315086,1059.961634766404,1064.197137200409,489642
2015-05-26,1091.9559326171875,1107.3123865204727,1081.6821665107796,1090.8047871921956,260620
2015-05-27,1120.236083984375,1128.5984861624454,1086.0262568922685,1094.7144669474067,564436
2015-05-28,1154.33740234375,1159.007315628234,1124.2544725809107,1125.1232936570939,978656
2015-05-29,1105.4443359375,1166.8265584556443,1094.7144182085717,1159.4415802375706,907876
2015-06-01,1115.5225830078125,1131.6392535717891,1088.0678630193618,1112.0907827807218,375124
2015-06-02,1089.9796142578125,1127.9470560238055,1086.5043296638628,1116.8695863805908,237394
2015-06-03,1091.0655517578125,1099.9274843271173,1053.0111461330696,1092.542505166943,370034
2015-06-04,1120.9527587890625,1127.2083333277087,1090.370303457612,1099.927334005846,441296
2015-06-05,1177.0135498046875,1183.768654530985,1122.951182371595,1125.2969567319838,932490
2015-06-08,1148.559814453125,1192.0226135379278,1142.0653975915498,1187.7219912837124,471082
2015-06-09,1128.4246826171875,1179.7284956408892,1119.3020627203289,1157.660422488468,605606
2015-06-10,1128.316162109375,1149.884601155061,1120.9963027127446,1133.377002045166,330546
2015-06-11,1130.618408203125,1152.013124624208,1123.2551716818364,1142.0651669244105,446172
2015-06-12,1131.8565673828125,1142.4996247233917,1127.2083962047038,1132.3778387757986,303638
2015-06-15,1139.5238037109375,1148.1468941279484,1122.017146281533,1142.3909552905684,251662
2015-06-16,1134.5281982421875,1145.9098387732588,1124.5151205480925,1139.458800093631,305576
2015-06-17,1198.2779541015625,1208.4866014762454,1134.6802954328248,1138.1555796454827,790966
2015-06-18,1166.0882568359375,1205.3589280070619,1159.8761647794117,1195.4978297651464,442232
2015-06-19,1175.2757568359375,1192.9128639204332,1164.8281640700197,1172.9082410423189,334980
2015-06-22,1209.2685546875,1215.3720437623635,1173.2342229259953,1190.2848359963814,426056
2015-06-23,1189.719970703125,1220.6934594077316,1185.940620705732,1216.3928380412578,354754
2015-06-24,1169.7154541015625,1195.3891584725816,1164.2202034002066,1193.7383772712344,306668
2015-06-25,1170.128173828125,1176.6443313760453,1159.8760435298295,1165.0889695681658,262836
2015-06-26,1191.97900390625,1195.4977716016724,1158.6379959228095,1172.0396031182095,284940
2015-06-29,1173.0604248046875,1185.3758987267743,1151.1878139173577,1185.3758987267743,242540
2015-06-30,1200.2545166015625,1209.2467930910216,1175.0804483556349,1175.0804483556349,444210
2015-07-01,1186.6141357421875,1212.874231762118,1181.5966727768482,1198.9730944353314,395924
2015-07-02,1192.999755859375,1203.751415015504,1186.8094066482704,1194.628795125455,302944
2015-07-03,1203.6212158203125,1211.8316383458855,1194.194528675179,1202.8827391420775,315626
2015-07-06,1210.11572265625,1228.07864156616,1182.0311226393778,1182.0311226393778,553796
2015-07-07,1210.9193115234375,1229.2080366423527,1202.88271698956,1213.7429798731782,311292
2015-07-08,1212.8306884765625,1220.0419455321276,1201.1450879103909,1207.2268351909497,309242
2015-07-09,1226.7318115234375,1229.3817580892173,1213.0478802938226,1218.0870846933447,304796
2015-07-10,1233.3133544921875,1240.24218189764,1227.4488117756837,1230.0335334652077,289170
2015-07-13,1236.15869140625,1244.5862135708755,1228.5130233781629,1233.2915393814017,209016
2015-07-14,1229.9466552734375,1241.1109855949876,1224.8205893892432,1235.8980588091495,189856
2015-07-15,1230.6416015625,1238.5044749205372,1226.3844630290675,1234.160369431514,139626
2015-07-16,1234.6380615234375,1240.6763247426693,1230.2504732742434,1238.0698618755628,212830
2015-07-17,1250.428955078125,1270.2163757128737,1232.335799126048,1239.590433685597,318050
2015-07-20,1251.927734375,1259.7906078330013,1248.4959334179468,1250.429039173686,417282
2015-07-21,1248.9952392578125,1258.4871505935407,1236.7231432950002,1258.4871505935407,453338
2015-07-22,1241.0675048828125,1250.1467493560854,1238.0483726574028,1245.4550940269164,347626
2015-07-23,1238.0916748046875,1258.4872267011485,1234.4643046831488,1245.7589777567525,209390
2015-07-24,1257.662109375,1265.742082508041,1223.7780842213738,1248.9304143163497,299886
2015-07-27,1280.77001953125,1291.6906370238426,1255.4560495127516,1265.4811550416205,494314
2015-07-28,1300.0123291015625,1312.177834499646,1284.7889437820318,1288.1961981889763,472496
2015-07-29,1296.6048583984375,1314.405464135736,1289.5064573375516,1302.1743730769788,256804
2015-07-30,1339.2171630859375,1347.560450721519,1293.5471201731202,1296.4956868463726,412304
2015-07-31,1377.592041015625,1417.7144285399095,1345.4199475898695,1348.9145448563365,897048
2015-08-03,1370.253662109375,1390.7625613319378,1343.2360105873524,1387.3553071952622,370352
2015-08-04,1387.2022705078125,1413.127858263203,1368.5717403210558,1376.871409349495,1781684
2015-08-05,1378.7496337890625,1410.157282774374,1374.8182120255617,1406.0730363747214,654644
2015-08-06,1371.5203857421875,1391.286703906001,1352.4093046445776,1391.286703906001,449868
2015-08-07,1399.0184326171875,1409.9171874535812,1374.0320813341161,1374.0320813341161,673756
2015-08-10,1447.65869140625,1461.1783924223548,1401.3115553437046,1401.9886548518828,1294372
2015-08-11,1470.744873046875,1478.651441879244,1445.8895930931455,1461.1784558599916,888330
2015-08-12,1470.744873046875,1470.744873046875,1470.744873046875,1470.744873046875,0
2015-08-13,1484.70166015625,1500.1433491666362,1454.6699623164045,1458.9944841466804,720138
2015-08-14,1460.6324462890625,1477.3847145373086,1429.2465520368737,1461.1784771101052,705272
2015-08-17,1439.8834228515625,1457.6403043154382,1435.0783511332866,1457.6403043154382,365490
2015-08-18,1448.72900390625,1458.9070399471775,1439.7740982587063,1450.2141651110862,186526
2015-08-19,1438.7039794921875,1462.6637497575796,1435.5370004887775,1452.442094667304,206312
2015-08-20,1408.49755859375,1442.963092355599,1404.3914489599642,1429.290457541836,276582
2015-08-21,1397.5552978515625,1405.221486848898,1365.0773352330316,1402.20743875137,327224
2015-08-24,1311.45703125,1375.5610596739946,1285.1383415563328,1375.5610596739946,818782
2015-08-25,1300.3834228515625,1331.856664205084,1218.7409280706534,1313.0950644374136,833038
2015-08-26,1258.360595703125,1325.3913088076622,1249.3620729896527,1299.5969016627987,525866
2015-08-27,1285.2694091796875,1310.0373497478895,1262.6418671044596,1279.896443735017,659924
2015-08-28,1299.029296875,1332.3153172420107,1288.63284782424,1295.6220429310831,501436
2015-08-31,1279.8743896484375,1302.6984781050965,1267.8835740756556,1301.3006605241615,247434
2015-09-01,1275.9210205078125,1297.3691525229926,1258.0549357798718,1266.7914283894543,438396
2015-09-02,1303.1573486328125,1317.0265335214713,1278.0836523116648,1287.7592772209941,434290
2015-09-03,1313.990478515625,1346.468328954524,1308.7267198783732,1327.510180811207,560862
2015-09-04,1305.3414306640625,1317.8564158606746,1284.5922570820185,1311.7845950921708,289078
2015-09-07,1265.65576171875,1315.3664307108634,1261.5496524615028,1306.105768995808,263132
2015-09-08,1242.02392578125,1282.2554242734689,1207.8205239719848,1265.6998076704615,396490
2015-09-09,1258.0330810546875,1273.0816683390958,1242.7660814536791,1266.791436279673,282108
2015-09-10,1251.2406005859375,1265.044303461932,1223.109133181426,1253.6868615109615,270602
2015-09-11,1290.3145751953125,1300.208611166901,1254.0362655550773,1261.8553843746274,325902
2015-09-14,1306.65185546875,1322.1372694177703,1293.001083890514,1299.5534542480673,327416
2015-09-15,1343.214111328125,1348.0410456693314,1310.4741208710286,1310.4741208710286,538534
2015-09-16,1315.4757080078125,1373.8136674244354,1309.7096433562203,1354.9864803886692,567266
2015-09-18,1309.5565185546875,1332.3151244873732,1305.6688219976256,1331.7253685768956,307558
2015-09-21,1308.552001953125,1315.7158837611607,1289.5064040049624,1310.0371631473179,212300
2015-09-22,1267.0098876953125,1323.7970917637113,1258.4918070850526,1320.7393192369514,465828
2015-09-23,1260.5450439453125,1274.6982285331264,1244.9504231322505,1259.3437759931674,368810
2015-09-24,1261.9427490234375,1275.4406953413709,1251.5026820482562,1262.4232988200558,445430
2015-09-28,1275.9866943359375,1288.6327469127523,1260.501281469315,1264.1705659544084,253704
2015-09-29,1297.718505859375,1303.3972254968096,1244.993799478058,1264.170356210436,389158
2015-09-30,1346.293701171875,1360.2720913203175,1303.9217060344085,1310.037251724352,611132
2015-10-01,1364.115966796875,1375.9102317282263,1354.593168597049,1358.415384084061,481470
2015-10-05,1403.8016357421875,1410.50693745627,1373.2676322787702,1376.4346113114607,642062
2015-10-06,1421.602294921875,1428.3949404981884,1403.8016879723891,1411.7737389374963,379552
2015-10-07,1413.586669921875,1441.5215897020723,1405.090450366448,1424.1359443514848,339762
2015-10-08,1426.9970703125,1434.4230901166823,1402.7532997753165,1415.049872262992,215532
2015-10-09,1408.366455078125,1440.5166866622567,1402.8186964759439,1432.7849113662257,153016
2015-10-12,1384.9307861328125,1423.174808217023,1378.9025842161911,1419.680210775115,218726
2015-10-13,1360.730712890625,1395.5893429699238,1346.948873189597,1395.5893429699238,420724
2015-10-14,1389.7138671875,1397.5549547936598,1353.5666282235943,1358.5246305467863,279654
2015-10-15,1388.5126953125,1397.511326177538,1376.543742007335,1397.511326177538,201796
2015-10-16,1412.2540283203125,1418.8063977681334,1386.1756192473133,1395.6765549466536,367838
2015-10-19,1443.2685546875,1446.1516398585447,1415.3555039307396,1419.6581624801886,711934
2015-10-20,1441.5433349609375,1453.075464081454,1431.015817306891,1452.4202270485462,423184
2015-10-21,1435.6898193359375,1446.938055061178,1431.037679063577,1443.7055950259833,355418
2015-10-23,1418.1295166015625,1441.5215004611032,1414.5694379787824,1441.5215004611032,199956
2015-10-26,1399.32421875,1419.6802926821981,1391.6143053576347,1415.3120456277913,297962
2015-10-27,1390.93701171875,1414.6128861218524,1387.1803837639509,1402.185246314877,308446
2015-10-28,1394.8031005859375,1408.3228034397523,1373.8136528591876,1373.8136528591876,304410
2015-10-29,1393.5360107421875,1406.5752682321238,1385.7823737822123,1389.1896271277537,370816
2015-10-30,1411.7735595703125,1422.0389389608818,1386.1538362180388,1393.1211681346495,310486
2015-11-02,1391.9638671875,1414.8753029874329,1380.5190805704692,1408.1918632772088,288336
2015-11-03,1387.945068359375,1407.4492494713174,1381.239766240939,1403.954651707267,197504
2015-11-04,1389.6485595703125,1396.2227925527775,1377.6577430339598,1389.1025287021118,219050
2015-11-05,1388.578369140625,1406.5755253404955,1378.4876759740857,1391.1555921960964,231464
2015-11-06,1367.261474609375,1408.1264515136947,1347.8227731332993,1393.470959745657,248556
2015-11-09,1329.9346923828125,1373.8137131803378,1325.7629950722815,1343.235983475211,601312
2015-11-10,1325.915771484375,1352.4091443966659,1317.5068967978002,1323.5787168998377,301770
2015-11-13,1271.771240234375,1327.5101080964225,1267.4029937450812,1327.5101080964225,548758
2015-11-16,1243.246826171875,1266.7916349349343,1235.7770811141136,1262.4233879179174,685846
2015-11-17,1257.2249755859375,1268.0363848802463,1246.2606350166914,1246.2606350166914,362128
2015-11-18,1248.6197509765625,1269.7621316493987,1242.7444797560788,1258.055207692924,315842
2015-11-19,1286.2303466796875,1290.3801813862444,1251.5027825563948,1257.1815037337885,317122
2015-11-20,1296.1241455078125,1314.4052987523046,1286.9072098933775,1296.4517639770927,282258
2015-11-23,1301.890380859375,1309.0542624198506,1298.2428523940255,1299.5533263365498,161994
2015-11-24,1284.7449951171875,1303.9215542105728,1272.797798519617,1299.553307797807,311806
2015-11-26,1267.1629638671875,1306.9357671776925,1259.1690505895947,1284.264608081447,495604
2015-11-27,1278.91357421875,1283.3910275995859,1265.2628017162017,1273.3440590377104,202562
2015-11-30,1275.5283203125,1286.4489394932577,1264.6077011317423,1277.2756193814212,232868
2015-12-01,1298.0025634765625,1303.9215587156384,1268.1238005686696,1278.1926299142108,324792
2015-12-02,1293.066650390625,1303.4849626063133,1285.160186957986,1303.4849626063133,107428
2015-12-03,1280.7042236328125,1301.4970102389548,1278.367169405284,1290.816670286217,143216
2015-12-04,1282.49560546875,1292.083887417135,1272.9073235203648,1279.8965195314581,149132
2015-12-07,1258.84130859375,1282.4953209373023,1254.9317492717441,1282.4953209373023,218664
2015-12-08,1257.3125,1270.8540651039818,1247.1781887353825,1253.686833820249,241836
2015-12-09,1221.9952392578125,1254.2984045879102,1216.9936177575228,1253.7306177935748,245650
2015-12-10,1252.13623046875,1262.2924054776654,1188.6219571576821,1223.1092483855052,578630
2015-12-11,1214.72216796875,1258.4482572023487,1207.1650791995228,1252.1361615081835,445344
2015-12-14,1235.3399658203125,1243.6396332002935,1198.9961805173014,1206.946366888799,301034
2015-12-15,1258.0770263671875,1260.6761120602948,1233.221636399903,1236.2139283196932,228250
2015-12-16,1229.2247314453125,1264.6075328835038,1226.6256457554189,1260.1082170503034,290938
2015-12-17,1271.487548828125,1275.0913527542032,1227.9142831764525,1240.5822000075152,333382
2015-12-18,1262.5543212890625,1287.9774948729457,1257.1594941428075,1267.2283237668019,318944
2015-12-21,1285.5751953125,1288.6329684579935,1258.928886473199,1261.1130101485517,211700
2015-12-22,1274.1739501953125,1294.3116119257875,1271.9024830393203,1288.6328907124782,196708
2015-12-23,1265.1534423828125,1287.103881909696,1261.7899137746892,1277.7776326062817,193708
2015-12-24,1271.46533203125,1279.0224188819757,1258.4479377228656,1278.585594285363,163944
2015-12-28,1268.6917724609375,1277.7121592341364,1266.5731301536337,1272.033438526429,174490
2015-12-29,1300.776611328125,1304.1401401844985,1271.159875376617,1271.2036005052234,313522
2015-12-30,1300.0340576171875,1308.7268266576189,1293.6782367792216,1306.1058784066356,169640
2015-12-31,1295.7530517578125,1316.152742703374,1287.7810014576676,1303.9216518319188,480318
2016-01-01,1304.5330810546875,1311.9373441268033,1294.0492895434631,1294.0492895434631,129486
2016-01-04,1298.5050048828125,1312.4178060791226,1289.5063743812507,1301.7374646531596,253614
2016-01-05,1295.9278564453125,1307.2198179499915,1288.7639738012813,1300.4708974545285,228500
2016-01-06,1311.216796875,1313.0951645808125,1289.9434534288555,1289.9434534288555,267276
2016-01-07,1287.1256103515625,1308.2242609082145,1271.6183362817897,1306.105618834394,298800
2016-01-08,1267.7962646484375,1296.4956242191063,1258.8849773672985,1287.3223061232163,333412
2016-01-11,1275.222412109375,1279.4595905164754,1241.0844966366194,1262.4671517579006,264812
2016-01-12,1282.779541015625,1304.9701519172334,1267.2285380145547,1275.5282078602204,357368
2016-01-13,1269.0631103515625,1293.6344999829305,1252.1798781790717,1284.3519750110804,509212
2016-01-14,1265.7432861328125,1273.3439932106396,1241.0626907240985,1262.4015132089496,279524
2016-01-15,1248.9473876953125,1281.6437614880545,1245.1688964286636,1271.1162428062596,266612
2016-01-18,1207.9512939453125,1253.6868160445053,1199.345869185417,1244.9503225529058,422410
2016-01-19,1193.8416748046875,1205.701420463248,1189.4952912074477,1201.2676932721884,296504
2016-01-20,1170.5589599609375,1188.1630141842454,1137.9281808639555,1188.0975331472662,547548
2016-01-21,1144.349609375,1192.116431480742,1138.081239114563,1186.852672681477,509584
2016-01-22,1142.6895751953125,1161.9535851873395,1136.7924423381587,1157.5853386264848,544196
2016-01-25,1136.8798828125,1157.1485040219507,1130.8298187190733,1150.0282408596445,497200
2016-01-27,1157.4324951171875,1159.7695498631433,1136.1372915180054,1140.9860882269418,912516
2016-01-28,1166.43115234375,1178.531175175049,1154.7679542113908,1166.321946169015,700714
2016-01-29,1174.818115234375,1178.1161629003375,1169.3796692933643,1172.8742667361537,389020
2016-02-01,1223.3277587890625,1229.661717904378,1179.0992511734964,1183.7951174141615,696656
2016-02-02,1219.9854736328125,1256.0889796323515,1210.4845397753952,1224.550268800501,642304
2016-02-03,1235.362060546875,1247.0471207647174,1191.0243554212298,1214.3726132935326,500410
2016-02-04,1247.702392578125,1257.9240477408484,1229.661511418743,1244.076726295055,762508
2016-02-05,1250.4105224609375,1254.5384939481182,1229.6613522192276,1247.6366433594426,518808
2016-02-08,1247.134521484375,1290.096273490844,1242.263968726382,1251.7211808453508,388862
2016-02-09,1215.7266845703125,1262.4231954024965,1205.6359928411384,1241.4556129183027,498770
2016-02-10,1189.0367431640625,1253.6867938577734,1174.0536357617987,1240.5820538522914,687422
2016-02-11,1150.5963134765625,1192.4222804527892,1140.5930700385625,1179.4267450215334,583352
2016-02-12,1124.8236083984375,1161.0363335596705,1094.2677418025373,1157.5854610702368,713848
2016-02-15,1164.5308837890625,1183.7948950348211,1123.5130885717933,1137.9283031607783,710510
2016-02-16,1147.0579833984375,1175.0584904579773,1140.3309254054088,1159.8133504709224,315378
2016-02-17,1158.54638671875,1163.2641145584937,1111.806146291503,1155.4012703744709,254606
2016-02-18,1202.796630859375,1208.9776567776796,1165.6228118120746,1165.6228118120746,390156
2016-02-19,1190.12890625,1206.9466573568545,1181.8510994371263,1206.9466573568545,254268
2016-02-22,1222.8253173828125,1223.546035509079,1183.3581614402337,1183.3581614402337,704004
2016-02-23,1224.0919189453125,1230.971907427207,1212.1884468099713,1220.9686652455239,331174
2016-02-24,1202.7529296875,1226.5598727371353,1195.414361000522,1224.41947464454,419472
2016-02-25,1173.2891845703125,1211.6205488241867,1167.304708004735,1203.4519489393,442200
2016-02-26,1184.865234375,1192.7499421927337,1168.1130697297476,1176.3690145852524,431106
2016-02-29,1203.9979248046875,1235.3400930059524,1153.2170599489796,1189.0366807504251,364926
2016-03-01,1241.32470703125,1242.7662498454629,1203.8888522228808,1203.8888522228808,329542
2016-03-02,1250.563720703125,1273.1256753447014,1242.460600633822,1245.387304994937,320220
2016-03-03,1241.390380859375,1263.6465791515311,1237.0876146821306,1257.1815519262611,258812
2016-03-04,1247.221923828125,1256.7228615232689,1241.4558588321286,1251.0660027076763,172662
2016-03-08,1231.4306640625,1260.1737500029026,1201.2678978791494,1244.9503668929367,382152
2016-03-09,1239.62109375,1247.5712815679165,1216.5567294000866,1227.4554837973392,307366
2016-03-10,1238.2449951171875,1248.4448937129341,1223.1090631197394,1236.2138030817366,294114
2016-03-11,1230.1419677734375,1243.3995322174069,1227.0404700285553,1240.8877904222256,143186
2016-03-14,1233.177734375,1249.3183823561842,1229.661274941489,1237.0872932981517,224718
2016-03-15,1205.0902099609375,1232.6538927640643,1201.6829557769806,1223.2184360464396,153938
2016-03-16,1188.294189453125,1203.8888090832552,1168.1346666337884,1196.9433393818194,479506
2016-03-17,1178.3782958984375,1196.9433447428514,1174.1847363243335,1196.899619616322,268306
2016-03-18,1173.223876953125,1185.9791376940193,1166.4312310966684,1178.9899420391005,241694
2016-03-21,1194.6937255859375,1200.8311341231374,1175.4953008095172,1175.4953008095172,198826
2016-03-22,1201.9232177734375,1214.3289971699307,1190.347362686759,1195.1524346095312,241612
2016-03-23,1190.4783935546875,1206.5535640778298,1181.7418994276163,1203.517547051347,216966
2016-03-28,1146.9271240234375,1205.6363286741182,1136.290398537518,1199.3242322681836,564336
2016-03-29,1128.3836669921875,1146.6648231165357,1100.3832680614103,1142.2965761713297,391994
2016-03-30,1152.56201171875,1157.1486712309907,1131.441494068007,1144.2623421251717,523354
2016-03-31,1173.529541015625,1181.5670727305676,1142.5149877261742,1146.8395095402673,692926
2016-04-01,1170.2752685546875,1187.2458446647513,1162.6089735131052,1162.6089735131052,353070
2016-04-04,1161.604248046875,1180.9774666031144,1157.5854820423237,1179.4267175525563,368804
2016-04-05,1153.8070068359375,1160.315652448893,1138.867516224021,1157.5854979725427,428202
2016-04-06,1182.572021484375,1189.8888365394612,1153.807173748354,1153.807173748354,967300
2016-04-07,1179.928955078125,1188.6218302965037,1170.2970560924286,1183.838621325696,204214
2016-04-08,1173.66064453125,1186.197492297458,1171.1707650297599,1175.4952869719975,276712
2016-04-11,1160.621337890625,1182.7683283275874,1155.4013041783935,1178.0288444326543,430044
2016-04-12,1181.9383544921875,1196.200637352948,1157.672722669634,1172.8742425617754,705890
2016-04-13,1206.11669921875,1216.556766694378,1183.1834028986584,1183.1834028986584,520830
2016-04-18,1245.234130859375,1247.571185367372,1210.2226782424034,1210.2226782424034,617242
2016-04-20,1242.897216796875,1261.4841272651854,1235.1217165797937,1242.7661480705615,626888
2016-04-21,1217.8017578125,1253.6868635297872,1214.3726413285046,1243.945651588361,355374
2016-04-22,1232.9813232421875,1236.2137830551223,1218.1947658992835,1220.0512706971579,289744
2016-04-25,1230.578857421875,1239.2716259569202,1223.1091126821912,1228.7878335625012,342514
2016-04-26,1239.4027099609375,1244.0767127983706,1221.4491726056428,1231.8674840846131,271578
2016-04-27,1249.93017578125,1256.2859966067374,1236.4760601032765,1236.4760601032765,334868
2016-04-28,1234.2698974609375,1274.6543145766436,1228.350902189692,1255.870854834767,808750
2016-04-29,1250.4542236328125,1265.0441235594074,1234.4663995783444,1234.9032242066453,282588
2016-05-02,1248.6197509765625,1254.5387473282,1238.398095072722,1247.571414295483,148644
2016-05-03,1243.68359375,1266.747851623162,1238.3979724435208,1249.9301013801016,439892
2016-05-04,1230.86279296875,1248.4012619373423,1224.834590806141,1243.6399153871107,228920
2016-05-05,1232.4788818359375,1245.823896162377,1227.520986068859,1230.5350334815626,113140
2016-05-06,1230.6663818359375,1243.6400555007638,1228.3511893460302,1235.34038530248,127562
2016-05-09,1229.115234375,1240.1450556697023,1223.1088960462016,1240.1450556697023,560452
2016-05-10,1232.23876953125,1250.6291322981035,1229.7052715557604,1229.7052715557604,231398
2016-05-11,1243.83642578125,1248.8380470863528,1219.1558311222577,1227.4773626861686,196196
2016-05-12,1282.714111328125,1288.6331084607289,1240.5823823825322,1252.3766515108168,519274
2016-05-13,1290.380126953125,1300.4270947662333,1277.9743484860348,1282.0804578901225,539448
2016-05-16,1282.3206787109375,1301.278826691294,1268.1893580068372,1294.7483192175525,292496
2016-05-17,1312.9420166015625,1318.2931187677952,1285.225512833139,1285.225512833139,471342
2016-05-18,1298.0682373046875,1312.221314011532,1296.4956258276388,1312.1994514486137,362640
2016-05-19,1308.7047119140625,1317.0262423367615,1300.0338071092137,1301.715517924879,313492
2016-05-20,1280.201904296875,1325.7845964724008,1271.159655908912,1314.7983931902234,404474
2016-05-23,1171.7822265625,1244.9503618650979,1162.3904957624652,1244.9503618650979,1521808
2016-05-24,1159.3546142578125,1201.267922817326,1140.1124649284438,1171.7822556209007,1125678
2016-05-25,1201.901123046875,1207.820118192299,1160.8614698358172,1162.2592873412868,708388
2016-05-26,1198.821533203125,1220.9249032698156,1191.679514125472,1204.2382228800363,719338
2016-05-27,1187.8572998046875,1206.4442101124764,1179.9071124522777,1205.199217193217,1026142
2016-05-30,1199.5423583984375,1204.7623916667949,1188.1630548708056,1188.1630548708056,221882
2016-05-31,1182.135009765625,1205.199375800379,1175.473432933093,1200.3943039867493,548766
2016-06-01,1207.8641357421875,1219.7893658713779,1190.4347645631165,1196.8997920685865,961922
2016-06-02,1222.890869140625,1232.8504946194157,1205.876566714635,1209.982676643903,372480
2016-06-03,1207.099609375,1225.1186287272533,1203.910767651209,1223.109192395369,333634
2016-06-06,1211.686279296875,1218.085718717902,1194.7810774959964,1207.8203379074769,204054
2016-06-07,1220.990478515625,1227.4773677619244,1213.0621531227273,1213.0621531227273,803048
2016-06-08,1210.17919921875,1226.1670271260125,1205.658127214317,1214.4382403710401,260920
2016-06-09,1206.18212890625,1221.1433739637562,1202.1633632420308,1210.0043447968537,394974
2016-06-10,1192.2037353515625,1211.7516394120123,1189.9322683878343,1211.7516394120123,184010
2016-06-13,1169.90380859375,1186.4158024311419,1161.9536209377163,1186.4158024311419,222102
2016-06-14,1171.1923828125,1177.897683935243,1165.2297689216616,1168.9427784946079,216544
2016-06-15,1171.825927734375,1178.989809818592,1166.8679249640288,1178.989809818592,219818
2016-06-16,1173.7041015625,1177.76659210961,1167.2173195414475,1170.6900541563514,201042
2016-06-17,1153.04248046875,1178.7714117406147,1151.8193500221792,1175.05840192042,570482
2016-06-20,1145.441650390625,1149.7225535683476,1130.2838553792171,1146.6647808194957,361262
2016-06-21,1120.3897705078125,1138.8018872459386,1118.4021969778817,1133.5599913322633,917576
2016-06-22,1141.7288818359375,1144.48089922065,1118.751962885389,1121.9406983941237,587516
2016-06-23,1146.8612060546875,1154.0906750265929,1139.8065309231538,1143.6068838832778,326746
2016-06-24,1150.137451171875,1155.1390721297673,1100.4050283126892,1127.007607076893,295184
2016-06-27,1172.131591796875,1177.6573809000095,1146.7957623752234,1151.0329401043437,340512
2016-06-28,1200.459716796875,1202.840496650169,1170.712019702348,1173.7479299372394,446176
2016-06-29,1210.6156005859375,1213.5424105946358,1182.3749340955071,1201.1802536285127,280750
2016-06-30,1205.177490234375,1218.5006436451629,1192.9682611430007,1214.3289464117981,744744
2016-07-01,1226.7347412109375,1230.5788196335113,1201.9449412062081,1202.9059341501898,433848
2016-07-04,1240.9749755859375,1244.9501221433638,1230.2510168686397,1239.7082268922338,293932
2016-07-05,1238.944091796875,1249.3186787268621,1227.477443084784,1238.398060905823,151092
2016-07-07,1227.1060791015625,1240.5821639282485,1223.9828251151241,1236.213916872163,253010
2016-07-08,1225.3150634765625,1238.8347657009865,1219.7891674060218,1227.1059806378594,191400
2016-07-11,1248.990966796875,1253.0097325251759,1230.7972615261517,1230.9719487395623,357570
2016-07-12,1248.0955810546875,1270.5265733082067,1242.2203098416478,1255.4342577529303,348976
2016-07-13,1252.638427734375,1260.5886151539573,1236.170052865743,1252.8131149383305,258710
2016-07-14,1249.2093505859375,1263.7337708698724,1247.112570839679,1262.4232968592917,263182
2016-07-15,1232.1077880859375,1256.5917271361945,1228.0015719292512,1249.3186385598838,201544
2016-07-18,1230.2293701171875,1244.3824471193327,1227.0186660539928,1239.2934822456355,193178
2016-07-19,1205.6580810546875,1235.3184366697333,1202.7313767811645,1231.933045114192,462542
2016-07-20,1227.2371826171875,1230.972055285302,1205.6362216420985,1212.1448672814302,177584
2016-07-21,1229.55224609375,1240.5820690669686,1218.7408354566346,1229.57410865669,291874
2016-07-22,1245.34326171875,1247.5492473706088,1226.603528251342,1230.098125197927,359138
2016-07-25,1245.1251220703125,1255.3031592353814,1236.345009307307,1244.950434843384,238944
2016-07-26,1233.50537109375,1247.833239817465,1227.9139946836863,1245.1248418829255,285698
2016-07-27,1228.7003173828125,1244.0765227390236,1220.9248177863662,1244.0765227390236,210406
2016-07-28,1251.6337890625,1264.1706361706604,1227.5647063025942,1229.6614861162436,488140
2016-07-29,1290.564453125,1295.1393198703245,1250.6659832448352,1251.0618459337704,431340
2016-08-01,1267.8658447265625,1317.0021140165761,1254.141136823534,1296.766936081156,342678
2016-08-02,1267.2061767578125,1280.9749190357738,1263.2471196591443,1278.775442869847,185460
2016-08-03,1245.1014404296875,1274.8163848900804,1240.5265729662406,1274.8163848900804,363710
2016-08-04,1267.2720947265625,1272.6167782997945,1236.9632518495043,1253.701285224478,395460
2016-08-05,1268.921630859375,1276.0479110247122,1253.2393038518692,1266.898070149929,246052
2016-08-08,1386.6156005859375,1459.2423404812068,1266.9421983040345,1268.6137141335798,3164246
2016-08-09,1376.1900634765625,1395.347520171286,1358.484282364679,1385.6698261473994,792592
2016-08-10,1365.1488037109375,1377.5977518794252,1346.1672615067291,1376.432072564915,341644
2016-08-11,1423.8968505859375,1441.536692559296,1370.185706552099,1372.473140306684,1526490
2016-08-12,1445.0997314453125,1458.2525546661395,1402.583796899401,1420.8174310433449,714062
2016-08-16,1439.3592529296875,1469.250113245344,1429.6595413315474,1450.818545501774,338170
2016-08-17,1467.798095703125,1477.277857472271,1436.2576355682172,1436.2576355682172,524616
2016-08-18,1464.6529541015625,1482.4466918764317,1453.8755226621047,1469.249837052606,304792
2016-08-19,1473.8468017578125,1482.4467741076346,1458.9123816996944,1464.8509666998289,243238
2016-08-22,1482.1168212890625,1492.520299239798,1471.1194418923938,1473.6488391536275,320086
2016-08-23,1478.6417236328125,1485.9659355073943,1469.249918470899,1481.566983655685,148404
2016-08-24,1510.13818359375,1532.5948547093194,1469.249946822367,1482.0069074384894,683696
2016-08-25,1523.9288330078125,1539.1931736681058,1514.6249858826823,1516.318625216908,742678
2016-08-26,1512.2276611328125,1532.902734898053,1492.146488827854,1532.902734898053,287814
2016-08-29,1498.4371337890625,1517.1986220660087,1491.2448039442647,1498.2831275027038,147830
2016-08-30,1514.6470947265625,1527.316097661073,1500.0425959171253,1500.0425959171253,149210
2016-08-31,1522.279296875,1533.452591563696,1504.441525726674,1514.2071773091516,289590
2016-09-01,1499.7568359375,1524.676857601933,1495.731730170508,1524.676857601933,177454
2016-09-02,1475.826171875,1511.897573193961,1470.1295513166872,1496.0833644608178,291320
2016-09-06,1520.76171875,1523.7969526313107,1471.1635356064721,1484.6462803495015,350724
2016-09-07,1534.772216796875,1541.1727129366789,1496.523353620831,1496.523353620831,399164
2016-09-08,1527.360107421875,1534.5523292241248,1517.638380921804,1525.116599030694,215838
2016-09-09,1519.8597412109375,1539.633006486415,1515.4387735273428,1539.633006486415,153736
2016-09-12,1507.9388427734375,1517.5945216603873,1482.4469354954385,1495.6437924879795,235320
2016-09-14,1557.184814453125,1561.627798472078,1507.4547531540154,1507.5206944686793,437528
2016-09-15,1553.533935546875,1576.694374931993,1550.6305842603824,1561.6059480512797,306494
2016-09-16,1528.855712890625,1566.9066463289905,1519.133986359997,1557.2289522753022,312602
2016-09-19,1500.746337890625,1533.4744941181118,1495.6435111880608,1528.8555950394427,348164
2016-09-20,1500.2625732421875,1518.0563125275232,1495.2037784636257,1502.6819968319344,295488
2016-09-21,1494.807861328125,1515.4389024111445,1476.816083941554,1500.482466218988,363438
2016-09-22,1496.0614013671875,1511.0398528286307,1485.1080549995172,1504.0015303700404,499366
2016-09-23,1504.9254150390625,1522.0372942617,1484.9981422794435,1508.356511461702,325008
2016-09-26,1503.143798828125,1517.264369222419,1494.2579379520025,1515.4388472415837,311480
2016-09-27,1509.3902587890625,1520.277663934426,1500.8563356942382,1505.3652610574698,174648
2016-09-28,1497.4910888671875,1520.2776797360052,1491.640461733855,1508.752447971892,252326
2016-09-29,1445.297607421875,1511.039919560772,1407.53256385367,1508.840443695327,336340
2016-09-30,1479.8074951171875,1490.0570750495465,1429.6814571230204,1442.8562972605157,240412
2016-10-03,1533.2764892578125,1549.3106452399427,1486.8455368855782,1494.697707901308,259360
2016-10-04,1528.7896728515625,1533.0346181470309,1511.5897292992065,1532.594722991178,185636
2016-10-05,1522.2572021484375,1542.272431941171,1513.4592989428404,1530.8351577738947,412626
2016-10-06,1525.11669921875,1538.7314345438817,1514.0313613613162,1535.1902566098465,118930
2016-10-07,1489.77099609375,1528.6357789280319,1486.77979473115,1525.116617422586,337560
2016-10-10,1485.4381103515625,1500.372530686216,1482.7107816321086,1491.2447054243999,109496
2016-10-13,1462.8494873046875,1482.006944952747,1446.815328569185,1482.006944952747,322644
2016-10-14,1465.1807861328125,1475.4083484769055,1449.4545343564114,1475.4083484769055,141352
2016-10-17,1454.4693603515625,1467.2483366354882,1446.2213258390825,1467.1823953179014,216882
2016-10-18,1436.081787109375,1460.7159161519678,1427.4597989859558,1454.5133514166603,278538
2016-10-19,1459.0882568359375,1473.6488300254482,1442.8561679055135,1444.571716122254,347492
2016-10-20,1457.438720703125,1475.8483775515153,1452.0940370484507,1459.1323601604697,242764
2016-10-21,1456.3609619140625,1471.4493881809447,1453.6336332567807,1467.0504363478178,127030
2016-10-24,1455.129150390625,1464.6529450004073,1438.5891568853083,1438.5891568853083,146430
2016-10-25,1449.608642578125,1461.6176952259275,1442.8341922832697,1455.3491888321971,182188
2016-10-26,1436.60986328125,1455.5473744076326,1429.9674023512664,1447.2553063655305,175920
2016-10-27,1412.9873046875,1438.0832379733765,1405.4650543956027,1429.6592885088291,434050
2016-10-28,1456.9105224609375,1464.4107552278545,1421.630957707305,1422.6207216602227,215908
2016-11-01,1465.093017578125,1469.2500058459457,1437.55553439028,1458.2526255626676,257188
2016-11-02,1452.797607421875,1457.7903523938717,1438.8968792344456,1441.9761449497132,236004
2016-11-03,1452.3140869140625,1462.8715723255232,1430.5612894934577,1452.7980146206057,258320
2016-11-04,1452.533935546875,1486.8457607960138,1417.3423199067327,1451.6541451558714,455146
2016-11-07,1452.77587890625,1472.7690937807365,1445.055696854755,1464.411085184012,421832
2016-11-08,1423.302978515625,1452.4020039096156,1414.5050742518283,1441.976508836275,906756
2016-11-09,1374.3204345703125,1404.0133578093323,1288.452920993914,1363.674993199431,451680
2016-11-10,1409.489990234375,1426.0741231689735,1394.1376925851011,1414.2628955308355,274548
2016-11-11,1354.5911865234375,1403.1996010797316,1333.102265274655,1403.1996010797316,432078
2016-11-15,1288.607177734375,1347.8390294615597,1223.4366328087588,1347.8390294615597,1158490
2016-11-16,1315.7265625,1346.0793317452358,1287.2873803613497,1297.6908590354396,470298
2016-11-17,1291.114501953125,1328.4835798473878,1284.494057335885,1328.4835798473878,405504
2016-11-18,1276.839599609375,1286.6932071948556,1262.9608872969598,1284.9336267405722,581400
2016-11-21,1273.1883544921875,1288.0787385471544,1265.1822854967702,1277.8952103799113,182364
2016-11-22,1278.357421875,1284.4939382170194,1254.5590494447254,1278.379438113473,354476
2016-11-23,1305.4989013671875,1309.1280365491534,1273.4965274898518,1292.8519151270032,258996
2016-11-24,1294.4136962890625,1314.4069124846455,1282.734456762124,1301.210055933595,310140
2016-11-25,1302.9693603515625,1308.4460331789853,1284.9556764606625,1306.466505116331,175764
2016-11-28,1306.70849609375,1315.7703788164508,1288.0788942025458,1302.0675809488534,178032
2016-11-29,1322.082763671875,1336.5772863609586,1307.3682934233327,1313.9667202070978,208312
2016-11-30,1334.158203125,1352.2159238365875,1298.2187842320006,1324.0846452937424,474738
2016-12-01,1321.1590576171875,1347.8166375726253,1317.9257855119797,1335.5436066273332,188978
2016-12-02,1309.47998046875,1326.2839547007936,1304.2232545985291,1317.398093631143,339406
2016-12-05,1348.8944091796875,1356.1087538858665,1310.8875121875253,1310.8875121875253,217160
2016-12-06,1321.6429443359375,1352.237673090217,1318.4097794642646,1350.3021774145056,179314
2016-12-07,1317.3760986328125,1339.3049164529496,1311.7674350523573,1327.6036616324661,235244
2016-12-08,1336.731201171875,1349.5981325200535,1320.1251615686701,1325.4039026345897,169386
2016-12-09,1330.8369140625,1347.3109669293005,1328.9673595639488,1338.11709331042,635442
2016-12-12,1309.5899658203125,1332.22255132997,1306.5327158015527,1330.902865791258,274716
2016-12-13,1292.697998046875,1318.7398800360895,1286.6714552324015,1318.7398800360895,384088
2016-12-14,1294.0177001953125,1305.608981925302,1291.0924400103643,1293.2919160580823,233774
2016-12-15,1284.58203125,1299.450511527372,1278.9953832991991,1289.7728164516773,216558
2016-12-16,1273.62841796875,1292.4778602451688,1267.7337586658732,1285.9234656297851,388160
2016-12-19,1275.5201416015625,1282.1845108014288,1260.5196725967903,1275.6960567198366,220010
2016-12-20,1263.423095703125,1280.007123904752,1260.73969192091,1276.5759197328964,401088
2016-12-21,1252.6895751953125,1275.2562210765113,1243.9357034248117,1263.423082818416,401742
2016-12-22,1236.3912353515625,1253.3712307562214,1231.6404537447893,1249.302200701121,185178
2016-12-23,1245.43115234375,1249.808087695357,1219.7633342608292,1236.127412691935,182740
2016-12-26,1234.9176025390625,1245.5190105850183,1222.9084441799123,1244.8591678993096,136000
2016-12-27,1243.5177001953125,1256.7145552520378,1223.590427580401,1236.2153974387452,157352
2016-12-28,1249.126220703125,1270.4171014672681,1244.903184609546,1244.903184609546,247108
2016-12-29,1268.2838134765625,1274.8163002094436,1244.4194986779557,1247.1029023788035,180286
2016-12-30,1269.66943359375,1285.3736694725258,1262.4991209398183,1277.8954516829867,220668
2017-01-02,1269.7354736328125,1276.1800027255742,1260.3656844299194,1276.1800027255742,104490
2017-01-03,1263.4888916015625,1271.2970308046013,1254.2290768702521,1269.977345305496,255186
2017-01-04,1254.7569580078125,1271.2970595963684,1245.1012803666054,1271.2970595963684,273358
2017-01-05,1260.651611328125,1264.6986254503095,1254.8450165096617,1258.9799881874037,232668
2017-01-06,1273.4744873046875,1282.2944068481997,1251.8536828887266,1260.299648583222,795436
2017-01-09,1274.772216796875,1285.5057237751178,1264.9406238256493,1284.4939433678653,344356
2017-01-10,1267.250244140625,1277.0158971070337,1265.116709242398,1275.256316125832,546116
2017-01-11,1312.6473388671875,1313.0872340879876,1269.0977120079879,1269.0977120079879,691722
2017-01-12,1296.7230224609375,1317.4640370695204,1283.7900398371098,1313.0650853055552,260102
2017-01-13,1293.291748046875,1313.0870299047353,1286.6933207609216,1306.048707466385,208658
2017-01-16,1304.619140625,1310.7996894331893,1285.8136215280704,1291.0923637307174,213010
2017-01-17,1325.6461181640625,1328.5713781017862,1299.9342668185022,1305.916776724916,329502
2017-01-18,1359.9580078125,1363.103215489518,1326.239976771424,1327.6036948306596,539226
2017-01-19,1367.172119140625,1387.8692075663132,1349.0484603182222,1359.7159177773292,515150
2017-01-20,1354.1290283203125,1379.1150900128548,1347.8825397462415,1371.5488088199925,225986
2017-01-23,1360.6397705078125,1370.2734316110282,1348.3666310325011,1348.3666310325011,144082
2017-01-24,1384.944091796875,1385.889823515572,1355.6029961263164,1362.047525225097,303692
2017-01-25,1379.0274658203125,1384.7901360923015,1362.7953753538595,1374.6725461526182,190016
2017-01-27,1364.97265625,1390.9484867561214,1359.7159306018884,1378.631422357269,269430
2017-01-30,1383.7781982421875,1386.2855792019473,1363.7629682465345,1375.9920753055521,260542
2017-01-31,1377.0697021484375,1385.6696735061191,1367.6339729938172,1385.6696735061191,309880
2017-02-01,1422.9508056640625,1429.5712490075246,1369.283598525639,1378.4993802394165,422574
2017-02-02,1421.3011474609375,1431.7046241983287,1403.1334573372585,1425.2602035819987,461788
2017-02-03,1421.2354736328125,1440.150967548963,1412.063615601,1417.826285775832,271328
2017-02-06,1445.0556640625,1449.190635789584,1421.2353830608965,1421.2353830608965,268304
2017-02-07,1421.1253662109375,1447.2550961123254,1412.0634828329985,1447.2550961123254,227652
2017-02-08,1422.18115234375,1436.7856512040573,1404.1674657535746,1421.2354206417208,258164
2017-02-09,1419.0797119140625,1431.7046810107272,1409.9959201898985,1420.113508456315,225518
2017-02-10,1424.9744873046875,1438.4572315470662,1417.8921319828994,1421.3013196111838,422206
2017-02-13,1439.205078125,1449.894552769396,1417.3863410405143,1427.4598979783646,403908
2017-02-14,1418.419921875,1442.8561194008155,1412.151415868457,1442.8561194008155,376840
2017-02-15,1405.1790771484375,1426.5799326554497,1394.9074827167535,1422.1809812750753,272684
2017-02-16,1421.1912841796875,1424.5564391857274,1400.0763165589726,1403.265556460018,159888
2017-02-17,1428.669677734375,1431.7709604646618,1410.1061212287545,1424.8646271012046,314858
2017-02-20,1432.6944580078125,1437.2474157272923,1423.522708651741,1434.9379662108586,114270
2017-02-21,1424.842529296875,1440.8766874103849,1414.3509861109947,1437.0055882791016,196132
2017-02-22,1424.6884765625,1435.817845928395,1419.475783195658,1426.1401521139267,230530
2017-02-23,1419.5416259765625,1442.3941571683588,1413.6250577844867,1426.1620693557081,420848
2017-02-27,1433.662353515625,1437.9732401503677,1415.9565733923014,1421.3012566076627,261074
2017-02-28,1420.5975341796875,1433.6184752255544,1413.0753906007826,1431.9029268820211,191908
2017-03-01,1399.3065185546875,1434.0362203196605,1396.667147567159,1421.7411719486797,203810
2017-03-02,1369.8995361328125,1415.3627460868431,1364.86275778528,1407.664580412711,381920
2017-03-03,1362.245361328125,1383.7782083196887,1348.9165162601896,1373.7926094866343,466084
2017-03-06,1357.5166015625,1370.9113890649587,1345.8153461601853,1368.9538768835062,319000
2017-03-07,1345.705078125,1365.8743118069685,1343.967513925787,1365.8743118069685,367252
2017-03-08,1357.2525634765625,1367.1942376353854,1339.6128309615735,1348.2787446436475,526952
2017-03-09,1354.26123046875,1363.630911099501,1347.3988232780696,1357.51641156909,224428
2017-03-10,1373.57275390625,1377.3118630842173,1353.5575224241893,1357.1207164817088,274980
2017-03-14,1397.4371337890625,1403.507709276754,1379.7093350243078,1387.3415600151666,267266
2017-03-15,1403.3756103515625,1407.6645883943265,1379.2913490345034,1398.8887009553125,224208
2017-03-16,1418.683837890625,1424.4684160033576,1406.0588688950015,1406.3447577765153,225374
2017-03-17,1428.5814208984375,1431.8145855982505,1414.2628132384953,1418.66176444608,176806
2017-03-20,1430.4290771484375,1435.971799086597,1425.260309052337,1430.7149660420507,110944
2017-03-21,1449.168701171875,1460.8918645336944,1425.2603556426286,1425.2603556426286,792904
2017-03-22,1462.981201171875,1471.7791036069461,1434.9378871600861,1434.9378871600861,440156
2017-03-23,1449.784423828125,1475.562322278201,1442.8120428228347,1463.5311471064772,188328
2017-03-24,1450.84033203125,1460.8919804560173,1444.197978852377,1451.2802272376505,141284
2017-03-27,1453.4576416015625,1464.8508832908685,1448.2008085207774,1451.6540284864464,154350
2017-03-28,1469.0518798828125,1481.0610390406227,1453.5895008149655,1455.9209666054423,201092
2017-03-29,1491.8604736328125,1502.4619904516348,1463.4872344631065,1470.7015798680582,304570
2017-03-30,1493.510009765625,1505.5411853521518,1487.1096211035765,1487.725431369168,1958514
2017-03-31,1484.2060546875,1510.1378491311364,1465.312581783579,1486.8454252648933,396946
2017-04-03,1491.9925537109375,1505.3654324559272,1439.6890565007732,1485.526115640325,188616
2017-04-05,1485.042236328125,1496.3256132051629,1473.6489930419305,1494.3240684666978,391352
2017-04-06,1476.794189453125,1493.2023025782603,1472.527227314019,1485.042224797902,226512
2017-04-07,1476.9261474609375,1485.6581103150481,1469.249997545832,1473.6489496342926,103408
2017-04-10,1503.055908203125,1506.6410110080312,1473.6488720808482,1475.848348009327,136538
2017-04-11,1496.8753662109375,1519.2880045453865,1487.8134823856449,1504.3095519246829,187738
2017-04-12,1517.1986083984375,1522.0814882816353,1485.8780903247914,1486.8458383261,334880
2017-04-13,1497.3153076171875,1518.7822149192114,1491.6846275614664,1517.6384444373516,121998
2017-04-17,1489.1771240234375,1498.1949749087817,1483.5684606679185,1497.1611783121934,91102
2017-04-18,1481.7867431640625,1502.7037780431838,1475.3203062420962,1482.7324747336236,226604
2017-04-19,1509.3902587890625,1516.5165388594994,1468.8978880722013,1480.2692208492037,185988
2017-04-20,1486.5599365234375,1513.2395383323203,1481.6550404425209,1511.8758202084457,134522
2017-04-21,1485.328125,1499.0088009687065,1481.566999646936,1487.7695647833073,167550
2017-04-24,1490.4307861328125,1493.796048641077,1478.047779982248,1478.047779982248,80630
2017-04-25,1529.71337890625,1534.7941894046007,1490.0788900435423,1494.7637304662749,274916
2017-04-26,1563.12353515625,1582.7429037138863,1522.0373671067389,1535.2342228909015,625874
2017-04-27,1563.8494873046875,1587.581812397568,1516.2308308369577,1561.6279950156184,352266
2017-04-28,1594.422119140625,1600.7785831040317,1560.858094943358,1563.8494036897512,329716
2017-05-02,1572.163330078125,1603.153923497571,1564.1132269431375,1588.0215725239993,187462
2017-05-03,1575.044677734375,1596.8194889472925,1545.4837433851858,1574.890671464255,214202
2017-05-04,1580.1474609375,1592.4204930497303,1568.3802653051573,1572.6031944401177,239362
2017-05-05,1552.5440673828125,1583.446703198418,1546.8693552294374,1580.147489410275,96248
2017-05-08,1558.5264892578125,1567.7642873428767,1545.813562470687,1558.0865941109048,72912
2017-05-09,1580.521240234375,1585.3600868308627,1548.0130319673917,1554.5894429079083,188862
2017-05-10,1632.5830078125,1637.201907216078,1577.9040152985056,1577.9040152985056,669364
2017-05-11,1631.2852783203125,1646.9674979963002,1621.101640811333,1623.2131590828922,326904
2017-05-12,1629.481689453125,1643.008465980272,1610.8081608973446,1629.8116108318359,124618
2017-05-15,1645.8897705078125,1671.3816737539257,1618.8362179519852,1629.371685638779,236786
2017-05-16,1650.8607177734375,1660.1644581455475,1630.6914802187453,1645.889880613988,219248
2017-05-17,1614.239501953125,1651.2346245933552,1610.0164649880824,1650.486824217291,135124
2017-05-18,1564.0252685546875,1621.2776896555847,1559.9123131322935,1621.2776896555847,142012
2017-05-19,1576.012451171875,1614.4153221396307,1567.346537543189,1583.556718000571,287472
2017-05-22,1598.3370361328125,1626.2923948291063,1585.030207638471,1593.256225592081,212636
2017-05-23,1581.0712890625,1620.5298665915325,1574.8468150091167,1607.8169384091382,265432
2017-05-24,1554.28173828125,1590.5951086756877,1527.272108448055,1585.8222027767758,199372
2017-05-25,1547.4632568359375,1570.425763324621,1518.1661954355702,1570.425763324621,338880
2017-05-26,1502.615966796875,1559.428385323417,1496.6113332590592,1545.791634986315,886100
2017-05-29,1503.7376708984375,1522.037353716667,1483.1066294958794,1499.338719009083,392340
2017-05-30,1506.8388671875,1517.6383149368137,1486.0978531752091,1513.1073732709347,493310
2017-05-31,1553.9954833984375,1560.7479165822951,1503.1216547242677,1503.1216547242677,419000
2017-06-01,1586.218017578125,1588.4615259984485,1557.2289676085593,1577.0242510951089,405616
2017-06-02,1579.927490234375,1612.2157518281656,1566.0267603023929,1596.7753888453244,299542
2017-06-05,1602.670166015625,1633.7707344462628,1579.9276061887779,1579.9276061887779,502604
2017-06-06,1595.65380859375,1615.2950852309784,1581.7971105586803,1607.2449820361098,272076
2017-06-07,1602.802001953125,1616.6146666223538,1583.7104881190571,1600.1626310688437,259416
2017-06-08,1600.91064453125,1609.5765586094135,1592.7065345023127,1602.8022153961383,90782
2017-06-09,1615.7349853515625,1627.1722599551945,1601.7683134798194,1604.7376059249932,290830
2017-06-12,1595.345947265625,1630.4275908541642,1589.7813157238913,1612.2159718118598,162416
2017-06-13,1595.1038818359375,1605.0674642464376,1585.8220510060726,1605.0674642464376,106036
2017-06-14,1589.5831298828125,1603.8577059233635,1575.0445737955574,1603.8577059233635,100490
2017-06-15,1568.1383056640625,1596.8194489426749,1563.4973901940778,1592.420497292695,175760
2017-06-16,1569.9637451171875,1573.9448176304154,1549.750584827265,1568.1382232369142,279670
2017-06-19,1580.213623046875,1593.9823650777012,1570.4259542841794,1570.4259542841794,117850
2017-06-20,1576.496337890625,1591.848636425152,1569.9858678699075,1574.3188782698658,181608
2017-06-21,1614.5472412109375,1623.2131544587376,1566.0267831634433,1574.8246864396424,178280
2017-06-22,1601.98828125,1627.6121756367131,1597.9192508109081,1627.6121756367131,301570
2017-06-23,1605.3974609375,1613.3596066615894,1586.4819681795022,1601.988273289256,203426
2017-06-27,1604.5396728515625,1618.198439563951,1589.5392043713166,1618.198439563951,167390
2017-06-28,1599.524658203125,1616.8786072613307,1579.2455568409216,1603.417773121064,257156
2017-06-29,1599.9866943359375,1626.2924470385933,1584.062510626447,1600.5365632996372,181420
2017-06-30,1623.2353515625,1632.8250886813337,1592.1566903386702,1593.3884184138374,479702
2017-07-03,1629.26171875,1648.1112695447423,1618.3743134070198,1639.0493861795478,148906
2017-07-04,1648.7491455078125,1657.4810003645998,1632.0551449604466,1632.0551449604466,245562
2017-07-05,1642.3265380859375,1657.964832260031,1634.2104939893911,1653.565880728431,226042
2017-07-06,1641.4248046875,1649.6068978593955,1637.0478691977696,1645.2079461317705,246406
2017-07-07,1624.2470703125,1637.2679036795607,1617.4506036155815,1636.4541620045316,239420
2017-07-10,1634.62841796875,1649.0790171069382,1626.7323212311055,1649.0790171069382,34224
2017-07-11,1626.3140869140625,1643.0740246112716,1621.9151362224711,1623.4767851972374,164310
2017-07-12,1628.5579833984375,1638.4776417088206,1624.0930900449393,1626.2925660607098,360402
2017-07-13,1639.753173828125,1655.7212815613268,1629.3716055212615,1638.1695083588493,127802
2017-07-14,1636.0582275390625,1642.8766032273245,1629.8776784197992,1642.8766032273245,77932
2017-07-17,1626.600341796875,1642.1286627119014,1616.7906580678261,1636.3880092882598,108708
2017-07-18,1646.5057373046875,1653.126181624138,1608.2788869201654,1627.6122597150907,131062
2017-07-19,1674.3289794921875,1688.75756258982,1651.6743781706518,1651.6743781706518,525198
2017-07-20,1667.6866455078125,1686.9980007851448,1656.2053384500834,1673.80114549869,415898
2017-07-21,1686.5802001953125,1691.3970311193727,1667.2907528636933,1679.959756006472,240816
2017-07-24,1684.5565185546875,1701.5144986489688,1678.2659962143455,1687.0419906753325,203984
2017-07-25,1693.8162841796875,1695.0480120855636,1680.861393421807,1693.596336603505,195416
2017-07-26,1693.860595703125,1698.875358307711,1689.329653408079,1698.875358307711,156286
2017-07-27,1704.9896240234375,1723.6851685025863,1689.637325750837,1694.4761725572048,280736
2017-07-28,1728.326416015625,1737.926718507228,1696.7165095432554,1713.881894466054,238964
2017-07-31,1734.9404296875,1750.4246487631149,1716.0938798374436,1734.0556171688934,255936
2017-08-01,1728.70263671875,1751.0441551203614,1718.9918399262565,1734.1442558719039,228940
2017-08-02,1709.502197265625,1738.2143224319113,1699.1276833037994,1729.8086028782827,321538
2017-08-03,1713.85986328125,1720.9605059939693,1696.2078951253093,1704.3259859199532,149358
2017-08-04,1733.08251953125,1741.9749299966907,1694.4162493682095,1694.4162493682095,193840
2017-08-07,1817.3165283203125,1863.349033841371,1725.4067267163189,1733.7018449124691,1782682
2017-08-08,1801.6336669921875,1832.071139565782,1760.777394545653,1820.9446622989717,750352
2017-08-09,1795.6829833984375,1802.761484575021,1766.4841660450304,1800.1513304698983,348022
2017-08-10,1822.3602294921875,1873.1263555406847,1782.012686042236,1782.012686042236,653174
2017-08-11,1814.7286376953125,1839.0830184920615,1792.1879499425888,1805.349537577936,297426
2017-08-14,1840.41015625,1860.8714470496543,1814.5293884277344,1824.1960090146615,198656
2017-08-16,1902.3250732421875,1907.6339488900478,1845.2987278431267,1847.046319151362,589396
2017-08-17,1880.447998046875,1919.977044573869,1873.5907003243185,1919.6009560111495,341412
2017-08-18,1880.8681640625,1895.2463673869631,1862.9947784996084,1862.9947784996084,160612
2017-08-21,1871.289794921875,1892.3483747824898,1863.4370842987732,1874.121367623449,192688
2017-08-22,1857.5977783203125,1884.1864407603937,1849.545897069213,1878.0147863271718,212366
2017-08-23,1878.966064453125,1888.0576444516416,1838.6407693210624,1869.4765779666839,237424
2017-08-24,1864.344482421875,1891.0214966254011,1855.1645514487664,1873.5907311380354,246838
2017-08-28,1852.9302978515625,1884.1421932411415,1847.466752631624,1880.2268541176486,300058
2017-08-29,1845.984375,1866.6225835046228,1832.5352681086856,1849.7005443225282,330262
2017-08-30,1876.400146484375,1885.7569972375993,1849.25847471042,1849.25847471042,202468
2017-08-31,1871.7989501953125,1889.959641712058,1863.5258662925132,1888.0573811018944,269094
2017-09-01,1877.55029296875,1884.7834631190174,1858.7700592295328,1866.9545757345302,192344
2017-09-04,1866.7999267578125,1884.2086599756558,1836.4287737870268,1878.0149710252779,229534
2017-09-05,1884.9163818359375,1889.8934528610541,1866.9546423104414,1876.687581204003,274206
2017-09-06,1879.275634765625,1883.323609185575,1862.0881068973656,1871.3786391484573,231278
2017-09-07,1885.137451171875,1900.1349809258516,1877.5722605469882,1880.6691045205575,229848
2017-09-08,1897.1488037109375,1924.4673925593374,1888.78736789873,1893.941358056672,278692
2017-09-11,1901.1527099609375,1915.6194839260208,1897.92323003294,1897.92323003294,142188
2017-09-12,1909.95654296875,1919.379710643721,1903.6300033397354,1915.6192571366398,226842
2017-09-13,1915.5972900390625,1928.891513258511,1893.4990084280796,1913.4072923951971,185576
2017-09-14,1920.33056640625,1924.0247016446426,1908.2972465153273,1924.0247016446426,189126
2017-09-15,1927.564208984375,1938.1156422235235,1915.6192391329687,1922.2553334948611,279594
2017-09-18,1941.4781494140625,1950.56951310736,1929.9090510450508,1937.6954456733097,435432
2017-09-19,1933.4041748046875,1944.375765069267,1912.5225102148897,1933.4262087130749,217864
2017-09-20,1924.9320068359375,1940.8145671544899,1920.5965111393846,1933.3156933323608,94136
2017-09-21,1914.7786865234375,1935.0850918140436,1905.0234983218006,1935.0850918140436,160572
2017-09-22,1889.20751953125,1922.5651270669034,1882.0184172207555,1904.5148205776427,385618
2017-09-25,1893.9857177734375,1910.5096368373968,1872.529011502472,1872.529011502472,267888
2017-09-26,1913.8497314453125,1920.0434198965918,1886.8629460504526,1894.0740826255296,211236
2017-09-27,1903.12158203125,1927.7194191469946,1890.3803651174205,1916.460090742013,315854
2017-09-28,1919.9105224609375,1935.5273769463122,1896.1532200210045,1896.5956262785921,352834
2017-09-29,1921.9234619140625,1927.1660194813112,1912.9867687434714,1922.2552666206138,312358
2017-10-03,1920.0654296875,1953.22386920873,1915.6193326554478,1953.22386920873,145814
2017-10-04,1920.86181640625,1945.7028866830128,1915.61925860333,1915.61925860333,227520
2017-10-05,1930.5062255859375,1939.951643381742,1922.2774251263475,1939.951643381742,148214
2017-10-06,1929.7099609375,1933.31552907517,1914.0708550443303,1930.439888128033,201946
2017-10-09,1922.0340576171875,1943.5570796460602,1912.5002888188508,1929.7098496757205,368164
2017-10-10,1923.8480224609375,1942.3405188463012,1917.3888474683113,1937.2971303792651,174918
2017-10-11,1935.9478759765625,1946.1452544737494,1903.364480158199,1925.3521590065372,645590
2017-10-12,2010.4931640625,2025.5570104288863,1941.7430601739215,1944.3311799335177,852122
2017-10-13,2027.1939697265625,2059.8434639984503,2012.948402318073,2012.948402318073,711828
2017-10-16,2008.56884765625,2042.8996190874548,1997.508690366474,2030.7111961429032,222746
2017-10-17,2041.83740234375,2052.764922714807,2004.1002370469992,2004.1002370469992,212614
2017-10-18,2073.04931640625,2090.3694774441965,2037.302762715155,2044.3592286284934,358176
2017-10-19,2047.4564208984375,2090.3698333502844,2043.9614542220802,2083.733738641236,29398
2017-10-23,2059.490234375,2100.0810191051983,2051.9250421915644,2053.9601547114853,242700
2017-10-24,2046.50537109375,2074.0008813836052,2035.9759707963149,2074.0008813836052,145054
2017-10-25,2054.6455078125,2061.569123369003,2024.0088708063063,2056.746937787654,307034
2017-10-26,2037.1259765625,2063.183662516078,2029.317549144393,2046.814630617595,300778
2017-10-27,2033.896728515625,2059.2244902118427,2021.8411563545435,2039.0064350791683,187416
2017-10-30,2099.615966796875,2109.149951949826,2035.0689323421955,2035.0689323421955,315004
2017-10-31,2052.544189453125,2110.2782161205746,2048.651100115987,2101.430089428245,238030
2017-11-01,2078.0927734375,2099.4609090656945,2053.6498279412153,2053.6498279412153,271256
2017-11-02,2061.01611328125,2089.8168072716294,2028.3443640776125,2080.2607877700175,168102
2017-11-03,2060.772705078125,2083.2468573566416,2048.3853294244286,2083.2468573566416,115566
2017-11-06,2054.11474609375,2079.5090437589006,2043.983683738805,2058.1629370686464,240006
2017-11-07,2056.746826171875,2097.8906108210435,2038.6081684233168,2065.152545616329,408354
2017-11-08,2058.738037109375,2073.713535896264,2035.1578640609905,2065.595335825437,198650
2017-11-09,2104.947021484375,2123.461551268856,2058.7818835076205,2063.8252718363447,345826
2017-11-10,2155.845947265625,2175.665663533599,2097.4483143825832,2114.2597541519435,487212
2017-11-13,2159.96044921875,2179.5591802531358,2073.801812036846,2112.4903339850684,668372
2017-11-14,2118.39599609375,2174.4930218076693,2113.0648712060247,2170.8874540982392,558680
2017-11-15,2101.3193359375,2134.6104102107347,2090.900753917942,2114.702126592189,195022
2017-11-16,2095.5458984375,2130.6506636985464,2091.696877420557,2097.00575274396,258546
2017-11-17,2101.451904296875,2136.756055730643,2094.793776062381,2109.8355898714876,398036
2017-11-20,2107.26953125,2123.107588553766,2090.0820052758304,2113.3746510775873,318362
2017-11-21,2131.027099609375,2142.994320962829,2109.8358786928875,2110.278285041953,301546
2017-11-22,2112.556396484375,2139.676032237367,2100.5451086644757,2134.610393703895,242728
2017-11-23,2115.74169921875,2127.974189557897,2106.318315919889,2115.343576773714,143060
2017-11-24,2097.890869140625,2121.139235954001,2083.0922906258497,2117.3787820552884,291786
2017-11-27,2122.178466796875,2134.1456852978863,2106.1855242938987,2109.835375803729,388640
2017-11-28,2121.20556640625,2147.307538024897,2114.7906750762436,2128.8591089649153,302222
2017-11-29,2128.483154296875,2137.28699698949,2116.9363059727834,2132.3984934897017,305992
2017-11-30,2130.451904296875,2159.8276405550037,2074.9299114886708,2129.744010985618,6269128
2017-12-01,2126.1826171875,2152.3066224669005,2107.8890737085276,2141.710905307503,331530
2017-12-04,2107.2919921875,2128.3062932695148,2101.4301082014645,2108.0662032799955,132580
2017-12-05,2106.672607421875,2128.2399158221046,2094.9265898511367,2107.291933074754,200320
2017-12-06,2106.052978515625,2121.2937446460205,2086.0561290451456,2121.2937446460205,156706
2017-12-07,2189.88916015625,2189.911194063861,2108.088062132721,2110.2780597342658,279804
2017-12-08,2148.2587890625,2196.0607059067706,2139.4769803377267,2189.8892673054856,233564
2017-12-11,2154.165283203125,2189.4692267603627,2140.273549725313,2154.5634057508582,202690
2017-12-12,2150.138916015625,2171.7725410245757,2135.0528178823797,2157.173133028281,131964
2017-12-13,2130.1201171875,2155.846001541658,2121.42687618638,2150.0947193705024,146554
2017-12-14,2077.03125,2144.5645281414463,2061.613347321122,2144.5645281414463,359052
2017-12-15,2080.902099609375,2100.633461742376,2070.9257089700304,2100.633461742376,255604
2017-12-18,2079.088623046875,2084.0214106010776,2034.3612982621028,2084.0214106010776,373042
2017-12-19,2104.327880859375,2114.4591592972183,2069.7095832616137,2085.945983047225,548372
2017-12-20,2099.39501953125,2110.278258786598,2085.945909890736,2110.278258786598,263210
2017-12-21,2093.7763671875,2101.429909714348,2081.9640326559415,2092.6481015194863,172134
2017-12-22,2099.94775390625,2134.5882957057916,2094.7937638789035,2126.647016465869,569018
2017-12-26,2099.483642578125,2112.4903462181096,2090.94507031097,2112.4903462181096,142748
2017-12-27,2094.860107421875,2101.4298840526,2089.8610027367654,2099.4833395742694,188500
2017-12-28,2064.289794921875,2097.51455069574,2059.887981922271,2097.4925167885917,395054
2017-12-29,2083.402099609375,2092.1175910945963,2064.268025009788,2064.2900589197543,263158
2018-01-01,2096.231689453125,2112.0477149684416,2086.034310458424,2101.429963573544,112320
2018-01-02,2059.86572265625,2098.0012313081834,2054.5348132627346,2096.231606146028,176798
2018-01-03,2070.881591796875,2083.7113728576196,2060.0867066411715,2061.1706883451525,166046
2018-01-04,2046.74853515625,2074.3989298794686,2039.5594325282132,2061.171024247623,334700
2018-01-05,2054.579345703125,2070.240487079488,2041.4177569670173,2062.498376058248,264116
2018-01-08,2076.544921875,2084.176431840879,2047.3018172947545,2061.6137067243676,176830
2018-01-09,2053.628173828125,2085.215942953647,2046.062982293423,2079.3097751757336,244280
2018-01-10,2068.13916015625,2083.2915781968622,2049.0050848202945,2060.220129405925,388758
2018-01-11,2088.843505859375,2100.987645937313,2049.226105702597,2066.03754612071,223456
2018-01-12,2082.981689453125,2109.8358407661503,2062.2108413491196,2094.794025168321,257274
2018-01-15,2088.091552734375,2117.356688160345,2081.521775552533,2082.981630029069,177464
2018-01-16,2069.289306640625,2111.605429224718,2035.511539883287,2089.927518889078,336198
2018-01-17,2101.341796875,2102.757583738624,2052.7876952938273,2070.4619170832652,205684
2018-01-18,2049.0048828125,2114.171247714155,2037.7235215879034,2105.7214597687407,355846
2018-01-19,2072.43017578125,2076.124095388305,2048.3410675320633,2063.825287265027,131186
2018-01-22,2082.5615234375,2102.314923273351,2066.0376034693913,2068.249635164755,161802
2018-01-23,2095.43505859375,2106.0968758409294,2056.857149222958,2072.673171825468,200710
2018-01-24,2087.826171875,2103.708516671533,2070.926162859971,2095.413397590608,160134
2018-01-25,2046.3946533203125,2087.8039267875674,2035.511414983212,2087.8039267875674,796634
2018-01-29,2075.81494140625,2083.7339721092458,2038.1661166682156,2052.7655266638853,220442
2018-01-30,2081.787353515625,2097.028122586863,2052.8540215718017,2065.5952379815894,258332
2018-01-31,2072.29736328125,2084.795340872318,2055.9505806096363,2074.8854832604843,143774
2018-02-01,2097.22705078125,2106.6061506844712,2059.7774009465693,2072.341696576747,297688
2018-02-02,2091.011474609375,2097.005993944071,2024.8937625067538,2068.4707857986295,374368
2018-02-05,2042.4569091796875,2078.8668551577252,2017.372389767871,2078.8668551577252,354840
2018-02-06,2004.2999267578125,2044.138532008667,1946.5879322233816,1990.8285670466403,274268
2018-02-07,2013.147705078125,2046.1290062195512,1987.753412272472,2041.6606596725019,256576
2018-02-08,2047.4564208984375,2058.958985060788,1997.6857105805734,2012.8824106680363,199332
2018-02-09,2053.27392578125,2070.3728858205145,2002.3529181979552,2002.3529181979552,241482
2018-02-12,2111.384033203125,2119.1261433301142,2066.0373881736186,2066.0373881736186,429514
2018-02-14,2107.690185546875,2157.084811704927,2099.8154388630987,2152.3069094952443,699924
2018-02-15,2103.973876953125,2130.7837434115295,2079.9953677667177,2118.152913240556,165652
2018-02-16,2115.565185546875,2127.9745975722103,2095.23652684033,2123.992940321036,165568
2018-02-19,2094.041748046875,2115.3658190783426,2077.4957948826304,2115.3658190783426,89962
2018-02-20,2094.395751953125,2114.702158345209,2090.369811334961,2091.6970302627924,265356
2018-02-21,2110.16748046875,2117.7547054216293,2096.8289735312605,2112.4901135779196,246902
2018-02-22,2148.2587890625,2156.7308269533537,2102.0273282590897,2112.047788282115,424906
2018-02-23,2195.17578125,2202.7409721991926,2156.775000739045,2167.790874427805,305410
2018-02-26,2196.436279296875,2211.146286102177,2187.278384141448,2196.8123677873596,224702
2018-02-27,2190.906494140625,2241.1416406898184,2172.4360320011183,2200.9712369831104,427034
2018-02-28,2209.48779296875,2216.145921765585,2166.5964132683134,2181.063186531699,180960
2018-03-01,2187.19091796875,2212.0099601458337,2176.639482153342,2205.3958980760995,105070
2018-03-05,2168.875,2185.2440342181812,2163.986280439827,2173.0998940461254,157468
2018-03-06,2134.698486328125,2183.2303169406127,2117.820516954102,2165.5783527339076,156356
2018-03-07,2161.02197265625,2174.4267961006276,2114.7019502260428,2134.6102321842377,253844
2018-03-08,2144.962890625,2175.5332124211805,2133.394007849118,2170.2243362546214,268074
2018-03-09,2142.042724609375,2158.94273157963,2134.2785804965224,2154.0762623076266,377004
2018-03-12,2153.10302734375,2165.5789721813717,2132.7303023786203,2156.730845635176,146012
2018-03-13,2154.4970703125,2165.5792638969574,2137.8625469611466,2150.338277460604,218066
2018-03-14,2134.0576171875,2147.8828155367323,2126.204904525136,2145.7813853876487,208792
2018-03-15,2153.744384765625,2166.0211591049147,2129.035950684434,2142.573626132578,606398
2018-03-16,2150.360107421875,2165.57884095539,2141.2464944278017,2154.4966495353056,303842
2018-03-19,2130.429443359375,2154.496517446105,2124.8773310359525,2150.979301165272,223656
2018-03-20,2134.63232421875,2139.0343530901864,2126.204571034423,2132.3982589234124,323252
2018-03-21,2138.791259765625,2148.3250292850566,2132.3984022145746,2132.3984022145746,404664
2018-03-22,2140.4501953125,2154.518628904852,2132.6195175843613,2147.8825345653095,177046
2018-03-23,2141.091796875,2154.518872477035,2119.126365331622,2128.416898457293,273344
2018-03-26,2149.209716796875,2154.5185921780117,2140.7819635367973,2141.268437631781,192504
2018-03-27,2196.458740234375,2205.727238746704,2151.797953283098,2156.7307403881427,485252
2018-03-28,2199.024658203125,2213.80098448013,2169.6489249541287,2196.4585722150173,526032
2018-04-02,2259.390869140625,2264.1026687609888,2200.7057202562773,2211.1465514983024,291716
2018-04-03,2256.183837890625,2264.678126295552,2231.763136759233,2264.2357199415187,214838
2018-04-04,2222.826171875,2249.5474692075936,2208.049844649708,2237.2486604675564,268380
2018-04-05,2242.048583984375,2245.0791100367246,2216.897745168421,2223.09143274223,204054
2018-04-06,2290.890380859375,2300.490683800364,2234.151773927455,2251.8259916950137,272780
2018-04-09,2284.099609375,2303.6097718293045,2272.4421593174634,2292.549613523998,125078
2018-04-10,2271.424560546875,2290.5586331463105,2238.5758925582486,2284.5861480574695,148514
2018-04-11,2271.911376953125,2283.413941467225,2258.926708038273,2273.9242393356067,87602
2018-04-12,2284.077392578125,2301.8399621904423,2260.696176589114,2270.871521415249,223378
2018-04-13,2304.450439453125,2316.506012732013,2282.197486010046,2309.3611932401977,293690
2018-04-16,2350.217041015625,2361.564718875799,2294.252646684829,2306.219650132278,191334
2018-04-17,2363.37890625,2398.0414855200233,2351.057846716379,2361.1225907560456,392794
2018-04-18,2372.027587890625,2383.8619558802875,2354.043815812876,2374.836910972283,129790
2018-04-19,2387.1357421875,2397.5102559608085,2365.1703133778688,2374.39452760837,129052
2018-04-20,2354.641357421875,2389.4145379235306,2344.5323296474285,2387.2245401976647,88072
2018-04-23,2350.526611328125,2373.42113643288,2346.7220901160085,2366.873609863538,181690
2018-04-24,2343.5146484375,2363.8210536210563,2323.1196755898773,2358.025488110704,116198
2018-04-25,2378.06640625,2412.2202577000157,2334.6885566157557,2344.753299552514,190562
2018-04-26,2377.22607421875,2394.325035265274,2364.7060617832194,2380.1459991314637,184850
2018-04-27,2415.8701171875,2431.3986209714303,2379.415882561957,2384.569872570732,176864
2018-04-30,2439.074462890625,2449.360409210953,2415.538361677062,2416.865580557104,129498
2018-05-02,2400.076416015625,2462.2124725552458,2392.8873130277493,2453.143142632079,144158
2018-05-03,2361.16650390625,2415.5381902973004,2353.601313623011,2415.5381902973004,152102
2018-05-04,2382.13671875,2401.0495880464177,2345.195792755827,2366.873701423066,225300
2018-05-07,2421.1572265625,2433.2568669628017,2382.1369015594983,2382.1369015594983,151632
2018-05-08,2408.769775390625,2433.234758463694,2381.5838206363055,2428.810695266487,107506
2018-05-09,2389.657470703125,2412.2422244103213,2384.171676151291,2397.3995804388105,125672
2018-05-10,2382.99951171875,2400.5629122962164,2364.8828872451036,2389.1931999464987,200292
2018-05-11,2423.369384765625,2429.8726285932153,2388.994324467189,2388.994324467189,124232
2018-05-14,2417.3525390625,2437.6589469778637,2394.8340994348155,2437.6589469778637,80048
2018-05-15,2413.237548828125,2436.641012488555,2396.204908042657,2433.23439792399,277736
2018-05-16,2451.904296875,2470.839200220327,2360.525145454377,2402.266223311795,478002
2018-05-17,2422.94873046875,2464.203118402508,2407.1547389756365,2455.354992304115,266524
2018-05-18,2476.17041015625,2495.1718495670934,2424.4974341471748,2437.2166168909785,306418
2018-05-21,2442.79052734375,2508.8859815194887,2423.899693023934,2480.571979964693,222480
2018-05-22,2479.421630859375,2490.7472744585184,2442.2152207316662,2455.111536184352,223362
2018-05-23,2528.661865234375,2537.2002207205105,2477.4753680967497,2486.3234944113806,389010
2018-05-24,2529.767578125,2562.3727900792446,2513.752385005594,2523.197801919269,263790
2018-05-25,2578.12255859375,2588.0766997466217,2524.392230274441,2530.5638841966966,234922
2018-05-28,2584.9580078125,2600.796067133854,2562.8597264565456,2600.796067133854,136482
2018-05-29,2568.212646484375,2596.0399572876927,2556.3339950916175,2590.156040383659,169824
2018-05-30,2561.46630859375,2574.6056468585607,2537.6426847460784,2545.340511611126,220698
2018-05-31,2620.79296875,2661.427815853021,2548.2603672031155,2565.956619753137,620770
2018-06-01,2571.465087890625,2642.9357532297404,2563.3911713361485,2642.9357532297404,244766
2018-06-04,2551.003662109375,2594.2929520050875,2526.4058250710364,2582.502865610059,234986
2018-06-05,2571.17724609375,2583.6531920932007,2546.2918878651126,2546.2918878651126,146208
2018-06-06,2599.999755859375,2605.3306652944493,2568.16853659947,2568.16853659947,137324
2018-06-07,2651.473876953125,2661.9589937998794,2604.9328587917576,2614.6215146015106,244240
2018-06-08,2618.005859375,2661.516566527883,2604.9105883838174,2661.516566527883,176896
2018-06-11,2614.820556640625,2638.621930578552,2610.639730451278,2622.142294930474,138474
2018-06-12,2630.813720703125,2634.529890947567,2592.744523566103,2614.820773888777,90798
2018-06-13,2662.02490234375,2689.830180222984,2625.7255535066056,2625.7255535066056,198276
2018-06-14,2655.212158203125,2675.2310443877695,2641.608163724057,2675.2310443877695,153536
2018-06-15,2714.870849609375,2733.828004903607,2652.358702766266,2661.0741942655322,358540
2018-06-18,2687.17578125,2713.587522932523,2680.9378094134613,2713.587522932523,234716
2018-06-19,2644.0634765625,2691.1356830925774,2619.952331473466,2680.9823713677824,190784
2018-06-20,2652.46875,2678.9910915371315,2641.165356531529,2653.729651037256,259288
2018-06-21,2637.936279296875,2667.6881046397248,2632.31763256442,2654.4379488044574,151972
2018-06-22,2636.49853515625,2653.5532130641377,2608.0073941983383,2640.6791454355575,184020
2018-06-25,2644.439697265625,2676.5141579314713,2636.7418699095674,2642.935558865731,129686
2018-06-26,2676.60302734375,2690.627180735629,2638.069386361683,2657.092861728705,225122
2018-06-27,2693.19287109375,2711.5084503150415,2675.6735368747545,2692.4849777479753,273890
2018-06-28,2711.751708984375,2719.914192407139,2679.013639654816,2709.2964401921467,256268
2018-06-29,2749.002197265625,2768.5566424933268,2704.119990896349,2720.798795121077,315222
2018-07-02,2757.49658203125,2772.980803362535,2729.71333528846,2754.8641779974464,160600
2018-07-03,2750.24072265625,2769.2864429616934,2736.747330875207,2769.2864429616934,187682
2018-07-04,2787.04931640625,2795.6099222152498,2747.365381642615,2747.365381642615,197908
2018-07-05,2790.389404296875,2817.6859617104124,2784.5940540943584,2808.83783496615,144032
2018-07-06,2791.53955078125,2813.4829471065395,2778.754051541186,2782.735708357596,234676
2018-07-09,2823.813232421875,2834.5636196269616,2787.1598254814444,2792.026295017999,123170
2018-07-10,2826.843994140625,2842.4828860921198,2818.2391040638827,2835.8247568069523,183948
2018-07-11,2812.709228515625,2835.3605221112007,2790.699510593616,2834.94014963283,294276
2018-07-12,2833.89990234375,2845.2035130394424,2797.0032597375166,2831.378316018319,287710
2018-07-13,2864.625,2875.6408733727194,2826.9761816694886,2826.9761816694886,220690
2018-07-16,2890.10791015625,2905.282360824488,2875.6191028900703,2875.641136799021,172274
2018-07-17,2843.30126953125,2908.46785316633,2837.837508016613,2895.5495016027226,217354
2018-07-18,2816.27001953125,2864.6029092032168,2791.583833685225,2853.9631237881754,214518
2018-07-19,2819.1455078125,2829.8075425766965,2779.7493142009444,2815.916028311624,197248
2018-07-20,2812.885986328125,2846.7523231789964,2792.02656942281,2820.7829831468607,193864
2018-07-23,2847.3046875,2863.430266247279,2815.915876592256,2831.400095866526,169912
2018-07-24,2860.798095703125,2873.4287082363976,2830.515300276593,2860.156520207592,158028
2018-07-25,2850.866455078125,2886.2589622795917,2844.6727663178685,2875.1988037791334,108572
2018-07-26,2853.6533203125,2873.229799429341,2837.8372948113233,2870.7745308289477,215952
2018-07-27,2835.843994140625,2886.829762275281,2829.0931670297755,2861.9586135541404,139908
2018-07-30,2811.971923828125,2853.5199761930653,2756.1005387701844,2853.5199761930653,387246
2018-07-31,2905.572265625,2913.477651777903,2794.2072471519346,2833.4902112894115,344678
2018-08-01,2882.32177734375,2942.3455838831264,2853.4979371844174,2922.3598402944863,307076
2018-08-02,2867.909912109375,2908.5920491910815,2859.760126165743,2877.9472406105065,232300
2018-08-03,2839.17529296875,2896.6009190169757,2828.294164094798,2895.7126635986942,344500
2018-08-06,2809.862060546875,2881.49975279928,2782.392726220874,2860.181628857485,1199318
2018-08-07,2753.769287109375,2827.5610594686855,2740.26784869833,2813.104789895498,699322
2018-08-08,2798.625732421875,2805.554166643743,2760.7193968032357,2767.62571138785,383192
2018-08-09,2813.726318359375,2824.007830260141,2789.365872970146,2806.8867958047304,261426
2018-08-10,2817.434814453125,2825.9842718211207,2789.610260209126,2825.9842718211207,218272
2018-08-13,2856.029541015625,2865.0675824191258,2803.7779643174613,2817.1017943395623,324370
2018-08-14,2868.8427734375,2884.3427862299054,2853.320424145373,2864.623560441501,336188
2018-08-16,2884.2314453125,2895.712188080333,2854.008646412181,2873.0616786336923,295894
2018-08-17,2944.52197265625,2949.2076496531927,2877.592063432506,2895.40140937118,403128
2018-08-20,3007.3662109375,3014.205734024048,2953.4491524879854,2961.887578637951,289424
2018-08-21,3045.583251953125,3070.7874961875905,2980.118662603907,3017.847393360238,440782
2018-08-23,3064.54736328125,3079.7366156673506,3034.146955729417,3072.475085212073,325100
2018-08-24,3008.276611328125,3060.039603804087,3004.5236458250583,3060.039603804087,275836
2018-08-27,3022.2666015625,3046.715742460574,3011.851721209385,3014.116815643406,130788
2018-08-28,3040.34228515625,3046.0272489698323,3028.5063271176646,3039.5650617990927,155306
2018-08-29,2991.554931640625,3042.718523553384,2987.2914796972314,3042.718523553384,189950
2018-08-30,2971.2138671875,3009.408843656577,2915.7868252876806,2991.554826051772,300922
2018-08-31,2991.977294921875,3011.185818023574,2953.4713364344307,2971.4808448568792,219378
2018-09-03,2916.07568359375,3026.707928733723,2901.041918705042,3015.626856706558,170104
2018-09-04,2817.567626953125,2935.0838338237,2797.870741290171,2902.9956145765955,408846
2018-09-05,2746.929443359375,2806.775642630624,2686.9722121785317,2783.7920373446345,746628
2018-09-06,2751.126953125,2806.42085248079,2718.572262183924,2753.5696555061795,365564
2018-09-07,2766.515869140625,2786.6347669865745,2742.8437328743653,2771.756489199534,173558
2018-09-10,2706.513671875,2773.576941394712,2702.51652336058,2771.356303331145,171172
2018-09-11,2638.140625,2713.8643969130812,2629.302527251198,2710.333711857303,424094
2018-09-12,2671.64990234375,2691.4135829445804,2624.949922902617,2655.8833706284804,439116
2018-09-14,2714.641357421875,2731.3850566265032,2664.7659089039057,2695.4107168563005,522686
2018-09-17,2674.42578125,2712.731792564454,2654.351123939204,2712.731792564454,295048
2018-09-18,2694.255859375,2733.783219150892,2665.854027044808,2674.758699441653,475678
2018-09-19,2646.956298828125,2721.6141990639753,2633.6769256607986,2721.6141990639753,266474
2018-09-21,2571.83251953125,2666.9647611225173,2384.9879064366014,2653.707505695582,741492
2018-09-24,2488.0029296875,2592.594984300389,2470.4598886802423,2592.594984300389,391462
2018-09-25,2564.326171875,2580.958620283778,2434.729608825277,2498.217735623596,468202
2018-09-26,2523.488525390625,2609.2496069060444,2509.320898556451,2607.02896894272,381034
2018-09-27,2531.438720703125,2560.8400582017425,2498.2180588596602,2524.8657181541635,464964
2018-09-28,2586.377197265625,2615.9116840206975,2457.8911634342267,2573.2754324645025,886018
2018-10-01,2595.282470703125,2611.4710129608384,2531.9721504914523,2602.5884584949854,345992
2018-10-03,2549.026123046875,2591.3292805810042,2532.4157927517704,2586.599364606508,267012
2018-10-04,2498.373779296875,2530.639613055333,2465.086321721577,2530.639613055333,637498
2018-10-05,2419.47412109375,2493.7765851415584,2389.473170261173,2493.7765851415584,518324
2018-10-08,2462.021728515625,2473.7466555835426,2374.817217498063,2393.4040037829354,459540
2018-10-09,2447.6982421875,2522.156191159095,2418.78549197667,2508.432691653436,638166
2018-10-10,2535.302978515625,2553.7342780879117,2426.735875375657,2431.599160440229,274440
2018-10-11,2473.880126953125,2514.850906047111,2438.5275197234887,2453.8054687726,274782
2018-10-12,2557.06494140625,2571.054962362272,2496.5746688146255,2517.9595886204793,435472
2018-10-15,2518.914306640625,2569.2562168122236,2495.9972775884366,2568.834208820555,388950
2018-10-16,2531.74951171875,2562.6163814783245,2495.9972381123366,2536.6127959281434,196318
2018-10-17,2460.933349609375,2566.0139916116423,2444.967091217861,2557.7310545758,378956
2018-10-19,2470.904296875,2484.4501908364787,2431.5989980031677,2464.0203179765435,341554
2018-10-22,2478.298828125,2497.1076772113624,2465.352550680351,2494.6649751705154,190686
2018-10-23,2435.84033203125,2487.603542218657,2421.495094996972,2473.3470006030793,384402
2018-10-24,2380.5908203125,2480.0088398297366,2358.3178616575756,2454.027371862323,484590
2018-10-25,2358.0068359375,2402.5529691692373,2334.3349190311883,2358.3178120349335,496216
2018-10-26,2362.981201171875,2393.4039457034555,2334.8680072024335,2371.3975070232,267434
2018-10-29,2397.511962890625,2420.0514399649915,2355.0533183698317,2361.7818085482722,188156
2018-10-30,2419.56298828125,2428.0458697933973,2387.3637335601925,2407.1718701811255,269272
2018-10-31,2506.701171875,2516.449644684757,2415.632657712482,2428.046113556944,424200
2018-11-01,2479.586669921875,2539.4552043680915,2471.5702529699356,2522.6449302550286,251860
2018-11-02,2487.55908203125,2542.6309131635257,2478.232400952397,2496.4416354396817,253576
2018-11-05,2537.96728515625,2545.495335060902,2492.000076474183,2493.332459334533,183000
2018-11-06,2540.96533203125,2575.4962570153757,2509.8542767152794,2542.408746901969,230172
2018-11-07,2540.96533203125,2540.96533203125,2540.96533203125,2540.96533203125,0
2018-11-09,2552.157470703125,2615.46778169777,2531.97178187451,2591.0407604728803,442248
2018-11-12,2557.087158203125,2585.8888807327344,2479.7423684936243,2561.5063152262205,697690
2018-11-13,2581.51416015625,2593.7055512461166,2511.9860612753487,2567.0578914730404,361806
2018-11-14,2562.94970703125,2603.920483875444,2545.562152425312,2602.588100888641,309186
2018-11-15,2584.001220703125,2588.375921388912,2545.7617870032846,2573.27558142199,122506
2018-11-16,2641.515625,2660.3244732873172,2571.4989483027657,2590.5964361744445,451886
2018-11-19,2660.124755859375,2675.425040585825,2638.1183169123174,2660.32470005131,368136
2018-11-20,2615.33447265625,2667.3861009982793,2594.0829220984588,2651.4419623852555,216502
2018-11-21,2666.8310546875,2675.869095752047,2624.7944159161157,2624.7944159161157,395944
2018-11-22,2668.629638671875,2691.5909058360908,2655.8830896085087,2669.2069178172474,349046
2018-11-26,2668.34130859375,2690.925245234278,2643.003910362448,2681.643019789693,348208
2018-11-27,2680.332275390625,2700.295898422804,2649.665350327376,2673.603785397149,430868
2018-11-28,2647.7783203125,2695.8551439253365,2642.7818836783717,2695.8551439253365,248828
2018-11-29,2693.5009765625,2704.7373190754065,2651.442002443379,2678.9779160365933,414182
2018-11-30,2815.54736328125,2839.7523212903716,2701.0068805879087,2701.095576006359,954568
2018-12-03,2748.7060546875,2832.557269143527,2737.0255841136386,2820.2106070876757,311813
2018-12-04,2747.462890625,2779.1291091926037,2714.5974405122947,2753.769373909467,329006
2018-12-05,2747.3740234375,2761.941325631529,2722.547327735607,2744.7092571684047,205221
2018-12-06,2652.641357421875,2734.849213670228,2647.0008494051303,2734.849213670228,302116
2018-12-07,2669.5185546875,2677.0687258747234,2620.353529683473,2652.641701445471,155500
2018-12-10,2647.577880859375,2664.765706409391,2602.5878399265052,2651.397421743733,197626
2018-12-11,2662.27880859375,2673.5596078149824,2611.470647530642,2638.118307199322,198219
2018-12-12,2714.952392578125,2730.496860718193,2664.988030699336,2666.3648698207267,261560
2018-12-13,2791.9638671875,2805.0656321661045,2738.6240958858166,2742.9322206055094,401085
2018-12-14,2785.3466796875,2816.7465926695504,2751.3264568268487,2788.855244905234,187229
2018-12-17,2809.728759765625,2815.7689383996426,2766.026648005201,2806.664322747088,228526
2018-12-18,2814.614501953125,2827.3165960076262,2780.239065505457,2804.2219584027885,230834
2018-12-19,2868.04296875,2882.388203883899,2815.769062037584,2824.5627020176235,425672
2018-12-20,2816.524658203125,2873.2840902371317,2807.020152150467,2849.256738838109,205790
2018-12-21,2771.1787109375,2842.416737037669,2759.897912884219,2841.5284818073446,359201
2018-12-24,2754.080078125,2804.2220476095276,2737.736050107664,2771.800728402132,245822
2018-12-26,2743.776123046875,2766.0269613389273,2701.1843254436985,2741.511028695133,159442
2018-12-27,2731.740234375,2775.7533274026346,2719.8377002228654,2762.4739541780245,240314
2018-12-28,2752.259033203125,2766.337966380974,2736.6701093947136,2738.4910761223928,169577
2018-12-31,2767.2705078125,2771.3565689848137,2738.4911224936477,2758.1658908791364,184698
2019-01-01,2756.30078125,2779.2620517158834,2735.826452253339,2771.356665918967,140863
2019-01-02,2768.55859375,2781.1273193887373,2736.892162473122,2753.591405335383,152324
2019-01-03,2785.479736328125,2821.9871162661857,2751.281906936797,2768.558646181599,311498
2019-01-04,2773.7548828125,2806.1762024415802,2758.5213906071785,2787.3007766301293,170818
2019-01-07,2792.4970703125,2802.445486353387,2775.7978272121504,2786.545803142798,152966
2019-01-08,2744.30908203125,2802.4453454290892,2735.82620092602,2802.4453454290892,217274
2019-01-09,2747.062744140625,2771.223462468196,2736.7146563479723,2766.027082073218,257227
2019-01-10,2743.776123046875,2753.591387331623,2729.608494603251,2753.591387331623,229690
2019-01-11,2750.793212890625,2768.469404691385,2735.470810634773,2744.708578004774,353709
2019-01-14,2765.71630859375,2774.909838624818,2720.726259829647,2755.368220042953,154975
2019-01-15,2828.1162109375,2842.3282969838265,2749.1503945862873,2771.489930596668,278642
2019-01-16,2820.876953125,2846.7695100666133,2793.563100866921,2828.2050598283868,182044
2019-01-17,2848.7236328125,2853.0759969982373,2820.2550073410976,2825.540082954979,154540
2019-01-18,2816.96826171875,2857.8280015925748,2784.0139065116227,2855.6073635559537,161433
2019-01-21,2796.5830078125,2841.129142943906,2786.0128560778408,2815.769409777381,174710
2019-01-22,2801.246337890625,2820.166219812944,2780.37233761193,2798.0042926761294,156085
2019-01-23,2845.836669921875,2868.176202719354,2807.819301843815,2821.9869297117953,286992
2019-01-24,2857.384521484375,2864.623716380527,2834.0233606735183,2857.5176730530716,148520
2019-01-25,2848.32373046875,2904.594789666676,2836.243588676177,2861.070280586044,325166
2019-01-28,2845.481689453125,2861.958870331066,2781.1276297351237,2851.743933332678,216799
2019-01-29,2824.6962890625,2839.752172913331,2800.2248123582344,2839.752172913331,179979
2019-01-30,2850.2333984375,2861.9583239907647,2824.7405169494564,2839.7519434507994,116521
2019-01-31,2840.373779296875,2870.7965217137385,2832.8236096459746,2870.7965217137385,255273
2019-02-01,2887.718017578125,2918.8069534794586,2843.305252004792,2843.305252004792,387188
2019-02-04,2901.0419921875,2913.8327825679708,2867.4658963647416,2888.029137968068,140277
2019-02-05,2813.14892578125,2945.4545062659586,2798.093042168407,2911.7008056513305,503959
2019-02-06,2825.89501953125,2842.3721969388566,2758.076864814895,2832.2017182239233,313476
2019-02-07,2854.941650390625,2869.064823925705,2819.4114358528454,2851.299716656815,374133
2019-02-08,2762.47412109375,2851.2996555340633,2749.150290927703,2787.7893984092393,640983
2019-02-11,2760.298095703125,2782.2824167261815,2713.8867513211167,2771.356831997423,265355
2019-02-12,2672.405029296875,2759.8092656095087,2665.6542021545333,2758.0327549782824,515301
2019-02-14,2597.791259765625,2619.4646000279486,2575.940094974924,2589.2639230523805,288540
2019-02-15,2538.944580078125,2615.911813763164,2527.974540567051,2615.911813763164,374811
2019-02-18,2586.332763671875,2610.5821753276346,2450.696230598484,2540.4100106965075,700981
2019-02-19,2552.44580078125,2643.403047495747,2532.415602434006,2585.000267467674,484180
2019-02-20,2595.748779296875,2602.588302453662,2561.728554360533,2561.728554360533,271061
2019-02-21,2666.187255859375,2680.7545563669896,2607.0293647902968,2614.979206534255,724297
2019-02-22,2676.1357421875,2715.6631049720513,2640.516616170544,2671.8720731669864,313430
2019-02-25,2707.579833984375,2733.161630675507,2648.777374934794,2676.490897658849,336072
2019-02-26,2730.052734375,2747.329257030031,2680.9766277948083,2714.508266227428,568492
2019-02-27,2716.81787109375,2761.5413973706973,2685.506870342315,2735.826448636042,393442
2019-02-28,2715.307373046875,2752.3477902691443,2693.9892471562757,2727.8318587512786,447041
2019-03-01,2733.3837890625,2745.0200209476993,2720.1044148873507,2738.491257349805,217420
2019-03-05,2725.92236328125,2753.813492948693,2718.06121713507,2722.680101321759,246280
2019-03-06,2688.615966796875,2741.999986669343,2672.760521030123,2741.999986669343,383038
2019-03-07,2703.716064453125,2726.0555991886176,2690.2588661304603,2704.737471335725,254411
2019-03-08,2728.010009765625,2735.3825731430206,2683.419630935238,2701.184739382343,190651
2019-03-11,2783.303466796875,2788.677454618609,2723.83481910749,2741.1557970864874,336189
2019-03-12,2784.813232421875,2823.585702419551,2772.1555956905836,2812.1270801051887,413123
2019-03-13,2777.52978515625,2798.004112590058,2748.1729049840606,2785.5685387563244,298030
2019-03-14,2797.4716796875,2815.7698290426424,2767.804033847594,2784.6808877125186,293230
2019-03-15,2723.87939453125,2814.8811086804926,2713.3534822470606,2806.8868108016272,403251
2019-03-18,2774.332763671875,2784.5919406954777,2718.150606111657,2744.709357487336,238905
2019-03-19,2776.1533203125,2788.1005288433657,2739.379633762492,2778.462871079467,184380
2019-03-20,2743.021240234375,2784.680326476904,2735.293245745308,2777.3966764908146,257001
2019-03-22,2752.347900390625,2769.491053826194,2742.932307668549,2748.2618393544335,197654
2019-03-25,2745.375244140625,2752.703350834521,2719.038559554127,2731.1631584312504,224948
2019-03-26,2752.83642578125,2782.01570018492,2718.061316272623,2753.5915295572327,340645
2019-03-27,2750.837890625,2768.6919097995396,2734.0499513516147,2768.6919097995396,360838
2019-03-28,2750.527099609375,2770.024260831165,2689.637153053317,2746.485494465276,3470524
2019-04-01,2709.045654296875,2761.5858712798545,2703.8492737780243,2757.9883937559744,497409
2019-04-02,2659.614013671875,2717.70604123268,2647.3560469858917,2714.508235363569,378147
2019-04-03,2655.97216796875,2676.7572545305347,2624.9719289489294,2655.8832556981247,439719
2019-04-04,2701.89501953125,2713.6199461394554,2650.6869712831776,2666.4979590220505,464430
2019-04-05,2659.480712890625,2710.111262868939,2652.1081508377333,2707.402040945629,387504
2019-04-08,2639.450927734375,2677.157326187306,2633.233139918746,2664.766206698006,293053
2019-04-09,2631.811279296875,2654.772763256839,2613.690959726725,2640.8716559411328,350181
2019-04-10,2628.169677734375,2660.3244744206427,2621.5077633576957,2638.029180896345,377556
2019-04-11,2616.8447265625,2641.7158764511096,2611.4707383040104,2632.7888667799616,276801
2019-04-12,2650.8203125,2655.8833242948754,2615.023580844185,2622.1296231834353,261483
2019-04-15,2663.389404296875,2671.872286877391,2639.8950919546564,2662.9897327321873,221766
2019-04-16,2682.975341796875,2691.413767801533,2662.9895959963687,2664.7661067341915,258557
2019-04-18,2662.767578125,2691.280662703003,2654.2402396925436,2691.280662703003,155314
2019-04-22,2664.898681640625,2677.2011025816255,2639.0061299834138,2654.9947231640604,150447
2019-04-23,2656.77197265625,2677.157391261154,2652.6416716791646,2666.542782318309,138140
2019-04-24,2645.40185546875,2662.5896820360035,2622.174066430186,2654.106800663382,222279
2019-04-25,2637.4521484375,2663.8777446035406,2631.589576493954,2654.1069359371054,163138
2019-04-26,2636.0751953125,2655.8833317606827,2624.7943964390693,2655.8833317606827,121340
2019-04-30,2572.431884765625,2642.470687228576,2554.6667782143304,2638.118322867193,458803
2019-05-02,2472.05908203125,2629.1913658661915,2462.243817094151,2599.9233956113203,1439763
2019-05-03,2394.869873046875,2490.5351596286614,2389.4071887085806,2471.9704903889487,1857697
2019-05-06,2368.088623046875,2397.401047863284,2357.8292309892913,2397.401047863284,764919
2019-05-07,2354.36474609375,2416.498150857359,2349.16836668972,2383.188582521703,1182277
2019-05-08,2353.4326171875,2369.065998538662,2323.5429105481508,2359.739317096704,723429
2019-05-09,2373.773193359375,2389.228964499357,2342.3290449153355,2342.3290449153355,457843
2019-05-10,2388.118896484375,2420.4957596963613,2374.3064828140823,2380.5242700866966,471289
2019-05-13,2377.45947265625,2405.039839683269,2370.3534311347858,2393.8477375432917,332869
2019-05-14,2396.157470703125,2418.719067512446,2361.026931877699,2376.8821581173415,403041
2019-05-15,2387.408203125,2407.1274275828955,2362.759118337829,2398.2893306436613,322361
2019-05-16,2412.67919921875,2431.1549543371093,2378.57027966118,2398.1118978546097,307180
2019-05-17,2468.683349609375,2473.879729451985,2407.171674891214,2415.9210756561724,533790
2019-05-20,2488.1806640625,2522.645012535173,2470.237950655041,2521.756757249069,442704
2019-05-21,2530.373046875,2546.9833790385283,2481.8744334487506,2487.115053424778,490607
2019-05-22,2533.881103515625,2556.398459525794,2502.659020053483,2541.2981211616734,393507
2019-05-23,2521.490234375,2567.0577738712677,2511.186603183632,2552.845689310043,262582
2019-05-24,2532.460205078125,2546.6278331182975,2494.3983804031186,2527.086217377592,227827
2019-05-27,2572.8759765625,2580.381690603947,2538.67814692799,2549.2927545725743,267259
2019-05-28,2564.392822265625,2598.1465206536036,2558.175035720471,2584.8226923425595,441693
2019-05-29,2591.040771484375,2602.5880906579428,2550.1810267163664,2564.837239513587,248043
2019-05-30,2564.52587890625,2608.8499428963146,2553.378449785862,2594.5934037592156,225789
2019-05-31,2595.437744140625,2638.118458191288,2566.702812935455,2571.4993052066593,577546
2019-06-03,2638.2958984375,2664.7659502484767,2607.8286977011508,2607.917609976509,535064
2019-06-04,2631.9892578125,2651.4419613379346,2621.2412823813215,2638.2957400673345,211082
2019-06-06,2577.139892578125,2645.1801261301625,2559.7744561292416,2633.9437820593002,333116
2019-06-07,2575.318603515625,2593.0837093007717,2540.4101272759713,2580.3816152925515,285268
2019-06-10,2659.702880859375,2669.207169171439,2584.556395942015,2584.556395942015,477974
2019-06-11,2647.267333984375,2673.6484732220674,2638.1182609533357,2669.207196688476,282227
2019-06-12,2662.01220703125,2669.207161664943,2630.079472545568,2646.956323151769,203661
2019-06-13,2651.04248046875,2659.96948987997,2622.1297261932527,2655.261693273431,213532
2019-06-14,2632.8779296875,2652.463787857925,2624.3061349235336,2639.8950606352682,117529
2019-06-17,2575.229736328125,2645.13538544469,2568.0349984747018,2632.877635725701,234062
2019-06-18,2546.85009765625,2580.381736399479,2540.410246506888,2580.381736399479,302729
2019-06-19,2554.35595703125,2579.937755388528,2531.527837100122,2551.069455491772,258721
2019-06-20,2517.360107421875,2550.0479475358507,2484.0505319373647,2531.5277368227767,425859
2019-06-21,2510.8310546875,2553.2452425858737,2491.5559592657314,2518.2036165840814,363700
2019-06-24,2469.7939453125,2544.851520705022,2461.399975815001,2513.762584151906,369267
2019-06-25,2493.95458984375,2503.4146397668655,2445.900103847533,2465.7969376380993,304799
2019-06-26,2427.512451171875,2499.061448010392,2398.288943017296,2491.5557352457463,1387720
2019-06-27,2421.29541015625,2455.671069072316,2416.0547898190875,2433.8198985677573,964520
2019-06-28,2437.10595703125,2458.690603606718,2426.7134136754166,2429.3781795030254,363938
2019-07-01,2431.643310546875,2461.355406601531,2426.713450319517,2442.790957799209,282998
2019-07-02,2459.801025390625,2466.6850040659983,2428.7565455748154,2434.752268937237,242283
2019-07-03,2482.406982421875,2503.991629052307,2456.4255155365327,2468.4614179270525,454114
2019-07-04,2523.84423828125,2531.527559745218,2477.343987413829,2478.23224269795,346395
2019-07-05,2509.188232421875,2542.986175274503,2497.685152059257,2538.6338107680976,361520
2019-07-08,2470.370849609375,2518.159022487276,2461.399602252554,2513.6732903792763,302972
2019-07-09,2453.938720703125,2467.928743404983,2425.070419889768,2460.4674847076844,314268
2019-07-10,2460.06787109375,2491.5564827354397,2436.3957337536453,2453.3614992211355,356987
2019-07-11,2456.158935546875,2479.0315083996975,2448.9197419507273,2469.3496128483935,206136
2019-07-12,2469.883056640625,2487.1151246894246,2443.3685461569407,2454.249674827457,186082
2019-07-15,2463.665283203125,2482.6738621661793,2447.143645891887,2482.6738621661793,150530
2019-07-16,2440.170654296875,2466.6851638496787,2431.687988996076,2460.4673762562516,221663
2019-07-17,2485.16064453125,2495.952859347399,2440.925488593202,2446.2105640922246,306989
2019-07-18,2505.635009765625,2526.198032888814,2476.056065375783,2487.114800312475,477907
2019-07-19,2441.947021484375,2519.6693618331938,2409.0373354297562,2519.403058725079,403725
2019-07-22,2428.93408203125,2463.398430534856,2414.277869797381,2447.143315412724,209576
2019-07-23,2425.11474609375,2442.6577894942134,2399.177732893769,2432.9314366516232,242451
2019-07-24,2346.28173828125,2433.8193347326123,2327.273163067524,2424.048527184416,525583
2019-07-25,2373.018798828125,2384.9657907956457,2337.088910640313,2341.1302992937535,771878
2019-07-26,2370.264892578125,2384.83241010941,2324.164527682917,2367.200455060677,393941
2019-07-29,2373.684814453125,2388.785155398521,2356.1862274353034,2364.313677141639,245049
2019-07-30,2324.608642578125,2395.5801563298774,2302.8019309689494,2376.082995310295,354859
2019-07-31,2313.905029296875,2337.887922114923,2256.4349554343553,2328.1171139297926,487675
2019-08-01,2323.64306640625,2341.243214033419,2300.548816283409,2313.9050974506836,332895
2019-08-02,2317.836181640625,2345.174300735264,2282.6363193823236,2312.9224831057513,347132
2019-08-05,2303.4970703125,2320.1588865063104,2271.7813827996106,2310.286776770114,211393
2019-08-06,2278.660400390625,2333.336412455264,2267.7162552570644,2289.7831818217064,404564
2019-08-07,2269.726806640625,2291.615100787141,2260.301395538172,2279.0627905209,308676
2019-08-08,2302.82666015625,2313.904726814645,2266.420630188027,2286.0307057748814,286738
2019-08-09,2312.25244140625,2362.461681103363,2253.422199610802,2314.709290682294,1430286
2019-08-13,2244.13037109375,2291.5699771653326,2225.458406674013,2291.5699771653326,731080
2019-08-14,2214.648193359375,2277.90092900986,2206.6970241217527,2277.90092900986,466208
2019-08-16,2233.007568359375,2237.9659797219056,2181.681805381594,2233.4989817583887,734216
2019-08-19,2214.201904296875,2251.367422001382,2207.6802604633785,2251.367422001382,586547
2019-08-20,2138.35205078125,2206.6971236388918,2118.250558764297,2206.6971236388918,1174827
2019-08-21,2130.311279296875,2148.625970521696,2054.8190154677345,2134.3315773706163,1700962
2019-08-22,2180.565185546875,2212.950922708024,2137.9053524587407,2138.3520522816534,1252406
2019-08-23,2203.7041015625,2235.285865606799,2146.12453925493,2166.8513669676636,629497
2019-08-26,2263.74072265625,2276.2036037777693,2218.8026779829884,2233.4990581626703,748623
2019-08-27,2399.58203125,2433.888708658517,2260.301113144581,2265.0808885152746,2211174
2019-08-28,2414.94873046875,2450.8186399025712,2387.208627146831,2412.179104251141,1149926
2019-08-29,2391.4970703125,2445.2349749342825,2368.849300708166,2415.038021500224,535368
2019-08-30,2413.6533203125,2435.80967748742,2401.0118012376333,2403.245300587622,507782
2019-09-03,2419.1923828125,2468.59721005416,2397.0807409877057,2411.285708489694,716548
2019-09-04,2354.510009765625,2454.6601954710986,2346.067426890514,2421.1129957628686,752108
2019-09-05,2393.104736328125,2416.6459028869594,2358.5749292501196,2368.4023247886616,931162
2019-09-06,2383.59033203125,2431.2085783144253,2364.1141755003173,2408.069395871266,478053
2019-09-09,2396.72314453125,2407.5333673037053,2367.6876565471243,2385.287585640627,298664
2019-09-11,2382.16064453125,2415.7525572779164,2376.4429742452876,2408.605360362893,334013
2019-09-12,2391.631103515625,2397.12542466949,2365.409733905648,2382.1609790273956,310751
2019-09-13,2389.48681640625,2396.0978866401065,2360.3619002621776,2395.204486980658,245991
2019-09-16,2425.625,2438.981282447512,2364.025131745834,2376.443300846294,428246
2019-09-17,2405.433837890625,2448.7637208052242,2393.239019945256,2430.0470418084424,604927
2019-09-18,2335.212890625,2384.2157332491547,2312.2970574751034,2384.2157332491547,832018
2019-09-19,2342.315185546875,2370.3678465868843,2313.905033787002,2338.920223341456,499689
2019-09-20,2561.37646484375,2575.6708573925816,2325.117001620618,2352.320973817089,1324910
2019-09-23,2728.129638671875,3201.7208603665727,2636.422255721453,2644.4628522316166,1743589
2019-09-24,2751.849853515625,2782.9402082939173,2729.3362235434724,2769.539212106306,809417
2019-09-25,2712.361328125,2760.8729725771427,2681.092340481925,2751.626198985203,582998
2019-09-26,2763.106201171875,2774.005632174463,2724.8686564032564,2732.0158528790685,514054
2019-09-27,2693.689453125,2778.2049316924586,2685.5147152120967,2769.583712056251,432428
2019-09-30,2630.302734375,2701.59607662934,2617.7506426294176,2689.1331939878787,553451
2019-10-01,2608.324951171875,2668.9419856115474,2590.9928673626264,2637.3157257399916,474514
2019-10-03,2593.49462890625,2607.833737788448,2546.189158169605,2604.0815026520727,285265
2019-10-04,2541.85595703125,2618.8671822647043,2532.8774649346196,2604.260010568287,313496
2019-10-07,2638.521728515625,2652.2799947581707,2547.484180731731,2553.2020688947728,969709
2019-10-09,2732.462646484375,2746.8909626192994,2614.891173174125,2655.004945641096,1037068
2019-10-10,2713.9248046875,2734.696346687001,2681.09236733345,2733.892374242758,422209
2019-10-11,2753.412841796875,2766.813835739443,2718.8830346509117,2723.8859415203888,510119
2019-10-14,2778.160400390625,2790.98077384176,2741.799074776988,2764.1340681656065,350920
2019-10-15,2841.994140625,2853.2061334240134,2780.572905464269,2795.5373518488836,583008
2019-10-16,2838.107177734375,2845.477724430309,2818.675736445094,2845.477724430309,271629
2019-10-17,2901.62841796875,2918.156313074241,2823.1431639649845,2837.437559731896,673820
2019-10-18,2905.6484375,2911.7680942304128,2879.025084320014,2883.760146085724,230815
2019-10-22,2901.806884765625,2940.9823300065364,2876.8364072421423,2876.8364072421423,435837
2019-10-23,2943.484130859375,2987.975482306863,2906.2294046775974,2912.483202966175,591914
2019-10-24,2933.74560546875,2985.7414177746537,2912.706001585821,2958.9394301824213,401741
2019-10-25,2918.826171875,2947.1916116188,2900.868751121839,2947.1916116188,213353
2019-10-27,2911.678466796875,2952.730131173103,2892.2470272107225,2941.071223798388,39581
2019-10-29,2995.122314453125,3008.0766093254797,2911.589447517594,2924.0970425667642,458464
2019-10-30,2939.37451171875,3036.6656541693724,2926.777488396253,3013.4372614043227,496662
2019-10-31,2918.379150390625,2987.126204333562,2908.015628033914,2946.9679369027863,488894
2019-11-01,2920.12158203125,2943.751960060296,2891.6667148374117,2943.751960060296,320106
2019-11-04,2894.480712890625,2947.3252107355106,2883.000441055924,2939.2846145255626,283144
2019-11-05,2887.244384765625,2930.350918861685,2860.9338080958278,2908.0159271020684,330794
2019-11-06,2883.76025390625,2910.562244395215,2850.8383883429087,2894.481050101836,347320
2019-11-07,2880.14208984375,2909.4456445766664,2863.256704097308,2902.655719390504,288996
2019-11-08,2821.356201171875,2899.483959889718,2807.9552059161506,2883.8941790319227,376182
2019-11-11,2787.0048828125,2854.4118418394833,2778.4728726512653,2820.462655614162,464906
2019-11-13,2921.193603515625,2947.3255441541546,2858.8789758391313,2922.310353115562,1853222
2019-11-14,2886.39599609375,2925.7947947479693,2858.879239787758,2925.7947947479693,515326
2019-11-15,2854.9033203125,2912.482884638848,2845.6118330016166,2885.8595312114508,261412
2019-11-18,2806.078857421875,2874.2005803455368,2792.7672899589165,2861.559062616254,429862
2019-11-19,2787.7197265625,2821.6689137671483,2778.4729528014886,2806.0789151507865,261351
2019-11-20,2784.1015625,2800.8080934695927,2733.803115156923,2787.407097807059,504339
2019-11-21,2745.1044921875,2781.153257213378,2735.2770955189017,2781.153257213378,295648
2019-11-22,2700.4345703125,2744.5239336409822,2694.6274721456166,2735.813286390657,349622
2019-11-25,2716.47119140625,2720.4020628059484,2684.040738955679,2702.980768807684,437144
2019-11-26,2729.5595703125,2754.351413230812,2716.8286239490426,2723.082422162671,620959
2019-11-27,2761.587646484375,2769.5388158386295,2733.802831118131,2733.802831118131,235618
2019-11-28,2767.975341796875,2778.830059812768,2733.802806712963,2778.830059812768,234706
2019-11-29,2731.748291015625,2765.072144326339,2724.8691567674746,2756.138147091036,221117
2019-12-02,2748.99072265625,2760.5602044990633,2726.2537451900366,2731.74806579069,387666
2019-12-03,2723.35009765625,2783.833208138149,2704.4545648769854,2742.4687622247498,522267
2019-12-04,2724.19873046875,2740.369350475806,2701.238404370355,2715.845356962178,263755
2019-12-05,2754.26171875,2764.759164732826,2716.8283603211325,2737.7338250749126,278358
2019-12-06,2742.379638671875,2767.93073766035,2733.5348513136296,2760.6496177966487,206989
2019-12-09,2732.373779296875,2755.959664180086,2722.591095402697,2755.959664180086,206624
2019-12-10,2733.22216796875,2750.7773829555877,2717.8110247872028,2739.2079016973958,185130
2019-12-11,2716.828369140625,2737.3765613439245,2707.269036390816,2726.7451926239305,315341
2019-12-12,2745.908447265625,2751.670831194937,2707.17948647012,2723.6181703567336,254614
2019-12-13,2728.7998046875,2765.965317386819,2711.467938717376,2765.0719177365004,249099
2019-12-16,2725.672607421875,2758.683895378192,2718.391488315195,2733.713203394215,369764
2019-12-17,2744.479248046875,2747.650860701119,2724.8691676600274,2733.8031649310437,212811
2019-12-18,2768.82373046875,2788.4338061801727,2727.861493616437,2742.736508280119,405982
2019-12-19,2780.929443359375,2790.0867887274367,2760.649317240449,2767.6623728239874,259885
2019-12-20,2789.4169921875,2819.524516067624,2735.9916507398857,2765.0718522925176,766343
2019-12-23,2762.21337890625,2796.073142040941,2749.7057824595313,2769.539213202008,259919
2019-12-24,2761.542724609375,2782.448186848154,2755.244214154382,2765.9650087619866,166800
2019-12-26,2735.857666015625,2785.6199806093846,2728.576328333852,2760.6047915596528,189043
2019-12-27,2717.81103515625,2753.4575922748163,2698.960216178527,2750.777393450409,407653
2019-12-30,2722.50146484375,2738.2698811547493,2711.5573193154805,2724.8688866303382,182858
2019-12-31,2705.03564453125,2739.8782326927603,2698.067083275916,2721.2954753835893,190885
2020-01-01,2715.622314453125,2727.549287709975,2704.6781681136404,2720.134026567129,110561
2020-01-02,2727.906494140625,2738.2700176688927,2718.659938326889,2722.1888234378844,138428
2020-01-03,2714.862548828125,2733.802575334872,2703.114214081388,2720.4015823185246,168305
2020-01-06,2699.898681640625,2708.9218879909545,2675.7768890738325,2707.001165828925,181158
2020-01-07,2712.8974609375,2728.4425275813933,2705.2141367113486,2710.485107393492,159307
2020-01-08,2701.283203125,2714.7734066420007,2675.7318865119173,2698.066877217359,194024
2020-01-09,2681.181884765625,2723.9756424768066,2675.821486649895,2722.367479419056,434270
2020-01-10,2671.04150390625,2693.5998442268897,2660.588772014368,2693.5551306230286,526254
2020-01-13,2720.4912109375,2730.4525292377853,2668.8526704016076,2675.7318037029586,420792
2020-01-14,2774.1396484375,2786.5133199996794,2713.3884763438873,2732.0159450333504,653300
2020-01-15,2782.22509765625,2799.869740434577,2763.1956418216582,2787.406859158484,438959
2020-01-16,2814.432373046875,2823.1430200232126,2782.940033978578,2783.833433668459,768872
2020-01-17,2791.382568359375,2831.1835674669924,2782.35936251928,2818.675972028514,294064
2020-01-20,2778.875244140625,2807.955449996362,2773.470131961281,2807.955449996362,203111
2020-01-21,2779.589599609375,2796.340842676527,2749.2140121809402,2769.538853769084,220943
2020-01-22,2775.212158203125,2804.1135067215646,2759.622159435501,2792.320674674876,248578
2020-01-23,2781.108642578125,2789.997926258036,2741.039795604305,2772.9788359138797,203032
2020-01-24,2852.178466796875,2870.4484465555183,2780.304506456301,2781.28711523121,580192
2020-01-27,2835.828857421875,2867.8126054924487,2818.6756293858803,2847.2644154842474,322446
2020-01-28,2842.127685546875,2867.723498714462,2802.1480505203217,2843.6017077487204,292577
2020-01-29,2871.565185546875,2899.528638936883,2849.989670688384,2858.8789538123633,434882
2020-01-30,2868.438232421875,2889.879824169805,2852.133688696887,2866.8747830235884,337850
2020-01-31,2859.50390625,2925.5262640993033,2847.13045330749,2897.0266874836884,468850
2020-02-03,2885.7255859375,2902.655465698585,2762.7044976348006,2767.3948458019036,657504
2020-02-04,2887.914306640625,2948.2187817212875,2848.1580230689287,2890.1478057176864,511585
2020-02-05,2908.86474609375,2964.3002417974126,2897.9205996314176,2921.2384193400853,423733
2020-02-06,2905.514404296875,2941.9651549720966,2891.3541501959394,2912.7957425795807,410631
2020-02-07,2904.799560546875,2944.645272536604,2892.0241199305997,2908.9092862194125,450061
2020-02-10,2819.2119140625,2930.3507389903457,2791.873798580741,2921.4167428348874,969115
2020-02-11,2800.53955078125,2857.806549693908,2791.1588554224454,2840.965880779908,507516
2020-02-12,2802.416015625,2866.9194255784,2791.1590929902577,2791.1590929902577,669153
2020-02-13,2800.986572265625,2808.535755774599,2774.184582447859,2798.1277369747604,319421
2020-02-14,2766.5458984375,2822.249453045827,2760.872941612114,2783.8332686580557,270506
2020-02-17,2755.334228515625,2780.5280575892616,2744.56871801334,2765.0721984466386,224912
2020-02-18,2739.5654296875,2751.6710390831217,2698.0670578022814,2751.6710390831217,453173
2020-02-19,2753.68115234375,2779.36639303801,2715.935016019142,2753.547229638364,462922
2020-02-20,2733.266845703125,2790.489137824356,2726.8791253494646,2751.492329723868,270720
2020-02-24,2712.5400390625,2738.269993225463,2684.666012933937,2732.909595196311,427352
2020-02-25,2710.17236328125,2749.883931337216,2696.279956067485,2715.9347469997197,350415
2020-02-26,2717.14111328125,2742.647498801397,2695.118681035546,2702.6233689660376,366302
2020-02-27,2703.47216796875,2769.53903123601,2644.4630749866415,2713.2101373163878,652385
2020-02-28,2653.57568359375,2698.067031241896,2606.046864282321,2665.011243110787,619510
2020-03-02,2634.72509765625,2728.3979237372446,2613.1940780067807,2675.7320559419854,348147
2020-03-03,2703.874267578125,2720.8488623522812,2648.9301844933557,2653.3971831181334,399770
2020-03-04,2736.5283203125,2751.67140340626,2705.214613478622,2723.0826096046367,368498
2020-03-05,2793.794677734375,2827.6099423318615,2748.1867992862,2753.9938971140537,720100
2020-03-06,2752.921630859375,2769.538951816334,2692.0365311485702,2756.0485296759416,593374
2020-03-09,2677.072021484375,2735.411061604294,2652.0568315622786,2720.401904028007,607257
2020-03-11,2723.35009765625,2739.0738000552114,2630.257901135506,2664.296295693271,534597
2020-03-12,2511.03369140625,2652.4589025743894,2488.1627907582556,2631.0620241335837,774263
2020-03-13,2468.99951171875,2724.7796727406344,2153.093288818632,2412.179203240791,1108162
2020-03-16,2420.2197265625,2452.069337822142,2324.670674668418,2416.4674915396977,791034
2020-03-17,2399.671875,2497.722503548492,2384.5287919360494,2430.0474683544303,567266
2020-03-18,2235.240966796875,2452.337058058505,2215.630890242152,2437.193979266367,649481
2020-03-19,2071.0341796875,2147.7326220081804,2019.0830805900532,2134.331628110459,786857
2020-03-20,2204.7314453125,2234.3028394437993,2049.6819103355533,2091.7164026373566,742455
2020-03-23,1909.9544677734375,2164.1711555396987,1876.1392048588534,2054.819129131125,613493
2020-03-24,2112.6220703125,2188.829102694653,1886.770599276733,1891.327024654931,929170
2020-03-25,2190.080078125,2243.862918014602,2070.0966651938984,2112.5331536719623,1249005
2020-03-26,2312.5205078125,2384.3052639947446,2159.615229925693,2208.082165704007,944116
2020-03-27,2259.631103515625,2420.1749797509547,2237.966161631567,2403.2450997161336,472582
2020-03-30,2210.046875,2304.3899435497283,2182.3514922309246,2202.4529797246087,701815
2020-03-31,2402.306884765625,2421.112990547705,2224.565072495862,2304.9263253672116,734769
2020-04-01,2291.436767578125,2483.651664355841,2237.9666975580512,2412.179674014666,1167150
2020-04-03,2290.00634765625,2331.772775727226,2211.16383905168,2312.966671978126,726903
2020-04-07,2532.341064453125,2571.8292815635014,2358.7087719234382,2358.7087719234382,1062855
2020-04-08,2479.675537109375,2671.2650557634224,2464.8897287128034,2527.4277066069303,1037961
2020-04-09,2503.037841796875,2546.189089997763,2441.571900141617,2546.189089997763,893108
2020-04-13,2417.673583984375,2501.519235609718,2409.8118408788787,2501.519235609718,501533
2020-04-15,2534.887451171875,2598.452745688141,2461.0478431045376,2476.503699861622,1011691
2020-04-16,2534.396240234375,2585.4539443857816,2514.920083707323,2535.0215763834917,675907
2020-04-17,2530.24169921875,2586.391953750903,2503.484423665669,2576.5645577262885,705271
2020-04-20,2531.0009765625,2559.411126452623,2502.4121903817727,2555.212192105355,667917
2020-04-21,2558.0263671875,2596.5319766288844,2441.794993685935,2483.561424373446,1129799
2020-04-22,2637.896240234375,2653.1287470289744,2526.042653999292,2557.803053384746,737395
2020-04-23,2633.206298828125,2899.082147930636,2606.94043379402,2644.4632227656957,3426363
2020-04-24,2735.7236328125,2789.9976611891498,2640.889347841582,2662.3309392990236,2613797
2020-04-27,2896.4462890625,2939.284757328191,2742.736840424786,2747.963315461229,1993378
2020-04-28,2853.473876953125,2939.151037513747,2823.1430013057984,2927.6707643288296,1379063
2020-04-29,2851.53173828125,2925.556980014235,2845.389266551861,2879.5339818568395,1177520
2020-04-30,2859.6162109375,2895.070664472775,2845.3892646144277,2886.037682680348,1021592
2020-05-04,2793.855712890625,2854.4218924038355,2760.47889341333,2808.353690975799,591353
2020-05-05,2690.699462890625,2823.710120351185,2683.247252880101,2806.5474548724033,905266
2020-05-06,2698.7841796875,2768.609179612472,2626.475109536122,2664.729879235495,995972
2020-05-07,2633.43017578125,2691.8283091067165,2589.7556249023346,2689.7506793926646,994651
2020-05-08,2705.061767578125,2743.3165331630644,2640.7469821944546,2660.213101799547,1102857
2020-05-11,2758.62744140625,2785.229528784805,2702.5327565703783,2736.0901958505165,1095855
2020-05-12,2806.818603515625,2821.1809570029714,2738.1679387857616,2754.1110641583355,1329390
2020-05-13,2781.75244140625,2879.715102074016,2761.83466894332,2872.488715368686,850975
2020-05-14,2817.115966796875,2834.5496656345076,2738.5290257802394,2768.6088990343424,777257
2020-05-15,2823.39404296875,2886.941162080199,2813.7740049686545,2842.5891304825814,870248
2020-05-18,2808.85107421875,2858.9389173049854,2798.508353521589,2809.2575143186427,730350
2020-05-19,2803.83740234375,2843.4921021345504,2787.6232449771433,2827.503769300993,537217
2020-05-20,2825.381103515625,2853.5187516479114,2806.4118430583267,2809.79921099713,439150
2020-05-21,2810.115478515625,2851.7124045444634,2799.3211091806434,2818.380789327437,574325
2020-05-22,2860.835693359375,2876.281959590404,2782.158335338867,2803.8374911986502,630580
2020-05-26,2857.900146484375,2930.299410222754,2837.259694053536,2890.5542887524084,718134
2020-05-27,2908.89111328125,2925.737535778756,2837.2595249754195,2863.455171656186,739328
2020-05-28,3001.885498046875,3038.017423096713,2880.933967155249,2906.361721196365,1453514
2020-05-29,3052.109130859375,3086.569868068617,2971.7605816611367,2971.7605816611367,1658714
2020-06-01,3102.694091796875,3134.444937169605,3072.1173577273275,3085.666831519127,883460
2020-06-02,3117.2822265625,3143.47787552521,3071.214016317734,3102.7390366842765,786444
2020-06-03,3170.84765625,3349.4296629429477,3135.528609077991,3252.7767573510127,3415126
2020-06-04,3116.695068359375,3211.2251378617743,3091.086475882698,3170.5767183951693,1309771
2020-06-05,3131.463623046875,3159.6916899688867,3073.2008929198428,3138.961041727716,1200548
2020-06-08,3095.422119140625,3173.5121994613487,3080.2466662387246,3148.8973250757167,768759
2020-06-09,3085.395263671875,3134.353976388891,3079.343210532534,3102.7385430158674,567611
2020-06-10,3050.438232421875,3114.2111779662464,3032.7334982643897,3090.0929379323757,628261
2020-06-11,3044.430908203125,3074.329943668325,3007.982740833472,3062.090210030952,673105
2020-06-12,3040.547119140625,3110.055875385979,2986.0781905481267,3010.6930678656604,1373475
2020-06-15,3032.552734375,3077.0853806436157,3020.132383873356,3026.95232952789,609721
2020-06-16,3021.848388671875,3071.168332639326,3007.9826746167173,3054.0960867528547,701355
2020-06-17,3072.5234375,3102.829134433206,3030.610491698823,3033.1397706163607,1100079
2020-06-18,3075.052734375,3122.7017118996473,3054.5479104280944,3084.7631895103546,898020
2020-06-19,3106.035888671875,3116.3786083526616,3054.954334332957,3087.382649610062,782740
2020-06-22,3090.363525390625,3138.9610090032743,3085.6664192101252,3116.3785557010924,735172
2020-06-23,3131.780029296875,3165.9697334207344,3094.970628106666,3098.2675782827687,765553
2020-06-24,3113.126708984375,3165.969651659639,3107.345688938596,3149.800702711885,573266
2020-06-25,3116.739990234375,3138.41914681991,3089.2798134387444,3093.7058863622437,546489
2020-06-26,3122.159912109375,3161.4533850910934,3111.2301358519276,3122.97301283497,448352
2020-06-29,3178.931884765625,3202.0564046754257,3112.5846824598066,3118.907769251981,940186
2020-06-30,3255.306396484375,3265.4232931479323,3197.675921920797,3199.4825184868537,1236537
2020-07-01,3203.05029296875,3261.8098865404804,3194.0625197472,3256.3900971970183,586225
2020-07-02,3193.25,3222.652184081653,3172.428929482305,3209.418951820367,422319
2020-07-03,3196.185302734375,3233.7623758709806,3175.0932013632437,3206.256989541631,323231
2020-07-06,3273.958984375,3293.425103903495,3198.578796742259,3215.7414618476255,538078
2020-07-07,3322.737060546875,3329.0601476440415,3233.8074011223653,3284.3920978996985,664348
2020-07-08,3328.653564453125,3353.4942626953125,3278.97216796875,3320.117441345345,531417
2020-07-09,3318.35595703125,3341.2996403418447,3297.03803385989,3333.1699575186285,397351
2020-07-10,3366.27587890625,3390.619939869751,3301.870898835729,3314.7428971536406,706136
2020-07-13,3429.64306640625,3464.1490177307383,3387.5944859829733,3396.4016445026277,1108644
2020-07-14,3374.044189453125,3428.8743393899576,3368.3985763926653,3428.513108366792,399210
2020-07-15,3363.204833984375,3412.9314412038275,3352.771696254836,3380.1416742817514,506574
2020-07-16,3481.98876953125,3505.0228738500896,3332.7639495798703,3368.39901980207,987220
2020-07-17,3418.98388671875,3557.1885193919256,3402.5439026247714,3522.863185786823,4503046
2020-07-20,3597.5205078125,3606.8697324466584,3439.036881856807,3485.8277729806296,3785159
2020-07-21,3505.158203125,3622.225736590102,3500.280481118864,3612.2894565146676,1880670
2020-07-22,3437.094970703125,3544.903482025873,3424.4487954958727,3536.231951345691,1019300
2020-07-23,3457.46435546875,3504.5712694342656,3450.5992007832706,3455.1156918837723,791770
2020-07-24,3449.198486328125,3477.6071666471726,3403.627142604226,3455.0699238087323,665233
2020-07-27,3412.073486328125,3474.6268856211454,3398.5690020408833,3473.1815203128535,523512
2020-07-28,3409.724853515625,3459.6320786713936,3399.4273423296827,3414.7382025923807,599914
2020-07-29,3427.745361328125,3480.4076862832494,3414.466922956315,3430.4552557114234,785425
2020-07-30,3437.907470703125,3499.7381835401648,3423.9515587134174,3449.153488305248,855542
2020-07-31,3453.850830078125,3486.73079391163,3433.526622082526,3442.469185387881,681895
2020-08-03,3411.03466796875,3477.6077021633123,3403.718084762214,3456.9222612974518,369180
2020-08-04,3448.430908203125,3482.21416886606,3418.9833019865205,3432.5327734607076,642559
2020-08-05,3477.65234375,3498.9702663120856,3457.7797863056594,3468.574154083848,569216
2020-08-06,3484.6083984375,3533.7027464325843,3473.1817638121897,3491.2477287735014,786063
2020-08-07,3554.297607421875,3563.5112044525076,3477.697880137428,3491.2473523977037,1061884
2020-08-10,3561.524169921875,3617.709273585054,3549.0586107155245,3577.015645764587,826722
2020-08-11,3504.390625,3586.0939042280056,3491.247591899557,3568.027939974968,422055
2020-08-12,3441.34033203125,3509.313521869258,3432.533174543933,3505.293888968584,619436
2020-08-13,3439.9853515625,3484.789030253124,3425.351964907927,3454.03168260296,513264
2020-08-14,3433.752685546875,3468.665072609251,3389.1748313619555,3457.825494257347,537499
2020-08-17,3494.544189453125,3518.346183166845,3434.3394578691514,3459.631805270608,987819
2020-08-18,3535.7802734375,3558.9949936296907,3500.280609217018,3504.7971003256853,768897
2020-08-19,3500.641845703125,3567.124683138169,3491.8346880276126,3562.2919494317093,505661
2020-08-20,3494.0478515625,3532.076573419128,3466.181013912247,3504.7970119172633,523854
2020-08-21,3507.28125,3533.702723585088,3491.2929152189727,3519.249951709484,401007
2020-08-24,3530.4052734375,3546.3483969430936,3517.62347280037,3533.702223342176,444407
2020-08-25,3520.017578125,3549.9166153700917,3500.2804248072457,3539.1222462954292,358587
2020-08-26,3534.23095703125,3560.166123194943,3506.403910425583,3548.767520998931,608530
2020-08-27,3522.555908203125,3556.4745599649277,3516.4643051011867,3544.153000416944,385945
2020-08-28,3501.558349609375,3532.7081291887853,3495.2360079178306,3524.7706137412715,512488
2020-08-31,3438.98193359375,3517.387039137523,3400.1715697146774,3513.1413493251744,600226
2020-09-01,3480.46875,3495.928270435561,3431.8289904719604,3447.242318019093,387446
2020-09-02,3506.49609375,3519.786801805867,3462.93259445107,3496.066640816684,305952
2020-09-03,3458.179443359375,3515.310357127452,3451.857101583635,3505.388575351509,414160
2020-09-04,3420.338134765625,3515.5409992330274,3413.600507842108,3442.627442147333,759852
2020-09-07,3437.135986328125,3461.086660955706,3373.4057988781615,3445.3040156492825,437318
2020-09-08,3444.1044921875,3472.577564407437,3425.3222376800127,3439.7664164649414,379275
2020-09-09,3450.2880859375,3460.163674725512,3402.109805097978,3405.7092450619207,332884
2020-09-10,3432.70556640625,3475.3922996041497,3414.9848487178924,3475.3922996041497,357927
2020-09-11,3481.62255859375,3533.0773820125587,3433.398082833521,3437.089908729041,829715
2020-09-14,3432.936767578125,3503.5429411820305,3425.0916371776907,3496.9898597739016,397741
2020-09-15,3446.411865234375,3476.3155649075634,3428.7833064201773,3433.4442816876017,366110
2020-09-16,3548.30615234375,3562.611977642574,3449.2266850610413,3453.7031140773347,917526
2020-09-17,3521.678955078125,3591.1776260939005,3478.392384426622,3551.536688629822,741010
2020-09-18,3504.927490234375,3543.922404378523,3484.022614559396,3542.030298389315,947698
2020-09-21,3349.68603515625,3502.6198805256126,3335.103277543953,3498.0050980743276,604282
2020-09-22,3311.567626953125,3394.6337045522837,3267.3119117873603,3378.020489032452,670648
2020-09-23,3345.62451171875,3371.467290513154,3288.309055376994,3340.0867734056637,405856
2020-09-24,3334.410888671875,3373.4057983795456,3285.9094825372854,3313.413629598514,517316
2020-09-25,3402.38671875,3430.5830846200975,3336.487715416159,3359.561627694279,507368
2020-09-28,3449.411376953125,3486.9294664958993,3404.786342483688,3424.9989985969237,390640
2020-09-29,3448.949951171875,3503.5427358619136,3416.461703387884,3478.622911344455,449330
2020-09-30,3505.527099609375,3530.308571478892,3427.9065940600076,3446.3195309548196,535771
2020-10-01,3515.172119140625,3533.031191724653,3472.1622572936735,3525.6937328181375,336322
2020-10-05,3535.338623046875,3560.5815730451286,3493.436488758627,3521.078990419275,460889
2020-10-06,3475.71533203125,3581.024518526378,3462.932296189245,3571.841147721849,666856
2020-10-07,3494.26708984375,3542.3070203738885,3477.700065859513,3488.775543776263,590795
2020-10-08,3502.343017578125,3530.3086448506283,3480.9304716481424,3506.2193898474115,371495
2020-10-09,3456.56396484375,3524.447225070415,3447.2420154459633,3513.694873575042,347685
2020-10-12,3444.011962890625,3483.5145436694984,3435.5208086915236,3478.7152152379335,286506
2020-10-13,3457.07177734375,3494.590092674846,3417.3846495284233,3444.4735117860027,368886
2020-10-14,3497.8203125,3508.8957896252323,3451.857037364054,3454.625906645362,545911
2020-10-15,3443.55078125,3540.4150231020667,3428.7834769080005,3498.005216011123,526411
2020-10-16,3458.50244140625,3487.8525022362073,3434.551766061521,3460.1176152297253,263967
2020-10-19,3481.80712890625,3502.6198426024407,3451.857236187913,3475.8541046747805,473267
2020-10-20,3279.40234375,3409.4008389068294,3270.1268124743065,3397.402406068229,3187477
2020-10-21,3135.513916015625,3304.1842135067886,3121.4388296312736,3304.1842135067886,3538724
2020-10-22,3191.90673828125,3224.2102161493685,3147.281700865249,3147.281700865249,2266246
2020-10-23,3202.42822265625,3233.0241396081697,3176.862373416676,3211.888526505872,1022334
2020-10-26,3216.8720703125,3235.4697765311475,3198.966806708621,3213.734108759209,893740
2020-10-27,3297.031005859375,3311.56756918565,3211.88827780548,3211.88827780548,1753963
2020-10-28,3268.83447265625,3322.458326935776,3253.374953732611,3296.9846414425774,667035
2020-10-29,3260.48193359375,3282.0330563091206,3228.5015835121776,3265.419840613518,654253
2020-10-30,3205.658447265625,3276.357000526441,3194.029106018053,3267.265789482563,475859
2020-11-02,3156.787841796875,3217.379839743052,3129.883527352298,3214.6571634104707,764391
2020-11-03,3141.420654296875,3190.8912105176328,3128.8223887930512,3179.584993920962,623300
2020-11-04,3203.30517578125,3235.8855862769146,3149.035286883558,3159.28019447401,714800
2020-11-05,3229.655517578125,3258.0364298208992,3198.459542957231,3241.4232128982994,999876
2020-11-06,3242.853515625,3281.110013472535,3220.7947223891792,3239.576975327313,582470
2020-11-09,3274.9267578125,3294.954869797976,3242.854017833374,3274.6498257824137,566460
2020-11-10,3238.05419921875,3296.8002843662184,3180.369423806407,3296.8002843662184,976298
2020-11-11,3223.656005859375,3268.742516687916,3187.014681393685,3238.6540475443553,1141508
2020-11-12,3244.46875,3254.298145745711,3213.134424590738,3230.0705397079582,615256
2020-11-13,3243.684326171875,3268.6041509021825,3234.9624325825016,3246.037910240416,473523
2020-11-14,3255.59033203125,3264.0352929182163,3244.1917304135527,3262.6508583248674,56492
2020-11-17,3239.392333984375,3276.495135238309,3234.4082343546206,3268.188527853198,694643
2020-11-18,3230.670654296875,3250.606378136832,3179.5849253778606,3237.5466346861044,914389
2020-11-19,3240.8232421875,3275.5724626264296,3211.8884671569385,3220.195075261655,739067
2020-11-20,3278.43359375,3302.1073358204,3249.8679122500403,3253.375191716696,1197247
2020-11-23,3283.3251953125,3321.7202738844194,3278.3413205994602,3299.569319015504,952758
2020-11-24,3287.8017578125,3316.1826698913083,3259.6053919655305,3299.569453064689,752974
2020-11-25,3281.8486328125,3304.045780790961,3259.4207457185275,3295.5084335170272,385590
2020-11-26,3275.341796875,3297.631105656101,3221.118103865798,3294.7700757768716,741800
2020-11-27,3357.669189453125,3401.0019473557873,3233.2086541437184,3289.2782554293462,5383773
2020-12-01,3349.73193359375,3417.246104788852,3318.5359618990615,3417.246104788852,1042234
2020-12-02,3319.87451171875,3366.9452929524605,3285.7251214119406,3356.7927715098954,680870
2020-12-03,3355.8232421875,3372.3902643268707,3330.0728490310316,3366.02195536637,450558
2020-12-04,3367.129638671875,3389.096047005737,3333.7186606167543,3356.792571612164,482933
2020-12-07,3349.36279296875,3387.250200633348,3333.8111118511906,3368.791071474583,492080
2020-12-08,3364.545654296875,3373.31374135785,3338.9336105135003,3359.0079151004697,413743
2020-12-09,3347.6552734375,3383.558187531711,3340.271622182657,3367.7755428420232,434686
2020-12-10,3451.626220703125,3458.3176546492705,3344.794016666388,3347.655271658581,1443681
2020-12-11,3445.165771484375,3486.0065953778003,3416.3233817291307,3458.179547874409,695958
2020-12-14,3485.9599609375,3499.850499150409,3449.134092495035,3456.471550453133,685712
2020-12-15,3475.438720703125,3505.1116805691254,3438.6588158758254,3484.1606141278876,648902
2020-12-16,3463.486328125,3494.3129822096007,3456.471769248535,3476.0384001524158,466183
2020-12-17,3442.39697265625,3476.7771019494853,3434.321103359181,3451.949662471538,488772
2020-12-18,3433.859375,3470.1316075242344,3405.709204072033,3450.0111124176856,1043126
2020-12-21,3344.840087890625,3439.9045942884154,3262.512424503622,3432.474750421194,670146
2020-12-22,3350.700927734375,3380.2355334449685,3268.2810989381774,3341.1022710108955,662139
2020-12-23,3346.040283203125,3385.727410874119,3327.4887682756125,3361.038325636931,451656
2020-12-24,3339.487060546875,3400.079059276404,3313.45973461679,3373.405708919734,579767
2020-12-28,3325.919677734375,3365.23748632768,3320.7972244980588,3354.9466122986223,463358
2020-12-29,3316.459716796875,3344.102219574774,3299.6619531564916,3335.5648717431127,414932
2020-12-30,3307.783203125,3328.042275459168,3289.416461723144,3324.719542436082,407808
2020-12-31,3300.815673828125,3324.25867954082,3287.6635432850676,3304.784206639328,459383
2021-01-01,3292.924072265625,3327.2580071903717,3288.5400291216156,3299.569313649259,453083
2021-01-04,3279.171875,3317.0130893799237,3264.4969576046415,3312.490692915764,698402
2021-01-05,3277.5107421875,3289.370597380203,3267.2658354523446,3275.5724435085795,725278
2021-01-06,3266.98876953125,3324.488999118605,3239.5770091355644,3293.1084810813945,1099588
2021-01-07,3279.079345703125,3293.0620441894066,3245.529792449145,3285.7245863170892,621487
2021-01-08,3299.80029296875,3313.367708725293,3260.6670267144314,3298.6465973205545,961239
2021-01-11,3334.50341796875,3345.7172490987778,3274.3264750441595,3326.1506167357998,1043630
2021-01-12,3351.854736328125,3367.683574808749,3309.9987960845365,3344.7942095447484,893653
2021-01-13,3342.16357421875,3366.945044406674,3322.6431359276385,3359.561392993501,798273
2021-01-14,3383.050537109375,3419.4611225160265,3340.7331207952247,3343.8710824652417,1192074
2021-01-15,3330.99609375,3401.09459259353,3295.8775549936213,3396.479810242656,597621
2021-01-18,3329.888671875,3382.6355452932835,3299.5694609613884,3330.996174599857,826497
2021-01-19,3323.796875,3368.652648055061,3310.644745748004,3349.178177065255,594091
2021-01-20,3315.536376953125,3360.4843093283357,3308.7987500527556,3327.257878365463,607449
2021-01-21,3351.070556640625,3384.0662520214737,3325.043228007842,3326.981301488848,834432
2021-01-22,3330.027099609375,3405.7095336914062,3314.3368388850517,3367.8683166503906,791205
2021-01-25,3335.149658203125,3359.4234603297327,3300.7233341121046,3353.8857210764163,467367
2021-01-27,3332.56494140625,3368.6985956360522,3316.9208749286654,3335.14926448562,646880
2021-01-28,3326.1044921875,3368.7912303806797,3285.0329278719,3312.2139517740784,643832
2021-01-29,3231.363037109375,3341.8408832068135,3212.07311139003,3327.4426719201815,733173
2021-02-01,3249.4990234375,3283.786766499863,3214.6574163552687,3266.342979179241,544282
2021-02-02,3231.50146484375,3280.1874205083004,3215.3497259976907,3274.5572956923456,869950
2021-02-03,3245.576416015625,3270.95771885664,3231.270590777962,3254.390695341193,786972
2021-02-04,3304.18408203125,3330.073055449711,3240.546280042719,3250.6064151879464,958717
2021-02-05,3268.788818359375,3337.410724692309,3258.4517505615195,3337.410724692309,1159183
2021-02-08,3206.07373046875,3338.2410471944427,3197.21348387134,3323.5661299771054,2388271
2021-02-09,3195.644287109375,3234.9623215782835,3188.8144995871526,3234.9623215782835,951124
2021-02-10,3160.987548828125,3216.59567601221,3153.7884433131635,3200.7206445013617,893690
2021-02-11,3195.96728515625,3202.6587190793985,3156.5108989197533,3166.432680254077,873772
2021-02-12,3157.66455078125,3220.1948462333303,3146.404527884153,3211.8882387194008,618874
2021-02-15,3153.742431640625,3179.5852142235744,3140.8210403491507,3164.8179098904607,513578
2021-02-16,3128.314453125,3167.9094169750633,3124.2535351906513,3167.5862921100174,693631
2021-02-17,3104.82568359375,3142.528546964867,3101.13385757283,3110.36342262513,866571
2021-02-18,3100.6259765625,3129.6991045094273,3082.7669045937996,3108.517299214327,616156
2021-02-19,3074.552490234375,3122.3616795515004,3064.215423030145,3100.210724686222,765676
2021-02-22,3083.781982421875,3113.8242593194063,3061.723413851787,3091.904044081515,666371
2021-02-23,3078.936767578125,3108.5175692040375,3069.10737074147,3091.719805553079,484686
2021-02-24,3143.17431640625,3151.896209606719,3083.597433761654,3101.1336059380897,512568
2021-02-25,3142.6669921875,3161.7721473380857,3114.609203740679,3156.511340170705,586357
2021-02-26,3104.594970703125,3146.3125600258245,3085.443623057762,3127.899622657121,748717
2021-03-01,3148.94287109375,3156.511068941353,3107.6405698261697,3111.747680975372,377869
2021-03-02,3182.3076171875,3184.199722958679,3133.4371186796275,3148.942831962007,383968
2021-03-03,3212.94970703125,3218.4874456472194,3170.355357642549,3193.429268542422,409493
2021-03-04,3232.10107421875,3244.007347519658,3184.199725009764,3184.199725009764,537283
2021-03-05,3222.733154296875,3236.485115141434,3194.1215046131338,3217.4261547587616,612423
2021-03-08,3196.382568359375,3238.6078237775496,3185.1225453140923,3224.4405781965916,463984
2021-03-09,3162.740966796875,3220.3333582659648,3135.606137713223,3205.8891801762447,589556
2021-03-10,3212.21142578125,3220.1949085806377,3173.58560996117,3185.953135700013,270942
2021-03-12,3169.6630859375,3224.6713787115514,3161.125739051012,3222.871433427312,344205
2021-03-15,3184.56884765625,3190.245165027277,3137.1289762183646,3178.2929240558437,311078
2021-03-16,3220.28759765625,3230.347733321839,3189.783840422504,3195.8292505325276,383099
2021-03-17,3200.720458984375,3229.424493601261,3180.784735634401,3219.2719730440695,378136
2021-03-18,3174.64697265625,3219.1796200999015,3163.3407564658933,3211.888354485114,430166
2021-03-19,3199.520751953125,3225.5942702986026,3118.669681039642,3160.756583085512,1312375
2021-03-22,3289.7861328125,3294.9547794617756,3175.062817534841,3175.062817534841,820046
2021-03-23,3293.477783203125,3302.3382554631635,3253.4215624672024,3294.954603690188,461046
2021-03-24,3265.189208984375,3293.2931880616156,3250.6526447722335,3263.574035183026,480657
2021-03-25,3178.52392578125,3290.155472660574,3164.8179312222237,3262.6513230885275,486516
2021-03-26,3234.593505859375,3244.1921635222457,3189.1378973093124,3189.1378973093124,273033
2021-03-30,3337.41064453125,3345.717252883236,3239.6234501649387,3243.2690832087424,567450
2021-03-31,3345.763427734375,3373.405929201543,3315.721149290436,3337.4106265370124,441583
2021-04-01,3339.7177734375,3387.25002860733,3332.1033830462165,3354.946554220067,460658
2021-04-05,3415.261962890625,3433.397966857285,3350.3318870139638,3354.9466692274814,807938
2021-04-06,3443.181640625,3448.5346081091743,3396.479951164023,3422.322733401141,462351
2021-04-07,3515.1259765625,3525.6937832812314,3425.5991972488146,3444.4736123574753,633677
2021-04-08,3580.98974609375,3597.1742153726177,3528.7303751618297,3546.5097898039894,613388
2021-04-09,3563.116455078125,3606.27504028521,3555.8921290185212,3580.9897845465543,526934
2021-04-12,3577.236572265625,3612.1856411311146,3518.3626374653713,3544.586121177933,1108910
2021-04-13,3514.609619140625,3609.370850195938,3498.7066662755324,3578.503174476202,411660
2021-04-15,3464.60205078125,3565.180266066752,3446.1189646565003,3519.300908365514,494464
2021-04-16,3468.16748046875,3503.304151048877,3449.4498362400914,3467.2292503915232,251741
2021-04-19,3511.607666015625,3523.0540274298787,3427.4015144944983,3457.3779203939025,560398
2021-04-20,3499.504150390625,3520.9427985255606,3462.162777877887,3501.380610479107,331477
2021-04-22,3520.239013671875,3533.374233872143,3464.0858556917037,3495.000717911099,424370
2021-04-23,3424.8212890625,3528.589397935936,3415.6265885142016,3523.0539321166943,491834
2021-04-26,3320.583984375,3435.7986885581086,3312.890543227384,3434.954373076818,1031406
2021-04-27,3322.46044921875,3353.7974726070297,3299.7553261671774,3352.01469794615,813608
2021-04-28,3263.867919921875,3309.137521685793,3254.720176560254,3272.54654823931,1498181
2021-04-29,3254.626220703125,3289.340733533159,3234.0790736520817,3280.7560199573304,611087
2021-04-30,3235.955322265625,3254.110164682877,3224.696562083779,3246.2758524323176,436187
2021-05-03,3226.8076171875,3263.8207459042496,3219.630249112032,3226.666974307614,570022
2021-05-04,3223.617919921875,3248.1525449501974,3208.746881493262,3220.005642480958,337838
2021-05-05,3238.39501953125,3245.243915832882,3223.9930962513563,3228.5436037405943,234116
2021-05-06,3238.817138671875,3275.8302688895587,3227.2299057559117,3238.770181356654,384450
2021-05-07,3247.44873046875,3269.4501791253506,3239.0046600970004,3269.4501791253506,189156
2021-05-10,3202.929443359375,3263.1637602289934,3193.2656290797527,3263.1637602289934,694001
2021-05-11,3207.24560546875,3222.5388015448107,3186.276300671581,3202.929884548072,455412
2021-05-12,3227.089111328125,3232.202419125469,3191.0609411215737,3193.7349883027855,252497
2021-05-14,3285.165771484375,3306.7920213229186,3225.822717051498,3236.8938781569213,677498
2021-05-17,3290.607177734375,3315.6109156881175,3280.0990475137046,3301.5844229565046,338003
2021-05-18,3307.682861328125,3315.610858904996,3265.0403542378062,3307.4483038314124,474368
2021-05-19,3316.080078125,3335.4077080856114,3298.8636947612144,3316.6431077588286,688416
2021-05-20,3211.13916015625,3300.411653806321,3204.0554777828147,3283.805028474334,1046540
2021-05-21,3223.523681640625,3235.9552289830503,3206.8700993517155,3235.9552289830503,521688
2021-05-24,3170.373291015625,3245.337781271797,3163.148736297259,3245.337781271797,1643611
2021-05-25,3239.02392578125,3246.0867777781564,3187.700534603731,3187.700534603731,1318946
2021-05-26,3216.893798828125,3252.5377521171854,3214.115789568274,3240.483771525882,373186
2021-05-27,3215.62255859375,3237.1408083677825,3201.873676670369,3230.0779556949797,444547
2021-05-28,3223.90966796875,3247.9704985954313,3211.2436648913945,3217.835660684427,249529
2021-05-31,3246.887451171875,3256.8223461011653,3227.4880583100858,3228.9006287637917,352802
2021-06-01,3245.851318359375,3266.8987090732358,3241.3781788040815,3256.4455962534903,236580
2021-06-02,3272.690185546875,3282.813606738049,3245.192194432957,3245.851347970273,420074
2021-06-03,3292.466064453125,3295.526633551294,3265.297536032857,3277.163218962281,380896
2021-06-04,3285.92138671875,3307.298239952735,3277.1634040533936,3295.997676490482,312826
2021-06-07,3336.114990234375,3347.7921479564097,3275.7510511016517,3302.1190342641776,357312
2021-06-08,3391.817138671875,3410.886840083163,3336.11486824214,3337.9040322128026,787313
2021-06-09,3366.343505859375,3398.032305936639,3349.7694847119556,3388.285478368998,546202
2021-06-10,3367.850341796875,3401.092877347046,3347.791796443669,3362.8592138116296,355092
2021-06-11,3350.52294921875,3385.4606180760543,3344.0252169090595,3366.6263448183295,301375
2021-06-14,3381.9287109375,3388.2852772580927,3305.8382118140785,3350.522472781916,312420
2021-06-15,3420.162841796875,3428.3085729767927,3383.577174208382,3383.9068659530053,451019
2021-06-16,3427.31982421875,3432.358084396739,3394.9249654253326,3419.4095212305288,232534
2021-06-17,3444.9296875,3449.4970906544154,3399.1154105151822,3414.5594223693406,300185
2021-06-18,3408.249755859375,3464.564274142025,3385.4603331178528,3447.990023106077,731807
2021-06-21,3436.171875,3440.974476572552,3372.3707764893256,3390.169072153912,231475
2021-06-22,3438.10205078125,3451.3803043529374,3405.2363384830073,3437.2546005152035,235555
2021-06-23,3446.012939453125,3469.5557816187784,3419.3623961394915,3439.1383835586403,378997
2021-06-24,3474.07568359375,3488.9076725797263,3438.196303987266,3446.012572736588,385390
2021-06-25,3456.13623046875,3493.6633815107916,3432.451994202272,3493.6633815107916,176772
2021-06-28,3453.49951171875,3470.2149296294483,3430.6629548548385,3456.1363560191708,181793
2021-06-29,3443.98779296875,3453.358027197307,3399.633220449184,3441.9632006972643,357263
2021-06-30,3436.925048828125,3474.9232856640388,3421.1984772301303,3460.7975812507702,428387
2021-07-01,3386.213623046875,3447.613300415517,3371.9465248434403,3427.8373159007056,612678
2021-07-02,3338.6572265625,3398.6443360828794,3328.957530632579,3398.6443360828794,292855
2021-07-05,3318.175048828125,3375.572447588807,3307.6748040912757,3356.267318512068,519061
2021-07-06,3313.890380859375,3327.8749207223673,3304.143552480858,3320.482376501892,282115
2021-07-07,3316.103271484375,3335.54956532591,3301.647875785613,3315.7735797607365,524482
2021-07-08,3287.898681640625,3320.3877999568786,3270.806672229769,3295.0557967701607,627227
2021-07-09,3273.349609375,3312.94871547241,3265.8630316254457,3287.5224461950493,595359
2021-07-12,3268.123046875,3295.9978636287724,3262.1904346489205,3279.2353142259185,146119
2021-07-13,3282.3427734375,3286.062496198778,3263.1319078409315,3285.403342656743,182918
2021-07-14,3282.578369140625,3284.8383899458017,3252.820125712629,3271.5132337071022,458955
2021-07-15,3259.12939453125,3298.822528249514,3254.0911351316577,3298.822528249514,264604
2021-07-16,3240.4365234375,3270.2887988134166,3236.763932332435,3258.3290819801655,399006
2021-07-19,3249.052978515625,3255.974665212831,3226.4049511068565,3239.87127121676,226731
2021-07-20,3233.4208984375,3264.8740418920165,3226.7817713265836,3253.620609932393,152954
2021-07-22,3225.65185546875,3248.4412801285016,3215.952158758902,3248.4412801285016,389457
2021-07-23,3239.306640625,3251.266357929116,3225.6517927785203,3227.252659992203,247778
2021-07-26,3279.046875,3294.1142931504883,3231.019479645319,3239.447770691137,433827
2021-07-27,3249.6181640625,3300.564961141774,3234.927340124255,3292.2307039230604,210607
2021-07-28,3224.521728515625,3266.8045784868486,3211.2434743845934,3266.8045784868486,352127
2021-07-29,3207.099853515625,3229.0887276177573,3203.709592670276,3224.6155881218183,321411
2021-07-30,3223.8623046875,3239.4948426949577,3181.1085984370834,3224.4274248219576,988317
2021-08-02,3300.37646484375,3335.549559646134,3239.5419044408004,3245.8042078948897,1887580
2021-08-03,3364.930908203125,3370.392892933211,3325.190641225808,3343.083199193322,1326045
2021-08-04,3369.73388671875,3389.227312637612,3333.6662091517496,3370.3930402695228,478788
2021-08-05,3400.6689453125,3406.837215321349,3340.823230477679,3369.7337917659397,497146
2021-08-06,3393.935791015625,3409.00320851181,3380.8460640300327,3400.668951245015,258380
2021-08-09,3424.164794921875,3436.312807979016,3396.0545529663814,3408.9088511991827,444706
2021-08-10,3425.20068359375,3431.604382100086,3400.99868988871,3424.1649365729245,249493
2021-08-11,3414.1826171875,3436.265754869175,3362.9534899060964,3425.2006201975564,233115
2021-08-12,3409.756591796875,3430.615455723565,3397.23175514438,3422.5637585962077,232971
2021-08-13,3370.910888671875,3431.6985461961112,3366.720309226215,3409.756573816922,323144
2021-08-16,3442.245849609375,3459.808716701223,3345.9556317282468,3361.9176316442795,348972
2021-08-17,3481.04443359375,3491.4975468518687,3454.2055951364464,3456.089022396608,579154
2021-08-18,3503.881103515625,3512.5919548782585,3472.0511357976184,3492.627671250875,426843
2021-08-20,3668.869140625,3736.248796279139,3423.4115769496098,3427.8375849920767,1567252
2021-08-23,3640.900146484375,3733.5646712454245,3626.1624208495027,3682.100115810904,645088
2021-08-24,3590.000732421875,3665.1495277132144,3574.2741604407775,3648.9992305715077,437167
2021-08-25,3618.8173828125,3670.7999320716267,3575.686850199068,3590.0008521819336,360778
2021-08-26,3701.781982421875,3716.896532027557,3602.2428986213376,3602.2428986213376,1114234
2021-08-27,3711.811279296875,3741.3809943187616,3683.748168085914,3714.7775851672495,475524
2021-08-30,3754.000244140625,3760.7805363364637,3703.0063128142942,3729.1859978723783,466524
2021-08-31,3764.500244140625,3792.563356357981,3729.1859829385553,3762.145960060487,688613
2021-09-01,3781.31005859375,3791.244953835968,3732.811804822243,3752.352363380666,352460
2021-09-02,3847.93603515625,3864.7926166418088,3768.784961048228,3780.9801061931926,525680
2021-09-03,3883.815673828125,3893.7036672920563,3835.740915427478,3865.7345875656288,426377
2021-09-06,3841.297119140625,3907.4522732997348,3824.29914173563,3902.837968367996,312608
2021-09-07,3856.740966796875,3888.900624597288,3842.1915374716477,3858.106405552347,259534
2021-09-08,3824.675537109375,3849.6309476009424,3781.639271413575,3842.003205359282,236283
2021-09-09,3833.52783203125,3878.729855665545,3814.0344061721453,3822.2272686450383,295134
2021-09-13,3855.234619140625,3863.851207299917,3822.2275088602273,3833.5280729566443,171201
2021-09-14,3862.4384765625,3910.936728797772,3844.4516541576236,3858.2007652021366,419441
2021-09-15,3848.171630859375,3893.9859075535514,3833.763366162495,3865.92302496565,218163
2021-09-16,3835.646728515625,3879.860137252938,3804.334750466193,3848.171565717508,243636
2021-09-17,3815.682373046875,3875.1514954045997,3805.464688439851,3839.742971793427,621517
2021-09-20,3846.42919921875,3875.15146401889,3766.854400018362,3799.8143760185226,291097
2021-09-21,3838.0009765625,3871.902436853491,3816.7652885235907,3825.429007815208,424258
2021-09-22,3821.94482421875,3865.7345086652626,3813.0928079292694,3844.075094853009,259937
2021-09-23,3806.736328125,3837.9069125102073,3783.3346515704757,3823.3574823587132,322858
2021-09-24,3807.25390625,3860.0372305979563,3795.105892503725,3804.523028713412,373614
2021-09-27,3775.89501953125,3827.6892685875614,3766.854476822655,3813.845894456797,248898
2021-09-28,3770.29150390625,3831.785447009821,3757.4843370922104,3771.751205945606,354948
2021-09-29,3741.19287109375,3785.5945773479075,3728.3854735988807,3749.9037222818733,332446
2021-09-30,3718.780029296875,3760.262561083071,3710.634298282543,3740.4865746611463,217501
2021-10-01,3692.553466796875,3728.056025244947,3658.5575122350497,3728.056025244947,181917
2021-10-04,3665.9970703125,3736.013573953182,3654.7907695537965,3682.100466105474,372752
2021-10-05,3655.92041015625,3677.6269541327915,3640.193839370157,3667.0326763697817,131731
2021-10-06,3709.033447265625,3760.4037425764245,3655.967791504308,3666.091213169237,409840
2021-10-07,3673.248291015625,3732.6231516829334,3651.4474824524536,3728.997692140073,187556
2021-10-08,3656.95654296875,3699.992809378752,3622.6311275352696,3686.808818711584,316870
2021-10-11,3616.74560546875,3673.3895906376024,3607.8933590427623,3653.8490320256096,253051
2021-10-12,3642.501220703125,3648.9049194246613,3592.6375295451535,3598.287811374058,253262
2021-10-13,3657.333251953125,3667.1272118472234,3629.835259389595,3645.750128090486,174222
2021-10-14,3667.833251953125,3696.225824603377,3654.7904268243838,3683.983547986856,299078
2021-10-18,3613.6845703125,3729.185644848454,3602.054316046802,3729.185644848454,256837
2021-10-19,3574.650634765625,3642.877970397635,3559.6774801862052,3635.34426144486,282932
2021-10-20,3542.7265625,3689.0218621953127,3522.0088633040937,3578.5116792929293,523002
2021-10-21,3497.85400390625,3577.099111422404,3465.5060497655513,3577.099111422404,335589
2021-10-22,3474.92333984375,3540.8432948001355,3437.254794154387,3516.3587401020495,192033
2021-10-25,3419.4091796875,3481.0914198818523,3406.8372112867232,3474.9231498803083,289025
2021-10-26,3477.56005859375,3489.0960502950315,3395.678106336967,3436.312956569507,326825
2021-10-27,3482.315673828125,3513.721683955723,3466.8714330808284,3485.1877163352365,441016
2021-10-28,3467.29541015625,3511.367655138671,3441.021691177982,3507.883360601528,193658
2021-10-29,3461.50390625,3492.7687530618764,3428.826488980564,3466.447902851459,283538
2021-11-01,3463.763671875,3484.3402053219957,3438.2905037618207,3478.68992390796,139766
2021-11-02,3468.237060546875,3491.4975713011972,3453.3110373519066,3465.694479709963,151547
2021-11-03,3418.279541015625,3484.152367868792,3407.1672734544354,3479.6320961595966,185296
2021-11-04,3418.279541015625,3418.279541015625,3418.279541015625,3418.279541015625,0
2021-11-08,3501.009033203125,3511.5092790745084,3409.003649205307,3452.322480106811,336938
2021-11-09,3410.510009765625,3426.8957341725545,3329.0986864529596,3380.7517685296702,1399094
2021-11-10,3482.927734375,3503.1745766864947,3390.1689451804787,3417.9023645971374,706755
2021-11-11,3431.039306640625,3501.291234564642,3421.528137037439,3483.4929391342225,298625
2021-11-12,3472.992431640625,3486.176421306081,3429.014454952961,3454.7704124421903,275060
2021-11-15,3524.457763671875,3529.1663321426004,3459.8561122892893,3484.3406683370636,320669
2021-11-16,3475.629638671875,3540.8433086516966,3466.447930624174,3532.3678858384346,199179
2021-11-17,3404.341796875,3484.2931895792663,3397.5143732725674,3475.629470438289,250996
2021-11-18,3363.424560546875,3432.357953667756,3347.792022010115,3432.357953667756,248828
2021-11-22,3372.841796875,3417.008076353792,3361.917826259622,3379.810386119267,364653
2021-11-23,3448.6962890625,3456.088832616919,3365.684329093425,3369.262886673338,365672
2021-11-24,3412.157958984375,3459.855659384841,3399.585990849014,3446.671669392629,149025
2021-11-25,3365.119384765625,3421.9990258166986,3358.150795885888,3400.0570523123943,232784
2021-11-26,3348.074462890625,3423.223255383381,3327.968785237153,3352.5004709009963,372530
2021-11-29,3322.930908203125,3343.0834885359905,3266.898945507944,3343.0834885359905,281082
2021-11-30,3338.845703125,3357.209119063778,3297.033709567082,3309.1817235315893,633377
2021-12-01,3329.193359375,3396.4787572871915,3322.3659350470266,3343.554493306255,312855
2021-12-02,3369.922119140625,3397.0435168151334,3324.2490095197445,3333.6661455240496,377041
2021-12-03,3346.61474609375,3384.0007304795395,3343.083320051442,3349.675315330417,313990
2021-12-06,3292.41943359375,3372.3710656811595,3286.58085456203,3348.7339595480166,165986
2021-12-07,3271.70166015625,3323.307616418826,3264.9213675613687,3297.9284784217707,254445
2021-12-08,3367.332275390625,3373.6417102852893,3279.9883423577003,3286.533205643289,326189
2021-12-09,3412.676025390625,3422.6111504417217,3356.267469370756,3357.209183026584,284117
2021-12-10,3420.7275390625,3429.7209499738383,3394.312426455798,3412.6758417563165,190379
2021-12-13,3379.574951171875,3445.118314916404,3368.4626838247104,3428.7794906908525,311904
2021-12-14,3371.005126953125,3387.767675665036,3336.538545803353,3371.3348186901244,297867
2021-12-15,3335.1728515625,3370.9579670088337,3316.244316954303,3362.8591383909743,152079
2021-12-16,3353.065673828125,3363.4714256070315,3330.511448253429,3343.0834172939544,121782
2021-12-17,3330.040283203125,3348.733389164786,3295.997430280301,3339.3162536496993,307396
2021-12-20,3269.53564453125,3324.249301485939,3230.172196504431,3316.7155920208156,382144
2021-12-21,3301.41259765625,3334.937695247389,3259.318043876475,3271.4189262196314,222991
2021-12-22,3293.172607421875,3332.347986909332,3281.4954502205187,3316.715448481511,257611
2021-12-23,3347.415283203125,3352.5004447224733,3297.881055454523,3298.9170323876174,163291
2021-12-24,3334.890625,3357.209192725488,3313.890364432256,3352.500624432745,136780
2021-12-27,3308.427978515625,3337.9507900995595,3302.3068404764485,3333.6659474900293,94111
2021-12-28,3343.6953125,3354.3838538581804,3306.450723430097,3325.1907321654226,99497
2021-12-29,3352.1240234375,3361.729456751103,3319.728935709536,3343.6955022838897,163737
2021-12-30,3365.59033203125,3376.9851591952124,3320.529471687711,3361.917740749277,167005
2021-12-31,3395.8193359375,3412.016764325363,3361.023063432952,3376.9850634142745,244207
2022-01-03,3406.696044921875,3414.6534787786186,3373.406377537132,3399.5860613322707,149689
2022-01-04,3426.3779296875,3431.4633212634326,3399.586222750703,3411.8285000071464,317247
2022-01-05,3446.38916015625,3473.9814141717643,3421.2925850866704,3425.954021349113,245395
2022-01-06,3460.891845703125,3472.051014246904,3414.465317867642,3446.3893178877884,340345
2022-01-07,3519.513427734375,3523.8923040260943,3468.1900363475706,3470.2146286307207,241905
2022-01-10,3548.659423828125,3557.793999814836,3510.614056238461,3519.5134337344616,351447
2022-01-11,3525.163818359375,3579.406385647754,3520.2198217885025,3548.6595275093136,206008
2022-01-12,3484.52880859375,3540.607902543537,3475.8650889788405,3531.426194437998,311095
2022-01-13,3530.531494140625,3540.7960806375954,3476.1475325687193,3484.5286918251036,129143
2022-01-14,3495.68798828125,3536.040277788087,3479.9142856011918,3530.531391216304,97013
2022-01-17,3451.521728515625,3496.3945223548626,3430.0508409989925,3481.5154005467725,170221
2022-01-18,3410.79248046875,3479.349278231175,3400.622157264948,3454.2055704696813,168104
2022-01-19,3367.23828125,3416.113357059329,3357.2091229590997,3409.0033731029284,129227
2022-01-20,3395.018798828125,3412.7701927052867,3368.0387953119366,3380.7519293079413,173547
2022-01-21,3407.402587890625,3417.4788780880504,3367.2854939405775,3395.8194638703526,162594
2022-01-24,3318.457763671875,3415.1717103070355,3300.70636926524,3399.586303294584,240598
2022-01-25,3333.007080078125,3357.632799416029,3230.3131632548393,3297.8811158715685,306411
2022-01-27,3290.488525390625,3328.95761840487,3235.3982790888754,3328.95761840487,353612
2022-01-28,3305.085205078125,3385.4605567128465,3290.4886435679587,3290.4886435679587,249034
2022-01-31,3329.240234375,3424.070750713248,3305.4148336093235,3305.4148336093235,462842
2022-02-01,3443.469970703125,3493.7573839417355,3338.4217748076203,3352.500346855142,631482
2022-02-02,3409.9921875,3456.0890237281046,3394.689341005291,3456.0890237281046,209928
2022-02-03,3354.760498046875,3439.1381301146757,3347.7919092436123,3410.8867215978516,203975
2022-02-04,3354.384033203125,3384.236310031945,3333.6663328296077,3374.5837450851923,162672
2022-02-07,3247.59375,3371.1465335528574,3239.4949207339423,3354.336853119129,279194
2022-02-08,3270.9951171875,3286.5805235319176,3219.1537365863546,3240.4365562960825,363856
2022-02-09,3312.336669921875,3334.3255461752356,3270.995301852762,3304.4732688112904,172750
2022-02-10,3328.533935546875,3337.2919182318055,3281.871979497589,3316.7153835840772,172088
2022-02-11,3277.681396484375,3304.802794808634,3229.1360132370646,3295.0559668464534,340217
2022-02-14,3199.94287109375,3253.620547271603,3190.572866585165,3228.1942796084095,209831
2022-02-15,3275.185546875,3286.5803730840057,3201.8261514285446,3225.3689907772837,209065
2022-02-16,3260.212646484375,3294.8677546821496,3234.7863780109265,3277.1634921333407,190567
2022-02-17,3262.190185546875,3279.9884806871596,3230.0776597062754,3279.6118872100137,173362
2022-02-18,3278.71728515625,3291.289254530484,3243.403022768584,3248.9121396652845,121161
2022-02-21,3272.690185546875,3295.9975971265553,3230.0776451840243,3231.1136221073402,138287
2022-02-22,3286.344970703125,3294.1141077497045,3206.534744679172,3206.534744679172,246372
2022-02-23,3306.497802734375,3324.2491970682127,3267.7463778545884,3293.8789317408896,326853
2022-02-24,3245.1455078125,3299.7649040554265,3215.0106685060578,3239.024368578379,529995
2022-02-25,3223.250244140625,3243.261658263184,3155.1171727991286,3234.7862358112766,722637
2022-02-28,3227.676025390625,3239.49457629497,3133.410638020919,3206.5346024082482,426929
2022-03-02,3194.05712890625,3221.555120268892,3175.2228567523102,3221.555120268892,416582
2022-03-03,3170.1845703125,3239.0710580822424,3154.740559240437,3206.5348072279667,429892
2022-03-04,3174.8466796875,3196.976952370994,3084.112469720944,3154.7409995618814,331936
2022-03-07,2969.646484375,3108.172636563896,2955.615044746093,3107.6546481404334,711477
2022-03-08,2932.260986328125,2994.6495179521276,2872.226738916349,2933.438128434238,541966
2022-03-09,2941.77197265625,2985.2319611356993,2913.379171104805,2960.747408773072,483468
2022-03-10,3035.095947265625,3058.685920063497,2961.501117846547,3037.026506220683,490457
2022-03-11,3013.38916015625,3066.7845034944226,3006.703131756733,3060.5691019692845,362091
2022-03-14,3000.15869140625,3027.609553872938,2961.783858025123,3013.3895849993833,335292
2022-03-15,3035.001953125,3059.627673305106,2996.2031665064405,3000.299712880907,258636
2022-03-16,3120.509521484375,3124.935759819064,3043.854117987491,3054.9192540030695,239522
2022-03-17,3160.34375,3166.041163334333,3108.172907862875,3128.372618856827,436218
2022-03-21,3048.8447265625,3154.7403684713186,3041.7347433320474,3154.7403684713186,354460
2022-03-22,2974.308349609375,3060.5694133466945,2949.68262921698,3041.735140033792,583821
2022-03-23,2921.43115234375,2988.857941224022,2911.7785874919414,2982.783704291267,1044283
2022-03-24,2922.938232421875,2947.5639543252496,2900.99625668392,2907.070264217906,459226
2022-03-25,2914.1328125,2940.736222405679,2894.921946514633,2928.7293736871866,339040
2022-03-28,2914.415283203125,2937.1575745848054,2881.6907357385294,2914.1327231421847,310240
2022-03-29,2922.890625,2951.330328836289,2910.0832284818043,2930.612630293086,359318
2022-03-30,2964.890869140625,2975.814838359577,2933.108036610677,2941.5834586186634,450273
2022-03-31,3019.5107421875,3030.905570021626,2963.85559997592,2965.739027392432,413897
2022-04-01,3042.346923828125,3049.1743473696706,3005.6200937425688,3022.900630118837,260712
2022-04-04,3079.4033203125,3085.430195091405,3027.609074863819,3041.7347781680046,275388
2022-04-05,3110.856689453125,3121.7335277780853,3081.192710336262,3088.820682644819,236853
2022-04-06,3091.175048828125,3102.946469425338,3064.9482317733114,3090.7041920042366,245111
2022-04-07,3102.098876953125,3128.37259455789,3075.30694097316,3084.112055140605,302703
2022-04-08,3152.762939453125,3158.790044573228,3095.4126719044225,3095.4126719044225,168952
2022-04-11,3155.352783203125,3173.575034490015,3104.8770689688495,3152.7630706378886,186130
2022-04-12,3149.184814453125,3168.7722751010206,3109.8211365820025,3145.323696394522,238043
2022-04-13,3154.4111328125,3190.525944365396,3145.323687774623,3145.323687774623,205852
2022-04-18,3148.99609375,3171.597220714664,3113.3523710458085,3150.0320707001015,197878
2022-04-19,3077.42578125,3190.525676565921,3056.14319183789,3148.9960148447494,296680
2022-04-20,3111.610107421875,3140.6149329950645,3053.0355660479754,3075.636693002063,235572
2022-04-21,3164.063720703125,3173.5279892267745,3083.5472005736397,3104.830021835251,152205
2022-04-22,3168.01904296875,3180.6379141576595,3131.197946580079,3146.547925352945,148494
2022-04-25,3103.79345703125,3151.9622408803884,2949.493836792272,3088.820304228013,630312
2022-04-26,3176.1171875,3203.709440005374,3108.8789331924945,3115.470927925016,398545
2022-04-27,3143.67578125,3187.418336942135,3119.0969615420054,3154.740917303228,248769
2022-04-28,3162.179931640625,3193.868731487037,3072.905668373567,3079.4034000976303,322548
2022-04-29,3088.114501953125,3174.422466435956,3076.1076528565627,3164.2521428943746,259398
2022-05-02,3080.627685546875,3093.4348523106282,3016.308601939885,3053.0354316231997,215783
2022-05-04,3188.124267578125,3386.4021124407695,3134.164032207012,3145.323430353774,2871830
2022-05-05,3085.995361328125,3224.00353065556,3069.9862306773534,3211.2432658312196,623098
2022-05-06,3115.000244140625,3130.1147931702103,3001.335460351365,3055.860584988326,560373
2022-05-09,3062.499755859375,3143.7225537797376,3037.026357022242,3091.1748889691503,403409
2022-05-10,3057.320556640625,3127.0544997794927,3046.4437177866616,3070.928273169182,285192
2022-05-11,3069.845458984375,3092.399455838629,3008.775234329608,3051.152350306081,269579
2022-05-12,3029.3515625,3051.105009262118,2972.8956468282004,3037.497293381151,310942
2022-05-13,3087.407958984375,3127.4307859652613,3037.0262826672592,3037.0262826672592,326757
2022-05-16,3093.43505859375,3143.393013412386,3063.771078794494,3142.498431432298,270772
2022-05-17,3172.491943359375,3185.7228354693793,3093.9528914197394,3097.296020671348,277190
2022-05-18,3196.505615234375,3232.5730617922613,3154.740525566022,3154.740525566022,435712
2022-05-19,3137.837158203125,3191.0911135491733,3115.2360295606063,3168.8665784198024,394058
2022-05-20,3249.147216796875,3261.907481542144,3156.623859344432,3164.157567839287,525530
2022-05-23,3283.802490234375,3331.7827526890965,3250.0890970091136,3250.0890970091136,524978
2022-05-24,3268.170166015625,3312.9486970877097,3239.495030694065,3310.1235560725695,230532
2022-05-25,3311.535888671875,3319.540454306373,3269.770798367659,3288.1813453091136,286553
2022-05-26,3353.39501953125,3369.3101174200597,3308.710754905626,3343.0833015269595,545260
2022-05-27,3350.240478515625,3374.4896043177664,3305.650246484165,3374.159912585361,165721
2022-05-30,3367.803466796875,3406.7903202434554,3335.1731805368386,3353.8189270222533,213495
2022-05-31,3435.182861328125,3484.3402644827734,3348.0272230546975,3368.132900058565,562987
2022-06-01,3344.3076171875,3455.8535492442147,3327.074211998041,3436.4072549990497,241386
2022-06-02,3368.556884765625,3374.913451954171,3301.412654999315,3361.917757497698,213099
2022-06-03,3324.2490234375,3387.438098255163,3289.4056200756904,3366.626135634295,271462
2022-06-06,3288.416748046875,3328.957564367319,3248.9590403089746,3324.2489963837725,153889
2022-06-07,3186.240966796875,3276.127487682829,3158.507546102564,3263.0377600612355,338018
2022-06-08,3165.5703125,3204.2748339878704,3117.0720613937233,3187.700582422282,320103
2022-06-09,3152.15087890625,3184.9225584938386,3113.305192520446,3165.2406061120346,347351
2022-06-10,3164.958251953125,3175.693695054105,3108.6908642210524,3122.7223049297686,503822
2022-06-13,3163.216064453125,3178.2834824439706,3117.9666788172567,3144.381791964568,463899
2022-06-14,3185.676025390625,3195.234326711438,3135.9535000538535,3163.734051966022,224645
2022-06-15,3188.076904296875,3204.5568911328673,3156.670895901459,3190.525451448149,245702
2022-06-16,3192.785888671875,3231.8670054122003,3175.505581023393,3201.9206950673392,481507
2022-06-17,3137.884033203125,3192.7857531113723,3107.9374942191853,3192.7857531113723,527370
2022-06-20,3236.5537109375,3256.958008549222,3133.429496465161,3161.258194926043,364703
2022-06-21,3285.1220703125,3326.841145497347,3233.1529017425596,3236.5536959541787,223641
2022-06-22,3260.550537109375,3309.645837690022,3243.8342327600913,3268.5495723154504,170854
2022-06-23,3268.0224609375,3302.8922371309013,3247.9533079482517,3271.37531054016,351311
2022-06-24,3323.48828125,3357.5914108399843,3284.834621938294,3284.834621938294,301133
2022-06-27,3313.6689453125,3358.5490876340114,3302.317062020935,3354.7652044955585,419730
2022-06-28,3290.294921875,3324.0149621223445,3245.6063205503815,3309.741496109295,182574
2022-06-29,3261.029052734375,3310.316124836401,3218.7353470079534,3290.2946842867277,374478
2022-06-30,3320.662109375,3336.707889405868,3237.894716676712,3237.894716676712,479308
2022-07-01,3433.6533203125,3448.6452540469645,3268.5493352245117,3268.5493352245117,292487
2022-07-04,3544.871826171875,3557.3252667935053,3424.6961709483835,3424.6961709483835,614359
2022-07-05,3502.865478515625,3557.8521139201816,3483.131471786155,3553.0623291680004,612519
2022-07-06,3669.74169921875,3679.416924531966,3489.1188612332567,3496.6866279350147,1043070
2022-07-07,3650.0556640625,3718.884968153738,3640.0930047998527,3667.059400834919,519620
2022-07-08,3656.473876953125,3689.04441453071,3633.0518753821343,3668.9752624162356,379513
2022-07-11,3635.829833984375,3678.9378981512796,3621.0773900199656,3668.208826733871,208602
2022-07-12,3568.868896484375,3628.5976105410527,3559.9119047505187,3623.9514254195115,283587
2022-07-13,3569.347900390625,3603.9302427881644,3556.032391199455,3574.18563017633,164377
2022-07-14,3615.473388671875,3629.699143950437,3556.94235515349,3569.3478517707385,265732
2022-07-15,3687.080810546875,3700.396553919448,3620.2155952975813,3625.8674483640884,660790
2022-07-18,3616.23974609375,3716.8731761564254,3600.960378652578,3697.714036073145,455399
2022-07-19,3628.21435546875,3637.45878125876,3584.9626885309676,3616.239892432129,228968
2022-07-20,3667.346923828125,3687.1765874608923,3634.34535110791,3645.026478381059,440495
2022-07-21,3693.403076171875,3703.222135056783,3660.353560900722,3682.3865710814907,282104
2022-07-22,3708.6826171875,3763.813089852542,3682.051365551502,3697.714056205348,433423
2022-07-25,3722.52490234375,3750.4015437674493,3688.1343406142223,3708.6824708795443,290157
2022-07-26,3647.0859375,3736.0323394394513,3635.9258318826764,3736.0323394394513,267527
2022-07-27,3692.4931640625,3701.4499215968654,3622.1789806425336,3640.236563461772,200264
2022-07-28,3706.6708984375,3718.78896056738,3675.106029149333,3701.0667566079524,316008
2022-07-29,3736.415283203125,3783.3074641232147,3713.903294342057,3719.746925426692,418970
2022-08-01,3693.546875,3751.3596744631172,3676.8305718469046,3736.4154514637958,323129
2022-08-02,3628.884765625,3744.6539642086477,3600.0983444823187,3712.0834257632414,355859
2022-08-03,3611.497802734375,3633.8661916943697,3569.3956403769453,3621.077372502901,428088
2022-08-04,3616.33544921875,3632.572772828382,3569.347613807635,3604.5525318987325,506667
2022-08-05,3533.041259765625,3674.6271154418528,3524.1801576297044,3587.548918813398,798850
2022-08-08,3478.72509765625,3546.2610689015205,3460.907237057704,3533.0414488651327,310094
2022-08-10,3494.3876953125,3520.300479297862,3471.6841608722266,3486.9635284593246,191222
2022-08-11,3487.2509765625,3527.964149794365,3479.491431172525,3511.870425129818,167070
2022-08-12,3505.883056640625,3513.115678612982,3455.9734044451557,3496.542976088061,228587
2022-08-16,3535.29248046875,3567.38404102713,3520.492091105877,3523.4139068274826,239514
2022-08-17,3549.42236328125,3558.7624443829586,3526.3834497884563,3537.7353342164092,353941
2022-08-18,3537.783203125,3570.2578524023234,3526.2877189381634,3555.936441794801,232262
2022-08-19,3508.5654296875,3553.4935190856645,3489.3104005875903,3537.783117959011,177955
2022-08-22,3521.880859375,3576.0533728620967,3482.2215343247644,3508.565351028142,366371
2022-08-23,3524.036376953125,3549.1827482589856,3485.0475737417587,3496.543057767295,189150
2022-08-24,3505.308349609375,3532.9455032927276,3483.562771947325,3522.4079760323643,187721
2022-08-25,3493.285888671875,3523.5571878036826,3486.9632792853254,3522.8387200950388,208578
2022-08-26,3496.686767578125,3513.7863941536007,3474.606045086621,3510.7689230526244,220796
2022-08-29,3551.76904296875,3573.1794746582727,3434.515204160475,3465.888294722153,525684
2022-08-30,3590.183349609375,3607.809664872925,3560.726171835914,3560.726171835914,467342
2022-09-01,3561.82763671875,3587.931964314419,3517.7139050754813,3573.179520434692,314888
2022-09-02,3548.511962890625,3600.864215637497,3544.440645932459,3579.6455631589506,202152
2022-09-05,3508.61328125,3558.8101327755417,3504.302474898051,3526.23959589415,234232
2022-09-06,3457.075439453125,3537.352286800973,3443.855585423679,3517.618278073922,390746
2022-09-07,3513.690185546875,3520.3002287941,3437.1495191802724,3448.6450025220124,287734
2022-09-08,3518.240478515625,3531.9872542190897,3480.161689973393,3528.155426441255,384831
2022-09-09,3496.064208984375,3544.4410393868166,3488.735931196675,3530.550662340571,134487
2022-09-12,3496.064208984375,3496.064208984375,3496.064208984375,3496.064208984375,0
2022-09-13,3599.715087890625,3606.7082209907667,3510.9125179100024,3510.9125179100024,398871
2022-09-14,3589.464599609375,3603.5465196380464,3552.104279517364,3552.104279517364,389253
2022-09-15,3565.0849609375,3629.6991145519437,3556.942326344285,3606.708146288748,311462
2022-09-16,3486.5322265625,3584.100000542482,3468.8579678007723,3547.8414707015786,559137
2022-09-19,3441.317138671875,3489.0232131676253,3414.2548517219175,3482.173913737865,211795
2022-09-20,3497.117919921875,3510.912407179952,3450.5611161424795,3458.5601506479343,346604
2022-09-21,3607.330810546875,3629.6992008351604,3484.089731706909,3492.7113450105553,773841
2022-09-22,3665.095458984375,3674.196050289728,3593.2966301452784,3605.75007087892,687172
2022-09-23,3637.075439453125,3681.23735245607,3623.32889628336,3665.0956828150393,326581
2022-09-26,3628.26220703125,3666.9158662724885,3616.766722810953,3637.075364824899,626882
2022-09-27,3663.37109375,3726.261109851072,3640.2365262193816,3646.4153019689056,584760
2022-09-28,3691.199951171875,3705.3777618757035,3636.0217670188,3657.384021512914,364917
2022-09-29,3702.02490234375,3710.1675370105686,3649.816244774146,3708.6826568549036,450207
2022-09-30,3681.476806640625,3724.2015498032624,3659.443794976217,3707.2937017938925,309896
2022-10-03,3610.491943359375,3715.148744304521,3595.97898854081,3699.629887873253,251830
2022-10-04,3657.62353515625,3665.7661698992556,3616.814706064099,3646.9424078379748,153835
2022-10-06,3609.15087890625,3685.8830929364526,3602.5887800207056,3675.92043386145,308216
2022-10-07,3626.48974609375,3635.4467374030555,3575.3349369361144,3617.2455547915515,318472
2022-10-10,3638.177001953125,3651.731999639496,3560.7260867418695,3592.338667011571,185199
2022-10-11,3571.167724609375,3660.066178939873,3561.6840440779965,3656.3781849004326,202644
2022-10-12,3604.7919921875,3615.7126078347146,3569.682963624331,3589.0336471818528,271156
2022-10-13,3625.484375,3634.4890777940673,3591.285120930839,3612.9350439905966,156770
2022-10-14,3636.644287109375,3654.5100917359264,3610.7794479254558,3640.332515136089,350141
2022-10-17,3618.874267578125,3642.0567811987157,3594.781741543688,3642.0567811987157,93315
2022-10-18,3608.48046875,3644.97849062746,3590.9977532589687,3636.979689892914,189866
2022-10-19,3610.06103515625,3630.1781326057076,3584.6751740890772,3611.497970688354,182278
2022-10-20,3630.800537109375,3643.014488546894,3590.087365650978,3604.7920987752614,230082
2022-10-21,3633.243408203125,3654.17486186416,3603.4510863120104,3633.530842073708,404955
2022-10-24,3633.243408203125,3633.243408203125,3633.243408203125,3633.243408203125,0
2022-10-25,3556.990234375,3644.9304999759947,3534.8613340988522,3644.0684322254833,228569
2022-10-27,3597.416015625,3611.402047681021,3545.6863369527537,3557.8523442356113,317971
2022-10-28,3618.874267578125,3632.57310004182,3575.095677572804,3608.6241740130636,215005
2022-10-31,3608.193115234375,3640.236731264603,3582.1367306700427,3628.7412468500834,198318
2022-11-01,3628.7412109375,3648.4752192042824,3597.176573736929,3621.0775547369985,338873
2022-11-02,3567.384033203125,3634.872059155622,3558.1398414190144,3628.7412277173617,185469
2022-11-03,3596.218505859375,3602.4452263303456,3549.661702325938,3551.14658244426,140994
2022-11-04,3644.260009765625,3654.5580476205787,3588.6505585736313,3590.470817217915,258490
2022-11-07,3965.223388671875,4013.839704906724,3764.8188372928253,3764.8188372928253,3142443
2022-11-09,3999.805908203125,4058.8638645103324,3965.9420342395033,3965.9420342395033,1198458
2022-11-10,3960.81689453125,4013.5045305692447,3935.574633533466,3978.012410120994,417581
2022-11-11,3926.33056640625,4001.3865947664026,3913.2545462343196,3980.6469182003784,344558
2022-11-14,3931.407958984375,3978.874542944643,3903.291826470256,3927.623841596975,336120
2022-11-15,3965.319580078125,3978.970467942891,3911.578096407396,3951.093824436982,325881
2022-11-16,3957.799560546875,3970.7319807495574,3921.6366818319666,3953.249264549635,149924
2022-11-17,3951.764404296875,3975.521550800683,3932.557085791542,3946.782840794895,238478
2022-11-18,3933.419189453125,3964.026102989705,3890.359302552783,3964.026102989705,281217
2022-11-21,3946.83056640625,3974.563608767244,3922.9298198128995,3944.8669416494367,288522
2022-11-22,3982.80224609375,3989.1725668001404,3934.904394538246,3960.146655858488,319387
2022-11-23,3980.455322265625,4017.719759640665,3965.463387307519,3985.1015077181496,247440
2022-11-24,4014.989501953125,4032.5676384229514,3980.454871998262,3996.596540743266,231515
2022-11-25,4007.8046875,4034.9146821427744,3973.8926371945863,4034.9146821427744,244021
2022-11-28,4035.92041015625,4051.487210860118,3986.058937156524,3993.578992893185,222792
2022-11-29,4105.1806640625,4121.130552776954,4047.3678720322246,4047.3678720322246,598884
2022-11-30,4178.8955078125,4203.419299822464,4109.683116652447,4117.251350925869,1101544
2022-12-01,4216.2080078125,4225.069109561382,4153.078738633112,4181.050800799755,501703
2022-12-02,4246.52783203125,4257.208959886659,4196.139196243032,4215.01113775625,530333
2022-12-05,4218.22021484375,4241.498383755217,4186.2722540909845,4236.900377075964,212913
2022-12-06,4238.3369140625,4264.488951627299,4197.8150545333265,4213.956722648577,349352
2022-12-07,4208.83203125,4248.539538274659,4199.0611499419765,4238.337389190964,252294
2022-12-08,4210.12548828125,4255.867938970109,4199.875628150105,4208.8321526693935,282421
2022-12-09,4224.87744140625,4240.3006421873015,4199.875138669199,4216.926585649227,233437
2022-12-12,4246.1923828125,4252.419103707794,4199.683754610943,4233.259962491504,233360
2022-12-13,4240.4443359375,4264.824528485455,4224.590334820497,4264.824528485455,158169
2022-12-14,4224.302734375,4259.076382788034,4205.526685560768,4253.328641380763,195654
2022-12-15,4277.70947265625,4296.437345780462,4226.506481512463,4242.1209942411815,370501
2022-12-16,4257.83154296875,4288.916966076356,4231.008747737508,4272.009119061435,346508
2022-12-19,4336.1923828125,4346.250931364258,4237.5228113047815,4267.6984569600545,330662
2022-12-20,4319.4755859375,4343.329088126184,4279.241394152619,4338.587014136285,206833
2022-12-21,4233.06787109375,4339.544685216974,4220.901631564042,4319.475301392998,303234
2022-12-22,4206.8203125,4259.412056471155,4192.977647217104,4257.160764046793,243325
2022-12-23,4149.7734375,4214.004728852732,4142.301560716244,4191.205073783833,224215
2022-12-26,4191.3974609375,4214.915119350439,4132.434924017913,4134.063638099496,166686
2022-12-27,4185.5537109375,4215.010889311667,4167.113038296761,4196.522505920893,138087
2022-12-28,4201.5517578125,4222.147833638785,4178.608500198054,4178.608500198054,159245
2022-12-29,4165.484375,4205.191881076004,4115.910098595721,4191.062014854495,244626
2022-12-30,4126.35205078125,4191.014148030997,4117.825859312295,4172.094497354219,117753
2023-01-02,4111.69482421875,4195.803724974376,4095.3618453427666,4195.803724974376,255314
2023-01-03,4063.510009765625,4115.047909464599,4029.4543576320348,4076.2029400648694,496975
2023-01-04,4056.94775390625,4096.223989540289,4039.0819500280804,4076.0591824925637,216319
2023-01-05,4131.85986328125,4202.556894974254,4056.9474470517353,4056.9474470517353,686633
2023-01-06,4175.7822265625,4185.314085705766,4128.794623344439,4131.8602728107735,297438
2023-01-09,4180.8115234375,4203.419402055171,4153.893306097593,4195.851635350118,170110
2023-01-10,4144.93603515625,4179.566084617209,4135.787265825435,4176.692213827877,235445
2023-01-11,4132.91357421875,4175.399059446803,4117.299062687379,4144.12185788404,224668
2023-01-12,4118.4970703125,4158.3958900558355,4103.888224508635,4137.703923104454,248083
2023-01-13,4153.79736328125,4186.942768409579,4107.192849656532,4123.046850607967,183772
2023-01-16,4128.4111328125,4163.711937982805,4119.214653059842,4153.796990558101,84814
2023-01-17,4178.65625,4189.098355764966,4111.3120583047275,4127.836816970949,169798
2023-01-18,4208.9755859375,4236.0855801841635,4172.429154547867,4176.692250023282,192855
2023-01-19,4188.5712890625,4214.963286297773,4173.914733378292,4195.660077643408,139431
2023-01-20,4137.36865234375,4178.608514891111,4131.525020980138,4178.608514891111,154486
2023-01-23,4155.4736328125,4174.249682509354,4137.559650816782,4147.953577234006,119143
2023-01-24,4211.22607421875,4223.584091934946,4141.439291055028,4167.878526232555,135586
2023-01-25,4203.65869140625,4257.1606805482315,4176.6922968475,4199.6832636191375,288089
2023-01-27,4196.23486328125,4252.371238557232,4170.753112838301,4248.539410453102,340484
2023-01-30,4221.47705078125,4232.254067135998,4138.374280223521,4211.657991435812,218721
2023-01-31,4136.0751953125,4232.253983598428,4084.728607076436,4232.253983598428,605699
2023-02-01,4187.1826171875,4257.640172163831,4144.936617102541,4147.858199047587,622541
2023-02-02,4380.78515625,4402.770456925051,4186.2721707490155,4328.960055752299,1669243
2023-02-03,4434.23876953125,4463.839543385811,4377.9588031867215,4397.022051427839,517467
2023-02-06,4431.173828125,4440.4180198845015,4406.602323934421,4411.392109069133,315190
2023-02-07,4413.16455078125,4467.911702904207,4403.44138022701,4443.962776537868,327040
2023-02-08,4401.62060546875,4445.159937912786,4385.527115083181,4411.3442431521535,252710
2023-02-09,4442.38232421875,4460.3440193301885,4382.797207201414,4401.669148632823,284415
2023-02-10,4428.34765625,4472.89265318154,4403.775686966485,4464.079262386596,207919
2023-02-13,4395.10693359375,4441.088871870232,4386.485320166909,4406.60241816287,185536
2023-02-14,4406.45849609375,4429.593063547736,4388.40091351907,4397.309726308018,245495
2023-02-15,4395.53759765625,4406.458212946518,4339.736607307691,4406.458212946518,197822
2023-02-16,4379.779296875,4423.749428549047,4374.989511992153,4403.728221289233,160313
2023-02-17,4342.658203125,4395.106344441074,4324.983710868211,4377.863119898803,203456
2023-02-20,4266.548828125,4353.914696259843,4257.161036342958,4344.574615228263,308681
2023-02-21,4314.015625,4337.485570822669,4263.483394708337,4267.650601088561,229380
2023-02-22,4295.9580078125,4349.986687066257,4289.444087554093,4315.596125587092,262918
2023-02-23,4264.34521484375,4306.974297638436,4238.767578065977,4301.226556138029,210031
2023-02-24,4255.771484375,4306.543203002416,4233.83436365062,4272.488020344806,234456
2023-02-27,4203.7548828125,4282.067869007435,4191.061952328306,4242.360363523824,162723
2023-02-28,4274.1640625,4287.096480238275,4195.8510884182215,4205.43065711324,349283
2023-03-01,4195.65966796875,4267.2669500744305,4172.046122671006,4252.370906583514,331092
2023-03-02,4209.455078125,4219.800827217872,4160.455200560438,4205.431471393067,147032
2023-03-03,4226.458984375,4257.879789930446,4196.235157433546,4215.011210010454,212204
2023-03-06,4138.23095703125,4204.473595105625,4099.960384848357,4204.473595105625,681562
2023-03-08,4157.19775390625,4186.271840675152,4124.723107090855,4138.23039353688,228626
2023-03-09,4111.26416015625,4167.1128650163,4095.457869978602,4157.197916718016,242653
2023-03-10,4129.75244140625,4178.368756971401,4102.690157372446,4126.30370281075,367075
2023-03-13,4126.49609375,4163.329263559939,4109.6359552548665,4127.83714013828,282671
2023-03-14,4112.46142578125,4161.269051140998,4097.181825512895,4133.584189171883,197998
2023-03-15,4064.707275390625,4141.870521509996,4059.43851210432,4133.584287346564,195193
2023-03-16,4129.9443359375,4138.374170294534,4071.317181424021,4084.6808684499038,260044
2023-03-17,4179.13525390625,4186.272220880358,4124.579881702086,4144.074400812055,294948
2023-03-20,4149.72607421875,4183.015079569402,4083.2916635152346,4181.099165592386,176552
2023-03-21,4085.3994140625,4201.599411319258,4080.8968290515368,4171.90274425339,231876
2023-03-22,4066.0009765625,4099.098205446128,4052.1583101278625,4099.098205446128,146015
2023-03-23,4064.32470703125,4076.5863706043815,4020.3063919243186,4071.3176066428437,197372
2023-03-24,4023.3720703125,4063.6539788767022,4013.6966101456296,4063.6539788767022,198393
2023-03-27,4037.596923828125,4066.814611946977,4022.2696120280716,4046.458025962531,283791
2023-03-28,4023.419189453125,4051.6789194742837,3978.3952128092446,4051.6789194742837,224554
2023-03-29,4096.416015625,4117.251580909691,4022.4138354759234,4028.2092883736723,316461
2023-03-31,4140.43359375,4151.593698817576,4078.0705019131856,4097.613198158767,244995
2023-04-03,4142.25341796875,4163.280759388296,4102.306895199461,4161.364845555167,365323
2023-04-05,4145.60693359375,4175.63898130625,4114.425618048066,4151.785943799841,390846
2023-04-06,4119.0234375,4145.84623425539,4108.00693168975,4145.84623425539,208718
2023-04-10,4087.027587890625,4119.023257644126,4064.6114879886177,4119.023257644126,253654
2023-04-11,4097.517578125,4124.292196346394,4079.2205053805283,4087.02776159082,248398
2023-04-12,4091.7216796875,4118.065498041791,4083.770823430642,4097.5176003769175,325329
2023-04-13,4154.95947265625,4238.56124905274,4114.376086056012,4130.40485855967,454438
2023-04-17,4227.453125,4292.1519836973985,4150.574493363619,4168.405490637337,631457
2023-04-18,4191.64453125,4262.822932955365,4180.098011518255,4239.486773809031,190132
2023-04-19,4183.849609375,4215.175890754912,4161.0491691980715,4215.175890754912,347248
2023-04-20,4147.35888671875,4207.868095860244,4137.517534700039,4184.970121968217,164008
2023-04-21,4216.92919921875,4223.944938213995,4139.465849140777,4149.891924302977,273401
2023-04-24,4200.56005859375,4228.281411896668,4186.918713007966,4216.929482987739,182843
2023-04-25,4289.76416015625,4297.997876208545,4200.559701730908,4202.508465220461,353719
2023-04-26,4292.15185546875,4309.544665860481,4258.827807394303,4287.279946438706,306037
2023-04-27,4302.72412109375,4315.878275865805,4284.356928350145,4294.100746699815,179769
2023-04-28,4436.896484375,4447.907285243773,4295.708643048779,4302.821916340445,482939
2023-05-02,4395.48486328125,4487.759010778655,4384.718134615197,4448.296547567117,261449
2023-05-03,4411.1240234375,4431.488508279296,4329.519546179718,4374.974362835101,525015
2023-05-04,4469.5380859375,4478.258993825816,4394.46215451576,4411.075174790949,244670
2023-05-05,4507.490234375,4518.159905459218,4466.955856092554,4476.943269603654,332347
2023-05-08,4480.59765625,4579.594952940386,4456.3841707592255,4521.13203864753,831450
2023-05-09,4477.4306640625,4514.55470771184,4465.1533575947615,4505.541675596945,367650
2023-05-10,4486.9794921875,4548.21900540627,4469.00195834179,4511.09544083439,368807
2023-05-11,4516.40625,4532.824680465284,4487.028730340205,4492.095706620458,282060
2023-05-12,4498.2333984375,4555.234731440553,4483.958800797187,4515.28507925038,311033
2023-05-15,4512.21630859375,4559.132699759732,4503.057214310797,4528.780800129531,276965
2023-05-16,4488.87939453125,4540.8142296485,4448.052892490681,4513.336472730961,263119
2023-05-17,4513.2392578125,4520.352530878575,4466.2253329046525,4491.900390159065,268353
2023-05-18,4447.419921875,4536.234732940592,4441.23250193174,4530.875632729836,155214
2023-05-19,4384.572265625,4475.433373194447,4369.2742802614575,4470.463930601855,367664
2023-05-22,4383.6953125,4423.937091660923,4370.102495699409,4384.718223109775,172174
2023-05-23,4405.8134765625,4464.178852628895,4371.0768597132355,4372.051241536622,297514
2023-05-24,4404.0107421875,4452.827366329556,4386.03368314352,4421.939748221994,302733
2023-05-25,4446.396484375,4584.905244303128,4417.116500232514,4462.668851500561,861989
2023-05-26,4478.4541015625,4505.736793681011,4446.250495580608,4464.6176888220125,231911
2023-05-29,4458.04052734375,4506.613557373498,4449.027495295681,4493.313340370554,194968
2023-05-30,4456.09130859375,4505.053991206079,4446.103895722578,4465.591530593157,199772
2023-05-31,4537.74462890625,4563.322151480497,4448.296568841258,4453.899264262283,1536463
2023-06-01,4516.50341796875,4535.747459283648,4470.025213952422,4535.747459283648,188427
2023-06-02,4534.91943359375,4597.816070825125,4516.601244146913,4518.208879130572,359550
2023-06-05,4562.640625,4591.774547665189,4537.744882837816,4540.521966312898,349558
2023-06-06,4584.85595703125,4596.8411384529,4553.334611124833,4562.6402426371205,185910
2023-06-07,4767.79638671875,4782.217523358154,4594.2103577516045,4594.2103577516045,1390193
2023-06-08,4750.16015625,4788.843306889293,4732.085562827784,4776.3224046757505,381452
2023-06-09,4753.76513671875,4852.421292515372,4712.207848715434,4761.121528891432,820375
2023-06-12,4774.71484375,4784.215067152186,4740.3678822190195,4773.496866390746,233763
2023-06-13,4813.5439453125,4824.797865541654,4766.9682067129825,4779.294517920259,326814
2023-06-14,4815.0537109375,4849.498202608389,4795.907203785109,4820.266748704782,234174
2023-06-15,4847.98828125,4891.2992682628965,4788.404451544869,4823.190073291499,452909
2023-06-16,4915.4638671875,4929.007678530665,4842.677359225811,4847.987930139937,407485
2023-06-19,4892.419921875,4934.6594712996375,4874.150261723547,4920.628467457802,197576
2023-06-20,4926.9130859375,4932.807905570025,4879.752625787835,4892.419589298434,251372
2023-06-21,4939.67724609375,4954.975231227001,4916.3896153691985,4940.700632484918,272200
2023-06-22,4859.291015625,4941.9674141699625,4847.549904156057,4935.244274281494,145196
2023-06-23,4843.45703125,4859.193678490616,4818.6102944772965,4844.675008542779,191942
2023-06-26,4880.8740234375,4893.345921498742,4825.431312486379,4851.398970843845,179192
2023-06-27,4827.33154296875,4908.740960655958,4822.362100108935,4872.445234768974,175475
2023-06-28,4864.26025390625,4891.348354780655,4832.836439265823,4861.1910462353835,253814
2023-06-30,4895.830078125,4903.4305419315215,4828.110540324369,4862.360442578133,196106
2023-07-03,4879.99609375,4919.263965070406,4862.262630761868,4906.012277666428,139105
2023-07-04,4881.79931640625,4896.1714492407,4845.16246229751,4879.996614760668,121493
2023-07-05,4965.54736328125,4984.35274238319,4833.42109133315,4896.0736529993455,186513
2023-07-06,5041.01318359375,5135.333635015533,4989.80960612264,5065.8113927419645,966410
2023-07-07,4925.01318359375,5056.60326540752,4913.710258697518,5041.013155418896,224712
2023-07-10,4902.943359375,4968.811666948628,4863.626956955542,4943.039076957921,308544
2023-07-11,4953.65966796875,5025.082141248013,4920.628219235683,4920.628219235683,385742
2023-07-12,4943.916015625,4983.817143030947,4913.174458304896,4953.659834207903,180640
2023-07-13,4959.9443359375,5016.117349799334,4941.528615646902,4959.505673832249,232034
2023-07-14,5001.697265625,5018.066690929167,4954.829401959122,4986.8864707136845,220335
2023-07-17,5011.6845703125,5065.811292350158,4989.90704057752,5018.018052405263,272290
2023-07-18,4934.416015625,5028.346335856938,4922.577370665945,5018.066797096124,189358
2023-07-19,4936.12109375,5012.22041408726,4920.726050283189,4951.760208460352,353528
2023-07-20,4923.11279296875,4963.501110689973,4887.54785568171,4940.11594644644,327126
2023-07-21,4917.705078125,4978.068222582919,4871.909132281553,4931.882143390989,438176
2023-07-24,4841.60595703125,4918.679657757967,4817.539010413344,4917.7052758923255,224646
2023-07-25,4760.43994140625,4878.729799857261,4750.111398902366,4878.729799857261,396810
2023-07-26,4855.92919921875,4866.988527724841,4754.983150299719,4774.4707861616025,231869
2023-07-27,4748.55224609375,4887.499188185065,4641.759903924706,4837.80571557792,558492
2023-07-28,4777.7353515625,4832.349264085622,4726.726366430158,4778.368604612141,357681
2023-07-31,4671.13818359375,4784.604667562201,4643.173233450567,4779.440633929649,800189
2023-08-01,4693.9384765625,4719.418466656929,4628.411297480704,4701.489935861889,413904
2023-08-02,4686.24072265625,4715.033514441071,4647.80117046578,4715.033514441071,395487
2023-08-03,4676.009765625,4695.156272988777,4647.801221987638,4686.72796550799,239070
2023-08-04,4675.5712890625,4708.213080910701,4644.537132106077,4667.289043369673,401478
2023-08-07,4540.37548828125,4691.648259257303,4499.890115729933,4629.287825489397,1079453
2023-08-08,4487.36962890625,4557.62265671156,4478.307592074536,4514.067596922821,533341
2023-08-09,4483.033203125,4514.652083370519,4457.796809239191,4501.546457633316,912658
2023-08-10,4424.13232421875,4500.328700511692,4415.21634954622,4483.130955768471,587011
2023-08-11,4394.75439453125,4444.155746060395,4374.633503902755,4423.693726620082,1112908
2023-08-14,4384.328125,4409.077325773634,4340.870604711942,4403.913292916465,557851
2023-08-16,4383.25634765625,4396.946221076238,4308.131418800704,4373.610063386067,518358
2023-08-17,4386.27734375,4409.07778343139,4357.727670650211,4383.256664920687,394002
2023-08-18,4418.8701171875,4438.114158283641,4346.717333158767,4383.7438426095705,423415
2023-08-21,4394.94921875,4443.181119055537,4383.256636857748,4439.235062975852,244783
2023-08-22,4396.0693359375,4409.028898701564,4374.974066162698,4408.882360820903,217446
2023-08-23,4396.84912109375,4438.308874275577,4369.810027512817,4438.308874275577,346764
2023-08-24,4426.421875,4442.694242928639,4399.772910833609,4422.037156479729,357303
2023-08-25,4409.85693359375,4443.229510042923,4390.759431046564,4428.175596786931,333873
2023-08-28,4395.38818359375,4409.857374064016,4370.687507490738,4409.07805885981,343698
2023-08-29,4414.6806640625,4423.693696373393,4371.174608656832,4395.388093316791,340257
2023-08-30,4434.216796875,4441.7682563218395,4396.118846606282,4436.312098500749,367571
2023-08-31,4353.29443359375,4457.796885163988,4328.2041013985645,4447.955533498002,874564
2023-09-01,4369.46923828125,4376.874635316212,4312.613963557506,4360.358673050123,383124
2023-09-04,4391.73388671875,4395.436347289808,4335.755461394994,4369.469167193722,394391
2023-09-05,4399.28564453125,4422.719338357008,4370.102717015021,4391.734184986798,453349
2023-09-06,4452.0966796875,4472.41263616311,4387.689945044923,4404.205907507027,300673
2023-09-07,4414.6318359375,4472.80214425518,4405.180142116382,4472.412486687501,479124
2023-09-08,4424.1806640625,4432.073251977443,4398.164479098673,4424.375730735906,278293
2023-09-11,4451.51171875,4456.822289793392,4423.6933090647135,4424.570157517766,302448
2023-09-12,4450.14794921875,4457.212217596558,4393.390206734982,4451.511988647574,321129
2023-09-13,4490.19482421875,4511.826289978818,4432.560237259069,4450.147638026382,435792
2023-09-14,4457.16357421875,4513.288062214634,4436.019298412256,4500.66962733457,473085
2023-09-15,4416.72705078125,4471.682094291704,4402.8421088313335,4465.5922074715645,408326
2023-09-18,4478.4541015625,4485.079707910895,4404.206013416739,4423.693650644246,304844
2023-09-20,4411.416015625,4479.233083282509,4392.220979848331,4478.453768160382,357295
2023-09-21,4441.76806640625,4448.735277054644,4363.281800917103,4404.205837459873,367638
2023-09-22,4447.7119140625,4454.8737156496145,4394.46204234028,4441.768089759848,210753
2023-09-25,4452.9736328125,4467.540831940981,4394.997912092655,4456.871160255851,498354
2023-09-26,4482.302734375,4490.92610921413,4432.901858255203,4453.168811159878,330231
2023-09-27,4508.80615234375,4515.334225570088,4451.950873674515,4483.326160970198,358156
2023-09-28,4408.63916015625,4515.577567006336,4389.638714292226,4508.805898687459,390490
2023-09-29,4420.916015625,4443.619395625976,4386.227930533293,4438.308824835078,230125
2023-10-03,4380.28515625,4436.604237878532,4371.66178156876,4408.8828834411715,543482
2023-10-04,4416.3857421875,4423.693606074186,4352.320135447549,4374.974513496277,318564
2023-10-05,4417.74951171875,4431.683456808158,4384.718064123492,4423.936931252596,302015
2023-10-06,4422.18310546875,4432.901304868712,4399.33366280262,4417.700854201569,238131
2023-10-09,4406.64208984375,4418.82186344752,4378.385015083005,4395.436698128282,255764
2023-10-10,4413.9013671875,4425.593949693387,4387.6415853340695,4406.349907652449,222750
2023-10-11,4438.2607421875,4451.902087916059,4404.8391596891015,4406.154670324546,368192
2023-10-12,4443.91162109375,4473.971393606273,4414.923763673909,4464.617233536494,518582
2023-10-13,4457.50439453125,4464.617191017256,4399.333613584224,4433.436974929838,445822
2023-10-16,4468.56396484375,4473.826007771912,4438.309596868901,4443.13297762891,292118
2023-10-17,4482.49755859375,4491.802714785792,4445.324986835881,4468.710150817435,196669
2023-10-18,4489.6591796875,4504.567030817341,4468.758499910455,4487.028158536417,217179
2023-10-19,4484.5439453125,4497.746629098928,4444.837884841143,4482.20504824965,228881
2023-10-20,4462.6689453125,4489.9516375545845,4441.963330664489,4485.079728225641,351045
2023-10-23,4414.53466796875,4482.156675704241,4400.649726092927,4455.556240524785,203004
2023-10-25,4417.603515625,4468.125307451137,4355.486675454921,4355.486675454921,330082
2023-10-26,4392.318359375,4408.882850999435,4362.063992922857,4401.867587068992,488909
2023-10-27,4398.65185546875,4427.591187119577,4375.94894836136,4396.410967491974,382794
2023-10-30,4347.3017578125,4393.195233886638,4327.22939839168,4384.717922261328,450526
2023-10-31,4313.10107421875,4364.986905508064,4289.131186581326,4345.840398130425,504625
2023-11-01,4284.64892578125,4341.845328109957,4236.319968815154,4328.788707062305,395359
2023-11-02,4411.27001953125,4451.755393154387,4340.1401478816215,4396.5082303639165,822845
2023-11-03,4423.2548828125,4465.007239729322,4408.249497660323,4412.000962891462,335012
2023-11-06,4505.15185546875,4509.585102418524,4429.588260244022,4438.211634462165,205763
2023-11-07,4535.9423828125,4550.363043261642,4473.240818314582,4491.997668118177,282612
2023-11-08,4550.9482421875,4566.440819395844,4531.363070649819,4551.289371010347,385727
2023-11-09,4532.921875,4565.466133459341,4511.875131999462,4550.947939127414,208210
2023-11-10,4562.00732421875,4565.807318305346,4502.6185597447975,4538.134968729949,142336
2023-11-13,4576.0380859375,4582.663691903815,4525.029103281565,4542.860100007513,260394
2023-11-15,4590.11767578125,4603.954087899336,4547.829600054279,4602.005324264246,269650
2023-11-16,4581.64111328125,4607.851890585375,4559.717521076096,4589.338634945468,178375
2023-11-17,4597.42578125,4624.026691731678,4569.948498013278,4582.517928966319,138652
2023-11-20,4591.287109375,4618.034080488775,4570.727557937034,4571.068686726542,126069
2023-11-21,4579.35107421875,4608.826125018286,4545.491305118457,4608.826125018286,129602
2023-11-22,4573.943359375,4592.115485281212,4543.298860628589,4589.240868584647,72533
2023-11-23,4585.24560546875,4590.264052270547,4559.08383520546,4578.6199996513615,109775
2023-11-24,4525.17529296875,4594.21034096681,4521.6188944340365,4585.245837797435,123628
2023-11-28,4592.7001953125,4601.9078180792,4507.490314556519,4513.580200952104,182790
2023-11-29,4680.58935546875,4708.310709865481,4580.958809669987,4595.136351283762,363702
2023-11-30,4728.333984375,4751.037366920034,4674.596920557358,4691.648602914785,961054
2023-12-01,4843.408203125,4856.318761630539,4735.5439504339365,4748.162384716215,485597
2023-12-04,4811.25390625,4866.988737526498,4789.086719501544,4862.165357133816,310152
2023-12-05,4821.63134765625,4847.550001613329,4806.625961398704,4811.254275470596,280497
2023-12-06,4874.978515625,4894.027966482386,4825.431102809021,4826.113360421086,295686
2023-12-07,4887.49951171875,4896.26894864169,4836.003334189003,4874.978609402072,268095
2023-12-08,4815.59033203125,4930.372327529193,4804.677064633686,4895.294579744401,282713
2023-12-11,4817.48974609375,4847.062329275869,4774.519412981478,4832.8362596501065,147976
2023-12-12,4777.44287109375,4844.090972089792,4750.11164975642,4840.729164305619,184238
2023-12-13,4793.2763671875,4801.753679454906,4735.495714722168,4784.214806437416,153558
2023-12-14,4819.92578125,4837.805782973976,4771.547818574736,4805.8462492785875,174503
2023-12-15,4788.0146484375,4842.531500645136,4755.470391359332,4811.49734505325,216579
2023-12-18,4754.49609375,4799.317657498847,4713.13339515543,4787.966204443016,223278
2023-12-19,4785.4326171875,4801.2177926628365,4734.229043885714,4766.042514514122,200718
2023-12-20,4828.01318359375,4922.528216106414,4790.060823012971,4793.958350126895,457942
2023-12-21,4929.982421875,4982.306440891154,4752.595923552953,4803.702441049131,796081
2023-12-22,5028.8818359375,5050.902959039829,4920.676455181623,4944.987470592292,582688
2023-12-26,5101.81494140625,5110.145716083947,5014.16910191019,5022.938538738249,574310
2023-12-27,5083.1552734375,5110.633033152546,5027.810572176766,5107.709887471048,241944
2023-12-28,5146.68505859375,5201.883696602718,5053.875185092982,5091.096762989651,655367
2023-12-29,5201.68896484375,5248.069160173514,5104.445370985826,5125.784238294669,535691
2024-01-01,5183.51611328125,5212.845100638074,5154.479725928068,5202.224434164453,130032
2024-01-02,5153.359375,5198.2784719792335,5090.268152263488,5183.51620681372,193517
2024-01-03,5119.20703125,5197.255110424969,5105.76075240186,5153.359399608785,123303
2024-01-04,5223.953125,5237.302346405837,5087.247544294861,5119.207078071883,413391
2024-01-05,5137.2822265625,5225.950974646017,5121.350988208402,5223.953206396089,299017
2024-01-08,5044.7158203125,5169.095564712318,5038.57692937166,5169.095564712318,236628
2024-01-09,4991.17333984375,5076.72434910712,4980.065482249712,5065.8110824136675,194434
2024-01-10,4956.33935546875,5011.879121068019,4922.0899285036785,4980.065648734495,191450
2024-01-11,5005.107421875,5053.533914188903,4946.497973182511,4972.173029995595,277823
2024-01-12,5019.138671875,5115.894603689146,4969.39619069771,5017.092374742084,462298
2024-01-15,5044.7158203125,5094.0681644328,4987.860545855298,5027.761671767447,400069
2024-01-16,4999.16357421875,5084.324452063575,4976.411663051302,5035.995017541073,203028
2024-01-17,4932.02880859375,5003.694403470571,4925.50025987902,4984.011699759132,270672
2024-01-18,4886.6708984375,4947.86236230986,4846.770248298282,4931.346400121429,514119
2024-01-19,5007.0068359375,5037.2126711011815,4883.893602946541,4900.165968972691,329252
2024-01-23,4918.77685546875,5056.895475498969,4799.707209303066,5034.04603199984,491135
2024-01-24,5010.51513671875,5041.110632072895,4901.140772559738,4918.777179440525,611741
2024-01-25,5010.173828125,5102.398973025446,4975.291148978418,5018.066416089247,342129
2024-01-29,5005.3017578125,5085.785789398492,4980.260431093229,5010.27120013163,275710
2024-01-30,4961.30859375,5059.86721892897,4950.833989265724,5031.025422124769,146422
2024-01-31,5065.2265625,5086.273305816478,4902.845920793498,4961.308832354607,549238
2024-02-01,5016.7021484375,5068.685511770243,4995.752940080746,5062.936278626552,344394
2024-02-02,5016.9462890625,5075.55526458663,4999.992139332396,5034.387629737564,176167
2024-02-05,4993.2197265625,5105.517233340981,4948.398162034863,5037.456566833126,231620
2024-02-06,4878.7783203125,4993.706846733093,4864.649783868084,4993.219655821216,336609
2024-02-07,4948.15478515625,5051.098135687145,4798.830761954321,5008.322866283292,1258830
2024-02-08,4750.6474609375,4991.173727028633,4709.3337637172035,4970.3220496165995,623680
2024-02-09,4844.1396484375,4850.521659616468,4735.5445946429945,4750.647514194595,411953
2024-02-12,4842.873046875,4869.912144249292,4814.17730998323,4844.139553019608,158487
2024-02-13,4853.98046875,4923.940891662542,4813.641157395147,4842.872611387413,262011
2024-02-14,4882.2861328125,4896.268606973955,4823.18997104897,4840.290181546468,277479
2024-02-15,4823.7255859375,4914.148501620925,4806.479313697314,4882.578626741687,189625
2024-02-16,4787.8203125,4843.213540353619,4769.355586033867,4827.0877109580215,352139
2024-02-19,4799.07421875,4821.777125602991,4761.462984091182,4793.910185241002,182521
2024-02-20,4795.0791015625,4807.600003373513,4754.10653545843,4784.360901311768,129279
2024-02-21,4796.8818359375,4860.508780279514,4762.778471270059,4808.330822647284,235932
2024-02-22,4829.96240234375,4840.72913170172,4735.495889708204,4798.782182493819,255308
2024-02-23,4809.89013671875,4843.067649756443,4786.261375891837,4829.962498802486,115910
2024-02-26,4776.322265625,4830.010800380233,4766.286322941435,4823.1415986894535,78084
2024-02-27,4778.7099609375,4813.007918314707,4754.009284646353,4754.009284646353,434014
2024-02-28,4762.5830078125,4790.158297266832,4742.511124041225,4768.965493846245,96877
2024-02-29,4838.00048828125,4853.297996396787,4705.14344061157,4759.90340987024,447941
2024-03-01,4801.46142578125,4858.949952455533,4788.258266818905,4838.000743582701,316277
2024-03-04,4714.93603515625,4815.833556829072,4709.674468547993,4780.317149621693,307520
2024-03-05,4702.02587890625,4742.75532742871,4687.751279352249,4715.082501096046,156956
2024-03-06,4755.71435546875,4762.583557406074,4666.07122260943,4715.033912024439,190965
2024-03-07,4763.89892578125,4776.419827705621,4711.233777108669,4745.239608512112,216747
2024-03-11,4810.91259765625,4830.643829079553,4746.311274712602,4768.673051528928,295000
2024-03-12,4744.4111328125,4813.446179755574,4728.479894937579,4809.256528248136,140625
2024-03-13,4732.2314453125,4847.549630676125,4698.469209873422,4767.260662600911,410729
2024-03-14,4812.37451171875,4826.064862424766,4660.4684736833415,4728.918799896232,240217
2024-03-15,4846.7705078125,4880.386682464479,4786.163764942582,4791.47433646468,491571
2024-03-18,4852.42138671875,4885.5503680738575,4832.93375062751,4852.42138671875,143928
2024-03-19,4693.548828125,4871.8607061225575,4677.032865509715,4870.934853058971,265081
2024-03-20,4679.8583984375,4709.0413245692,4638.057513064566,4698.566719891585,300159
2024-03-21,4683.56103515625,4700.417649435877,4645.657203758303,4689.212259102437,449591
2024-03-22,4740.36767578125,4767.601838657129,4662.31959484464,4677.0328558581705,264787
2024-03-26,4834.3466796875,4847.549362516669,4619.251901441157,4626.754355694605,554559
2024-03-27,4794.15380859375,4852.421653399917,4754.983467588673,4832.9340162376675,327107
2024-03-28,4785.4326171875,4843.846996430096,4739.977801353569,4815.686981780804,648795
2024-04-01,4769.7939453125,4833.615952779556,4758.637083469239,4803.6537126328085,181877
2024-04-02,4774.42236328125,4788.989085947694,4745.239437621834,4784.214710210104,93480
2024-04-03,4710.74658203125,4771.4993854670265,4682.879165997139,4745.239604329186,246246
2024-04-04,4690.28466796875,4730.62398226136,4658.1300662355625,4715.9597254162445,372526
2024-04-05,4689.748046875,4723.413222916051,4668.8478431085905,4690.284242318665,189143
2024-04-08,4703.14599609375,4716.982408298556,4658.519498879446,4701.440827902359,235219
2024-04-09,4671.86865234375,4725.751776100443,4660.8578524329205,4725.751776100443,180114
2024-04-10,4685.51025390625,4695.107534636814,4625.926422378739,4695.059005852632,509880
2024-04-12,4630.0185546875,4697.348429844896,4623.441477769703,4694.5713466584675,620568
2024-04-15,4639.90869140625,4654.719485372505,4572.627817074611,4623.4417338101675,421873
2024-04-16,4619.251953125,4650.237103811595,4571.1171119668725,4626.364749899938,516581
2024-04-18,4574.72265625,4636.790968646942,4547.050307647819,4623.441747370874,670722
2024-04-19,4548.70654296875,4577.645873859574,4522.1061091064885,4562.104293238135,424834
2024-04-22,4631.529296875,4641.85784017375,4542.860543938358,4554.163469137511,321925
2024-04-23,4674.88916015625,4688.725573062359,4602.054115146605,4634.160188172191,279440
2024-04-24,4705.2412109375,4716.007939581524,4658.519413045303,4674.1095219364815,412282
2024-04-25,4720.0517578125,4734.521423483283,4625.877846879375,4692.769065929904,509266
2024-04-26,4677.4716796875,4736.470312130962,4670.212344382576,4719.9543489788375,205462
2024-04-29,4676.88671875,4701.9770508557085,4653.647616965577,4691.648508310145,147362
2024-04-30,4653.5986328125,4701.391866556332,4643.026495844119,4676.057941472298,489132
2024-05-02,4637.71630859375,4688.725291741295,4628.362148019343,4667.240363038835,356664
2024-05-03,4623.0517578125,4658.6166917768,4587.291757188775,4658.6166917768,262493
2024-05-06,4931.93115234375,5072.096073358956,4679.176601490067,4695.497497097764,2837757
2024-05-07,5041.3056640625,5086.175758251203,4919.458927427897,4928.374902033945,1156073
2024-05-08,5094.4580078125,5113.994649515796,4992.58657493555,5019.040947208115,323414
2024-05-09,4940.21337890625,5113.555810167318,4915.756299979824,5094.116702477872,379667
2024-05-10,4936.99755859375,4987.081164184723,4844.382757974852,4940.213304026259,223289
2024-05-13,4999.1142578125,5037.553809394286,4925.499904543156,4944.939011389315,323879
2024-05-14,5009.10205078125,5029.271945492355,4906.012640812556,4999.114636765693,205585
2024-05-15,4934.27001953125,5032.438997506719,4923.99048063286,5017.6282020838335,166198
2024-05-16,5006.13037109375,5018.066548806932,4888.960953133744,4934.415771474769,312988
2024-05-17,4956.4853515625,5008.225122401764,4935.244017767341,5008.225122401764,116594
2024-05-21,5045.44677734375,5058.016208115817,4915.804986103046,4916.730839174034,376474
2024-05-22,5132.45849609375,5166.659391748052,5061.91335033119,5086.077828181673,748236
2024-05-23,5145.8564453125,5158.133751379349,5054.995340742748,5126.368808943653,423256
2024-05-24,5106.443359375,5149.7543489063055,5085.299082060726,5125.346272879644,268208
2024-05-27,5078.7216796875,5130.120321081047,4995.899224361406,5130.120321081047,329998
2024-05-28,5116.04052734375,5149.997830602179,5047.8337965754135,5075.55515103236,259151
2024-05-29,5095.822265625,5133.043844479736,5066.785875340666,5068.734639138875,286144
2024-05-30,5065.37255859375,5107.807173478792,5040.477292720795,5068.831899612789,357619
2024-05-31,5047.1025390625,5087.247258590736,4979.724134325848,5074.580295487561,651525
2024-06-03,5035.41015625,5164.223622578743,5027.810168397417,5164.223622578743,199328
2024-06-04,5188.6806640625,5275.692769260395,4995.704061408373,5072.193033382472,989039
2024-06-05,5346.09228515625,5578.336303077276,5188.583548277117,5188.681081620298,1188965
2024-06-06,5301.076171875,5372.839303299632,5175.380907398345,5324.997057092407,629293
2024-06-07,5323.583984375,5329.86893787396,5256.790296129801,5292.501297240966,226777
2024-06-10,5347.79736328125,5418.29398677146,5267.605925642308,5324.996922664394,306665
2024-06-11,5376.39501953125,5463.114997192123,5359.09974308765,5359.09974308765,476899
2024-06-12,5299.955078125,5425.358214226146,5291.8678989695045,5408.355060404572,279376
2024-06-13,5241.638671875,5310.332592805654,5204.855756766742,5300.247645429441,434594
2024-06-14,5255.474609375,5310.381122187324,5237.887207160015,5259.274603463922,149569
2024-06-18,5257.6181640625,5295.765116620203,5237.594332481961,5280.954322857232,155277
2024-06-19,5223.31982421875,5283.926563917235,5212.942752958457,5277.251953275328,135179
2024-06-20,5240.6640625,5261.661800301515,5182.736873296992,5223.31978073188,296418
2024-06-21,5193.7470703125,5251.77179143057,5181.275173696513,5231.553369267109,244120
2024-06-24,5162.03173828125,5193.455554723998,5115.505002307878,5178.839826145975,463385
2024-06-25,5214.9404296875,5232.430775007896,5153.700908218045,5162.080211895288,160890
2024-06-26,5282.80615234375,5295.326578227895,5182.785476983817,5214.940077339267,221391
2024-06-27,5291.185546875,5310.381059545983,5244.269156154773,5250.748700274788,357573
2024-06-28,5335.2763671875,5349.356375278381,5277.495713588622,5295.765373340256,215576
2024-07-01,5336.2021484375,5348.527983562898,5291.916303486625,5334.789104460103,223560
2024-07-02,5263.26953125,5359.100079646889,5246.363911298819,5359.100079646889,163333
2024-07-03,5309.50439453125,5357.1515732824655,5251.723263615709,5282.854954973483,211361
2024-07-04,5287.2392578125,5346.774081122208,5259.274309761243,5315.204205863758,138170
2024-07-05,5404.701171875,5412.2041025908275,5294.742558348104,5306.435140800365,172330
2024-07-08,5425.89404296875,5472.080124829791,5392.277868013316,5412.691358766229,171210
2024-07-09,5523.62451171875,5558.8483195884855,5440.022265550558,5553.9764104565065,389812
2024-07-10,5608.10302734375,5651.414489038519,5524.793382720855,5524.793382720855,526095
2024-07-11,5613.7060546875,5656.286732543773,5573.464273927714,5651.414823213417,372798
2024-07-12,5638.79638671875,5656.286731520524,5566.83866654032,5631.927184873149,222315
2024-07-15,5660.8662109375,5697.941248623959,5639.721935280317,5658.235189732689,135373
2024-07-16,5712.1669921875,5729.364735055776,5622.28027504313,5663.106775534722,162459
2024-07-18,5721.0830078125,5768.340527335434,5670.902342752065,5696.771990449995,523157
2024-07-19,5727.36767578125,5824.854384292727,5696.869240062168,5700.133514237614,451294
2024-07-22,5737.01416015625,5781.689662272576,5692.338658039924,5727.367875181559,347520
2024-07-23,5792.45654296875,5851.163049838487,5690.974767741766,5737.014310473634,336696
2024-07-24,5680.1591796875,5821.347019199237,5666.030642402061,5796.987472155377,233649
2024-07-25,5680.25634765625,5714.749368897165,5653.071190058426,5675.67656279763,303638
2024-07-26,5722.34912109375,5731.946876770853,5664.178814353998,5680.64577126374,146736
2024-07-29,5746.5146484375,5804.977561011595,5690.43868599674,5746.904306033513,129350
2024-07-30,5692.53369140625,5835.962410660486,5681.912548890099,5747.293664537476,191681
2024-07-31,5636.26318359375,5745.929668577039,5622.329237919936,5745.929668577039,271796
2024-08-01,5583.35400390625,5690.292410819143,5553.976486592173,5636.263223268268,304411
2024-08-02,5573.80517578125,5659.2096477104205,5486.0618068508265,5561.819993853148,406998
2024-08-05,5624.19482421875,5767.368821822796,5576.963690610042,5636.089240847109,1114298
2024-08-06,5778.76904296875,5844.408831397723,5636.286187782918,5650.499820012115,727869
2024-08-07,5761.2978515625,5848.159527121483,5733.90681182657,5814.007481166951,314935
2024-08-08,5670.33984375,5786.122795924837,5650.944123196149,5769.145094157327,271628
2024-08-09,5666.0458984375,5710.710565027724,5646.008682786365,5695.756634926995,232215
2024-08-12,5572.71923828125,5699.8037889483385,5552.237650503836,5670.685387047918,622193
2024-08-13,5593.20068359375,5641.024148791337,5544.390153950104,5605.48982873321,236505
2024-08-14,5585.94580078125,5621.529764115093,5521.7866102108765,5602.577933499046,164575
2024-08-16,5655.53369140625,5668.168405460075,5589.252410428791,5597.1489259755335,144969
2024-08-19,5658.34716796875,5688.699400923838,5644.1335357584085,5670.685474048054,102452
2024-08-20,5691.21630859375,5699.112824603851,5654.152229357375,5666.194609058814,189035
2024-08-21,5761.8408203125,5774.228286495901,5682.036562351499,5699.112584718548,169215
2024-08-22,5761.2978515625,5782.223811642289,5733.512082421593,5782.223811642289,160154
2024-08-23,5717.71875,5774.326992205488,5709.526307908194,5761.495154445031,124435
2024-08-26,5721.9638671875,5784.198092443882,5701.531438818937,5724.97422119019,265107
2024-08-27,5689.7353515625,5769.786373939008,5660.814556292834,5753.401007862568,175740
2024-08-28,5629.57421875,5700.692020741746,5616.445972172701,5672.2151145036405,161445
2024-08-29,5755.9677734375,5769.391946901151,5622.467301099026,5636.138240685299,351330
2024-08-30,5779.50927734375,5832.465190127028,5718.311279786803,5767.368577066064,519387
2024-09-02,5845.5439453125,5857.191595617517,5789.13330540477,5805.96256238125,307023
2024-09-03,5839.5224609375,5867.11110516859,5794.068335689708,5856.253396192,258133
2024-09-04,5849.88671875,5858.57317523068,5752.611708402354,5774.2779662191715,219283
2024-09-05,5774.3271484375,5843.421661324786,5757.842979005503,5835.278379448784,170014
2024-09-06,5767.96044921875,5808.67685901805,5751.723527702076,5771.070087902759,213556
2024-09-09,5862.6201171875,5884.088768890222,5770.576357588473,5784.148493722378,321187
2024-09-10,5892.67626953125,5932.2576524238,5853.341652764007,5902.69487782577,337831
2024-09-11,5930.9248046875,5968.827983772587,5870.3191428941755,5876.043924008485,437060
2024-09-12,6030.2236328125,6049.422229602,5927.026234926918,5940.795495148819,548745
2024-09-13,6053.76513671875,6069.2617595635,5978.995003865108,6058.601656180295,274846
2024-09-16,5984.57177734375,6050.705095681542,5860.004050614003,5922.386716817169,352336
2024-09-17,6032.0,6124.389328692662,5990.642096036652,5994.886762340567,527917
2024-09-18,6044.04248046875,6086.782178982979,5981.659813544703,6055.640487923208,218424
2024-09-19,6055.14697265625,6144.47630691746,6034.566582126813,6049.619315248177,362388
2024-09-20,6130.212890625,6177.690786780041,6046.608821387324,6085.597866929947,663556
2024-09-23,6130.85498046875,6169.152888816495,6110.718479867597,6154.593687998888,312563
2024-09-24,6122.9091796875,6165.106187909523,6105.043215485858,6120.5403212329675,234706
2024-09-25,6100.3544921875,6122.76104896054,6022.623163377949,6122.76104896054,357145
2024-09-26,6173.2001953125,6189.289153901145,6074.740511286466,6119.799909387569,327297
2024-09-27,6187.70947265625,6251.030043118253,6100.8478004767385,6157.012153628499,400543
2024-09-30,6256.16259765625,6280.592443380589,6160.36818326866,6171.768585153988,442617
2024-10-01,6362.6669921875,6379.9902635178405,6225.317062007801,6225.317062007801,416639
2024-10-03,6249.845703125,6386.20856861246,6208.635759885696,6360.841299917261,495791
2024-10-04,6125.72216796875,6257.939647960617,6099.910528188323,6197.037576707993,395753
2024-10-07,6041.13037109375,6154.346856492394,6026.0284777684155,6142.156514120604,374593
2024-10-08,6124.142578125,6154.149241016583,5973.763212751454,6058.3056684789535,708471
2024-10-09,6018.37890625,6104.993814450162,5991.5305595831205,6078.984568985075,551094
2024-10-10,5924.5087890625,6080.169045531761,5902.694568335946,6047.743881973281,287475
2024-10-11,5901.1650390625,5961.3759728055475,5883.990213371434,5952.541552855576,94953
2024-10-14,5900.720703125,5946.372435953579,5823.680512186264,5927.421086855685,219597
2024-10-15,5990.1982421875,6004.263910650922,5909.505723107867,5938.525321649915,426219
2024-10-16,6011.3212890625,6034.912032968465,5943.263002610598,5986.545875033324,276677
2024-10-17,5911.03564453125,6017.04627339876,5889.073459828766,6011.32149219493,188121
2024-10-18,5811.04638671875,5920.412941841352,5794.068684329566,5907.531942748258,354901
2024-10-21,5703.5546875,5819.238841307363,5688.058063811865,5811.04639862858,296733
2024-10-22,5652.91845703125,5728.922424412323,5637.914883671287,5712.537057129359,320607
2024-10-23,5674.48583984375,5722.605234156217,5616.446158140123,5624.885848783208,123095
2024-10-24,5539.80078125,5705.726422424536,5529.140677286244,5676.460055981315,269803
2024-10-25,5596.0634765625,5632.634506098209,5537.43194064283,5539.800799090728,176680
2024-10-28,5648.27880859375,5704.245556677165,5596.0631946652165,5603.564981009909,131887
2024-10-29,5594.18798828125,5685.3926506208645,5538.468005122305,5656.668977614,204751
2024-10-30,5707.7001953125,5723.98675877513,5568.622910379178,5593.299521686193,218180
2024-10-31,5652.8193359375,5706.219619393161,5634.1639141145415,5704.2454904814185,208893
2024-11-01,5619.4072265625,5693.930594556951,5578.937583015844,5693.930594556951,31706
2024-11-04,5552.435546875,5625.231555437195,5470.163622500164,5611.461812557019,249780
2024-11-05,5532.59521484375,5595.668538741006,5512.310750594827,5561.2692452100255,185870
2024-11-06,5621.2333984375,5645.021748746372,5535.506752144393,5563.391323643272,233799
2024-11-07,5615.31103515625,5639.790523488459,5533.483485992931,5636.138192119093,284538
2024-11-08,5672.8076171875,5717.916657404109,5568.5735101015125,5608.698067403403,306281
2024-11-11,5364.35009765625,5825.802760793349,5331.283436233592,5726.602776525374,804824
2024-11-12,4962.515625,5356.699904908412,4940.257514697824,5349.889256675766,2441209
2024-11-13,4981.220703125,5021.789148056293,4874.56858302632,4944.205786575473,928244
2024-11-14,4852.01416015625,4985.169059532148,4837.6029226348,4981.220801688741,479979
2024-11-18,4847.8193359375,4905.710572558681,4729.667522319418,4905.710572558681,439087
2024-11-19,4829.41064453125,4887.301880734725,4815.492938767209,4861.243474475613,436205
2024-11-21,4741.21630859375,4821.810027709949,4685.496325415859,4811.939382822109,1036549
2024-11-22,4785.63427734375,4807.991191933547,4703.954689757525,4727.101063163329,410476
2024-11-25,4840.51513671875,4915.581198989575,4810.952362223933,4841.5513616553935,722912
2024-11-26,4948.74658203125,4965.230269697216,4829.657348702658,4840.515058001768,314200
2024-11-27,4919.67724609375,4959.998925793964,4877.085510915021,4948.74648731055,255840
2024-11-28,4859.9599609375,4947.70989736499,4827.880365136978,4922.095863127929,321308
2024-11-29,4877.2333984375,4891.842241439735,4816.874503865072,4816.874503865072,212644
2024-12-02,4843.77197265625,4894.852557420621,4803.253170184738,4866.721220883721,314800
2024-12-03,4846.091796875,4856.159565245435,4812.778371159816,4836.171509816325,289449
2024-12-04,4788.79248046875,4909.5599158715095,4778.379143000978,4852.853350730084,392107
2024-12-05,4808.97802734375,4829.706380909887,4743.437043889549,4797.133253877386,526114
2024-12-06,4807.84326171875,4843.229620771659,4777.3922252125485,4808.978289511474,236965
2024-12-09,4731.0,4793.086258708175,4688.605388269677,4782.278191951479,467154
2024-12-10,4725.32421875,4767.472062931004,4721.178355334962,4737.761327030055,264213
2024-12-11,4826.251953125,4851.422098294176,4731.246993417814,4745.806195035279,358246
2024-12-12,4765.89306640625,4845.450563025654,4747.780336090723,4836.616142795123,406271
2024-12-13,4787.361328125,4800.193165821649,4711.258563546479,4761.598849894871,284721
2024-12-16,4783.80810546875,4806.017056747621,4728.038961146252,4806.017056747621,208757
2024-12-17,4714.96044921875,4777.293477307473,4703.510404385695,4754.196263916284,312523
2024-12-18,4720.78369140625,4736.823488705182,4691.072955093369,4713.23274476315,228821
2024-12-19,4723.84375,4741.660070756781,4664.521079428435,4688.556195476153,247805
2024-12-20,4637.32763671875,4745.312392268359,4619.95520582674,4728.03876421538,363168
2024-12-23,4643.4970703125,4673.750501452643,4603.471314853842,4644.138565857378,332554
2024-12-24,4682.73291015625,4704.892219566803,4629.381783392842,4641.22655769464,227672
2024-12-26,4700.0556640625,4735.047293999137,4647.099749083739,4693.39297856838,398117
2024-12-27,4707.6064453125,4745.164538064326,4677.15589158837,4714.219970133686,131505
2024-12-30,4737.36669921875,4755.676552103441,4676.711395572043,4698.130887067212,271403
