Price,Close,High,Low,Open,Volume
Ticker,CIPLA.NS,CIPLA.NS,CIPLA.NS,CIPLA.NS,CIPLA.NS
Date,,,,,
2010-01-04,305.6669616699219,307.43278696424267,304.2633767893536,306.0744683178616,635013
2010-01-05,300.1884765625,310.0589216977223,299.2829306301848,306.5725643312949,1664976
2010-01-06,312.32275390625,315.94493725717217,299.147073021297,300.6412181265392,3580916
2010-01-07,309.74188232421875,317.30319412139113,308.3382976035425,313.31879873957627,1555841
2010-01-08,308.8816833496094,313.7716252287588,308.066697642262,312.4133065048248,913410
2010-01-11,309.96832275390625,313.49997355565097,308.7911242433682,311.3266414822495,741426
2010-01-12,307.5686340332031,311.86997670333716,304.76143644778676,309.96832494321217,1083070
2010-01-13,309.56085205078125,313.04720907440554,305.16894918388135,306.8894807590918,957815
2010-01-14,308.61004638671875,312.413350402164,307.88562068619063,311.91531118743455,750438
2010-01-15,317.1221923828125,319.6577099059428,306.6631204209963,309.06281158307826,2637077
2010-01-18,315.17523193359375,324.5476373023594,312.503888173265,316.4882845113443,1472491
2010-01-19,310.1041564941406,318.2993345662155,308.7911040884196,315.94491006374864,717425
2010-01-20,310.1947021484375,314.858285117656,309.1533300074229,310.6022088116915,713101
2010-01-21,305.6217041015625,315.0846686603626,304.26338541666667,310.19469928668605,764069
2010-01-22,299.10174560546875,305.16891309188446,292.8082193200714,304.0822471544461,1541620
2010-01-25,296.0682067871094,301.2750950742029,289.7746524991184,294.3023814444171,527544
2010-01-27,283.88861083984375,295.97765290501275,280.7192005114882,295.2079334411134,1479710
2010-01-28,287.82769775390625,297.01898080988286,284.52246157373526,286.2429928258047,2473512
2010-01-29,287.2391052246094,293.1704184669824,274.38034531427235,288.05409082229295,2282638
2010-02-01,295.253173828125,296.9284389534567,286.6052231719076,288.8690874939606,964639
2010-02-02,284.114990234375,298.7395491449244,281.8511257703561,295.2531923433224,1101300
2010-02-03,290.4085388183594,296.1134661020804,286.1524626552214,288.73327362073854,668662
2010-02-04,283.57159423828125,290.40847998178765,281.26246405199953,290.2273598108778,883457
2010-02-05,280.2663879394531,283.4357978192208,275.8292196347906,280.71916077941995,1380008
2010-02-08,286.8316345214844,287.96356678084305,275.69343214342115,282.07751903217803,790303
2010-02-09,291.0424499511719,292.40076881619143,284.65836233960727,287.0580534741282,837918
2010-02-10,282.7566833496094,294.8457256187114,281.8511375262319,292.491300950917,930007
2010-02-11,282.6208801269531,287.737208920637,281.94172070385173,283.4358659076613,536129
2010-02-15,286.786376953125,287.9183092466958,282.5303004752725,283.43584631012914,722606
2010-02-16,292.03851318359375,292.9440589609072,286.4694121801287,287.0580114083697,770797
2010-02-17,288.68798828125,295.11736895029696,287.1032831406078,292.4912916728171,906159
2010-02-18,287.9635009765625,294.0759337803103,287.14851546307455,288.86904657711773,565791
2010-02-19,286.28826904296875,288.86907982863823,283.52636569737797,287.9635341238463,510660
2010-02-22,283.25469970703125,290.13685293795703,281.71528851219387,287.19382924878363,756896
2010-02-23,280.6285705566406,283.3905011649589,276.5083492093066,283.0282608238261,816336
2010-02-24,274.5162658691406,280.26648852749435,273.5201597366975,279.8137155250267,1128945
2010-02-25,274.8784484863281,280.538110394176,273.29374315213073,275.73872815034815,1838444
2010-02-26,286.28826904296875,288.86907982863823,274.69729507565626,276.19143996155066,1066163
2010-03-02,285.5185241699219,289.72933342922636,281.6246890410627,281.6246890410627,699176
2010-03-03,290.27264404296875,291.49513618480194,285.7449158399272,286.15242243222485,1130913
2010-03-04,288.1899108886719,291.4951470733444,285.42800763567203,290.2726548858461,1419352
2010-03-05,290.951904296875,294.7552083620257,289.5483191206074,290.680251564394,1365247
2010-03-08,291.2235107421875,294.21180058122866,288.008806836791,291.1329506426579,841443
2010-03-09,284.74884033203125,293.2609639041233,284.34133373602884,291.5856989267557,915288
2010-03-10,286.3335876464844,289.77465056795313,284.7941487613164,285.24692165282886,852963
2010-03-11,288.2352600097656,290.18220587775517,286.24307553412973,286.6052883810573,1038962
2010-03-12,286.1524658203125,290.9518473892225,285.3374801472042,288.9143693889197,462648
2010-03-15,284.70361328125,290.6802214931696,283.5264147155224,286.2430522995707,370546
2010-03-16,287.7824401855469,289.6840918661252,284.7941501411126,284.7941501411126,372492
2010-03-17,300.82232666015625,302.7239507374532,288.41633811123575,288.41633811123575,2491427
2010-03-18,298.1509094238281,304.26334264664007,296.6114707433179,302.45225132136244,1336085
2010-03-19,301.9994812011719,303.35779970732403,297.2906326591533,298.8300713534834,1063228
2010-03-22,301.8636779785156,306.34611281081203,295.20791126200686,295.20791126200686,1169177
2010-03-23,309.69671630859375,311.4172480944054,302.4523486756442,302.4523486756442,2492255
2010-03-25,315.85443115234375,318.57106913003616,306.9800914792434,309.6967294569358,3023465
2010-03-26,312.232177734375,321.2423694103398,311.0549792599062,316.94102690237895,1259723
2010-03-29,310.1947021484375,315.4921505954166,303.99173553823823,307.8855714168371,1190836
2010-03-30,306.2103271484375,321.33295407021524,304.4445293018059,311.5077759584654,674617
2010-03-31,306.39141845703125,309.28914835560295,302.4522888092985,306.98001768368925,707879
2010-04-01,306.9799499511719,310.46630594223063,305.7574578978061,306.9799499511719,738013
2010-04-05,316.8957824707031,318.16354113852725,307.88559017479656,307.88559017479656,1279262
2010-04-06,306.43670654296875,318.66157537554784,306.0744937342018,317.84658964705574,1274158
2010-04-07,304.5350036621094,308.74581321717005,302.04475302140355,307.8855337599926,1274324
2010-04-08,303.5389404296875,306.52723029135365,299.37342453534785,305.98389732512453,1067527
2010-04-09,303.7200622558594,306.0744869129722,300.7317721062973,305.16894109370304,1244003
2010-04-12,302.45233154296875,304.2634233486153,298.0151621461483,303.72009027990777,1961948
2010-04-13,303.1767272949219,304.7161662318428,301.637315993066,303.8106204183752,1017904
2010-04-15,299.0112609863281,305.98394768959645,296.70210240853623,305.16896192363873,1240752
2010-04-16,299.1923522949219,302.3164966252371,293.80437090671114,298.8301394710613,968600
2010-04-19,301.6373291015625,303.3578606949084,291.67632472053566,297.9245855779847,985314
2010-04-20,297.9698181152344,304.0369856969425,296.47567315408634,303.3578263841422,1580997
2010-04-21,302.67864990234375,304.98778038085754,298.0150950793274,300.6411720795157,1815910
2010-04-22,300.5959167480469,307.84028260300147,297.4717729190727,303.8105930421579,1324223
2010-04-23,300.2789306640625,302.3616745190112,298.0603328591771,301.546688994686,637429
2010-04-26,298.60369873046875,304.71613229053145,297.83397934774473,301.54672229642483,477958
2010-04-27,303.40313720703125,304.489803321238,296.1135038990181,296.1135038990181,913362
2010-04-28,304.9425354003906,306.48197425005276,299.19231428379373,302.2258981139729,1131512
2010-04-29,301.27508544921875,308.2930650902249,299.82620670599835,306.07446692388146,1231208
2010-04-30,310.738037109375,312.41330237375445,303.40311057010865,304.2633901379174,2069080
2010-05-03,305.7575378417969,312.4133050858564,304.7614319217565,312.4133050858564,959786
2010-05-04,303.1767272949219,308.70056228408714,300.73177017959847,306.0744849520442,683342
2010-05-05,303.5389404296875,307.70442868896447,297.01900010506347,299.73563730114637,1222625
2010-05-06,312.9566650390625,315.58274259244524,303.5389933122412,305.1689648598395,2542312
2010-05-07,309.74188232421875,320.4273377062001,307.74969845084155,310.6021617562851,2889590
2010-05-10,288.8691101074219,312.41330089987633,280.53807769606595,311.50775510016655,4312483
2010-05-11,284.2508239746094,293.84961507893104,282.57555870061327,287.9635673192606,2504025
2010-05-12,285.6996765136719,288.8690865542356,284.2507978252588,285.24690365073417,1299609
2010-05-13,284.9300231933594,289.86525959785894,284.43198398266037,289.86525959785894,754474
2010-05-14,283.57159423828125,288.68792126331783,282.575488568393,284.79408630427787,697682
2010-05-17,285.2016906738281,286.15250280951625,277.1876039763582,282.53031922964897,911844
2010-05-18,281.8058776855469,287.4202453368833,280.7192116188025,286.15248668239224,903395
2010-05-19,282.8472595214844,285.15639044820324,279.81367531388355,280.4475684802719,1832136
2010-05-20,287.6465759277344,290.6801594426999,280.8097171880129,284.34133976637935,1531012
2010-05-21,286.6957702636719,293.39680282589296,282.30386815114855,283.4358002608164,2239427
2010-05-24,283.7527770996094,292.21963571168294,282.5302847635236,289.4124382527248,904502
2010-05-25,283.34527587890625,285.6091403835876,280.4022520228205,283.8886088870427,1332477
2010-05-26,289.2313232421875,290.49908183626684,284.3413814449873,286.1524730465477,910166
2010-05-27,287.0580139160156,290.58963695137646,284.74888321772005,289.77465127168773,1618806
2010-05-28,290.0915832519531,291.4046079935349,287.7371588016228,288.8690909762948,1028008
2010-05-31,288.8691101074219,294.70989156957586,287.1485786149862,290.68020170684144,1770808
2010-06-01,293.3968505859375,294.30239642107927,287.28441619873047,289.3218943277995,2248169
2010-06-02,294.0760498046875,296.9738079237654,291.76691866625356,292.4913443784883,1282374
2010-06-03,293.3063049316406,296.521009385877,291.5857732870843,295.2079568061785,1018702
2010-06-04,294.39300537109375,295.84188447470126,293.30633913462054,293.30633913462054,345058
2010-06-07,291.6310119628906,292.94406441848304,288.1899489990177,290.68019993302335,1507894
2010-06-08,293.442138671875,296.47572297247837,290.6802347230816,293.3968724307739,1425716
2010-06-09,293.75909423828125,295.93239894380974,290.40859087748646,295.20797325365646,605746
2010-06-10,303.76531982421875,305.1689046223144,293.53263670836805,293.75902313612943,1520702
2010-06-11,305.7122497558594,309.9230319529704,302.49754577253356,305.1689167805727,1475551
2010-06-14,308.1571960449219,309.3796882883127,303.9917078601266,306.5272248104422,740459
2010-06-15,306.074462890625,308.79110013521637,301.27508147920554,307.93082062040384,718333
2010-06-16,301.9089660644531,312.3680367003254,299.3281549914423,308.06669412366233,1739491
2010-06-17,303.04095458984375,304.48983367486454,298.1510118585848,302.4523552339175,734646
2010-06-18,306.1650085449219,306.9799941528285,299.96201493547034,303.4936376597737,919252
2010-06-21,307.8855285644531,309.1080207490006,305.84805080189426,306.97998289220476,691196
2010-06-22,304.580322265625,307.8855587665473,303.72004273857544,307.8855587665473,641050
2010-06-23,307.07061767578125,308.24781628201197,302.04482139133273,304.5803664713899,1027595
2010-06-24,309.06280517578125,310.4211240282416,305.2142350938103,307.88560655767606,1418902
2010-06-25,314.3149108886719,317.3937606720303,308.6099565266544,308.6099565266544,1515760
2010-06-28,315.4921569824219,318.7521274492569,311.7794136072783,315.12994418278805,779746
2010-06-29,308.4288635253906,315.49210876140546,307.8855305914523,315.49210876140546,491114
2010-06-30,306.52728271484375,309.42504060694307,302.7692728112321,306.07450977139496,1223210
2010-07-01,303.5841979980469,307.70441990715744,302.95030494969365,306.0744486900517,417953
2010-07-02,304.98785400390625,306.7989458391672,302.90510944738355,302.90510944738355,348768
2010-07-05,305.4405517578125,310.51161317497093,304.3086196394763,306.07444479810533,711437
2010-07-06,306.8895263671875,309.51560417594567,306.0745405141343,307.88563246983927,623902
2010-07-07,303.04095458984375,307.88563107644296,301.8184619982615,307.4328580895658,718631
2010-07-08,307.38751220703125,308.5647106138955,303.9917156852349,304.2633683529535,634822
2010-07-09,306.39141845703125,308.0666836675686,304.7614194812122,307.38752433640997,375238
2010-07-12,304.17279052734375,306.5272148389387,299.01119669602616,304.2633506229938,395923
2010-07-13,303.9011535644531,305.7122450307072,302.9050477310008,304.71613919725496,378885
2010-07-14,298.60369873046875,308.79108799723986,297.10955383168806,305.16890514683234,779905
2010-07-15,296.6568298339844,302.9956508661846,294.75517799731097,300.6412260986398,771358
2010-07-16,299.3734130859375,299.91674603138705,295.4795500061003,297.01898874569713,997589
2010-07-19,298.8753662109375,300.64119149210023,297.0190084620749,299.37343295860404,369844
2010-07-20,295.7512512207031,300.1431536908095,295.2079182368129,297.9698217552484,309968
2010-07-21,294.5740051269531,297.69814884567,293.5779269651006,294.30235247100455,735426
2010-07-22,297.06427001953125,299.55452081347204,295.34373863436656,296.11345804314266,888355
2010-07-23,296.6087341308594,300.6631421698294,296.1076400157411,300.6631421698294,659872
2010-07-26,296.56317138671875,299.9342538883678,295.9253900038413,297.92982194610454,565030
2010-07-27,296.7454528808594,299.25097933108145,295.1054552488742,297.47432218090955,501605
2010-07-28,301.0731201171875,302.84974910713356,297.01871246024035,297.01871246024035,1775487
2010-07-29,298.2032165527344,304.1253704784438,297.018796889426,301.5742999092025,1271940
2010-07-30,297.29205322265625,301.4831206774874,294.6043236908268,298.84093504441273,853518
2010-08-02,296.6998596191406,299.25095759316474,296.1076498802959,297.9298508026362,623879
2010-08-03,296.882080078125,297.9298400095978,294.37655390067425,297.47428979551586,458255
2010-08-04,294.8775939941406,297.06422906023704,293.41982801521857,296.38090386429604,574790
2010-08-05,292.14434814453125,296.10764058715193,291.643254028446,295.10542455040274,613506
2010-08-06,292.9187927246094,294.6954497121112,292.0076922806759,292.1443517863501,777731
2010-08-09,291.4610595703125,296.01656230759335,290.04886484358826,294.10324559701894,663602
2010-08-10,290.7320861816406,292.5087149304561,288.8187701559705,292.5087149304561,558974
2010-08-11,285.3110656738281,291.5065646634433,284.71885601423367,290.3676892393864,1338432
2010-08-12,285.4933166503906,288.7277119570505,282.8966749426584,285.174425948638,765067
2010-08-13,286.8599853515625,290.2766120760819,285.4933346617548,286.9055292527243,926238
2010-08-16,276.974609375,289.6844751046676,275.6079583418997,287.90781763980266,3631450
2010-08-17,277.33905029296875,282.4412198249169,276.3824056702353,277.88571627935374,1738465
2010-08-18,277.065673828125,280.02675051957,273.3301561333858,278.7967592560535,1596675
2010-08-19,277.4300231933594,280.0266644393349,276.5644668431766,277.8855733135455,1264601
2010-08-20,282.6233825683594,285.08333720381114,277.6578737857162,277.8856489077718,2355601
2010-08-23,289.1832275390625,291.05099982311447,282.4410909294045,282.4410909294045,2925575
2010-08-24,288.5455322265625,292.4632531563577,285.90331859924294,292.4632531563577,1864286
2010-08-25,281.3478088378906,291.4610294297421,277.88563823742004,288.81884367626935,3021132
2010-08-26,280.3000793457031,282.44117120445986,278.20455919730944,279.7078695476425,2190530
2010-08-27,275.9723205566406,282.3500237023088,275.24345131896735,280.6189384094004,1097558
2010-08-30,277.5212707519531,279.2523564709537,276.1546197414917,277.8857054604923,867251
2010-08-31,276.291259765625,279.5256558067525,275.1523840040189,276.9745852225886,1507141
2010-09-01,278.25006103515625,279.1611614496817,276.29120070484214,276.9745260157362,1001984
2010-09-02,278.20452880859375,280.39116433428154,276.6101030162786,278.7967385419664,1014271
2010-09-03,280.48828125,282.634997417097,278.6156299701016,279.52912383885604,1021604
2010-09-06,283.09173583984375,283.7311926797937,280.9907111559276,281.40176665793575,1045581
2010-09-07,285.87786865234375,288.1159115227648,282.3609122815498,284.0965447608356,1858323
2010-09-08,283.822509765625,288.66401532734744,282.8633246336956,288.66401532734744,854618
2010-09-09,279.98583984375,285.8778857973816,278.20451584541,284.18791675134935,2242978
2010-09-13,279.1180419921875,283.13743733905653,278.25023953863854,281.356113134075,1411122
2010-09-14,283.59417724609375,287.29381619227536,279.5747819988594,280.16857530421447,1434576
2010-09-15,280.94500732421875,287.7505472921763,280.1228684789076,285.9235596903212,2750483
2010-09-16,279.07232666015625,284.23356051386355,278.2044964900359,280.9449776029016,1474508
2010-09-17,282.1781921386719,284.0051794984271,279.25502908963233,279.52906604254974,2181230
2010-09-20,288.6183776855469,289.12078812523845,283.36578832782135,284.09657221784886,2154362
2010-09-21,293.7795715332031,295.4238489975921,288.20725453870676,290.49098872681066,2516779
2010-09-22,292.0896301269531,295.97197861183054,290.8107444368699,294.1449910895353,1178947
2010-09-23,286.9739990234375,293.7795372611039,285.00999342631053,292.3179419757031,1479627
2010-09-24,288.801025390625,290.9934046777265,287.0653929499036,287.75051321947376,1087899
2010-09-27,293.50555419921875,296.8398289554954,291.5415480551563,293.2315172033474,997138
2010-09-28,293.094482421875,295.2868618999006,292.27234360231756,293.2315009121983,1155589
2010-09-29,289.66888427734375,294.5103901780773,288.0702701564728,293.2315044569041,1489638
2010-09-30,294.4646911621094,295.7435767291992,286.8826769471936,291.40448178104884,1451799
2010-10-01,295.7892761230469,300.21972655119356,294.4647268627509,295.8806310769751,1918195
2010-10-04,299.671630859375,300.9048530686864,296.017655648152,296.88548591186486,966340
2010-10-05,300.859130859375,304.37608688986296,298.5753967977092,300.5394025152192,1259245
2010-10-06,298.62109375,304.87853135482834,297.6619364877953,304.1934110596489,1263282
2010-10-07,302.5034484863281,304.14775395610013,298.25570814191303,298.7124550150247,1841608
2010-10-08,308.0301513671875,310.86196012876206,303.4169904885048,303.4626819096528,3123274
2010-10-11,310.08544921875,312.23213712275304,301.4529225580859,305.1068973769718,1285119
2010-10-12,310.45086669921875,311.95812586065,305.92906133730713,310.49653023717025,1361105
2010-10-13,310.3138427734375,312.55188576860644,308.76089222363265,311.0446266335708,1334489
2010-10-14,305.4723205566406,312.96298085327334,303.82804287085213,310.58789140232017,947779
2010-10-15,303.0058898925781,308.2127875730828,301.72697633260645,306.38580006182843,1120792
2010-10-18,297.79901123046875,305.1069624263085,295.51527648176886,297.93602973986646,2096324
2010-10-19,303.2342529296875,308.16711346533964,298.25570098125115,298.25570098125115,2200748
2010-10-20,304.1933898925781,306.93387088260135,302.8231493975665,303.279896229237,751669
2010-10-21,315.3837585449219,318.1242401542912,306.11180134207973,306.11180134207973,3160737
2010-10-22,314.5615234375,318.53522613136016,311.54697786253865,318.53522613136016,898132
2010-10-25,322.28057861328125,325.3864796149172,315.1553386300825,315.338048528161,3177781
2010-10-26,324.7013244628906,327.89855219278644,320.7732850967363,324.2902411751444,1779662
2010-10-27,320.2252197265625,328.67503683002246,316.16018930606253,327.39615116826536,1484467
2010-10-28,319.85986328125,326.98513197721445,317.5761286756754,322.4633263071289,2497525
2010-10-29,322.4176330566406,325.1581143308063,312.09513686404625,322.4632965934966,1725896
2010-11-01,325.7518310546875,331.41547478232843,323.422405592921,324.29023568453044,1996703
2010-11-02,320.407958984375,327.0307892128475,318.21557938081827,327.0307892128475,1831772
2010-11-03,317.2107238769531,323.1940971503666,315.5664461785304,323.1940971503666,1475000
2010-11-04,319.6771545410156,322.0979074452276,318.85498784957764,321.3670957059069,888346
2010-11-08,318.718017578125,324.24467242473116,317.57615019795287,320.6363603523385,2022753
2010-11-09,319.6771545410156,320.6819753814534,316.57125343473285,319.90552798250013,977010
2010-11-10,313.0543212890625,319.7228145558958,312.46052804565073,318.9006757511326,830584
2010-11-11,303.14288330078125,316.4798966050635,301.90966125718813,315.3836930379552,1524864
2010-11-12,301.1331787109375,311.27296388779416,298.71242609334905,300.5394134089047,3881595
2010-11-15,314.1048278808594,315.20100364161357,297.57058562153037,303.64531341326165,2800064
2010-11-16,309.9027404785156,315.6120761542436,304.2847597491224,313.4196968302872,1927773
2010-11-18,323.3310852050781,325.7518377768734,308.21274872827905,311.9124146988614,5092075
2010-11-19,313.1456604003906,325.2037895925084,308.85225630930756,324.2902958015182,2509779
2010-11-22,317.9871826171875,319.7228151812193,309.26330050495824,316.0231766137406,1740652
2010-11-23,316.205810546875,317.89577931704275,303.2798814174086,315.1552984608614,1500870
2010-11-24,311.2273254394531,317.7588000434488,308.76088121362324,315.155337333432,992522
2010-11-25,305.0155944824219,313.23703922791907,302.41213140415704,310.1311656773664,2388401
2010-11-26,310.6792297363281,314.65293312161185,297.34221541999983,307.75603858729676,1988714
2010-11-29,308.8522033691406,315.06394893207516,306.97952469203454,309.4459686559837,619282
2010-11-30,313.6023864746094,315.97747574901615,306.02039966383546,308.57817095774044,1815025
2010-12-01,333.562255859375,340.55047786149606,313.3740372817665,314.6986144442629,4470574
2010-12-02,333.3795471191406,338.7234631247976,327.25912799169674,337.5359324296775,3062176
2010-12-03,338.2210693359375,342.9255566897322,332.42037830387596,334.24736584924227,3143948
2010-12-06,337.9926452636719,346.9448717439346,336.3483678701912,342.5601134429107,1919944
2010-12-07,339.2258605957031,341.3268847659086,332.28330352387417,338.90613225390325,1250421
2010-12-08,336.7594909667969,340.73319465695266,334.93250332788557,338.86054347811626,1254106
2010-12-09,319.6314392089844,337.9926681059381,316.0688193639313,337.0335108745214,1592776
2010-12-10,317.39337158203125,335.2064972933688,307.8473520369615,320.17951599096443,3581551
2010-12-13,324.65570068359375,328.8577778651726,317.43910502263185,317.8958519363335,1878412
2010-12-14,327.9443054199219,331.00451551677406,324.79274035884913,327.0308115329583,1116925
2010-12-15,323.8335266113281,328.49235020015965,318.94632959047175,326.5740077956271,951023
2010-12-16,325.8432312011719,327.76154577069394,319.0376916246319,324.2902806778649,743954
2010-12-20,334.1103210449219,336.2570368171792,326.39128812263965,326.66535295943027,2001522
2010-12-21,334.8868103027344,339.5912974831989,332.2833475709848,336.89647980202335,1227905
2010-12-22,330.5020751953125,336.16574841199775,326.11731571490003,336.16574841199775,959250
2010-12-23,328.5836486816406,332.92274314444387,327.03069845969804,329.8168427005587,605999
2010-12-24,332.2377014160156,335.1608648072559,324.3816492738747,327.94426946693335,798349
2010-12-27,338.08404541015625,339.7283230235037,332.37470942267595,332.5117279108521,1189445
2010-12-28,339.04315185546875,341.87498765606495,334.61270221813743,339.8196270088341,1821832
2010-12-29,334.9324645996094,338.95183136493057,332.2376748703855,336.6680970803599,823125
2010-12-30,337.12481689453125,339.6369244060482,332.1006018714973,335.6175579631438,1181554
2010-12-31,337.8099365234375,339.7282787407028,336.257014063833,338.03830993316876,540435
2011-01-03,340.2764587402344,343.9304341361027,335.7546530367994,338.8148630063631,1385467
2011-01-04,346.4425048828125,348.04111894621377,338.03835122702776,342.5601564431238,1826723
2011-01-05,343.79339599609375,346.9906242848462,341.09857814452647,346.03143907164946,1056769
2011-01-06,332.1463317871094,345.4376546470048,329.9996159074132,344.6155158507173,2097557
2011-01-07,326.1172790527344,337.9470346400081,322.69167738201236,332.10065215321504,901911
2011-01-10,317.9871826171875,326.4369998755483,315.70344822303593,326.16293502167986,794175
2011-01-11,316.6625671386719,324.19888972598505,314.2874780810868,319.7684399627691,1196018
2011-01-12,316.7995300292969,321.3669974626928,308.8521534217533,319.7227203377138,1372041
2011-01-13,314.6985778808594,319.72279320261475,309.9940909278297,318.3525526603178,1042736
2011-01-14,310.131103515625,324.65564741255696,308.80652653218544,314.6985719031894,1202286
2011-01-17,316.7995300292969,317.9870882885451,308.304051754224,311.5012789576012,1386575
2011-01-18,323.9248962402344,326.11727571151096,317.34772994878716,317.48474843868865,1447030
2011-01-19,321.1387023925781,328.4009885334461,319.7227982940365,324.9753871231528,1405651
2011-01-20,320.9560852050781,322.6460544843584,314.2418995092259,317.16509112082537,859912
2011-01-21,323.3767395019531,324.2902331163654,315.3836703758455,317.11930266770634,856676
2011-01-24,318.3525695800781,325.2037726556896,317.4390758366633,322.5089549615691,569047
2011-01-25,313.46539306640625,321.45846384628936,311.5927419204525,319.63147623945895,575872
2011-01-27,304.6045227050781,319.26608723386926,303.6453374760875,318.6266304145422,1991066
2011-01-28,306.1117248535156,311.40997682336655,296.6570600881176,310.6791930611849,2036442
2011-01-31,303.4169616699219,307.5733752080744,297.7989803462751,305.1069307842204,1470117
2011-02-01,300.5394287109375,305.6549990304765,298.9408147284325,303.7366566759475,663464
2011-02-02,297.3421936035156,305.1068899034538,294.55604902340724,303.78231291300665,1167093
2011-02-03,300.9048156738281,304.0563800528956,295.97195532723066,296.33734722742025,1111962
2011-02-04,296.2460021972656,300.9048257440389,294.14497779265025,300.9048257440389,2033304
2011-02-07,287.33941650390625,292.22661310773606,281.8127910715391,286.0148674377558,2238367
2011-02-08,289.394775390625,294.51034537471264,287.43076963071655,291.2217626793982,1192460
2011-02-09,284.64471435546875,290.85646193260857,282.0869146231705,290.0343229705786,1820152
2011-02-10,283.822509765625,287.75052160795707,270.66817790431134,285.01004044978606,2212388
2011-02-11,284.2335510253906,286.38026673432876,280.3968943220258,285.0100262236382,780201
2011-02-14,285.9234924316406,291.08472561726444,283.2743666076366,285.9234924316406,504557
2011-02-15,283.0460510253906,290.21698271607136,280.8993350841831,287.75053837891926,974648
2011-02-16,279.3464050292969,286.5630286650248,278.56995756764735,284.9187230269925,873172
2011-02-17,278.79827880859375,280.6252661457992,276.0577978027856,279.5290625924302,963579
2011-02-18,280.6709899902344,284.9644223063081,279.11803926885784,279.52912265911056,2018104
2011-02-21,279.7117919921875,282.5436002603346,277.83911311432985,281.3560695593449,1014326
2011-02-22,278.79827880859375,279.8030995419652,275.8750879180193,278.7069238662106,1019667
2011-02-23,276.92559814453125,281.26469304035925,275.87508600843256,278.6155669952713,1016685
2011-02-24,272.860595703125,279.3920704742617,270.074423024483,274.0481264332891,2313090
2011-02-25,275.5553894042969,280.4425866361838,273.1803000331575,275.783762846183,1527706
2011-02-28,273.7283630371094,278.6155595756809,272.3581225801798,275.87507866182176,814837
2011-03-01,279.437744140625,279.894491034571,274.0481363675861,274.0481363675861,1219413
2011-03-03,279.3464050292969,282.4979699273107,276.78863342918396,279.75748840820984,1978911
2011-03-04,277.8391418457031,283.91387021839944,276.9713394368146,283.5941696811148,1862924
2011-03-07,278.8896179199219,280.21419494765627,275.8750998343674,277.70208725048906,1168347
2011-03-08,280.8080139160156,282.63500168108743,279.52912805598953,282.63500168108743,1343011
2011-03-09,275.4183654785156,282.634960524154,274.1394798047192,281.3560748503576,1853817
2011-03-10,273.9567565917969,276.7885926532109,272.4038340196518,276.7885926532109,910790
2011-03-11,269.708984375,274.6418442207307,263.99964939669775,272.9062119628493,1732461
2011-03-14,274.13946533203125,275.4640144723295,266.1007040341282,269.48064187993975,860558
2011-03-15,271.90142822265625,274.96163807576744,266.8772122445276,270.89657945150674,1730529
2011-03-16,270.3941955566406,277.19973629180066,269.7547386728567,272.6779303164096,965062
2011-03-17,272.358154296875,274.0481232994114,268.56716083342315,269.48065457775454,703456
2011-03-18,267.6993103027344,275.7380713691539,264.68479232633615,275.4183430073869,1955596
2011-03-21,262.8577575683594,269.93733227263317,261.30480744992644,268.6584469338346,928949
2011-03-22,266.37481689453125,268.3844866731092,263.2689433257322,263.3602704102336,2032750
2011-03-23,277.6564025878906,279.5290533958699,267.470926215983,267.65363609473815,1365504
2011-03-24,279.48345947265625,279.98586994794204,276.2405395215646,278.4786106444642,716604
2011-03-25,280.99072265625,283.1374388466627,278.2502410202221,279.9858738141823,1190776
2011-03-28,281.4473571777344,285.69509644138896,276.01205961957214,281.812749007733,2006325
2011-03-29,286.8370056152344,288.6639929121467,279.9858032518132,281.4473986648658,1016484
2011-03-30,299.4889221191406,303.9650357782178,286.1519082119511,286.4716365899457,1611381
2011-03-31,293.8252258300781,300.7677831192106,290.8563714788634,300.53940970757867,2717130
2011-04-01,292.18096923828125,298.2100333105191,289.7602164780023,294.9671139076865,1310131
2011-04-04,288.801025390625,295.69791949753386,287.97888664266384,295.69791949753386,1267899
2011-04-05,293.4141540527344,294.37331117705304,289.80584319913135,290.9477101936118,826522
2011-04-06,292.2723083496094,297.79893385445155,290.6736944408815,294.14495920593066,1374425
2011-04-07,292.7290954589844,294.5560830346307,291.7699102551992,292.7747589973283,641702
2011-04-08,290.5366516113281,295.28682986303215,289.6231579381246,295.28682986303215,959923
2011-04-11,291.8155517578125,294.0535944286043,290.03422802519515,290.49097484098286,973892
2011-04-13,296.20037841796875,296.8854987998145,289.57754806012673,291.6329092056639,1129432
2011-04-15,293.8252258300781,296.88543512146833,292.3179668888303,296.88543512146833,687572
2011-04-18,289.2121276855469,294.0536334238972,286.47164642739756,294.0536334238972,735023
2011-04-19,290.308349609375,293.18587768993444,286.4716919646647,287.84193281155154,465402
2011-04-20,294.19061279296875,295.789226647656,288.84669735224776,291.5871782459973,708840
2011-04-21,293.688232421875,295.42386492287295,290.67371428212147,294.37335271523864,702285
2011-04-25,292.0896301269531,295.9263150748201,291.1761363658055,292.31800356724005,494776
2011-04-26,290.2170104980469,293.8709859383616,285.4668312745896,292.2723716832239,670265
2011-04-27,291.7242736816406,292.5007490485855,288.25298024048163,290.94779831469583,582802
2011-04-28,282.1781921386719,292.22662261732563,278.295843999192,288.6640028413259,1930464
2011-04-29,282.7262878417969,285.55812376403884,279.1179767328349,284.0965283321448,1790789
2011-05-02,287.65924072265625,288.52707113055936,283.22878946740417,285.4668608071817,485952
2011-05-03,283.4571228027344,287.75055493213455,282.26959198104623,285.19278337267434,671267
2011-05-04,282.4522705078125,286.56299226429843,279.072332579211,282.9090173696443,826435
2011-05-05,277.38238525390625,282.26958263228664,274.0481384779482,282.26958263228664,901442
2011-05-06,279.1180419921875,284.78171516086974,269.93743971142584,273.1346682697676,1998125
2011-05-09,276.7886047363281,281.2647185113263,276.2405029138022,278.8896291987915,1621129
2011-05-10,278.3871765136719,280.07714526081145,276.10344249797316,278.158803112102,422029
2011-05-11,278.1588134765625,280.53390251690973,277.3366747757998,278.5698967657506,492997
2011-05-12,277.5650634765625,278.93530401252286,275.875094573355,277.7020819546355,456815
2011-05-13,281.5387878417969,285.4667998567793,274.13948281398575,277.5193929977197,2078679
2011-05-16,277.9761657714844,282.90905483461097,276.057850999846,282.54363499466103,1284416
2011-05-17,279.5290832519531,282.0868545620355,277.3823673965537,280.25986708980054,487160
2011-05-18,278.84393310546875,282.17817930991316,277.2909827692332,282.17817930991316,795153
2011-05-19,280.2598571777344,281.0820238132554,278.06747786411444,278.3872062359709,339286
2011-05-20,288.2073059082031,289.303509664924,279.07236752759445,280.488271825541,700623
2011-05-23,283.2743835449219,288.6639904493071,278.70691534161006,288.57263550971817,1264900
2011-05-24,286.7913513183594,287.52213510960956,282.4065649380142,285.7408112867171,851889
2011-05-25,284.9643249511719,288.389925774222,284.1878498557584,285.92348203058157,473800
2011-05-26,292.6377258300781,295.926308876856,281.35607254066764,285.6495042791855,3108874
2011-05-27,291.2674560546875,295.9719427795182,289.8515241697604,291.0847461735312,927631
2011-05-30,300.9961853027344,302.36642590350556,291.40450109733615,291.40450109733615,1490087
2011-05-31,297.84466552734375,305.9290918622722,296.3374062155213,305.9290918622722,2143111
2011-06-01,298.9408264160156,300.0826935910195,296.2003451960063,297.84462277696525,644602
2011-06-02,297.06817626953125,304.65016318270176,295.97197262727246,295.97197262727246,1433409
2011-06-03,296.5200500488281,300.3567067257958,295.3781829644423,299.6259229428346,492898
2011-06-06,303.0058898925781,303.73667374603303,295.9719768232021,297.7533007977219,1655179
2011-06-07,308.3955383300781,309.6744241818537,302.36647316871256,302.8232201070339,2421958
2011-06-08,305.9747619628906,308.3955149771606,301.1789194736768,306.8425643534153,567554
2011-06-09,306.5685119628906,308.7152278781349,303.4626387490307,306.0204101304172,390171
2011-06-10,303.69097900390625,308.2584473127175,301.5442633232421,306.93387035211657,662065
2011-06-13,310.49652099609375,312.2321535508618,302.00104024624017,303.2799259246158,1859632
2011-06-14,306.38580322265625,311.45571034526097,305.3809545055764,310.58788011741535,1341901
2011-06-15,304.2391052246094,307.6647070453832,303.2799478658403,306.20313923728156,1120164
2011-06-16,301.0875244140625,305.974721208597,299.1691820983668,303.2799036844512,1028314
2011-06-17,299.9913024902344,303.4169036024347,295.9719360941086,301.9096446885892,572793
2011-06-20,290.1256103515625,301.1788899125708,283.2744074679973,298.3927173466848,1809566
2011-06-21,288.6183776855469,291.58723253991343,285.64952283118026,290.85642077226754,1277281
2011-06-22,294.784423828125,295.69791751475987,288.2072581333078,289.57749866326014,787196
2011-06-23,288.6640319824219,293.27716438046104,286.8370444382293,292.86610890958826,1474766
2011-06-24,298.4840393066406,301.27018368699646,289.1207297338998,289.16639326369733,1467053
2011-06-27,302.640380859375,305.1068244234222,294.55598580772767,300.53935699193386,892242
2011-06-28,302.6861572265625,307.20793452646797,300.17404943407615,302.82317571244755,925087
2011-06-29,303.462646484375,305.56367103852546,300.85918362197606,302.1837328834647,1522486
2011-06-30,302.412109375,306.75120489682064,296.42873617490517,302.91454768830806,2509477
2011-07-01,298.62109375,302.8231704692901,297.1138346761286,302.09238663881194,357118
2011-07-04,301.4072265625,304.0106610384753,299.2148196051971,299.2148196051971,569271
2011-07-05,299.5802917480469,304.19342411587434,298.3927331255286,301.4529428175331,490638
2011-07-06,299.12353515625,302.3664267696513,297.3422112190982,301.4529330331871,375460
2011-07-07,305.79205322265625,306.47717358088477,298.8038311442492,300.9048557584358,624035
2011-07-08,303.8280029296875,308.71519968333666,302.7774907753328,307.07089433608985,488170
2011-07-11,299.8086853027344,305.97476863766394,298.75814509913243,305.97476863766394,543641
2011-07-12,294.6930847167969,299.580281778389,292.0896219944893,297.06817400517605,1045989
2011-07-13,295.0129089355469,296.8855605510495,290.8564943612569,296.0634214973563,897243
2011-07-14,300.6308288574219,302.0467331609074,293.6882700854761,294.28203550701454,703778
2011-07-15,296.0633239746094,301.452931415299,294.6017284285877,300.53943768373756,1029496
2011-07-18,289.6231689453125,296.01762490075964,287.2481076068103,295.5152145124493,3285461
2011-07-19,291.45013427734375,292.7747112045094,288.9380267709088,292.31796438515755,1175581
2011-07-20,290.1712646484375,293.18581054780384,287.7961754822257,292.3179803924677,917360
2011-07-21,288.709716796875,290.30833101585574,285.46682481799047,289.1664637165838,1711669
2011-07-22,293.64251708984375,295.0584209619915,288.8923394093802,292.0895668811046,869331
2011-07-25,289.5318603515625,295.5152333691963,287.75053635640444,295.5152333691963,1236691
2011-07-26,284.7359619140625,291.3587904127211,284.09650525280244,290.4909603549556,860383
2011-07-27,284.279296875,287.2481518833639,280.7166485628674,285.0100808029339,1295582
2011-07-28,281.3561096191406,285.01008506873984,280.5796342605767,284.09659120634007,1830649
2011-07-29,280.0772399902344,283.548505717124,278.6156441503149,282.63501180187706,1110033
2011-08-01,280.3512878417969,283.63987163922553,279.1637568571585,283.18312466396105,403072
2011-08-02,286.42596435546875,287.7505414911577,279.0723505572974,280.8993381223206,1343721
2011-08-03,286.19757080078125,287.3851293611758,283.1830526813487,283.9138365049639,649365
2011-08-04,280.0772399902344,288.16166671569414,278.6156441503149,286.47169739696295,835136
2011-08-05,281.6300964355469,285.101389220595,270.85088193131634,276.7885909787145,2018495
2011-08-08,277.8847961425781,282.4522646664363,272.31247896794804,277.6107313045773,1317365
2011-08-09,268.8733215332031,274.94228733427593,266.66643253157196,274.94228733427593,2647287
2011-08-10,274.7583312988281,276.22959978955674,269.74685895686525,273.1031717855787,1854213
2011-08-11,270.252685546875,278.94234607915956,268.1377556704431,274.02280355723445,1110907
2011-08-12,269.425048828125,274.4825156150011,268.1836650043777,274.4825156150011,1230527
2011-08-16,262.39056396484375,272.9652666844962,258.48252165540697,272.9652666844962,917021
2011-08-17,266.29864501953125,267.9538048959711,258.52852501364083,265.7009499564901,1048823
2011-08-18,261.60894775390625,268.0457232698196,260.1376791664175,268.0457232698196,792200
2011-08-19,262.1147155761719,264.4595580697926,252.41358536004105,255.21816952808334,1531095
2011-08-22,266.6664123535156,268.45952531660043,256.3215946329051,262.988254941743,1106711
2011-08-23,259.4940490722656,268.91932861845993,258.1147398703835,268.0457548990876,1635742
2011-08-24,258.39056396484375,264.45952944263314,257.5169903351345,260.2296427119245,1502948
2011-08-25,257.3331298828125,262.06875260697103,255.63197622715066,260.6894433827238,1543896
2011-08-26,254.89634704589844,260.96528497289654,252.22966018826452,258.39058573490445,815774
2011-08-29,256.6434020996094,259.8617893719317,252.13766553078014,257.47098178578455,934052
2011-08-30,258.1146545410156,259.7238480778995,255.08015846276965,255.08015846276965,1206185
2011-09-02,257.287109375,266.57446280035526,255.21814575330717,265.8388425152661,1878819
2011-09-05,252.41357421875,261.2871241298638,251.0802308167916,257.2411562393272,1578501
2011-09-06,253.83876037597656,254.71233375630115,250.8962520579331,252.41348597871718,791743
2011-09-07,260.68939208984375,261.56296565149773,253.976766410788,255.6319259293706,1282518
2011-09-08,268.0456848144531,269.37902791916326,259.8157975035392,262.0686798357432,1226712
2011-09-09,264.2296142578125,270.3445447772567,262.9882306336579,269.8847751432818,1635398
2011-09-12,267.95379638671875,269.2411460344146,259.21817140733697,263.4020928399957,1787978
2011-09-13,263.999755859375,275.49399785898106,263.0802164994065,270.06872124758985,1919198
2011-09-14,259.4940490722656,267.35610029814654,258.3905904859129,266.5744861379899,1619641
2011-09-15,261.1951599121094,262.06873358222987,258.6664265178949,261.60896387419086,603352
2011-09-16,259.95379638671875,264.6894186256705,258.8963036401177,261.1491863670741,706838
2011-09-19,254.9422607421875,260.68938113763807,252.5514530452578,260.68938113763807,1715520
2011-09-20,259.6779479980469,260.22967730794323,254.75840608315855,256.2296748888427,928700
2011-09-21,260.68939208984375,262.89628080199134,258.39054383508324,259.6319275050764,680118
2011-09-22,255.40206909179688,261.33310946386933,254.11471954048096,258.39057215047677,876968
2011-09-23,261.0112609863281,263.26411565043674,254.71241056393063,255.4020651051687,1396370
2011-09-26,263.86187744140625,265.5170373585338,258.16072117197706,263.4480734310647,1029803
2011-09-27,262.850341796875,266.66642467549786,261.7009175525841,265.7468852800651,698612
2011-09-28,264.5054626464844,266.11465635221384,260.13765115950434,266.11465635221384,990180
2011-09-29,265.1492004394531,266.66643488759723,261.1491983037159,264.5055116131537,1105889
2011-09-30,258.7123718261719,265.5629223544375,254.71237050367398,265.2411060688326,1002433
2011-10-03,261.4710388183594,264.1376975150524,253.93080437463246,257.51700248826216,836310
2011-10-04,257.3331298828125,263.907831572634,256.22967127856754,261.8388677362631,773286
2011-10-05,258.5284729003906,260.8273211887848,255.72388921339484,259.3100869308672,1009809
2011-10-07,262.1607360839844,266.52854902589917,260.36762270403426,262.0687765148884,1048259
2011-10-10,259.8158264160156,265.42502194034506,258.2066325888293,262.06870899892186,1340422
2011-10-11,258.1606140136719,263.81577412229785,257.05715581886835,262.52842493643215,1364283
2011-10-12,263.2640686035156,263.86179154879727,258.8502915532073,260.36752566036887,756934
2011-10-13,264.5974426269531,266.85032521386984,262.5284791311733,264.5514768852256,661663
2011-10-14,264.36761474609375,267.81588798191234,260.2756526147412,264.8273845108696,2068403
2011-10-17,266.4825134277344,267.4940124049535,261.24115555651645,265.7468931145475,1533751
2011-10-18,262.98822021484375,265.74683790940503,262.0686809833233,263.49395556733583,1961097
2011-10-19,265.65496826171875,267.99981093277074,262.988309200432,264.82738828574975,2735464
2011-10-20,265.5628967285156,266.6663549393146,262.62038826989834,264.82727662938834,865538
2011-10-21,263.8158874511719,266.2986554249626,263.1722266127918,265.700960338567,1327476
2011-10-24,265.8388671875,267.4020674539223,264.6434490356407,265.1951783317205,463472
2011-10-25,265.2871398925781,270.8963363311533,264.09174979381925,268.8273725018351,2941452
2011-10-28,273.65496826171875,275.8618575093698,270.3905861105863,274.85035841941163,1146804
2011-10-31,271.6319274902344,275.12619397472776,268.5514649519688,275.12619397472776,739899
2011-11-01,265.74688720703125,271.9537781712093,264.18365899861425,268.8273498164909,2449813
2011-11-02,266.5284729003906,266.6663981835803,263.31008533610606,265.70089313913996,2896907
2011-11-03,267.6319274902344,268.8273455311784,264.4595334408275,266.8043476539593,927129
2011-11-04,270.43658447265625,271.12623912802917,268.04577605493955,268.8733560289631,523145
2011-11-08,267.4940185546875,270.29863069518785,265.74689922411494,269.8848267206842,297449
2011-11-09,264.82733154296875,269.28710298172274,263.9537579397697,269.28710298172274,391721
2011-11-11,263.8158874511719,265.93084522272835,261.14922840732385,263.49404300092203,1307991
2011-11-14,264.9193115234375,267.5859702190391,262.5285034279576,266.1606953482171,973134
2011-11-15,282.1606750488281,283.7698690247568,269.7928586947015,271.2641273708309,7112668
2011-11-16,285.5169677734375,288.2296200769679,280.4595013555505,283.2181194016707,2683485
2011-11-17,285.79278564453125,294.89624660453774,284.5973958528691,285.5169350963356,2492271
2011-11-18,288.82733154296875,292.8273335508006,285.05721438544776,285.9767537866912,2029913
2011-11-21,284.597412109375,292.1376455613504,282.57441443334875,291.4939568293114,1727095
2011-11-22,291.2181701660156,292.59747941265834,285.19516961840463,285.19516961840463,1228521
2011-11-23,288.45953369140625,293.33308150090056,286.9422711649841,290.0687277121792,1696679
2011-11-24,289.14910888671875,293.56288576420303,283.2180698993721,288.5513859648413,1138590
2011-11-25,290.48248291015625,297.01121808418196,288.0457091791641,289.19513339775614,1552974
2011-11-28,298.52838134765625,298.85022566463977,291.5858719455209,291.5858719455209,1332447
2011-11-29,300.5054626464844,302.9882302344045,298.94226251441063,300.1836463083707,1301001
2011-11-30,301.6549377441406,302.8963217473835,297.930813796532,298.8503533452867,1272622
2011-12-01,303.3560485839844,307.17213155875453,299.815816209948,305.5169718301195,1424873
2011-12-02,304.3675231933594,305.8847575001784,301.6089051583742,303.4020181059601,1140724
2011-12-05,302.8042907714844,305.7468278584259,302.11463627255563,304.36751886056834,659712
2011-12-07,298.896240234375,303.9077406776564,296.5514262285755,303.9077406776564,1497033
2011-12-08,301.8388671875,303.76990591826006,295.49404969682064,297.0572501458199,1255901
2011-12-09,299.447998046875,302.52846062923095,297.8388041073578,298.8503030531917,968288
2011-12-12,297.7928466796875,300.3675458299787,294.75834975743413,299.4480064102867,741997
2011-12-13,302.5284729003906,303.31008702942586,295.7238867211334,296.8733110102686,1003840
2011-12-14,300.275634765625,306.6664459893518,298.2986303064536,302.48255217896303,1375455
2011-12-15,302.9422302246094,304.1376200764065,295.6318816464541,297.654879308693,1809587
2011-12-16,305.0112609863281,312.6434275517138,299.21814534442245,303.4480326237222,1888200
2011-12-19,306.0226745605469,309.7927913860708,299.8617779520151,305.01120375794187,2012608
2011-12-20,302.344482421875,307.9077115053776,300.41347252162944,306.02263927889106,847263
2011-12-21,306.5284423828125,308.7812969122385,299.4020125493926,303.6318990952,1694875
2011-12-22,306.2525939941406,310.2525961016925,303.4480099752762,305.70089278933307,842722
2011-12-23,303.999755859375,308.91929766000544,301.700907173297,308.91929766000544,726169
2011-12-26,302.1146545410156,305.241110908236,300.36753531717284,302.52845849024044,440101
2011-12-27,294.16064453125,302.02272313384697,293.4250242458899,301.60891918451,1190651
2011-12-28,296.41351318359375,298.29855761415666,289.6548933920238,291.81581646308547,1122107
2011-12-29,295.5859069824219,298.75830059892286,294.0686447504961,296.0916423516563,1235842
2011-12-30,294.16064453125,299.35603645965773,292.4135253069335,296.3675334494453,1210890
2012-01-02,294.9422912597656,298.06871991167,291.0342484293556,295.0802165707682,550952
2012-01-03,301.5630187988281,302.85036860827785,296.27566617327426,296.7354359668007,819196
2012-01-04,304.2296447753906,305.4250348832073,299.1721775987356,301.608951625973,1239328
2012-01-05,308.0456848144531,310.9882219837951,304.22960209260737,304.22960209260737,1446292
2012-01-06,311.21807861328125,311.6778482504336,305.56288962661785,308.50542652923764,764727
2012-01-09,316.91925048828125,318.6204040008532,306.43650687816546,308.45950479508065,2368862
2012-01-10,317.9767150878906,321.1031715152098,315.86178568081294,317.2410947885894,1198771
2012-01-11,313.14910888671875,319.677843768829,312.64337347799676,319.0341830724659,1091338
2012-01-12,311.6778869628906,317.24108903857615,310.71235376767805,312.6433920959881,794478
2012-01-13,311.26409912109375,314.8043315625162,307.58594137667905,313.2411032962933,761454
2012-01-16,305.7008361816406,310.1146133754836,304.9192222034092,308.55138541902073,594867
2012-01-17,311.0801696777344,313.1031675948233,304.82731294473984,305.74685235030466,786285
2012-01-18,305.6548767089844,315.4019995073486,304.4134929643898,310.80430272152716,969633
2012-01-19,305.28704833984375,308.9192398084911,302.2525798673349,308.0456662465291,1101256
2012-01-20,310.6663818359375,313.1031555545559,304.82730122271744,306.66637996312596,933672
2012-01-23,314.16064453125,316.22960827432996,310.71237162611675,313.33306464644136,1177690
2012-01-24,316.873291015625,318.5744445618728,313.7928283338439,314.52844864794855,1602434
2012-01-25,314.75836181640625,318.1606692149395,313.28712105585873,317.2411297085379,756243
2012-01-27,317.7468566894531,320.36754982482785,313.88480770342755,318.52847086135336,1135637
2012-01-30,313.9767150878906,319.99968646753484,312.36752126226366,315.493949368202,1011443
2012-01-31,322.0687255859375,324.4135402004732,312.3216007980362,317.14918340853205,1068217
2012-02-01,320.7812805175781,326.1605908689861,319.44793734888236,322.0686298854259,1192931
2012-02-02,312.9652404785156,321.93074963069546,310.89627682801256,320.9652164231914,1340236
2012-02-03,317.3789978027344,319.8157714429559,312.9192263883023,313.56291515158216,1054585
2012-02-06,324.45947265625,326.4824424350969,319.99970109466295,322.48246862110534,1529667
2012-02-07,325.2870178222656,330.98817253968423,322.85024436124905,330.98817253968423,1164332
2012-02-08,323.9077453613281,327.63186861118305,320.09166256140327,325.93074321440656,1007241
2012-02-09,324.04571533203125,327.21813784308296,322.06871101247265,322.06871101247265,1110970
2012-02-10,321.6088562011719,325.2870132413568,318.7123131444485,324.0456296278722,1348441
2012-02-13,314.57440185546875,324.8732252342846,311.8157839404464,324.8732252342846,1501856
2012-02-14,295.3560791015625,309.4709870438604,294.34458010599974,309.4709870438604,5296934
2012-02-15,292.7813415527344,300.5974265116032,291.4020324423458,299.3100769543303,3535742
2012-02-16,298.98822021484375,302.52845239788013,290.7583596996473,292.41351933898443,2001270
2012-02-17,295.8617858886719,301.9307512116315,293.608903256127,301.51694727924934,1768936
2012-02-21,296.0456848144531,299.67784816255306,295.17211126654536,297.6548785674639,764907
2012-02-22,292.5054931640625,298.5284651000562,290.8962991897923,297.01123067959605,1137084
2012-02-23,289.9307556152344,296.09168069300944,287.9077858142281,291.4939837878385,2104238
2012-02-24,288.6434020996094,293.4709837832289,287.9077818298084,290.6204061290497,1081680
2012-02-27,288.3215637207031,294.25260399481976,286.25260009886455,292.3215656686807,1423323
2012-02-28,293.5169677734375,296.3675172701772,288.8732772815002,289.6548913308474,1173064
2012-02-29,291.447998046875,299.7238519083619,290.57442446998397,295.1721210596989,1252248
2012-03-01,289.7928466796875,294.25261854188625,286.2986080593492,293.24111955322525,1201944
2012-03-02,290.1147155761719,293.24114429959275,288.73540631035803,293.24114429959275,1129556
2012-03-05,287.86181640625,289.60896382799007,285.05723228123315,287.2641213703418,482920
2012-03-06,281.700927734375,289.6089729428449,279.9997740693135,289.6089729428449,1648717
2012-03-07,284.1376953125,285.6089640721727,279.17218780295747,281.700921337292,1856834
2012-03-09,282.8043212890625,286.43651301603785,282.29858586171304,285.976743332224,1291983
2012-03-12,278.16064453125,286.068688302247,276.4135254342201,285.97672875774794,3205351
2012-03-13,283.0341491699219,284.45945174016924,278.71233184911245,280.6893354792142,884064
2012-03-14,284.91925048828125,287.81579359736594,284.13763649069034,285.0112100283705,4585070
2012-03-15,283.0341491699219,286.34449583959235,281.83875945742557,286.34449583959235,407449
2012-03-16,277.8847961425781,285.51696134002657,276.09168322815776,283.31007256527994,720011
2012-03-19,277.1031799316406,280.22960800989443,275.8617962361553,279.86179789400217,510642
2012-03-20,280.7812805175781,281.8387449105306,276.78127966743784,277.24104923499175,740948
2012-03-21,282.252685546875,284.0457708921336,278.25268275803506,281.3791117202806,741547
2012-03-22,275.4940185546875,281.8848007492893,274.0227498557902,281.8848007492893,1025331
2012-03-23,276.9652099609375,278.48244398302626,273.19509374155035,274.0226733843162,1408089
2012-03-26,265.74688720703125,276.965279137503,263.2641195965138,276.965279137503,4507034
2012-03-27,275.8158264160156,278.6204100780953,267.5859383918341,270.252596770258,9810527
2012-03-28,276.275634765625,278.62044910253235,274.1147114786441,275.86183079458647,1815715
2012-03-29,275.17218017578125,277.42506305119,271.2641375166432,275.7698752053437,1258331
2012-03-30,280.5514831542969,281.3330972751128,276.32159620233705,276.96528502233036,695442
2012-04-02,284.2756042480469,285.01125261657427,279.5859476238546,280.4595212920697,444510
2012-04-03,286.48248291015625,288.551446517294,285.0572080945296,285.97674747547967,1018547
2012-04-04,281.0571594238281,286.43646952001285,280.4594645380543,283.2180822220352,475752
2012-04-09,285.6089172363281,286.8962666666405,277.88479259234117,278.6204128204874,782999
2012-04-10,285.9767761230469,288.6894287934341,283.0342385843935,287.81585506917577,865847
2012-04-11,285.19512939453125,288.5054767320066,284.3215838321333,285.88478392058386,1154930
2012-04-12,286.85028076171875,290.5744035058577,285.28705280915295,286.2525577984895,1661288
2012-04-13,288.7813720703125,290.4825257772946,286.8963272984873,289.3790952018794,1367848
2012-04-16,287.3101501464844,292.0457733240952,286.43657632929956,286.9423118684356,433148
2012-04-17,288.7813720703125,291.1262146595426,287.90782637254034,290.5744853407756,1106571
2012-04-18,288.68939208984375,294.0227091306996,287.8158184766504,288.96524267184475,878193
2012-04-19,294.0687255859375,295.81587311362046,289.0112582549203,289.6089813891902,973969
2012-04-20,295.9537048339844,297.01116932908076,292.6893237517702,295.0801313464077,1324004
2012-04-23,289.9307556152344,298.80433309190624,289.195135335253,297.88479371087203,745472
2012-04-24,288.59747314453125,293.0572452617524,287.49401453705366,293.0572452617524,571537
2012-04-25,286.9882507324219,292.505487101278,286.57444677991157,290.4824892078513,887751
2012-04-26,283.7239074707031,290.02275879067685,280.459553401857,289.47102946664285,1778499
2012-04-27,285.5628967285156,286.8962398372186,281.93073360630416,283.31004245167543,1100954
2012-04-30,286.89630126953125,289.3790689476718,285.88480228724745,285.88480228724745,2006375
2012-05-02,292.4594421386719,293.2410560999667,285.3790068743847,287.12612580650176,1568155
2012-05-03,292.0917053222656,296.91928751149,290.3445859519222,294.2526286765324,1289672
2012-05-04,299.7698974609375,303.0802454993106,293.47104584358266,293.47104584358266,4511925
2012-05-07,301.1950378417969,304.64330965983964,299.76976338184903,303.4479199877613,3128065
2012-05-08,298.85028076171875,302.8962481811471,295.7238526677111,301.51693919301607,2100908
2012-05-09,296.9192199707031,300.27553264065443,291.53990971392886,297.9307187641146,1228030
2012-05-10,300.1376647949219,304.5054770940484,294.8043473176771,300.643428319459,2621395
2012-05-11,293.24102783203125,304.55137615680536,290.57436992300745,302.436419285291,1542531
2012-05-14,294.62042236328125,296.6893860428859,287.6779110187875,293.05722219818284,1039803
2012-05-15,298.6203918457031,301.1950906968179,293.14912170944325,293.33304079685695,1133689
2012-05-16,295.9077453613281,299.3560178510676,294.29855153278305,296.0916644522929,871437
2012-05-17,288.73541259765625,299.0342665648408,286.43656377124177,297.0112683727483,2394051
2012-05-18,290.896240234375,292.96520349626655,284.13762129977385,287.5399276663952,936240
2012-05-21,287.3101501464844,292.7813937559514,286.8963461147398,289.65496482738155,662807
2012-05-22,286.48248291015625,291.03421407070516,285.7468626302421,290.5284786360286,859193
2012-05-23,285.0111999511719,288.9192417388373,282.8962428523453,287.2180885247255,871363
2012-05-24,284.7353210449219,286.89624387886755,283.26405264337734,285.424975477323,668709
2012-05-25,284.41351318359375,285.70089073891666,282.39054342629856,285.0572019612552,505242
2012-05-28,288.3215637207031,290.206636302314,284.55147468171157,285.0572101199816,534748
2012-05-29,285.33306884765625,290.6664142844118,283.31009897477594,289.9307659161787,1474569
2012-05-30,281.6549072265625,286.2985980376471,280.45951723042657,285.4250243820831,758573
2012-05-31,284.9653015136719,286.3906046563503,279.3561046348097,281.379102873783,2356059
2012-06-01,283.7239074707031,286.2526411489166,281.9308222452414,285.7009398870017,1007264
2012-06-04,280.0917053222656,282.9422830591158,278.6664024227828,282.9422830591158,397437
2012-06-05,284.82733154296875,285.2411355012915,280.13767495114564,280.4595193562727,832799
2012-06-06,284.2756042480469,286.80433763674586,282.75836982725065,286.2526083758793,938541
2012-06-07,283.2181396484375,287.1261821598202,282.29860023399453,286.6664124525987,579491
2012-06-08,284.3216247558594,285.05724513135095,276.8273553777113,278.0227735655332,920120
2012-06-11,277.5169372558594,286.0686692053545,276.82728281132484,284.96521086925475,1222161
2012-06-12,279.723876953125,280.59742248417336,275.8618005209858,276.36753593042886,1042642
2012-06-13,278.85028076171875,282.06866817364295,278.25258585478366,281.37901372823063,2002747
2012-06-14,281.9767761230469,283.44804490447996,278.7124221916543,279.3560829908252,956446
2012-06-15,283.6319580078125,285.7468875435453,279.53999618097436,280.9652711208659,1910992
2012-06-18,280.9192810058594,287.310090931166,279.99974162449814,285.057208221985,767775
2012-06-19,285.0111999511719,285.19509096273674,281.9307378708252,282.4824670297413,1410524
2012-06-20,283.86181640625,285.7468609009437,282.6204326370571,285.05720636940487,891021
2012-06-21,285.05718994140625,285.9767292637979,283.3560365825591,284.50546073554864,530095
2012-06-22,288.5054626464844,291.40200590206626,283.72384694112367,284.13765086139813,825032
2012-06-25,281.60894775390625,290.5744571109694,280.4595234773597,290.3905380018755,744627
2012-06-26,283.2181396484375,286.43652759898794,281.1491759659408,281.6089456731623,1211155
2012-06-27,283.6319580078125,285.51700267826493,281.1491902379372,284.13769348658246,737342
2012-06-28,283.2181396484375,285.10318422319926,281.6089456731623,285.0112527314477,1037836
2012-06-29,291.0802001953125,292.32158405893546,284.27561391227175,284.59745833056166,2159352
2012-07-02,290.0686950683594,294.0686687344374,288.45950122868226,290.8043153130806,1064183
2012-07-03,288.7813720703125,293.79287362777785,288.0917174373834,290.20667514897053,849875
2012-07-04,290.8043518066406,293.1951599951819,289.9307781020584,292.4135458482584,437634
2012-07-05,298.34454345703125,298.8502788579456,289.1031564581562,289.47096657355877,1301985
2012-07-06,301.5169982910156,303.1721862384613,296.45953100992716,298.94229890003623,1255086
2012-07-09,296.96527099609375,301.74685920855444,295.90777819886404,300.5514691709684,482683
2012-07-10,301.0571594238281,302.7583127311714,295.17211355111925,295.2180792910019,1516731
2012-07-11,298.8043212890625,301.60890506558906,297.47097801438434,301.60890506558906,919965
2012-07-12,300.1836242675781,301.3790141668117,297.93074169350723,297.93074169350723,894092
2012-07-13,302.3905944824219,305.7009425608092,300.22967087138284,300.59748108851016,1489295
2012-07-16,306.1606140136719,308.6433532284542,301.65484909915216,301.65484909915216,1041425
2012-07-17,305.1951599121094,310.34458681690256,303.21815556406995,307.1261985091717,1042014
2012-07-18,303.3560485839844,307.8158203766215,301.6548950471497,307.2181253669542,710533
2012-07-19,305.79278564453125,308.045668173932,304.6433615095539,304.6433615095539,606579
2012-07-20,299.447998046875,305.9767333567678,298.6204182046892,305.3790383630845,468739
2012-07-23,301.5630187988281,302.896334362782,298.0687515307546,298.0687515307546,801928
2012-07-24,299.67791748046875,303.53999460586897,298.2986082302713,302.8963057309294,681402
2012-07-25,301.746826171875,303.1721289736887,297.93074355664316,300.78132109815715,1222772
2012-07-26,301.2411193847656,305.47100632610454,298.9422708364419,303.4480083787332,1712900
2012-07-27,300.2296142578125,303.9077718597459,298.8503051570875,302.5284627590209,514074
2012-07-30,306.34454345703125,308.7813172383769,302.5284605848731,302.5284605848731,1135243
2012-07-31,311.35601806640625,314.8042905020307,308.1376304598234,308.9652102319507,2641073
2012-08-01,327.45111083984375,336.3311466100852,323.8436042475488,333.0011296676377,6571518
2012-08-02,322.9648132324219,327.45108372584895,322.31732802677305,327.45108372584895,1868257
2012-08-03,323.6585693359375,327.2198368098865,319.12605992766316,322.73356626368343,1776920
2012-08-06,325.09228515625,328.0522775413681,323.79725849460914,328.0522775413681,755121
2012-08-07,325.36981201171875,327.4048299455503,323.93606862346377,325.8323135213303,837285
2012-08-08,324.7223815917969,328.3299168717793,323.8436454362789,325.647384847411,1206082
2012-08-09,325.5549011230469,327.4049076002823,323.2423930265026,325.83239080308874,1178923
2012-08-10,323.7048645019531,329.2548834168337,320.6523371614552,323.1960958307755,1006539
2012-08-13,323.6585693359375,326.4798456436246,320.6523093511117,320.6523093511117,740797
2012-08-14,323.28851318359375,326.43351739425964,321.4847462390988,321.4847462390988,786725
2012-08-16,329.3011474609375,333.41742309574244,324.12112376521856,325.36988376231676,2587741
2012-08-17,328.329833984375,331.70608936925356,325.69356972563213,330.2260788881302,1742431
2012-08-21,332.9548645019531,337.996114268341,329.34732996576423,329.7173537748065,2452224
2012-08-22,333.278564453125,336.7010867917241,332.07607186326635,334.20356743881655,1371314
2012-08-23,336.79364013671875,340.3086406855108,334.3886263896666,336.5623893577494,1848883
2012-08-24,339.1523742675781,340.35489521112896,334.11112440950586,336.70112174678576,1811574
2012-08-27,340.5398254394531,344.0548535355943,337.4873270404286,340.12359105532215,998529
2012-08-28,340.16986083984375,343.86987292239814,335.3135949814911,342.2511176362806,1314100
2012-08-29,338.9673767089844,344.88739054382955,338.31986328675094,342.2048873624461,1687287
2012-08-30,344.3786315917969,346.78364521902523,338.18112796150655,341.0486431236306,2867423
2012-08-31,348.21746826171875,354.3687339371099,344.0549538338644,344.1011927026308,3405168
2012-09-03,355.94122314453125,357.55997875852063,348.95746021571995,348.95746021571995,2102747
2012-09-04,351.2699279785156,356.0336883079636,349.74367850601254,356.0336883079636,1149112
2012-09-05,345.58111572265625,353.44364097868817,344.33235606563403,347.8936231509009,939283
2012-09-06,346.87615966796875,350.2524153096328,343.6848877074818,345.7661446654896,1184777
2012-09-07,352.7036437988281,354.1836542915553,347.52364941756144,349.6511450935208,2121094
2012-09-10,358.1148986816406,365.7461732798613,356.357398662366,365.32993887545064,2883138
2012-09-11,360.33489990234375,362.5549296394875,358.02239245019456,358.8086506296954,1344010
2012-09-12,351.0386657714844,362.6012041697546,349.5124163486834,362.6012041697546,2700739
2012-09-13,341.8811950683594,351.3624780542401,338.8749346094216,351.0387212821214,4000689
2012-09-14,341.6036682128906,346.87619770961976,339.2449213600081,346.87619770961976,2461131
2012-09-17,341.9736328125,343.1761254646357,330.50357261281033,341.3261193974409,3307433
2012-09-18,337.3948669433594,345.90490640728973,336.60860869470497,341.9736433928709,1185503
2012-09-20,333.8336181640625,336.97862310558287,330.0410997512638,335.77613034904283,2283728
2012-09-21,334.2036437988281,339.42993444518714,331.42863420770965,334.11116606221003,3633903
2012-09-24,328.93109130859375,336.70111130840166,326.0635761983835,333.0936050472965,3217311
2012-09-25,335.7761535644531,338.1811674726696,328.3761281415451,328.3761281415451,3822261
2012-09-26,345.4424743652344,346.59872842559616,335.7761791290662,335.7761791290662,2759519
2012-09-27,343.5924377441406,347.75495199649407,341.60365835159774,346.87618769612135,1693677
2012-09-28,351.5937194824219,353.44372586935503,337.71867158042306,341.8811859510227,3138518
2012-10-01,350.483642578125,358.1611846678732,349.8361573941465,353.3511576181791,1100715
2012-10-03,352.472412109375,356.5424482417665,350.62240595059836,351.0386686278646,2073432
2012-10-04,338.597412109375,353.5824753312414,336.6086608631592,351.4087121523674,4661063
2012-10-05,336.9324035644531,342.9911630164855,296.27850308510625,341.5111805324378,4565990
2012-10-08,339.8461608886719,343.17617796482966,335.7761525639708,336.70115573907816,1298736
2012-10-09,344.0086669921875,346.4136808360192,340.0774035915117,342.0661547249059,1134986
2012-10-10,339.75360107421875,348.2636402279022,337.62610540022393,344.1011265996803,1757299
2012-10-11,333.23236083984375,342.6211364918507,330.5498575433923,341.5573885915678,2736262
2012-10-12,336.79364013671875,338.64364636847347,334.1573756106973,334.7586219902466,1106140
2012-10-15,342.0198669433594,342.3436236464122,333.7410786155966,334.8510935321057,1284811
2012-10-16,335.8686218261719,343.12990160308044,334.48111721512646,342.7598777903855,1018357
2012-10-17,334.6661376953125,338.8749190822953,331.706144470222,337.7186651126061,735921
2012-10-18,335.72991943359375,338.45866190947424,334.24990868236074,335.3136567061398,1166800
2012-10-19,332.1686096191406,337.1636205744732,330.1335915641867,335.7761159630556,1235703
2012-10-22,337.1636047363281,337.85735700944815,331.1510850359547,331.1510850359547,1104824
2012-10-23,338.3661193847656,340.77113306705473,335.8686279764629,335.8686279764629,1058090
2012-10-25,334.80487060546875,339.4298859296009,333.2785929654225,336.79362154907494,1741399
2012-10-29,332.9548645019531,333.7410945240347,329.25485224235695,329.25485224235695,710576
2012-10-30,328.05230712890625,332.30732655943194,326.71106972102234,331.15107281357444,573868
2012-10-31,336.05364990234375,337.9036562948232,328.329895796828,330.0411291267856,1203379
2012-11-01,347.1536560058594,348.03242025219083,337.718641218063,337.718641218063,1523764
2012-11-02,348.72613525390625,352.379908440017,347.3386307369809,351.0386427821152,2104477
2012-11-05,351.6861572265625,357.05116341640826,348.9111481844661,350.94613787802575,3798873
2012-11-06,367.0875244140625,368.9837696765702,359.8724825393847,364.91376125511107,9964130
2012-11-07,366.625,370.8800200876267,363.6187397965151,367.87375988414175,2523892
2012-11-08,363.896240234375,370.4637683655277,360.84374107496564,364.1737581217754,1558177
2012-11-09,363.896240234375,367.5962529021955,362.7399862756811,364.2662358553858,975854
2012-11-12,362.6474304199219,366.67119928835496,361.67618851978574,364.03493497946073,574049
2012-11-15,359.64117431640625,368.1512136624564,357.0974159305475,364.17371184156394,1454577
2012-11-16,351.08489990234375,361.1674558328465,349.51241163868184,357.9761839863878,1503725
2012-11-19,353.9986877441406,355.84869389231204,350.5299262163192,353.16616239438065,1102346
2012-11-20,351.3624267578125,355.84869735657367,348.8649071419258,355.20118390686855,716283
2012-11-21,360.1961669921875,363.2949327261375,351.50114433082683,351.50114433082683,3367381
2012-11-22,358.2074890136719,365.8387654097023,355.339973449392,365.8387654097023,2337369
2012-11-23,353.0736999511719,358.3462007643434,350.2061846516287,357.9762051644663,974479
2012-11-26,352.981201171875,355.9411942599379,350.1136858140208,351.7324412966484,764393
2012-11-27,361.4911804199219,363.98869994488405,352.9349022128312,354.2761679260244,2350611
2012-11-29,374.2099914550781,376.9387618817144,362.277457154164,364.4512200770441,5320498
2012-11-30,383.5525817871094,385.63383904437205,375.8287992088294,379.1588164662214,2875574
2012-12-03,382.5350036621094,385.633769554754,378.4187569879021,385.633769554754,1311415
2012-12-04,380.5,389.05627798171054,379.3437462186878,380.91623442396116,1667172
2012-12-05,383.4600524902344,384.8013183770817,380.31504736080836,383.87631520790603,1245858
2012-12-06,380.8699951171875,385.6337550448318,376.661242649692,385.2637594810166,1409286
2012-12-07,379.8988037109375,383.8300670851338,375.7825284158249,382.257550443913,1278702
2012-12-10,386.05010986328125,387.5763595714304,378.3263271234249,378.3263271234249,1913185
2012-12-11,385.07879638671875,391.2763287242479,380.36130294972367,388.4550804351543,2524271
2012-12-12,384.1075439453125,388.3162968318589,379.76001800827277,388.3162968318589,1429028
2012-12-13,376.3837890625,386.8363419550942,374.58004979514186,385.0325744588792,947387
2012-12-14,372.7762145996094,379.7137372038205,371.8974504448686,376.7074774086623,1224616
2012-12-17,378.5575256347656,380.130042225218,372.7762561534772,375.5050266401873,877337
2012-12-18,381.3787536621094,385.7262793734474,379.3437638497294,380.1762609651964,1254873
2012-12-19,388.362548828125,389.1950459544493,382.3962676699021,383.59878861135167,1840280
2012-12-20,392.9875183105469,397.28877648469256,387.3449945354249,388.50124825045606,2775721
2012-12-21,388.2700500488281,397.84383775059746,386.7438005842224,392.8488266714995,1318439
2012-12-24,387.3450927734375,392.38637154107664,384.1075815502565,389.42634998833955,972238
2012-12-26,388.7325134277344,392.10876875522104,388.03876117295556,388.177505978141,708327
2012-12-27,383.96881103515625,392.57132898987095,382.62754518371366,390.9988405810944,1538127
2012-12-28,385.1712341308594,390.212511649063,384.2924982396688,386.6512445404206,702962
2012-12-31,383.1825256347656,387.6687962155481,382.3037614178095,385.91129601048954,654260
2013-01-01,386.14251708984375,389.24125458443484,384.33874993219536,384.8012514363255,727832
2013-01-02,388.9176025390625,393.12635576214973,385.726330241921,388.3163278824582,2136297
2013-01-03,386.5126037597656,390.628851179534,384.8475810150912,389.51886424527595,1107370
2013-01-04,384.9400329589844,389.88880517098244,384.1075358179133,388.5013005262458,1589431
2013-01-07,392.52508544921875,397.4738578605099,386.2813142964598,388.4088102125244,2172227
2013-01-08,397.2888488769531,399.50885076856196,392.0625867784756,394.79132910585844,3215124
2013-01-09,396.2713928222656,402.3764200130633,394.2826414495821,400.43390751205595,2631466
2013-01-10,393.5425720214844,399.4163190015348,392.20130626277063,397.84383070147277,1595163
2013-01-11,389.8888854980469,396.3176696346951,388.50138056744885,395.0226424497156,839019
2013-01-14,385.07879638671875,390.3513255830558,383.50630798400556,390.3513255830558,1573682
2013-01-15,387.3912658691406,391.1837840181557,384.5237789985502,385.91128357290796,1540527
2013-01-16,384.8475036621094,392.15505026426086,383.4137602410482,386.8825216425052,1360509
2013-01-17,376.8463134765625,385.6801113358666,376.10632217778226,384.8013469683138,1493804
2013-01-18,379.0662536621094,382.1650196485213,377.4474982602819,378.04877284975817,1809419
2013-01-21,373.70123291015625,380.916245422326,371.943732757587,379.3437571716495,1340055
2013-01-22,374.90380859375,376.9850659210185,372.31381076691514,373.70131565176075,1193800
2013-01-23,375.64373779296875,379.99123511591796,374.11748843247756,375.5512318437885,1517174
2013-01-24,361.72247314453125,376.89254749785425,359.54873830931984,375.64378759050857,1368406
2013-01-25,368.0586853027344,369.72370762759795,357.0049164726798,360.98241805140464,1752022
2013-01-28,369.6775207519531,374.07128592245033,368.15127112797296,368.15127112797296,759123
2013-01-29,368.0586853027344,375.4124703893002,365.9774285682932,369.21493904409056,1955552
2013-01-30,377.1700134277344,377.95627170726016,366.3474658833306,369.0762363155512,2286887
2013-01-31,376.5224914550781,379.991252996166,375.08874797630324,376.6612644998046,3175669
2013-02-01,383.3212585449219,384.0150108329118,376.47624161585867,376.47624161585867,1562599
2013-02-04,373.1925354003906,386.2350573455862,371.2962619891071,384.33881216315876,3494416
2013-02-05,376.7537536621094,378.3262702333497,368.7062435797885,372.7300127353762,2468796
2013-02-06,374.6262512207031,379.0662547584439,370.9262388629678,378.04877394314997,4484347
2013-02-07,364.5437316894531,370.41750709005123,363.06372106608796,366.85623946694415,7134955
2013-02-08,352.10247802734375,363.5725125695311,350.1137267050419,363.5262736990264,4826509
2013-02-11,365.37628173828125,366.532535794415,350.25247303827933,353.3512395544897,2478271
2013-02-12,363.66497802734375,367.73498618841916,361.21372535762777,366.3012426161859,1348089
2013-02-13,358.7624816894531,365.93125618819886,356.40370669126173,363.94250503754387,1155959
2013-02-14,353.0736999511719,359.7799725285424,351.5011833656258,358.99371423576935,1587057
2013-02-15,353.0736999511719,354.9699450435761,346.92240665918956,351.3161714512599,1671122
2013-02-18,351.316162109375,356.58869101119893,350.1136693845364,352.42617710834446,1222225
2013-02-19,358.5312194824219,359.3174777901154,350.57618690425863,350.57618690425863,1159275
2013-02-20,352.981201171875,359.7337127507222,352.4261936463459,359.7337127507222,1450610
2013-02-21,353.1661682128906,355.7561938003141,349.74367371969913,352.5186829876753,2069458
2013-02-22,352.1486511230469,356.6811601480788,350.20613918979,350.5761347416363,2907761
2013-02-25,342.6211853027344,354.18372549403114,341.5574372509066,353.35122824602934,1480380
2013-02-26,334.3887023925781,343.7312416321679,332.538695740337,343.7312416321679,1615878
2013-02-27,336.8398742675781,342.066136153073,335.1286128814813,335.6836203889795,1339909
2013-02-28,332.8623962402344,342.43618469176556,329.06987759894463,339.4761632573793,3174611
2013-03-01,342.3435974121094,344.1010973711923,327.4510442725862,331.15105607227645,1666456
2013-03-04,343.73114013671875,345.39613434055894,336.14610381066257,342.25112960616474,1599432
2013-03-05,353.6286926269531,356.1262124211895,341.60365168805583,345.02617463143815,2457482
2013-03-06,353.3511657714844,355.201171875,349.23489089962095,354.2761688232422,956825
2013-03-07,357.421142578125,358.8086470355159,349.9286128624441,352.51863812021736,1250263
2013-03-08,362.41619873046875,363.5262137280502,357.28244288157606,357.28244288157606,1288925
2013-03-11,363.8500061035156,366.2550200146744,359.132484244869,365.3762557030863,2453299
2013-03-12,358.2999267578125,365.7461898046012,357.2361789266787,359.8261761006438,417576
2013-03-13,354.73870849609375,357.05121637416477,353.58245455705827,356.12621322293637,571576
2013-03-14,356.3574523925781,357.5137062939168,351.63993082934536,356.8661928176251,1063553
2013-03-15,354.9699401855469,362.9712113674111,353.0736951190942,358.76245854730666,1295135
2013-03-18,362.0,362.78625834846997,351.5012082652533,353.2587086608082,1245055
2013-03-19,354.7849426269531,365.23749503364206,353.35119905322705,365.1912279393846,1396431
2013-03-20,360.51995849609375,364.12746494303553,353.35118446570317,353.35118446570317,1801592
2013-03-21,353.85992431640625,364.8674837802493,352.611192715538,360.79744756058244,896447
2013-03-22,353.3511657714844,355.9874301147647,349.4661416625604,355.9874301147647,945182
2013-03-25,351.8711853027344,357.0512084808704,351.1311940896529,356.1262053500909,967047
2013-03-26,350.8536682128906,355.6174568108645,348.03242001988593,352.3336788341614,625109
2013-03-28,351.2699279785156,355.89494348843687,348.86491426758573,351.82493548547706,1880216
2013-04-01,355.7562255859375,360.7512370688113,351.1774485931369,354.9699672439906,1254854
2013-04-02,362.6474304199219,363.9886961190171,357.051173321323,358.4386778808618,1219812
2013-04-03,360.1036682128906,368.7987192761719,357.83742772717125,363.24870109732115,1640608
2013-04-04,354.646240234375,362.6012738263368,353.351241330767,357.0974931999292,1236015
2013-04-05,357.8374328613281,360.9824375620301,353.35116245661885,354.73866702123905,786302
2013-04-08,365.37628173828125,367.087543387131,357.9762557790249,358.3925185307766,742653
2013-04-09,361.583740234375,370.92627807096113,359.68749499213857,367.5500220834183,1128997
2013-04-10,369.07623291015625,370.5099764081152,362.1849485981117,366.948737094697,1191028
2013-04-11,375.32000732421875,376.47626119767597,369.2149812265937,372.7762488026128,1652950
2013-04-12,375.1349792480469,379.7599945425801,373.4237461721521,375.5512419160961,1277480
2013-04-15,367.1799621582031,378.64999402533516,366.39370394098376,374.62622521979654,1218350
2013-04-16,369.9549865722656,371.85123156107306,364.9137085841874,367.1799773815114,1184653
2013-04-17,371.25,372.91499428921725,365.37622466655165,370.00124016865993,1568351
2013-04-18,371.06500244140625,373.1462594978593,366.3937478951315,369.1687573037356,1271094
2013-04-22,367.4574890136719,374.2562675839249,366.30123511495043,371.38875226932475,735850
2013-04-23,366.30126953125,367.6887743400805,362.6937626740622,367.226272737137,598218
2013-04-25,376.4762268066406,378.6499895359383,366.76369515683785,368.1974385374109,1646543
2013-04-26,379.112548828125,381.47129558248963,375.6437869959088,377.4012873451271,1064859
2013-04-29,376.93878173828125,382.812557357152,374.71877983516436,380.03754792104195,919198
2013-04-30,374.90380859375,381.65634930398096,373.88632759461717,379.76007569070975,964246
2013-05-02,378.3725280761719,382.25755260654665,375.36626783183726,376.52252177196596,1002488
2013-05-03,370.60247802734375,380.26877149630707,369.1224674548864,380.1300266802009,989546
2013-05-06,374.6724548339844,375.6899637824039,370.92620396577087,370.92620396577087,566516
2013-05-07,377.447509765625,378.9737874883837,372.77625532664695,375.5512646715103,906339
2013-05-08,375.5975036621094,381.10128348948246,374.16376012498944,379.1125324374321,1202178
2013-05-09,370.0474853515625,377.2162595022538,368.7987537277518,374.6262620683847,1077931
2013-05-10,367.73492431640625,369.0299510746878,364.58991982240275,368.01244214840267,1025051
2013-05-13,365.42242431640625,375.92121402533354,364.4511824567296,370.0474393222023,1078667
2013-05-14,368.75250244140625,370.4637639255351,362.83248788961583,366.53250051309186,480898
2013-05-15,380.26873779296875,381.9337318963807,367.7811973308253,368.5211884370414,1604567
2013-05-16,390.4438171386719,393.1263205033947,378.32627079032574,380.17627700445934,2601211
2013-05-17,393.6813659667969,395.90136799200866,384.52383996976255,390.3513488145506,2126588
2013-05-20,386.05010986328125,394.9301466591383,384.84758870772527,394.9301466591383,976850
2013-05-21,386.6975402832031,388.9638092026798,383.5525353432687,386.1887998623515,800809
2013-05-22,384.5238037109375,390.7213076040552,383.1825379113174,388.3162938748336,597852
2013-05-23,383.7375183105469,386.65127225232374,380.4075017075793,383.7375183105469,904509
2013-05-24,377.8637390136719,386.65126782794334,375.64373738004747,385.7262647948621,1107334
2013-05-27,371.38873291015625,378.3262559408566,369.4462208157895,377.4012528700965,838566
2013-05-28,366.5787353515625,376.4300414364111,366.3012456993931,369.7237686300459,1559336
2013-05-29,371.5736999511719,372.7761925064268,363.29491217592835,366.76367327245214,2492144
2013-05-30,354.2760925292969,373.0999062245994,352.4260868241831,362.60111820230907,7939979
2013-05-31,342.7598571777344,355.20115906679706,340.4011107723472,354.7386575575955,2647020
2013-06-03,339.9848937988281,347.52369199471775,336.70114393387246,343.68490636953004,1399483
2013-06-04,347.0611572265625,351.59366654636125,341.1411150966141,341.3261269989949,1936385
2013-06-05,347.38494873046875,348.9112266298548,341.88119649688497,347.84745034146863,2132512
2013-06-06,347.38494873046875,351.5937303278825,345.95120502791235,347.338709860912,1416392
2013-06-07,345.30364990234375,347.2461620804135,343.63865559477233,345.0723991246891,1426740
2013-06-10,346.13616943359375,347.80116371301864,341.8811495509083,345.3499111570887,1465436
2013-06-11,351.40863037109375,352.6573900537757,343.7311168431028,343.7311168431028,1466111
2013-06-12,355.24737548828125,356.54240221533155,351.7323755319022,352.42612775188627,2014328
2013-06-13,350.1136474609375,354.18365515421095,346.8761368503344,354.18365515421095,1435428
2013-06-14,349.55865478515625,352.6111818558953,344.7948946166394,351.4086609266272,2197305
2013-06-17,351.73236083984375,352.8886144915198,345.53482997532075,349.74361020473077,875560
2013-06-18,351.1773986816406,352.88865995234386,347.15362980967694,351.77864501219784,1270859
2013-06-19,351.0386657714844,353.35117345113844,347.84739388202036,350.57616423555356,997883
2013-06-20,350.6686706542969,354.0911650874188,345.0723851247886,348.5411466488771,2055603
2013-06-21,352.7036437988281,353.62864682817604,346.5061404395083,351.50115115221666,2001208
2013-06-24,351.5937194824219,353.99873343120646,344.2861998998073,352.24120478053413,1519576
2013-06-25,350.9461364746094,352.8886484420792,346.87612887491406,351.5011439265796,1718172
2013-06-26,351.13116455078125,352.88866470564165,349.2811584448539,351.5011601261961,1402616
2013-06-27,358.6236877441406,361.30619089824773,351.2236634686163,352.7961516898538,1860142
2013-06-28,362.554931640625,363.9886749773308,356.58865108960873,359.82616154048713,1568530
2013-07-01,367.9200134277344,368.8450166041712,360.1499923914366,361.72248085406517,1111324
2013-07-02,367.4112548828125,368.52124170257264,363.1099677410691,368.1512460959859,872981
2013-07-03,367.1799621582031,369.7699593373177,363.52618891698773,365.74619053177906,992534
2013-07-04,365.0062255859375,371.7587368629798,362.9712074929048,368.3824812244586,897272
2013-07-05,369.1224670410156,370.7412224277641,365.8387174051531,367.6424846990714,1123372
2013-07-08,366.7637023925781,373.00747286206087,365.88493822014703,368.05870099233,972159
2013-07-09,370.13995361328125,371.98995965730995,366.5324474731956,366.5324474731956,559483
2013-07-10,370.09375,375.042522284849,368.42872746449274,370.00124404321826,661899
2013-07-11,370.0012512207031,374.0250204734993,368.7524913520622,373.2850010337448,745692
2013-07-12,375.0425109863281,376.291242564271,361.8149499729634,368.05872077809306,1574902
2013-07-15,377.1237487792969,378.83498181150156,374.6262292924728,377.40123839834297,671824
2013-07-16,372.03631591796875,377.86382506189636,369.2150390872905,371.8513039776802,572326
2013-07-17,376.2912292480469,380.17625334751887,369.2612286548733,372.0824766643296,1203163
2013-07-18,382.3037414550781,385.26376244608474,376.1062380841331,377.58624857963645,1120322
2013-07-19,384.3849792480469,387.11374934620926,377.5399628026296,380.17622695649226,1230613
2013-07-22,380.68505859375,386.46632863817496,379.39005974957036,381.19382729497397,566057
2013-07-23,378.4649658203125,383.876238930525,374.62620907677746,382.2574837061192,703021
2013-07-24,384.1537780761719,385.6800557819541,376.4762635989874,378.465014628248,939074
2013-07-25,378.603759765625,388.36255946534453,374.99625330017443,386.92878771459766,1153706
2013-07-26,383.92254638671875,385.0788003250342,379.0662798457939,379.62128738195645,1511816
2013-07-29,381.3324890136719,385.63374734343483,378.09497849445336,382.16498607284353,1076847
2013-07-30,378.04876708984375,384.5700274605926,376.61499538990046,382.21128091683755,822828
2013-07-31,370.2787170410156,376.93875042597296,367.7349586025581,374.6724816165331,2371558
2013-08-01,373.0999755859375,377.771229568223,366.30119770994463,371.71247104915744,677074
2013-08-02,369.90875244140625,375.45877131743293,366.3937517781317,374.7187800921717,656648
2013-08-05,366.0699768066406,370.972481944853,361.95370172030533,370.00123998144346,1054375
2013-08-06,363.9781494140625,367.6969555383441,359.7944925242457,367.6969555383441,2161665
2013-08-07,362.90899658203125,367.2321030062648,357.3307874224424,366.02350237058283,925903
2013-08-08,380.61981201171875,384.8034690209707,354.82059378799835,364.21058519432296,3071245
2013-08-12,386.2909240722656,398.7954190042448,384.5244971215927,396.98248996114904,3422954
2013-08-13,394.9836730957031,397.44737630360555,385.22180771280756,388.61521238574767,1910148
2013-08-14,390.8465270996094,399.5857160209657,390.05627510532804,395.0301840869625,1298053
2013-08-16,385.5472412109375,395.82043191165724,383.5018864675481,390.47464803968535,1676509
2013-08-19,372.0665588378906,390.195738438179,367.2785733225876,385.82612995485505,1412434
2013-08-20,373.92596435546875,379.27174811923754,363.74572131730923,369.9282307783505,1370434
2013-08-21,365.09381103515625,377.69125572330853,363.5133070469259,376.4361529529185,1198064
2013-08-22,373.18212890625,374.85560841649965,361.8397890738745,364.34996578089715,1326156
2013-08-23,368.1617736816406,375.5993852711687,364.90781861122207,374.4837321838449,1505564
2013-08-26,371.18328857421875,375.0880458517584,363.60622774427037,368.62660969236754,986582
2013-08-27,368.76611328125,374.29784883986827,364.86138380361325,367.2321114017413,1389978
2013-08-28,370.5790710449219,372.8103492562967,356.40112135375347,365.69813754468356,1776784
2013-08-29,369.69586181640625,373.74006973802,365.4657305849354,371.88066640599004,2000822
2013-08-30,387.63909912109375,390.1957785583729,365.3727341275296,369.5099176567507,2873899
2013-09-02,388.475830078125,394.193489403276,384.94294687616554,388.61527964756925,932389
2013-09-03,377.5982360839844,392.334009656674,375.0415571111032,388.8011555157692,887841
2013-09-04,390.2886962890625,391.68324860315715,375.45997370586633,378.3885278910172,1481535
2013-09-05,389.173095703125,395.6810069076179,387.91799286781026,394.65832947246366,826194
2013-09-06,406.3259582519531,409.8123382679768,389.68430998324646,390.70698712906005,2382882
2013-09-10,409.90533447265625,415.2976195224275,406.0935531243533,409.9983102854899,1859689
2013-09-11,403.258056640625,411.71834661577554,398.37712339021977,408.1389898910303,1674548
2013-09-12,407.34869384765625,413.25230386300376,403.5834142389692,406.41899237664836,985827
2013-09-13,410.50970458984375,412.7410109888084,406.1865980932688,406.1865980932688,787196
2013-09-16,400.28302001953125,418.7376027992247,397.9122922440765,414.5074717889846,1248660
2013-09-17,401.6775207519531,404.42015151919696,394.1934350439989,398.8419425327253,912502
2013-09-18,406.2796325683594,409.8124875896216,403.02567670110705,403.02567670110705,971303
2013-09-19,408.7897644042969,413.71717104765446,399.77164842807065,413.71717104765446,1539956
2013-09-20,399.818115234375,413.67069016118694,392.0086283770252,406.97682807075114,2071797
2013-09-23,396.00640869140625,404.5596464058267,393.8680779836202,397.9122856264683,1202592
2013-09-24,401.5846252441406,404.60615550264174,392.612981932644,392.612981932644,1665360
2013-09-25,407.90655517578125,408.83625672603944,398.84196506076387,402.0494467580505,874221
2013-09-26,405.1639099121094,409.95189542425135,403.0720814980725,408.13896611652393,1041444
2013-09-27,403.7693176269531,408.9756512826684,401.72399151479647,407.11624843221557,696621
2013-09-30,402.09588623046875,407.6740950567874,400.6083582023363,401.6310354949422,686309
2013-10-01,401.5380859375,405.25689206495497,400.3759590226704,401.63106176513423,488339
2013-10-03,405.2569274902344,410.5097359299876,404.420201712863,406.09365326760576,943945
2013-10-04,407.1628112792969,413.5312442945388,404.0483053656278,404.42018031675843,1437160
2013-10-07,408.8826904296875,411.67179480744045,406.3260114167473,406.3260114167473,1036750
2013-10-08,404.14129638671875,411.85780830861574,403.49049391859876,410.8351308753877,546510
2013-10-09,401.25921630859375,407.0233492063141,399.3068372737847,402.0959420743001,1238140
2013-10-10,402.5607604980469,407.6741188877449,400.7013574472476,400.7013574472476,894958
2013-10-11,399.0279235839844,406.4655361139953,397.91227035558666,406.4655361139953,569732
2013-10-14,392.2410583496094,401.4915996511934,390.47463116876975,399.7716461965976,1024542
2013-10-15,393.3567199707031,398.5630541728253,390.47463957557846,392.4270184479041,741927
2013-10-17,385.733154296875,396.05284682521926,384.71047695222126,395.0301694805656,1396794
2013-10-18,386.10504150390625,389.9633256255822,384.52456589577935,386.15154360464624,1438997
2013-10-21,387.49957275390625,393.170757562296,384.292119611331,387.63905067630185,1365372
2013-10-22,383.2694396972656,391.0324528222218,381.36356298944906,388.5222474474137,1382573
2013-10-23,394.0075378417969,395.07671740973984,382.5722191882266,383.5948966515135,2311179
2013-10-24,390.6605529785156,395.6344329406945,388.3827731217854,394.10043125272176,1077405
2013-10-25,386.2909240722656,391.4042816712968,383.96667061816055,388.84760287178125,871750
2013-10-28,382.8045959472656,389.45195605550873,382.1073198162141,386.98825273357454,551183
2013-10-29,388.3828125,390.24221555206464,379.9690250383031,382.7116275167551,1093035
2013-10-30,389.91680908203125,390.8000368687394,386.80230333740184,389.1265571211195,927553
2013-10-31,384.1526794433594,391.40433995103893,382.89757671681207,390.4746384309652,1884285
2013-11-01,387.0347595214844,388.80121523550025,384.43160642542017,385.3613080129061,576321
2013-11-05,391.0789489746094,394.0075031650005,386.3374654237555,388.61524555641495,1198094
2013-11-06,394.7976989746094,397.7262527482832,391.4042944948847,391.4042944948847,1264818
2013-11-07,391.9621276855469,399.53918864864823,390.3816239091884,395.820382936968,970555
2013-11-08,393.4031982421875,396.51770405398787,390.75354319715615,391.45081934730973,1121043
2013-11-11,392.2875671386719,398.14467535720286,390.9394885877497,393.2637423843475,964562
2013-11-12,391.2648620605469,396.6571191375507,388.98708215243647,392.9848154225653,924373
2013-11-13,383.3159484863281,390.0562849132148,381.22411994005296,390.0562849132148,1255137
2013-11-14,374.66973876953125,383.5019038273738,371.8806340144231,379.4576962580188,2200117
2013-11-18,373.92596435546875,378.4349940497261,373.13571238550736,374.76269005274133,1141893
2013-11-19,372.577880859375,377.31936424407303,371.18332859165434,374.7626850865851,1269712
2013-11-20,365.2332458496094,373.55405738568504,364.2570422354964,372.2060072122509,1951113
2013-11-21,359.4690856933594,368.39422592653193,358.4929104498943,365.8375467560639,1706437
2013-11-22,357.93505859375,362.5835658482143,356.8194055037839,362.5370921245643,1184733
2013-11-25,359.8874816894531,364.81488863784335,358.1675281187825,361.653908989504,1229132
2013-11-26,359.05072021484375,363.79217502926605,357.23779099363236,360.7241715173178,1169016
2013-11-27,355.0995178222656,359.1436968607199,354.2162900022356,357.9350961964848,934508
2013-11-28,353.2400817871094,358.1674881861355,351.93847704269916,355.61080916598786,2011901
2013-11-29,363.7457275390625,365.14027984911644,355.14598829373006,355.14598829373006,1713523
2013-12-02,364.3500061035156,368.02233831621004,363.7457058130342,364.4429819264138,975507
2013-12-03,363.14141845703125,366.67427287509383,360.8171646629799,364.4429949072523,809592
2013-12-04,362.6300354003906,366.30236743806785,359.980408993615,362.58356167727527,887970
2013-12-05,360.30584716796875,366.9532363691695,358.4929460540207,366.7208109669524,691977
2013-12-06,361.42144775390625,363.93165308077045,358.8647687022709,359.32961943893184,555641
2013-12-09,358.3069763183594,368.1618185499526,357.23782519651337,368.1618185499526,1495597
2013-12-10,361.2820739746094,363.5133523040732,358.5394427042363,359.79454563088575,986823
2013-12-11,359.8874816894531,364.35003785508053,359.00425385330766,360.72420742397827,546841
2013-12-12,354.1698303222656,359.93396312864917,353.42605203056917,357.98158412477704,1052271
2013-12-13,350.2186279296875,354.86713624639566,348.9635250097277,353.2866320698176,1849657
2013-12-16,349.474853515625,352.58935979738084,346.96467601964895,349.10297852054447,1085951
2013-12-17,360.5382080078125,362.4905867112672,351.427145221339,354.2162495484925,3377248
2013-12-18,365.1402893066406,368.6266701720764,357.93510218474,363.2808861784082,2330228
2013-12-19,371.4157409667969,373.275143925329,360.724173955237,366.16293328339106,1558022
2013-12-20,373.507568359375,375.0415701218733,371.8341170497837,373.7399937286092,1573136
2013-12-23,376.6685791015625,379.96903664312146,371.2298193337179,374.7627022638835,1563675
2013-12-24,371.55523681640625,380.7128032028147,370.43961192560346,377.4588476198847,895726
2013-12-26,370.06768798828125,376.43614923479214,368.161811173275,373.74002043347616,2154435
2013-12-27,376.6685791015625,379.2252583762362,370.439595710247,370.9509202162858,1221207
2013-12-30,371.92706298828125,378.99279985873557,370.71846242206976,378.6209249439195,718101
2013-12-31,372.62432861328125,375.92478577351375,371.32275226191257,374.43725778384817,550785
2014-01-01,373.507568359375,377.3658238142154,372.62434060739,374.20484446707763,429074
2014-01-02,364.7219543457031,377.784279852376,363.97820435747155,373.7400719072888,734194
2014-01-03,364.21051025390625,366.302338328115,358.86472739759495,364.02455863174964,998001
2014-01-06,364.07110595703125,368.1153130774166,360.39877375492836,366.2094080163332,752348
2014-01-07,363.37384033203125,367.13912009318636,361.65388686657286,366.20941858453193,955034
2014-01-08,375.78533935546875,376.52908917036734,361.7468417144225,363.6062446239058,1768447
2014-01-09,374.7626647949219,378.76036973036855,371.88058458990275,375.59939043580175,1161659
2014-01-10,371.0438537597656,378.1095904426029,369.0914750435264,372.9962324760049,875765
2014-01-13,373.9724426269531,375.0880958183655,368.4872092423605,368.4872092423605,770671
2014-01-14,382.2467956542969,383.2694730579475,372.7173545412733,372.7173545412733,1375742
2014-01-15,388.66168212890625,394.1004413181129,385.221803766845,385.221803766845,2737981
2014-01-16,383.6413269042969,391.357866550695,383.0370265901921,389.544937236142,1332490
2014-01-17,388.2433776855469,392.28758515177714,383.5018940483196,383.5018940483196,1369311
2014-01-20,390.335205078125,392.0551586360952,386.8952979621846,389.54495307881547,825525
2014-01-21,388.0574035644531,394.1934391885336,387.08122833045235,390.70705853533315,757294
2014-01-22,392.98480224609375,395.9133560495888,386.10498902869483,388.33629513824894,1159013
2014-01-23,390.0562744140625,395.1696329450988,388.05742175365083,393.1707802846871,657695
2014-01-24,385.268310546875,393.26374942475763,384.33860901159187,388.61524174834204,994905
2014-01-27,385.82611083984375,388.61521525555344,379.08577516854524,382.5721556881824,1305152
2014-01-28,380.4803771972656,390.9395201257182,378.20259694395065,387.0347620835329,988099
2014-01-29,385.3612976074219,389.08010385695064,380.71278979551084,382.10734213908415,1227506
2014-01-30,384.38507080078125,386.6628223000109,379.271712892968,382.06081720632073,1344614
2014-01-31,381.73541259765625,389.5448989304057,379.82950764398686,385.826093212693,529559
2014-02-03,383.5018615722656,386.5233913907138,379.7830556418679,379.7830556418679,883601
2014-02-04,385.965576171875,388.5687574230145,381.177619070197,381.8284214760415,1076767
2014-02-05,385.965576171875,387.59255381424776,381.6424698251607,387.59255381424776,1340045
2014-02-06,381.22412109375,390.474663153058,380.4803711794975,388.1504092057183,1533292
2014-02-07,387.73199462890625,388.6152223923294,383.50186420295665,383.8272653985461,943897
2014-02-10,385.40777587890625,393.82159214097106,380.89874594600303,389.96333628606106,1133469
2014-02-11,383.5018615722656,385.82611527876423,376.71505209818486,385.82611527876423,2568431
2014-02-12,383.7342529296875,385.7331052656556,379.3181712787704,385.7331052656556,2956000
2014-02-13,353.5654602050781,375.8318219187316,352.3568596343829,362.58357587706945,10135980
2014-02-14,347.1040954589844,357.65621421513737,343.98958944764536,357.65621421513737,3269119
2014-02-17,348.0337829589844,351.4736616908235,345.0587266326328,347.1040814035295,1218421
2014-02-18,345.7559814453125,351.14826715726684,345.1516811460364,347.7083602656367,1787070
2014-02-19,346.964599609375,348.82400254753406,344.91924502850515,346.7786479666642,891444
2014-02-20,345.105224609375,350.1256072743845,344.36144635055615,346.96462769806294,1607125
2014-02-21,343.2458190917969,347.708375124174,341.8977405131417,347.708375124174,2004530
2014-02-24,341.665283203125,346.5926895439625,340.7355817522321,340.7355817522321,1554990
2014-02-25,348.4056396484375,349.1029157784878,341.71177745105985,341.71177745105985,2141819
2014-02-26,348.9169921875,352.7752764485114,346.77868989894966,350.86937118309504,2983431
2014-02-28,357.28424072265625,357.93504305893026,348.1731782482322,352.35683459567423,2480770
2014-03-03,350.1255798339844,360.44527184186484,348.68452552984735,358.86476799145316,1038366
2014-03-04,352.03143310546875,355.0529626869681,350.49743145392387,350.49743145392387,783416
2014-03-05,358.3999328613281,359.0507352685969,352.6357721382687,352.6357721382687,1224021
2014-03-06,353.0541687011719,360.07340415594626,351.5666405252838,358.86480347242224,1568154
2014-03-07,354.4022216796875,355.51784645171966,347.9872586584908,355.2389473517712,1616118
2014-03-10,349.0099182128906,354.9135280873502,347.56889231611297,354.9135280873502,2565231
2014-03-11,350.45098876953125,353.56546607004077,348.87048488418543,348.87048488418543,1770830
2014-03-12,352.07794189453125,354.0302921942229,349.9861136829451,350.68338975347376,1247912
2014-03-13,353.6584777832031,356.58703210584116,351.79907461044996,352.7287761968265,979770
2014-03-14,359.3296203613281,359.7944710991824,352.12443392458744,352.96115957827755,1056579
2014-03-18,358.7253723144531,363.4668562054727,355.14601543729907,360.7242251038535,1045604
2014-03-19,355.8897705078125,362.4906577161758,355.37844596323697,359.7945286795885,1190320
2014-03-20,360.0270080566406,361.60751240410923,352.3569685047561,353.7515211505533,1355616
2014-03-21,360.67767333984375,362.072225454772,357.0053414216385,360.7241470614472,1005845
2014-03-24,363.5597839355469,373.3681524235396,362.6765844762922,370.0212211308228,1479217
2014-03-25,363.7457275390625,366.7672575441793,360.81717336239717,365.8375560041434,1796133
2014-03-26,359.8874816894531,366.20944098613194,358.44642723954416,365.0473140292248,1590602
2014-03-27,359.23663330078125,364.16406799122643,355.65727705683435,362.58356418307227,2349700
2014-03-28,359.7480773925781,364.0246824342868,356.58706897428044,359.1902507086289,1196519
2014-03-31,355.8897705078125,362.35120814694994,354.96006888331743,360.9101819778794,950977
2014-04-01,354.6811218261719,358.6323531964503,352.496317629335,356.72647647262306,1470749
2014-04-02,361.8863525390625,364.44303197254334,354.7276387764195,357.7491690159878,2670463
2014-04-03,368.5337219238281,369.55639939534547,361.88636091732883,363.97818959315157,1714910
2014-04-04,375.6924133300781,377.551816486008,368.3942502686053,370.0212280300439,1879042
2014-04-07,368.7196044921875,381.27057419475807,364.62892374505634,379.22521963507404,1371865
2014-04-09,372.8103332519531,373.60058526870586,366.02352307282126,370.2536539092028,1026656
2014-04-10,369.46337890625,373.92596323202747,366.48835106130383,373.18218499161185,1703713
2014-04-11,373.7865295410156,375.08813452271903,368.39427142800105,369.5563984672061,1525144
2014-04-15,372.48492431640625,374.48377699583403,367.371565736724,373.9724524867618,841008
2014-04-16,368.9985046386719,375.6458644183409,365.9305011625899,372.9032621284463,891565
2014-04-17,372.53143310546875,373.08923135365575,366.86024781356343,371.41577986461374,1189809
2014-04-21,371.6946716308594,376.29670569298645,369.0915186167156,371.88062329140104,745738
2014-04-22,368.62664794921875,374.48375610115585,367.23209568711576,372.0200527792216,1162409
2014-04-23,370.9974060058594,372.1130592563362,369.3704282327211,369.3704282327211,748544
2014-04-24,370.9974060058594,370.9974060058594,370.9974060058594,370.9974060058594,0
2014-04-25,366.53485107421875,372.8103367933081,364.8148974619461,369.3239558382585,630377
2014-04-28,378.29559326171875,380.7128232105198,366.5348731397983,366.5348731397983,1950705
2014-04-29,372.9962463378906,380.0154811858224,369.74229114730866,379.1322534280551,1115634
2014-04-30,369.5099182128906,376.4361782209628,364.9543576018162,372.9962992689731,810330
2014-05-02,373.8329772949219,377.9236582037373,369.5563447379719,369.5563447379719,989246
2014-05-05,365.18670654296875,375.97124869283755,363.7921544125263,373.78644468069723,1734530
2014-05-06,363.4203796386719,367.8364626016735,362.11880296613066,367.8364626016735,1302895
2014-05-07,355.70379638671875,368.4871918971572,354.4951674242073,363.6527327915871,1677331
2014-05-08,361.3285217285156,367.23213257216196,358.95779399371844,363.5133261663679,1878821
2014-05-09,364.7219543457031,366.30245853599945,358.02811933488874,361.04964976697505,1030990
2014-05-12,360.4917907714844,367.0461756184332,357.4702606102791,365.4656999420704,1522838
2014-05-13,363.14141845703125,365.279720598663,358.9577616277388,363.51329338963177,2079198
2014-05-14,366.8137512207031,368.90557979954383,363.3273702559686,364.6289751805956,1474530
2014-05-15,370.11419677734375,374.1584042385227,365.83756392612275,366.9532171472204,1681151
2014-05-16,360.9566345214844,395.1231672160486,360.2128846144444,373.18220449148583,2820584
2014-05-19,357.70263671875,366.67425013289505,355.19243142796927,362.7230189280745,2386910
2014-05-20,361.9792785644531,363.97813108112797,352.26388670521885,356.0756684650626,1790091
2014-05-21,362.2581787109375,366.3023858535653,359.1436730552477,362.58357990581334,2123860
2014-05-22,360.5847473144531,364.81487796494383,357.3307919303097,363.88517642661714,1343373
2014-05-23,360.6312255859375,365.2797333361358,357.05186894383684,360.9101530742932,1067882
2014-05-26,354.49517822265625,363.32734266254545,352.4498519020252,361.04959096191726,1422191
2014-05-27,351.4271545410156,358.91124000179053,350.776352165193,355.1459604091745,2348760
2014-05-28,353.1471252441406,355.5178527524329,350.1255953281172,351.9849983533624,1105072
2014-05-29,346.2673645019531,355.1460032339045,344.77983630087084,353.3795759079746,2231881
2014-05-30,357.5166931152344,358.77179578884085,341.6652942154923,343.98954791763845,2158135
2014-06-02,359.98040771484375,361.6538589523612,354.4021990934706,361.6538589523612,907555
2014-06-03,361.65386962890625,362.9554460045372,357.1913139489611,358.91123896020355,755694
2014-06-04,363.3273620605469,364.3500394615824,360.11990866868484,360.11990866868484,853453
2014-06-05,359.98040771484375,364.4429632630478,357.9350532047791,363.69921346242586,853847
2014-06-06,368.3013000488281,369.37045126339075,359.42266071071947,360.6777636027028,1582458
2014-06-09,368.6731262207031,373.7400108510368,365.6051225551498,370.02120477291703,1581828
2014-06-10,378.94635009765625,380.57332777857044,368.2082803802793,370.9509112484302,2777554
2014-06-11,384.1061706542969,388.15037787063017,379.31821358375356,379.31821358375356,2536080
2014-06-12,386.8952941894531,389.54494928024644,382.47921182887757,384.8964415322721,1333274
2014-06-13,384.9893798828125,391.3113384557165,378.85334457838394,386.2909562510884,1137084
2014-06-16,384.5245361328125,388.6152169526029,381.3170546918446,385.59368715572265,2036826
2014-06-17,383.92022705078125,387.68550659325996,381.781896681721,387.68550659325996,750090
2014-06-18,395.2161560058594,412.0902343787297,388.7082448030368,390.4746721693547,8551040
2014-06-19,396.00640869140625,399.67871299568895,390.1492715758962,399.67871299568895,1709421
2014-06-20,395.7274475097656,407.1627932636759,392.5664680066583,396.610675305331,2313373
2014-06-23,394.1004638671875,398.516546033554,388.6617043667937,397.1684958692694,1003896
2014-06-24,397.3544921875,399.58577054409636,393.4962358915999,397.7263671848921,826911
2014-06-25,396.4712829589844,400.60843830910534,394.1935025505381,397.7263574980844,743792
2014-06-26,395.6344909667969,402.8396781197674,391.4508339102333,396.98256958947456,4161224
2014-06-27,406.1865539550781,411.6717867832955,393.26370959782383,393.26370959782383,1649698
2014-06-30,407.209228515625,413.71713856039526,405.070926564095,411.57883660886523,1645312
2014-07-01,406.511962890625,410.4631940908198,405.44281188737267,408.1389404436464,1068729
2014-07-02,413.06640625,415.158234833384,405.8147451764985,406.4190455372501,1773781
2014-07-03,416.2274475097656,418.2727741530578,410.92813666094213,413.71724166090326,1828531
2014-07-04,417.7148742675781,421.2942307313056,410.4632138875429,417.3429993405422,1472541
2014-07-07,418.04022216796875,421.8055298012546,413.43821733471003,417.4359219420541,1432449
2014-07-08,410.92803955078125,428.2669658619042,406.37250813518597,419.2953525733085,2390257
2014-07-09,405.582275390625,415.9484413393418,403.07207001638955,412.322611199409,854107
2014-07-10,405.3963623046875,411.8113258996471,395.35559659714824,405.58231396944365,1223859
2014-07-11,405.349853515625,413.71716700562644,399.7716445222907,401.6310475200688,1176692
2014-07-14,402.23529052734375,406.74434782915375,398.6559345920004,406.27949714592046,641001
2014-07-15,401.4916076660156,404.14126267628825,397.58684992748346,402.7002082948648,834688
2014-07-16,401.7705078125,405.5358160070157,399.3532781763119,402.2353585743731,823933
2014-07-17,406.3259582519531,410.3701647449873,399.77157517072175,399.77157517072175,899509
2014-07-18,410.3237609863281,412.92691382656454,408.1389567960021,409.3475573920609,1460037
2014-07-21,407.4881286621094,413.3917384640261,405.3498267049913,413.3917384640261,564182
2014-07-22,410.2308654785156,412.7875450933959,406.27963334642794,407.72065959864483,713693
2014-07-23,410.92803955078125,416.32029659418197,407.2092337629914,410.6956141890444,794876
2014-07-24,408.6502685546875,413.1128526205442,406.5584402535089,409.99834703100856,674032
2014-07-25,414.3214416503906,415.11169354996105,408.0459569214719,410.416712620183,930167
2014-07-28,409.9519348144531,415.5301444545333,406.6050033559568,415.5301444545333,425731
2014-07-30,416.6922607421875,419.66728878367695,408.2319706646181,409.53354720603477,1339082
2014-07-31,424.40875244140625,430.7772136563221,415.576587823239,415.576587823239,2893807
2014-08-01,411.3929748535156,428.1276043390824,409.2081703295626,423.0142453296036,919050
2014-08-04,409.8124694824219,416.0414817876932,406.46556629320855,412.78752606421403,1540481
2014-08-05,409.53350830078125,412.0437136846642,404.4201500813617,411.43938501548786,785917
2014-08-06,406.82513427734375,411.86841529491113,404.6303649127443,409.90713142651066,1184099
2014-08-07,406.21807861328125,410.60758885083584,403.5096240498834,406.26476431196846,799428
2014-08-08,407.85247802734375,408.73970581597126,401.5950552999185,402.5289972889881,613238
2014-08-11,408.5996398925781,413.96980658830915,407.8524976660056,412.24200812500504,961184
2014-08-12,415.4640808105469,416.117823072439,408.1793165231823,410.79437107569,1011391
2014-08-13,411.2613525390625,421.021029032862,408.226041133985,416.538118973714,1542958
2014-08-14,418.96636962890625,422.37525208804925,404.16338383881333,410.65429187189204,2478440
2014-08-18,439.9333190917969,441.3809461328396,413.0358038643204,418.21916999095924,3374069
2014-08-19,443.20208740234375,445.11668526941565,434.7499251771087,441.2875180369149,1982745
2014-08-20,459.8263244628906,463.9823490365111,440.8206000932852,442.7351696887945,2686295
2014-08-21,460.29327392578125,466.73746737479917,454.0358517569168,459.82630297293,1635039
2014-08-22,466.3172302246094,468.8388850308128,458.84569420818207,463.6088041189841,2077957
2014-08-25,473.88214111328125,475.75002501873496,462.30126659979743,465.10309245797805,1211454
2014-08-26,478.5519104003906,483.22162046673594,471.9208879042022,472.85482991747125,1497790
2014-08-27,479.4391174316406,483.2216282489344,475.0963212019775,479.76603134352774,1397996
2014-08-28,480.2329406738281,481.91402470819867,473.04157657888106,479.3923701549977,2615834
2014-09-01,494.1954040527344,496.0165452467368,480.69993151802504,482.194215831897,1876424
2014-09-02,520.2523193359375,537.016587691486,498.25799918853534,498.724970134354,5384451
2014-09-03,516.6566772460938,525.3423256291713,513.6680517263009,522.9140994586904,2999971
2014-09-04,515.8161010742188,531.4129422382852,512.8274755871591,517.4038137082777,3561169
2014-09-05,520.6726684570312,522.914152073232,509.60547848486846,516.6567292310264,2710206
2014-09-08,526.2295532226562,528.2842367184569,521.8400150732839,524.8753261229272,2158860
2014-09-09,536.9232177734375,539.9117862322267,529.5450540079893,529.6384253960929,1883699
2014-09-10,539.21142578125,543.9278787890026,536.829884927843,539.8185109218418,1450646
2014-09-11,537.2034301757812,541.125997833143,529.4049805586932,538.8845143137095,1346966
2014-09-12,572.2728271484375,576.1487083465943,537.9504666462668,539.8183502110107,4515925
2014-09-15,588.6168823242188,592.4927640095418,569.5177590734532,572.1327849921254,4011059
2014-09-16,578.7637939453125,596.8822321999576,573.5804279163707,590.2512676589024,2498982
2014-09-17,569.8447875976562,586.2821455394571,564.2878207753158,581.8459206229898,2534042
2014-09-18,579.0906372070312,581.7990913944639,566.6692219058384,571.5724166565687,1768643
2014-09-19,586.6090087890625,595.5748871293459,579.1374720071439,583.7138110873898,2601536
2014-09-22,572.4130249023438,584.6476412387716,567.4164014341912,584.6476412387716,2877030
2014-09-23,545.7023315429688,582.7798425412019,540.7057643481419,582.7798425412019,5293569
2014-09-24,560.3651123046875,563.4004233296712,535.8024529493227,548.3639822841435,3224447
2014-09-25,568.257080078125,576.7092446517124,558.4506880638044,567.2297095698817,2631825
2014-09-26,571.52587890625,575.7286183519158,548.6909831841391,570.5452511029217,2038811
2014-09-29,576.10205078125,581.0052458632123,568.6772581169113,571.5724552687535,1105338
2014-09-30,585.3947143554688,586.6088273062525,573.2534708410628,573.5336419830461,1661328
2014-10-01,583.0599975585938,589.6910201693673,580.0713716638295,585.3948526321132,1220240
2014-10-07,562.4198608398438,588.7102928645583,558.7307786897916,588.1032647913177,2218559
2014-10-08,546.963134765625,564.0075756319251,540.5655981015033,564.0075756319251,2870865
2014-10-09,552.6134033203125,565.0348185083511,548.4106650008289,550.7922053145456,1833911
2014-10-10,553.2672119140625,558.9175490855382,541.6863093946537,551.3993280885637,2277836
2014-10-13,537.9039306640625,551.9597470000366,536.5030176006106,551.9597470000366,1570550
2014-10-14,540.285400390625,547.8503071366968,532.5336938600088,536.7364324974467,1235691
2014-10-15,540.285400390625,540.285400390625,540.285400390625,540.285400390625,0
2014-10-16,540.4254760742188,553.7341474803172,537.203365280506,540.6122188422012,1899046
2014-10-17,556.2557373046875,561.2990460438334,537.4835291151849,537.4835291151849,1717922
2014-10-20,564.3342895507812,570.4515964729349,559.8980663395836,560.3650372039201,1386961
2014-10-21,568.1168823242188,570.8720225042435,560.1316899745113,564.1009433007167,1375706
2014-10-22,586.8890991210938,591.8389796753928,569.4710602896004,571.5724295157613,2149219
2014-10-27,586.6090087890625,589.4108350822819,579.1374720071439,588.1967217558805,1316795
2014-10-28,603.4666137695312,605.9415257349559,584.3674894921413,588.3834284763211,1860143
2014-10-29,613.5064697265625,615.2809251716544,606.1283057611276,609.7707020485278,2970820
2014-10-30,607.6224975585938,619.9505404205948,604.2603299613581,612.8992914020731,2236206
2014-10-31,622.5189819335938,628.5429187817143,605.0075707491106,609.5839090066389,1185420
2014-11-03,619.2967529296875,626.6749155715592,615.2341291099324,625.7409738195896,796370
2014-11-05,615.000732421875,626.3948348408272,608.7433103800228,620.9779832983614,1178035
2014-11-07,607.2023315429688,623.59300001375,604.9141625534209,614.0667815083245,1670668
2014-11-10,600.5247192382812,609.8641394441644,596.9290652603352,608.930197423576,672490
2014-11-11,594.9210815429688,608.6033552777332,592.119255413253,604.9142728062811,1156064
2014-11-12,577.456298828125,600.3378767039219,575.3082437343211,597.6761649360137,2128988
2014-11-13,582.452880859375,593.0530984797044,577.3162004788421,579.0439701691603,1824599
2014-11-14,568.9574584960938,588.1499545442385,566.8560890673925,574.8412814957981,2551434
2014-11-17,572.78662109375,577.1761599242539,566.015541547713,568.7706818671046,1168089
2014-11-18,567.696533203125,576.8958946678162,565.968763574386,571.5724146988849,1828374
2014-11-19,559.6180419921875,573.2068863076613,553.8275903551009,570.6385458802135,1553551
2014-11-20,577.6431274414062,582.7331227459549,556.3025755264172,560.3652004282033,2261492
2014-11-21,585.628173828125,602.3924399530563,583.0131482801479,585.0678315690162,2847855
2014-11-24,577.316162109375,590.2512335884405,575.5883355306023,585.5815244619497,1703235
2014-11-25,583.01318359375,587.3560358763791,567.8366289547457,578.1099890180717,4011692
2014-11-26,587.40283203125,595.8549957267143,582.87317913135,588.3834597301411,2164082
2014-11-27,595.4346313476562,599.5906840944515,584.9277852478702,588.3833815880131,2119129
2014-11-28,593.1932983398438,603.8868888938872,590.8117005800411,599.5907783920852,2330230
2014-12-01,600.5713500976562,606.6419726771431,587.823076882709,594.7808986981026,2014699
2014-12-02,597.209228515625,608.7900752147741,594.9677448947335,600.5247112439174,1582287
2014-12-03,607.2491455078125,619.2035926069549,594.9210987792312,599.5908091307165,4859501
2014-12-04,615.7012329101562,623.2194542359698,610.7980376537614,616.4016893753555,1897979
2014-12-05,604.5405883789062,620.6044006697366,603.0929898156245,613.6932077179974,1448690
2014-12-08,608.8367309570312,611.7319279674704,598.6567417208374,607.9961604684324,1732385
2014-12-09,597.7227783203125,609.3503656429821,593.9870109558105,607.9961385726929,801143
2014-12-10,606.9221801757812,608.9301782581655,594.0337920979699,598.6568163550369,1467006
2014-12-11,600.0109252929688,608.0894877213485,597.8161278446025,607.0621745349875,1179422
2014-12-12,598.5634765625,606.8755265210367,594.5942228903436,601.4586740867535,1119398
2014-12-15,590.3447265625,601.3185452700224,582.1727339079621,598.6568333210059,1055655
2014-12-16,582.2194213867188,589.5975284244369,576.1487988477307,588.3834153172976,1512132
2014-12-17,565.5018310546875,578.7638176840435,558.3104668891721,577.1761050236116,2116349
2014-12-18,584.04052734375,587.4494379807245,568.7706005250576,568.7706005250576,1579359
2014-12-19,578.0632934570312,592.5393914809003,576.1019814582785,590.2512226506642,1260103
2014-12-22,577.4096069335938,581.6590313785443,573.4403536712116,580.071318672933,751698
2014-12-23,588.476806640625,592.0258316939492,572.0861366308629,578.5770446584404,1378766
2014-12-24,583.8070678710938,594.4073428011626,580.9118707378643,593.1464870147893,2697412
2014-12-26,581.6589965820312,588.1965897995631,578.4836283640607,584.6476220249893,525600
2014-12-29,581.7057495117188,590.6249411777566,577.7364960280062,582.0793491115041,686818
2014-12-30,583.9472045898438,587.3093728105553,580.3048081813289,583.2467481269211,481982
2014-12-31,585.021240234375,587.6362662041072,582.7797568298669,583.7136987478634,789136
2015-01-01,586.8890991210938,592.8662929402005,585.1145867510203,585.1145867510203,596787
2015-01-02,588.5234985351562,595.4346342457919,587.7762994284595,591.1852100920753,688999
2015-01-05,591.1851806640625,595.854889832025,584.6475878289149,584.6475878289149,1282895
2015-01-06,573.7671508789062,590.2512472790747,570.1714975694227,589.3173054321143,1615490
2015-01-07,571.52587890625,576.9894173842947,564.5679988677653,573.7673057419572,813936
2015-01-08,577.3629150390625,580.4449120208155,571.5724636472069,574.374289449399,1273014
2015-01-09,590.5781860351562,599.1237779214013,579.9779674032583,582.7797933327427,2151608
2015-01-12,589.0838623046875,594.9209992676749,584.6009525177714,589.2239763931154,1094136
2015-01-13,594.3607788085938,602.6728293465004,586.7024421419691,589.3174686370037,1261489
2015-01-14,589.6909790039062,599.4506269272723,587.4961811860351,596.6021153370887,1033679
2015-01-15,595.901611328125,597.7228094137153,590.8116166285536,596.6954961363512,1229115
2015-01-16,604.5872802734375,607.0622491675138,596.7888880277559,599.3105426172638,1245788
2015-01-19,614.3469848632812,617.8492670706236,606.1283073507095,608.9301331165834,1536486
2015-01-20,618.0827026367188,622.4255550244247,613.9266500189773,618.2228167150138,1537603
2015-01-21,600.9449462890625,619.9973274600356,598.6567771597903,619.2034996208127,1541897
2015-01-22,611.545166015625,613.7866494549977,598.9836356225277,600.9916335787696,1642285
2015-01-23,632.8858032226562,641.1511669139658,611.3583950601271,616.3083331385734,2255956
2015-01-27,660.3435668945312,663.0987067245369,637.8822770321954,641.6180443940237,2067849
2015-01-28,657.0748291015625,660.2969401393932,646.8014679395635,660.2035687483279,1379608
2015-01-29,651.3778686523438,664.8733421467543,641.1511922048625,653.7127236858647,2245977
2015-01-30,649.7901000976562,656.3743793268053,645.5406757017723,652.8254113809008,1061983
2015-02-02,649.5565795898438,659.8299403022639,645.5873265873178,651.891434297212,878717
2015-02-03,632.6524047851562,653.5259880324605,627.655780320976,649.2298771503955,772717
2015-02-04,633.2125854492188,642.5520041136615,622.565625370439,635.4540687300001,1326140
2015-02-05,618.6432495117188,631.8584955904636,613.8334250534565,631.8584955904636,913021
2015-02-06,611.7787475585938,637.60226884892,602.9997262163913,627.6090772011581,1572398
2015-02-09,588.0565185546875,612.6658639152105,584.8810934099095,607.0622127208641,1213162
2015-02-10,597.8628540039062,600.3377655219819,582.2660148580599,588.3833221239299,1834808
2015-02-11,594.4073486328125,598.4699731988617,589.3640394444213,597.8629451505403,1671824
2015-02-12,617.0087280273438,621.5850090537176,591.2318978452927,598.6567472184729,4022095
2015-02-13,623.1726684570312,655.4870320605335,615.4676485772703,617.335532184485,6373168
2015-02-16,627.1886596679688,634.0531667049571,623.8731773864083,626.021232315075,1056625
2015-02-18,632.8858032226562,638.8163119725456,623.4529550573423,628.2627790379855,975390
2015-02-19,637.3687133789062,646.2878478554431,627.702379718398,637.8823700654158,1803177
2015-02-20,631.2979736328125,644.4198445745801,629.0564905025439,640.870877121058,1323954
2015-02-23,624.9471435546875,639.1430125234616,622.0052042468026,633.2125052242225,1030305
2015-02-24,632.5589599609375,634.7070153462388,625.7411941713723,628.5430204139307,745543
2015-02-25,631.6716918945312,639.9371133591093,627.0954099850161,634.6603178986165,865007
2015-02-26,615.8880615234375,637.3687274614523,612.8060643329901,635.5475291660484,1754632
2015-02-27,625.6010131835938,632.2787211491905,612.1055971605193,618.6431910276455,1632882
2015-03-02,669.5897216796875,677.1079433046873,636.3413526064733,638.3960363868155,2226858
2015-03-03,683.5521240234375,689.9029177714475,667.8618539358584,672.438192211951,2346080
2015-03-04,679.0224609375,698.1215845853425,674.3060656463108,687.3812525147988,1975785
2015-03-05,690.6499633789062,697.0941846214835,677.1078072342218,681.7775162496303,1863532
2015-03-09,685.7001342773438,693.4518404194217,681.8242527046607,690.6500148015655,886869
2015-03-10,681.263916015625,703.1181218136385,677.1078632474484,691.1169914525681,2224099
2015-03-11,670.2901611328125,688.7355149815098,665.3402801082512,685.5134037946228,1656569
2015-03-12,672.6250610351562,679.9097974644732,664.0327829632424,671.6444333048574,1970544
2015-03-13,657.3549194335938,679.5827800894155,654.78657945896,677.1078114943637,1031988
2015-03-16,647.8289184570312,661.0441641130906,638.4427553580473,659.503193949998,2758251
2015-03-17,663.6124267578125,668.7024216754136,650.6306681367591,652.2650665137592,1832519
2015-03-18,664.9198608398438,673.1852227811909,661.2774651010874,666.8344300857922,1470026
2015-03-19,663.425537109375,678.788891172847,658.9893135441243,668.7023310988287,1697308
2015-03-20,653.572509765625,670.943862763958,647.9221728481117,666.6943816493148,1874430
2015-03-23,654.9734497070312,665.2468107111445,648.155685168596,657.028133308512,825791
2015-03-24,663.332275390625,666.7878720344308,652.3584573887385,654.4598267933551,976875
2015-03-25,664.4530029296875,670.9905964931188,659.6431791495605,667.2081430463634,1175071
2015-03-26,654.6466064453125,669.8698484853102,651.0508958171703,663.5657404654066,2634979
2015-03-27,648.1557006835938,662.1648296609048,641.804906947871,660.2969457972633,2072818
2015-03-30,655.8140258789062,663.9860176571527,649.1830040625832,649.1830040625832,1612745
2015-03-31,665.386962890625,670.2901581960111,653.9928595422119,658.4290838661327,2267378
2015-04-01,662.7252197265625,669.1694423213453,657.3550532320088,666.8345873237133,1693796
2015-04-06,687.0545043945312,690.2765589230631,664.5464663776985,666.834635842524,2457940
2015-04-07,680.0964965820312,695.5065377870473,674.6796450136532,691.1169994976879,1652776
2015-04-08,688.0350341796875,696.8140541573281,676.7343025762922,683.6454956892213,2259141
2015-04-09,671.9244384765625,692.8447005655095,668.0485572106372,692.7046434976744,1409699
2015-04-10,654.8334350585938,668.6557648137613,648.15572717186,663.0987986916723,2038210
2015-04-13,665.3402709960938,667.3948976927694,645.3538903742148,655.6272518707651,1497566
2015-04-15,647.1282348632812,669.6362073148108,644.5131524677973,666.3207256388032,1604656
2015-04-16,634.0064086914062,649.4631920729336,628.5428716131713,649.4631920729336,1787533
2015-04-17,635.4541625976562,643.4860410342103,627.7023983584678,634.1466209901724,2231820
2015-04-20,616.4017333984375,638.7229704849422,615.0475060683422,634.8937739997311,1915626
2015-04-21,609.490478515625,621.3048666887763,602.3925426745745,616.4016715739832,2144141
2015-04-22,613.3196411132812,623.8731729070086,602.3925097679949,611.7319285240877,1969424
2015-04-23,620.0906982421875,624.6202933807501,613.5997910307784,616.4016165605993,3600202
2015-04-24,595.5280151367188,620.5576441259135,593.0530465505877,620.5576441259135,1623284
2015-04-27,586.9358520507812,597.4893850838025,580.2114583560958,596.6021287971262,1502771
2015-04-28,589.9244384765625,593.0531211173612,577.876564868295,583.7137018871666,1434089
2015-04-29,587.6829833984375,597.7228595550258,584.2740724137202,590.8584088911412,1272786
2015-04-30,593.9869995117188,599.9642499810752,579.0439303416126,585.1145521919682,2844112
2015-05-04,629.1967163085938,636.1078526815301,597.7228605329944,599.59074447216,3045985
2015-05-05,618.5496826171875,631.0178406529787,613.7399162390725,630.0371560971272,2220174
2015-05-06,594.2205810546875,618.2695868891208,589.4107570864832,618.2695868891208,3640420
2015-05-07,586.3287353515625,600.057693195766,579.4175992350183,593.9870706186882,1896392
2015-05-08,611.4518432617188,617.2889808043057,591.1386046135165,591.1852903131979,2770332
2015-05-11,622.0986938476562,628.4962302400612,618.6898400211537,623.359549649205,2078211
2015-05-12,620.2308959960938,630.3175157939027,611.0315895545968,621.3049521607879,2714276
2015-05-13,631.905029296875,634.146512525378,616.8219027075584,621.0713267001124,1858476
2015-05-14,640.6842041015625,649.9769382876597,633.2126681936725,634.4734670768108,2412197
2015-05-15,638.2092895507812,641.3380296814648,628.2161550229355,639.6102026531858,1187367
2015-05-18,640.2637329101562,644.4197849528995,633.2591700302335,638.1623640461794,864835
2015-05-19,637.6021728515625,648.0623339640272,634.0532048857152,638.3493150017474,848057
2015-05-20,643.065673828125,645.0736716831649,636.107795380841,638.722878262741,884919
2015-05-21,629.8037109375,642.972326211199,625.1807440362296,642.972326211199,1596030
2015-05-22,629.3834838867188,635.5474777691294,623.7798323560578,631.3447391211337,1181691
2015-05-25,616.5884399414062,632.7456230481023,613.7866143042929,631.7183097824761,1333330
2015-05-26,615.5144653320312,621.5384026486693,609.0235570141546,618.2696056399986,989654
2015-05-27,617.428955078125,625.4142037678369,609.864048639048,614.3469582697339,1529286
2015-05-28,601.4586181640625,622.0053411448224,597.5360505579861,621.0713991911515,2667994
2015-05-29,607.4826049804688,616.401739968751,598.8436412006037,604.1203794695697,3757040
2015-06-01,618.3629150390625,628.309419169483,602.8595021536994,602.8595021536994,2655528
2015-06-02,598.93701171875,623.6864754840149,597.1158133617785,622.0053912326941,1725187
2015-06-03,593.1932983398438,601.038377126173,589.4107875464148,599.7775781972282,1140795
2015-06-04,588.8036499023438,601.3651791677765,583.9938265803158,596.5086701539718,965314
2015-06-05,581.5189819335938,594.8276548118318,579.0440129479024,588.2900611172588,1161230
2015-06-08,574.0940551757812,580.6316479957354,568.7705753360185,578.950564099833,1535540
2015-06-09,552.846923828125,569.7045638664665,548.8776707192193,567.8366800505108,1880172
2015-06-10,553.593994140625,560.3650720951075,547.1030873215334,551.0256542268557,1518836
2015-06-11,536.4095458984375,559.4312381843009,533.5143486023071,555.6954703166261,2025695
2015-06-12,543.227294921875,547.2899191311759,534.0279335809236,536.1759884157641,1768081
2015-06-15,547.0098266601562,553.4539920915935,533.8412105985947,543.2740587567279,1358401
2015-06-16,551.3525390625,552.8935658903669,537.6703253923534,544.4880893818985,1586626
2015-06-17,572.4130249023438,576.8959347124621,552.0530454674343,552.8936159957713,3226832
2015-06-18,566.9494018554688,581.4721865607872,562.3263781895647,577.5496763019964,2134429
2015-06-19,566.5758666992188,574.0940874643536,559.4311884856903,566.9027235572855,2017997
2015-06-22,572.973388671875,576.7091564871765,566.90276597201,571.5724757411369,1609442
2015-06-23,588.7102661132812,589.7843221219456,572.0394256527184,577.6430771693165,1700335
2015-06-24,580.6784057617188,592.3059944068218,575.635096444739,590.2513107220044,1350706
2015-06-25,570.4050903320312,579.0440540415217,560.3652135885694,577.1761699962265,1916121
2015-06-26,578.3902587890625,580.6784280485376,571.5724937124327,571.5724937124327,2088582
2015-06-29,570.591796875,573.3469367921472,560.4584933835655,569.7045406978458,1359591
2015-06-30,574.7479248046875,577.176151183104,566.48250397169,567.0895890679419,2352929
2015-07-01,592.959716796875,595.1077716998713,576.008649034118,578.1100182442141,1789439
2015-07-02,584.9744873046875,594.7808772721387,583.80705992761,592.9597361665296,1018273
2015-07-03,589.8311157226562,596.7423099921307,584.6477485222013,584.8812340447739,1062854
2015-07-06,610.5178833007812,612.6192527543154,582.1727100255772,585.5816210515171,2193898
2015-07-07,603.79345703125,615.1408742686527,601.5519736005831,611.6385920352928,1151563
2015-07-08,603.5133056640625,612.4324399771388,589.9711472505383,600.524679992833,1553260
2015-07-09,598.7969360351562,611.6386385337373,595.2479108329117,604.2604739332343,1165623
2015-07-10,605.1943359375,607.5291906286169,592.1191496672454,600.8047977175426,1329511
2015-07-13,617.569091796875,620.9780025907185,608.883443380957,609.8640709918478,1334312
2015-07-14,621.9585571289062,627.2820368239561,616.6350774338564,619.9038737549749,966237
2015-07-15,626.3014526367188,628.5429361315214,619.2968879695769,622.9392843978079,790552
2015-07-16,634.8936767578125,636.9483602884329,621.5850050069179,627.7490555987789,1342722
2015-07-17,639.9369506835938,642.2718052489869,633.7262147383341,635.12712747757,1180811
2015-07-20,637.9756469726562,645.7740955248147,635.0804500750988,640.2638158772605,756355
2015-07-21,618.7365112304688,643.2524862037515,616.4950278601669,637.8823202572229,1019824
2015-07-22,630.0371704101562,635.0804793711841,619.6704383276186,620.1374092683327,1412682
2015-07-23,628.729736328125,632.1853329667985,619.4370024630749,630.4108204486628,759001
2015-07-24,633.3060302734375,640.4973948796348,627.3755215351229,630.410832953045,1177924
2015-07-27,630.7376708984375,643.2525157854534,628.5429301250238,632.0452124251261,807908
2015-07-28,627.5154418945312,635.0803467530733,621.164592824379,632.2318360102038,832236
2015-07-29,634.6602783203125,638.5828461433514,622.9393175540993,630.3174821975128,1183157
2015-07-30,664.0794067382812,667.4883176293347,639.84360193251,639.84360193251,2842736
2015-07-31,662.2114868164062,676.173929496022,659.3629754477784,672.3447905419044,2031688
2015-08-03,665.2467651367188,669.5896175195282,658.4290010653518,666.647677904943,916688
2015-08-04,662.7719116210938,670.5236182183276,656.654546393618,670.5236182183276,1237267
2015-08-05,671.1307983398438,674.2128530014434,662.1649766060206,663.9861751778827,1274983
2015-08-06,675.6136474609375,682.8049550652125,670.6170236931205,672.671707438611,1374485
2015-08-07,667.9085083007812,680.7034654966475,666.3674815127877,676.8276411866656,980254
2015-08-10,668.0020141601562,675.7070356447019,663.7992751685858,670.0100122574471,914543
2015-08-11,673.574462890625,682.7527462637396,668.6575192446927,673.3871393191066,1636795
2015-08-12,662.7572631835938,678.3509659750943,652.5487277493161,672.8721082413762,2149755
2015-08-13,679.4747924804688,683.6893156591898,665.4263818847319,666.6438993704033,2079678
2015-08-14,692.6802978515625,694.6939263002939,683.923477830522,688.3721413289061,3238561
2015-08-17,658.5426635742188,697.7377050816768,656.5290352513496,697.6908884804042,7582133
2015-08-18,640.4202270507812,664.39621646006,637.610544811164,664.0215692961917,5972184
2015-08-19,651.9398803710938,658.7768192112437,643.3235676620415,643.4172008667852,2593642
2015-08-20,647.7254028320312,663.0850222580643,644.7284541116535,653.2511342161015,2267326
2015-08-21,653.1574096679688,656.4821884893582,628.5258192387143,636.8612317548735,2011811
2015-08-24,595.5120849609375,638.6407499654757,586.2869851367366,632.1784584142129,4568527
2015-08-25,604.456298828125,612.5106979853103,567.2748275942503,607.8278944838936,4891926
2015-08-26,597.0106811523438,607.8279467379344,593.3112546355648,606.8913859571364,2031606
2015-08-27,619.019775390625,625.4351930021313,599.3988182663135,610.6375461088069,3929856
2015-08-28,617.9895629882812,636.5803274205723,613.4472664000366,632.1784806412591,2111583
2015-08-31,638.875,641.544175529283,613.540983542385,617.9428309238995,2172057
2015-09-01,621.080322265625,644.7284826514492,615.3204504351107,638.7344706190952,2567389
2015-09-02,607.1723022460938,627.2615410864145,603.2387357965765,622.8128776744542,2734383
2015-09-03,614.0560913085938,621.6422106753105,610.4502980486049,617.1935470207602,3366027
2015-09-04,608.3429565429688,636.6739161015273,605.4864580035738,633.3491372388505,4428049
2015-09-07,608.3429565429688,620.0031480253147,606.1888784884968,614.3837841459311,1844881
2015-09-08,608.7644653320312,612.6043414019507,583.9456063608022,610.6375867638221,2197872
2015-09-09,614.8053588867188,625.6226248752124,608.8581634092601,620.7993138091987,1561345
2015-09-10,612.2298583984375,615.7887783081227,600.0545669642084,607.828010831896,1254979
2015-09-11,611.7147216796875,620.7056826751367,607.7343381996885,618.1301404233726,1179996
2015-09-14,618.78564453125,620.939722634158,609.2327142888685,613.2130971262669,796196
2015-09-15,616.5379028320312,624.6859924267451,612.0424228648844,623.7026151156706,921666
2015-09-16,619.6285400390625,623.4684732303917,615.3203836580024,618.317389348932,1038816
2015-09-18,610.6376342773438,626.5591676864155,606.0016469403107,624.6860461088777,2152655
2015-09-21,608.0620727539062,610.6376148410426,599.0242385647023,606.8913718052079,1001552
2015-09-22,603.28564453125,611.8551413025991,601.3656492169272,611.5741845034478,1673424
2015-09-23,601.4124755859375,603.1450900134265,593.3112026762511,598.274962947152,1098608
2015-09-24,602.30224609375,609.5137759076312,598.4623695611941,599.3989303899284,2130588
2015-09-28,601.1784057617188,612.3702616913021,598.5091731599664,606.8914038275574,2002727
2015-09-29,596.1209716796875,603.8944151801966,588.6284849971462,596.4019284976554,1385234
2015-09-30,595.6995239257812,599.3521341472159,591.1572266173266,597.5258290364985,3135198
2015-10-01,593.3580932617188,607.8279692946579,591.3913384143093,602.1149711850317,2945165
2015-10-05,599.4925537109375,601.2720421214109,593.4517821958336,599.0711470754729,2469393
2015-10-06,621.87646484375,624.1710505819016,600.6633366641689,603.0516127943094,2513511
2015-10-07,637.610595703125,640.232954570116,618.6920556803947,626.465556227629,2160153
2015-10-08,637.0953979492188,645.7585841763856,629.4155889962941,644.3537431665748,2304302
2015-10-09,645.805419921875,648.0063718670339,636.1588561345002,640.982166609752,1867010
2015-10-12,633.44287109375,648.8493076104688,632.1785368852333,648.1000704067874,980356
2015-10-13,635.9716796875,637.7979849095168,630.7737780272535,633.34932055075,1215291
2015-10-14,636.112060546875,637.0486212787864,618.1300830615493,630.305372576398,1219164
2015-10-15,628.385498046875,640.5607887928102,626.9338401982561,640.3734651948608,1232379
2015-10-16,636.3463134765625,637.3296909866765,626.5592406614057,631.61669237505,1925227
2015-10-19,644.7752075195312,645.9459083621613,634.0515763684149,636.3929780536749,2154963
2015-10-20,630.8673706054688,645.8992180954881,616.8189577461147,645.8992180954881,5642920
2015-10-21,634.9882202148438,638.6408301875281,629.3688554341815,630.8673298437709,2005358
2015-10-23,638.9217529296875,642.4806723350689,636.205703898587,638.8280625571242,1705211
2015-10-26,638.031982421875,640.607524369266,630.6800037282104,640.0456108096324,1217235
2015-10-27,641.2631225585938,644.3537614351775,629.6029304139506,633.1150330380523,1610215
2015-10-28,651.8931274414062,657.6998157808918,632.9277714149725,638.9685999523153,1537365
2015-10-29,647.6785278320312,660.181647227418,645.7585898676608,654.6559163415444,2975896
2015-10-30,646.6483764648438,659.2451298913628,644.4006078162944,654.6559593852126,1885373
2015-11-02,637.0953979492188,645.2434872387471,631.6165408762073,645.2434872387471,766804
2015-11-03,632.5531005859375,642.5274374425259,628.5258439667789,642.5274374425259,1048233
2015-11-04,628.1513671875,637.7511158031068,625.7162747041955,636.8613715719597,1321427
2015-11-05,616.3038940429688,632.5532600937623,613.6347183205717,632.1786128653263,1833741
2015-11-06,616.3974609375,630.0244079853894,609.7010289220292,613.4472718032705,1715887
2015-11-09,606.5167236328125,608.4835355212507,598.0876768161315,603.238760981881,1192556
2015-11-10,601.1784057617188,607.3596842317453,597.0575153396109,605.9548430191816,1166182
2015-11-13,578.700927734375,595.6058383488233,576.0785118248207,594.7160941768769,2193410
2015-11-16,586.0997314453125,591.1103659739329,574.252271739668,578.6540617258854,1127051
2015-11-17,595.4183959960938,598.3685847243197,588.1600514125786,589.0497954070532,808720
2015-11-18,589.7991943359375,601.2720647299275,587.5982992072435,594.5288151881794,1026565
2015-11-19,595.3248901367188,596.9638715222691,589.8927918141017,594.716102756832,523990
2015-11-20,605.8143310546875,607.7343264265896,591.0634984439754,595.5590360177479,1070873
2015-11-23,600.7568969726562,606.8913583754611,593.3112276710718,606.5167112149152,878175
2015-11-24,596.8701171875,605.7674437556644,594.7160390299384,599.3988424868671,909556
2015-11-26,594.2946166992188,601.1783725584708,592.9365921694508,599.2115606716278,1319195
2015-11-27,602.8173217773438,604.7372597935951,595.2311457546346,596.9638173600354,1110713
2015-11-30,602.8173217773438,610.1693004602315,598.4622916256146,602.208534452692,2146672
2015-12-01,607.4063720703125,608.7643963871855,604.0815933380533,604.5498736429665,670534
2015-12-02,616.6317749023438,619.4414578551251,607.3597982929068,607.4534315260744,1610659
2015-12-03,609.8884887695312,614.3839697988454,601.5062570172386,611.3401467777384,1484709
2015-12-04,604.8309326171875,613.4473031164885,602.7704874947041,608.4367258723169,1127553
2015-12-07,604.26904296875,612.5107666221705,599.4925485641824,606.8445851831399,921343
2015-12-08,601.833984375,607.3597163014404,597.9004745026332,601.2720707255586,730708
2015-12-09,584.2266235351562,603.9880909811944,580.6677038794897,601.3188583670928,1044192
2015-12-10,596.4019165039062,600.1949763780362,582.5408278525813,585.3973269102281,1030589
2015-12-11,598.6964721679688,602.1617584492797,590.7357056236939,596.1677466565725,1104857
2015-12-14,596.6360473632812,602.9578327755289,591.0166825523944,597.4321583427045,721113
2015-12-15,598.36865234375,600.8036872913709,596.1677004073154,596.6359807559446,948636
2015-12-16,598.1345825195312,603.0983433661928,596.6828675375331,602.1617825587799,1166504
2015-12-17,602.1149291992188,604.0348673045993,595.9335939497078,598.4623194080017,1333918
2015-12-18,601.36572265625,608.1089724750403,599.492600882316,602.0213267097549,995474
2015-12-21,602.8641967773438,608.5771947767828,600.4291044059873,608.5771947767828,738842
2015-12-22,603.3323974609375,606.8913165885535,600.8036722091931,603.0982572925005,508379
2015-12-23,606.3762817382812,608.2025866717125,603.6134160352065,605.0182571896717,342498
2015-12-24,607.0786743164062,612.8853622530117,604.2689921370614,607.6405878870231,395801
2015-12-28,615.8822631835938,617.6149346913086,606.2356998803565,607.0318107341042,793844
2015-12-29,612.3703002929688,618.1301724928165,610.6376855535096,618.1301724928165,472504
2015-12-30,611.761474609375,615.3203939178262,608.8581020753551,612.3233881769247,587218
2015-12-31,608.5303344726562,613.4472783064099,606.1421160431734,611.5741568459323,765254
2016-01-01,613.7750854492188,616.6784581704984,607.3596669595411,611.7615140663542,556012
2016-01-04,604.6904907226562,612.3234267849369,598.8369858452323,610.6844454192583,631534
2016-01-05,600.1948852539062,608.7176216878273,597.5725267985179,605.2055191592375,642269
2016-01-06,610.7312622070312,614.3370555104755,598.1813820439874,599.1179428246533,1234096
2016-01-07,597.0106811523438,608.7645075187326,589.0967311219734,606.8913859571364,732335
2016-01-08,582.86865234375,604.0817795610333,575.0483917061619,596.8702492096145,1553402
2016-01-11,571.348876953125,578.2326327978204,565.9168360086719,578.2326327978204,1668698
2016-01-12,572.6600952148438,577.764362852578,567.2748707782622,570.3655098918476,1278522
2016-01-13,570.0376586914062,576.8745399582488,558.2837768816844,576.2189360749899,794118
2016-01-14,575.3292236328125,577.9047655446308,558.8925948645617,565.1207463529372,986574
2016-01-15,570.459228515625,577.8112659711851,564.1374423609362,576.9215216723413,1119442
2016-01-18,553.5542602539062,569.4757941658783,549.1992867464543,569.4289775575879,1435098
2016-01-19,560.1101684570312,562.685710626911,546.0149400144983,552.8986389487412,849433
2016-01-20,555.5211181640625,564.8867271213045,550.6978066858267,557.066409344123,1002709
2016-01-21,543.439453125,563.2945553051507,539.9741664203988,562.1706708113421,1452498
2016-01-22,544.9847412109375,551.1660194989432,540.7702176973517,545.8276116157745,1297154
2016-01-25,543.7671508789062,552.5708448313018,542.4560001212535,552.5708448313018,910559
2016-01-27,543.673583984375,550.3700170571901,535.9937734325881,545.0784252866603,982504
2016-01-28,541.144775390625,548.3563044046616,538.5224167936472,544.1417811427983,1336930
2016-01-29,547.981689453125,554.4439816996753,541.4257639938382,543.1584357345299,1146060
2016-02-01,561.4213256835938,567.5089702621763,551.7747618609272,554.3503037980198,1045333
2016-02-02,537.5859375,567.6027018459001,526.3472070993032,562.873080901568,1779141
2016-02-03,526.39404296875,542.081438060331,523.9121908790113,533.839713564248,1188642
2016-02-04,515.4830932617188,534.2143094825205,505.7896545695726,531.02997985973,1614064
2016-02-05,533.9801025390625,536.9302344272287,509.58265073032993,519.7911851599846,864080
2016-02-08,530.8894653320312,539.2248792971454,525.5042407450428,538.4756420915827,1264314
2016-02-09,520.5872192382812,534.9634596462391,516.1385561097542,529.0631389294496,1357674
2016-02-10,504.4316101074219,523.4906561598393,500.1234534114529,519.7912296692067,2425499
2016-02-11,506.5387878417969,513.890822997673,484.482796700416,496.3771279924832,5647601
2016-02-12,495.0660095214844,509.06760473046705,491.7412301577189,508.55250772985,1981976
2016-02-15,505.4619140625,507.6159926355211,494.9724208632341,499.233761398303,2467275
2016-02-16,490.8046875,514.6401718604687,487.4330914049311,511.31539237388824,2664696
2016-02-17,486.1686096191406,493.0991812811246,480.8302596548596,492.6309009570209,1924596
2016-02-18,491.1324462890625,495.81524971606297,487.57346995403987,493.6611144091405,1967772
2016-02-19,491.36663818359375,497.31377629665235,486.26237047824236,492.584155770149,1054082
2016-02-22,496.8454895019531,498.10982367878785,491.6944052564098,495.7684217489954,1236400
2016-02-23,489.4466552734375,499.09327732393905,484.6702180190832,498.1567165161727,1047760
2016-02-24,481.34539794921875,489.86807771515834,478.11425200256946,489.0720239610135,1836770
2016-02-25,486.0749816894531,488.6973401002392,477.64593576420253,485.138421031092,2723564
2016-02-26,490.7578125,494.269915165792,486.0750089456107,489.68074481723875,1985528
2016-02-29,481.53271484375,494.5040578909793,472.96316142981925,494.5040578909793,3487816
2016-03-01,483.5931396484375,488.322817354725,477.27138291584276,482.32880545085874,2146110
2016-03-02,492.2563171386719,498.2503289233031,486.4496861035306,490.28956238975405,3422308
2016-03-03,493.66119384765625,497.3138039737351,490.19596448456355,496.37724313762635,3101778
2016-03-04,503.5887451171875,510.9875410147843,496.6113558419906,499.8425019802371,2693406
2016-03-08,498.57818603515625,514.8275523973268,495.2534061808561,505.5555763657054,1409496
2016-03-09,495.7216491699219,501.06005747659924,488.2759789392775,499.98298962798305,4376676
2016-03-10,500.0766906738281,505.9301961429872,496.3772637846917,496.56458739233267,3609343
2016-03-11,500.6854553222656,504.38488246540817,497.2670421914489,500.5918220935859,2806975
2016-03-14,503.4950866699219,509.2549587234978,496.47088034270126,503.8697338726286,3909833
2016-03-15,491.74127197265625,504.8063075049007,488.88477275984815,504.4316602927027,2961527
2016-03-16,497.3138122558594,500.8727320597144,483.4527230832389,491.6008139257082,2221318
2016-03-17,491.27288818359375,502.9330799616999,488.46320617263456,502.2774760598507,2100095
2016-03-18,494.7382507324219,496.4240487675058,484.6702219669254,495.4406713439682,4345885
2016-03-21,501.8560485839844,504.24432419635076,494.0357892870624,496.3771911320248,1221223
2016-03-22,501.3409729003906,504.8062592107161,497.36058959492584,503.4014180440815,1529194
2016-03-23,498.9995422363281,502.27750476981413,492.20947698839285,500.8726636840344,1361735
2016-03-28,490.94512939453125,503.26086827711777,488.97831763057246,502.27749097670267,1947564
2016-03-29,471.5583801269531,491.69443806683296,463.1761492263293,487.9950113382742,6503207
2016-03-30,479.8468933105469,483.73364341719696,470.6217924823649,474.7894993907061,4372138
2016-03-31,479.4722900390625,485.138471175181,475.6792018317069,480.4556673993588,3086978
2016-04-01,481.9073791503906,484.4829215157648,477.64603866939916,481.2049585052886,1239447
2016-04-04,481.6732482910156,486.07509585178104,479.659676700496,486.07509585178104,768318
2016-04-05,471.0900573730469,483.265347126227,469.63839964279407,480.45566487549314,1086907
2016-04-06,472.9163513183594,475.30456974355803,465.4706820936913,471.41784843635236,1820374
2016-04-07,474.2743835449219,480.5025071504631,469.8725649325515,473.66562474105405,2102922
2016-04-08,472.4480895996094,478.20793259124923,471.3242052483579,477.45866682989276,1262329
2016-04-11,470.2939453125,473.8997096894937,465.5174800716488,473.43142934395075,2929584
2016-04-12,470.106689453125,476.5689530431997,467.9994277227811,470.8091100299063,3622355
2016-04-13,479.42547607421875,482.3288203206176,472.02665134289566,473.1036905651621,3642720
2016-04-18,490.8514709472656,492.35000245960794,474.929966625163,482.3287909052606,3507933
2016-04-20,493.7547912597656,496.751796803633,486.30912258202324,491.69434637566144,2898556
2016-04-21,498.2503662109375,500.12348788842223,493.1929148164739,496.37724453345277,3392813
2016-04-22,497.6415100097656,502.5116371306385,493.56749378965674,496.09621913733395,1880283
2016-04-25,493.0992736816406,499.9829728706313,490.28959121052014,498.71863862388153,1959119
2016-04-26,506.2110290527344,507.8500101828774,490.89828535922004,491.36656568211805,1855477
2016-04-27,505.9301452636719,509.77002160002394,500.59173738003267,505.2745412844296,1456338
2016-04-28,494.7382507324219,509.25494337104476,491.6944280823881,504.71264628163317,3088525
2016-04-29,502.93316650390625,504.2443745332307,493.66119140701534,493.75488178804517,932705
2016-05-02,506.3516540527344,510.0510237355047,501.0600623051904,502.88636742285576,1336667
2016-05-03,502.7926330566406,512.298747861183,493.14606843264914,505.74282238581134,1524809
2016-05-04,499.37420654296875,507.0071424066598,495.44063993505455,500.12344371515906,785756
2016-05-05,507.4286804199219,509.4891258172521,499.65523644026473,501.52835822635757,1025103
2016-05-06,503.2609558105469,508.3184073253776,501.1536938732238,505.7428649575383,511789
2016-05-09,502.5116271972656,505.9300965838087,499.42098835036717,504.15060840610414,727957
2016-05-10,502.9798889160156,505.2744739560408,498.9526895274898,502.93307231583674,669096
2016-05-11,502.5584716796875,505.27452069883554,497.0796142000129,498.2503151284161,943441
2016-05-12,502.27752685546875,508.037398425685,500.4512219310246,502.8863142179943,670055
2016-05-13,497.9693298339844,504.52525465777506,496.4239818316968,500.544871729045,891484
2016-05-16,488.6973571777344,499.98290207273396,487.33933274302933,499.98290207273396,883516
2016-05-17,490.5237121582031,495.11288287944757,489.353011174532,489.82129156800045,679688
2016-05-18,491.27288818359375,493.33333309092257,487.05836516715493,489.3997668429543,653047
2016-05-19,480.17474365234375,492.5373579039689,477.8333416032911,490.8515026981422,1062398
2016-05-20,474.92999267578125,482.56295756431814,469.4042896106693,481.67321336180055,1700932
2016-05-23,465.8453369140625,477.64600872837104,463.41027311403576,477.64600872837104,2021694
2016-05-24,462.7078552246094,473.1505310869856,460.3664532073174,468.23358685067245,2526624
2016-05-25,439.99627685546875,449.5492089788979,428.4297731980377,449.5492089788979,15183389
2016-05-26,438.2636413574219,443.8361610138078,436.4373363499399,442.7123051936069,4432025
2016-05-27,443.4147644042969,448.14438546191474,439.3407188201473,441.0265169880029,2638981
2016-05-30,443.5083312988281,448.14431843944874,440.1835520721858,446.692660710986,1183625
2016-05-31,442.6654357910156,448.84674249949717,441.12011625928676,445.24097787108576,2368362
2016-06-01,435.4070739746094,444.58538619984654,433.3934741384692,444.58538619984654,1247617
2016-06-02,438.4041442871094,440.18360420481497,429.8814347447023,434.9857028643858,1354914
2016-06-03,435.68804931640625,443.8829554459915,432.97200041963504,440.6518095965579,1318109
2016-06-06,437.0460510253906,441.58837619996405,435.8753501340864,439.20015781432926,1409144
2016-06-07,438.63824462890625,441.963023947085,437.04607987899254,437.04607987899254,1797918
2016-06-08,442.1971130371094,443.92975598670347,438.31039198687176,441.9161562697431,811331
2016-06-09,448.706298828125,451.37550290671936,439.34069053942096,443.5083690789533,1695845
2016-06-10,446.22442626953125,455.730513135009,444.3981211881852,444.8664016109335,1704257
2016-06-13,438.966064453125,449.45552840900524,436.0158750271399,444.81956953394024,1271568
2016-06-14,452.077880859375,453.29539838936483,439.76208425689083,440.2772098130908,2522251
2016-06-15,458.96160888671875,461.30301088814383,453.10810388315605,455.0748872806666,1860880
2016-06-16,455.77728271484375,457.837727794955,448.9404006808155,456.85432185971587,1239939
2016-06-17,455.59002685546875,458.91480636692836,453.3422579998455,456.10512387896756,593507
2016-06-20,457.2757873535156,459.75766763103104,451.93737963227676,455.7772844333814,1026672
2016-06-21,452.7335205078125,458.91482798887455,449.83017608381385,458.91482798887455,861422
2016-06-22,451.84375,455.63680964457916,449.5491647058541,453.1549293474122,673949
2016-06-23,445.5688171386719,452.3588831907063,444.53859450411846,450.57942332096957,1918112
2016-06-24,446.3179626464844,447.67598701041715,430.4432769087554,438.31038058760504,1875935
2016-06-27,458.0250244140625,459.8513293134122,443.9297965265934,444.8663572787592,2362093
2016-06-28,465.7984619140625,467.34378132638403,455.68358937769943,458.91473517019676,1775304
2016-06-29,470.574951171875,472.0266088736818,464.5809396225125,467.15648163521615,1048438
2016-06-30,469.2169189453125,474.6489596681413,467.76526126742897,472.9631618111433,2152521
2016-07-01,476.33477783203125,477.6459570959818,468.1398717053845,470.15347149447626,1008068
2016-07-04,477.8333740234375,480.83038028219363,475.86659045247694,478.30165446502,1055119
2016-07-05,474.8363037109375,478.67620853023857,470.8091038892108,477.8333095654081,689915
2016-07-07,481.6732482910156,484.52974753728546,472.0734992881625,473.43152399436474,2078580
2016-07-08,487.29254150390625,489.3061699598055,480.5024761400972,485.1384632349103,1828792
2016-07-11,488.884765625,494.7382709605484,487.0116439176245,492.06909539279354,1441960
2016-07-12,482.98443603515625,489.7276855076096,481.4859043950904,489.3530383068088,891315
2016-07-13,481.9541931152344,486.4965475598436,478.7699205061338,483.2654011774828,1202156
2016-07-14,479.4722900390625,483.82726325269795,474.8363028683721,483.1717164545885,1257722
2016-07-15,483.6400146484375,485.9814166226009,477.83332631988554,481.3454292811306,1004156
2016-07-18,474.7895202636719,484.4829019085295,473.2441720417329,484.24876170297125,1459230
2016-07-19,473.7123718261719,478.0205565914969,468.79542834632076,474.8362560541917,1027246
2016-07-20,484.99798583984375,486.44970080563746,473.1973426634171,475.2577878493533,3584904
2016-07-21,483.1248474121094,493.52070619400314,481.39223286336005,489.3529993601277,2274652
2016-07-22,487.38629150390625,489.72769363994894,479.84693089533823,483.2654008792158,1188747
2016-07-25,491.31976318359375,493.09925153396506,480.45568098181207,481.43905836990837,1337348
2016-07-26,490.33642578125,496.51776174203354,488.6506276694502,494.0358526030378,2105457
2016-07-27,489.9617614746094,495.5811257709989,484.15507360238104,489.8212545019478,894972
2016-07-28,487.6203918457031,494.45727409128114,486.0750436970199,490.664214373671,1347889
2016-07-29,493.9421691894531,501.52828850324073,487.01159667915067,489.2593653752305,1785352
2016-08-01,490.8046875,501.0600399369441,488.4164688357315,495.2533514059822,955999
2016-08-02,485.0448303222656,496.33037581154906,483.45266563094674,491.78802192269427,1009436
2016-08-03,495.8620910644531,500.96635848724543,482.6097338394118,484.20189851667686,1846161
2016-08-04,493.5206604003906,500.1234017435935,489.82123429194644,497.5010432794361,1564658
2016-08-05,499.4210205078125,500.68535465650365,493.8016560013955,497.2201256080519,699384
2016-08-08,501.43463134765625,506.86667208013665,498.20348543751015,500.02979027047354,852842
2016-08-09,499.1401062011719,505.742848625601,496.5177473075924,503.68240336523974,886532
2016-08-10,488.18231201171875,500.07664548280854,486.543330628466,498.71862090405796,809814
2016-08-11,490.7110595703125,492.1627174279102,485.0448779669001,488.41647409829716,761596
2016-08-12,483.218505859375,493.0055766325561,479.61271285708256,490.75780808143537,2124886
2016-08-16,518.9951782226562,522.1794505713794,477.833320578791,477.833320578791,8817547
2016-08-17,514.9678344726562,528.2201901219948,512.4859831254538,516.9814626725906,3819727
2016-08-18,517.5902709960938,522.1325673264184,513.2352410670445,518.5736482552941,1434412
2016-08-19,521.4769897460938,524.9890923941185,517.4497901423177,517.7775635242151,1598177
2016-08-22,522.2262573242188,529.0631966081378,517.2624967249152,521.6643437330268,1218782
2016-08-23,520.4000244140625,522.3667792024622,517.0283712813477,522.2262722190906,874783
2016-08-24,531.21728515625,535.712765461764,518.7141644616662,524.2867125280297,2340210
2016-08-25,527.1900024414062,538.1008995026757,524.4739537442665,533.8395600611284,3471437
2016-08-26,531.2640991210938,535.4318059985663,526.6749284626393,531.4982393146245,2196070
2016-08-29,531.966552734375,534.1674478249755,527.1901153550077,532.2475095514313,1085860
2016-08-30,539.5525512695312,544.5631848932537,531.6854763455133,533.8395543426924,1075723
2016-08-31,536.6024169921875,550.2293625381676,533.8395517391583,544.1885351253366,3596264
2016-09-01,542.4091796875,544.4227509964031,534.7761867314223,538.5224297207843,960422
2016-09-02,541.2852783203125,544.2354102836964,535.244450257484,543.4861731420336,880437
2016-09-06,541.8939819335938,549.1055105403482,539.458947051736,547.8879930994193,1189215
2016-09-07,543.9075927734375,548.7777195438531,538.6160022815496,543.2519888914945,1786522
2016-09-08,557.3942260742188,560.4380489095192,544.3291904716085,544.3291904716085,1573263
2016-09-09,543.673583984375,557.8156302287905,541.3321818138996,557.3473497946954,1513978
2016-09-12,535.7791748046875,544.331376734763,528.4487569794486,537.7527863396692,1296182
2016-09-14,542.7337646484375,548.5605282259065,535.4973029809726,535.6852741984578,1579482
2016-09-15,550.1581420898438,555.4209914844804,542.1228178980368,544.1434079010393,1294197
2016-09-16,557.8175659179688,560.1200844486779,550.816053390207,551.7558521896175,2145891
2016-09-19,561.8116455078125,563.879214098325,557.5355729397188,559.0862637227932,1213754
2016-09-20,566.5576782226562,570.92776554521,560.1200794484694,562.657547656379,2209606
2016-09-21,565.1478881835938,570.4577734341617,561.1537439709164,566.5575861410093,1578461
2016-09-22,572.4314575195312,574.1701198113142,567.5445493802174,568.5783051725869,1926725
2016-09-23,574.7339477539062,580.6076902854456,568.2963488836459,572.3374722731916,1225528
2016-09-26,568.1083374023438,577.9762241562306,566.6986392946457,572.3374317254381,1796225
2016-09-27,570.6458740234375,573.5592275183736,565.6179157521512,567.6385062269026,1443938
2016-09-28,569.330078125,575.5327843660561,565.9938039945284,572.0555174770834,1561039
2016-09-29,566.5576782226562,574.2170613137832,550.4871418405049,571.3976649407205,2252434
2016-09-30,545.130126953125,567.5443563552536,528.4017245575569,565.6177234762702,6967821
2016-10-03,553.400390625,556.0788510899757,547.1507642615671,549.5002607953588,1146677
2016-10-04,561.8116455078125,567.4974161111519,554.7631553315834,554.7631553315834,1656807
2016-10-05,556.0318603515625,564.020148390034,554.4811697292047,563.8791556568183,961556
2016-10-06,543.9553833007812,560.8717570152124,542.1227646762344,556.8306347666929,1504743
2016-10-07,535.732177734375,548.2785233970465,532.3959041934863,544.0023939001812,1317543
2016-10-10,545.6940307617188,549.2182751935027,535.9201032599384,535.9201032599384,929998
2016-10-13,546.9628295898438,562.9394070864543,545.553131575437,561.0128312722501,3834775
2016-10-14,551.661865234375,554.4812614791845,547.9026702412958,549.547318050768,1054501
2016-10-17,550.7219848632812,556.4077549754696,548.5134810764762,553.5413806902263,1344977
2016-10-18,557.065673828125,558.2404221913222,547.1977875772683,551.6618313574178,1213156
2016-10-19,560.448974609375,562.7514930724,555.6090453511438,555.6090453511438,1001409
2016-10-20,560.6838989257812,564.3491369141582,558.0524739560359,560.5899419971613,913371
2016-10-21,548.1375732421875,561.5297042643926,535.6852408882072,561.5297042643926,1792780
2016-10-24,549.500244140625,558.6163018875905,546.9627764888867,549.7821722439841,992033
2016-10-25,549.3123779296875,558.7103655760466,547.6207516254957,550.7220760766413,831989
2016-10-26,542.874755859375,549.6882966083307,540.5252590493902,547.9026560884375,814132
2016-10-27,550.487060546875,552.6016075144046,536.1551311002854,543.2036209920508,779140
2016-10-28,540.525146484375,551.5207433766476,539.1624271462194,550.25203830777,911117
2016-11-01,537.329833984375,544.5662944668967,535.7791433949944,544.5662944668967,880843
2016-11-02,526.3811645507812,535.6382150301266,523.9846896310154,535.6382150301266,806345
2016-11-03,526.2872314453125,529.8584547579687,522.5280369349888,522.5280369349888,701598
2016-11-04,511.90838623046875,531.4561885915692,505.61172318702785,522.6220574726208,1517311
2016-11-07,512.8951416015625,522.2931286212888,511.2504938731104,516.4193867339599,939497
2016-11-08,503.07421875,517.7351124817283,498.28126845661825,516.6073426007093,1015538
2016-11-09,494.6160583496094,499.97292256351375,457.2590589663393,481.27090495940826,3810958
2016-11-10,529.7645263671875,533.8056492112476,512.1902796129048,512.1902796129048,3982787
2016-11-11,514.962646484375,530.0464023120622,512.4251788309431,526.0052798658762,1232505
2016-11-15,519.1448364257812,527.274060945991,496.77758097732544,514.6337566763625,1505372
2016-11-16,505.7527160644531,530.8452965928416,503.26222645329216,528.1668931218492,1169205
2016-11-17,512.84814453125,516.2783752525366,503.82604290319995,506.5514819843393,924167
2016-11-18,517.7821044921875,522.1991698479845,508.6190671803709,508.6190671803709,1214083
2016-11-21,512.2841796875,521.9171150699545,509.464783965806,516.8892156439014,1056778
2016-11-22,517.3592529296875,525.6764495828875,510.78066115764784,514.1639139818182,1300502
2016-11-23,519.5206909179688,525.7233965279382,514.2108628733091,521.4943025323603,1520986
2016-11-24,520.3196411132812,524.6896712222169,512.2373368218938,518.205093762283,1816603
2016-11-25,531.033203125,535.6382393451648,515.479547308269,523.4678356439488,1022658
2016-11-28,536.2020874023438,542.263799930915,533.8525908688476,535.0273391355956,1224023
2016-11-29,534.886474609375,539.3974970790521,530.3284163141936,538.5046768059124,832424
2016-11-30,532.4898071289062,538.7394900978911,529.5764547233522,535.6851449730448,1366319
2016-12-01,533.9935913085938,544.9422108961784,532.0199797755324,532.8658214840952,1064251
2016-12-02,536.8130493164062,539.3505173750075,531.9260844185006,531.9260844185006,984594
2016-12-05,538.5046997070312,546.3990323852624,536.9540087792756,538.9745990959553,1158108
2016-12-06,540.2433471679688,545.506255156021,536.5781660613587,540.3843399400871,779936
2016-12-07,536.484130859375,542.8277728637104,535.1214684655763,542.6868374578523,694556
2016-12-08,547.6675415039062,548.7483326553761,535.8730825412649,538.9744059244791,1177494
2016-12-09,544.0494995117188,550.7220474494812,541.7469811858954,550.7220474494812,539344
2016-12-12,540.1961669921875,546.9627276726587,538.1285988174951,541.6998790104858,848042
2016-12-13,544.0025024414062,546.211063997291,536.1552055498815,539.5384582234186,553306
2016-12-14,533.8057250976562,544.7544041993359,530.2814795534376,544.1435120273644,585671
2016-12-15,529.24755859375,541.8408243241576,525.4413287055406,533.8055584637978,1032429
2016-12-16,532.114013671875,535.5912801919584,527.5559557466447,529.0126895607361,665505
2016-12-19,534.886474609375,539.9143749127342,527.6030343907959,530.986286902863,997716
2016-12-20,529.2006225585938,539.256480073866,528.1668669377173,538.3636598408763,873053
2016-12-21,528.9186401367188,533.2417481093206,528.0728558139248,530.986208527028,743830
2016-12-22,527.6029663085938,531.8790385420136,526.287225301039,528.4487506470886,1870565
2016-12-23,547.2447509765625,553.6824062461408,518.7688629086214,527.2270508908272,2585856
2016-12-26,521.541259765625,546.3049306541598,515.1036047512611,546.3049306541598,2106357
2016-12-27,529.717529296875,532.1140043699183,521.7292408128923,525.347442652511,1063407
2016-12-28,528.5427856445312,537.5648297733474,527.0390733825568,532.8658365060977,743252
2016-12-29,530.8453369140625,534.745524934783,528.8717823498228,529.2006889902736,985947
2016-12-30,534.5574340820312,538.9275205316547,531.5500670793364,531.5500670793364,673901
2017-01-02,531.9259643554688,537.9876763048144,529.3415184155791,535.4502088189546,520139
2017-01-03,539.1155395507812,542.0758709973262,528.1668619068078,532.677884130657,626867
2017-01-04,534.0405883789062,541.324027991641,533.3357393841254,538.4576535516841,729355
2017-01-05,544.9423217773438,546.4930127716478,535.0274557176987,535.8732975983678,919562
2017-01-06,547.76171875,555.4211020697186,542.4518898387214,545.1302935287606,851729
2017-01-09,541.9818725585938,553.4944055884341,540.2902465243193,548.4194701248554,545949
2017-01-10,540.2902221679688,547.8086107464856,539.0684381353576,542.7336755116856,430654
2017-01-11,542.2168579101562,544.1434337249408,535.2153462976748,542.2168579101562,543706
2017-01-12,550.9569702148438,552.4136466809999,533.1477739485406,539.3974580475199,1086059
2017-01-13,548.2786865234375,553.6354942213839,544.5664694956824,551.6619395285375,557024
2017-01-16,553.353515625,556.3608832226812,542.639843844266,542.639843844266,634510
2017-01-17,551.8967895507812,556.360833399851,546.2110188572761,554.95113534225,737937
2017-01-18,545.8349609375,557.6764565322577,542.5926446189086,553.3533489872196,591422
2017-01-19,545.4122314453125,552.0378591267195,538.8336395943134,547.2448506473875,772657
2017-01-20,542.8276977539062,556.8307211109582,539.820387849172,548.654461075658,1100568
2017-01-23,541.0890502929688,548.3255110699497,538.5046041126723,539.8673235707978,1197343
2017-01-24,544.9892578125,546.3049415005731,539.5383797765662,540.1022933806752,527089
2017-01-25,550.39306640625,553.4003760014313,542.8746776967894,546.2579296717452,888914
2017-01-27,545.2242431640625,555.7969786246714,544.5663725965835,549.5003158115344,622149
2017-01-30,547.1978149414062,549.3593405656302,542.4048643241808,543.8615408952385,589553
2017-01-31,540.7131958007812,547.9026792880607,538.1287492003659,546.5399596084161,712955
2017-02-01,537.7058715820312,544.3784196861013,532.2080145412081,538.5046775660527,873328
2017-02-02,549.1713256835938,551.6618150844109,532.912820288692,540.3842311303855,1033116
2017-02-03,571.3036499023438,574.686902261624,545.4591857777409,549.1243662735012,2491068
2017-02-06,565.3828125,583.8498778586643,563.0333160096231,573.6060502163192,2513820
2017-02-07,561.5767211914062,571.3976294192013,558.8043034580915,565.570865804945,1084820
2017-02-08,566.8865356445312,572.3373561355761,561.7646217242046,563.879168606479,2122225
2017-02-09,552.2727661132812,574.7339221362654,549.2653985990272,574.2170442886821,4192748
2017-02-10,545.0362548828125,558.0054651695486,542.0758661022409,556.3608174827332,1485266
2017-02-13,547.57373046875,550.1581768700067,541.3710246892779,547.6207089311663,946922
2017-02-14,541.37109375,551.2859597365632,539.5384745959037,546.9629081491074,816754
2017-02-15,539.679443359375,543.8145808892816,536.7660901183713,542.7337893601028,1441907
2017-02-16,549.4063110351562,550.1581959028688,539.9143668682866,540.384266230226,1156826
2017-02-17,557.5355224609375,560.5428894693296,545.6940829812903,550.6280256579357,1209276
2017-02-20,557.065673828125,561.764667280914,546.9628379046288,557.488594711028,1008015
2017-02-21,557.39453125,559.1801715488276,553.0714805991345,556.2668188094298,712028
2017-02-22,553.7763671875,557.2066552828164,550.7220215050912,556.5487847406074,942703
2017-02-23,556.7366943359375,558.4283202853011,550.7689390158113,553.8232843602118,1263865
2017-02-27,550.0171508789062,559.0862306467568,546.3519132598019,556.360791662217,867683
2017-02-28,548.5604248046875,557.1125686606715,547.5266119838067,552.3196190026148,749802
2017-03-01,551.0040283203125,557.2067348545115,549.0304737726115,550.4401719811884,808027
2017-03-02,553.7763671875,556.3138350727298,551.0979639179989,552.8835469774134,1571599
2017-03-03,553.1654663085938,560.7778698432076,549.7822140892706,553.4944302548455,759454
2017-03-06,554.5751342773438,559.1801703895596,552.7895513429728,556.3607745724694,943409
2017-03-07,552.648681640625,556.0789702593843,550.8160624793805,556.0789702593843,475240
2017-03-08,556.2197875976562,557.6294855208006,547.9495712540277,556.1258306804154,1055453
2017-03-09,553.7294311523438,557.7235758122908,550.0172146432992,553.3534887106317,690612
2017-03-10,553.6353149414062,555.8908544549242,551.7087393440173,553.7293292149085,558480
2017-03-14,564.0671997070312,565.2889265632784,554.8101479561633,561.0598323495881,1324778
2017-03-15,564.0671997070312,569.3770280255412,562.5165088843736,565.7588259203552,1479366
2017-03-16,565.1949462890625,569.4240403280572,562.0465863102444,568.6721554991842,852049
2017-03-17,561.3417358398438,568.1082977567409,558.4753613597076,568.1082977567409,2189719
2017-03-20,560.4019165039062,565.2888808948493,557.7235133292558,561.5296863419326,1027093
2017-03-21,556.2197875976562,562.4694713345647,554.7631112158916,562.4694713345647,861663
2017-03-22,559.3682250976562,562.4225710221906,552.5077057239316,553.4475044699421,1018355
2017-03-23,560.3550415039062,562.1876606589656,547.1508796710201,559.9321205664668,1555876
2017-03-24,558.1934814453125,562.2346046156122,555.890963025716,559.1802586649214,930175
2017-03-27,556.4547729492188,561.059809404548,554.4812186745114,561.059809404548,1038435
2017-03-28,558.38134765625,560.1199520799822,555.8438800253477,556.3607577707206,772698
2017-03-29,557.4417114257812,560.6369931027814,556.2669628620084,559.1803163558571,1047812
2017-03-30,562.3285522460938,564.678049092381,556.1728819809737,558.7103500471164,2096305
2017-03-31,557.2537231445312,562.8455376092654,555.4211039689269,561.999695724904,2242680
2017-04-03,556.9716186523438,559.4620503265483,554.575086525567,559.4620503265483,758083
2017-04-05,557.3475341796875,567.5443831485757,554.9040808257089,563.879145756855,1926049
2017-04-06,554.76318359375,557.9115437826467,551.7088376951151,555.8909535515525,1436914
2017-04-07,554.4811401367188,557.7234565808549,549.9231401493868,554.81004668233,1958876
2017-04-10,554.1524047851562,558.4284780028623,552.8366634747381,555.4211102653127,1177737
2017-04-11,545.130126953125,556.0318243395487,540.4781127480983,554.4811338176231,2103296
2017-04-12,544.5194091796875,546.9628629426866,536.2961702608757,540.3842718076371,1188457
2017-04-13,542.498779296875,547.8556431587923,540.1023041736053,545.5531249577062,1038273
2017-04-17,541.7938842773438,545.0831793249946,538.5515676867943,545.0831793249946,487497
2017-04-18,541.1361083984375,543.4386268064759,538.7396330597704,541.793978995129,1062574
2017-04-19,540.7601928710938,542.2638478410803,538.2697033812457,541.3240491446486,1078477
2017-04-20,539.4913940429688,542.4517826825463,538.7865450679033,541.3240128502903,1339006
2017-04-21,530.4694213867188,539.4444880697331,528.8247735572379,538.5046893100298,1256922
2017-04-24,523.5148315429688,531.0801992760441,520.3195505187066,530.9862423544439,1997176
2017-04-25,519.66162109375,527.7908441566858,517.1711319852443,523.420815303871,1543039
2017-04-26,523.2328491210938,527.2269930075144,512.5661583922479,516.7012376464438,1425158
2017-04-27,527.885009765625,530.7983631693858,521.6353246553011,526.2873402961438,2343761
2017-04-28,523.8907470703125,528.1198408189747,521.5882290016676,528.1198408189747,865584
2017-05-02,521.9171752929688,525.3474634278119,520.4604988074943,524.4076647454724,1380964
2017-05-03,522.5750732421875,524.7365988527488,519.8966698013907,521.2123536091937,798476
2017-05-04,516.84228515625,524.0317104973792,515.1976374992863,524.0317104973792,1271612
2017-05-05,516.84228515625,521.024400670395,511.39146439389344,515.9494649560324,560799
2017-05-08,518.345947265625,521.4002929566734,513.5999754332246,516.8422923312586,302450
2017-05-09,519.66162109375,520.6483981017565,512.2371895844605,518.768800996696,652189
2017-05-10,527.2741088867188,528.683807096394,518.0640920556605,519.5677472016739,718502
2017-05-11,528.119873046875,530.9862475126232,524.6895849637732,528.5897723809569,566621
2017-05-12,533.7586059570312,535.5441888123843,523.6087929368202,526.3811528123357,725246
2017-05-15,534.7454833984375,537.9878005256421,527.2270934736791,532.865885917248,606569
2017-05-16,531.5501098632812,535.6852469949141,530.0464549212835,532.5369443647741,330195
2017-05-17,528.4957885742188,531.9260768551335,526.3342629849457,531.0802350607057,895238
2017-05-18,526.3811645507812,530.9392221048001,523.2798406922163,525.6293371548796,2155599
2017-05-19,530.9393310546875,532.5370004492944,525.0186102259821,527.5090425709951,685662
2017-05-22,529.2006225585938,533.523730974896,519.8026356024067,532.8658604158109,948063
2017-05-23,501.10064697265625,525.1594692436815,499.26802815011854,524.9714980432855,1225772
2017-05-24,488.366455078125,504.06104869039785,483.05656906914845,499.03314820178565,1340656
2017-05-25,473.6585388183594,493.3943112691244,466.51606305248276,490.57491520472934,4378940
2017-05-26,459.4676208496094,474.3634373473614,451.29138861767655,453.92281374695506,7010307
2017-05-29,474.92730712890625,476.947868718435,459.4676061189835,462.38098799895573,4118338
2017-05-30,479.7672119140625,486.43975939990605,471.21503844357346,474.410348124751,1047968
2017-05-31,485.2650451660156,488.78929035903144,474.5983526594592,483.80836862505475,1366315
2017-06-01,484.5132141113281,497.9993600341818,482.1637173332102,488.41340170730837,1433241
2017-06-02,498.1402893066406,501.7585487169623,486.53379830958437,486.53379830958437,2152367
2017-06-05,502.60430908203125,504.3899494703376,496.21368970196056,499.3150137904463,802335
2017-06-06,502.46331787109375,507.0682963511945,490.903749813598,505.32969197740925,765557
2017-06-07,507.67926025390625,510.73360597501085,498.7511727614467,504.10803672907434,719071
2017-06-08,517.0302734375,521.3063460146874,504.76585461617145,506.31654540254357,1396596
2017-06-09,517.9230346679688,522.3400999793108,512.4252352805147,521.1183731555166,867969
2017-06-12,520.0376586914062,521.7763209402085,511.767440474585,515.9495567326408,910344
2017-06-13,518.345947265625,521.588264163659,513.6469538947813,520.037573406977,946713
2017-06-14,507.3973693847656,521.1184082260329,504.0610379250051,518.2990119687234,1176535
2017-06-15,516.3723754882812,517.7350949917792,504.71884937935926,507.20933872577825,826366
2017-06-16,504.43701171875,518.7219651156822,502.83934226816734,515.0097483407079,1127326
2017-06-19,507.2563171386719,509.84076340477907,492.4544885236944,504.765827792484,1723168
2017-06-20,514.8687133789062,516.419404234014,503.7321213274459,507.2563665792704,774728
2017-06-21,508.4310302734375,513.1300231595136,502.9802099977398,511.7203252936908,784293
2017-06-22,507.6322937011719,512.7071722942259,506.59848070870396,507.4913009510478,750732
2017-06-23,508.57208251953125,511.2504858337313,505.8936218445715,508.3371328477327,603986
2017-06-27,502.46331787109375,518.3928574103597,501.00658422950187,509.84071354677883,1038604
2017-06-28,504.5309143066406,506.2225978725368,499.0331147997613,503.1682520663236,601643
2017-06-29,511.01556396484375,514.02293139964,502.08747595074533,506.03464212386774,1252382
2017-06-30,522.152099609375,525.253480999109,509.8407604128332,512.1902570045974,830751
2017-07-03,518.6278686523438,526.1932937696411,515.8084726664963,525.3474520295836,490390
2017-07-04,512.2373046875,524.407710149686,510.59265685100905,524.125781992726,559358
2017-07-05,513.0361938476562,514.8217771720208,508.8540776667284,513.2241077212345,833105
2017-07-06,510.1696472167969,514.9156760368061,507.58520106603146,513.4589423177711,556426
2017-07-07,514.2108154296875,518.768815593408,508.90093051418563,509.9346860067553,893680
2017-07-10,516.1375122070312,526.2873277704509,513.224101511842,526.2873277704509,123363
2017-07-11,506.03460693359375,519.3797595619392,503.7790671741589,517.3591694707471,1526837
2017-07-12,507.4443664550781,510.7806406763955,504.67194856159034,506.97446706163163,1039208
2017-07-13,510.9215393066406,511.6733667254854,506.4104600720616,507.6792226170702,694180
2017-07-14,515.056640625,517.9700508675675,508.2900788470379,511.4854172135293,960041
2017-07-17,522.9979248046875,525.3474213222288,513.7879099280767,515.9494352520637,692893
2017-07-18,526.05224609375,532.8657856813868,521.6821598277235,524.4075986070791,1319574
2017-07-19,534.0405883789062,535.1683582427071,526.4752206404107,526.4752206404107,761444
2017-07-20,537.4710083007812,542.2639596969481,528.7778685656049,534.7455685746334,1090882
2017-07-21,532.114013671875,535.6852371138154,526.4282432413273,535.6852371138154,672906
2017-07-24,535.4503784179688,540.8542216402651,528.2608944909543,530.0465351956725,873677
2017-07-25,530.42236328125,537.000953611439,528.5427660440531,536.6250112196974,510032
2017-07-26,542.7304077148438,544.6166893942317,531.4598631675511,532.5916436881336,864728
2017-07-27,536.3641357421875,546.4557528982741,532.8745035862848,541.0798393137475,1853099
2017-07-28,533.9120483398438,538.4391707784251,524.857918592187,534.525112959788,907951
2017-07-31,528.253173828125,536.6000049964306,525.1408204961932,535.2795847636112,753415
2017-08-01,530.4696044921875,533.7234520719497,526.7441864679598,528.2531888643488,712732
2017-08-02,536.2227172851562,538.4391328154321,528.1588745527032,530.8468029419379,664681
2017-08-03,525.470947265625,542.3059884014037,522.3113908813065,536.2227184098642,1065451
2017-08-04,536.3641357421875,539.1935578851235,512.1725533941881,520.5193832546939,1004233
2017-08-07,534.2891845703125,538.6276085859416,521.5567856441003,534.2891845703125,769606
2017-08-08,545.7012939453125,547.0217142124154,528.9133976772611,528.9133976772611,1367344
2017-08-09,529.903564453125,547.964731379035,525.5651403803223,547.964731379035,1801630
2017-08-10,517.02978515625,537.4487484272855,510.7107304411666,528.1588348052692,1217416
2017-08-11,510.616455078125,531.6484835259527,495.5733477187904,514.011738951724,4337214
2017-08-14,537.6373901367188,543.2490892907791,520.7080016224339,528.1588368104797,4029605
2017-08-16,556.8775024414062,559.9427100720566,529.14913961824,537.1186909708802,1838012
2017-08-17,540.6083984375,560.2257184807784,537.4960448477799,559.6598569425582,1422631
2017-08-18,533.157470703125,543.0604488797901,528.3474757574999,540.796945549685,1680225
2017-08-21,529.8092651367188,537.5901755726385,523.584559813878,534.6664625559455,1222907
2017-08-22,527.451416015625,535.373820614218,526.2724901863545,530.0921983602434,848353
2017-08-23,527.3571166992188,532.8744664677243,524.9992650776802,529.7621138402408,848822
2017-08-24,541.4099731445312,543.0133240424083,525.6123644989206,527.2157153967976,1866440
2017-08-28,541.4570922851562,547.9647866150885,538.1089540692177,542.7775123872349,905222
2017-08-29,536.5527954101562,541.4099357311785,532.4029530865078,538.1089431079672,608351
2017-08-30,534.1477661132812,543.2490978090711,533.3461194635933,541.3628162194562,596376
2017-08-31,539.38232421875,545.1354609013224,530.0452059282754,537.5903334147989,1908728
2017-09-01,536.081298828125,544.5223636461869,532.9688878745873,540.4197238470703,891591
2017-09-04,529.76220703125,544.1922499805224,525.8481496250754,541.8343979442117,1731377
2017-09-05,527.7816162109375,533.6762467420851,525.2351818732827,532.5916692632047,928770
2017-09-06,526.5554809570312,528.7246932174676,522.3584930129675,527.1213999585001,581901
2017-09-07,522.6886596679688,529.102005801093,519.9535282341851,528.158864970788,885205
2017-09-08,520.6137084960938,526.27255315366,517.9257803096476,522.9715604367464,775272
2017-09-11,522.3585205078125,526.4140720885351,518.7274513740928,523.5374465336627,523800
2017-09-12,528.6304321289062,530.7996445122931,512.4555439629345,522.8772961253917,1330724
2017-09-13,522.8773193359375,530.1394579551102,521.1324741943213,524.3863216962136,1159840
2017-09-14,533.7705688476562,535.0437859532205,523.8675900473834,524.3863059954004,1600717
2017-09-15,529.4793701171875,533.5820103614077,524.9051018173914,532.733160452031,926019
2017-09-18,538.2505493164062,539.6181152008572,528.771994323444,531.1769922224411,649831
2017-09-19,540.7969970703125,541.8344289998516,532.4030203140404,539.1936460807746,675306
2017-09-20,537.307373046875,541.1742276447925,533.0632390695138,539.9481560087272,759531
2017-09-21,558.2449951171875,560.2255675320617,537.637336587476,537.637336587476,3102522
2017-09-22,552.0674438476562,565.8844795833822,549.3323700685175,558.245062134905,4003845
2017-09-25,544.380859375,560.6028919954111,532.2614660436601,548.8136324696391,2389495
2017-09-26,546.0785522460938,548.9079747965917,537.5902845946001,548.9079747965917,978323
2017-09-27,537.6846313476562,547.6819599337988,530.9883536437701,546.6444703523025,561243
2017-09-28,549.52099609375,555.5099169947051,532.0728917399265,532.8745383735286,2993535
2017-09-29,552.7747802734375,558.3393338222255,544.8995778982953,547.0216446231263,1021610
2017-10-03,545.9842529296875,559.0467304810338,542.7775510617207,556.5473842399936,522462
2017-10-04,548.0119018554688,554.000879944592,546.361405601455,546.9273245702472,631463
2017-10-05,552.0674438476562,556.4530715903259,546.12566832498,549.8510859951864,647977
2017-10-06,552.11474609375,555.6986702617994,549.7096905717997,552.774898720024,462656
2017-10-09,552.2560424804688,561.640304249133,545.6069118524324,551.6430355453223,1116280
2017-10-10,556.5945434570312,559.706896457211,552.2560614150362,556.4530493169007,741493
2017-10-11,552.8219604492188,560.2255921341863,546.5971971088828,557.3961699516905,1053561
2017-10-12,556.123046875,559.6126221040294,547.304645045402,555.9344071847075,751507
2017-10-13,559.1409912109375,564.2339744744655,554.849712153291,556.7359937227835,936015
2017-10-16,572.2506713867188,574.2784471006786,560.5085570987147,561.1687671612652,1716771
2017-10-17,596.1593017578125,599.7432830005274,567.7707855082971,571.5433488671562,2563968
2017-10-18,576.2591552734375,595.1219754133209,574.3728732594492,595.1219754133209,1185323
2017-10-19,573.2410278320312,579.0413673962205,567.8179676539568,579.0413673962205,151609
2017-10-23,559.188232421875,584.2286104509443,555.9815305092384,578.1453404616848,1413195
2017-10-24,561.2159423828125,566.4975655979345,557.6791642513797,566.1674317668185,1138645
2017-10-25,558.952392578125,569.6570171425724,555.9814761681232,564.9413133582796,991374
2017-10-26,576.7305908203125,581.7292254747349,558.8580614070447,561.5460471868369,2002276
2017-10-27,589.5101928710938,593.9901120308797,581.163419146656,589.4630473402566,2198491
2017-10-30,590.4533081054688,594.1787259158272,579.607188505418,587.8125252810147,1045267
2017-10-31,591.9152221679688,598.8001969799936,586.2563766116219,593.2356424903512,1522851
2017-11-01,591.1134643554688,597.3381702721261,585.8318991876832,592.5281754787766,1359809
2017-11-02,599.8375244140625,606.2508700803836,589.604470175978,590.7833961280496,2058898
2017-11-03,603.7044067382812,611.2967362764113,593.7542827505087,603.6101156836042,1722647
2017-11-06,617.568603515625,623.4160881702624,600.6864172099235,600.8749993239861,2195805
2017-11-07,573.0052490234375,625.679703447002,567.7708284798051,625.679703447002,7331364
2017-11-08,587.199462890625,601.5352151455136,584.7473197369821,589.3215297767673,5570213
2017-11-09,579.607177734375,592.2924332394756,576.8249008105076,588.5198699704343,1809019
2017-11-10,574.65576171875,586.1620926694602,569.3270499606076,582.3895289193752,1400233
2017-11-13,567.8651123046875,576.5420200890902,561.829045089485,575.5988791900194,1109147
2017-11-14,568.1953125,578.4283694238176,563.9983234961488,563.9983234961488,1498244
2017-11-15,559.8956298828125,573.3825335186091,556.6417821976116,568.3838981582478,1171698
2017-11-16,559.1409912109375,565.36575492911,556.4530630003086,561.4988431728032,1228065
2017-11-17,573.9483642578125,579.937343314195,566.497585932331,572.4865074239633,1448847
2017-11-20,569.8927612304688,573.4295388136119,562.2061415905418,571.1188326130105,1609788
2017-11-21,581.069091796875,588.5199280139788,572.486532539239,572.486532539239,2222545
2017-11-22,584.0398559570312,590.1231247504355,579.0883674729386,581.8234984233801,2014698
2017-11-23,582.4837036132812,589.6516078452257,580.0315606915394,584.0399088751801,792383
2017-11-24,580.6918334960938,588.4255999875425,578.3811268981045,584.2757572170824,1118354
2017-11-27,579.8429565429688,584.6530091967893,576.3061785172536,581.9178778310043,1388114
2017-11-28,577.0134887695312,586.3506050494269,575.1272073040769,580.9746913599337,1486189
2017-11-29,573.3353271484375,584.1814465717131,570.8359809510881,580.031603940387,1465289
2017-11-30,566.7333984375,573.2881817401835,563.1022713785372,570.6002531602884,1612910
2017-12-01,564.0924682617188,571.5433033276969,559.9426834364697,570.1285921808461,747562
2017-12-04,562.7721557617188,568.5252919111459,555.3213200333468,565.2242989416961,660077
2017-12-05,562.536376953125,565.7430213353861,558.1036034021688,561.1688111944071,979009
2017-12-06,562.536376953125,569.4684392419796,560.697240764832,561.9233123687774,919271
2017-12-07,559.7069091796875,565.8844697953376,554.8497111213795,563.9981882293531,752359
2017-12-08,568.8082885742188,572.4865613352238,558.7638719133685,561.1688698426,606123
2017-12-11,569.3269653320312,578.0981632342184,563.2436956763263,577.2021679638091,850998
2017-12-12,558.0092163085938,571.5432622822866,556.4530111329193,570.3171908893486,762200
2017-12-13,545.2769165039062,564.1397338861775,543.5792168877016,557.8678240806722,1197264
2017-12-14,556.8775024414062,559.9427100720566,542.4002564777944,547.0216694699043,1428906
2017-12-15,543.6735229492188,563.0550547791706,540.608315364575,563.0550547791706,4312419
2017-12-18,558.0092163085938,561.074423573309,539.1464023718846,545.512602075524,2379562
2017-12-19,569.562744140625,571.2603860438153,558.7637706194566,558.7637706194566,1474696
2017-12-20,566.4976196289062,576.259105176785,563.7624879204963,571.2604697872202,1068145
2017-12-21,565.69580078125,574.0897763403552,562.1118775047387,568.6667171194622,1274585
2017-12-22,567.0161743164062,569.6569566421974,564.7997592343368,568.7138159855051,668806
2017-12-26,576.9663696289062,579.9372860987454,562.2061934608877,569.7041741418788,1239536
2017-12-27,577.8152465820312,588.2840866614503,575.5045400593494,578.145322843237,1765029
2017-12-28,571.5904541015625,581.1162104500066,568.9025259237619,579.0884347616698,1428319
2017-12-29,573.901123046875,577.1078244924252,569.751280889662,571.6847654003635,702774
2018-01-01,576.7305908203125,582.7195117873972,572.4864572819782,573.4295980682748,873546
2018-01-02,573.2410278320312,583.8042174309702,571.0718152737519,579.2771526213542,1038258
2018-01-03,572.2977294921875,578.9940625826715,570.1756630497657,576.2589316976555,771828
2018-01-04,581.6820678710938,583.2382731620701,569.1383071867414,574.7971517870276,990602
2018-01-05,580.1731567382812,584.6058729858337,576.3533899817155,581.9179444046794,1072254
2018-01-08,580.0787963867188,591.8209120511217,577.3908678598774,583.3326439898307,1061612
2018-01-09,580.5974731445312,583.4740987338862,575.9289720780002,581.9178933352105,846158
2018-01-10,584.511474609375,588.6613168983317,578.0037804664071,580.9746968283582,1207313
2018-01-11,577.5322265625,583.8041356988947,574.4670190648886,583.8041356988947,1092456
2018-01-12,577.2964477539062,583.2382807129276,568.808180743584,579.088438259761,891848
2018-01-15,575.5517578125,580.5032477404241,573.6183304012139,577.6738249244675,470386
2018-01-16,567.2048950195312,578.616875570492,564.9413340940907,575.4573769449457,1088762
2018-01-17,572.6279296875,575.881719224905,563.1021735686785,566.874736570649,883340
2018-01-18,569.3269653320312,578.0981632342184,564.2339820005699,573.5238958283373,1028921
2018-01-19,568.4781494140625,570.6945073937588,566.0260062210049,569.3269992080628,818518
2018-01-22,566.96923828125,570.6003081252344,559.3769071378593,570.0344465480384,933769
2018-01-23,586.963623046875,589.4629690615934,566.1673810113306,568.242302175376,2105060
2018-01-24,583.1439819335938,588.2841111309747,578.0510558309891,586.5864690967732,1089562
2018-01-25,586.0677490234375,595.1218781854624,578.8055529430898,583.0025412514839,2973765
2018-01-29,580.0316772460938,592.6697888493901,576.3534045596069,589.4159410982295,1564268
2018-01-30,571.4962158203125,578.2396384327088,568.9025784544486,578.1453473725774,596682
2018-01-31,558.4808349609375,573.9011636620309,556.4530592614597,573.4295932728262,1264055
2018-02-01,553.6708374023438,563.0551005918243,547.2103454549541,558.2451051704576,1050098
2018-02-02,548.1062622070312,560.1313066010079,542.4002146977035,552.6804717545294,998752
2018-02-05,547.1160278320312,549.0023096829464,538.7221081343112,543.2491730635568,797017
2018-02-06,532.167236328125,539.4765780765397,526.3197514164432,529.1020284981447,1284112
2018-02-07,536.8829345703125,546.9274077554988,522.6886761398576,545.6069875255613,3161498
2018-02-08,577.8152465820312,582.0593802733764,547.1631699223165,550.7942390545683,8349913
2018-02-09,586.0677490234375,590.4061739209184,561.168807480745,561.168807480745,2373799
2018-02-12,586.3035888671875,598.8944974008145,583.6627481811754,593.5657280594567,1957424
2018-02-14,581.1161499023438,594.4615559141811,576.7305227378855,586.7277908665635,1306512
2018-02-15,571.4019165039062,586.1149497333014,568.666842311825,578.3811824983987,1391858
2018-02-16,576.3533935546875,579.0413797172586,571.0718274252113,576.5420332517589,906025
2018-02-19,566.2617797851562,577.3436845851584,560.5557316873992,577.2021904341527,1216005
2018-02-20,569.1383666992188,571.6376554535059,558.3393922781855,569.1383666992188,1599249
2018-02-21,563.2908325195312,573.1938107387947,555.7457062572353,572.4864551517044,1409752
2018-02-22,556.123046875,563.2908945881026,553.2464211187306,561.1688275930029,1859008
2018-02-23,561.7818603515625,570.6002041165555,556.4530916177979,558.1507336046992,1576584
2018-02-26,556.5474243164062,564.2811912406547,555.2742071221545,562.3477639007807,1417465
2018-02-27,553.152099609375,564.8470689867769,549.9453977451604,558.0564434632773,1349590
2018-02-28,556.123046875,562.6778299858399,553.717991562086,556.4531231594483,2255189
2018-03-01,548.625,560.1313289610184,547.3989285061874,560.1313289610184,1343806
2018-03-05,546.3143920898438,551.7374525206018,545.1826114435172,549.0023207557089,1179725
2018-03-06,550.8884887695312,555.8871807937888,547.0687802469183,548.5306368957279,1891302
2018-03-07,547.2103271484375,555.6042460896915,545.3240454675155,554.0480982417799,1849650
2018-03-08,545.135498046875,550.7943440473616,541.3629340465505,550.7943440473616,1084582
2018-03-09,538.58056640625,551.926032348806,535.7511438797503,546.9745429274316,1149194
2018-03-12,547.6347045898438,549.0965612529462,531.5069630764975,542.3530818020384,919792
2018-03-13,545.8427124023438,549.7567695646899,542.4474287074663,546.0784975912865,801792
2018-03-14,545.0410766601562,550.6055726913772,539.1464468189828,545.4654439569251,811747
2018-03-15,538.6748657226562,546.644359057691,536.6470900717077,545.1353568742478,849222
2018-03-16,527.5929565429688,541.3627884140135,525.3765412501633,537.6845164772894,1867538
2018-03-19,527.9230346679688,534.6665140545198,523.8203954324891,531.6013066178589,1447941
2018-03-20,521.4625854492188,529.9036497857164,493.1683606839817,523.537449213538,9119209
2018-03-21,519.7177734375,535.1853069854718,515.3322028588123,526.7441845473668,3091963
2018-03-22,510.0033874511719,523.4431438472499,507.55124439778587,520.5194303940016,1506405
2018-03-23,507.7869873046875,509.9561994504339,503.6371451056359,508.35284871149395,1203262
2018-03-26,510.99371337890625,513.6344963098417,502.64693968038245,507.55128373197715,1105319
2018-03-27,514.0588989257812,517.7843167248202,510.2391900694494,510.2391900694494,2206872
2018-03-28,514.4361572265625,517.5956558582691,503.6371836301577,513.0685915633068,2667979
2018-04-02,543.48486328125,546.0313548477508,514.8605642237012,516.8411367950108,2823880
2018-04-03,537.8731079101562,545.4653787246784,536.45839691746,539.4764585481595,2493190
2018-04-04,537.4015502929688,542.7303181840863,532.4029161801332,539.8065475245016,1852997
2018-04-05,528.4889526367188,545.6541276315276,526.6026709354155,541.3628482740127,2396864
2018-04-06,527.1685791015625,538.5334146043438,525.5652281756052,528.4417961977576,2420324
2018-04-09,525.0936889648438,533.7234511088913,523.9147628558072,533.7234511088913,1470765
2018-04-10,526.4140014648438,534.7607735821615,524.952087337122,526.2725073348256,1591682
2018-04-11,529.5735473632812,531.9313993105799,526.7441250265229,528.8190462530946,1789789
2018-04-12,524.52783203125,530.9411786073698,523.2545572835393,530.8940330755476,1309557
2018-04-13,523.9146728515625,529.2434409748693,521.1323961992584,525.8480998252851,1019158
2018-04-16,551.6902465820312,554.3781749535964,521.6040307213533,521.6040307213533,6741354
2018-04-17,546.9745483398438,554.8968969535865,542.9661997209727,552.256114082339,2688507
2018-04-18,551.360107421875,563.0550767658591,548.9079642843049,548.9079642843049,3853951
2018-04-19,551.1715698242188,558.339417701239,549.8982950591903,551.0300756620758,1525419
2018-04-20,555.5570678710938,559.6597648245416,548.4363664575518,549.2380130988745,1641179
2018-04-23,566.0260009765625,567.5350033021936,543.2491265509987,543.2491265509987,3016500
2018-04-24,567.6764526367188,570.5058749474556,561.2630493472533,566.8276029176001,2782988
2018-04-25,559.3297119140625,566.3561232913269,552.8692196284808,566.3561232913269,1125208
2018-04-26,565.8373413085938,568.6196182151544,556.9717946555943,557.3962195336709,1503008
2018-04-27,565.7429809570312,572.4864606445582,559.2824895588517,567.7707566853773,1031376
2018-04-30,572.8637084960938,574.3727106541814,567.7707254742484,567.959365135195,687828
2018-05-02,577.2020874023438,586.5392030185709,574.3255198849365,575.3158060709635,1862999
2018-05-03,574.65576171875,578.2396857683799,563.0551397001894,578.1453947005296,999887
2018-05-04,563.0551147460938,577.6266530979506,561.6404034025106,577.2965192455968,925559
2018-05-07,557.4434204101562,565.9788340878057,551.7374294476227,564.5641227302477,1046885
2018-05-08,557.0661010742188,567.7235799226451,553.1991895016001,558.7165973691219,1039491
2018-05-09,554.5668334960938,562.1119604824352,552.2561268435766,557.7735354911891,652527
2018-05-10,542.7775268554688,560.7914929919326,539.9481044739459,560.2256315415264,2163326
2018-05-11,541.0798950195312,547.7290262270305,532.9688495025472,544.2393937118599,921890
2018-05-14,545.6069946289062,547.4932763735179,538.3919439298667,542.3060015758359,888370
2018-05-15,543.060546875,559.2825827093695,540.5140547999658,546.8331106706787,2049528
2018-05-16,528.0645141601562,542.3059160603667,514.9548350764526,542.3059160603667,4071898
2018-05-17,522.2642822265625,528.1589129514673,508.1643140196397,526.1783400538005,3719963
2018-05-18,502.7411804199219,524.3862727974415,499.8646125587122,523.4431320190288,1708157
2018-05-21,490.8575744628906,506.2779014307153,486.6605869577684,501.4207615067046,2013336
2018-05-22,494.2057800292969,500.902056694635,478.36102607565795,494.96028115761374,3080285
2018-05-23,502.1282043457031,532.7802815299511,485.7175307657756,485.7175307657756,7413823
2018-05-24,503.1656494140625,513.5873444166241,499.8646564000996,505.9950719974593,1925524
2018-05-25,506.13653564453125,508.21139936215747,497.50677425944053,508.21139936215747,1525355
2018-05-28,508.8244323730469,517.1240594233658,503.6371582710047,503.6371582710047,1460566
2018-05-29,500.43048095703125,511.7481704553259,497.6954072004574,508.44717768499,2656979
2018-05-30,495.7147521972656,499.0157448024427,490.00876220697955,499.0157448024427,2156315
2018-05-31,494.96026611328125,503.30709649243306,491.4234882148469,498.54418953741254,3539206
2018-06-01,494.6773681640625,500.5719983852739,491.42352076900414,496.98807472372704,1625446
2018-06-04,491.0934143066406,498.92147124613575,487.74527605980927,497.5067600800314,1247023
2018-06-05,511.2767028808594,513.7760495069336,488.2640974785128,490.7162410037215,3398337
2018-06-06,507.8342590332031,516.8412436458317,503.0714087205859,511.27668898213676,2909756
2018-06-07,509.9562072753906,511.70099461043424,506.65521470063834,511.135133194945,1119973
2018-06-08,527.8287353515625,530.0450930528439,508.11707096480364,510.99363869351214,4815940
2018-06-11,528.913330078125,537.5902366385736,527.2156882122151,528.1588289782477,3113604
2018-06-12,534.8551635742188,540.4197177250363,529.1020273014753,529.9508771091425,3234303
2018-06-13,549.0023193359375,559.7541491011024,537.5431914289969,537.5431914289969,4657712
2018-06-14,554.6139526367188,559.188220193382,550.3226733803783,555.4628024081917,3244655
2018-06-15,576.8248901367188,579.6071670091018,556.2644322138519,556.4530718867628,7125922
2018-06-18,572.0149536132812,583.6155751249695,566.1674685431959,577.2022285429977,2518169
2018-06-19,567.6293334960938,575.7403798586377,564.186903714425,571.7791765248141,2992184
2018-06-20,568.5724487304688,587.3409750124885,566.2145965626145,578.145351557857,9121187
2018-06-21,569.1854858398438,575.0329704467568,567.7707746074333,574.1841206814115,3052143
2018-06-22,580.7388916015625,582.9081037194445,561.4045070659035,569.6569882701482,3245849
2018-06-25,576.6362915039062,587.1522765815624,573.4295898505547,580.1258663113987,3253606
2018-06-26,565.4129028320312,574.0898096011183,563.2908360574323,571.5433179586505,2323337
2018-06-27,568.0537109375,572.4393388270794,559.2825127230892,568.2423506166294,2520918
2018-06-28,566.7333984375,575.2216666663307,562.1119849314576,570.1286827031311,4173735
2018-06-29,581.5877685546875,584.6529760029459,565.7901609367401,567.2991631161393,1525608
2018-07-02,581.9178466796875,584.7472689487946,576.2590021414734,584.7472689487946,1502606
2018-07-03,603.9873657226562,607.9957139526082,573.4767275981758,581.9178489130234,5271600
2018-07-04,593.1412963867188,611.1552633770249,588.3312435712912,608.2786953324129,5043141
2018-07-05,590.9249267578125,600.7807607987808,587.6710790992485,596.0650562399206,2127794
2018-07-06,577.6737060546875,595.1218098294005,575.6931335169685,589.3686743133652,2514518
2018-07-09,587.4823608398438,589.4629332697342,580.0315263374185,581.7763135940011,1462808
2018-07-10,596.1121826171875,597.857027786749,584.8888406666011,590.9720533002514,1872744
2018-07-11,589.7459716796875,594.6503156932,585.9734082177164,590.6891125451803,1669583
2018-07-12,597.3382568359375,600.4978133413741,587.2938409437019,593.6128963898238,2177684
2018-07-13,591.0663452148438,597.9512614759873,588.7084932374148,597.9512614759873,1475306
2018-07-16,585.6431884765625,599.8374435121335,576.4004217718699,593.6127383506379,2211200
2018-07-17,601.205078125,603.2327961835596,584.8415516954664,586.539251084623,2228377
2018-07-18,591.7265014648438,607.3826141451742,589.5572317911045,603.6100513243967,2348371
2018-07-19,575.41015625,596.1592530276918,571.6847962894367,593.9900407866091,1424272
2018-07-20,590.2174682617188,594.1786709140946,567.9122241225988,579.9844141774287,2832150
2018-07-23,598.0455932617188,601.0636555113354,582.1536928773577,587.7182469489868,1553101
2018-07-24,591.679443359375,597.904208077781,588.9915147168332,597.904208077781,1319369
2018-07-25,588.425537109375,595.1218134102812,578.5697047562719,593.2355319097732,1413265
2018-07-26,592.151123046875,595.3578258476435,582.3424900390955,583.8043472470358,3163498
2018-07-27,600.0262451171875,605.4021596976388,590.3119054730745,592.0566930918892,1508269
2018-07-30,598.2341918945312,600.0733279489349,592.2924164273966,597.0081203798441,990056
2018-07-31,604.88330078125,610.2120690780764,592.3866857653543,600.7335159940627,2469759
2018-08-01,602.8084716796875,605.0719750846227,598.8944142926636,604.5532591521218,2411436
2018-08-02,602.1954345703125,614.8335450249392,597.0553054091117,598.8944415851972,3974559
2018-08-03,604.6004638671875,610.7780252639008,602.6670365305486,604.5061728028645,1530339
2018-08-06,601.6766967773438,611.9097516339101,599.1773505819948,610.2121096732708,2716402
2018-08-07,593.6600341796875,606.3452904378399,591.4436185887015,606.3452904378399,2414266
2018-08-08,596.583740234375,608.7502803696584,588.1426180137521,593.2356016900916,4121062
2018-08-09,583.9456176757812,624.83074611249,581.6349113281525,612.0983460030279,9996909
2018-08-10,585.7376098632812,592.7640206665506,579.5600488458159,589.4158821820997,3168280
2018-08-13,595.4517211914062,598.5318073468587,586.8275030938058,589.481104212747,2374657
2018-08-14,609.1463012695312,613.1741064510101,591.3765725277129,596.2099156078199,2451003
2018-08-16,614.4534912109375,625.4944389142887,601.090678608163,610.9943521264728,3925549
2018-08-17,613.0792236328125,621.2295809623911,610.0465123552403,616.0645027021104,2915387
2018-08-20,610.1887817382812,619.3342921277206,608.8146356286363,615.9225272750906,1296664
2018-08-21,616.2540893554688,620.234519494532,610.3308474354816,614.0269735312173,1981523
2018-08-23,623.551513671875,630.2329187605804,618.5759906290283,619.2867796351493,2891829
2018-08-24,617.1544799804688,623.598956103895,611.2786119863409,623.598956103895,1904031
2018-08-27,625.1153564453125,627.8637643628331,614.3113958103261,618.8604349115925,1381724
2018-08-28,614.4060668945312,642.079466541615,610.9469280912477,627.3898256096667,5237362
2018-08-29,609.8569946289062,619.4763627478965,606.5399791181042,616.0171662918245,1891523
2018-08-30,615.4959716796875,617.8178942536347,607.0138770513549,611.2786115505448,2124122
2018-08-31,627.5320434570312,629.2853001465802,615.5907515489546,615.5907515489546,3056580
2018-09-03,615.164306640625,636.108928757542,612.7950094222523,630.7069195308181,1971733
2018-09-04,610.2361450195312,620.7558003302098,605.0236917343158,615.8276511099006,2249087
2018-09-05,612.74755859375,616.8701699458395,603.8864112403162,611.3259804400977,2542543
2018-09-06,627.484619140625,629.9487228245058,613.1740878327365,616.9649631825525,2841096
2018-09-07,629.9960327148438,634.4976967319863,621.9877977891999,629.1430627107732,2431363
2018-09-10,633.1234741210938,642.5532868763859,629.2852249054871,630.2329436176941,3453432
2018-09-11,620.6610107421875,639.7101338113504,616.585773984802,635.0662889615744,3399042
2018-09-12,622.1300048828125,627.3898325445268,609.6201054143004,620.6610523422132,3302191
2018-09-14,631.5598754882812,634.9716402684741,624.594107116148,629.28532707204,1512857
2018-09-17,630.1383056640625,637.8148054448241,625.8735707093794,637.8148054448241,2220455
2018-09-18,629.0009765625,637.8147497977067,626.0630135879879,630.2329994286403,1814726
2018-09-19,626.06298828125,642.9798028149162,611.98938786522,633.0761302268169,3043018
2018-09-21,619.0499267578125,636.4405434604985,605.0237001992773,633.0761533163478,2276641
2018-09-24,611.8472290039062,633.9764975045588,607.2981903709431,627.389840331042,2766326
2018-09-25,627.1528930664062,630.991142497829,609.3831662133724,610.3308849788676,2295464
2018-09-26,637.6253051757812,639.9472281982789,621.7036382052144,629.7118749917842,2131833
2018-09-27,624.87841796875,641.605679273595,621.656208495739,639.7102415209404,3433359
2018-09-28,619.85546875,628.3375635675961,613.3636181162663,624.8783668145128,1862405
2018-10-01,619.9503173828125,624.5467307307964,609.8570883539719,618.9077919269881,1309530
2018-10-03,620.3292846679688,629.2378638893944,616.0171760047675,616.0171760047675,1533990
2018-10-04,605.0237426757812,620.4241741333225,599.053067589215,616.1120070498761,1736407
2018-10-05,603.365234375,615.5907729426079,598.0105996870444,602.0857792095804,1806150
2018-10-08,605.4027709960938,609.0515231616964,595.5939043411068,603.3177780220587,1564640
2018-10-09,605.9240112304688,609.4779568453597,592.5611988561457,606.0661921927311,1535781
2018-10-10,606.1609497070312,616.9649676702605,600.1903325564751,605.9240199959444,1881053
2018-10-11,583.984375,600.6642038525766,580.9990374436239,594.6935865839935,1707508
2018-10-12,590.333984375,594.4091630988648,580.5724357706574,587.5855770864489,2085360
2018-10-15,613.9796752929688,615.8277387440903,585.7376632247992,590.428883417901,2666868
2018-10-16,606.3030395507812,617.5809152412456,604.0284915285192,613.9795378986375,1510216
2018-10-17,606.9666137695312,612.2264423790301,603.69697181957,611.1839746705436,1280980
2018-10-19,600.6641235351562,611.7998186873681,593.3666776963639,606.8242953214861,2267774
2018-10-22,596.7311401367188,607.1560464926142,594.0774813344335,601.9909676838154,1399755
2018-10-23,589.812744140625,598.9582532656531,583.7947531829783,595.9255416802857,1370461
2018-10-24,588.8177490234375,601.8015096991674,583.4157396510043,592.7981800265027,987144
2018-10-25,577.16064453125,591.376423953202,573.5119509506109,586.2113458610619,5739386
2018-10-26,572.1378784179688,580.3356117224753,567.3519098185265,577.350332066586,1935618
2018-10-29,601.9436645507812,604.8341955408862,570.0055270028528,570.858439280956,1614423
2018-10-30,578.440185546875,603.4126123215957,576.3078181027197,602.7491975479136,2418471
2018-10-31,596.3519897460938,598.7212864872383,574.6018340935547,580.003842232196,2305046
2018-11-01,583.2262573242188,598.9109941723282,581.8994276739378,597.062930675213,1442392
2018-11-02,575.3600463867188,587.5382673778296,573.8437194811639,587.5382673778296,1566053
2018-11-05,533.613037109375,585.2163352433943,527.9740989094522,575.644398889629,12941350
2018-11-06,503.0491943359375,525.9840039132413,499.77955247250713,525.9840039132413,16941828
2018-11-07,505.4657897949219,507.97726770763455,504.2811413161261,507.97726770763455,698244
2018-11-09,499.40045166015625,507.78774021203907,496.6046695281396,507.5034361303793,6125274
2018-11-12,504.04425048828125,513.5688712675942,501.3906492599867,502.2909937421318,7669697
2018-11-13,500.4902648925781,506.0818288357321,498.97393798129764,506.0818288357321,2410643
2018-11-14,492.3873291015625,504.7550488304837,489.9706575432488,502.85961108370134,2740756
2018-11-15,492.00823974609375,497.5523716063267,487.55394980288025,494.6144664545078,2661535
2018-11-16,502.85955810546875,506.0818250731881,493.8562297567884,494.4248957274137,3483625
2018-11-19,500.6324768066406,507.9772978104295,496.5572973669203,507.02957897123093,1913914
2018-11-20,493.4771728515625,502.1487648509164,491.534360950778,500.3955082720979,1707971
2018-11-21,494.85137939453125,500.4428854366984,494.0457837327171,495.4673618891574,1749806
2018-11-22,490.87103271484375,497.55243962091856,484.9951637638192,495.65700175569606,2045318
2018-11-26,494.8039855957031,496.36774482685814,485.9902119103318,492.8137991598401,1728468
2018-11-27,490.586669921875,499.40044337205677,486.2271286468302,498.50009892493705,2100159
2018-11-28,488.3594665527344,496.5572569827564,486.7483330882941,492.055592862676,2003272
2018-11-29,497.26806640625,498.8791999366298,489.02290126950095,490.9183388713207,2799578
2018-11-30,512.5736083984375,513.6635079829271,499.4477282417022,500.39544689111716,3855382
2018-12-03,507.7877502441406,516.8858859461708,506.17661662401537,513.6636187059203,2033213
2018-12-04,517.8809204101562,520.2975916440422,507.07690356622186,507.97724794391,3400053
2018-12-05,500.82196044921875,520.2028195052375,497.8366233954358,517.454412127337,2192065
2018-12-06,488.3594665527344,500.39550640051874,484.2842874444415,500.39550640051874,2562048
2018-12-07,486.74835205078125,502.90700384979516,485.23202510997857,492.81377550232196,3503808
2018-12-10,485.75323486328125,487.93297642447294,476.79731000838734,483.2417859544088,2201377
2018-12-11,491.58172607421875,496.55724950038666,476.70253016427483,476.70253016427483,2326059
2018-12-12,503.52294921875,506.3661054061446,493.85620661277625,495.56214660054155,1683131
2018-12-13,499.4478454589844,505.8923222186535,492.05564982747654,504.18643981817775,2234487
2018-12-14,494.4722900390625,505.8922901520132,489.63894723672075,500.72721105905373,1950888
2018-12-17,496.27301025390625,501.6749615467223,493.47722801383605,496.6046887213004,1196871
2018-12-18,495.5621643066406,499.4477880972463,492.86113112561327,496.6046318082677,1628240
2018-12-19,497.31549072265625,500.96418533493016,495.23049758242644,496.60470155058954,1241000
2018-12-20,493.0507507324219,498.50013433013726,488.4543372702779,496.32039245988517,2074097
2018-12-21,489.6389465332031,496.55728228032353,487.4117726222529,493.76150022079685,1758710
2018-12-24,491.676513671875,493.57195131736734,486.17975606878053,491.676513671875,1214348
2018-12-26,487.4117736816406,491.86606366905676,480.7777419943894,488.6437965690113,1318560
2018-12-27,490.82354736328125,493.76145225245523,487.1274212241113,491.7712660816161,1351636
2018-12-28,494.7091979980469,497.8840327402541,487.41175189935797,487.41175189935797,1933464
2018-12-31,492.33990478515625,498.50007683732855,490.1601631662972,494.70920172829943,1897948
2019-01-01,495.7043151855469,496.6046596296629,491.53438710126306,492.81378436531435,1361809
2019-01-02,487.6487121582031,495.18308842168216,486.32194050338194,494.61448026163976,1243067
2019-01-03,485.61114501953125,493.28764430037205,484.4738708701784,489.49676903197343,2086150
2019-01-04,485.99017333984375,487.9804174619193,481.48850918556093,486.1797286625409,1651456
2019-01-07,487.17486572265625,490.68143705411717,483.62092001729087,489.02292905827994,1168002
2019-01-08,486.7958068847656,490.16019720885953,484.52125852371097,489.02292302833223,1765015
2019-01-09,483.431396484375,489.73372112174746,480.9673216628676,488.59644692041036,1929305
2019-01-10,486.4166564941406,487.98041559520635,482.3888517399271,482.3888517399271,1252439
2019-01-11,483.526123046875,491.8660365682165,481.67805989556075,486.5588346484981,2051418
2019-01-14,485.1846618652344,487.1274738789924,479.1666415688885,483.5261539288759,1472415
2019-01-15,488.02783203125,488.4068848637044,482.8627527441522,487.60134698109187,1177377
2019-01-16,484.7581787109375,488.97553904861473,482.38888164978925,488.0751945965451,1446921
2019-01-17,482.9574890136719,488.02779019698244,481.06205148137497,485.7058676510861,1598184
2019-01-18,482.7679138183594,486.1797070204629,480.777698706959,483.5261061533159,1502360
2019-01-21,482.6258239746094,487.31704384717267,481.63073075174276,483.33661311153816,1150380
2019-01-22,480.5882263183594,484.6634057341364,476.18133952639505,483.3366051514706,1455953
2019-01-23,482.6731872558594,484.9477355794268,480.58822318870034,483.33660200391375,1358623
2019-01-24,474.5228271484375,484.0000153964823,470.16331476992025,483.3366006502859,1620195
2019-01-25,481.1094665527344,482.00981102557716,475.13884938971717,475.8496385244613,1193442
2019-01-28,466.4197998046875,482.3888673064186,463.5292690448671,482.3888673064186,3215535
2019-01-29,478.6453857421875,481.01468282817416,458.4589861384148,463.5292876868429,2675481
2019-01-30,479.3561706542969,480.58822248142997,471.6796713008458,478.55063278980924,1524621
2019-01-31,490.2549133300781,492.67158465026955,477.887194819787,479.5457026848036,2203919
2019-02-01,494.09320068359375,495.23047487558944,485.70591197544127,490.5866872041788,1380838
2019-02-04,482.9574890136719,493.76147716334805,479.7352509931834,493.76147716334805,1480952
2019-02-05,481.441162109375,487.1274750476747,474.99668568146865,480.0669582471193,4358002
2019-02-06,506.9822692871094,518.1179670685651,477.7451335828699,483.81052914324533,8775759
2019-02-07,505.0393981933594,518.0231001602148,500.53773365683367,509.0197710871634,4417618
2019-02-08,506.3187561035156,515.2747101059997,503.42822540540266,504.9919266793833,2747159
2019-02-11,514.8955688476562,517.359672225389,507.8350528170115,510.53608587467085,2989919
2019-02-12,514.8955688476562,517.1701169126156,508.0719824969381,511.81548300861044,2252766
2019-02-14,514.5166015625,526.9316957159821,509.3041477379714,514.5166015625,2766535
2019-02-15,512.2894287109375,522.5722132593329,500.8694277825534,511.76819489608107,2491806
2019-02-18,512.858154296875,516.5542236493562,504.47080653343664,513.6636923002657,1590101
2019-02-19,511.43646240234375,516.5067347340862,508.6880548046253,516.3171794093878,1879600
2019-02-20,512.810546875,514.8007907794733,510.48868241934963,511.9576347823601,1208930
2019-02-21,516.9806518554688,519.2552003175239,512.2420574296624,514.4691736721232,1093548
2019-02-22,513.0001831054688,517.5492218496536,510.91519014316896,515.3694801434989,1592112
2019-02-25,519.6342163085938,522.0508877255119,512.7158805064527,513.1897399154235,1961905
2019-02-26,521.6244506835938,524.7045367837468,509.92008879651297,516.601494768012,1952961
2019-02-27,523.0460205078125,526.3156040402852,515.7959486658858,522.1930504637631,2389977
2019-02-28,525.5574340820312,529.1113794813474,517.4544501404232,525.9839190987818,2618486
2019-03-01,522.71435546875,526.268301396392,518.781356681996,525.983997291015,2430914
2019-03-05,519.9658813476562,522.6668564709945,517.9756373962128,521.2452784388885,1644098
2019-03-06,518.9234619140625,523.1408225049016,513.6162593161735,522.1931036235521,1587182
2019-03-07,513.0475463867188,521.245337098756,511.436470711018,519.0182210688181,1144534
2019-03-08,511.72076416015625,514.9904055029311,510.1096306737289,512.715857305132,2618767
2019-03-11,511.86285400390625,513.6635426971505,507.5033710596386,513.6635426971505,2342102
2019-03-12,510.5834655761719,515.2273104889141,509.2092618494085,513.5688027121006,2049339
2019-03-13,504.9445495605469,514.1374332069978,503.2386673417803,513.6635738215535,1582245
2019-03-14,504.8972473144531,506.17664470024675,502.76487977534936,504.23383251123096,1490894
2019-03-15,504.7549743652344,507.4086330945776,501.29583569417633,506.17655246559923,2019240
2019-03-18,506.5556640625,507.7876868496664,501.34321101789055,505.18146032736166,1266863
2019-03-19,505.7502136230469,509.58846359542093,502.48057185244267,509.06722976977005,874797
2019-03-20,505.3710632324219,506.8400158417606,503.3334446218069,504.18641470163794,1255306
2019-03-22,499.2582092285156,510.820389160536,496.2254977611424,506.9347655531941,1579084
2019-03-25,499.3056335449219,501.05894805565936,489.2124628918891,498.12098502854485,1874898
2019-03-26,501.6275329589844,504.6602445891981,498.2157685275959,500.86936951247174,3044792
2019-03-27,498.0262451171875,505.7027445017838,496.65204124498604,503.6178093513174,1217387
2019-03-28,498.1209411621094,499.7794489389827,494.99348092312334,497.836637112049,4133379
2019-04-01,498.1684265136719,501.10633175128453,489.3072207397968,489.3072207397968,4091454
2019-04-02,495.3251953125,502.2435301645548,493.903617280811,502.2435301645548,1268431
2019-04-03,493.2402038574219,497.36275702191125,491.96074891922433,495.6568749484728,3276338
2019-04-04,493.7615051269531,494.70922394677456,490.4444892575782,491.8660674873103,5555991
2019-04-05,504.2812194824219,512.7159410965406,498.50015714746837,503.6178625068036,9784780
2019-04-08,497.9314880371094,508.83025439863127,495.3726356703537,508.45114373534676,2429845
2019-04-09,504.18646240234375,506.55575968806903,497.9315407056977,498.73707864517553,2301681
2019-04-10,517.8809204101562,522.9038181959932,503.04909889502477,503.7598879546478,5992326
2019-04-11,516.3645629882812,525.6996278376462,513.6635875566915,517.7861411826264,2977870
2019-04-12,525.8417358398438,527.5950502689844,516.7910331647632,519.3025110402682,4347530
2019-04-15,536.6931762695312,539.4415840879884,523.140808205505,525.9839647718392,2252373
2019-04-16,530.1065063476562,541.8582430199938,527.500279555693,540.1997350614716,2246831
2019-04-18,532.1915283203125,537.0249293404727,524.278098767972,532.6180133874105,2306549
2019-04-22,531.7649536132812,536.4087985047855,527.5002193495507,530.7224861531446,1205612
2019-04-23,532.3336791992188,545.8386725475061,531.1016562871557,533.0918426955524,2179959
2019-04-24,529.3483276367188,534.9872661024689,524.2780551611905,532.0493609409009,1896565
2019-04-25,526.5525512695312,534.4660380932016,522.3352488117611,529.4905143069566,2416194
2019-04-26,538.2568969726562,542.9481165399906,528.0689200062136,529.0640131643356,2593397
2019-04-30,535.461181640625,541.1948694504205,529.4431897279964,540.1050274155309,1914026
2019-05-02,536.0297241210938,539.9154058639448,527.5950616023396,533.5656784064385,1700976
2019-05-03,534.9873046875,543.0429151212356,532.28632903268,538.30432074845,2758638
2019-05-06,533.8973999023438,534.9872997356642,526.9316893764912,526.9316893764912,1715311
2019-05-07,528.7796630859375,536.6930911359569,526.1260622804564,534.5133496830318,1478212
2019-05-08,528.8272094726562,532.0494772558598,520.2977383521295,526.9317714458725,1890174
2019-05-09,528.5902709960938,531.7177321198394,520.013425635275,530.6278899789311,1672967
2019-05-10,526.5051879882812,533.281400806145,522.1930788515349,528.5901809971753,1687480
2019-05-13,518.1178588867188,527.6424208784217,501.91183334587714,523.1407567577706,2027570
2019-05-14,526.931640625,531.433304820987,512.9054142779155,517.4544528439749,1822829
2019-05-15,526.6473999023438,533.0918767997106,522.6669689867384,525.0362662169593,1396473
2019-05-16,521.4348754882812,527.5950474538872,512.7632256605707,525.0361952224183,2589467
2019-05-17,515.7012329101562,523.0934283361319,512.7158954092008,520.2976461731076,1194005
2019-05-20,535.8876342773438,537.3565869232032,521.6244771809319,530.7225549858797,1586746
2019-05-21,530.1065063476562,549.6769233958835,523.8515851846113,535.8876259381477,4286383
2019-05-22,524.0885620117188,543.990659303303,521.292779632876,532.6180322795406,7762734
2019-05-23,535.2241821289062,539.1572382118308,515.3220877071143,532.5232067379001,5640728
2019-05-24,540.7684326171875,542.5691218360607,530.2014005840042,539.4416607375441,1796355
2019-05-27,548.44482421875,555.363159172027,538.3042225421696,540.199659945487,1959075
2019-05-28,547.7340698242188,553.6573120840962,541.6212722431927,548.7291629550456,2469586
2019-05-29,534.8450927734375,551.9988381169372,530.6277903009998,547.2128696461656,1948077
2019-05-30,532.5706176757812,534.039570319895,525.273170984564,530.8173031022143,2577559
2019-05-31,529.6326904296875,539.2520605168215,522.0509391394686,533.2814429446084,1912387
2019-06-03,538.5411987304688,539.6784728395155,523.614627890161,529.7747999829865,1284381
2019-06-04,533.2340087890625,544.9383128935447,531.7649983659302,534.5134060381899,1558827
2019-06-06,530.532958984375,538.5885685765548,527.4528729638356,535.4611081860706,1750285
2019-06-07,520.771484375,535.4611258814832,513.6635933234759,535.4611258814832,2696228
2019-06-10,525.5574340820312,533.1865586370637,521.2453252330271,521.8139333592522,1708042
2019-06-11,530.5803833007812,536.7879881403245,522.1930944852824,526.3630806279141,2518184
2019-06-12,532.23876953125,537.3564733676519,527.1684979025686,529.6799754572048,1253337
2019-06-13,535.0819702148438,536.9774076691566,530.0116981622213,530.7698615751142,1594956
2019-06-14,526.5525512695312,534.9398975014154,525.178405261044,530.8647181596099,1808363
2019-06-17,516.6488647460938,527.5001974241133,515.416784179121,526.4577300073065,1267159
2019-06-18,518.9707641601562,526.4577654199043,516.5540929174301,516.6962738675395,1257992
2019-06-19,505.79754638671875,523.0460404994634,504.7076466047941,521.8139597567081,1137906
2019-06-20,522.4774169921875,523.5673168627512,501.0116186551437,503.996898477876,1986432
2019-06-21,522.71435546875,524.8467230253352,516.6963635022784,521.1032217460512,1534007
2019-06-24,521.1505737304688,523.5672450203589,516.6014773681308,519.871118687,981017
2019-06-25,521.292724609375,525.9365699582463,517.9757087442287,520.250257046567,805704
2019-06-26,527.452880859375,529.5852481362836,519.3498967759554,521.2453343554296,1020879
2019-06-27,523.0933837890625,534.4186345970141,521.5296246895106,527.7371710299859,1323494
2019-06-28,524.514892578125,527.5949781563709,517.7860555314638,523.0459402557926,996578
2019-07-01,526.7421875,530.1065782461962,524.2307669572563,526.6474387414719,565463
2019-07-02,526.3156127929688,529.3009501526236,522.666918548204,528.0215529094373,565414
2019-07-03,524.3255004882812,527.5951423809922,520.7241801061797,526.3156871129714,797387
2019-07-04,522.71435546875,526.6000377228085,521.8140109315796,525.6523188087706,639531
2019-07-05,521.245361328125,525.2731663929333,520.4871978259358,522.714313959398,796604
2019-07-08,510.2992858886719,520.2977093538684,506.6979654073343,518.402271432725,1490078
2019-07-09,520.1080932617188,523.5672902015572,508.73546706279996,508.73546706279996,1472836
2019-07-10,516.4594116210938,522.3352802049272,513.5214484070923,516.8384644639468,1045560
2019-07-11,523.5198974609375,524.8466690977626,517.4544738966438,520.2976303466253,726448
2019-07-12,527.6897583007812,536.8826412197122,518.5916819579342,525.0361575211307,1485506
2019-07-15,521.7666015625,531.1964156936019,519.918538235232,530.6278075209816,842129
2019-07-16,524.6096801757812,529.2535249908881,520.6766822370955,525.7469541962319,1460303
2019-07-17,528.4005737304688,529.300918105389,518.8286375613036,525.0361837607619,1034734
2019-07-18,518.4022216796875,529.7748481150737,516.9806433752642,529.6326671469636,1355289
2019-07-19,508.64068603515625,523.1407719497122,507.5034119186066,522.0034978331626,783708
2019-07-22,503.1913146972656,511.7681583752774,498.6896503411868,508.6406978651505,1816845
2019-07-23,501.24853515625,507.2191524883748,493.7615329205546,503.2387216522351,2353027
2019-07-24,491.62908935546875,501.3432063017696,490.01795595164043,501.3432063017696,2707033
2019-07-25,508.59332275390625,511.0099941516648,491.866062612184,494.09317867902377,3183510
2019-07-26,504.2812194824219,511.6734734112779,500.6325247398292,505.3237450118576,1371242
2019-07-29,494.9461669921875,506.98220789716424,493.05072930145633,503.8073150586888,735045
2019-07-30,492.81378173828125,505.70273443069306,490.72878878517076,494.89877469139174,1665158
2019-07-31,496.7220153808594,498.24719951509235,482.3284428292297,492.7185452055841,1828077
2019-08-01,488.47662353515625,495.149150188087,485.37866473200984,492.0035421162398,1289007
2019-08-02,491.95587158203125,495.38749188320776,484.9020920703933,485.18804588386973,1574251
2019-08-05,494.6249694824219,496.4360492359262,488.28604489559564,489.7635215360352,2162918
2019-08-06,476.7520446777344,502.34595743525426,473.6064364663804,493.76699421529736,7425849
2019-08-07,494.052978515625,501.2497642472943,478.1819013970377,479.1827979550921,4668643
2019-08-08,479.516357421875,486.141234906068,470.69908992602967,481.1368398408585,6750611
2019-08-09,461.834228515625,487.76177578755454,459.0222231250245,482.2330926465268,5172748
2019-08-13,453.4935607910156,464.1219379532117,450.9198600029004,461.8342200803932,2952687
2019-08-14,455.92425537109375,460.64269711720857,443.24646489291666,455.11404316956236,2376714
2019-08-16,453.8271789550781,460.7856599969145,452.3020240570302,454.6850694946331,1279325
2019-08-19,453.5888977050781,462.8350970238638,452.3973749250868,456.1149201806774,1211272
2019-08-20,456.3055419921875,459.16519645441576,448.5367907645398,456.448518897317,1606901
2019-08-21,446.1537170410156,456.5914668011383,445.10520041005816,456.2101853817076,1065506
2019-08-22,442.2932434082031,447.96490331632003,439.0523073563838,443.15113396752133,1398888
2019-08-23,444.1043395996094,445.4865175821188,428.1856136140324,442.29323089453186,2217428
2019-08-26,444.72393798828125,448.91812132525473,433.61895181586056,446.20144364695943,2158865
2019-08-27,443.580078125,447.86955985999856,437.0028786159842,446.5827095215171,2992115
2019-08-28,442.5315246582031,453.92249314858907,438.6233244382856,444.00900114980044,2193022
2019-08-29,443.4371032714844,446.1061025052097,435.19174284855205,443.7230570858443,1410078
2019-08-30,450.347900390625,452.96925015054734,439.86250135093553,446.1060682340603,1126818
2019-09-03,447.58355712890625,449.2040395707482,439.4335538294216,445.15286255605184,1564714
2019-09-04,449.3470153808594,452.7786064264945,445.2005107461298,449.06106158118496,2339657
2019-09-05,456.01959228515625,457.3064427048092,448.58450177813495,449.9190014729963,1216510
2019-09-06,452.68328857421875,459.92775225149876,451.587093531912,456.5914887636641,1668897
2019-09-09,452.77862548828125,456.3055443122591,450.0142986453873,452.77862548828125,780846
2019-09-11,449.7283020019531,455.9242198456294,446.1537340152168,451.82539352346856,996410
2019-09-12,445.91546630859375,451.82543083736766,442.67453021761594,451.82543083736766,1179858
2019-09-13,447.059326171875,447.67891217054904,442.76984436425573,446.15375726541345,818854
2019-09-16,448.4891052246094,449.918932340097,442.3885153498437,445.15284195513834,1257381
2019-09-17,439.0999450683594,450.3002585881999,435.6207045589016,449.8713278647903,1753611
2019-09-18,437.19354248046875,441.1493923813102,433.09471566078486,439.81489265559304,1656705
2019-09-19,430.90228271484375,440.33916632096816,428.85286936933915,437.1935287556229,1027073
2019-09-20,441.6259460449219,443.246428494737,424.65867504173195,432.95168437211305,2558072
2019-09-23,427.89959716796875,450.20489478030856,424.1820524142301,446.1060686064263,2819792
2019-09-24,429.1864929199219,433.76192862657973,425.7072523211184,428.948188370827,1959468
2019-09-25,414.26861572265625,428.9481694825206,411.9808979700647,428.8528418490981,3524655
2019-09-26,417.93853759765625,419.8449740258086,410.26511352039637,418.4627959794336,3960277
2019-09-27,418.8440856933594,425.1353318481075,415.3171956857864,417.9385458261054,3151119
2019-09-30,405.5943298339844,412.5528108132686,398.44519358544176,409.88381158310995,6307161
2019-10-01,393.3454895019531,406.92884902772334,383.8609857431691,406.92884902772334,4914716
2019-10-03,398.54052734375,401.30485425101244,387.4831906247899,391.77267243982453,2639852
2019-10-04,398.77880859375,411.1229658641892,396.68171708182933,399.8750036200186,4182360
2019-10-07,389.15130615234375,400.3039700405607,386.5299562639936,400.3039700405607,2564196
2019-10-09,403.544921875,407.02416241017283,388.4364079207153,389.19897082790845,4117690
2019-10-10,402.4010314941406,407.3100990911948,398.96944037632784,403.3066003620041,2381621
2019-10-11,420.7028503417969,422.2756545237339,371.3261310722087,402.78233107059066,17354782
2019-10-14,420.2738342285156,425.5642118826365,413.2200264462608,420.7027939888169,5861895
2019-10-15,425.6595458984375,427.5183328948133,414.9835202566818,419.415978759683,3153015
2019-10-16,425.8978576660156,426.8987541771839,418.41511846251666,425.4212485911477,2180925
2019-10-17,425.4212951660156,426.7558239936767,418.8440950307522,424.468076911922,1818421
2019-10-18,423.3718566894531,430.044384073337,419.5113346247417,427.51836166742027,2850227
2019-10-22,432.66571044921875,436.33560612758555,419.60663930906725,420.6075067259358,2333810
2019-10-23,432.99932861328125,435.4300231698636,427.13704302571165,432.42739192646536,2262575
2019-10-24,425.9455261230469,434.66746617233906,422.79988884811763,433.7142480447681,1733751
2019-10-25,438.33740234375,439.862557306978,421.0841468201759,426.18387009257344,2647759
2019-10-27,439.4811706542969,442.197847916866,438.0036943116239,440.3867394384554,179612
2019-10-29,450.9198303222656,456.01955319864834,440.38678149181254,442.19789014316933,3498572
2019-10-30,443.2464599609375,456.54386539572994,440.6251099289105,456.54386539572994,2640132
2019-10-31,445.0098876953125,450.5862195473145,438.6233146186762,443.24642834520466,3944718
2019-11-01,447.2499694824219,452.01606025231166,440.76806858142606,445.4388317179362,3649879
2019-11-04,446.3920593261719,456.11489633863346,445.20053660846384,449.3470414840698,2393325
2019-11-05,445.963134765625,453.2552480808041,443.3894340238392,448.1555249605459,1391429
2019-11-06,458.35498046875,465.1228355536979,442.5315524209607,447.1069881767477,17751556
2019-11-07,449.7759704589844,464.59850041498385,448.0125111397082,459.45112844540284,5892783
2019-11-08,440.8633728027344,448.1078362062312,439.6718501735378,448.1078362062312,4300075
2019-11-11,433.5712890625,437.9084200862317,430.61630692692324,437.9084200862317,4109355
2019-11-13,426.9464111328125,433.71426593572556,425.13530243370025,430.85461143505046,3001272
2019-11-14,430.2826843261719,436.7645854597377,421.94202517960264,424.3727490134063,2659601
2019-11-15,441.57830810546875,446.15374359072734,415.0311768028947,427.04173131408527,10693852
2019-11-18,439.0522766113281,449.9189574782012,436.24027149112584,441.3399943059474,2847404
2019-11-19,450.0143127441406,455.1616851456062,438.05140702092234,439.6242403043487,5080106
2019-11-20,460.0230712890625,461.07161704077436,446.72566685715714,449.91895338240806,4080054
2019-11-21,462.7874450683594,469.26931731800727,454.30380874193713,460.0231180527717,5600894
2019-11-22,456.4485168457031,462.3108026489397,450.58623104246647,462.3108026489397,2778328
2019-11-25,460.8809814453125,462.64444086344713,453.63651759427086,455.87658609352786,1465490
2019-11-26,456.16253662109375,467.6011544856527,454.3991063055685,460.40436904849815,3880896
2019-11-27,446.1060791015625,452.77860592573114,442.8174649594017,452.77860592573114,3494515
2019-11-28,446.43975830078125,454.20848096093454,442.3885808735326,449.91899897914186,2933958
2019-11-29,444.866943359375,451.2534878136069,443.8183975266173,447.6789195814175,1307574
2019-12-02,442.2932434082031,447.6312711293877,434.0479118221315,447.6312711293877,2492362
2019-12-03,442.5315246582031,444.0566795110867,438.4803475342454,443.2464382683133,1067139
2019-12-04,448.0125427246094,449.7760021682096,440.38679731653093,441.3400154925407,1426757
2019-12-05,440.0055236816406,448.2985045063204,438.8616502141417,447.5359415879282,1483537
2019-12-06,434.14324951171875,445.15290830602083,432.76107145810164,441.340035429738,2520045
2019-12-09,426.9464111328125,436.33561589467774,423.80080281803384,436.0019837182837,3761784
2019-12-10,431.8554382324219,433.6665758509979,428.47152569438015,429.5200713972644,2807906
2019-12-11,428.9005126953125,431.90314401109435,425.8025537477786,431.8078163793423,1806996
2019-12-12,439.4811706542969,441.43528511224247,431.04521417723856,431.04521417723856,2730092
2019-12-13,439.671875,443.2464430894309,435.2394163870876,439.4812197325998,1213599
2019-12-16,436.8122253417969,443.0081434317514,436.0973117160329,441.38766091072245,903737
2019-12-17,442.2455749511719,444.39031580139107,438.81398377283915,440.4344371835035,2434853
2019-12-18,445.91546630859375,447.2976443469088,439.91020323089697,442.2932487521911,1705929
2019-12-19,445.72479248046875,449.4423372783633,443.0557643279462,443.86600553656746,1485123
2019-12-20,443.96136474609375,452.2543744996982,442.19790530539507,445.0575598287194,2248997
2019-12-23,445.963134765625,447.05932986308545,442.76984802004944,445.15289348840275,866023
2019-12-24,456.3055419921875,457.5447139565226,443.7230507224193,445.3911824920525,3262749
2019-12-26,451.9683837890625,459.97541049812725,450.15727510687907,456.3055438618252,2887784
2019-12-27,458.59326171875,460.88097948040195,450.68153355190384,452.3496653287202,2005404
2019-12-30,457.4970397949219,464.21721577958726,455.87655738519015,458.59323479448966,1809828
2019-12-31,455.82891845703125,461.64352574053834,454.6373958022292,457.4970501737541,1640854
2020-01-01,453.6365051269531,458.4979234387764,452.2543562836298,458.4979234387764,1316812
2020-01-02,451.3487854003906,457.44937562583544,450.2049120062846,456.4485082234243,1406381
2020-01-03,447.96490478515625,453.54120798396434,445.39120400885184,453.54120798396434,2252752
2020-01-06,444.91455078125,447.96486035508144,439.624201931223,447.8218543673175,1501855
2020-01-07,446.67803955078125,448.0125391686207,441.9595979810201,444.19966649484525,2365554
2020-01-08,443.0081481933594,448.1078712632714,440.0055167508593,445.9154520000844,1507276
2020-01-09,448.1078796386719,451.158160411116,445.62950651174737,445.62950651174737,1700600
2020-01-10,451.3487854003906,454.68504886163953,447.7742174061953,448.107849570302,1213600
2020-01-13,455.30462646484375,459.8800908673024,452.3019952228633,452.3019952228633,1229969
2020-01-14,461.59588623046875,462.50145510322943,456.7821462392484,458.11664582286215,2160301
2020-01-15,461.35760498046875,464.07428264595984,457.11577238962207,461.35760498046875,1413668
2020-01-16,457.78302001953125,464.64620238769834,456.59149732296817,461.35758810922044,1694372
2020-01-17,457.8306579589844,460.3567092850997,454.2560899577746,457.54470415485116,2039387
2020-01-20,457.68768310546875,460.54733751923607,454.3514196227403,457.9736660007909,1206931
2020-01-21,451.2534484863281,457.1157340582314,450.1096042056614,456.5438264628521,1448808
2020-01-22,449.5376892089844,457.8306697310813,448.2508388774786,452.30201604968335,2380518
2020-01-23,443.389404296875,453.58884985357145,437.86075081692707,442.76981833462526,5783749
2020-01-24,437.3841247558594,445.86775990670674,435.4776885830889,443.2464101691473,2713370
2020-01-27,442.72216796875,444.6762534809881,432.9516822277422,436.09729039132276,5849003
2020-01-28,442.9604797363281,446.1060879513032,437.4794754506016,443.24643354135895,3592413
2020-01-29,439.95782470703125,445.5341566925064,438.8139803830295,442.9604851460704,1737293
2020-01-30,429.9013671875,439.4335482781319,425.4689087983378,439.4335482781319,2766881
2020-01-31,425.9931945800781,432.71340013607454,421.41775899762484,432.71340013607454,2184609
2020-02-03,423.75311279296875,429.5677492689564,418.84404518656856,423.2288544515712,1690394
2020-02-04,427.470703125,431.2835758331194,423.4195258726231,425.8025713151978,2030860
2020-02-05,426.61279296875,437.67012988586004,417.0329617127975,428.5192293651514,3637403
2020-02-06,419.0823974609375,442.6268998531616,414.98357062516504,440.8634402740828,7118843
2020-02-07,422.46630859375,425.03998022325607,416.84229806538923,419.41599878480554,6386193
2020-02-10,423.9438171386719,429.9014312075121,421.4177945914661,423.4195587365789,3557480
2020-02-11,429.52008056640625,430.8545800849711,422.6092493592911,426.1838172250403,1889638
2020-02-12,425.8978576660156,433.6666088582903,424.1820766324548,433.6666088582903,1683136
2020-02-13,422.65692138671875,427.89962120545096,419.89259457300545,425.89785727486225,2041017
2020-02-14,426.183837890625,427.89961891341943,420.84581046761787,423.22885582700417,1814780
2020-02-17,411.6949462890625,424.89702454668964,409.97916511698674,423.7055017633282,4581786
2020-02-18,415.6031188964844,417.17592304680335,408.07270122987404,412.7434644086645,2453801
2020-02-19,426.56512451171875,428.1856070117494,416.937615324869,417.31889676902045,2359566
2020-02-20,415.3647766113281,427.8042608669954,414.1732540163444,427.04169804216866,3048500
2020-02-24,410.0267639160156,416.2703599861587,406.5951729043983,415.6030956736552,2569563
2020-02-25,405.8802490234375,411.0276499552055,400.35159576549603,410.0744318700496,2438218
2020-02-26,402.4486999511719,405.1176990382843,386.81589958694434,387.0065548459845,8068909
2020-02-27,401.4955139160156,404.164513216386,389.8662403431648,391.8680043633979,5109022
2020-02-28,383.2890625,396.9677501468483,379.428511150101,393.6791355624801,4200936
2020-03-02,383.1460266113281,392.01094329796956,376.1875170331885,387.9597663763492,3460583
2020-03-03,405.4036560058594,409.1212299568436,383.193685379762,383.193685379762,5476676
2020-03-04,426.7080993652344,428.7575125713649,400.3516233149801,405.68965077716166,9297945
2020-03-05,419.9879455566406,449.9189912770013,416.98531403876996,426.8987775201115,9637431
2020-03-06,414.0779724121094,417.65254059434426,403.25894022922967,405.1177273199559,2916146
2020-03-09,406.21392822265625,412.4098464938381,403.68790582238734,405.117733115737,2986596
2020-03-11,397.5873107910156,406.2139237295083,391.01011113234,405.1177286347141,5314547
2020-03-12,376.28289794921875,393.2025216062134,372.4700250124312,393.2025216062134,5636464
2020-03-13,405.6419982910156,414.6022727515561,338.6784189293182,369.84866608311194,6096891
2020-03-16,377.855712890625,404.0692150714694,374.37647205551366,396.5387966265912,5394603
2020-03-17,382.95538330078125,402.25805041177273,372.46998388246493,378.4275971883265,2989674
2020-03-18,367.9422302246094,392.5352484844866,363.8434035446003,392.5352484844866,4200456
2020-03-19,360.9108581542969,376.3701981036262,349.54508661452223,361.0071545870156,2926091
2020-03-20,378.34478759765625,385.0871847348463,358.7436994358688,365.8231929143033,4718358
2020-03-23,361.4406433105469,391.92590421586385,356.38384550273776,356.38384550273776,5507004
2020-03-24,363.55963134765625,394.6709607284181,358.8399306933774,366.0157781007904,6649616
2020-03-25,362.59649658203125,380.3675113400788,360.23664583413387,364.0894441853011,6418955
2020-03-26,371.9394836425781,380.1748570617782,366.4974123084906,368.90541107530066,4291225
2020-03-27,392.6482849121094,395.87500923612475,377.52606983590687,378.53741759074705,6471291
2020-03-30,415.86138916015625,422.5556375240151,392.6482750501939,398.57194616801314,9020926
2020-03-31,407.2889099121094,430.16489778201276,404.54378548881783,429.5869722095542,9434602
2020-04-01,398.5238037109375,415.04266969582284,395.2970794213232,409.26347254231075,6329668
2020-04-03,432.669189453125,437.9667862414693,400.931756936057,409.35975182660474,17906762
2020-04-07,474.1349792480469,494.50667327883855,435.36619729835894,461.3725851900751,20843608
2020-04-08,493.8805236816406,510.4957143857036,471.96773594149954,478.66198395398595,19456188
2020-04-09,558.2703857421875,587.5516729593817,543.244497621461,543.244497621461,27207708
2020-04-13,571.0327758789062,582.7356728239579,561.5452847212686,582.7356728239579,15483858
2020-04-15,570.5512084960938,591.4045014859256,557.3072151810588,582.2059578867443,16213806
2020-04-16,578.3532104492188,590.2487019703909,560.5821661060893,568.2877628910527,12716342
2020-04-17,575.9932250976562,592.3676144398974,573.1036269784372,592.3676144398974,8304173
2020-04-20,563.8569946289062,577.3417872417969,558.6556939626078,575.9932844648956,5856150
2020-04-21,570.3104248046875,587.3590684410104,549.0237384606852,556.729334789958,14471856
2020-04-22,565.5906982421875,577.6788389288289,563.4716478088619,573.0073453643145,6182243
2020-04-23,565.1092529296875,581.6762988585481,557.740752006597,568.2878000535345,6277840
2020-04-24,577.2454833984375,583.6989321953682,562.1232385788031,564.8202443726504,11127889
2020-04-27,586.299560546875,609.3682008466534,577.9197129512748,577.9197129512748,14089786
2020-04-28,576.5712280273438,598.3877213850026,571.4181339422983,594.1014716229085,8193422
2020-04-29,574.3077392578125,585.5290376788415,568.3840384316144,582.7357354314072,6767183
2020-04-30,567.9024047851562,588.9483492484871,564.5312065167494,585.5290027626237,9099721
2020-05-04,589.3336181640625,594.2459711175787,559.2336323791644,567.324532073759,16815950
2020-05-05,574.9337768554688,600.1214072711739,573.1036743796532,600.1214072711739,9257154
2020-05-06,569.9733276367188,583.6989210779071,568.2877284421868,575.5117249901807,6978135
2020-05-07,567.854248046875,579.6534418092485,565.879700848529,575.9932955019921,4620871
2020-05-08,570.1177368164062,579.0754792969818,567.8060347876659,575.9932295216696,5051303
2020-05-11,564.4830932617188,578.8347902945943,561.9787979085493,578.8347902945943,5853892
2020-05-12,549.1682739257812,571.9479091289005,545.3636237585723,565.3981636249539,8868938
2020-05-13,549.2163696289062,582.7357006524296,547.9642220299389,577.9197031263765,10438589
2020-05-14,548.7828979492188,556.6329971441395,545.2671963686403,549.9868972865361,8546002
2020-05-15,549.3126220703125,563.4716654207418,544.7855730005797,550.9500728558364,14388403
2020-05-18,578.3532104492188,582.7357568628591,549.5053707277043,549.6016671719012,22898114
2020-05-19,573.0554809570312,586.3957688094512,568.4802839174542,577.9196260518293,10951060
2020-05-20,597.809814453125,601.373605698654,573.489026213099,575.0301219522988,13440063
2020-05-21,593.9088134765625,603.7816087720049,589.7670672079886,597.8098186489161,7916771
2020-05-22,615.821533203125,618.2295317826148,587.6479498230937,594.0051013463635,10874832
2020-05-26,604.600341796875,623.0937840736398,601.0846400836476,616.4476839652762,8859302
2020-05-27,609.75341796875,614.3286154905906,602.770221751204,606.8156713177954,7710100
2020-05-28,605.2264404296875,614.1842436711369,603.0110931247526,610.6685416429088,5488625
2020-05-29,624.2977905273438,626.9947374174317,607.7788952933765,609.7052943275869,10580203
2020-06-01,618.855712890625,628.5840048616963,611.1982646853776,625.1165099860166,7439123
2020-06-02,614.135986328125,634.4113831197193,612.5948906220474,621.167389808315,6883363
2020-06-03,617.603515625,625.5980595161298,611.9206152023129,623.0455573897127,5044700
2020-06-04,636.241455078125,640.3350531918979,618.8557148468493,619.3373146249403,10452388
2020-06-05,626.9465942382812,645.1028817660267,625.1164916254593,640.5276840230052,6481383
2020-06-08,611.7279663085938,633.5926062651237,609.7534191321539,632.533110352604,6263334
2020-06-09,616.4959106445312,630.2215053546842,613.6063117581833,615.3882663448551,8968365
2020-06-10,619.2890625,626.8020060198822,616.2549608914775,622.9973566535047,5425984
2020-06-11,611.6316528320312,623.1418980565186,609.5126022770121,621.889750525062,3172467
2020-06-12,619.9151611328125,621.2636639189466,593.6198271154447,593.6198271154447,5579009
2020-06-15,619.9634399414062,629.4509323922233,613.5581391489615,619.3373366919658,4520180
2020-06-16,614.32861328125,626.0796586318384,609.1755196065848,620.7820615203382,2927072
2020-06-17,616.7847900390625,620.1078401458402,611.631696114967,616.4476937221715,2648039
2020-06-18,618.4221801757812,621.0709785992956,612.9801386881593,618.0369356785047,2161524
2020-06-19,612.7875366210938,624.9719750815955,608.2604871913957,624.9719750815955,4476020
2020-06-22,631.8107299804688,667.0156602930003,627.6689838476473,665.5708610288278,29312493
2020-06-23,635.5189819335938,649.1964258078254,631.2809396498085,649.1964258078254,8287482
2020-06-24,607.9714965820312,637.8788273524135,605.1781946982478,635.7116286184869,6955942
2020-06-25,611.5353393554688,618.3740317675046,605.9969426535013,608.7420375032133,5816404
2020-06-26,611.5353393554688,619.9633343367237,608.3567342170306,615.4844334882172,3847728
2020-06-29,621.1673583984375,624.1532532238657,612.0169634823469,613.5580591104975,6772032
2020-06-30,616.6884155273438,625.983313248091,614.5212168784776,624.1050626612684,4319880
2020-07-01,604.0223999023438,618.95199257174,598.1950545214507,618.95199257174,4809651
2020-07-02,622.4194946289062,630.3658900694612,602.9628540348327,606.8156518241927,6169821
2020-07-03,615.291748046875,628.921042697795,612.1132018720633,628.921042697795,5379171
2020-07-06,611.246337890625,620.5412359533054,606.0450962154227,616.4476383548553,5604802
2020-07-07,613.1246337890625,618.9519790425804,611.82433797157,614.4731366130811,3781547
2020-07-08,611.0537719726562,624.1532613495658,609.2236694500006,619.7707154852415,6952585
2020-07-09,615.5325927734375,620.2522935634455,612.835646088731,620.2522935634455,4354183
2020-07-10,615.38818359375,623.1900760221549,613.2691329375684,616.4476795273248,4119561
2020-07-13,614.8583984375,622.2268983813134,613.1727992545785,617.4109007158233,3450069
2020-07-14,609.031005859375,620.3004512817721,608.0196581857432,616.399505232604,5432821
2020-07-15,614.7139282226562,619.8188737780177,609.8015755346796,611.0537819068705,4253913
2020-07-16,649.6780395507812,652.4713415166485,612.4985636940282,616.3995097719237,16098128
2020-07-17,663.74072265625,671.0129255916929,644.6212369402388,649.6780340921794,15244102
2020-07-20,649.5335693359375,665.4263613312672,647.6071703062006,663.6444657443736,5469496
2020-07-21,637.927001953125,656.998339842724,635.7116549135053,651.2191429798739,4314750
2020-07-22,637.34912109375,652.8566095326614,633.3036714347634,641.6353706278069,5918154
2020-07-23,646.7402954101562,649.1964422990305,637.8307003192571,639.5162993905083,4620517
2020-07-24,641.5390014648438,655.938845438968,633.9779090675399,648.2332496041489,4962702
2020-07-27,628.8729858398438,649.1483238399252,626.4649870562466,649.1483238399252,4465020
2020-07-28,638.2159423828125,641.2500442150257,620.5412557048897,627.0428520976069,4583066
2020-07-29,656.1796875,660.321433769716,638.215992539432,638.215992539432,7288781
2020-07-30,660.706787109375,673.2283820938059,655.9389372613416,656.1315889419868,7170665
2020-07-31,693.648193359375,697.3564881856316,661.7181041208963,661.7181041208963,18897302
2020-08-03,684.2568969726562,707.1810315947461,675.2027988364142,697.3563856741283,12500683
2020-08-04,687.5799560546875,692.4441606776072,677.3219164070125,681.9452623601219,6970907
2020-08-05,695.5745239257812,703.087468067995,689.6508236428458,694.2741693619749,5263136
2020-08-06,704.1951293945312,712.478680349837,693.5999349176997,698.2714877559036,9663886
2020-08-07,701.8353271484375,712.4305214666439,697.8380257764109,710.8412188033005,6159632
2020-08-10,766.3214721679688,784.5259656036658,723.6998957677696,732.0315946700871,56895213
2020-08-11,749.369140625,772.3414230270066,740.4595460867207,771.6190234698489,14861526
2020-08-12,734.0542602539062,749.3691546682646,727.7934639745441,749.3691546682646,7841540
2020-08-13,732.2723999023438,754.0888914979139,726.3486996232992,737.7626486604041,13741253
2020-08-14,743.3973999023438,758.7604444613679,724.8558085905299,733.9580560832273,16276204
2020-08-17,743.2529296875,752.2588216422519,737.3292291512724,750.3324226111578,6145819
2020-08-18,736.703125,750.9585248429294,734.9212294141503,743.5900250428887,5520627
2020-08-19,730.4423217773438,744.2642699603089,728.8049296485538,741.6636195365949,6296055
2020-08-20,734.6322631835938,743.3492068150669,730.4423101263777,730.4423101263777,8167570
2020-08-21,732.7540283203125,742.2415199922841,731.1165773930751,740.5559208472818,4700914
2020-08-24,724.0851440429688,738.7739347934247,722.64034495276,734.9211372195347,4942344
2020-08-25,720.2324829101562,730.1052785635552,717.8244839703028,728.4196793056578,3424047
2020-08-26,720.4732666015625,726.2524639272435,716.813120053105,723.8444650415431,3730702
2020-08-27,728.3714599609375,735.8844041618518,722.3514631991422,723.1701592431341,6989194
2020-08-28,721.0510864257812,742.6267776714052,719.2210427399566,734.9211820535437,8205618
2020-08-31,687.291015625,727.8898994926357,679.2483230329177,724.3260494595623,7649137
2020-09-01,709.444580078125,713.7308296116016,683.8716451069328,687.290991574661,6260037
2020-09-02,711.0820922851562,720.9548880127862,702.3651478151537,712.7195433343754,5583378
2020-09-03,711.419189453125,718.4987416711997,707.9516944652366,715.3683430222037,3560610
2020-09-04,697.9342651367188,722.3995535319444,690.7102696013993,706.7475632054189,7473315
2020-09-07,690.3732299804688,706.7957694206633,680.9820350138701,701.209224172698,4688730
2020-09-08,682.137939453125,699.7163314051718,678.4777928866704,690.373283924907,4818121
2020-09-09,700.7757568359375,707.9034563705085,679.2482723753689,683.0529220081597,9082694
2020-09-10,700.0534057617188,708.8185567470648,692.7812610772135,702.1724564828482,4571167
2020-09-11,699.2346801757812,704.580425577173,693.7444313355554,699.0901767369471,2465429
2020-09-14,695.0447387695312,703.3764379971265,691.3364441936837,702.1724386167822,3104686
2020-09-15,715.12744140625,726.2523832647679,696.0561041075008,696.3932003984446,14548327
2020-09-16,724.9038696289062,728.6603709325371,705.0619848283109,716.572229808382,6773101
2020-09-17,723.8443603515625,733.9579542087699,719.2210149175015,723.3627606440764,7105767
2020-09-18,776.57958984375,789.1493314471356,747.5873086718626,751.2956031976744,35527335
2020-09-21,739.8334350585938,782.0697639897086,733.9579422386975,776.5795156561021,12576400
2020-09-22,749.0321655273438,758.9531092928707,727.3601753064681,748.4542105146988,14483843
2020-09-23,739.1593627929688,755.1484519070185,733.7654100059259,755.1003036870254,6236391
2020-09-24,706.458740234375,738.4369778909103,703.1356899419106,736.3179270675246,7123763
2020-09-25,741.7599487304688,748.406049130251,713.1529691733203,724.3260604194965,13365087
2020-09-28,746.2869873046875,749.369237571787,727.7935444911245,743.686336804665,9290917
2020-09-29,734.2950439453125,757.0747334220312,731.1164976620329,748.9838348927501,6582879
2020-09-30,746.190673828125,765.6473157315627,733.0429769715284,734.2951245795299,14333215
2020-10-01,744.5531616210938,752.2587570841839,737.5699657326682,751.1029060069148,5852563
2020-10-05,749.9954223632812,755.196665140043,734.0062730837294,747.4429198045182,6798052
2020-10-06,751.6326904296875,759.0011899646265,748.4059956884705,753.2219930867233,4789613
2020-10-07,745.1311645507812,761.5537642662555,742.6268691819947,751.295665320306,6086371
2020-10-08,781.5882568359375,785.5854995427684,746.3833263821406,746.4796228178587,12019967
2020-10-09,773.5936279296875,794.6395114755818,770.8966225564886,783.0811185813915,11673228
2020-10-12,783.707275390625,789.5827686653251,770.7040824940323,775.3755764264553,6612623
2020-10-13,758.1825561523438,798.5405823887731,749.8508564539084,780.1916425531995,13964602
2020-10-14,752.7403564453125,765.3100972807396,738.5813130307621,759.7717005442578,8675720
2020-10-15,740.026123046875,759.0011639022366,734.8248813087794,751.9216714855113,6291141
2020-10-16,753.5591430664062,758.5196442555646,730.4905609167824,738.7259052966073,9099048
2020-10-19,735.8844604492188,755.244748000397,734.1025647870435,754.1852520048931,4351337
2020-10-20,736.17333984375,746.1906378021936,728.4677441184949,736.8475912275159,6029701
2020-10-21,738.8703002929688,743.3973496233214,728.6604092832638,743.3973496233214,6932513
2020-10-22,729.6235961914062,741.5190860922482,716.6204033879951,736.8475921933014,8429247
2020-10-23,729.6717529296875,746.1424992798086,727.2156060181608,733.2356027567217,8515845
2020-10-26,719.654541015625,735.6436294460739,714.9829880953137,733.1874824410817,4665147
2020-10-27,741.9044799804688,745.0830268515941,719.5100896402598,722.3996883938352,7003966
2020-10-28,737.08837890625,751.2955707897746,734.102484127697,743.012079037704,7050213
2020-10-29,734.2469482421875,746.1424970352174,729.142002781051,737.9070944904158,6084020
2020-10-30,726.7340698242188,739.2556641353053,718.546873543893,737.5219166808082,4126276
2020-11-02,723.6036376953125,734.2951288265118,717.0057445144693,729.6236346811304,3265890
2020-11-03,731.3573608398438,742.1933550999828,723.1220169599444,728.2751107147091,5390467
2020-11-04,752.4033203125,754.9557637390891,729.334680303672,729.9125764937213,9035451
2020-11-05,764.2987670898438,766.8030621557489,749.6581236247088,757.0747711816222,6656549
2020-11-06,760.87939453125,772.4859357988512,757.6044929835741,768.0552419769624,7765316
2020-11-09,735.1138305664062,774.4123562920792,724.614933066238,765.8398576881598,21178707
2020-11-10,690.9030151367188,741.4709907563515,680.5004719099154,741.4709907563515,22558440
2020-11-11,715.0310668945312,718.0651685872715,692.1550806383975,700.2459792930199,18892977
2020-11-12,712.478759765625,730.9239969328531,706.5069104552305,715.0794104576237,10422659
2020-11-13,717.2464599609375,723.3627526629163,712.9120626413861,715.1755577259858,6955531
2020-11-14,718.3059692382812,722.3032703567602,716.62037024912,721.9179670721982,631992
2020-11-17,715.2237548828125,724.2297052031497,706.9884111699064,719.8953075869855,7313289
2020-11-18,715.609130859375,724.3260751926496,706.5068831832559,719.7990254648882,7190828
2020-11-19,714.7903442382812,724.2297466178279,710.7931014815455,715.2237957824905,5804230
2020-11-20,712.6713256835938,720.9066695597058,705.3028260744752,714.6940210956103,5394676
2020-11-23,718.8357543945312,730.1533481936602,712.189713309312,714.3569121219111,8690680
2020-11-24,720.9066162109375,724.3259623872742,714.3086649237542,720.7621127826166,5471533
2020-11-25,704.7249755859375,726.7822100486067,701.40192537444,722.4959602853148,6060158
2020-11-26,711.5155029296875,713.7308500857772,699.7644569329516,706.9884533913097,6088729
2020-11-27,718.1614990234375,721.4364007265934,707.9516081896478,713.7308049911959,12777697
2020-12-01,727.7935791015625,732.0316807689977,718.6913901021775,725.2892837092833,6241872
2020-12-02,730.4423217773438,732.9948239835696,723.5073323661495,730.1052254658946,3983393
2020-12-03,734.1026000976562,736.6550437692473,728.2270472526917,732.031697437973,3765555
2020-12-04,738.7259521484375,742.2415954491402,729.1421042776018,734.921301933699,5423289
2020-12-07,744.6976928710938,753.7035843893998,737.8107931530737,738.7258444063045,6779545
2020-12-08,737.810791015625,750.765835592178,729.9125436359808,748.4059851424813,4166424
2020-12-09,734.3433227539062,745.4201170105174,731.9834722196914,741.5673190082179,4045201
2020-12-10,734.680419921875,739.4482692130978,727.3119202182552,734.9212197973001,3679209
2020-12-11,728.0343627929688,737.9071582678156,725.2892675667963,735.8844627105344,3178041
2020-12-14,760.25341796875,764.1062162949963,747.7799716297201,749.6582225715725,19785595
2020-12-15,752.8848876953125,768.6331754818666,750.5731854564468,760.2533283522658,8249684
2020-12-16,757.8453979492188,761.2647446109083,753.5109999526737,761.2647446109083,3817724
2020-12-17,754.3779296875,765.599169623323,752.3551752776472,761.6500748249546,3984988
2020-12-18,764.250732421875,766.7068796377814,752.7404854735254,755.3892843667463,6487014
2020-12-21,749.850830078125,786.8377153471102,732.0316388688183,763.8172231881222,14465355
2020-12-22,765.74365234375,768.6332510318396,733.0911636527229,753.222058028695,6139589
2020-12-23,794.302490234375,796.5659855410372,763.0948029563323,767.0438973859652,8520251
2020-12-24,802.5377807617188,804.1752315585386,785.2964873647225,798.2996797333649,7294578
2020-12-28,799.6000366210938,808.1243281280489,794.8321876472764,806.7758253998282,4810932
2020-12-29,797.4810180664062,804.9939622228547,787.4155717824514,799.6000686718226,3311293
2020-12-30,793.4837036132812,799.4555520247661,786.0189077961826,799.4555520247661,2715404
2020-12-31,789.775390625,802.6822278155387,786.356044379295,793.6763365895093,4842886
2021-01-01,796.1806030273438,798.4441568978752,790.4496136105479,792.5204570536425,2474916
2021-01-04,801.622802734375,806.4869485660049,796.1325536974023,800.4188033310492,3487801
2021-01-05,796.8068237304688,812.699616225546,794.9285728596072,801.6228214562498,4559213
2021-01-06,794.4468994140625,803.6936494634863,785.2483563686538,798.4923488863711,3318460
2021-01-07,796.1325073242188,799.8890087593999,787.8971636429693,799.4555572416436,2879675
2021-01-08,807.8353881835938,815.0593840381226,796.9512461872425,800.1297926054295,5072916
2021-01-11,825.3174438476562,828.3515456992599,802.1043600942543,808.12435679265,5332109
2021-01-12,812.1217041015625,832.7822869091171,810.0508016044395,828.3515926038264,4338010
2021-01-13,810.7250366210938,820.6459797832016,801.8635894008396,816.1670785610254,3596529
2021-01-14,809.9545288085938,816.3597705719169,798.4924305956476,810.7250766943048,3652930
2021-01-15,793.387451171875,813.8072926195908,790.786800727146,808.1243919732954,3137877
2021-01-18,772.2453002929688,796.2289945005646,766.8995541254559,791.7500927231935,3742440
2021-01-19,792.1834106445312,795.0248608201326,772.967569586719,772.967569586719,3791378
2021-01-20,802.1525268554688,804.1752810663131,792.0389321683417,792.2315838249505,3056546
2021-01-21,782.8403930664062,808.4133280153524,779.2283949439835,804.2715819261141,3326213
2021-01-22,778.55419921875,792.2316448450059,768.874055316141,785.7781959802546,3883231
2021-01-25,806.0053100585938,825.4619512388321,778.505976766378,783.0811742790787,10704200
2021-01-27,811.4955444335938,824.9321886481932,794.8322055460569,808.9912493551078,7410174
2021-01-28,810.9176635742188,817.6118529112177,795.3138202818486,804.7531634029763,4489853
2021-01-29,795.5064697265625,819.5382495908015,790.5459689158947,816.7450063873923,7185812
2021-02-01,776.7240600585938,800.4187430149035,751.2474228462222,785.0075518136539,13856367
2021-02-02,791.36474609375,795.9399440680008,772.004458181482,777.3020558358778,8486828
2021-02-03,817.9971923828125,846.5560816672222,793.8690561639462,795.602803542188,15674616
2021-02-04,803.7418823242188,824.9804208042801,801.9599278698425,816.3597730088802,4639606
2021-02-05,816.5042114257812,823.4392594435961,799.9371686023986,808.702260359853,7381183
2021-02-08,816.07080078125,827.6291951269271,810.0989519448434,820.6459985430805,4244906
2021-02-09,810.7731323242188,825.3174204190566,808.124333852117,816.7931288517226,4200281
2021-02-10,831.62646484375,835.0939594990678,810.050772709015,816.4078658401081,5665209
2021-02-11,828.1588745117188,842.7032214653755,824.498728363239,836.0571217515088,5347864
2021-02-12,817.3229370117188,832.5414775968012,814.3851902476385,827.3883837051703,2473012
2021-02-15,813.229248046875,825.0765890020836,811.0139011672875,818.8157928529299,2531913
2021-02-16,817.1303100585938,820.8868117977468,810.2916168082775,818.719612822628,2808115
2021-02-17,804.9458618164062,823.2466529509203,802.3452113184317,818.1898554005941,2539649
2021-02-18,795.0730590820312,812.4106505192304,792.2316087275725,804.271602781183,4114251
2021-02-19,777.6390991210938,795.0730454860155,769.596406746428,793.4837427825031,3834443
2021-02-22,763.2874755859375,787.4156119370268,757.1229751083706,781.5401183482783,4090429
2021-02-23,761.8427124023438,773.5937589257662,759.3865652542232,765.7436589068924,3264477
2021-02-24,760.0125122070312,768.7294554481252,747.6835710382165,764.7803612294285,1587082
2021-02-25,779.3728637695312,784.044357618106,761.3610221745527,765.7435679439733,5478169
2021-02-26,758.086181640625,789.8236180505864,751.2956366822651,775.375625037466,7549015
2021-03-01,760.7349243164062,771.0411703309786,753.2219802608685,765.743573283108,2748271
2021-03-02,781.9253540039062,785.0076042076817,761.698164202236,763.4319115702868,4275166
2021-03-03,782.5995483398438,788.0416487146799,777.8798475480904,787.8489970680521,3265559
2021-03-04,777.0611572265625,787.8971510521576,774.1234106583181,777.6872603854307,3640996
2021-03-05,775.5200805664062,782.1179734524559,770.8003796247879,776.8203763416326,3832170
2021-03-08,779.4691772460938,788.8603721526732,776.5314305972263,778.2170296830226,2915298
2021-03-09,767.6699829101562,786.6450243584643,762.9502819588354,782.6958712306775,2783825
2021-03-10,782.5032958984375,784.7667912037253,771.5227981027112,776.3387955939891,2512573
2021-03-12,776.2906494140625,788.5714430490489,772.4859996281623,786.4523923895193,2082799
2021-03-15,775.857177734375,779.1320794676121,760.9275858599085,778.1688799918401,2651062
2021-03-16,763.1429443359375,778.7467878351532,758.0379987956284,775.4718860528251,3671229
2021-03-17,743.7344970703125,765.5509298743584,741.6635946864201,765.5509298743584,3246092
2021-03-18,727.3600463867188,749.8025805242945,723.2182419584967,747.4427302495931,2894624
2021-03-19,732.6577758789062,739.014869520457,710.9375785606961,723.3628765198607,5262000
2021-03-22,744.40869140625,755.7262852476576,730.779454096186,733.9580006087326,3563266
2021-03-23,747.5391235351562,750.7177289805917,740.122534266562,746.4796275793665,2118532
2021-03-24,763.76904296875,769.3074400044558,744.2161051918035,749.1765472634083,6904173
2021-03-25,758.27880859375,772.7749493533597,754.474158799811,767.5737073115599,5292130
2021-03-26,758.4714965820312,769.5964396146488,752.4996476207064,761.8908432230128,2934548
2021-03-30,782.310546875,785.874396332797,761.1683087618362,761.1683087618362,4453933
2021-03-31,785.1038818359375,793.6282326072845,775.3755904895079,781.1547874372558,3075406
2021-04-01,788.1860961914062,793.6763448003798,781.7326481348596,789.3419472863,1910949
2021-04-05,789.5828247070312,796.5660213878803,776.4351274405775,794.6396223035081,2920638
2021-04-06,805.3792724609375,813.9035643829453,791.6054728016936,793.6763752089313,4569120
2021-04-07,809.90625,813.8072548807077,799.6963591441242,805.3792595268852,2404472
2021-04-08,811.0140991210938,819.1531478593927,807.5466039231281,811.9772987637554,2459821
2021-04-09,850.5533447265625,859.4629404997129,805.860921202775,809.9545192607089,11189432
2021-04-12,869.1912231445312,905.4074996134575,846.7968355211133,857.2475262297629,30141861
2021-04-13,852.6242065429688,898.2798274295324,845.9781064977383,888.021788059411,11667200
2021-04-15,880.5569458007812,891.3447913600323,851.3720143278912,865.7236508081825,13218002
2021-04-16,903.529296875,909.5011456495151,877.3784652123496,885.9027574383284,13746268
2021-04-19,911.4757080078125,919.8555557182357,889.9963701399474,910.4643602540966,17805574
2021-04-20,914.365234375,930.7877733878296,906.46698705595,929.5837740644693,10205616
2021-04-22,909.5974731445312,927.7056717479633,904.2998756101099,923.5157184245908,8522208
2021-04-23,901.1693725585938,917.7845628987819,888.7922832700649,909.5973676586892,7972589
2021-04-26,872.0808715820312,905.4075515600098,868.9504731324887,901.1694501434772,10255697
2021-04-27,878.8232421875,885.661935081982,867.8427444359606,879.401138368515,5669049
2021-04-28,876.7042236328125,884.2171682061693,869.7210270429489,880.701466407383,7251009
2021-04-29,873.140380859375,883.639279335129,870.7323820153061,878.389830097252,4953091
2021-04-30,876.8486328125,887.1067309037091,867.6019412177155,867.6019412177155,6459737
2021-05-03,876.7042236328125,890.3816687114554,873.0440771780011,885.2766641731557,6330144
2021-05-04,846.1226196289062,879.3048544399991,843.7627690763087,879.3048544399991,8347795
2021-05-05,855.947265625,865.9163570093275,837.0203717921086,852.4315639079587,10491085
2021-05-06,851.75732421875,882.9650121985048,848.482481122476,873.6219650918657,17973153
2021-05-07,850.4087524414062,862.5450410613329,844.7258526083629,860.1370426217424,5479029
2021-05-10,867.1203002929688,873.0921486093042,845.2075129209443,859.6555045948065,8379304
2021-05-11,858.114501953125,872.610643411711,855.5138514123106,866.831446116139,5864464
2021-05-12,865.531005859375,873.3811049251827,851.7572654248124,856.5732626948712,5224240
2021-05-14,870.7805786132812,887.1068234409299,867.6501799420728,875.5484283472371,15048471
2021-05-17,848.7714233398438,871.6955600110572,837.9835770272042,862.0635648728135,14122085
2021-05-18,851.8536987304688,855.6582898913473,846.122649695945,854.3579940248488,5129966
2021-05-19,870.6841430664062,872.6105419409205,848.578704223549,855.1765968531492,7242643
2021-05-20,890.1890258789062,893.7528759317229,871.695582968616,872.6587825078078,12378690
2021-05-21,892.7896728515625,900.591565572459,888.3589197154326,895.7755678956008,6740711
2021-05-24,896.9794921875,910.7050844169463,892.067198484152,896.7386923238256,6420035
2021-05-25,901.1693725585938,905.4074736102531,895.775479210144,905.0703773218605,3695242
2021-05-26,910.3680419921875,916.9177869138929,904.492489697441,906.3707405030488,5445187
2021-05-27,907.6709594726562,913.8354593411351,899.6764159603365,911.1866609082622,6249606
2021-05-28,899.9654541015625,912.4870479465064,896.7387592032866,905.6002066052074,2156991
2021-05-31,914.4134521484375,916.0027548917813,889.9963675289231,899.9654591690719,3183414
2021-06-01,911.6202392578125,922.7451824660627,908.8269370061317,916.9659850810979,2904962
2021-06-02,919.5665283203125,925.1530733825157,911.6201328435757,911.6201328435757,2449102
2021-06-03,913.3539428710938,924.382589109126,911.1867439557656,919.8555396170783,2258695
2021-06-04,911.5719604492188,916.4842540071088,902.0362626144586,913.1130560154904,3057699
2021-06-07,905.2149047851562,916.7251509041977,903.0477058468484,916.7251509041977,2028426
2021-06-08,918.6515502929688,919.8555497035754,897.5574571035245,905.2149051127903,2278534
2021-06-09,923.3712768554688,939.119566063066,915.2322288584485,919.6629232955421,5498857
2021-06-10,938.348876953125,939.1194247232978,924.6714335737086,925.5864847709879,4754350
2021-06-11,932.2325439453125,946.1507874537099,929.9690488025228,939.1194433790365,3480545
2021-06-14,940.2271728515625,942.9722677866064,921.7818797464579,936.9041229692788,2377279
2021-06-15,934.0145263671875,942.8277661362323,931.5583795066023,939.1194717378025,1289684
2021-06-16,921.5410766601562,935.4111722990041,918.6996265159929,933.340269959437,1684500
2021-06-17,915.9545288085938,924.4306722114662,908.7786811477139,919.8554748236002,2429291
2021-06-18,925.5383911132812,932.0399875138269,910.5605923741336,915.9545446613376,4978288
2021-06-21,924.8159790039062,927.2721258530839,915.5210807599063,922.7450766627987,1625660
2021-06-22,920.6742553710938,925.538460071807,914.2208654942908,921.0114104829936,2344400
2021-06-23,922.5042724609375,930.4506679167482,919.0849261741216,920.8186734248563,1807471
2021-06-24,915.9064331054688,923.419377489003,909.2603330032852,922.55247441862,1769651
2021-06-25,921.8782348632812,925.6347364978765,914.0281940675463,916.0027413209995,2134441
2021-06-28,927.6092529296875,935.6037969030543,921.8782042320645,926.597905227526,1759671
2021-06-29,943.5501708984375,952.6042693706563,924.7196331454282,928.524282783936,4300755
2021-06-30,936.1336059570312,960.309889591619,933.4848073648778,955.6865438067575,7195632
2021-07-01,942.1053466796875,943.9354491272802,931.6065080801582,941.2385024590079,2291137
2021-07-02,943.1649169921875,949.5220098721508,939.2157639578826,945.7173602715387,1421148
2021-07-05,938.83056640625,947.6438065765911,937.2894119295502,943.2612606000686,1286458
2021-07-06,933.4365844726562,939.1194848710779,929.2466902865359,939.1194848710779,1157576
2021-07-07,929.6801147460938,933.2921126596931,925.6346653250567,932.3770614304423,1740439
2021-07-08,915.6655883789062,932.3770754617042,910.0308362754773,929.9690768164002,1662518
2021-07-09,924.4788208007812,930.0653658556862,914.9913297292892,916.9658768449415,1301555
2021-07-12,924.527099609375,932.3290515336412,920.6743012632794,924.6716030629685,1122802
2021-07-13,930.1136474609375,934.1590384461455,920.8668967213804,926.7905973324879,1317621
2021-07-14,941.1903686523438,942.3943679681304,925.7309704064199,925.7309704064199,1729994
2021-07-15,937.77099609375,944.8986958060647,936.2780486481929,942.9722968339829,979315
2021-07-16,941.1903686523438,953.4711616733674,937.7709635642864,937.7709635642864,2087320
2021-07-19,938.1563110351562,947.4030027001775,935.5075124157038,936.3262084733764,854347
2021-07-20,920.0000610351562,938.2526452251982,917.5920621933002,936.2299497136527,1520300
2021-07-22,914.9432373046875,923.660181105141,911.8128388997875,922.8414262489014,1783069
2021-07-23,913.1131591796875,922.4562064269911,912.1018114257447,916.9659573196861,1056183
2021-07-26,915.5692138671875,924.6714603124437,912.1498676207127,913.1130670585383,1306026
2021-07-27,879.4974975585938,923.2267812393259,875.548402865464,917.447583860676,3366104
2021-07-28,857.1512451171875,887.6846217569032,854.0208467913025,887.6846217569032,5094903
2021-07-29,850.6014404296875,866.8313870013491,839.9099496776147,861.437434619909,4929314
2021-07-30,886.1917114257812,895.6792620226711,845.4483832665554,852.5278762613484,6280365
2021-08-02,887.1549072265625,899.2430494595857,879.7864661629427,894.1381037551296,2981630
2021-08-03,893.99365234375,895.342096389793,884.6987535189826,890.9595503593456,2014511
2021-08-04,905.0704345703125,907.8155296323679,892.8859373678567,893.9936403095462,2517694
2021-08-05,910.6087646484375,917.9290568009135,897.701868770673,909.4529135746183,4022548
2021-08-06,877.7637329101562,904.4443720434735,875.548385716206,904.4443720434735,9727673
2021-08-09,889.724853515625,891.0323229528723,869.1439438822026,883.3810434908653,3310964
2021-08-10,883.8653564453125,894.7127189769668,876.5046778238525,891.0323796662368,2552532
2021-08-11,881.201904296875,885.2212586021772,862.9938639732455,884.155917494283,2174054
2021-08-12,876.7952270507812,887.3520474526971,875.245629153881,883.2842790816208,2127392
2021-08-13,866.2384643554688,882.2673503343963,864.2529644669909,877.4731968731767,2919925
2021-08-16,860.281982421875,872.7273553136769,858.1512412309747,867.7879608781312,1954152
2021-08-17,876.1657104492188,877.7637221632305,861.8801371552851,862.9454782979595,3767678
2021-08-18,880.2333984375,882.0251837331637,871.6620783127715,871.8557928195147,2323095
2021-08-20,862.8002319335938,880.4271895401116,859.0714785862069,880.2819479824445,2354874
2021-08-23,870.0640258789062,879.410204227776,860.6694927940406,869.7250698199811,2081206
2021-08-24,888.75634765625,890.5964876534081,869.3860796017433,874.5676026609772,2588128
2021-08-25,883.8653564453125,894.5190044630609,877.4247774298775,888.12683929776,1697757
2021-08-26,882.6062622070312,887.8846721351167,877.7636951378461,883.8653178223459,1522032
2021-08-27,894.8095092773438,896.3106931497999,878.9258666641828,885.0274889571953,1878603
2021-08-30,905.2694702148438,907.0127824802265,891.468154517734,894.9063652020601,2016968
2021-08-31,917.95703125,919.7972304406507,901.0080459643154,905.5600709780018,2463088
2021-09-01,893.7926025390625,924.8335055150916,891.0323628863383,919.1192525860164,4434153
2021-09-02,925.1724243164062,929.7728629612667,894.3252962062151,897.8119207969731,3688123
2021-09-03,911.4679565429688,932.6784241008907,901.3470385877084,925.9956578529515,3110583
2021-09-06,920.281494140625,927.8358872454189,912.9692293988909,916.0684251553613,1699875
2021-09-07,920.5719604492188,927.1578395587443,914.325037374681,920.2814182601771,1113880
2021-09-08,921.8310546875,923.1385832630943,910.4026082365656,918.1507155407065,1600457
2021-09-09,919.4097290039062,922.1215546133564,896.8433793378409,921.2015142038636,3769007
2021-09-13,920.5236206054688,923.8650038314787,912.8723407032068,916.2137239292166,865538
2021-09-14,923.1386108398438,928.1748334472875,919.7003408302264,924.7366225510394,1373821
2021-09-15,922.9448852539062,926.479923806583,918.4412741575328,924.9303259634053,2509424
2021-09-16,923.9618530273438,934.4217867106395,920.281513653473,924.4461097637312,3574908
2021-09-17,924.0101928710938,932.1941428832354,918.1991124998735,929.772859395227,2006356
2021-09-20,908.5623779296875,922.9932509338099,900.5237287001563,922.9932509338099,2308294
2021-09-21,925.9956665039062,928.8043790954233,903.6230299228675,905.5600567822949,2438464
2021-09-22,933.1626586914062,943.5741777167644,921.6857985739161,922.2668829671942,2267730
2021-09-23,937.6177978515625,939.457996954862,929.2886062661753,935.0512728124377,1297533
2021-09-24,937.1820068359375,952.4360927505262,930.2086985951665,939.0705606584794,1803409
2021-09-27,932.3878784179688,939.5064283879487,922.315315235288,934.6154474545132,1217035
2021-09-28,940.426513671875,946.2375940859133,920.8625311219391,930.2571229473078,1542732
2021-09-29,956.5037841796875,973.3559405266897,934.7607062317485,939.9422291354749,4052980
2021-09-30,952.5814208984375,968.2713510883347,945.6081120236641,956.8913177047008,2312926
2021-10-01,955.1478881835938,960.6684261624796,942.4603276898927,949.1430935243384,1948517
2021-10-04,927.3516235351562,965.5594907609235,924.8335122236462,954.9542567160983,4097873
2021-10-05,905.1241455078125,931.6130212764983,899.2162376784205,931.5161344728285,4986700
2021-10-06,884.6886596679688,908.9983246327429,882.4610904626239,906.0927841614134,2615582
2021-10-07,887.2067260742188,893.2115212329122,869.7250702815453,891.0323659900018,7008049
2021-10-08,888.2236938476562,900.1848708608093,882.9453426427297,893.9379470570752,2075219
2021-10-11,884.9790649414062,894.0831139880639,881.3471399142869,893.7440988508482,1449593
2021-10-12,887.10986328125,895.5843555573159,879.2648692491003,884.7369936212782,1164581
2021-10-13,884.7369995117188,895.3422331676197,883.332643245376,892.6304074438972,1821818
2021-10-14,882.6546020507812,891.5165226897287,881.2503050091518,888.562568847867,913675
2021-10-18,875.2939453125,887.0614062309265,871.1777635503113,882.6546231713038,1913667
2021-10-19,877.6668090820312,888.417283615431,874.8096828785209,877.4730945894712,1360282
2021-10-20,877.3763427734375,883.9622222964653,871.6620898722607,876.5046570382177,1941581
2021-10-21,882.848388671875,888.9984843046044,873.211668402138,885.657101211341,2723509
2021-10-22,868.1270141601562,886.1898137915284,861.3474199562867,882.8484305398043,1360319
2021-10-25,873.4537963867188,884.2527445686933,861.9769361074885,867.6911888798402,1901039
2021-10-26,878.9259033203125,885.3665410230475,871.6620528796487,880.2818457145829,1405411
2021-10-27,893.45361328125,897.7150958950926,874.0349313952089,888.0783757232069,5111161
2021-10-28,863.6718139648438,899.3130948294778,858.3934041762514,893.3567729598088,2224983
2021-10-29,876.5530395507812,888.1267864863354,857.3764860818194,864.882464920717,2783659
2021-11-01,880.6207885742188,889.6279511631379,873.7927810848784,888.1267672505456,986133
2021-11-02,874.9550170898438,884.107421302417,872.1463046233893,881.3471817959847,1038025
2021-11-03,883.9137573242188,885.8991979247547,875.2455507758284,880.9113303869567,1275433
2021-11-04,882.0252075195312,885.4634184318128,880.2334221755469,883.9138205628145,96347
2021-11-08,884.9307250976562,889.0469071392658,870.4030237743283,889.0469071392658,860650
2021-11-09,885.3665161132812,895.8748624764429,881.008205971504,884.2527020983702,843911
2021-11-10,883.7200317382812,895.3906059641404,881.347162171301,881.347162171301,1597922
2021-11-11,876.4078369140625,883.7201015751756,867.7880436388202,883.7201015751756,1180372
2021-11-12,887.10986328125,888.1267905317045,876.5046296959571,882.1219956105616,936613
2021-11-15,908.6109008789062,910.2573264244284,881.4440517906295,886.1897912580145,2615304
2021-11-16,892.727294921875,914.1798920226285,890.0638828675922,913.453506916915,1925000
2021-11-17,876.8435668945312,892.7272100073254,872.6305573274751,892.7272100073254,1996857
2021-11-18,864.2045288085938,878.4416881682838,862.9454731620076,876.7952035011932,1009418
2021-11-22,867.2069091796875,880.3786675795355,855.1973195519581,864.8824534087187,1443344
2021-11-23,881.92822265625,889.627915522298,861.9768715225343,863.6233560211489,1820473
2021-11-24,865.3182983398438,886.5771790293275,863.284384757004,882.3156964767389,1392190
2021-11-25,871.6136474609375,874.0349309645718,856.1658468850775,865.8509808996146,1325422
2021-11-26,936.261962890625,945.31753999265,862.60652692317,863.9139964338599,14458893
2021-11-29,934.615478515625,966.5764223405116,925.8988574724741,943.3320995587759,8303735
2021-11-30,940.717041015625,953.0171728537891,928.4169091774609,934.615418499905,4771579
2021-12-01,898.9257202148438,955.632166975529,892.8240386103142,949.8695005231209,3879683
2021-12-02,892.2429809570312,908.4171667628607,888.6110556614125,908.4171667628607,2749084
2021-12-03,883.3325805664062,900.7174068547155,879.7006555387662,900.7174068547155,2388529
2021-12-06,866.7710571289062,886.9645373604639,864.3981875365251,886.286566175017,1573419
2021-12-07,861.2505493164062,870.0155838488787,856.1658539170123,870.0155838488787,2471419
2021-12-08,869.6766357421875,873.599103263435,862.2674844472114,866.8195093356701,1663728
2021-12-09,866.335205078125,873.5990553163429,862.0253087807761,871.6620285861515,1645541
2021-12-10,865.7542114257812,872.6306333931873,862.9454987273361,866.8195525936766,947538
2021-12-13,863.2359619140625,874.5675802583554,858.6355233689604,867.0131877332819,1785608
2021-12-14,867.4005737304688,879.2648628303501,862.9454357546354,865.3667192444071,2651452
2021-12-15,867.4974975585938,873.4538197295988,863.6234438096335,867.9817542772138,1192775
2021-12-16,853.2603149414062,875.0518666850858,850.5969030616232,875.0518666850858,2280037
2021-12-17,833.1152954101562,856.6501608150754,823.2364462326898,854.2288771496852,2824703
2021-12-20,865.6572875976562,870.1608986700616,833.9868867717997,836.7955993501511,8501360
2021-12-21,858.8292846679688,869.143976350208,854.2772597210329,865.6572925316883,2301316
2021-12-22,861.6863403320312,865.7056352712444,853.2118485095552,861.0083691635604,1271710
2021-12-23,881.1050415039062,883.7684532809172,863.1875440949233,863.9139291250171,1970110
2021-12-24,879.70068359375,884.1558805710891,873.4053466784062,881.5408826451195,1114033
2021-12-27,900.9595947265625,903.7683072455529,881.4924989373445,884.1559108002824,4596248
2021-12-28,903.9135131835938,906.8190532832604,893.9862511763997,902.6544576297446,1907169
2021-12-29,906.0927124023438,917.7632872152444,903.8651433734138,908.4655820886817,2687014
2021-12-30,922.751220703125,924.9303760393433,906.6254475697605,907.4971333495965,1729705
2021-12-31,914.37353515625,927.1095108175298,912.3396805328942,924.9303555296327,2039044
2022-01-03,901.2017211914062,918.0538780433413,896.6496963761487,917.2306061830454,2013140
2022-01-04,895.1484985351562,907.9328870748044,891.2744449845578,907.9328870748044,1238138
2022-01-05,899.3131103515625,902.4607789176778,890.063819156882,897.3276696940709,1407995
2022-01-06,892.9693603515625,906.4801341882319,890.3543623326318,899.3131113383281,1384402
2022-01-07,885.9475708007812,897.4729031015287,884.5916284900948,897.230774768432,1546099
2022-01-10,887.3519897460938,888.9500013895926,880.0397253918168,885.9476334920855,1637506
2022-01-11,887.10986328125,892.7272291958545,884.2527369197887,888.611047233194,1578147
2022-01-12,877.6668090820312,889.4826837678293,872.8242423348487,889.4826837678293,2090537
2022-01-13,894.9547729492188,899.8942266330668,880.0881162782956,883.2841985952766,2739659
2022-01-14,892.4851684570312,903.6230734350626,887.4488865573342,896.891892951752,2321761
2022-01-17,881.5408935546875,891.2260273904601,880.3786656717217,886.7708303579852,1058857
2022-01-18,873.7444458007812,885.8023911452731,870.1609341588141,881.5409673687309,1830577
2022-01-19,867.4490966796875,873.2117044267344,857.23123247333,871.7105203992401,1413292
2022-01-20,854.5678100585938,871.5652682196967,852.3402409694763,866.8195287187937,1614683
2022-01-21,840.136962890625,852.2917942703297,832.9215262187312,852.2917942703297,1669132
2022-01-24,864.0108032226562,866.8195158018867,840.1369827526698,844.059450303178,4992078
2022-01-25,877.1342163085938,880.3787126714413,853.3571641817227,863.3328998558236,2322693
2022-01-27,898.39306640625,902.1702925647518,859.0714433762049,872.6306318849612,7859401
2022-01-28,902.8966064453125,912.3396119833568,888.5626201179288,897.3760683080903,2428175
2022-01-31,915.2451171875,920.0876839451058,901.3469742385169,909.434037078373,2008278
2022-02-01,916.6010131835938,928.8042571504451,909.2402766161578,918.1506108223377,2033319
2022-02-02,921.8310546875,928.3201063773915,915.0030469483993,915.7294320081625,1735750
2022-02-03,922.751220703125,926.8674030048708,914.8093983217882,922.9933490738159,1116446
2022-02-04,916.310546875,927.5937521571326,910.4026385045206,921.2984147632183,1428601
2022-02-07,903.9135131835938,917.1821581280774,897.8603046426218,916.4073592575058,949273
2022-02-08,918.1990966796875,921.0562229689835,901.7827830911634,903.9135243465723,1812035
2022-02-09,937.7630615234375,941.8792433065252,920.3298210303603,924.7365449989932,2513281
2022-02-10,944.3489990234375,946.5765680683563,932.6784241267678,938.4895046509222,2044733
2022-02-11,928.3201293945312,945.3175283917574,922.9933054908589,926.3831025204686,1292417
2022-02-14,924.8334350585938,932.5815419716799,909.2887482735231,917.1821558365754,2346622
2022-02-15,892.8240356445312,909.2403492570437,883.5747446888582,887.6909265535672,8304774
2022-02-16,903.7198486328125,910.6447432317432,891.1291741717514,908.4655880365596,2480569
2022-02-17,898.97412109375,925.4145242496381,896.5528376708048,905.3662856849793,2843010
2022-02-18,880.4755249023438,900.5721783314106,874.6160305444943,898.2961954438272,3643338
2022-02-21,878.6837768554688,884.9307000705011,867.7880011711216,874.6644226243408,1860041
2022-02-22,884.64013671875,889.0952745800141,862.7032852202043,865.0761548018327,1884736
2022-02-23,886.0929565429688,892.291406997502,881.5893454695157,886.4319125965111,1399309
2022-02-24,867.59423828125,880.1364978588298,860.1851466971412,871.4682916418391,2003438
2022-02-25,894.5673828125,897.5213367186855,862.8969843230531,874.5675584127544,2825642
2022-02-28,895.92333984375,900.6690793132859,882.3157379256386,891.0807726762108,1534018
2022-03-02,894.0347290039062,901.9765510006932,882.4125677734968,882.4125677734968,3276260
2022-03-03,905.4631958007812,915.2451574359673,890.5964797331402,895.8748895537245,2622469
2022-03-04,901.879638671875,911.3710576300466,891.2744057216263,899.7488974902373,2453781
2022-03-07,911.5164184570312,916.2136848449805,888.1752098338693,892.8725353351857,2604231
2022-03-08,939.0221557617188,946.2375924191131,905.9474585980984,908.4655697943992,5826939
2022-03-09,950.6443481445312,956.4554287413457,929.8213093392794,939.0221869509023,3501351
2022-03-10,955.9711303710938,961.6369691741354,944.3005558370121,951.1285634180833,4146797
2022-03-11,1011.0795288085938,1020.571007533526,950.4506128842148,953.2593254233669,11106725
2022-03-14,1015.6315307617188,1024.687106784078,1004.1061984483864,1012.096433449302,5590771
2022-03-15,1034.4207763671875,1048.900004297405,1012.0964953746892,1012.0964953746892,7945333
2022-03-16,1022.5564575195312,1044.0574069205238,1016.1158200003251,1043.0888935560336,3379138
2022-03-17,1015.4862670898438,1032.8226800350544,1012.7743823667709,1022.7501173551502,3712730
2022-03-21,1017.2296752929688,1037.2778554607605,1016.0673882723785,1034.178659859321,2039889
2022-03-22,1000.0868530273438,1016.2126238125305,991.757661933792,1012.0964421101686,2269544
2022-03-23,982.5084228515625,1011.9996674760788,979.4091681728663,1011.9996674760788,2781735
2022-03-24,996.600341796875,1007.3508174653709,970.2083502381142,982.0726400214104,3344649
2022-03-25,981.5883178710938,1000.7649302272504,974.324467467509,1000.7649302272504,1680031
2022-03-28,985.074951171875,1011.3701135118314,977.133188617419,989.8206904563962,3847112
2022-03-29,1006.14013671875,1008.2224642046734,988.0773970115379,988.0773970115379,3194089
2022-03-30,996.5518798828125,1021.5880474681757,992.9199543986776,1010.1595413207345,3083750
2022-03-31,985.9950561523438,1002.411370123415,981.6851596948402,997.568803117988,1976418
2022-04-01,982.8958129882812,993.597933486643,974.3244929333695,990.789220945166,1285646
2022-04-04,995.4381103515625,997.22983647919,971.8547738176426,985.9466318310617,1665075
2022-04-05,989.2880249023438,1003.3798830589246,984.9781284468401,1002.4113696582887,1596381
2022-04-06,996.600341796875,1001.2976083922606,982.0726400214104,982.0726400214104,1487844
2022-04-07,1004.0578002929688,1029.1907941042828,999.796435889724,1003.3798881997437,3496357
2022-04-08,979.7481079101562,1005.7526684208651,973.3559432713324,1005.7526684208651,3001682
2022-04-11,993.2105102539062,995.9223951152596,979.7481500970728,980.1355791096569,2094493
2022-04-12,994.9053955078125,999.2152328703287,981.1040794834889,989.3364434278224,2746930
2022-04-13,984.5906982421875,1001.2491996488802,980.3292747525986,998.5373148397085,1890795
2022-04-18,995.4865112304688,1002.4114059410127,978.2953977469393,984.5907350789361,2092141
2022-04-19,968.803955078125,1006.1886082831952,949.4821006685567,1002.120781013071,1813890
2022-04-20,980.1839599609375,983.0410862708017,958.876665480191,970.353584566249,1796999
2022-04-21,967.1090698242188,987.883694637054,965.3173436312537,984.058054781227,1526774
2022-04-22,936.5524291992188,967.1090142133972,928.8043222358333,966.5763436823374,2455188
2022-04-25,923.1386108398438,932.6784445977021,916.5042582944658,926.9641916448502,1309361
2022-04-26,947.5936279296875,949.7243103297351,926.9158293264732,927.9812296398695,1806747
2022-04-27,946.9639892578125,949.3852727895379,933.6469298333227,934.8091577512243,1033333
2022-04-28,950.3053588867188,959.4093493689659,947.157690340084,956.8912381770047,1840948
2022-04-29,950.3053588867188,963.5740042752069,945.753334088912,950.4021865812686,1972427
2022-05-02,945.8501586914062,958.5861334915022,941.201306214247,948.174614486669,1767117
2022-05-04,927.4000244140625,952.0487030658574,917.2306333843661,946.7218791931592,2086372
2022-05-05,918.5381469726562,936.746187362713,914.2766642987979,929.724465099825,2161283
2022-05-06,905.3179321289062,916.5526643142036,896.2623551693805,908.2718862789451,1828238
2022-05-09,908.756103515625,912.3396148872183,892.969347055218,905.3178927981182,2047297
2022-05-10,896.98876953125,910.0152283488139,889.6280317269615,900.7175227272998,1662201
2022-05-11,908.078125,912.9206919189705,875.7782272958132,883.2842060202174,5296875
2022-05-12,891.7587280273438,907.4970710416737,886.6740325919449,905.5600442091409,2242769
2022-05-13,905.172607421875,910.4994311655832,893.1630766313532,895.003216638432,1734146
2022-05-16,904.010498046875,915.245230672212,896.8918885625129,896.8918885625129,1456551
2022-05-17,908.465576171875,911.4195302418713,887.3519957125155,905.5600359495769,2301253
2022-05-18,926.9641723632812,930.9351128606986,911.7100859698679,916.0199825195695,2580102
2022-05-19,908.465576171875,923.9133768431,904.9789515504641,910.4026029867404,1198917
2022-05-20,947.5936279296875,951.661337321322,909.4341725500755,920.0878210038037,2594816
2022-05-23,939.5064086914062,956.6006937893311,936.0197841084649,947.9809009129394,1220231
2022-05-24,939.8453979492188,946.9155337279661,931.4677336528748,946.2375625462528,1622192
2022-05-25,941.249755859375,954.8574168785685,938.9253590890762,941.7824855380182,1950710
2022-05-26,934.1795654296875,946.5765248255415,930.0149697336366,941.4918295991924,1630614
2022-05-27,935.9229736328125,947.0124647526719,929.7729367072329,939.5548991668251,1249374
2022-05-30,955.72900390625,960.7652853699756,937.5209639497342,937.9083929520847,2171285
2022-05-31,961.6854248046875,973.2591721479162,947.8841083889629,957.7629572249974,4874664
2022-06-01,952.5814208984375,967.2060099062793,949.482165941497,963.1866553211792,1285579
2022-06-02,956.0195922851562,975.1477327112807,946.7218869132485,946.7218869132485,2639988
2022-06-03,930.6929931640625,967.3027890261847,927.0126539496404,958.8767103554229,1057504
2022-06-06,945.3175048828125,948.8526024854107,930.257133134183,930.692975992682,1412548
2022-06-07,942.1213989257812,948.804164953639,931.7098799965064,940.9591710365843,1759986
2022-06-08,932.6300659179688,945.3175688406127,926.7705711958831,941.3951010754724,1874689
2022-06-09,941.3466796875,943.62266269834,924.9303645361476,932.581644600172,1405851
2022-06-10,936.3587646484375,941.0076172517686,929.7728852009378,929.7728852009378,776457
2022-06-13,924.6881713867188,953.7435734727115,917.9569914141238,924.9302997374355,3016612
2022-06-14,934.3248901367188,940.2327982398075,920.8625302121503,924.9302983206317,1570434
2022-06-15,938.2958374023438,944.203805034149,933.6469845715496,934.6154980410222,1112618
2022-06-16,911.32275390625,946.9640374857498,898.5867782353967,945.2691389272226,1898194
2022-06-17,885.9475708007812,914.8092562832339,882.1219313151811,902.8481402736026,2715476
2022-06-20,896.6981201171875,898.9257482586174,873.5990988538167,885.9476448742005,942685
2022-06-21,908.6593017578125,914.7125106280903,897.9087673361785,897.9087673361785,521963
2022-06-22,888.030029296875,915.2452343120215,884.0590885794561,901.6860456555471,1698830
2022-06-23,903.9619750976562,907.7876149216528,885.6086931161803,888.1268043577801,615616
2022-06-24,904.3009033203125,913.7923220820643,900.7173921953575,903.6229321701812,722838
2022-06-27,902.9934692382812,916.6011301665744,901.2501568938604,906.5285668891257,846797
2022-06-28,915.342041015625,917.957039162058,892.8241032277003,905.5600787832078,931109
2022-06-29,917.811767578125,931.6130838352263,893.8410603947384,907.5454898416639,2455089
2022-06-30,888.3204345703125,914.2765798885437,882.7030691012968,914.2765798885437,2433648
2022-07-01,919.4097290039062,925.94719424206,882.5093933050063,882.5093933050063,1793834
2022-07-04,901.3471069335938,920.0878193991646,899.2647792759203,914.857822885652,1004832
2022-07-05,907.8844604492188,919.7487492809314,900.9595661796485,905.560004706231,1532205
2022-07-06,915.8262329101562,920.0877154481043,903.7682885615553,910.4025816012821,1390651
2022-07-07,905.8021850585938,920.4267142006131,903.9135720481476,920.4267142006131,1390277
2022-07-08,905.9959106445312,912.5817902238443,898.6351730213479,912.5817902238443,1072803
2022-07-11,917.7149047851562,920.0877745527292,897.8603791237553,908.4656131899579,1037956
2022-07-12,906.286376953125,917.5211082879089,904.5914785725021,912.2427577646602,672406
2022-07-13,923.332275390625,928.7075723374279,902.7998375084435,910.8384873336413,1511059
2022-07-14,921.2015380859375,938.1505224761077,915.3904577235934,923.3806932218165,1713101
2022-07-15,935.6323852539062,937.5209982610935,921.5405266998248,932.678431121315,1046876
2022-07-18,936.8914184570312,944.6879986561077,929.8212824248978,941.0560733882274,846036
2022-07-19,930.4024658203125,943.3320966828873,925.3177702273092,928.0295960542371,1162631
2022-07-20,950.595947265625,952.0003035850234,928.6590940679936,935.2934466412313,1627220
2022-07-21,938.0051879882812,958.3439685228749,935.9228606215366,953.9856584083191,1681422
2022-07-22,941.4918823242188,945.7533650645832,937.0367441884121,942.8478247725262,977238
2022-07-25,929.5791625976562,948.9494308706367,924.9787238828234,945.2690917214438,1024751
2022-07-26,925.6083374023438,931.7099604558357,914.7609746887076,929.7245196600749,988405
2022-07-27,943.3804931640625,945.5112345293375,921.8310693809354,926.7705233340778,904733
2022-07-28,936.9883422851562,948.1262468800383,933.8406735952983,946.2376338434497,1043837
2022-07-29,946.625,952.9687508079008,922.9932499140425,943.0414886760867,2941566
2022-08-01,972.920166015625,998.5373583706994,957.1818225883468,958.8283072618743,4647912
2022-08-02,972.5812377929688,974.421377916804,960.765361643629,972.0485672074736,1184696
2022-08-03,979.9902954101562,996.3581961045111,972.8717453093379,978.1985692010267,4052763
2022-08-04,1011.6123046875,1013.9367606270079,983.0411577384514,985.7529835922973,2865077
2022-08-05,1001.6365356445312,1013.0165683746501,999.5058534027779,1007.2539607934972,1561405
2022-08-08,1001.9771728515625,1011.6606495864277,996.6730606471517,1008.448980956194,767289
2022-08-10,1010.54150390625,1018.2786630136998,1001.4906422574552,1007.816563122127,1293683
2022-08-11,1010.5902099609375,1020.9063032786528,1007.2812429870407,1012.6339452444597,838963
2022-08-12,999.6414794921875,1015.6508774731766,994.9699828284758,1015.6508774731766,1140717
2022-08-16,1006.8433227539062,1008.2544421650698,997.792342499747,999.641481549651,776409
2022-08-17,998.2789306640625,1015.0182422539561,996.7703943865897,1011.9039904050295,1102323
2022-08-18,1004.55615234375,1006.356701724626,980.3716948342294,1000.9552911841862,1201720
2022-08-19,1002.512451171875,1008.8383720407796,992.7802652197141,1001.490642927557,654004
2022-08-22,995.1646728515625,1002.2691567893013,988.30349356512,988.7901028677123,993053
2022-08-23,1012.780029296875,1018.7653478575099,983.1455090147165,983.1455090147165,1868332
2022-08-24,1009.5682373046875,1025.6263433514132,998.5709389897065,1013.1205087661514,1562062
2022-08-25,998.2789306640625,1015.9914608068824,993.2181823087369,1015.9914608068824,1112617
2022-08-26,993.4614868164062,1007.9624076127733,991.2230960250795,1003.2910298399971,1264070
2022-08-29,990.0552978515625,996.5758745357641,964.7516135371778,973.2186274763321,1305557
2022-08-30,1010.6387939453125,1014.2883636458243,988.887382290481,991.223130659028,1571042
2022-09-01,995.6026000976562,1016.2834947722165,992.0990369953615,998.5222558164177,1528731
2022-09-02,988.4007568359375,1003.5829427816067,984.9458427893866,996.5758165916347,1655229
2022-09-05,998.1817016601562,1002.8530797568852,984.8972437329843,985.383853043129,1275368
2022-09-06,1012.9744873046875,1014.0937123789514,997.4516992085745,997.5489973017517,1369910
2022-09-07,1023.33935546875,1033.4121441945993,1005.3348114115253,1006.1620234593402,2471263
2022-09-08,1027.767578125,1031.3684395229218,1016.040246154216,1030.1519162396912,1755391
2022-09-09,1029.9571533203125,1037.4021795677097,1026.7454848520013,1031.6115771972713,1092235
2022-09-12,1036.234375,1039.8839442944352,1028.789229879135,1029.9571633340047,936787
2022-09-13,1030.541259765625,1034.5314324995225,1024.458643158737,1028.7408290102073,1144685
2022-09-14,1031.5631103515625,1039.3975683827568,1012.1474448671041,1012.1474448671041,998799
2022-09-15,1005.6267700195312,1034.48260483649,1000.9552734833239,1031.6116576493177,927244
2022-09-16,1015.5535278320312,1031.6116334470082,1006.3079518718929,1010.6874352214321,2850439
2022-09-19,1008.5464477539062,1015.9914747450542,987.8168447717558,1015.9914747450542,2073673
2022-09-20,1063.0467529296875,1068.1561507172903,1011.6607619453557,1013.6071991977758,2491392
2022-09-21,1041.733154296875,1072.3408300157673,1035.7478364850867,1070.54039946779,2283817
2022-09-22,1033.4608154296875,1043.0957029600615,1022.8527093366716,1032.730901507706,1634304
2022-09-23,1039.494873046875,1063.728042514893,1034.7747860969441,1038.6676609094416,3268298
2022-09-26,1037.1103515625,1052.243828442429,1022.7066697799011,1037.1589412084072,1219450
2022-09-27,1069.275146484375,1075.3091726233429,1040.3706037964346,1042.2683324007912,2343041
2022-09-28,1067.766845703125,1087.7664173071435,1058.5212687004748,1071.5137136755575,3450534
2022-09-29,1085.9659423828125,1091.610657738202,1058.9591264483506,1071.0757692023085,2093772
2022-09-30,1085.090087890625,1097.790638812219,1075.455318282359,1089.7615849379274,1834565
2022-10-03,1100.467041015625,1114.2381093306744,1085.1388465464709,1086.8906877205325,2601710
2022-10-04,1113.9947509765625,1116.7684003675813,1102.6567299489932,1108.3500352886854,1911413
2022-10-06,1104.0677490234375,1119.5906563522888,1093.8976625812645,1119.5906563522888,1561938
2022-10-07,1100.2235107421875,1116.4762121199349,1098.8123914421212,1104.6029939782245,1182984
2022-10-10,1088.8856201171875,1101.1968593174122,1080.2726591624635,1080.2726591624635,1583891
2022-10-11,1080.3699951171875,1096.9634205512043,1074.238788928318,1091.7567245555526,1538943
2022-10-12,1078.7640380859375,1088.107031067016,1069.761766633135,1081.8297002327856,1231143
2022-10-13,1074.0927734375,1097.6446169533385,1071.6110183905087,1078.7155619673483,1438932
2022-10-14,1079.2021484375,1090.0048513288425,1075.7958832770973,1085.2360563440586,1131139
2022-10-17,1078.47216796875,1083.240962659458,1069.372598218749,1078.326161424945,1076392
2022-10-18,1095.6982421875,1099.9317197435037,1080.5647627860262,1083.8736113026478,960283
2022-10-19,1091.951171875,1114.3351976799242,1089.1288144263356,1101.196747750947,1300144
2022-10-20,1106.35498046875,1111.4156697985304,1087.085204172468,1091.9512972976804,1633570
2022-10-21,1104.3597412109375,1117.254886900336,1102.1699994900962,1106.3548867436962,1349759
2022-10-24,1116.1844482421875,1119.2014021747864,1110.9777524357683,1114.9192165279846,129688
2022-10-25,1124.943359375,1133.6536179829059,1116.1843923185652,1116.2816904145288,2210622
2022-10-27,1134.675537109375,1148.4951930708469,1125.3326627409788,1138.6170009767284,2359658
2022-10-28,1124.2620849609375,1140.4176088446068,1120.1746143404305,1137.6925492302025,1087865
2022-10-31,1136.1353759765625,1146.3054624553201,1128.00902472307,1129.906753403439,1554670
2022-11-01,1141.9747314453125,1153.5073481197853,1132.437141624452,1136.2327179327986,1491658
2022-11-02,1128.20361328125,1146.840772425843,1125.2352491591237,1142.1206861800974,1479828
2022-11-03,1131.9505615234375,1144.5051055743975,1120.2719379971682,1121.3424547268557,1992697
2022-11-04,1115.40576171875,1143.7751063468788,1110.4423708502777,1136.573265282285,1712836
2022-11-07,1100.6129150390625,1121.147803301112,1086.5985437375793,1115.4057899232914,2006468
2022-11-09,1099.1531982421875,1124.0188641742145,1094.871012300524,1110.5398092496698,2068940
2022-11-10,1092.2432861328125,1121.147831133791,1089.0316172211042,1099.7370218586664,2028565
2022-11-11,1091.367431640625,1113.2161430883607,1086.7446429947968,1099.7370883760088,1513809
2022-11-14,1099.2503662109375,1103.2405385564866,1088.2529489355786,1094.3842733990255,1501491
2022-11-15,1088.7882080078125,1104.5543003485857,1081.0997580189812,1104.5543003485857,1262746
2022-11-16,1091.172607421875,1106.0141905362793,1087.3284416110407,1090.9293027806552,1649021
2022-11-17,1089.5181884765625,1102.1213214302393,1086.549824319364,1094.870890608426,1270387
2022-11-18,1072.876220703125,1096.8660832284418,1070.0051545195427,1093.8977189439634,1486381
2022-11-21,1074.8712158203125,1078.5207855043434,1064.4578245089833,1075.3578251115166,1488424
2022-11-22,1074.5306396484375,1079.9806400844757,1067.8154075035425,1077.7908982199076,1302811
2022-11-23,1078.326171875,1094.4329866738956,1069.2266020368152,1079.2020923452258,2192276
2022-11-24,1066.0150146484375,1087.7178378629612,1063.1440671779578,1083.727665195122,2933085
2022-11-25,1075.7471923828125,1077.3530268877166,1049.616295843182,1063.7766744758328,1454838
2022-11-28,1072.2435302734375,1080.2725832571052,1064.7983846556365,1070.5403978223565,673339
2022-11-29,1091.1240234375,1095.6981031957341,1075.4065197729078,1076.379738342838,1899345
2022-11-30,1109.1285400390625,1118.2281096866511,1090.0047718442552,1091.1239969327066,2680903
2022-12-01,1094.7735595703125,1114.529824654619,1087.085109342942,1114.3352284670264,1360439
2022-12-02,1084.5059814453125,1094.7734838541724,1069.5671016474864,1094.7734838541724,2586376
2022-12-05,1085.4793701171875,1092.4866155009706,1078.4722435345059,1084.5061514917538,1236554
2022-12-06,1079.88330078125,1087.8637643305083,1073.8493931717699,1085.1387048159138,1180968
2022-12-07,1075.6986083984375,1092.5839280121725,1073.849469225507,1081.2459071161256,1031921
2022-12-08,1077.839599609375,1083.1923019099181,1073.6061224591651,1079.4940237091034,808315
2022-12-09,1078.2288818359375,1085.9659219783769,1071.6109480126606,1085.138709950741,994866
2022-12-12,1067.42626953125,1080.2727082713318,1063.8252892230157,1075.4066149908303,1544297
2022-12-13,1080.17529296875,1082.7056374398517,1059.0563791420766,1067.5720414590194,1282727
2022-12-14,1082.9002685546875,1089.0315931410678,1076.5257581239298,1084.1655002315902,1013627
2022-12-15,1072.2923583984375,1088.1557511469189,1069.9079014201425,1081.440518687244,710477
2022-12-16,1060.224365234375,1078.3262074108354,1057.012696338073,1066.9395973259436,1309491
2022-12-19,1067.2802734375,1071.0271415400039,1055.4069344359928,1061.148948323507,779326
2022-12-20,1061.927490234375,1068.010106433306,1059.2997287557782,1066.647576644526,795748
2022-12-21,1097.79052734375,1099.7369644489695,1056.5747454009474,1066.744831755282,3224730
2022-12-22,1092.3892822265625,1116.6224516152763,1087.1339962877782,1104.6032244312466,2070809
2022-12-23,1089.1776123046875,1116.2330179141115,1083.3868903946766,1090.9780429418295,2773210
2022-12-26,1067.1341552734375,1104.6030699820808,1064.7011088637853,1096.817321471194,1279529
2022-12-27,1066.5015869140625,1075.309262829449,1060.905579922798,1064.7498647018047,1209316
2022-12-28,1056.720703125,1073.6060204724813,1055.0661603813455,1064.7010473672815,872940
2022-12-29,1058.4239501953125,1068.5940371817478,1041.3439160150003,1056.9154138245704,1625961
2022-12-30,1047.1343994140625,1065.67425939242,1044.750061605263,1065.625550946899,1185711
2023-01-02,1042.2684326171875,1053.0225458788116,1035.3586041817148,1051.3194132953663,895053
2023-01-03,1047.0859375,1052.0006202526006,1037.840360605746,1041.3926323306007,952230
2023-01-04,1038.3270263671875,1052.9738961205794,1035.4559600001132,1050.0542401005018,1369415
2023-01-05,1059.202392578125,1063.922478818587,1038.8135113327348,1046.2099486045108,1605744
2023-01-06,1047.5238037109375,1063.8252150642536,1044.7501544946224,1059.2024267700297,824772
2023-01-09,1058.3265380859375,1067.5721149522399,1048.0591529519147,1052.7792394865965,893437
2023-01-10,1049.810791015625,1061.0515126670448,1046.0639233988488,1057.4019431439983,594426
2023-01-11,1019.5437622070312,1054.9202338839154,1015.0669804924039,1049.8108363311012,2168577
2023-01-12,1032.7310791015625,1035.602026834622,1015.2131419615314,1024.604726466271,1188988
2023-01-13,1039.1541748046875,1041.9278240935832,1025.0425049056773,1035.5046050032192,1089004
2023-01-16,1031.222412109375,1045.9179893133216,1022.8527558502682,1041.8305186847879,825308
2023-01-17,1040.468017578125,1042.414454845618,1025.1398240966182,1034.336811466184,762941
2023-01-18,1034.9205322265625,1043.2901872069995,1030.9789499503572,1040.2732337467476,1299797
2023-01-19,1036.331787109375,1040.9545753909458,1030.200581300792,1035.0179657790427,376954
2023-01-20,1025.237060546875,1038.4242197615674,1022.31740482121,1038.4242197615674,954230
2023-01-23,1034.0933837890625,1035.7478077491753,1022.5606493102515,1025.1884105894226,750581
2023-01-24,1033.7042236328125,1046.1127615496562,1026.794394906007,1036.4778730540033,712627
2023-01-25,1007.5245971679688,1039.6408122914104,992.6830129063783,1036.3805536072819,2226483
2023-01-27,1019.203125,1044.2147941780593,995.8458798340894,995.8458798340894,2947920
2023-01-30,1006.6973876953125,1028.6921052584996,1000.9553739435826,1028.6921052584996,2118395
2023-01-31,990.6878662109375,1015.0669797800025,980.5177201614118,1015.0669797800025,2705095
2023-02-01,1004.4102783203125,1008.1571460756008,987.9141521856675,991.709728390167,1598213
2023-02-02,997.841064453125,1005.1402038532958,990.055256359061,998.6195680418183,1291262
2023-02-03,994.92138671875,1000.2741485474469,983.4374188439286,994.6294330118704,1617105
2023-02-06,1002.2205200195312,1005.9186792647021,983.0967515665498,992.6829306166981,979035
2023-02-07,1003.680419921875,1007.1352747752437,993.9481742282818,1002.2205919779187,965322
2023-02-08,1011.2714233398438,1013.3151586393009,991.8557597933539,1007.2812508406946,746863
2023-02-09,994.142822265625,1016.6241486711766,992.6829943327826,997.8411005492661,1331902
2023-02-10,1005.5294189453125,1009.0816906271352,987.8655368384943,993.6561994401211,1106858
2023-02-13,994.5807495117188,1012.7312405672451,991.7097427923183,1008.2544588153501,1042379
2023-02-14,1000.809326171875,1004.7994986821094,990.3472261944646,999.2034917174481,759416
2023-02-15,1003.1937866210938,1005.7727208862065,988.8874018317229,999.3495018465968,662924
2023-02-16,1007.767822265625,1010.2008686737989,1000.8092857780289,1004.1182526533642,667265
2023-02-17,998.2789306640625,1008.0111161933246,993.8021490808205,1007.7678115550931,1509783
2023-02-20,938.1827392578125,971.2721719702249,929.6670764274122,971.2721719702249,5829572
2023-02-21,940.0805053710938,952.8782941413515,937.6961079544108,943.8273731683465,2042234
2023-02-22,936.7715454101562,946.7470359947755,933.3652803324813,940.7130688342131,1602953
2023-02-23,934.581787109375,941.5403236913945,930.3969591106397,939.1559262989198,1216409
2023-02-24,936.0416259765625,940.1291559259154,929.4237514588501,935.3603610849123,1585383
2023-02-27,924.7523193359375,942.6595058143066,923.2438423962657,939.739850034084,1377270
2023-02-28,882.1253662109375,920.5675010595731,878.9136972980801,920.5675010595731,5380673
2023-03-01,875.5074462890625,885.8722483463312,872.0038830192944,883.4878508485903,3496231
2023-03-02,862.7095947265625,878.8163498339977,860.8118066757154,877.7944822375558,1887367
2023-03-03,855.1185302734375,868.1109745743933,853.5126958539719,867.1377559930319,1892639
2023-03-06,857.3082885742188,861.8337194242797,845.7756125228937,861.2984610743434,4090356
2023-03-08,853.7559814453125,860.1305511308535,847.7706635432999,860.0332530351081,2933956
2023-03-09,858.135498046875,872.8310751037893,853.5127097103594,853.7560143596497,6176157
2023-03-10,857.6002197265625,860.9091272395225,847.9653320788265,855.6051335289538,1718841
2023-03-13,851.37158203125,865.2885955202906,848.7925884947775,858.9626748979498,1697362
2023-03-14,848.6952514648438,860.0332716908262,830.9826614150442,849.619820996668,2444217
2023-03-15,854.4373168945312,859.7413703628056,849.2305615300392,851.5663100263321,1286900
2023-03-16,859.7899780273438,866.1645479325805,853.26940157291,857.4055805939364,2023997
2023-03-17,850.6417236328125,864.6074464816669,846.7002000986702,863.5855194093832,2205087
2023-03-20,843.4885864257812,853.4154281897795,838.7197914468305,850.641719493657,997827
2023-03-21,839.2550048828125,849.0358989711895,837.5518723958579,843.5858393726065,888443
2023-03-22,840.2769775390625,842.8073221826239,829.1822615468772,840.8608849489458,1622488
2023-03-23,845.82421875,847.5760596618976,838.1844768863488,844.753702104326,1865868
2023-03-24,853.7559814453125,855.4591139246847,842.953279193513,845.8242264240173,3166046
2023-03-27,865.4832763671875,867.4783625877266,852.5881301068965,857.4542230353082,3986238
2023-03-28,865.677978515625,870.3007670462031,862.6610244979947,867.9163695029525,3623017
2023-03-29,863.9261474609375,872.5877572038116,861.63904815201,870.0087636008274,3049688
2023-03-31,876.3833618164062,878.5244546470949,862.9529568247045,864.9966921536733,2320879
2023-04-03,867.57568359375,885.6288757186753,863.2934982366501,885.6288757186753,2623264
2023-04-05,871.7605590820312,873.317685078475,862.5636314516281,865.1913335461076,1612376
2023-04-06,869.4248046875,875.6534274313938,865.1913275760033,874.9235134879945,1512783
2023-04-10,877.6971435546875,880.2761965252902,870.2520571348518,872.9284082022311,919722
2023-04-11,882.8552856445312,883.8285042543359,877.8431860438172,880.7628418732313,1778775
2023-04-12,893.3660888671875,896.2370958201365,883.8772068467898,884.6557699016862,3449942
2023-04-13,891.224853515625,898.3293367822965,887.8672377647777,897.2101711323768,1068355
2023-04-17,882.1739501953125,892.879354047116,876.967195408881,890.4949567636507,2604979
2023-04-18,899.4972534179688,900.7137766170734,872.9770476774877,880.7627961517574,1949777
2023-04-19,887.4780883789062,901.1517981874599,884.6557306046557,901.1517981874599,1538261
2023-04-20,879.7896118164062,889.2298440887938,874.8748697809488,887.5753605935425,4446158
2023-04-21,890.543701171875,893.9499663985642,878.8164284858125,878.8164284858125,3481218
2023-04-24,878.81640625,892.63612241444,877.0159755788108,891.468248200443,1784945
2023-04-25,885.288330078125,887.5753700455443,872.295826027589,880.3735285897794,2440358
2023-04-26,886.6994018554688,889.7164150168247,875.9453487009459,887.4293157718465,1400796
2023-04-27,889.47314453125,892.7334030560365,878.8163890628367,886.7967934017673,2457652
2023-04-28,883.7310791015625,894.3878339432367,880.9087809895117,894.2418274027232,2695819
2023-05-02,893.1226196289062,896.3342287639127,881.8332495112068,886.0181365361846,1857324
2023-05-03,895.9937744140625,899.7406424585636,892.441502579235,896.2857281291252,2566561
2023-05-04,908.49951171875,910.3486507143896,895.9936771762518,895.9936771762518,3393228
2023-05-05,900.0325927734375,910.1540904614233,896.1883672380703,909.9594348519327,2262141
2023-05-08,908.3048706054688,909.862055942547,895.0204728953971,902.3682611468275,3877794
2023-05-09,914.0469360351562,917.7451548958779,904.2173923731417,909.9594059678111,2657968
2023-05-10,919.107666015625,921.3460569067852,908.2076058580262,918.2317455188214,1618668
2023-05-11,918.3290405273438,921.638007503521,909.9593843883761,921.10274915752,1537103
2023-05-12,912.34375,927.4772867120975,888.548544352723,923.4384059320936,3850078
2023-05-15,898.0860595703125,914.8254303894629,872.8310265001963,914.8254303894629,5487301
2023-05-16,897.4048461914062,917.4045359171444,893.8039848962931,902.562952285475,2964696
2023-05-17,899.205322265625,907.0397199840903,892.4414412289816,900.1785408492989,1866976
2023-05-18,890.0083618164062,904.7526465733645,887.1373552207602,904.1200307571803,1881606
2023-05-19,891.7115478515625,897.3075548367156,888.5485873816934,892.4414618061477,1168086
2023-05-22,900.1785278320312,906.1151373463749,890.9329514208272,891.711514396398,1402783
2023-05-23,905.4825439453125,907.3316235117263,894.8744382095813,901.5896698258581,1577827
2023-05-24,912.8790283203125,914.7281673830995,898.7673589059792,898.7673589059792,1034319
2023-05-25,920.1295776367188,921.6380546528194,909.9594309402177,916.2367030658515,2178211
2023-05-26,925.8714599609375,927.2339897149648,915.3120622691413,920.5674662911925,1130476
2023-05-29,930.6402587890625,933.511265454456,919.7888479590416,926.5040798611111,1744868
2023-05-30,934.1438598632812,935.7496943314022,925.5308989174869,931.9541179888708,1337311
2023-05-31,927.5259399414062,939.155913653809,917.0638403851592,934.4844764297336,3561991
2023-06-01,938.91259765625,940.6157301215503,921.3946637274472,924.5576240201477,1132919
2023-06-02,939.983154296875,943.6814324707458,929.0831535756208,940.0318627469645,1098485
2023-06-05,948.6934814453125,950.7372761500486,933.4626459628038,944.0220440353506,1469770
2023-06-06,946.01708984375,948.8394474293884,938.2313413598337,946.8443612604942,2079735
2023-06-07,934.7278442382812,951.7105211968965,932.8300560313467,946.8930771025398,1614117
2023-06-08,939.5452270507812,943.8760021475415,937.2094787329725,939.0586177679501,1481632
2023-06-09,943.2921142578125,944.9952467829105,933.4626303017525,940.1291538540593,717024
2023-06-12,934.2411499023438,947.1849446118442,929.5697127877065,947.1849446118442,1239721
2023-06-13,955.2140502929688,957.5010902293243,931.3701947329304,937.209506298654,2158120
2023-06-14,952.489013671875,955.603324934567,946.5523448334988,955.2140137515255,1831109
2023-06-15,971.466796875,973.2185784360753,954.3381142541962,955.6519949754137,1804458
2023-06-16,979.1065673828125,980.177143490504,967.1359904006055,973.2186066924332,1572197
2023-06-19,984.1673583984375,990.2986240045176,972.4400855628978,979.3012651554292,1015057
2023-06-20,984.0700073242188,991.515093944943,975.748940806131,986.6976500135631,1413571
2023-06-21,981.8801879882812,986.3083203714668,975.4082610740179,983.1453601833994,1140198
2023-06-22,971.5640869140625,980.031100356337,963.5836827569699,976.2355241716992,2852669
2023-06-23,962.9025268554688,973.1699714213408,959.2529570286978,973.1699714213408,1776614
2023-06-26,994.5321044921875,997.549058371922,962.8537917522302,962.8537917522302,2313439
2023-06-27,982.2208251953125,998.6195340628284,978.0846463426197,996.57579886054,1651238
2023-06-28,982.853515625,991.2231720608753,977.1601510140694,980.0311578451659,1653212
2023-06-30,987.7681884765625,994.0941091109553,978.0846519330365,982.8534466330283,1963457
2023-07-03,974.9703369140625,1002.3178139609748,972.2453368390674,993.1695357800482,1454455
2023-07-04,984.751220703125,988.7901016699692,969.8123388918547,980.9557037878319,1112255
2023-07-05,983.7293090820312,991.5150575661004,978.4739644956127,989.7632760372942,748219
2023-07-06,993.8994750976562,996.1378659521606,984.3132958422457,984.8972032301866,1236819
2023-07-07,993.3156127929688,1001.1986598906971,971.3208362403371,982.4155523191519,1914093
2023-07-10,989.4713745117188,998.5222957214819,985.8704537678958,996.5758584978532,1142988
2023-07-11,1000.2741088867188,1005.8214072991344,990.7365192361092,991.6610887716946,814514
2023-07-12,994.8240356445312,1005.2374862394513,992.6342938587065,997.5490357645591,1163653
2023-07-13,993.3641967773438,1008.2544288758056,990.785143831294,1000.3226738459557,1419223
2023-07-14,1003.2910766601562,1007.0866529534147,992.0503543303325,998.6682883186346,787233
2023-07-17,1004.9942016601562,1011.1741159521952,997.9383668760818,1008.4490563772171,1047614
2023-07-18,1003.1937866210938,1007.4758534467674,992.196368852461,1004.9942172820382,780402
2023-07-19,1008.059814453125,1014.0937218998467,995.3106158983177,1002.415099382766,1069988
2023-07-20,1028.254150390625,1029.5679717289572,999.4954934907776,1011.1254081389994,1280545
2023-07-21,1029.1370849609375,1041.9406407402864,1025.310845086294,1029.0881012339833,879139
2023-07-24,1029.1370849609375,1033.110635310284,1018.3939595936132,1029.1370849609375,936947
2023-07-25,1034.82763671875,1041.6954190909057,1029.5787127158121,1038.0162499629653,599999
2023-07-26,1048.31787109375,1061.6119827837044,1022.4656012672433,1039.9784214874824,1854416
2023-07-27,1149.3232421875,1196.3676196162658,1087.6114126529328,1093.9395351522292,14590950
2023-07-28,1155.5533447265625,1167.9153275149738,1133.87068153524,1149.3231899619054,4454009
2023-07-31,1152.8062744140625,1162.3721137123919,1143.3876258270918,1159.4778820356664,2221571
2023-08-01,1156.093017578125,1164.8740396823268,1146.0366220456488,1152.8063171375077,1362536
2023-08-02,1146.23291015625,1162.6174285429488,1131.761511784091,1162.6174285429488,1861901
2023-08-03,1143.8291015625,1156.6816414421899,1128.2785043897045,1144.0253957698599,2574025
2023-08-04,1186.89990234375,1215.3030387097385,1148.8818232234191,1148.8818232234191,8359856
2023-08-07,1200.537353515625,1205.2957212992117,1152.0213081784323,1172.4284794078615,2468250
2023-08-08,1242.52880859375,1245.0306912219062,1200.929770199124,1201.8617783663003,5064238
2023-08-09,1242.136474609375,1247.6306759947418,1228.5970856913218,1246.0118177903603,2105178
2023-08-10,1235.1705322265625,1253.7626708818739,1224.5254941877963,1242.0874176477444,2102129
2023-08-11,1226.585693359375,1235.0233490613784,1221.483960866416,1234.5327932538016,1286301
2023-08-14,1212.2615966796875,1228.3518525671961,1208.386253357385,1226.5858035953602,830936
2023-08-16,1220.0615234375,1222.4651992380213,1202.892068392022,1208.2881828348866,1665083
2023-08-17,1217.5595703125,1222.3179379115654,1202.891998898301,1211.6729003512792,1855386
2023-08-18,1213.0465087890625,1233.257385505523,1207.74848174805,1215.597375211888,1292509
2023-08-21,1210.49560546875,1221.778389479103,1207.0617146829904,1214.076567190786,1101408
2023-08-22,1197.9373779296875,1216.8237780321826,1195.0431463393054,1210.495655514074,1379445
2023-08-23,1207.4051513671875,1236.102668920405,1201.910949737272,1228.400965940242,2562635
2023-08-24,1197.44677734375,1216.235089527833,1194.012886544321,1211.8690707955093,848018
2023-08-25,1186.5565185546875,1196.8581914448137,1182.2396031049504,1194.9449517635944,887533
2023-08-28,1205.688232421875,1213.6352135048364,1188.1263084513798,1189.1074201842052,1666004
2023-08-29,1206.5220947265625,1222.1217944722491,1204.1184190039617,1208.7295960179915,1209087
2023-08-30,1212.80126953125,1233.061250383572,1207.895710959967,1211.3785856868099,1282450
2023-08-31,1233.8460693359375,1242.1855189168498,1200.0958023732048,1216.7257178080276,3103295
2023-09-01,1221.87646484375,1244.9325884674327,1216.2350728932745,1241.0081418931888,1167597
2023-09-04,1215.4501953125,1231.6876417160179,1209.269263513542,1226.683996041258,1126182
2023-09-05,1215.54833984375,1242.087460261503,1211.7710836055146,1231.2952311439071,2179947
2023-09-06,1233.0120849609375,1243.0684795269606,1219.129330948579,1222.6123252650937,2721714
2023-09-07,1225.702880859375,1237.1818397137615,1221.4840526912237,1235.2196163359442,849621
2023-09-08,1221.091552734375,1238.1629196363235,1215.5973513703682,1225.8990238396086,787710
2023-09-11,1223.7896728515625,1229.0877000615858,1213.1446347045705,1221.0916156372984,1162138
2023-09-12,1216.38232421875,1236.10264528429,1211.6238366986263,1224.3782887006168,1132283
2023-09-13,1205.295654296875,1226.389554636625,1200.1939216554285,1218.5406614869505,1627384
2023-09-14,1210.446533203125,1220.7482058261303,1201.8618060172873,1206.7673644091944,1713142
2023-09-15,1212.1634521484375,1218.491574429853,1205.0994961243175,1211.4767218944228,1938487
2023-09-18,1217.1181640625,1233.846046643676,1213.6842731217494,1217.5105129297538,1864030
2023-09-20,1216.2841796875,1228.9405451230032,1212.654114144855,1219.7671742804134,1701959
2023-09-21,1183.6131591796875,1216.8237657203215,1181.2584671858633,1208.7295943297206,1895731
2023-09-22,1163.5003662109375,1186.2621092996008,1146.4781025020188,1184.5942673480884,2796199
2023-09-25,1157.0740966796875,1174.5379334075633,1154.76850806341,1163.5985136475824,1267600
2023-09-26,1141.670654296875,1162.6173651506758,1139.561240187772,1158.6929183484795,1056359
2023-09-27,1158.2022705078125,1166.5417193001178,1147.9986856796008,1164.5794960548694,2165043
2023-09-28,1142.0631103515625,1162.617352345841,1137.0103611964623,1158.202349741996,1303811
2023-09-29,1163.74560546875,1176.549040619034,1142.9950701563382,1147.8025411854535,1878381
2023-10-03,1160.458984375,1163.3041125367286,1148.8327147408882,1161.6362705271213,1581125
2023-10-04,1145.0064697265625,1162.6173770254486,1139.365077390785,1155.8476822695932,999123
2023-10-05,1139.168701171875,1150.7948501521457,1133.429222031195,1147.9987059312612,1446743
2023-10-06,1141.032958984375,1159.3797007027824,1138.5310761297662,1142.9951824736002,928951
2023-10-09,1137.5989990234375,1144.8101459569511,1129.897296247309,1137.1084431808229,822110
2023-10-10,1133.233154296875,1141.621587749255,1128.7690480090719,1138.1876966862114,822199
2023-10-11,1149.8138427734375,1152.8062814524153,1124.8445971788888,1129.2595999589191,1465239
2023-10-12,1136.0291748046875,1163.9417526365894,1130.682044588432,1156.7797096311851,2533930
2023-10-13,1145.693115234375,1147.1156792035836,1128.278383660485,1134.1650534882788,940547
2023-10-16,1142.4063720703125,1147.9986602897468,1136.912171058051,1144.2705080649905,802207
2023-10-17,1151.3345947265625,1155.7987009247008,1138.7273331726797,1145.9384803073071,877856
2023-10-18,1187.7337646484375,1196.4165789815904,1153.9345154971877,1162.6173298303409,7367540
2023-10-19,1200.194091796875,1201.8619339217748,1167.1796563529565,1187.6358130712722,2157683
2023-10-20,1177.5302734375,1198.771366759765,1175.6171534324826,1198.771366759765,692067
2023-10-23,1161.4400634765625,1187.3413162128275,1156.191020137164,1177.3340249069624,957929
2023-10-25,1135.587646484375,1166.2964894434936,1132.2519626417113,1162.1267648755568,1433911
2023-10-26,1129.1124267578125,1133.1840644487986,1110.618494334234,1132.9878900058234,2016469
2023-10-27,1152.0704345703125,1175.2737506480705,1127.542641626512,1130.2406988503299,1775011
2023-10-30,1170.90771484375,1189.4998534871374,1155.2590310759965,1163.5984805572245,2853500
2023-10-31,1177.333984375,1183.3187415093182,1168.6020667046307,1177.2848808864753,1720955
2023-11-01,1178.5604248046875,1185.869659033948,1164.1381307795195,1177.3340351847035,1051902
2023-11-02,1185.6734619140625,1188.9601620798103,1172.0850891375596,1182.7301268824183,1556467
2023-11-03,1183.5640869140625,1196.7110077755256,1181.2584983494426,1192.050727154961,772013
2023-11-06,1181.3565673828125,1194.0129321946592,1174.6359762284762,1189.0582702316387,1262938
2023-11-07,1193.4732666015625,1194.503481781222,1178.0698609846427,1182.2395856643718,1210644
2023-11-08,1217.5595703125,1218.9331505897062,1196.9562254482273,1198.918448768634,1107006
2023-11-09,1214.7635498046875,1221.484141408913,1208.7296885267317,1218.5408061284097,751433
2023-11-10,1216.6766357421875,1218.5407719872007,1206.7674311950539,1214.46913434366,576673
2023-11-13,1217.1181640625,1219.5218398151808,1207.40513430574,1219.5218398151808,689808
2023-11-15,1218.29541015625,1236.2006980445944,1214.3218600066923,1236.2006980445944,1323010
2023-11-16,1211.476806640625,1222.7595914846888,1209.367392477725,1217.6087549254423,1251094
2023-11-17,1225.801025390625,1232.3744261078236,1212.16354832422,1212.6541041916114,992848
2023-11-20,1223.54443359375,1232.2763520797225,1217.5596759004263,1218.0502317730695,848916
2023-11-21,1229.5782470703125,1231.295192557943,1218.687931073121,1223.3971954089973,594738
2023-11-22,1247.4835205078125,1259.3059643413953,1230.3140658409727,1233.20829743611,1735497
2023-11-23,1148.5384521484375,1246.0118769985083,1142.5536946449106,1246.0118769985083,7643376
2023-11-24,1176.009521484375,1182.2395566056825,1155.7495416443935,1167.5719851162933,5331201
2023-11-28,1169.779541015625,1180.0321104904701,1165.560712752175,1177.3340532850252,1691543
2023-11-29,1178.8548583984375,1184.0056950303597,1169.2399154463362,1176.1076976222323,2173427
2023-11-30,1189.4017333984375,1194.6506569151068,1175.469875732533,1177.334011870917,3219799
2023-12-01,1182.9263916015625,1194.8469233425055,1180.7679936527888,1190.5300076803403,1078680
2023-12-04,1193.5223388671875,1196.073205239835,1183.4659443144635,1189.4017177855728,2097408
2023-12-05,1201.3221435546875,1205.7862495855222,1193.0317977998332,1199.507110907338,2132150
2023-12-06,1182.435791015625,1206.6202187433687,1178.3151697184583,1201.8618508785273,1416770
2023-12-07,1199.7034912109375,1201.8618891468236,1174.3907602520392,1183.22076596822,1269290
2023-12-08,1196.0732421875,1207.944669731829,1181.2584795612077,1201.8618251349496,1453955
2023-12-11,1179.5906982421875,1195.926112975366,1172.477638095021,1194.6016360733,1565455
2023-12-12,1176.009521484375,1191.3148395090873,1172.6246143805567,1187.7337579780656,899911
2023-12-13,1193.5223388671875,1194.944902873681,1172.6246125249522,1176.009519623414,1809563
2023-12-14,1181.896240234375,1199.4581637194754,1178.4132457732658,1196.0242727494963,1809248
2023-12-15,1184.2999267578125,1194.601599761261,1180.1302019707025,1192.050733256187,1976112
2023-12-18,1193.8167724609375,1195.9260668183742,1169.5832414498764,1182.8282494885793,1995091
2023-12-19,1213.7332763671875,1216.7257149980967,1189.3035707571871,1196.4166306774207,1738507
2023-12-20,1212.8502197265625,1224.4273855405627,1207.748486859321,1215.5973803563759,2484819
2023-12-21,1198.771240234375,1212.8501683959423,1183.0734539046318,1212.8501683959423,1580136
2023-12-22,1212.2615966796875,1219.031291385576,1198.5751363241006,1206.816498584982,1969524
2023-12-26,1221.4349365234375,1226.389598406845,1208.5823974850557,1216.57848161959,820163
2023-12-27,1216.333251953125,1226.7330122072626,1213.3408133084554,1223.4463119060672,2528609
2023-12-28,1236.9857177734375,1239.929052965064,1216.333267939678,1216.333267939678,2592699
2023-12-29,1222.759521484375,1243.6571281839208,1218.589796889407,1240.1251501269871,1794218
2024-01-01,1227.3707275390625,1233.0612232624342,1223.1518993547065,1228.7932915876,343584
2024-01-02,1257.34375,1260.7285374671214,1228.4499385082315,1231.3932736151585,2589484
2024-01-03,1275.5924072265625,1282.3129984529844,1249.985415678626,1266.6152111727642,2357093
2024-01-04,1272.1585693359375,1283.2941636995197,1262.347451876461,1279.369716715729,1248143
2024-01-05,1262.5926513671875,1276.9659615052203,1252.0457007535397,1275.445190487641,1013196
2024-01-08,1247.7288818359375,1272.5019537969026,1242.2836636574816,1272.1585886335358,740848
2024-01-09,1264.996337890625,1270.5396429110742,1249.3476542872559,1259.7474142840304,1133466
2024-01-10,1304.0936279296875,1306.3502327527922,1269.8529253012177,1271.5207672907388,3625567
2024-01-11,1300.61083984375,1314.6897697685715,1298.0599731986156,1314.5425790503748,1097204
2024-01-12,1283.2940673828125,1300.6107123520237,1275.8376426261705,1299.1880285684076,2051301
2024-01-15,1288.3468017578125,1302.6710080573005,1281.9204724716078,1291.142946039094,762036
2024-01-16,1277.750732421875,1289.5731757009398,1273.7281986129528,1288.3467861394022,1030845
2024-01-17,1269.5584716796875,1288.1015057676518,1257.8832191232204,1274.8073950401251,2073596
2024-01-18,1297.961669921875,1302.1313946286045,1243.9515429322983,1260.7776324664937,1723297
2024-01-19,1302.8673095703125,1305.8106448407884,1291.7317150832691,1305.8106448407884,1135846
2024-01-23,1382.3863525390625,1398.0841393670435,1342.8475040602423,1358.8396722970913,7556815
2024-01-24,1390.57861328125,1396.171021706308,1368.5036005195689,1382.3863547203923,1808713
2024-01-25,1343.7796630859375,1386.7522836624833,1327.934685187118,1386.6541964454618,1801468
2024-01-29,1311.59912109375,1339.2174387468353,1300.267353086196,1339.2174387468353,2480508
2024-01-30,1292.22216796875,1326.4629895058085,1289.3279364226394,1319.5952077554086,1908926
2024-01-31,1325.48193359375,1327.3460698144952,1287.2185765173945,1292.222222335995,1723379
2024-02-01,1361.4395751953125,1368.5035310144347,1326.512025174804,1334.017433320895,2784507
2024-02-02,1366.34521484375,1378.1675388132496,1358.8396864853312,1360.8019098593172,1161705
2024-02-05,1406.816162109375,1419.6687020799116,1367.9641607669535,1374.1941964257833,2369316
2024-02-06,1398.5255126953125,1418.5893172099325,1385.8692685920519,1417.5591021017126,979752
2024-02-07,1411.574462890625,1417.2158551836717,1394.012539451522,1408.8764057069939,890299
2024-02-08,1393.374755859375,1430.1664437492466,1390.8729929416293,1420.6497083875768,1447767
2024-02-09,1412.5555419921875,1420.2082610058897,1390.2843547508025,1401.125566961503,1215784
2024-02-12,1407.6500244140625,1425.310035175138,1398.0841852518133,1412.8008608860428,453460
2024-02-13,1430.215576171875,1435.906071919803,1402.9897265825973,1411.8197318547955,981536
2024-02-14,1398.427490234375,1427.321300678621,1383.8089024470332,1427.321300678621,1113254
2024-02-15,1395.4842529296875,1410.7895720494037,1385.3297704209558,1398.4275881359642,1402161
2024-02-16,1413.487548828125,1421.63082367427,1398.967167829486,1402.989701762737,857301
2024-02-19,1442.57763671875,1445.7662499041703,1411.770703835918,1417.657374332079,888909
2024-02-20,1424.2308349609375,1451.0642162235072,1408.8764127768468,1447.1397693912597,1550412
2024-02-21,1419.9630126953125,1434.8758626439553,1406.374519825422,1424.5741897839473,1074054
2024-02-22,1425.8497314453125,1428.498685222227,1393.718322145156,1428.0572328476135,1582836
2024-02-23,1438.7022705078125,1454.3509547572787,1422.3667361858638,1428.6458752355895,1308103
2024-02-26,1442.0870361328125,1453.2226301898725,1433.943880724369,1445.6681178598708,898290
2024-02-27,1459.3544921875,1462.8374864897469,1441.9397602054792,1445.618928934075,1231196
2024-02-28,1449.1019287109375,1465.7317235211747,1442.234147058279,1463.278944359511,1083605
2024-02-29,1452.388671875,1461.8564236725126,1423.985536247073,1448.071756469622,4923680
2024-03-01,1443.1171875,1465.7808432519782,1432.423046283727,1465.7808432519782,1982189
2024-03-04,1443.705810546875,1467.0563160069248,1441.9888651384774,1454.988594659202,1147249
2024-03-05,1445.618896484375,1451.7508442277249,1425.3590369520305,1437.475741739969,1306046
2024-03-06,1457.1961669921875,1461.7583603957169,1420.796946511237,1448.1208836764645,1158132
2024-03-07,1455.1358642578125,1462.2979079195418,1447.6303356840947,1457.1961749066768,1569074
2024-03-11,1475.690185546875,1490.3087748355792,1460.4339694209905,1464.7998688805264,2183994
2024-03-12,1438.064453125,1485.403091953778,1432.4230609329695,1483.440868582637,1855916
2024-03-13,1443.4605712890625,1451.0641868727432,1421.6308362262373,1442.2341816787914,1720173
2024-03-14,1468.380859375,1473.090123707076,1426.8797862873462,1439.3889605442744,1748907
2024-03-15,1459.9432373046875,1467.9392014329248,1438.3587810251443,1466.5657409359112,1537072
2024-03-18,1460.335693359375,1467.5959440484075,1443.215341732097,1460.8753527118236,996530
2024-03-19,1408.58203125,1458.7169353397871,1404.068941346186,1454.5472105808456,1647925
2024-03-20,1390.627685546875,1417.6082560942389,1388.8616366597503,1408.6801639751234,1728210
2024-03-21,1421.33642578125,1427.6155644105004,1393.3747432382238,1400.0463504876661,1699939
2024-03-22,1453.271728515625,1461.4639873867397,1423.6422026147723,1425.5553225540611,1746930
2024-03-26,1444.441650390625,1453.2716553853716,1432.423032481109,1445.1774841401873,1635695
2024-03-27,1435.7098388671875,1467.74316108852,1430.4609150180897,1455.9698202241736,1642266
2024-03-28,1468.6751708984375,1485.5993484089581,1433.5514424745036,1444.196480897763,2110407
2024-04-01,1470.343017578125,1481.4786109992708,1465.5846499659162,1481.4786109992708,563831
2024-04-02,1461.2677001953125,1474.512707331926,1455.2829431457635,1474.512707331926,614238
2024-04-03,1443.705810546875,1473.188263894059,1439.2908080681384,1465.1430764073746,1465540
2024-04-04,1431.981689453125,1453.2226628336473,1417.8045529371948,1451.0642649093381,1474799
2024-04-05,1422.0233154296875,1446.1586391863889,1410.3480623001587,1411.8197298434284,1211684
2024-04-08,1434.8267822265625,1445.0303680334816,1422.0233461819987,1429.6269619866596,1039235
2024-04-09,1422.9063720703125,1442.2342250029417,1419.766742714939,1440.0267236381412,1225255
2024-04-10,1396.0728759765625,1427.8119359736406,1379.4430802056756,1425.7025218198344,2493253
2024-04-12,1370.4168701171875,1397.9369814364188,1361.7830392535393,1396.121948744803,2190583
2024-04-15,1355.3077392578125,1372.575281389562,1349.5682597110003,1363.6961725140416,1125072
2024-04-16,1349.2247314453125,1365.6583520489569,1345.643769632922,1358.8396737938854,1433760
2024-04-18,1321.851806640625,1357.5151920471699,1317.0443354838137,1350.0096637861348,2974196
2024-04-19,1320.3310546875,1332.055291458242,1309.7841040370147,1321.5574442980217,1173025
2024-04-22,1329.2591552734375,1336.2250243511144,1322.5385641193734,1324.746065431887,974434
2024-04-23,1321.2630615234375,1343.8777338239834,1319.104663716989,1343.8777338239834,1031497
2024-04-24,1371.790283203125,1375.4204682253162,1326.6591465767392,1327.885536158978,4415480
2024-04-25,1379.63916015625,1383.8088846863764,1357.9566165525134,1380.4240973854103,2027213
2024-04-26,1382.5335693359375,1390.431446624056,1374.78276299042,1386.4089126263907,695034
2024-04-29,1381.4052734375,1393.2767010531811,1366.0999548722227,1392.1975021362305,1082487
2024-04-30,1373.556396484375,1392.1484155166575,1368.6999414169363,1388.3221756524274,1327606
2024-05-02,1393.2276611328125,1399.06522760583,1371.7412918190441,1373.5563244377013,1540210
2024-05-03,1397.8388671875,1406.9141502346904,1388.4692027302326,1401.0274801500263,804513
2024-05-06,1396.514404296875,1404.8047501762678,1378.5110287280102,1403.9708291922134,929301
2024-05-07,1360.998046875,1401.8613714677874,1351.7265895936464,1396.5143608265168,1085239
2024-05-08,1358.5943603515625,1371.7412804436503,1349.077625231292,1349.077625231292,1497782
2024-05-09,1333.1346435546875,1365.9036789577976,1327.4441477133378,1361.635866959092,1152636
2024-05-10,1314.2481689453125,1370.514898560092,1292.369331073302,1345.4474478006355,5080539
2024-05-13,1387.9296875,1399.0161778284044,1343.6815738740347,1345.1041379302608,7910590
2024-05-14,1331.7119140625,1383.3674679351273,1324.598854386947,1383.3674679351273,3721994
2024-05-15,1380.1297607421875,1401.4689399119427,1360.5075270228724,1368.6508019222322,7893092
2024-05-16,1394.2578125,1398.9671965644359,1361.096308908687,1382.3863848864735,3226214
2024-05-17,1372.6243896484375,1393.0805449066459,1370.02441965669,1390.333384205061,3443452
2024-05-21,1415.0574951171875,1418.6384571175463,1370.0244427880593,1383.367538354012,2939271
2024-05-22,1454.3018798828125,1466.5657757876306,1410.1027511360041,1423.5439331418415,4216347
2024-05-23,1461.0224609375,1476.1316045422784,1435.0719855208386,1454.0074885747879,4389470
2024-05-24,1458.3734130859375,1465.6827669820332,1451.1132824444387,1461.0224864884335,758326
2024-05-27,1450.7208251953125,1464.3583016469795,1447.3359180041239,1462.8375306207718,1393334
2024-05-28,1451.505615234375,1466.5166717218165,1447.3358906283756,1454.9395060863746,784496
2024-05-29,1465.3394775390625,1469.3129082011421,1444.7851148625662,1447.3850849093783,1607691
2024-05-30,1438.8983154296875,1468.2826810730608,1426.5363326485156,1466.8110136047162,1732140
2024-05-31,1419.86474609375,1444.8830934175405,1412.800790049346,1439.2417013739407,3270743
2024-06-03,1424.91748046875,1454.9885764845515,1418.7365489344907,1454.0074648348652,1335614
2024-06-04,1434.9249267578125,1449.0528390521515,1391.7560131005107,1432.4230440831936,2049577
2024-06-05,1468.6751708984375,1485.4031739668567,1439.1437314851769,1461.8564922130888,1834280
2024-06-06,1449.1019287109375,1472.6486086629093,1436.347477070286,1471.667496998244,1605122
2024-06-07,1468.969482421875,1475.0033432870662,1451.3585754374387,1455.9697524889382,1591055
2024-06-10,1505.2706298828125,1511.745943167776,1473.629777470415,1478.4372487666164,2751606
2024-06-11,1501.34619140625,1517.2401531725377,1498.1575783547419,1515.817589101556,1699446
2024-06-12,1511.843994140625,1519.741991063941,1503.063092517726,1513.3156616594085,1578793
2024-06-13,1515.3760986328125,1521.7042210854477,1491.6822275237244,1520.7231094019626,1525789
2024-06-14,1535.1944580078125,1537.40195922559,1506.7913235782491,1515.8175028739863,1845043
2024-06-18,1545.0548095703125,1547.1641039907624,1534.0662862696822,1540.34542533224,2068897
2024-06-19,1530.338134765625,1552.1187674138796,1524.058995698006,1547.6056773781154,1881544
2024-06-20,1515.67041015625,1529.700355597624,1510.9120422876822,1528.5720531715642,1705002
2024-06-21,1512.4327392578125,1533.379449410411,1504.534742426937,1520.6249977302348,2613883
2024-06-24,1475.9844970703125,1499.1387097336954,1466.8111264316058,1499.1387097336954,1283529
2024-06-25,1471.3731689453125,1489.1313865313607,1467.2525477101458,1483.0484221311006,1199626
2024-06-26,1451.1622314453125,1478.7314451211455,1447.1396975947503,1475.2975543132934,1930909
2024-06-27,1452.9283447265625,1458.1281648929828,1437.6230261147819,1453.0264319439266,2792582
2024-06-28,1452.8302001953125,1464.0147773550607,1448.1699197905482,1458.2263143481973,2087765
2024-07-01,1451.1622314453125,1465.4864377194308,1444.392537042626,1456.9017106998008,1313651
2024-07-02,1460.5318603515625,1464.5543941047745,1451.309387023606,1452.0452207503374,1191962
2024-07-03,1455.7244873046875,1471.6675524562975,1446.7472912817816,1465.7808822464722,1061247
2024-07-04,1452.7811279296875,1460.82619584287,1439.2908422575395,1449.8377928739462,1498413
2024-07-05,1481.3804931640625,1487.3652502312011,1457.9319009522196,1458.9130125948523,2188675
2024-07-08,1458.9622802734375,1495.852058235057,1455.1849042125143,1487.3654176182822,1524489
2024-07-09,1483.489990234375,1486.3842218363966,1459.2074757192258,1468.6261240630888,1791406
2024-07-10,1484.6181640625,1488.5917143199645,1464.0639220260123,1483.5389651544883,671042
2024-07-11,1477.55419921875,1490.3086511376368,1466.7619706719995,1488.3464277655005,1314312
2024-07-12,1483.489990234375,1486.3842218363966,1474.0222383997884,1477.6033200488844,1192685
2024-07-15,1488.5426025390625,1503.0139999118956,1484.6672592840462,1487.9539594802081,1825510
2024-07-16,1481.87109375,1495.655640886633,1474.7089306365833,1488.5425812626731,963199
2024-07-18,1478.1920166015625,1484.422052153713,1457.5395667143312,1468.724264424394,2169744
2024-07-19,1457.44140625,1477.5541957674184,1452.2414664201406,1473.2372804058798,868261
2024-07-22,1461.8563232421875,1478.5843243770753,1442.8718372254864,1447.18875233429,1328847
2024-07-23,1469.607177734375,1475.5919349003982,1447.286887495689,1461.8563716765912,1241630
2024-07-24,1475.1014404296875,1482.7541595928328,1456.9508739860898,1467.1053561245856,2266300
2024-07-25,1471.7166748046875,1480.2031953209023,1461.6602797340477,1469.7053478847142,2200932
2024-07-26,1545.2509765625,1569.7787698412699,1472.6487084573412,1476.3278774491566,4687416
2024-07-29,1524.598388671875,1558.9863996409101,1499.9235266792991,1558.0052879985935,3983153
2024-07-30,1500.021728515625,1534.5078293312458,1497.1764805825649,1524.6476086666487,2988651
2024-07-31,1515.130859375,1519.3005841362149,1494.7727914231868,1501.1990012552326,1645138
2024-08-01,1516.994873046875,1523.1759247051468,1506.546129181844,1516.7495951201915,1529481
2024-08-02,1512.6414794921875,1525.1082803184222,1507.5952870419596,1512.8393172909782,1353707
2024-08-05,1499.0367431640625,1511.8003001247496,1456.4417113773025,1456.4417113773025,1719770
2024-08-06,1515.7086181640625,1526.0481186524596,1489.7854664068827,1497.0083574216144,1775016
2024-08-07,1537.1298828125,1540.4444510066314,1515.906524997955,1515.906524997955,1359682
2024-08-08,1553.3564453125,1572.848299636288,1528.670201375784,1528.670201375784,3541556
2024-08-09,1558.105712890625,1564.487491438816,1544.9957584878305,1558.1552327287104,956684
2024-08-12,1569.4842529296875,1576.162909325133,1554.444956469761,1558.0562814521074,1731555
2024-08-13,1566.7137451171875,1589.7180052436388,1563.300258055623,1583.0888689170868,2281463
2024-08-14,1547.271484375,1580.1205290910298,1538.5644475494998,1580.1205290910298,896638
2024-08-16,1559.44140625,1563.7454048224038,1543.5115991582948,1550.4376127442615,909870
2024-08-19,1558.8477783203125,1568.1978483866487,1553.1090330141417,1561.766550031154,742635
2024-08-20,1546.33154296875,1562.3108708385396,1541.7306666598492,1559.8372944122593,1413845
2024-08-21,1577.7459716796875,1579.2796373838917,1544.5011284958857,1549.1020048283988,1074905
2024-08-22,1569.0390625,1582.099497847489,1559.3921143423934,1582.099497847489,906819
2024-08-23,1557.907958984375,1569.0390529445945,1551.8723358574207,1563.3498271427045,770573
2024-08-26,1577.102783203125,1579.1311641508212,1549.992482648172,1553.4059697473615,658120
2024-08-27,1581.1595458984375,1602.6796604583726,1569.7315746821573,1569.7315746821573,1570234
2024-08-28,1601.096435546875,1612.771764114465,1578.3395333538488,1587.0465703310442,1433847
2024-08-29,1601.44287109375,1624.941846745454,1591.9937609933418,1604.8563581921692,2749546
2024-08-30,1637.40869140625,1646.1156080443607,1597.9303870983874,1597.9303870983874,3296701
2024-09-02,1629.245849609375,1663.8263992383647,1624.644973366781,1651.3595983856012,1306971
2024-09-03,1635.7265625,1642.3062999163028,1625.9312965260633,1625.9312965260633,1264708
2024-09-04,1634.4403076171875,1640.4758096607652,1613.5633477057502,1617.7684274349772,1019049
2024-09-05,1610.5455322265625,1642.4051467237375,1606.2415336117713,1633.648710759833,1081756
2024-09-06,1594.0220947265625,1614.7010960634846,1591.0538031532137,1610.5455361728334,913336
2024-09-09,1603.02587890625,1619.499921197374,1592.9831349861881,1594.0220853427813,1003511
2024-09-10,1614.7506103515625,1626.970053130496,1607.1320436515243,1615.7400408726112,1248269
2024-09-11,1611.13916015625,1634.8360935352146,1607.0825191876452,1609.902372008499,1243738
2024-09-12,1639.7337646484375,1642.4546986371436,1613.3160175064927,1617.7189351034517,1728200
2024-09-13,1642.1578369140625,1651.557427147025,1626.1291103025228,1641.36636494145,747149
2024-09-16,1641.861083984375,1654.179446058538,1636.666573580555,1643.6419865119124,683436
2024-09-17,1654.1300048828125,1665.2115784834396,1639.1895072871987,1642.4546763413605,958137
2024-09-18,1634.1434326171875,1655.3172700300158,1620.7367214576843,1655.3172700300158,1084127
2024-09-19,1620.390380859375,1650.370175159015,1615.492747896212,1642.4547306738398,2048750
2024-09-20,1621.3304443359375,1635.1329526171357,1592.7853962543286,1628.5038160421007,2504382
2024-09-23,1640.624267578125,1647.253403857908,1620.6872181198382,1629.4436542082396,1129445
2024-09-24,1620.2420654296875,1642.0589368579642,1607.7751437219888,1607.8246635621376,1476260
2024-09-25,1625.832275390625,1631.5710210477691,1601.1460308129488,1620.6872847036059,759761
2024-09-26,1604.6585693359375,1634.9845201094292,1585.3646729492277,1625.8322872080412,2613098
2024-09-27,1654.8226318359375,1661.303450395227,1612.7718325217209,1612.9202712635556,3866952
2024-09-30,1636.6170654296875,1661.1549916340703,1628.89957952838,1657.2961882933675,1313437
2024-10-01,1647.25341796875,1649.430237634858,1634.0940641940472,1642.454703983612,945740
2024-10-03,1639.041259765625,1660.2644971894097,1623.0124120565238,1643.6915351346286,1533472
2024-10-04,1606.1427001953125,1638.8928280613072,1560.6288937598842,1627.7122142553471,2371220
2024-10-07,1607.4783935546875,1627.4648426801596,1595.0115925764178,1605.8458089644155,1553239
2024-10-08,1623.358642578125,1635.7265243579307,1606.686762094966,1607.4783548409118,1239808
2024-10-09,1662.738037109375,1684.0603137461426,1613.266509673809,1613.266509673809,1671718
2024-10-10,1601.7891845703125,1676.0953967149371,1597.0398694907215,1676.0458768740684,2288313
2024-10-11,1578.8837890625,1596.7430586764829,1557.1163171155315,1585.1666488548105,1894245
2024-10-14,1581.55517578125,1588.975904725352,1554.444875996206,1583.0888414084018,2301224
2024-10-15,1555.137451171875,1587.9864967862923,1551.4270866470495,1584.9688061074912,2206500
2024-10-16,1545.6883544921875,1556.3742527275942,1534.0131464884173,1544.8968825214772,2519123
2024-10-17,1542.225341796875,1562.013952691966,1535.7446441967902,1545.6883487035159,1498368
2024-10-18,1535.29931640625,1545.5400190913135,1520.1115818148141,1532.6774221064982,1879293
2024-10-21,1507.644775390625,1544.7484203961367,1501.114558025674,1535.5961879614438,1297970
2024-10-22,1494.3863525390625,1510.5635172855928,1485.6299166469123,1506.9026726961354,1757792
2024-10-23,1469.89794921875,1498.0967189018281,1466.6329009866595,1488.8455677407665,1925211
2024-10-24,1476.5272216796875,1492.0612326197254,1466.385558792186,1480.1880663124066,1178365
2024-10-25,1473.1632080078125,1490.8245196243458,1463.1699833513512,1476.5272961205092,1175088
2024-10-28,1487.2625732421875,1497.2062779209978,1456.1449096030813,1480.979713330285,928896
2024-10-29,1461.93310546875,1501.114529699186,1434.6742464737126,1494.04007736228,3475282
2024-10-30,1403.2598876953125,1424.7800023135906,1388.1710716985888,1424.7800023135906,5064434
2024-10-31,1535.348876953125,1549.3987426431702,1502.0051152743022,1543.561198942439,17447689
2024-11-01,1543.06640625,1556.8193937690046,1535.3487999296171,1548.557673134037,538362
2024-11-04,1567.8515625,1586.007588208388,1546.4798876330663,1567.2579283498253,4190449
2024-11-05,1584.276123046875,1592.9336402211134,1560.975106434553,1566.8621698009974,2238168
2024-11-06,1577.2017822265625,1595.3082884295868,1564.289665517935,1593.180988637348,2074821
2024-11-07,1559.490966796875,1585.0677220509795,1542.0770134821717,1583.088860974761,1512145
2024-11-08,1575.76708984375,1580.8626813971694,1552.1196752415453,1558.452054998217,1718495
2024-11-11,1536.3878173828125,1582.8415337267968,1528.1754954468122,1573.2935046947257,1725382
2024-11-12,1509.030029296875,1540.493848356522,1505.8637790650228,1534.6563047286036,2782808
2024-11-13,1489.6866455078125,1509.7721344376628,1485.3331268336465,1500.471462901967,1552443
2024-11-14,1483.8984375,1500.966114144024,1474.4988474641607,1481.177503542257,1469143
2024-11-18,1449.7630615234375,1489.2413632121536,1445.4095431031617,1481.6721956194149,1760344
2024-11-19,1455.99658203125,1470.1453665046376,1441.4518803996075,1449.5157635816959,1116002
2024-11-21,1450.010498046875,1462.4772990531826,1438.4836077685447,1454.462935604849,1363706
2024-11-22,1470.7884521484375,1480.336480719681,1444.6180634881725,1450.5051267067672,704859
2024-11-25,1487.4110107421875,1491.5665707865687,1471.7779595655197,1480.0892004343798,2453548
2024-11-26,1476.9229736328125,1498.9873238068274,1474.3010792284513,1498.9873238068274,873585
2024-11-27,1475.389404296875,1486.1247017211983,1452.9787779477895,1471.382162215215,1676606
2024-11-28,1476.972412109375,1489.0929360071073,1458.32167092072,1469.4032444580378,4358321
2024-11-29,1517.6875,1531.341568718884,1474.2514759811802,1474.2514759811802,3256635
2024-12-02,1491.764404296875,1532.1332193837657,1488.4004370230487,1515.8076151733476,5328936
2024-12-03,1517.6875,1533.0236730722875,1492.5559406158459,1501.015619880661,1951182
2024-12-04,1484.98681640625,1520.5073972975763,1476.4777378345914,1513.8287410868988,2971135
2024-12-05,1482.414306640625,1491.071823866125,1454.561812781997,1491.071823866125,4084059
2024-12-06,1461.78466796875,1497.255727798576,1460.3994410908297,1497.255727798576,3768932
2024-12-09,1453.4735107421875,1469.0570422562714,1451.7915270812784,1464.3572470377383,2144057
2024-12-10,1439.8193359375,1463.3678321227803,1436.9500838711435,1461.3394511157762,3397465
2024-12-11,1438.73095703125,1452.385147108219,1432.6954547549456,1440.7098181566023,2448702
2024-12-12,1430.1229248046875,1445.9042935850434,1423.3947488294345,1444.5685865138066,2651833
2024-12-13,1432.0029296875,1434.179628655931,1408.751311009739,1429.8261099389686,1318852
2024-12-16,1433.140625,1442.1445395861324,1420.9211819218008,1432.695429566662,2076469
2024-12-17,1435.5152587890625,1467.3254744512221,1432.6954059375385,1454.462877574711,3500888
2024-12-18,1456.8375244140625,1467.275943950708,1437.8403859279717,1439.6214091791999,2499842
2024-12-19,1490.6265869140625,1494.0895937078012,1434.5753242251014,1434.674243120333,3426222
2024-12-20,1456.4913330078125,1490.676087064829,1453.5230412690214,1490.6266880039093,2196991
2024-12-23,1460.448974609375,1475.240912644782,1443.3812980546315,1458.3710738829836,760728
2024-12-24,1460.152099609375,1471.876827193401,1445.854876812244,1460.3994572410215,909994
2024-12-26,1474.7957763671875,1479.1491742273213,1450.7525653355212,1460.1521556991613,1254464
2024-12-27,1490.676025390625,1496.761047359409,1468.3149193729057,1472.8662756947272,1446303
2024-12-30,1505.3197021484375,1510.5636117320141,1479.2976296933712,1493.0507388527396,1501086
