Price,Close,High,Low,Open,Volume
Ticker,DIVISLAB.NS,DIVISLAB.NS,DIVISLAB.NS,DIVISLAB.NS,DIVISLAB.NS
Date,,,,,
2010-01-04,288.8285217285156,294.4901483968183,287.6445335587916,291.04581917580293,257058
2010-01-05,288.3764343261719,294.9206645469297,287.81673613083575,294.9206645469297,158842
2010-01-06,296.126220703125,298.5803107042692,284.1571810595785,288.89313407723813,746184
2010-01-07,305.6412658691406,307.75090237898223,299.18314665464817,299.22619027148306,1752498
2010-01-08,297.9129638671875,306.5453089550247,296.10468572165485,305.7272702316667,567574
2010-01-11,296.4921569824219,301.37878825210885,295.78175361314106,301.37878825210885,356230
2010-01-12,294.2102966308594,302.6704410930112,293.2200572001248,296.4921858436945,506520
2010-01-13,299.8503723144531,301.7662855798628,289.15140957159986,292.18674553095934,371390
2010-01-14,298.6664123535156,303.1225029139925,296.9872912934867,301.37881644589925,217766
2010-01-15,296.6429138183594,300.6038984747574,295.35129010071773,299.2261612536426,256248
2010-01-18,292.68182373046875,297.93443021238494,289.969420156129,295.9969953338362,925432
2010-01-19,288.8716735839844,294.8346597287295,286.9988032717036,291.9069843157072,413530
2010-01-20,283.5759582519531,292.2513472477986,282.8225111881921,289.7542136635345,369072
2010-01-21,273.4151611328125,286.266830654043,271.2409335087291,280.71283912331967,600892
2010-01-22,268.7438049316406,270.98262428261665,258.3892949962928,269.6264090789842,507480
2010-01-25,264.8689270019531,271.1763392317874,263.06064887354324,270.27221330665594,348632
2010-01-27,255.52622985839844,263.92178416714114,252.01730818732972,263.4912429205389,396276
2010-01-28,253.22283935546875,275.4172348937157,247.60425518338195,265.0196534964776,616366
2010-01-29,263.0821838378906,264.5675561704741,246.2695559471297,253.07210136276692,266356
2010-02-01,266.0098571777344,269.0882371216655,256.6240647225603,264.78282532771885,373326
2010-02-02,263.5126647949219,273.3074744406208,262.7161743020231,266.9354716630034,550884
2010-02-03,262.3071594238281,267.79655832847124,261.4675990416071,264.7827706945495,400610
2010-02-04,255.5908203125,267.79665408299627,252.81382402980313,263.66346864699545,931122
2010-02-05,243.34188842773438,253.50265010837435,238.95036298746996,246.7001044897663,890410
2010-02-08,247.86253356933594,251.00547855982478,242.02870651881466,247.0229731109768,277744
2010-02-09,246.78619384765625,250.14440958124155,243.25575114182698,246.26953920907084,1351896
2010-02-10,248.6374969482422,250.53188838862948,246.7861753867673,248.85276750837053,350568
2010-02-11,246.70004272460938,251.86653576596245,245.7098034806452,251.0054535924036,173424
2010-02-15,249.36941528320312,250.1443840228258,246.7215769548365,249.71384291435277,209914
2010-02-16,250.55352783203125,251.86667360974985,246.80781307143434,251.43613228734,237878
2010-02-17,260.7357177734375,262.39331701769714,251.86658032785235,251.86658032785235,504806
2010-02-18,260.4989929199219,265.60092279040947,258.927533034652,261.3385536609544,531438
2010-02-19,255.8490753173828,260.6926631967611,253.2227848451561,260.00380787628575,221208
2010-02-22,252.275634765625,259.9392632761488,249.71390923422987,257.46365124494736,191016
2010-02-23,250.33815002441406,253.9762278972867,248.0778090492036,251.04852713544994,149196
2010-02-24,262.4148864746094,264.22316494302623,248.48688783500288,248.48688783500288,1058866
2010-02-25,259.5302429199219,264.7398074640588,257.8941915347639,264.7398074640588,549166
2010-02-26,268.2271728515625,277.4622870280047,250.14444209752457,250.14444209752457,553304
2010-03-02,272.8124694824219,279.20599643777786,270.8104421886851,271.2409834322283,631980
2010-03-03,279.8086853027344,281.5308497882951,272.66168692077065,273.39361208276284,543642
2010-03-04,279.8302001953125,283.6404785142975,278.17260115199286,280.41142018358346,250718
2010-03-05,282.69329833984375,285.7931997631974,276.8379494231778,279.8517373640211,352614
2010-03-08,278.9906311035156,285.75013158804114,277.78512128647475,285.75013158804114,209760
2010-03-09,275.58941650390625,280.9711815995,274.6852904791064,279.3351302660695,210456
2010-03-10,275.02972412109375,277.1824302057582,237.22821053001698,273.4797862513956,351248
2010-03-11,276.4289855957031,277.6990874528619,271.3486044452189,272.1881650815205,331228
2010-03-12,275.8046875,278.517118134557,272.3819059168541,278.517118134557,351780
2010-03-15,267.9257507324219,276.40741659059745,264.93348450279785,276.40741659059745,426778
2010-03-16,265.64385986328125,269.5187297802497,264.7827776595105,269.5187297802497,376644
2010-03-17,273.1354064941406,275.11588592853,266.9356013704047,268.65776654053633,809508
2010-03-18,274.72833251953125,276.8379949362149,273.39366529470675,275.1158301154608,408592
2010-03-19,272.40338134765625,276.4074086471968,270.8749655741614,276.4074086471968,267856
2010-03-22,278.4955749511719,280.4114886172647,266.33278560385224,269.0882598964521,645204
2010-03-23,284.049560546875,285.405775856502,279.8517837900246,279.8517837900246,653348
2010-03-25,291.86383056640625,293.4137680595719,284.15713414426625,285.491801081262,957872
2010-03-26,289.7111511230469,295.32970788998233,286.9556772444002,292.76798278498444,362328
2010-03-29,288.22576904296875,292.5527022085253,286.3098557301977,289.7111412193034,363428
2010-03-30,286.2452697753906,291.8207828594204,284.1571557331554,288.46256718365777,280848
2010-03-31,292.0361022949219,294.49019248795156,286.91267757846913,286.91267757846913,561010
2010-04-01,294.9637451171875,297.8698980152929,293.1985368310788,294.40404685170046,665558
2010-04-05,295.5664367675781,297.3962362668676,293.80122893834346,297.030286878266,234446
2010-04-06,301.8739929199219,305.6842722814656,293.71523138297647,295.3512827958949,706290
2010-04-07,305.2536926269531,307.27724140211257,300.2378774343061,302.6704455807448,398116
2010-04-08,300.79754638671875,306.84664351289825,298.04207286880165,306.1147183961256,341802
2010-04-09,299.8719482421875,302.9072584712775,297.71924222465566,300.51776004744704,329512
2010-04-12,301.8739929199219,305.6412286698695,298.8171344302165,301.3788599958112,279802
2010-04-13,302.5843200683594,307.2772291937778,299.72123713945274,301.3788100836541,272756
2010-04-15,309.3438720703125,312.14239005007175,301.59412997251763,303.5315654969663,785860
2010-04-16,303.1871032714844,313.0034368894155,301.37882506546197,310.85073099609076,596710
2010-04-19,296.3199462890625,301.42184840188736,295.0498446417838,301.3788047981747,227134
2010-04-20,300.3670959472656,303.1010222130692,294.8776953319011,296.2123626173176,220474
2010-04-21,302.9502868652344,305.2106278740575,299.6566365982623,299.6566365982623,184490
2010-04-22,300.2594299316406,302.6274064254922,297.93449704459977,302.1107517530222,250044
2010-04-23,295.5449523925781,302.15374796851137,294.4901214096778,300.56074059414595,232420
2010-04-26,298.8601379394531,303.18707106984056,272.96307828203646,294.9206760618217,517442
2010-04-27,297.9775695800781,304.71555022344285,296.6859459125821,299.2476714420794,408536
2010-04-28,291.0028076171875,297.93451042654533,289.0223023301214,297.0734280264686,548328
2010-04-29,288.22576904296875,294.92067845892547,287.321616889565,292.33743164030716,363472
2010-04-30,289.9910583496094,292.8541682194554,282.4350645461174,282.4350645461174,650436
2010-05-03,286.28839111328125,291.51945119896686,285.01828925147004,286.3099129187728,282716
2010-05-04,297.869873046875,300.0871703982349,285.8793129762238,288.37644629779663,875214
2010-05-05,301.91705322265625,305.2537479285038,292.7680516098485,295.351299124053,694212
2010-05-06,301.9385681152344,309.06402042311146,300.08724602808036,304.39265845316044,651570
2010-05-07,297.43939208984375,301.37885477422424,290.8305948571264,297.0734425631639,288540
2010-05-10,299.8073425292969,304.39261664345986,297.9344988928914,297.9344988928914,188568
2010-05-11,295.889404296875,306.54529772189886,288.979224119307,298.4080595042585,356740
2010-05-12,297.2671203613281,299.4413477529348,292.7679604198356,297.54695632131336,153288
2010-05-13,297.37481689453125,300.9483036565687,294.4901855523505,297.740766409177,171140
2010-05-14,298.17132568359375,299.95808231195457,294.4902033967645,294.87770101775766,149848
2010-05-17,302.6058654785156,303.9620807409565,294.920715733081,296.21233930563466,354800
2010-05-18,301.8307800292969,309.4728832156708,300.4530434949989,304.8230454057865,381426
2010-05-19,295.97552490234375,303.1009758255683,293.28464265957416,301.29269770279774,199874
2010-05-20,294.74847412109375,298.149759871318,291.64859872328907,296.21232460861626,128044
2010-05-21,297.2886962890625,300.7976175530461,290.6153077409373,292.33747252755023,274230
2010-05-24,309.7528381347656,314.2950420484669,301.37880744373535,301.37880744373535,959380
2010-05-25,300.17333984375,314.2950864161325,295.82485781274625,312.1423803447891,864356
2010-05-26,301.5079650878906,306.50225824444703,298.42961160166396,301.16353742009454,485776
2010-05-27,309.408447265625,312.57291460887643,299.4629296702709,299.4629296702709,706958
2010-05-28,315.43603515625,319.3754715500116,310.6785336555651,313.412486167826,661092
2010-05-31,320.0643310546875,322.0448100167933,316.447774548587,316.447774548587,505266
2010-06-01,314.23040771484375,323.7669034815756,312.35756446261047,316.87824596069095,264112
2010-06-02,322.36773681640625,324.62807820977673,314.81174369991226,314.85478731043054,301340
2010-06-03,321.0545349121094,326.41477738675854,319.07402989160806,326.2640722201395,300582
2010-06-04,322.51837158203125,325.05857493049524,319.82748933922915,323.33641029510187,265556
2010-06-07,317.93310546875,321.89408915482215,316.490776903821,319.07402370628387,182782
2010-06-08,316.68450927734375,321.80795901495225,313.43392914146426,318.4281955231201,161280
2010-06-09,320.8608093261719,322.90587989886467,316.87830347408584,318.64351177294054,257578
2010-06-10,332.07635498046875,333.4540917967815,320.860764249905,320.860764249905,784992
2010-06-11,327.31890869140625,335.69293929928523,326.37171290750194,335.69293929928523,329832
2010-06-14,324.477294921875,330.67707069683667,322.2169542555767,329.36392566061556,461000
2010-06-15,328.0939636230469,330.1821045117308,323.01358198442074,324.1975704555399,153448
2010-06-16,329.27783203125,330.6555688236439,325.0585344555353,328.9764480019539,251396
2010-06-17,331.5382385253906,335.73601513322774,328.07238719711387,329.36401076875603,304254
2010-06-18,328.6966857910156,333.1527767186729,327.64185459090777,331.9903102181081,111470
2010-06-21,332.3132019042969,337.71651477861997,328.50292294237147,328.50292294237147,451582
2010-06-22,331.4521179199219,334.05691308936343,329.4716389971571,332.313200282541,176612
2010-06-23,333.7770080566406,335.1762667166652,327.8785893726002,331.452075464111,252516
2010-06-24,328.61053466796875,334.96101666777554,325.05857015960225,334.96101666777554,365606
2010-06-25,330.5480041503906,334.29371782166146,327.2113098720897,328.07239226648994,267388
2010-06-28,334.0137939453125,334.96098966013454,328.93341401072337,331.5166607176139,111030
2010-06-29,332.6791687011719,335.17630224194994,329.1056822309078,334.70271746423515,136322
2010-06-30,333.0020751953125,334.5735347083771,328.5029146861182,332.37778523942757,313672
2010-07-01,336.3602600097656,338.19005982421874,328.52440613694904,332.2485974470353,172654
2010-07-02,334.1041564941406,339.2889481463915,332.9977847856208,338.29104477167806,212952
2010-07-05,334.1041564941406,335.7528698716924,328.702428174277,328.702428174277,52052
2010-07-06,334.2560119628906,335.3406952487495,331.9130854728252,331.9130854728252,61890
2010-07-07,332.65069580078125,336.2084624928565,331.0887358844538,332.43375913030746,135100
2010-07-08,330.1124572753906,334.95015468764615,328.9410206657162,333.6485349155439,182456
2010-07-09,328.9844055175781,331.9130500770818,328.02987903150944,331.9130500770818,742148
2010-07-12,329.3966369628906,333.3882768895075,327.596052053346,330.61147698885406,507264
2010-07-13,333.19305419921875,334.10417766832506,327.9865738465461,330.6115023947129,247166
2010-07-14,331.9781494140625,335.70944901404874,331.17546796046224,334.0824242207658,133188
2010-07-15,334.68988037109375,338.4211802271419,330.6114606834387,331.9781721961968,174178
2010-07-16,340.7424011230469,343.1504192332334,334.58142116691363,334.58142116691363,221348
2010-07-19,341.26312255859375,345.8404817004913,339.72287726194986,339.72287726194986,341496
2010-07-20,332.5638732910156,343.19376878433576,328.9844186861221,342.00061724937126,138224
2010-07-21,334.66815185546875,336.6422965114066,332.5638769902795,332.5638769902795,171270
2010-07-22,338.160888671875,339.20216878936156,333.43165871685216,334.51634205685497,143126
2010-07-23,334.0390625,340.98103526336956,332.9977559928847,338.46454895142847,286514
2010-07-26,333.19305419921875,338.6598479769136,329.74375566926744,329.74375566926744,253756
2010-07-27,333.9956970214844,336.81587377527194,333.2147302936641,333.2147302936641,141332
2010-07-28,333.75701904296875,336.1650104391418,331.93474597938365,331.93474597938365,153140
2010-07-29,326.6632080078125,335.7311438070078,324.6456866329202,335.38405047410265,776770
2010-07-30,325.2964782714844,330.26433241901725,321.95564885688657,327.5743128975935,358926
2010-08-02,328.3336486816406,330.61148370718223,325.42669201940595,327.639461933134,235334
2010-08-03,327.3357238769531,330.1559003906707,326.7282906506192,327.6394404901201,113984
2010-08-04,327.5092468261719,331.8913830037925,325.9256251850096,325.9256251850096,499110
2010-08-05,329.1579895019531,334.0390641249415,326.4679697467568,329.24474297669764,423476
2010-08-06,329.6569519042969,333.08456181499747,322.6281986392501,322.6281986392501,149490
2010-08-09,328.572265625,331.8480039513751,327.2489572724079,329.6569489437684,185392
2010-08-10,330.0691223144531,331.4358338407347,327.44419407148456,328.65903404955407,232090
2010-08-11,326.8367919921875,334.58144724337643,325.4267035928943,331.69617884913447,213090
2010-08-12,325.68701171875,330.8283998650258,322.02077694197345,326.66322666917137,366086
2010-08-13,324.3636779785156,331.47921089933135,320.91440632780706,324.97111120889946,282032
2010-08-16,318.11590576171875,327.53096157643535,314.796764456397,327.1404650176242,145920
2010-08-17,311.88983154296875,318.11592969472883,308.09343991928324,318.11592969472883,371558
2010-08-18,320.58905029296875,322.9753538771506,310.4364026331106,310.4364026331106,328106
2010-08-19,325.0362243652344,326.48968946659437,319.3958709259444,322.15095605175594,312330
2010-08-20,324.8193054199219,328.85432241960757,322.6933153380246,326.18599063125987,189196
2010-08-23,323.712890625,328.4421206563885,322.93192390389265,323.73460547737216,153462
2010-08-24,324.5155334472656,327.1187731944489,322.15091871393594,322.15091871393594,131696
2010-08-25,324.1033935546875,328.7675320830849,322.95361858065746,323.69120857447706,206734
2010-08-26,327.2489929199219,328.8109264764805,323.66953757807323,323.66953757807323,349366
2010-08-27,323.12713623046875,334.0824369217334,317.4650950308923,329.70032723783726,531948
2010-08-30,324.7107849121094,326.05578153541416,320.220180415222,324.62400495671324,165926
2010-08-31,322.78009033203125,328.2251956845573,320.2419152960493,322.36790534517655,261576
2010-09-01,323.23565673828125,326.27277029152685,322.49806672190164,323.23565673828125,223024
2010-09-02,323.2572937011719,327.3574016423008,321.9773621824087,325.4049718114322,108306
2010-09-03,328.3118896484375,330.9151291173324,321.9339476533406,325.83880685668305,339048
2010-09-06,330.4596252441406,332.2818720055311,328.875977031261,331.37074862483587,320280
2010-09-07,330.6982727050781,334.03910279677535,328.59397106841476,331.913112788915,186890
2010-09-08,327.72613525390625,329.743656375655,322.88846460520205,327.6610701580076,270308
2010-09-09,328.4637451171875,331.43579282742354,327.59599860001293,329.78705325957424,213982
2010-09-13,333.1279296875,335.6010129069723,329.743723088945,329.85219141890843,300448
2010-09-14,325.4049377441406,336.68564225260417,323.66944474283855,334.08240275065106,374166
2010-09-15,324.9493713378906,328.83254216737095,323.66943997199206,327.57429916736464,194570
2010-09-16,313.2782287597656,324.5372468304702,312.3671053706328,317.40002534384246,467178
2010-09-17,312.8009033203125,317.1613238859147,308.09336299342226,317.1613238859147,1149436
2010-09-20,311.4993896484375,315.8164349535234,310.6533312850844,315.425938329967,411510
2010-09-21,307.22564697265625,319.3307216043429,306.3145237128615,314.5581157107997,1104624
2010-09-22,307.1388854980469,310.6532482445172,305.1864558652252,310.63155987823467,433178
2010-09-23,307.5511474609375,310.0893227271759,305.1431553992734,307.1823656653922,452782
2010-09-24,308.8744201660156,311.34747684927186,306.3145570428772,307.52939701529743,207082
2010-09-27,311.369140625,314.77503495924213,309.13468285108206,311.73792228561746,356200
2010-09-28,309.82891845703125,313.86396140413575,308.5707017535308,312.3887815652454,187118
2010-09-29,305.8806457519531,310.6098748391666,305.05627597221144,309.4167233841058,138010
2010-09-30,299.3075256347656,308.48395775554826,297.2032504395929,306.3145909640184,669770
2010-10-01,304.8611145019531,307.1389495485966,301.60706443531956,303.71133955246506,382072
2010-10-04,309.76385498046875,311.95490989973206,307.0955235312754,308.006673371219,521608
2010-10-05,312.25860595703125,314.1676325065042,310.43633287862974,310.43633287862974,332816
2010-10-06,313.34332275390625,315.25234950804423,311.5644262203267,313.0396061280243,156406
2010-10-07,311.8681640625,319.20063439657457,311.0871973153362,314.5581841752005,351150
2010-10-08,314.86187744140625,318.3762407834455,310.6749892599846,313.9073508295171,333264
2010-10-11,315.6645202636719,318.4630083994544,313.2565286981009,316.7275151656699,228234
2010-10-12,311.9332275390625,317.1397073595133,310.0241743456202,317.1397073595133,109474
2010-10-13,315.3390197753906,318.3761320146612,311.8463459965329,312.38868746783123,326828
2010-10-14,314.2978515625,319.7212681998876,313.27823334575515,316.72753162343906,395048
2010-10-15,310.1326904296875,316.59741446146745,308.9178502474921,312.9962706607872,87716
2010-10-18,305.16473388671875,311.8680807657422,303.3424874572158,311.47761073721495,469474
2010-10-19,304.1018371582031,310.1760639693292,302.45309726710417,305.446833930913,264014
2010-10-20,304.6224365234375,306.63995798214864,302.04091154665707,305.40342965682567,160362
2010-10-21,307.8764953613281,309.7421718109257,304.3621320838329,304.3621320838329,196670
2010-10-22,309.46014404296875,312.82266225724567,307.33415419229954,309.7855490314472,333100
2010-10-25,312.73590087890625,314.55817421896296,306.85692236739527,310.6099373834462,327158
2010-10-26,312.25860595703125,314.9486255983359,310.21939623790394,312.82263592661366,123474
2010-10-27,308.4405212402344,313.9940938540291,308.05002470082127,310.24107943936053,110084
2010-10-28,300.4355773925781,310.08925849466794,297.3116842789677,310.08925849466794,623468
2010-10-29,300.3704833984375,305.92405639953637,295.9015936585503,301.10807331236646,228248
2010-11-01,303.4292297363281,306.74837050483717,301.5418917975415,302.8435114743654,93140
2010-11-02,302.0842590332031,305.01290355524856,300.2402976674708,304.5790302927233,87476
2010-11-03,302.60491943359375,307.182277165676,301.5419246188486,303.79807093388416,139548
2010-11-04,303.5811767578125,305.8807001291447,302.8435867945291,305.79392016613605,89878
2010-11-08,319.91644287109375,321.500090888457,305.22984337385896,307.6161463426667,906896
2010-11-09,321.54339599609375,328.4419899981733,319.33065341962424,321.93389244206685,956198
2010-11-10,313.1264343261719,321.06631215477444,301.02135601853513,320.6324387599707,1457140
2010-11-11,306.2494812011719,314.53647774215455,305.0129527959611,314.53647774215455,271910
2010-11-12,301.4551696777344,309.2215124983745,300.2403297093196,304.92615614836234,378518
2010-11-15,306.2061462402344,306.74848797994434,300.6742604951929,300.6742604951929,370466
2010-11-16,303.2557678222656,309.677087778674,302.4097095365825,306.81353440723655,162062
2010-11-18,299.1773376464844,304.34044066316704,296.33547274298485,303.27744575014117,276916
2010-11-19,290.9988098144531,301.4334567451673,288.78604023082846,299.8064319696446,275426
2010-11-22,285.4236145019531,294.2529543563268,284.6209592795244,292.4306807231699,570384
2010-11-23,280.00006103515625,287.05050058571203,276.85448031260063,287.05050058571203,418616
2010-11-24,273.3402099609375,283.77485871155346,271.66980815934284,280.28218354724703,580410
2010-11-25,268.50250244140625,276.377314054567,262.9272406861344,276.377314054567,740342
2010-11-26,269.93426513671875,273.2967829744056,257.74241037825675,268.56755374556593,866528
2010-11-29,272.7545166015625,275.0540402670754,265.37866898818123,270.7369947499962,369726
2010-11-30,267.6781311035156,274.2079188105312,266.0727946369593,274.2079188105312,1577934
2010-12-01,274.4899597167969,276.3339212812919,266.4415886441924,268.133705143045,485890
2010-12-02,275.0105895996094,279.4144143311342,274.20793456098886,275.6831144218069,228546
2010-12-03,269.6089172363281,277.223389428914,267.3744588335862,277.07151786358037,262880
2010-12-06,265.89923095703125,274.64178820416504,263.6213962207408,272.1470168263231,217994
2010-12-07,262.7319641113281,266.91885193089445,261.19171923605813,266.91885193089445,422882
2010-12-08,263.4478454589844,264.6193085425734,260.80120271731704,262.49331900267026,200058
2010-12-09,259.868408203125,265.18335592097884,256.54926699487623,265.18335592097884,435196
2010-12-10,261.69073486328125,265.40034689685064,255.55141605806918,261.71242323557124,414186
2010-12-13,262.3848876953125,267.96014920999414,259.04405786778966,260.8663310902135,332220
2010-12-14,260.7361755371094,264.5759438056874,259.02237063609306,262.7102938361044,367650
2010-12-15,260.3239440917969,262.23299694107845,258.1545778910319,261.2567821507342,561080
2010-12-16,261.126708984375,261.92939070567354,259.21768181250053,259.890180321701,296928
2010-12-20,264.0335693359375,267.2659304469001,260.99645648995,262.3414794963722,232816
2010-12-21,267.0057067871094,269.4136989134216,264.29399797785425,264.6627797833004,201314
2010-12-22,266.6802673339844,269.825849147008,265.5738690972848,268.1337324756669,140642
2010-12-23,272.6893615722656,273.3835482406197,266.4415756309836,266.8754489190859,302396
2010-12-24,276.5942077636719,277.59211098165196,272.9062849934896,275.07565132889096,557296
2010-12-27,278.3297424316406,280.2821724253154,276.8545625104757,278.11280576567674,208666
2010-12-28,279.5445861816406,281.88751279781326,276.81118945045716,278.13449783412653,151486
2010-12-29,282.66845703125,284.1219220043418,278.5683490197565,279.00222232295107,92674
2010-12-30,280.5859375,285.05482829415,278.1128537847034,285.05482829415,171582
2010-12-31,280.65093994140625,283.1023347351715,278.8069783741657,282.45152477026306,226454
2011-01-03,283.1239929199219,285.5102958701774,279.8265667085414,279.8265667085414,102182
2011-01-04,288.65594482421875,290.69515493875156,280.2605057928528,286.3564212829493,222926
2011-01-05,289.7189025878906,292.66923579790927,284.66426793665244,286.35638443730113,265696
2011-01-06,286.3780822753906,292.343840481755,283.340969006696,287.3109205148144,127366
2011-01-07,275.9434509277344,288.0919047421629,274.64183087618846,284.62091793804046,214438
2011-01-10,270.4766845703125,281.1499594763391,266.83213746597,281.1499594763391,186182
2011-01-11,269.8908996582031,275.42278461627717,268.17709470821995,271.30098798084947,128680
2011-01-12,273.70892333984375,275.50950788159963,269.0447860016907,272.45070683055695,114324
2011-01-13,275.70477294921875,278.11276428596744,271.60466527771547,275.50952468266667,239184
2011-01-14,270.8020324707031,274.64180060695827,269.9342858653099,272.92799576500164,124416
2011-01-17,267.2442626953125,271.1924991070553,266.0727994966173,269.0231326211473,79486
2011-01-18,267.1357727050781,268.9797340685462,265.66059302169475,268.9797340685462,111298
2011-01-19,268.6326599121094,271.0840281282666,266.0944852595365,268.3506316790932,183472
2011-01-20,271.2792663574219,272.8846027781127,267.2659385464564,269.8474898400848,312162
2011-01-21,269.80419921875,272.45084320101995,269.4354173721265,272.45084320101995,66340
2011-01-24,272.0819396972656,272.9063095715704,269.95597638602055,270.73694304079476,75232
2011-01-25,273.6439208984375,276.3339409033734,272.2555209138067,274.51166757864087,118300
2011-01-27,267.2442626953125,275.0756704131355,266.39820446950347,275.0756704131355,152190
2011-01-28,268.4808349609375,273.34022198135625,256.85303398883,266.83212145799064,349882
2011-01-31,275.4444580078125,279.4144093544492,264.228843628664,265.964336854468,326722
2011-02-01,270.4549255371094,279.8049168411968,269.0014604963925,277.65723859415425,144012
2011-02-02,271.6697998046875,273.7740748907138,264.77120317283374,268.5675948610964,197802
2011-02-03,274.0777893066406,276.2905327087311,266.8320993610198,268.13371935790286,182728
2011-02-04,285.0330810546875,288.52575596213455,274.5116531117074,276.333926340405,875302
2011-02-07,282.3864440917969,292.3655306059574,280.3255457899594,288.5257622572496,751738
2011-02-08,279.89166259765625,283.31927235040143,275.9868027949708,283.29758398113603,281736
2011-02-09,271.2792663574219,281.58375668287374,260.7578393935394,280.30382521982875,427622
2011-02-10,273.3185119628906,274.0343870748475,263.9468320625479,271.1708336639667,307682
2011-02-11,275.5963134765625,276.8111533674504,267.26594118236585,274.0560686248195,216368
2011-02-14,277.85247802734375,279.7398163312688,274.68518168242093,276.81117149181773,269490
2011-02-15,284.7510986328125,286.35643546124976,275.5096007846873,281.9743248445305,293102
2011-02-16,283.254150390625,287.2241013569747,281.6054372803487,285.4886082974159,196930
2011-02-17,280.1086120605469,285.01140188886086,276.09528374651075,282.45153864189206,350500
2011-02-18,271.7348327636719,282.01763490177996,269.0014363678517,280.2821417639229,189364
2011-02-21,280.60760498046875,285.9225538185217,267.07075039867294,272.1036974321957,283504
2011-02-22,272.92803955078125,283.2759353691209,271.5613543169448,280.7594486245413,147490
2011-02-23,269.02313232421875,272.906303626013,267.28763913740784,272.8412120388978,395878
2011-02-24,263.0791320800781,269.0015147308786,260.8012966730828,269.0015147308786,555848
2011-02-25,259.1959228515625,268.1337023368474,256.4191231085386,264.53255920370935,621588
2011-02-28,255.76837158203125,262.4934093420338,253.88103286780424,260.2372623455977,221290
2011-03-01,263.16583251953125,265.53044719032494,252.40578047871168,256.91807318043766,241880
2011-03-03,261.9292907714844,265.096560253992,259.06571138391917,261.21338930421257,187022
2011-03-04,267.1357727050781,268.0468959626534,262.0594502434616,262.92719676744656,241752
2011-03-07,267.0924377441406,270.08617460953263,261.71242380951077,266.28978259694884,181068
2011-03-08,269.41363525390625,271.14912848175135,265.5521522293409,266.83208378118167,150978
2011-03-09,270.2813415527344,272.0385228875218,265.66058093021826,271.0839964582789,117216
2011-03-10,269.3051452636719,272.9062881254616,268.3506187688362,271.60466830928294,109288
2011-03-11,270.6068115234375,272.0385882706618,266.00773816136467,267.7215431764407,147246
2011-03-14,269.3702392578125,271.7348541404667,266.8754676758846,270.7369508040007,143894
2011-03-15,264.9664306640625,267.6998271686694,263.361094151349,267.6998271686694,181792
2011-03-16,268.95806884765625,270.6067820888076,264.48915267933126,265.74739583999985,132120
2011-03-17,270.51995849609375,271.17076834011004,266.87541277699455,268.9580254630629,49388
2011-03-18,269.5003967285156,272.77613467510895,268.15537368026605,268.15537368026605,47472
2011-03-21,268.3940124511719,272.0385587592162,267.35273242139107,272.0385587592162,47120
2011-03-22,272.7978820800781,276.6810540477425,268.39405677078616,268.39405677078616,224542
2011-03-23,274.5984802246094,276.7895355565883,270.3899030284291,276.37735053812963,145718
2011-03-24,273.21002197265625,276.81116506195355,271.21418890617883,276.81116506195355,108222
2011-03-25,277.1365661621094,278.11278107226946,273.49201990490207,275.50954131184255,205308
2011-03-28,277.7223205566406,278.54669051370036,274.6201419951321,274.6201419951321,93496
2011-03-29,281.8440856933594,283.2758887716575,277.67891259701406,279.30593747551217,171274
2011-03-30,294.49151611328125,297.6370976850253,280.7160381956434,281.58378483612455,714294
2011-03-31,292.84283447265625,300.2403700867243,291.3025893154824,295.0338896805961,584484
2011-04-01,300.6524963378906,301.5419312705133,271.88670301083556,294.1660854696518,329472
2011-04-04,300.11016845703125,302.6917199016755,295.92328049778695,300.262013520206,167002
2011-04-05,296.0751647949219,316.72752427855715,290.9554384227327,308.4839311808961,151734
2011-04-06,298.0926513671875,300.6742028495747,294.3830398750887,296.50902967976646,261430
2011-04-07,301.8022766113281,302.67002326803873,297.4201665875503,299.3725965651491,135528
2011-04-08,300.3271179199219,303.7113245254719,297.6370980349625,299.91493296890354,150836
2011-04-11,306.5749206542969,313.10473622851856,297.8106995366794,298.9170713627619,773554
2011-04-13,307.5511474609375,309.828982799558,303.73306685631786,305.7939654960221,294016
2011-04-15,304.4272155761719,308.05004708662284,303.7113140290648,307.61617378086703,136178
2011-04-18,302.5832824707031,308.4839493910575,301.17319409444303,305.46852433628806,132748
2011-04-19,297.7021789550781,304.14518694467705,295.6195659049017,304.14518694467705,238676
2011-04-20,300.28363037109375,304.57898563288285,297.7888594773771,298.87354247464526,368798
2011-04-21,300.80438232421875,303.64624741434693,267.69985166863324,293.7322521550481,202614
2011-04-25,305.27325439453125,306.0976242871352,299.39427626193395,300.80436453823893,247850
2011-04-26,308.9177551269531,310.2193748817015,304.18852609209193,305.07798744305404,345366
2011-04-27,310.74005126953125,314.55813087208776,307.2907533657326,308.93946654848156,300312
2011-04-28,308.5706481933594,312.7792238441368,307.18224855331147,311.4125125694058,318210
2011-04-29,306.6616516113281,312.3454078871845,305.5769683313775,310.21941806587114,108058
2011-05-02,311.2390441894531,312.388819186013,306.3362805179783,306.66168553796376,156128
2011-05-03,310.8268127441406,314.99198542994424,307.3124234640668,311.9548726227685,243380
2011-05-04,303.8414611816406,312.3019903781563,302.08427964482297,311.5210237486289,1766770
2011-05-05,293.86236572265625,305.8155692283188,291.6929993339145,304.1234793340142,618538
2011-05-06,298.3096008300781,300.6525273896474,292.8861842398959,297.0947608101826,655426
2011-05-09,303.2991638183594,306.3145889349166,299.37261524800635,299.5027719583303,246660
2011-05-10,302.9303283691406,305.8372846316269,300.73927360884574,304.9261348577903,97324
2011-05-11,311.43426513671875,314.5581583504352,302.0626119770955,305.01294526945645,1986442
2011-05-12,306.2494812011719,313.69041944733976,305.0129527959611,310.65330611935724,324324
2011-05-13,306.4664001464844,309.74216480318483,305.5552767933846,308.89610655729217,163118
2011-05-16,307.1388854980469,309.78550174104095,305.0345843382038,307.5944471160676,102504
2011-05-17,309.1130065917969,312.77924090199264,305.0128990255193,307.29073361994887,514020
2011-05-18,307.09552001953125,310.8268463318938,306.3145533667426,310.3061930695264,600954
2011-05-19,308.0717468261719,310.653298387006,304.4055119609139,309.1347417608125,512830
2011-05-20,315.59942626953125,320.58896885996927,303.7112881136177,309.0045472884739,4475680
2011-05-23,322.91021728515625,326.554763753071,316.7058341270741,320.632382363091,3930402
2011-05-24,320.1551208496094,324.92772718221136,318.9836576353021,323.6694840110064,570232
2011-05-25,318.05084228515625,321.17473558717273,317.1614072465022,319.76464725126147,654916
2011-05-26,315.59942626953125,320.04662727405207,313.43005992586257,319.3307257880323,2645036
2011-05-27,325.3833312988281,327.03204476885304,314.55818568148385,315.62118070871315,789106
2011-05-30,333.77874755859375,335.38408417631223,326.2727442439674,327.1404909041907,1018956
2011-05-31,336.62060546875,337.1195703804563,331.2839689173337,334.0824571337855,517416
2011-06-01,335.7745056152344,341.63179426080285,329.7436570838556,341.63179426080285,210006
2011-06-02,339.91802978515625,340.7857763535112,331.2839408374148,332.78080896413184,332684
2011-06-03,335.27569580078125,341.8705772875399,324.6241083026405,324.6241083026405,363896
2011-06-06,337.2713928222656,338.2910109470134,331.9130682606028,336.20842444246733,186092
2011-06-07,337.2713928222656,340.568845729194,334.03905798324774,340.568845729194,315690
2011-06-08,332.69403076171875,337.7486651415948,331.9130641423944,336.4253569141946,210286
2011-06-09,335.1671142578125,336.68567076254044,331.04531803069375,335.51420759115985,199364
2011-06-10,340.3519287109375,342.109110347935,334.0824539859353,335.38407393652983,605276
2011-06-13,347.42401123046875,348.83409931851,340.15663416133316,340.59050741919197,1218904
2011-06-14,344.69061279296875,349.7018435928145,341.89212500141167,349.24628197128703,412756
2011-06-15,340.39532470703125,347.0986731281236,338.4212062999205,345.3198030209528,591450
2011-06-16,343.6034851074219,345.75692313051775,338.48361794190066,342.1971867008691,364206
2011-06-17,341.0765075683594,346.72377692890694,339.7361142978062,343.31784597051575,260020
2011-06-20,329.43035888671875,342.4168630324266,312.9940144903191,341.0325064328744,704182
2011-06-21,331.9793701171875,339.5383173921952,329.6501315486343,331.75963265399724,467262
2011-06-22,329.716064453125,335.73687632631675,326.26619700061127,335.73687632631675,212290
2011-06-23,327.4747314453125,330.9245986702093,324.8598504337658,328.74919255729503,197332
2011-06-24,332.5287170410156,333.6933095133092,325.8267243478912,329.6061980225142,213806
2011-06-27,334.5283508300781,337.95625021398786,330.9246507296916,330.9246507296916,253936
2011-06-28,343.7353210449219,344.76807638247374,334.220678252226,336.9893648967319,394014
2011-06-29,344.06494140625,345.2954658741053,341.0325535895516,344.98782805128604,186486
2011-06-30,346.0865478515625,352.3490663364955,342.4389108706372,343.669435453869,1357014
2011-07-01,349.4485168457031,350.61310936789613,346.30626022721674,349.3166529021073,202808
2011-07-04,348.8332214355469,353.2060023004309,348.15204066703404,350.9207273276021,294570
2011-07-05,346.28424072265625,351.49200737636147,345.42725933291007,351.49200737636147,126016
2011-07-06,346.9654541015625,351.4920404749988,344.1088670823603,347.93230430351514,197398
2011-07-07,362.2152099609375,364.2367837270114,347.18516334753764,351.4700435280927,1315328
2011-07-08,356.5020751953125,365.3794743107102,354.8320757950111,363.44577385346344,419286
2011-07-11,357.97430419921875,360.8089229046276,352.48086749238826,358.172073285349,394658
2011-07-12,355.7330017089844,360.32552027621114,353.3378578798161,356.0845763023893,356512
2011-07-13,360.5672302246094,361.6878859890526,356.8536615104626,358.611561320859,333376
2011-07-14,361.3143310546875,364.69826661900566,358.1281377537588,359.90800588821395,285814
2011-07-15,361.3143310546875,363.8852487129648,359.4904993323735,363.8852487129648,174392
2011-07-18,364.6982727050781,369.3786916028832,361.0286676404147,362.1273550038974,347664
2011-07-19,365.4234313964844,367.7966069238584,364.3247439900006,364.3247439900006,201548
2011-07-20,360.91876220703125,368.27996679390225,360.0617807859654,367.7965551324903,126220
2011-07-21,353.9311218261719,363.8852396547927,351.16243515000434,360.8748471333937,270942
2011-07-22,358.6554870605469,360.32551328781943,356.6339130701096,359.0510252350949,83238
2011-07-25,362.3690185546875,364.58836140514273,357.3370256527085,357.3370256527085,125254
2011-07-26,362.47894287109375,365.5992311917164,355.9747188057474,363.2260556703089,386414
2011-07-27,365.8190002441406,368.2361127409345,362.1273995196671,364.76424951616957,272326
2011-07-28,365.26959228515625,369.99394769840865,363.44576062881157,364.7641853953006,882876
2011-07-29,362.3250732421875,368.89522811838634,360.3694046449793,365.22559674532863,240958
2011-08-01,360.54522705078125,366.4561431341261,358.28192053392513,362.56680090829593,104860
2011-08-02,358.43572998046875,363.59956023223504,357.4908750071763,360.0837609118835,292466
2011-08-03,355.82086181640625,358.0621730663431,350.2614936285676,357.732566892916,219744
2011-08-04,352.5687561035156,358.67746824745393,351.71177464110406,357.29311151406444,150204
2011-08-05,351.5580139160156,354.963944994549,339.5383571770723,350.701032344474,618392
2011-08-08,343.515625,346.74575533746236,329.6501680775133,329.6501680775133,396746
2011-08-09,333.9349670410156,342.5267221516688,332.242999532025,336.19827333597766,364418
2011-08-10,342.1531982421875,343.6693921014368,335.7808118157542,335.7808118157542,178764
2011-08-11,336.00054931640625,343.6254553767355,334.9018620013808,342.6146415881754,120310
2011-08-12,335.34130859375,341.45002027852297,334.0009155473555,339.2746142138927,120910
2011-08-16,324.0468444824219,339.2526938853896,322.33290826708895,337.5167624637626,286398
2011-08-17,320.97052001953125,329.0568698545068,319.234615420272,327.80437697240944,211224
2011-08-18,318.66326904296875,323.0140816889643,307.1490470455825,322.57460674789087,513702
2011-08-19,315.0596008300781,317.30091233465214,310.75272488258753,314.29051967137224,151794
2011-08-22,315.3452453613281,319.9377639586609,312.4886581831258,314.2026212194161,398656
2011-08-23,315.2134704589844,320.3333653721786,308.73121365972327,320.3333653721786,169810
2011-08-24,314.3564453125,318.4655524366559,310.2693333959072,315.56500149782397,206042
2011-08-25,307.1270446777344,314.68601885260983,304.5561270617761,314.68601885260983,535848
2011-08-26,307.6543884277344,312.68638123463387,303.259639569904,307.6324200481289,364966
2011-08-29,311.5218200683594,314.6640768162146,307.2809027248764,310.68683372393457,225602
2011-08-30,318.7071838378906,320.7727211093917,309.9616231200834,310.9724099651191,381386
2011-09-02,321.27813720703125,326.52986790340543,315.67483193681807,322.8602630244379,206670
2011-09-05,323.3656921386719,324.3984744587839,315.4331739372579,318.35569334887475,218786
2011-09-06,322.17901611328125,324.288516945695,316.94928126008364,323.387572004452,74056
2011-09-07,321.1682434082031,328.63931651868353,319.9596874638607,324.74997448171257,232758
2011-09-08,322.5086669921875,329.5622610848836,319.7619486767828,329.5622610848836,95562
2011-09-09,316.8833923339844,326.969347323777,314.8837867708148,317.30089888140725,131866
2011-09-12,313.1918029785156,316.8833761006188,309.03875974565733,316.8833761006188,162118
2011-09-13,311.7855224609375,318.00407718499883,310.7088034210314,316.8614529937251,194174
2011-09-14,318.2897033691406,319.4762909900851,309.87374811851754,312.4886291960719,111862
2011-09-15,320.35528564453125,323.8491170305134,312.0272295749929,312.0272295749929,168430
2011-09-16,316.421875,326.31005859375,315.10345052083335,320.8166232638889,326968
2011-09-19,318.7950744628906,319.7179609403621,312.64242641730294,314.6640000457722,137322
2011-09-20,321.6517333984375,324.46435704353127,319.16868914935225,319.16868914935225,149488
2011-09-21,327.2769470214844,328.6393084139597,319.14666177823096,319.93771119397206,294230
2011-09-22,315.2573547363281,325.14554142759204,312.26893034543076,323.05803534832523,193938
2011-09-23,315.82867431640625,317.74037956366556,310.70878056917223,314.13667971430345,84270
2011-09-26,320.35528564453125,321.4759414564891,308.46749303738,317.3009292297815,205160
2011-09-27,317.6304931640625,324.288548821048,313.5873186024095,322.2669481285115,256926
2011-09-28,321.9373474121094,324.7719660119451,316.5537796399222,317.7623356704132,291080
2011-09-29,327.3648376464844,329.01286839012676,315.14741494154873,322.1350760239592,361180
2011-09-30,323.23382568359375,336.06649958663434,319.38841987158634,328.57345705477866,607600
2011-10-03,320.00372314453125,322.5746410941818,315.6529100352808,322.5746410941818,218122
2011-10-04,315.69683837890625,323.8710890291155,314.31250829812785,321.62975055676065,235674
2011-10-05,315.0155944824219,319.4543069470865,314.2465134281077,318.5313935878583,67974
2011-10-07,318.0918884277344,321.65165077726687,317.38873940293126,317.7403139153328,95450
2011-10-10,322.1131286621094,323.36562137963136,316.4658601847142,316.6416608715399,141108
2011-10-11,320.025634765625,324.6840580813683,317.1031158853147,318.17983477929323,141518
2011-10-12,325.01373291015625,326.9694020370252,320.81675199869403,320.83872038414586,274144
2011-10-13,323.0360412597656,327.36488540531246,321.32210513038393,327.2769850548111,228752
2011-10-14,322.9921569824219,323.4536003682622,320.1575378645095,321.0364878655102,481998
2011-10-17,320.3991394042969,326.0024438358235,319.1466467901458,324.7719195998578,128570
2011-10-18,318.31170654296875,319.8498688951388,314.22459480045853,315.54301967374715,383384
2011-10-19,319.5862121582031,321.2342433401004,317.34487365676836,319.8059496491228,191008
2011-10-20,319.4982604980469,322.70642198568163,317.7403608529407,322.70642198568163,148110
2011-10-21,319.1906433105469,321.95933006572204,316.4658933199691,317.91618207958516,217440
2011-10-24,316.5537414550781,322.0471772946547,315.6967600994207,320.0475720137323,64762
2011-10-25,316.02642822265625,319.89382927085023,314.24656002628427,316.88340974636793,284018
2011-10-28,334.50640869140625,335.7589017184465,323.01412665321755,329.5623149161019,331878
2011-10-31,338.81317138671875,341.9114639926626,334.3744589092153,336.1982904298032,271878
2011-11-01,334.2646179199219,340.98860574512463,332.81435602909374,339.0549053417399,226482
2011-11-02,335.2534484863281,342.3290111404817,334.44043057369765,338.6154425190986,577794
2011-11-03,338.37371826171875,340.1096495513892,334.55028111288743,335.14356152243874,324234
2011-11-04,339.07684326171875,340.5930369845919,337.1651382351081,340.1535620981602,299358
2011-11-08,336.1983947753906,340.4613078908228,334.48443144520417,340.4613078908228,194614
2011-11-09,334.37451171875,339.23073147288375,333.53952539097094,336.2203119106437,335322
2011-11-11,324.64013671875,334.00094737930146,323.1459112247899,334.00094737930146,376046
2011-11-14,320.4431457519531,329.07881175787196,318.6193141210645,329.07881175787196,210544
2011-11-15,320.0695495605469,324.2885245002412,317.3008631827769,324.2885245002412,266108
2011-11-16,313.58734130859375,321.3660531915558,312.02721062017724,321.3660531915558,385268
2011-11-17,313.873046875,318.4875343236955,310.77475352413234,318.4875343236955,250382
2011-11-18,313.0160217285156,318.11392023333565,310.005629160109,318.11392023333565,159500
2011-11-21,312.4666748046875,315.9605058581161,310.33523212645713,313.0819504352184,186086
2011-11-22,312.9720764160156,315.1035190582408,311.58771968241666,315.1035190582408,137614
2011-11-23,313.5214538574219,317.98210870218156,305.52300405072634,308.53339686134456,382976
2011-11-24,318.6192626953125,321.651649855848,304.6000044073524,313.4774016429946,395690
2011-11-25,322.9261779785156,325.2114530130211,313.433530079396,316.68562851547335,197640
2011-11-28,323.56341552734375,329.60619578337224,322.5086649714686,329.51829543314585,308096
2011-11-29,324.5083312988281,326.551873832412,317.47673171985826,323.56344937603455,227000
2011-11-30,328.8150939941406,329.60614337355383,320.37717135909435,324.55218250849265,387766
2011-12-01,333.51751708984375,336.19830328866,329.65011645602283,333.1000105642131,388976
2011-12-02,335.5390930175781,337.2090923070747,330.0676250359081,334.0228992168619,147098
2011-12-05,334.8798828125,336.19830754798227,331.803558429708,335.3193577243274,66056
2011-12-07,330.8587341308594,339.274690884103,327.8483411911151,334.8579726174599,431116
2011-12-08,324.5961608886719,331.75962344864547,322.6185237748333,330.485135468137,195646
2011-12-09,320.5530700683594,325.1895258717939,312.44475109686834,325.1895258717939,209978
2011-12-12,324.0468444824219,325.12356347736187,317.7403896631515,321.7176326061455,221810
2011-12-13,320.9046325683594,325.1235816050201,320.0696193852964,323.89305703794605,82388
2011-12-14,321.4319763183594,324.5302692274,318.39958855513254,323.8930252106731,129898
2011-12-15,326.6836853027344,327.67250391586714,317.7403810199912,322.1790671762407,234738
2011-12-16,332.46282958984375,338.3298099708829,325.2774242401734,329.4963734104235,614692
2011-12-19,325.89263916015625,334.87990712417036,324.88185215425585,330.5290944518498,250630
2011-12-20,324.5741271972656,330.4850689683641,323.6732091691492,325.892551674533,265894
2011-12-21,328.88104248046875,331.8035613996483,326.28815657153024,328.2877620735593,224652
2011-12-22,330.3533020019531,332.4627762486285,325.67288338488123,325.67288338488123,93830
2011-12-23,333.4296569824219,334.83598221685304,330.4851693904553,331.43005128231044,141662
2011-12-26,334.11083984375,335.3193959891894,331.89149665044584,335.3193959891894,148440
2011-12-27,337.82440185546875,339.0549263596202,332.7045079218359,334.8799143046411,517902
2011-12-28,343.5815124511719,344.7681001874384,337.05532013683984,337.0772885197772,579238
2011-12-29,337.6265869140625,346.9654284004587,334.55026265972026,343.2298918059002,848460
2011-12-30,341.3182067871094,344.4604363658993,331.8914644038989,335.978575788506,446030
2012-01-02,343.4936218261719,345.82286059881056,304.9956256314554,332.7704487769873,164758
2012-01-03,344.5044250488281,347.07534278452977,341.93348048970415,347.07534278452977,157968
2012-01-04,344.5044250488281,347.20717990523355,342.94426751299613,344.9878367658827,290132
2012-01-05,339.450439453125,347.0972869786913,338.61542637448815,346.3062374861735,351586
2012-01-06,338.5494384765625,341.91143179361677,336.24219552422767,337.9781265387628,312006
2012-01-09,348.1739807128906,349.3825366573027,338.9450080464713,342.0652690281314,282394
2012-01-10,349.1188659667969,350.2614899600091,345.42726613371036,348.54752714677204,354906
2012-01-11,347.9981689453125,351.14042503008017,345.4711884147456,349.4264622886764,138162
2012-01-12,342.1751403808594,348.8991276911054,341.0544847702913,347.185164881941,284504
2012-01-13,342.54876708984375,346.04259842888854,341.0325730947764,341.0325730947764,205604
2012-01-16,342.7684631347656,344.54833116449004,339.1208267281929,342.7684631347656,134556
2012-01-17,340.85675048828125,346.218350085631,339.99979581966613,345.31743182925266,190042
2012-01-18,344.3945007324219,349.16279245508446,340.9665752067905,342.3509318093276,353906
2012-01-19,343.38372802734375,347.14126016166773,342.3729410465485,347.14126016166773,66872
2012-01-20,341.62579345703125,346.26227498416057,332.7264269750417,344.94385032016214,526156
2012-01-23,346.35015869140625,348.74530226614365,339.1208180298882,339.1208180298882,138902
2012-01-24,349.2067565917969,351.05255659875235,345.8667579684833,347.5367572801401,282018
2012-01-25,353.62353515625,357.6447149218943,343.2738784520597,351.1185225347044,617194
2012-01-27,359.2926940917969,361.40216821753097,354.326633156122,357.4908577564325,273226
2012-01-30,345.25152587890625,359.3147249260865,336.19835222165335,359.3147249260865,792224
2012-01-31,345.16357421875,350.59107814318224,340.5930248335522,345.2514477341667,908200
2012-02-01,348.4377136230469,350.4593145465402,343.77928974544676,347.66863243793404,280146
2012-02-02,343.7353210449219,351.09652598999065,342.35096431095866,350.63505586305587,110258
2012-02-03,343.44964599609375,346.3062329429583,341.82358344627147,343.40570923397155,165612
2012-02-06,344.7241516113281,346.7457255939139,342.35097622010005,346.7237572117291,125348
2012-02-07,340.4392395019531,348.50359312807115,338.4835708467019,348.0641182313144,199532
2012-02-08,338.19793701171875,341.4720307016636,332.7045002243689,340.4172801091237,157932
2012-02-09,337.2310791015625,344.0209721809635,336.2202921203666,344.0209721809635,190340
2012-02-10,331.6058654785156,341.45011649267525,330.04573454806683,341.4281481067248,298840
2012-02-13,328.28778076171875,333.1220051102849,327.40883088016125,331.6277795822685,482600
2012-02-14,322.3109130859375,329.51828559107787,320.81668764698077,328.08999211867695,497080
2012-02-15,320.72882080078125,329.16674540687023,318.1798713946249,321.3221280914962,1829332
2012-02-16,325.07965087890625,329.1667628635282,320.20146246471126,324.2226692958183,1024196
2012-02-17,332.7484436035156,337.7364731741166,324.3324882270632,328.66130542321895,1127116
2012-02-21,332.63861083984375,339.2746720640591,330.22149853886924,335.8687410945041,403634
2012-02-22,324.64013671875,334.00094737930146,320.9925001581076,334.00094737930146,531854
2012-02-23,318.0918884277344,325.0795492141599,316.3339890423107,324.99164888020556,911288
2012-02-24,316.7295837402344,323.0140698016226,315.8945706535558,321.69564502692214,200212
2012-02-27,314.81787109375,319.9377650132346,312.2908901200878,319.9377650132346,489036
2012-02-28,317.9161376953125,319.47626814861223,315.3012568047133,317.36679409743107,254428
2012-02-29,319.849853515625,325.87066551215906,317.3888045998579,319.05880399437285,569756
2012-03-01,326.9913330078125,327.84831452977994,319.56422240541383,319.56422240541383,541624
2012-03-02,324.7060852050781,329.0349299449397,323.2777914894566,327.40886711939334,304966
2012-03-05,318.75115966796875,324.7500031599122,318.1798476266934,324.6401344279969,224188
2012-03-06,317.8502502441406,322.4867054948392,316.4439250719468,318.1798564490257,186242
2012-03-07,322.1570739746094,323.0140554046526,316.4219318249658,318.94891253051236,120410
2012-03-09,327.3428955078125,328.2877773500359,323.0360464976235,325.1894844144287,186698
2012-03-12,327.93621826171875,330.4412308811783,326.31015555621536,330.02372430736455,103492
2012-03-13,325.3652648925781,332.17712654198743,324.2446091471984,328.0900149170262,369544
2012-03-14,324.2226257324219,329.16671863583053,323.0800016574468,327.8482938615882,221862
2012-03-15,320.92657470703125,325.2114553689875,319.2785436832019,321.2561809117971,183094
2012-03-16,318.8171081542969,323.0140885662211,317.7403891610583,323.0140885662211,275504
2012-03-19,316.8174743652344,329.5842151770269,316.4439045964835,329.5842151770269,92302
2012-03-20,322.9481506347656,324.7719823747639,314.24655214150636,314.6640587013951,160450
2012-03-21,327.3428955078125,328.6173835521946,320.8167034344394,320.8167034344394,304426
2012-03-22,326.15631103515625,328.7272284965705,322.5965482154064,327.36486702227603,335634
2012-03-23,326.8814392089844,328.63933888402426,321.25616561354076,325.38724057925265,324962
2012-03-26,326.74957275390625,329.56222271074483,324.33246091779796,329.1227478314524,130048
2012-03-27,330.1116638183594,331.8036318740421,325.43124424202404,327.7165196540536,342080
2012-03-28,326.33209228515625,335.758834562626,324.3544551705858,330.4851355904382,297412
2012-03-29,327.1671142578125,330.0456696604734,323.9589526604175,326.50790186834416,497388
2012-03-30,336.6597595214844,339.29660906044006,325.05763764413166,326.5518362888209,893634
2012-04-02,336.4620361328125,340.5052113396239,334.79203656270596,337.5167868209978,151114
2012-04-03,334.5283508300781,339.6262497268236,330.81478198774954,337.8683498557495,342352
2012-04-04,336.7696228027344,338.39568535679524,328.8590743138742,328.8590743138742,150118
2012-04-09,332.63861083984375,336.76965940563724,331.4300546893565,336.76965940563724,109510
2012-04-10,338.92303466796875,339.71408409159676,331.6277355261553,331.6277355261553,200052
2012-04-11,340.5051574707031,342.79043238461793,337.5167334248546,340.15358290473625,392974
2012-04-12,350.7888488769531,355.05176050832296,341.8894827016544,341.8894827016544,1055988
2012-04-13,353.40380859375,366.74186323176724,351.49207637619895,351.5799767350674,803490
2012-04-16,355.8868103027344,358.23801738693436,352.5028478120446,355.53523570627544,212722
2012-04-17,355.7989196777344,358.08419485234606,351.5799707580075,358.08419485234606,247604
2012-04-18,359.5124206542969,364.3246759608029,357.2930778722952,357.55675207124705,234570
2012-04-19,372.4989013671875,373.5097150602568,356.5899320072632,360.36940528453863,635022
2012-04-20,366.1925354003906,374.63046057268133,360.4134285527908,373.86137934021724,332988
2012-04-23,364.8960876464844,371.7958505208351,361.88569462163736,364.76425051098477,245340
2012-04-24,362.10540771484375,366.9396323957731,361.31435813174005,365.22566927952874,158018
2012-04-25,362.6107177734375,366.2144172039592,359.46848843203213,362.17124288735965,360910
2012-04-26,363.9951477050781,365.5552785001918,359.95197257415526,360.5892166519971,400006
2012-04-27,365.09381103515625,368.2360676253753,362.6766988345022,364.76420482597615,217288
2012-04-30,376.2784423828125,378.80542324342247,364.830125761603,369.99395621589287,520692
2012-05-02,380.6951599121094,386.0347910662191,377.92647320470553,377.94844158662517,584290
2012-05-03,380.8709716796875,383.52978973131815,374.8721279531782,380.1458272913237,202178
2012-05-04,378.21209716796875,395.5274193674216,375.7510483990505,395.5274193674216,310558
2012-05-07,378.3439636230469,382.2333058767304,369.59840211822967,382.10146876741265,350110
2012-05-08,364.78619384765625,382.2553239225801,358.3698700086259,380.14584942916076,617298
2012-05-09,361.7756652832031,366.06054463719437,355.97459248542464,360.36934054080024,228306
2012-05-10,360.7649841308594,366.0166881345999,357.8644334717563,363.8852454335905,239862
2012-05-11,361.2264404296875,365.5992215458128,356.50208471833184,364.676308056983,103218
2012-05-14,387.55096435546875,390.20980919603204,373.55369827307567,373.55369827307567,1241700
2012-05-15,394.36285400390625,400.27379772114296,379.8821751863187,388.4958738777686,1342570
2012-05-16,389.6824035644531,392.40715333969143,380.67316801342656,388.9792276225164,404508
2012-05-17,394.2529296875,401.68006637054646,390.53938816939643,392.40715653052865,586664
2012-05-18,401.8998107910156,403.8115159467661,387.66081277938525,390.69320042997583,469772
2012-05-21,407.832763671875,409.5906635152882,393.3520583470737,393.3520583470737,342146
2012-05-22,406.7560729980469,413.1064919895931,396.27460518065953,413.1064919895931,394214
2012-05-23,414.84234619140625,417.06168911971974,406.07481638210857,406.95376620111745,685402
2012-05-24,413.5458679199219,417.85271644005775,407.0855817280088,412.2274432613036,382328
2012-05-25,416.68817138671875,417.69895837505027,413.4799828944968,415.9190902485546,302344
2012-05-28,412.53509521484375,417.50115623484805,409.30493859623834,417.50115623484805,394236
2012-05-29,407.635009765625,416.5343780545461,405.19592900667953,405.19592900667953,356414
2012-05-30,408.2941589355469,411.3045781569402,403.6577040092159,403.6577040092159,294788
2012-05-31,410.24981689453125,417.6989217732614,405.877036298888,408.99732416578485,1041792
2012-06-01,399.3507995605469,412.55701337225383,397.3291991666173,408.7116084540038,243774
2012-06-04,406.66815185546875,408.6018524485365,395.06602876733257,399.19707738208865,201440
2012-06-05,412.60101318359375,416.0948441222332,406.1187581878903,409.4148200501124,378020
2012-06-06,409.9861145019531,416.1607310238651,405.9649087361202,413.10637533093694,346838
2012-06-07,415.6114501953125,419.25908678060625,410.03011317222814,411.7880129071573,700694
2012-06-08,412.2494812011719,418.40213064621423,410.0960699894608,416.22672422774684,236668
2012-06-11,404.7783508300781,414.42483023903213,403.48189451183634,411.7879808419651,265826
2012-06-12,410.3816833496094,411.7880084871419,400.4275923014701,403.89942814663675,365680
2012-06-13,402.82275390625,411.7880541823866,400.95498525067353,411.3485792046039,214086
2012-06-14,402.14154052734375,408.2282845713499,400.99891640690174,400.99891640690174,284616
2012-06-15,405.6793212890625,407.2174836355737,399.2849660418218,405.56945255002597,460954
2012-06-18,403.328125,410.403660783843,399.92219422500676,410.403660783843,243364
2012-06-19,415.5015869140625,417.0617175845998,400.91101355800964,403.32812572525444,336442
2012-06-20,421.85198974609375,425.41172589664575,414.00734626851334,415.2818342758777,712684
2012-06-21,416.75408935546875,438.7718004252467,413.5898643535544,432.8828253710333,514742
2012-06-22,418.8855895996094,421.8959824953366,412.24950128088864,420.5775575500387,163010
2012-06-25,416.8199462890625,423.5878432006902,416.1827023621561,423.47797448306557,206426
2012-06-26,430.7952575683594,433.73974467311757,416.7100928182092,417.4791738697212,470980
2012-06-27,435.62957763671875,439.51892051348767,431.12495905333776,431.12495905333776,596102
2012-06-28,432.7729797363281,439.03549810265736,429.828492052036,437.2775982103544,446960
2012-06-29,450.5277404785156,453.9776079899224,433.2563540691455,436.5524160826251,780658
2012-07-02,459.20745849609375,463.18467523351444,448.506225679749,452.65926997772505,567850
2012-07-03,452.2416687011719,461.36077290435014,447.38544958243074,460.5037646585989,402242
2012-07-04,452.8349609375,459.5369533585734,448.7258544082325,448.7258544082325,350950
2012-07-05,454.9444580078125,456.9660857451753,450.4618348659337,453.53815959184743,110360
2012-07-06,448.70391845703125,456.5485354891297,446.7262812062412,455.2960426263314,97812
2012-07-09,445.4956970214844,451.9559832062874,444.3310778449527,450.000314600139,230318
2012-07-10,458.43829345703125,465.40396051248115,443.8696884963229,444.7486383745334,577542
2012-07-11,461.18505859375,466.7004374507123,454.30726436992865,454.30726436992865,407720
2012-07-12,461.7782287597656,465.62363394810535,457.16374253375795,461.0091477220977,271614
2012-07-13,459.80059814453125,461.77823512579806,444.61674624193313,452.6591312677345,249432
2012-07-16,465.1842041015625,469.71081724876944,460.6575909543555,461.3607937457655,287916
2012-07-17,465.90936279296875,483.15875398147637,463.68999291379953,470.6776551055189,198454
2012-07-18,465.4478454589844,469.7986576011218,463.25047100809047,468.50222813382925,539334
2012-07-19,472.6552734375,474.1934356476639,458.8338087506208,458.8338087506208,226030
2012-07-20,475.9074401855469,479.02770164118,470.6776774841319,472.56744125209667,267232
2012-07-23,469.9085998535156,480.78560508744084,468.56817976999065,476.96219440334477,208162
2012-07-24,480.80755615234375,482.41159668775884,466.4586893307072,466.4586893307072,271568
2012-07-25,483.8179016113281,485.3780052326836,476.34682872097176,480.3240441597955,372678
2012-07-26,481.19403076171875,489.51039386656333,477.992021957946,487.8649276761603,377420
2012-07-27,473.455810546875,492.6235114143858,471.89926783138037,479.3928983326814,317840
2012-07-30,485.8191833496094,487.48690753200145,471.94368557936934,475.8128382552569,187050
2012-07-31,487.7314758300781,495.31408351509754,483.4176509817383,484.7740883689249,406492
2012-08-01,490.6889953613281,494.0911640995225,485.21889173386955,490.97807845713123,165814
2012-08-02,491.9119873046875,493.646431570489,489.4215296786696,491.4450570367555,76958
2012-08-03,496.2925109863281,498.98312799952566,489.2214031375123,489.42150834534584,245878
2012-08-06,499.9837646484375,506.98820698173785,494.93612976106823,503.25249354639715,605770
2012-08-07,490.4220886230469,503.09679234171097,488.75436444953846,502.45196070977954,249532
2012-08-08,495.936767578125,498.53840674683255,484.7963470324481,489.64387674242874,339386
2012-08-09,497.38214111328125,500.3395832711128,494.02443423768455,500.3395832711128,299242
2012-08-10,501.05108642578125,503.5860055802251,496.31473868025813,498.983097490367,254250
2012-08-13,504.0085144042969,506.0987070327706,498.0936308231134,501.67370050981356,149728
2012-08-14,507.6553649902344,515.0156112262816,501.80719990608947,501.80719990608947,436154
2012-08-16,520.819091796875,523.2873451060309,507.6774588556157,509.5897498602129,578310
2012-08-17,522.6870727539062,531.6705262629287,519.8852741123911,525.6667185635981,656430
2012-08-21,523.3096923828125,527.9126554535853,519.6852145503708,527.9126554535853,282936
2012-08-22,512.7919921875,523.8878983707656,511.5467360789245,523.4654298453084,213382
2012-08-23,526.6005249023438,534.4276987668114,514.7930714313103,515.8603713721853,947806
2012-08-24,524.5772094726562,530.7811229609327,520.7525178165539,528.3573850446444,220854
2012-08-27,528.0015258789062,533.38270555671,523.4875411424707,527.4456177657468,182772
2012-08-28,502.89678955078125,533.2271176467159,486.95329977547226,533.2271176467159,2386924
2012-08-29,513.8815307617188,515.8383384478177,499.2944781430636,504.7423784042761,623248
2012-08-30,511.2575378417969,515.7937803977771,507.9443473633149,514.1260561392327,392364
2012-08-31,506.96588134765625,520.7746589644771,499.04978332298293,499.04978332298293,447448
2012-09-03,496.1147155761719,511.1242363666421,493.6464615532425,511.1242363666421,350318
2012-09-04,495.13616943359375,498.0936111071213,476.257553834915,496.5593266094941,1120566
2012-09-05,498.493896484375,505.07581547491293,484.4182932634374,485.9748358628609,618680
2012-09-06,504.7200927734375,508.6781693011657,492.8014013998537,506.56571852215404,434408
2012-09-07,513.192138671875,515.8827557944128,505.23157750847446,510.54603763102233,433872
2012-09-10,515.371337890625,522.5536823395113,512.5695932729534,520.0854283375531,279880
2012-09-11,507.7887268066406,520.7079987381102,505.4316547000062,520.7079987381102,353028
2012-09-12,506.4544982910156,514.7041412894775,501.6958927472894,507.8776012026948,547066
2012-09-13,496.8484802246094,506.9882672854826,494.09119732822035,506.9882672854826,576306
2012-09-14,493.3796081542969,502.94122825694643,489.2880916306528,495.8700657885688,655158
2012-09-17,479.0593566894531,498.0936723107757,471.476802554249,498.0936723107757,1036126
2012-09-18,487.131103515625,492.31217748768626,478.9703840598357,482.5504536781342,338650
2012-09-20,476.3465576171875,495.51425948602105,473.41137348650074,489.1991647112736,793004
2012-09-21,478.25885009765625,483.55110587522563,471.8547781604252,476.74676926293665,671216
2012-09-24,464.9171447753906,480.7049372510767,455.84471232614703,475.85740701363636,1136930
2012-09-25,472.966552734375,479.41508589342385,461.2257642630798,464.73911387627817,404546
2012-09-26,474.30072021484375,479.41507397243464,469.2975480606787,475.8572626628062,536538
2012-09-27,474.2563781738281,482.97300722566035,472.41075223338646,474.9901877992936,698156
2012-09-28,481.46087646484375,490.3109442757918,467.42978859141505,476.30206015362637,939832
2012-10-01,499.00537109375,500.1838528413211,482.5282332122186,484.24041931119797,710372
2012-10-03,503.8750915527344,508.6336430764222,497.11527090990506,499.1165400290465,925600
2012-10-04,503.1634826660156,511.10183840891483,496.13678351178,496.13678351178,778240
2012-10-05,487.22015380859375,504.98695631608956,483.61782561723066,504.98695631608956,262930
2012-10-08,489.354736328125,498.98307478744056,482.28357494548305,489.64381937698045,336856
2012-10-09,504.03082275390625,507.05498499808385,488.3097501260986,495.8256396513771,353034
2012-10-10,499.89483642578125,513.4367364293504,495.64767670031273,506.5434757843483,423912
2012-10-11,497.3154296875,504.1419708940398,494.9583574225112,500.76206020847303,361090
2012-10-12,507.9221496582031,510.10132047246697,495.8700717757634,495.8700717757634,461564
2012-10-15,506.677001953125,532.9603313325861,505.3428222456609,532.9603313325861,415130
2012-10-16,498.5382995605469,515.838167557202,496.33692557291596,515.838167557202,193210
2012-10-17,501.2289733886719,506.3877894149154,498.5383566177259,502.54089471724376,259614
2012-10-18,505.43157958984375,509.0783145422066,500.3172257268581,501.65140499546305,251494
2012-10-19,501.3846130371094,508.50023627187295,496.8483706522094,503.1190570581624,200724
2012-10-22,516.7498168945312,519.3292517203515,498.5382925956019,501.05100760408556,563266
2012-10-23,515.6826171875,524.332525602077,513.9703767906245,516.7721753601471,356790
2012-10-25,511.8580322265625,521.2195483902033,509.14521096368395,515.8828294647063,706900
2012-10-29,514.7263793945312,520.7746479667974,510.6793797512579,518.1285474313978,396426
2012-10-30,516.2606811523438,520.2854771817458,513.7479658886346,517.5059369094781,243130
2012-10-31,533.2938232421875,534.1165564557497,514.5708473996962,518.084143516416,1191476
2012-11-01,533.6717529296875,540.3426498413086,520.3299591064454,534.2276610056559,561086
2012-11-02,530.6031494140625,540.7873966057475,527.089799384455,537.1851229958056,436882
2012-11-05,510.01239013671875,530.5809914965871,490.97807354150575,526.5561948126293,937042
2012-11-06,506.4991149902344,514.3040339299356,502.07405292752276,507.4552879989147,951340
2012-11-07,516.0161743164062,519.0180781602901,506.5434782494342,510.50155491598736,451964
2012-11-08,517.839599609375,520.040974290915,508.344698735721,511.4577845492409,290080
2012-11-09,518.5066528320312,522.5536532464012,512.6140265294655,519.8630361251622,614896
2012-11-12,528.557373046875,533.2270006589846,508.1888804141343,515.882669528292,1049840
2012-11-15,532.1597290039062,540.0536245266719,526.1114593482694,537.6743485647148,1132714
2012-11-16,521.0859985351562,536.8960467245837,516.5275520833634,532.3598583121062,436668
2012-11-19,518.43994140625,523.8655832425836,511.94694506286066,521.8421101465314,271044
2012-11-20,516.79443359375,522.5536198591651,512.324910704475,518.1063550092998,222608
2012-11-21,522.19775390625,526.9785630426238,514.1926781430194,516.3496447650944,299138
2012-11-22,522.9983520507812,527.0008904593332,519.4405401320685,523.1984572560482,318680
2012-11-23,521.0859985351562,528.9576898587976,519.6406374650755,523.4430706107559,453626
2012-11-26,523.6209106445312,527.0008206620847,519.4404713361308,521.2416350965893,858570
2012-11-27,523.5097045898438,529.0687847169756,522.5312739147334,525.6666168215926,722426
2012-11-29,525.0886840820312,532.782476111665,518.7291261636316,524.8663207781449,1823112
2012-11-30,526.9564208984375,548.9703818208972,515.9049786464597,524.888431893596,7061922
2012-12-03,520.7302856445312,524.3325595471982,516.7722088158138,523.4208484791342,432690
2012-12-04,521.0859985351562,523.8877970938576,517.7060881211631,522.4424360237768,346694
2012-12-05,519.0180053710938,523.8654800606955,516.6164717752071,522.1310904022334,201234
2012-12-06,518.6400146484375,522.0644412187775,509.2118347078718,519.4628020911692,512718
2012-12-07,525.4666137695312,530.4475288162585,511.43547108673,516.7944470858866,251410
2012-12-10,525.5999755859375,528.5574175133228,519.4849865318288,524.8439622907713,166776
2012-12-11,517.3057861328125,532.7822883441107,514.3928604512486,521.3973020551048,274036
2012-12-12,522.1756591796875,523.8878454400556,514.3262251709883,517.2169475779157,1515652
2012-12-13,504.0085144042969,524.7772181886373,498.87190212127456,524.7549601506738,401190
2012-12-14,502.7410583496094,508.7671242373372,499.094322705727,502.8300362237917,266198
2012-12-17,487.7981262207031,506.09862788447253,479.01478008650423,506.09862788447253,926648
2012-12-18,487.8204650878906,491.0891937130285,481.34967337633157,489.99963560061525,463986
2012-12-19,492.69024658203125,495.42532543911875,483.08416495353924,489.26587421650925,384942
2012-12-20,497.71563720703125,502.1629018842367,494.091105637529,495.8477534698656,301522
2012-12-21,478.3033447265625,497.8045906483961,475.5015460966854,496.1591243342791,579212
2012-12-24,473.9227294921875,482.55043306455207,471.9881803853685,479.0815452063362,343892
2012-12-26,470.87646484375,508.5003178780073,469.25320217523256,508.5003178780073,299428
2012-12-27,482.3726806640625,486.4864013995163,464.73926146477845,475.7239859296907,2316586
2012-12-28,479.6597595214844,488.9544993836891,475.4793198146351,486.0415735561401,405128
2012-12-31,491.156005859375,496.31482291017875,475.6572966646092,475.6572966646092,502612
2013-01-01,488.4208984375,497.78241335740535,487.1089769244438,495.64770435565106,134850
2013-01-02,491.778564453125,493.9799388191304,485.1965908185201,492.49011596521456,372366
2013-01-03,486.3973388671875,494.8471421505967,485.3077806852769,494.51359728414633,275836
2013-01-04,493.7798156738281,497.537732586923,480.8160283649333,486.4418290032724,554734
2013-01-07,486.842041015625,496.3814562919134,482.90622264586625,487.44246517553796,357672
2013-01-08,479.5040588378906,488.39858824900267,476.76903447429305,480.8604962882449,430782
2013-01-09,482.683837890625,487.8649118503525,480.3045622592349,482.8617393268188,241784
2013-01-10,475.4348449707031,486.8642933062127,473.56696126127906,483.1508382134777,207458
2013-01-11,472.8777160644531,479.88215854164804,469.2531841789906,472.32180793134245,218730
2013-01-14,471.1209716796875,475.8350613695142,469.45324742942574,473.0555209524113,165240
2013-01-15,475.390380859375,479.6375407424461,472.3218113725699,474.0562013301888,135744
2013-01-16,473.0777587890625,480.08220034105096,470.9653081622723,475.30139102778895,132294
2013-01-17,468.8529052734375,475.85734753860856,467.2296427163095,471.5212642315979,255086
2013-01-18,467.40753173828125,472.2995230314507,458.957728595534,470.8986237580993,424972
2013-01-21,474.45648193359375,477.6362874422101,464.8503998593763,467.60768259685983,160964
2013-01-22,471.43231201171875,482.1502089850404,469.40878487620233,482.1502089850404,142188
2013-01-23,463.3826904296875,475.3013806850652,460.66987001505237,467.8966746336557,187208
2013-01-24,457.1343994140625,466.6737615246973,454.06577557755384,462.6490191033396,289644
2013-01-25,460.2474670410156,464.2944673451601,446.95013379490985,457.1343815319964,254728
2013-01-28,470.3426513671875,472.2549966901043,459.4246503188776,459.4246503188776,139316
2013-01-29,476.2353820800781,479.05938461854146,470.5206571677111,471.4101102058353,566438
2013-01-30,472.89990234375,479.1038694527758,465.62863508891036,479.1038694527758,205356
2013-01-31,467.0517272949219,474.0784273897805,463.67181690657105,473.6114428709062,547106
2013-02-01,473.1667175292969,475.8573344532817,469.1864372413198,473.366877018396,219168
2013-02-04,464.4056396484375,480.0155286727438,458.0682871322869,476.7023380198118,429330
2013-02-05,454.4214782714844,463.40495793275153,452.2867967539427,463.40495793275153,344522
2013-02-06,462.6490173339844,471.41010800341417,454.2881370995166,466.5181163165863,498394
2013-02-07,464.20550537109375,468.674973766684,459.4246958776072,462.91578776643394,346770
2013-02-08,458.2906494140625,468.9418271685445,455.3999272197962,466.89609616556714,294404
2013-02-11,462.40435791015625,465.49518523320296,458.06827472706027,461.62608656960055,130488
2013-02-12,467.9856872558594,469.1641689739604,460.78108585126637,462.96025641724634,114844
2013-02-13,475.9907531738281,478.39223263417284,469.05297694826044,473.18895475289514,313706
2013-02-14,466.09564208984375,479.103892551138,459.8694709288824,478.08099985953265,362548
2013-02-15,461.60382080078125,465.62861709541914,452.8871927900992,465.62861709541914,277814
2013-02-18,459.580322265625,466.05105951191854,455.3776519028253,460.71434213539777,106782
2013-02-19,469.7201843261719,471.3657052177533,460.4254423879499,460.4254423879499,104284
2013-02-20,470.8541564941406,473.1889704932851,467.85225278095487,468.58606232398023,110146
2013-02-21,465.3840026855469,470.4761534477735,460.58098928043086,468.2969828409809,379270
2013-02-22,466.7404479980469,475.85734097942844,462.96027285942523,475.85734097942844,112796
2013-02-25,464.9615173339844,473.14449511547156,461.6260688595655,467.0295062457037,108146
2013-02-26,458.1349792480469,464.02760491535133,454.999635951416,464.02760491535133,159770
2013-02-27,456.9564514160156,462.5155323334854,442.0581145571966,458.1571911790292,371634
2013-02-28,449.17376708984375,464.2944681601949,444.28177556708306,454.35484169652995,468104
2013-03-01,463.0715026855469,468.7417659837372,449.17379852331555,450.0632515896984,257134
2013-03-04,462.0263671875,463.9831746259368,454.57719838537645,462.42663189116473,171854
2013-03-05,467.7855529785156,470.6985332363646,455.5555743641765,455.5555743641765,168058
2013-03-06,461.95965576171875,470.45392112560506,456.73411934275344,470.45392112560506,216406
2013-03-07,457.2010803222656,464.2499841856841,455.399916359784,458.66864513623165,258046
2013-03-08,461.3147888183594,464.2944344507284,458.0682638738029,458.0682638738029,142240
2013-03-11,461.20355224609375,466.05102675877873,458.0682092925749,461.1590361741007,173658
2013-03-12,462.9825744628906,464.73922253626233,458.2462260741982,461.6261368350625,97720
2013-03-13,458.97998046875,462.2042474141146,453.6210047271565,462.2042474141146,176934
2013-03-14,455.5555725097656,461.15911546721776,453.6654849134253,460.24745872878304,135430
2013-03-15,451.8865661621094,459.469174372876,450.0631984488985,454.51046325570576,259734
2013-03-18,455.8669128417969,457.49012110906295,447.88403972886437,451.3306700456601,240610
2013-03-19,444.6820373535156,457.97937053555705,442.39168502533397,455.4888587100181,795746
2013-03-20,428.9609375,448.64008500360165,426.937437366273,441.19091617455473,645648
2013-03-21,431.11785888671875,434.0308118905581,411.1273982599612,432.65214352156954,345668
2013-03-22,444.7264404296875,449.50724966430664,432.7188265380859,432.74105743131787,918980
2013-03-25,438.8116149902344,454.043496643705,436.94375838058085,446.8611532692331,317842
2013-03-26,444.6153564453125,446.50544423215183,439.01181292308814,439.7455954245476,937116
2013-03-28,439.1673889160156,449.173734486254,432.7410859987838,444.6597499603222,516084
2013-04-01,442.81414794921875,446.8611479352022,438.8560715413409,439.83447519604715,265274
2013-04-02,463.64959716796875,467.27407442245203,444.0816055907323,444.0816055907323,277542
2013-04-03,455.1108703613281,471.81037279156317,451.50859643083743,462.5600395218467,266348
2013-04-04,442.9698181152344,457.91264457286064,441.1686812465964,455.1108459505894,283252
2013-04-05,449.3516540527344,450.95265855095636,444.03716709565634,446.50539367372795,105390
2013-04-08,456.3783264160156,459.8249568954705,442.50288091066216,442.50288091066216,157418
2013-04-09,456.4894714355469,465.8287274696107,453.6432382639165,457.62354566912893,156934
2013-04-10,457.845947265625,464.29448173415494,454.1547226193259,457.5791222141633,134700
2013-04-11,463.31610107421875,464.6280225670713,457.1788535046177,457.1788535046177,77894
2013-04-12,462.2486877441406,464.29441857761196,458.06824821354434,458.5129746681206,200686
2013-04-15,455.06640625,468.2970200647447,452.73159204739795,463.8497549169313,271100
2013-04-16,462.7157287597656,466.0067161693343,454.51054542301716,454.51054542301716,143140
2013-04-17,471.2099609375,477.3694117931279,463.40498954242673,463.40498954242673,380944
2013-04-18,472.1883544921875,478.3033437780529,464.7391857257697,472.29953611556687,201606
2013-04-22,471.7213439941406,478.080954216553,467.4075189596253,475.7906020434241,551570
2013-04-23,470.0314636230469,475.85737010033927,462.0708481628528,469.7868423251232,248502
2013-04-25,470.3426513671875,474.30072736640795,464.87254896889027,467.45192963452774,636644
2013-04-26,472.2106018066406,477.6362431891598,467.4075340705837,467.9189803840927,182916
2013-04-29,483.706787109375,487.86496901413,472.7442680601825,472.7442680601825,373054
2013-04-30,478.01416015625,490.77784040828556,463.84963517460363,484.3070495734836,374550
2013-05-02,482.39483642578125,485.8192632159904,476.7468313147334,478.0142910441365,195924
2013-05-03,476.0352783203125,484.8186270987028,474.52319729328707,484.28492270144983,99290
2013-05-06,480.1934509277344,482.0390768085614,476.0352689016159,477.1915469742616,115160
2013-05-07,490.2665710449219,492.75702892559195,480.0823219541304,480.0823219541304,244174
2013-05-08,485.77471923828125,496.3147143054152,480.83821225170067,488.309638268231,324738
2013-05-09,481.57208251953125,489.64387939991707,480.3046228446053,485.64134087621204,155528
2013-05-10,483.9068298339844,485.6412738123218,480.3045565176809,482.08346228256124,51522
2013-05-13,491.22265625,493.1794093358656,480.74932590843497,480.74932590843497,199612
2013-05-14,498.5828857421875,501.651509557166,493.64643227699844,493.64643227699844,530450
2013-05-15,508.0555725097656,510.43484846489423,499.65023066896856,499.65023066896856,413416
2013-05-16,502.2963562011719,512.3249611400391,500.89551106587965,511.3243264503125,223824
2013-05-17,498.3826904296875,505.52051714141254,496.3147016485728,502.3185085233539,143038
2013-05-20,481.282958984375,502.49644394980294,478.1698737275863,496.3147352251714,249594
2013-05-21,447.5950012207031,472.2995534115071,443.392330274268,472.2995534115071,1609216
2013-05-22,442.50286865234375,453.176304680139,437.032738116889,448.28431316739955,969762
2013-05-23,435.6985778808594,448.284332991411,433.6528195986936,448.284332991411,571370
2013-05-24,440.0124206542969,442.05815174644806,434.94252757346703,438.90060437726856,414306
2013-05-27,440.5460510253906,447.394849842791,435.8764228709678,435.8764228709678,285114
2013-05-28,437.054931640625,444.28173666648115,436.1210169256325,437.610839719537,314464
2013-05-29,442.3916931152344,444.7265072784462,438.27797292290876,438.27797292290876,239326
2013-05-30,432.607666015625,444.72646210806994,429.58353150207995,438.0555651764489,453678
2013-05-31,434.7645568847656,438.9449962783288,431.3846467983576,431.3846467983576,420960
2013-06-03,424.1134033203125,438.90055825072284,421.80082027834567,433.6083024706805,284384
2013-06-04,429.29443359375,432.1406937103619,423.04603244606943,424.6692948341908,184500
2013-06-05,432.4075622558594,433.5638674201278,424.2690728902146,429.29447681536516,182592
2013-06-06,427.53778076171875,435.34275201962424,425.26968662397076,433.9196218878835,324282
2013-06-07,420.0442199707031,430.4952937338704,418.2208520015194,426.9374813889624,146796
2013-06-10,416.4196472167969,424.1801300668483,412.30592709377873,419.3770892979526,218216
2013-06-11,427.1375427246094,430.0060338794215,414.52953103781647,414.52953103781647,389616
2013-06-12,431.5848693847656,436.7214554121978,426.937471686059,427.02642242145095,577146
2013-06-13,425.3141784667969,432.852298089186,422.57912677141957,430.4952530621607,485852
2013-06-14,431.4736633300781,432.2741656153903,426.93744752137314,426.93744752137314,200030
2013-06-17,430.2061767578125,435.3872514348168,426.9819095740511,435.3872514348168,154012
2013-06-18,427.7156982421875,433.6083241862571,424.38024959460085,429.16105932280834,121198
2013-06-19,430.5174560546875,433.58607957094824,426.93741338168314,430.4952251598638,92302
2013-06-20,430.93994140625,436.23219715829237,418.9545578341182,429.18326645366795,287718
2013-06-21,436.3656311035156,445.70488725839664,426.49269773956564,426.49269773956564,606694
2013-06-24,430.8954772949219,442.3471836224702,427.47107812935064,438.3668763827461,315230
2013-06-25,430.0283203125,437.69985289613305,419.42157636701813,425.6032859441645,362246
2013-06-26,435.7652587890625,439.74556647160347,427.3821749557832,431.51812605882304,406440
2013-06-27,432.69659423828125,441.1686274721371,428.2715607416008,441.1686274721371,668824
2013-06-28,440.76849365234375,442.5029381367939,435.0093062731652,438.05567242687636,300764
2013-07-01,440.0568542480469,444.70425141700076,433.60832025451816,442.05812341845234,493776
2013-07-02,435.5428161621094,441.1018965090192,433.16354063121076,438.2778945503678,273150
2013-07-03,428.87200927734375,437.76653968922585,426.95969066757965,435.83199018222257,232916
2013-07-04,428.1159973144531,433.6083590042593,427.4933693259941,431.38472639398105,177766
2013-07-05,433.0079650878906,438.0555999762291,429.29448254791424,430.89551422506105,141010
2013-07-08,431.0511474609375,436.27668368241393,429.6502481695146,435.83195719547973,146314
2013-07-09,441.19091796875,442.5028665697823,433.16361008941504,433.8751616303387,504840
2013-07-10,447.8840637207031,453.1763201224024,441.6356615953035,441.6356615953035,704224
2013-07-11,447.1724853515625,456.0447571050878,444.2817631687826,451.95329511539074,469152
2013-07-12,449.2182312011719,451.86435933093196,441.34659378907855,447.3948633908574,916688
2013-07-15,445.3490905761719,451.3973596109158,444.4818685451739,445.1711891335239,590896
2013-07-16,443.05877685546875,447.9285374727834,440.3681869517867,446.95013374127586,146682
2013-07-17,443.34783935546875,447.6616645020094,437.6108568983072,442.94757466535975,215530
2013-07-18,442.2582092285156,447.7950587794898,440.2791711616762,443.8369826458109,141324
2013-07-19,434.0530700683594,445.638190126537,428.49398874063957,442.947600192711,220006
2013-07-22,425.8033752441406,435.8319519756056,423.00160383880177,433.60831956756675,325098
2013-07-23,429.04986572265625,432.2741326586389,424.6915517069455,425.80336789176715,453052
2013-07-24,430.9844055175781,431.38467019286253,421.60068798230276,431.38467019286253,227338
2013-07-25,424.0956726074219,434.5529612371977,422.1307092267788,433.7172934938654,452350
2013-07-26,427.9127502441406,430.4875501294637,425.8800178458378,426.0155278249185,99086
2013-07-29,434.6659240722656,436.3147068572226,425.812256626326,425.812256626326,196448
2013-07-30,418.0878601074219,437.71502543060103,415.15169120618464,434.68850735672487,705076
2013-07-31,423.12451171875,425.9703313237409,408.9179665226049,418.08784194788467,295182
2013-08-01,416.1003112792969,428.20635586202275,411.51535963597433,422.8083168158858,653746
2013-08-02,419.1494140625,424.5700335650441,414.7903215175922,417.9523495607429,222224
2013-08-05,431.2554931640625,433.1978764599098,411.06367839261515,422.35663659021446,724764
2013-08-06,421.20477294921875,432.70101025189723,418.49446290084035,426.8738326196038,325230
2013-08-07,427.16741943359375,429.8099604480064,422.35660853272304,422.35660853272304,117856
2013-08-08,437.8504943847656,441.78044867546527,424.77324552793283,426.9415151853492,196438
2013-08-12,455.3997802734375,459.6007546273538,441.1028861458099,446.2750657985762,701100
2013-08-13,451.13104248046875,459.35232052168016,446.4331614367207,455.33201688400953,245794
2013-08-14,450.9052429199219,456.82274201988895,447.51735544191814,451.718330400503,172512
2013-08-16,448.05938720703125,458.3359784037916,443.56478466397914,447.3140409930535,245288
2013-08-19,430.4649963378906,455.9418940957591,419.96254496410165,449.5500961461738,390266
2013-08-20,426.8963623046875,429.9906491180528,423.9601934344453,429.1323733430881,247120
2013-08-21,426.9415588378906,437.5795192031528,424.6603593846887,432.76870831858423,254784
2013-08-22,427.30291748046875,433.6495538745984,421.5660897431968,425.5637855396998,712434
2013-08-23,422.31146240234375,429.15497831079364,420.5497499510687,423.7569389492692,390672
2013-08-26,429.2227478027344,433.2204438563896,421.0918181445627,421.0918181445627,295770
2013-08-27,424.0956726074219,431.2780038889963,421.2724335141449,429.2226913432295,281426
2013-08-28,432.3170166015625,434.10130949604496,414.3837936191679,420.1432022519198,223646
2013-08-29,432.2718200683594,437.89571825317114,428.68065417415215,431.3909638949582,532974
2013-08-30,449.12091064453125,453.9768822708111,431.9556155934956,439.9736152554925,352458
2013-09-02,449.8663024902344,459.8041058963625,446.4332265893342,449.45974495897667,268028
2013-09-03,430.848876953125,454.38341517361334,420.21091729416264,454.38341517361334,287912
2013-09-04,439.5218811035156,446.74937349576254,427.32548769159894,430.8488847186802,516786
2013-09-05,436.6986999511719,450.36317957209036,429.5615557790138,450.36317957209036,389200
2013-09-06,443.99395751953125,446.29770997391057,439.6574450097541,444.4908366541781,188118
2013-09-10,449.5274963378906,453.5026120323372,437.060054186724,445.39426268932,620722
2013-09-11,449.0531921386719,452.5088484785171,444.94256626038367,449.52751845368164,203112
2013-09-12,449.3016357421875,463.01127565651836,440.8770780885482,449.0531686108865,427036
2013-09-13,452.8927307128906,467.5284138261617,450.92776724827627,451.94413336528964,635382
2013-09-16,443.6777038574219,460.3009311869324,440.4704875000609,460.3009311869324,640750
2013-09-17,446.726806640625,449.75332468577943,438.75396782541844,441.4642775546858,272350
2013-09-18,448.5111083984375,451.266578983572,443.24857920683684,446.77197641148814,187384
2013-09-19,456.4613342285156,458.49406654323934,447.6528275313795,453.5251653294702,387810
2013-09-20,450.7019348144531,464.99883006911875,444.9876872786295,458.94579380755135,709180
2013-09-23,449.685546875,452.5765548897173,445.07801491372373,446.6816092905,202110
2013-09-24,447.2237548828125,451.49249888061627,445.39430104681105,446.29773776293035,639716
2013-09-25,442.1418762207031,449.9114366652056,439.52191553739465,448.55628173549115,242052
2013-09-26,440.8544921875,446.25253153098186,438.6184810285701,442.27738832812975,216636
2013-09-27,444.8070068359375,449.39193094896416,441.3287704797368,442.6839253532672,199364
2013-09-30,438.32489013671875,445.8234312932873,432.407390776725,441.3965969749782,262826
2013-10-01,448.488525390625,449.45973081211645,434.417516189529,435.14025447712845,381792
2013-10-03,457.86163330078125,459.39748646670625,448.48847907837796,448.48847907837796,426614
2013-10-04,461.8141784667969,465.5860151250092,456.46132780825906,456.46132780825906,301692
2013-10-07,473.9428405761719,476.56282889585464,461.249566777936,463.0112792590057,400874
2013-10-08,478.16644287109375,480.7638231740398,471.1873618418186,476.5628208014122,446212
2013-10-09,473.1297912597656,478.79882323307584,470.9389683811112,474.21392628322906,231560
2013-10-10,472.8812561035156,481.0347928677459,470.28387607198505,476.11105273621865,305538
2013-10-11,467.1218566894531,478.821371028716,464.8181045174988,477.4662162050498,274702
2013-10-14,462.94354248046875,471.887587915546,461.4528774315226,469.2450465819915,268358
2013-10-15,466.1506652832031,468.88358298238387,458.5166427577959,467.0767098302359,233574
2013-10-17,455.6707763671875,469.24493158838567,453.9768329606181,469.24493158838567,108788
2013-10-18,465.427978515625,467.5284798155398,456.2355213658891,459.26203974453534,133794
2013-10-21,465.9248046875,471.6390520416424,464.84072491270297,467.4832658612074,146278
2013-10-22,466.98638916015625,469.78702049501175,463.8243611375937,465.7215558945742,142644
2013-10-23,460.00738525390625,469.71933008629884,454.5190236701142,469.71933008629884,222230
2013-10-24,447.7431945800781,460.7526763995736,445.43941465566166,460.2783776880077,458514
2013-10-25,440.3575744628906,449.2564305019067,439.1605375083077,449.2564305019067,550996
2013-10-28,436.630859375,444.4907681324492,435.0950338324063,440.4253037897744,141130
2013-10-29,447.7205810546875,449.4596853919964,432.4073204437071,432.4073204437071,529102
2013-10-30,439.4767150878906,451.08585254858406,438.6862081168717,451.08585254858406,608678
2013-10-31,439.29608154296875,443.271197383665,435.9985432059377,441.5546732218529,769782
2013-11-01,441.5545959472656,444.9424828726922,437.7149907651155,441.7804550756274,477978
2013-11-05,444.6037292480469,451.2665740602477,443.3615039440772,443.8132222364298,538306
2013-11-06,465.11175537109375,467.5510452023164,444.9425223888436,446.74939557620945,561542
2013-11-07,451.80865478515625,469.6967162297265,445.93631681222763,469.6515002860497,432420
2013-11-08,460.933349609375,464.3663975513203,451.71828555575905,453.93171618326073,299326
2013-11-11,497.47735595703125,510.7578290659962,474.3041865027683,474.3041865027683,2713396
2013-11-12,514.236083984375,520.379441361054,502.2429419902011,505.4727386137321,1799262
2013-11-13,514.7103271484375,523.9705510798977,511.4128170771886,519.7018357631696,700162
2013-11-14,518.7080688476562,525.3031440191093,507.2795754997888,514.9587854583787,383232
2013-11-18,521.8475952148438,527.042355954918,518.301617390116,519.4309132031756,304866
2013-11-19,514.665283203125,522.4348717895929,512.9487865841164,522.4122638158772,334196
2013-11-20,514.5072021484375,525.6194625625205,510.39657617974586,517.194904282205,344404
2013-11-21,511.6160888671875,519.9277158570374,506.82788635238575,516.3139697867887,276452
2013-11-22,510.1932373046875,519.9277892113811,508.6348311485796,512.9261552124442,293974
2013-11-25,524.8966064453125,529.5944872731006,511.63868683747137,515.3653623995831,434744
2013-11-26,525.2354125976562,530.7463533737741,519.566326315686,523.9254186009558,569074
2013-11-27,521.7572021484375,534.5859567146986,517.5110394445926,528.4200465329709,658400
2013-11-28,517.2174072265625,525.5290342312322,510.53195492812637,521.9152881545401,960950
2013-11-29,520.5150146484375,524.8966600640151,511.97752782393684,518.6177647199964,289154
2013-12-02,524.1737670898438,527.6068140985107,518.798309924777,521.1246694912436,260706
2013-12-03,520.3343505859375,527.8328637669272,518.5726380868057,523.9254892199623,209076
2013-12-04,514.326416015625,524.4449163867658,512.7454020558027,523.9931981125309,246100
2013-12-05,513.084228515625,523.0671920825129,510.9160137245886,521.7346451320237,187954
2013-12-06,514.28125,515.8622639437857,509.538208168643,509.538208168643,203004
2013-12-09,504.1627197265625,519.2501200633352,500.978139199871,519.2501200633352,202634
2013-12-10,504.1176452636719,514.0554483065041,495.53499718122583,503.71108774727674,457036
2013-12-11,513.7166748046875,514.9589002218894,499.8941048270112,501.4525110211234,308232
2013-12-12,515.0491943359375,515.8623093494386,505.0436778955597,506.8279431611823,262998
2013-12-13,501.2265930175781,523.9480445834233,496.9127165236118,514.4845135220556,588158
2013-12-16,506.69232177734375,511.7967598857151,501.79118995940735,501.79118995940735,250370
2013-12-17,521.3507080078125,525.2580824887391,509.58342376148937,509.58342376148937,410624
2013-12-18,533.2533569335938,536.6412435723079,509.5381504625953,525.3482881099276,680182
2013-12-19,531.446533203125,539.8259289876178,528.510364511395,534.3827018948549,527834
2013-12-20,535.625,537.9965211891208,525.2128706273967,530.5883296843498,255384
2013-12-23,540.797119140625,545.3369100486956,530.9948542242631,537.5447694826653,553828
2013-12-24,541.5875854492188,549.4474941968348,539.3516021201007,544.0946438472874,244722
2013-12-26,531.83056640625,545.991925066315,530.0463010539108,541.497349725776,455102
2013-12-27,551.95458984375,554.7100603857917,529.8881623949553,535.647570595215,474148
2013-12-30,549.8314819335938,557.826928771819,547.7310359928515,553.354906661136,465808
2013-12-31,551.7062377929688,558.6627119414422,549.4702538466114,549.9671330412015,213110
2014-01-01,554.2809448242188,557.578455226775,551.7287254803563,554.7100551393087,168936
2014-01-02,557.5105590820312,562.3891375121827,551.0961829436651,554.6196068255945,617586
2014-01-03,564.4446411132812,566.0030472394653,553.8066527658297,558.3238359042132,280924
2014-01-06,566.4096069335938,569.1650776303503,558.7755563720186,567.7196010770539,327226
2014-01-07,555.7489013671875,569.3907684069383,554.1678877301988,567.8097547699496,143272
2014-01-08,558.8657836914062,564.5574776205715,554.8003195370807,555.3649673362926,232766
2014-01-09,557.8043212890625,562.9087600401057,553.4000679464751,562.840991268095,319842
2014-01-10,564.6478881835938,568.7133529785157,553.8292567025542,554.7552461543381,302964
2014-01-13,569.9104614257812,572.1916059849057,566.025694684142,566.906523400994,363092
2014-01-14,580.5484008789062,587.2338545098866,568.8489397367908,568.8489397367908,378860
2014-01-15,583.71044921875,586.7821561574282,577.8381104735256,582.7166908722728,714052
2014-01-16,582.6715698242188,589.2666473752233,578.6964258842513,583.6201674272047,192082
2014-01-17,573.4337158203125,583.394125383414,568.6906741505286,580.4805646999592,327550
2014-01-20,585.5624389648438,586.7820562862489,569.6619221376864,573.3660451852219,322490
2014-01-21,588.9050903320312,595.2291461527263,586.3303182330188,587.2337547788325,446264
2014-01-22,598.7074584960938,601.2370700012535,589.2439268263383,590.8249409097376,514772
2014-01-23,598.7300415039062,603.2698328001823,592.2930552684869,600.7853819724766,602726
2014-01-24,599.3848876953125,606.4542885192321,593.0833857511083,598.0975018598455,428284
2014-01-27,591.1636352539062,599.407493086806,587.8435172371527,599.407493086806,325360
2014-01-28,582.806884765625,595.7937849137709,576.4376682429863,590.7571703607323,254898
2014-01-29,583.936279296875,591.1412199446349,580.525838895818,585.8786902261969,247880
2014-01-30,573.0723876953125,585.8785894747517,557.8720570557582,585.8785894747517,327530
2014-01-31,594.2354736328125,596.923175687325,574.156615565481,576.8443176199936,337794
2014-02-03,593.128662109375,607.9901482180677,584.9977337205469,598.9106225454871,753396
2014-02-04,605.9801025390625,627.8884402007432,601.4629195160355,616.5954826431758,1547316
2014-02-05,607.1546020507812,613.7948946492444,596.2682012233914,609.0970129446592,535454
2014-02-06,617.0245361328125,619.7574536665421,600.0173877309492,609.7744911335732,413398
2014-02-07,625.8104858398438,627.8432180014231,617.0471406038682,620.6608866688982,438504
2014-02-10,619.5543823242188,630.0116189811695,617.5668103720358,627.8885645962908,189462
2014-02-11,612.6203002929688,622.9194989824473,607.5610776877387,620.2317973124296,124926
2014-02-12,626.1041259765625,628.6337372432608,613.4334065317765,616.595434400497,378660
2014-02-13,609.86474609375,627.662454648586,605.4153327403868,626.781626193038,192064
2014-02-14,616.2340698242188,617.9280134135406,610.2714104463629,610.2714104463629,313374
2014-02-17,614.743408203125,617.0471603650825,612.078259366535,617.0471603650825,91172
2014-02-18,613.7045288085938,622.6485740425198,611.6040274886597,616.5729292538632,147126
2014-02-19,616.776123046875,622.4226012951776,611.7168454515623,614.7885516751946,106484
2014-02-20,629.9664306640625,633.3091576456798,610.8135606599069,610.8135606599069,246996
2014-02-21,641.9820556640625,645.4603198201422,633.263925154749,636.0193958842067,484010
2014-02-24,644.7601318359375,649.1192246441864,641.0109028716822,643.6986048141723,229316
2014-02-25,644.8279418945312,648.2158295051855,639.0459249824547,646.8380664869595,159402
2014-02-26,641.2592163085938,653.6363073798625,635.3191102961799,644.1502241352342,437542
2014-02-28,643.4953002929688,647.7640159987468,634.799723369694,634.799723369694,468386
2014-03-03,647.3350830078125,654.9916879238772,639.4751717244446,646.409038220047,259112
2014-03-04,647.0637817382812,652.7328678023935,643.8114324120147,650.5194373608067,273378
2014-03-05,644.78271484375,651.377791019973,643.540489514135,648.2157629082255,161392
2014-03-06,647.651123046875,657.2501370763405,645.482853115426,645.482853115426,342132
2014-03-07,628.949951171875,652.665161439055,619.3509374923021,650.4291779561352,366344
2014-03-10,621.3611450195312,627.8658445876092,610.2940463952771,627.8658445876092,363260
2014-03-11,620.6383056640625,631.7957802094303,617.0697753829161,625.5846538903077,349502
2014-03-12,625.9234619140625,630.7116647777402,618.4023413290789,620.6609327875489,470724
2014-03-13,627.9788208007812,638.7297394621495,625.291118706139,630.5988092568322,291566
2014-03-14,631.9312744140625,638.3682599923221,626.0815446644116,626.0815446644116,382216
2014-03-18,639.5879516601562,643.585647584764,626.0815634690177,637.7810784611115,392728
2014-03-19,638.1425170898438,645.5055485525676,634.6643077091376,642.3661279482186,627142
2014-03-20,635.07080078125,647.1994267149646,632.9251387488675,637.8262715208724,212604
2014-03-21,636.33544921875,641.4398872797132,632.8346329325403,635.9289469244276,201054
2014-03-24,636.3130493164062,645.0537881485426,633.4220409182731,639.2492185201636,234700
2014-03-25,637.8262329101562,645.9345542535544,634.5061144682581,637.6681425350931,325326
2014-03-26,624.003662109375,645.9571601606832,619.4864791711884,645.9571601606832,477446
2014-03-27,604.9637451171875,628.2950067971766,601.9598073351065,628.2950067971766,616054
2014-03-28,614.111083984375,621.587044577118,600.8531617173687,604.9863955617258,362076
2014-03-31,617.0020141601562,621.2933378513144,589.5375204801877,614.878905143906,1057934
2014-04-01,609.277587890625,620.5930967869192,604.9636566157166,617.0471196095343,329190
2014-04-02,618.8993530273438,625.6299680439678,607.5612325047917,610.8361908212675,233626
2014-04-03,621.8579711914062,624.6812103960112,571.8753332848001,571.8753332848001,302960
2014-04-04,609.6390380859375,623.5971453039244,608.4419735009357,621.5192520450629,174168
2014-04-07,610.0907592773438,614.336922564525,601.2144831546577,611.2878238679732,289768
2014-04-09,614.8112182617188,616.2793027462467,607.5611174431075,609.6616185800187,733158
2014-04-10,607.2674560546875,617.04716780253,603.0890619828182,612.823612931135,235786
2014-04-11,608.5775146484375,619.7123824116095,606.296315045785,609.5261121046722,353988
2014-04-15,595.251708984375,611.9201230189308,587.5498909587947,611.1747768968768,414146
2014-04-16,598.3234252929688,600.3335494327839,590.8474662589024,597.4651495965782,285528
2014-04-17,598.4364624023438,604.7830718196628,593.1964856895797,599.4979894438201,227244
2014-04-21,605.0540161132812,610.948961607156,595.3646812556241,595.3646812556241,182542
2014-04-22,613.9981079101562,614.8337757486302,604.4442547025138,609.2099048910947,232298
2014-04-23,617.7699584960938,621.9935137262621,615.2403469524685,617.0020594147526,372476
2014-04-24,617.7699584960938,617.7699584960938,617.7699584960938,617.7699584960938,0
2014-04-25,618.65087890625,623.3713135355209,615.6921017021123,621.993550532379,398282
2014-04-28,631.2537841796875,636.2679019621497,620.0737550521001,621.0901213364261,829218
2014-04-29,628.1369018554688,638.0294884766646,626.1493303143603,635.9742033039158,311684
2014-04-30,623.9359130859375,634.6642229037047,613.4786232247611,632.4056313631221,208818
2014-05-02,623.0324096679688,637.8035747030517,618.4022975062167,627.8657729900227,441080
2014-05-05,614.743408203125,626.9171935930101,609.3679497309637,624.2746527266062,178868
2014-05-06,610.7908935546875,619.554239361661,606.6576601952204,618.8540539593835,116326
2014-05-07,611.4684448242188,617.4537118783289,607.335211641593,610.7682594518989,95336
2014-05-08,618.1539306640625,620.6609894684748,608.4872024521261,616.5052028619263,147856
2014-05-09,604.5797119140625,622.4677434403853,600.7852676166273,616.3695471149533,209702
2014-05-12,602.750244140625,608.8936013967532,596.0422390642389,604.3990268040558,349784
2014-05-13,612.4170532226562,614.3368558973355,593.1060969067657,604.7604504943158,318800
2014-05-14,614.9466552734375,618.0861303318985,604.6700646403424,614.3368466377736,187688
2014-05-15,599.904541015625,616.5955109966684,598.5267780736891,610.2714544736257,204636
2014-05-16,588.3404541015625,604.8507793586869,580.457992140338,604.8507793586869,568800
2014-05-19,574.2921142578125,599.43025150796,553.5808389020384,589.4924477904203,686548
2014-05-20,578.199462890625,585.8335137023823,574.2920883045299,574.2920883045299,240958
2014-05-21,583.5071411132812,586.7820989403153,576.4828991656357,578.8318675195188,119192
2014-05-22,578.1317138671875,589.492441292796,575.940890918249,585.6754433271918,280272
2014-05-23,585.336669921875,587.7307441326711,578.3575882110742,578.3575882110742,344264
2014-05-26,561.3277587890625,575.940834824769,546.5791452062514,575.940834824769,1137278
2014-05-27,565.2576904296875,570.926777218972,561.9375719133019,561.9375719133019,420358
2014-05-28,568.4874877929688,571.1977976275002,561.0341357480073,566.9064737228254,321158
2014-05-29,567.67431640625,573.4563322022216,562.3892348103709,566.9064174192896,381166
2014-05-30,576.0310668945312,582.7165187789369,560.1306071983579,569.1649718305895,894950
2014-06-02,563.3604736328125,581.3614363725577,560.5823951346885,576.0311385201994,246184
2014-06-03,559.7918090820312,570.023237883726,557.4202884060735,566.4998136800349,299514
2014-06-04,558.84326171875,566.9064217083962,555.6586258988123,560.5823660080636,272356
2014-06-05,557.894775390625,562.3893509581884,554.8456764998879,559.7693624473651,301648
2014-06-06,573.795166015625,579.5545742948608,556.5395491492957,562.3892790312561,479714
2014-06-09,587.0078735351562,597.1715342927869,579.102804056999,579.5545223128937,445364
2014-06-10,600.1754760742188,604.3990307691785,582.7165543290286,594.0095108082733,639290
2014-06-11,597.9170532226562,609.0293145004847,590.8476494467895,604.354040229244,513792
2014-06-12,602.95361328125,606.2059630083435,592.8576650897168,600.3336250656397,287584
2014-06-13,609.3906860351562,611.6040619238839,598.5268372348236,603.1343425290515,522916
2014-06-16,606.29638671875,618.5831597221502,596.2682607535472,612.7559816001416,385092
2014-06-17,608.6903686523438,613.8851287558703,605.3250895983545,607.561072977664,443294
2014-06-18,610.1357421875,623.0097107082341,603.5632755538486,603.5632755538486,403246
2014-06-19,610.0681762695312,618.1313369510755,607.7869767824633,614.3368921769975,204994
2014-06-20,598.2329711914062,616.1210004061924,594.0320251282426,612.0329838900177,567812
2014-06-23,611.8975830078125,614.3368727957211,601.2596503909281,609.8196899075173,364076
2014-06-24,608.2838134765625,619.9833277386706,605.3250918825711,616.2566519981649,595552
2014-06-25,610.677978515625,612.0331334105596,605.9123284118809,605.9123284118809,390880
2014-06-26,613.1849975585938,618.3797581211,608.3064728977728,609.8197182072673,998842
2014-06-27,649.36767578125,654.9915466598055,621.6095526672785,622.0161101727946,972880
2014-06-30,659.124755859375,664.0032803211765,647.9447281483311,654.9463616643384,630934
2014-07-01,664.4324340820312,669.5368175996214,655.9175554682108,663.9355549985692,439840
2014-07-02,683.9465942382812,691.8065028503632,661.0218929521853,665.1551259857393,517654
2014-07-03,678.4130249023438,690.6545781273006,674.4830982871958,688.0346454309976,395588
2014-07-04,690.5643920898438,697.8822069273849,679.8586898013303,684.3532650963946,346360
2014-07-07,693.0714111328125,699.7568089013479,675.9964373021021,694.7427467895978,296476
2014-07-08,680.219970703125,698.3338629636397,668.7689231685379,693.071389038987,237118
2014-07-09,661.586669921875,688.1025695721753,653.1847198237907,686.1601586530692,295632
2014-07-10,667.0750122070312,676.9224933908033,633.7607869486811,655.240014578589,547162
2014-07-11,665.923095703125,678.9326047977228,655.8949715011933,659.5087179006489,259994
2014-07-14,644.4212646484375,673.0376056558528,639.2491125801522,660.412102228626,336086
2014-07-15,647.8543701171875,654.9915413833013,635.5224934918422,646.8606119040603,335870
2014-07-16,672.0213012695312,677.1257401800145,648.2383765898,652.8458812509447,272544
2014-07-17,672.5633544921875,675.2962169866103,662.4448540464927,672.744052831491,114788
2014-07-18,676.2223510742188,682.0946894603009,666.3071556250474,673.5120410498732,119726
2014-07-21,677.4192504882812,683.8787880527871,675.3187497034016,676.9449242931395,166078
2014-07-22,667.5944213867188,678.6615186556692,662.6706813693978,676.2222290456635,208696
2014-07-23,667.88818359375,677.1258017275358,664.3195976264124,673.5120549538065,404632
2014-07-24,677.7355346679688,679.8360357735544,669.875625285896,670.7565090483125,278366
2014-07-25,676.71923828125,679.0229908011169,667.1879922770013,677.5775141608002,110130
2014-07-28,665.177734375,680.7394061077017,656.4369420812762,675.3187870809649,389330
2014-07-30,673.7604370117188,676.0867420903977,662.7158917444865,662.7158917444865,246760
2014-07-31,675.7750244140625,681.7500895295353,668.7240608132582,679.0029434333787,457222
2014-08-01,684.9321899414062,698.2329782105362,670.9217557862988,676.7136667509328,654802
2014-08-04,687.816650390625,703.8187528012458,684.4971824489828,684.4971824489828,377798
2014-08-05,691.3192749023438,697.3171989217325,687.2443306510311,687.8166527118664,406036
2014-08-06,695.5773315429688,704.1850778680378,691.6397668630945,691.6397668630945,375780
2014-08-07,687.8624877929688,700.0414911404671,686.5346893168917,699.7439283553244,86200
2014-08-08,687.15283203125,696.424450098892,681.2922313408035,686.5346794474096,259070
2014-08-11,691.5253295898438,698.1642658901293,683.1923422451276,690.9072329055693,315814
2014-08-12,674.8822631835938,685.4359057342161,663.069511933002,685.4359057342161,936198
2014-08-13,676.4617919921875,687.1069828166507,668.5408878379445,679.4607820861635,354844
2014-08-14,668.8841552734375,673.5085056911136,666.251474166895,672.134932939874,395038
2014-08-18,668.6781005859375,674.9278679201916,666.3201786902514,673.0506629635593,317302
2014-08-19,682.3910522460938,684.6345659076412,668.9300261676352,668.9300261676352,194346
2014-08-20,694.5014038085938,696.0581310832458,682.3453160602365,686.5575843179261,350436
2014-08-21,706.337158203125,713.0905602989648,697.4547621931339,699.972979923786,530782
2014-08-22,712.8614501953125,717.8292504410259,705.3067989238509,708.7407313199698,325076
2014-08-25,722.4536743164062,728.7720770271111,712.0144964245186,715.4942037582036,367096
2014-08-26,721.8584594726562,734.1290685430848,710.3662420491894,729.2528727192049,236518
2014-08-27,714.8760375976562,727.7647417485948,710.205911878595,721.8583668280219,209990
2014-08-28,716.432861328125,721.537986041239,709.7252346085253,718.3787566217147,249674
2014-09-01,717.4400634765625,729.2070392912258,714.2579749828107,717.211134638427,223460
2014-09-02,732.4805908203125,736.9447022983246,714.2807517176475,719.2942699443182,382782
2014-09-03,739.9209594726562,745.8501943395876,735.3194672249095,740.5390561903513,766566
2014-09-04,738.4556884765625,744.4307530751931,733.1674662333896,740.7221173443442,153240
2014-09-05,756.7243041992188,762.3559761950314,732.5723108266526,738.2955320049858,204474
2014-09-08,771.3298950195312,778.35799871209,757.7544046285346,762.9968523223533,261646
2014-09-09,764.1873779296875,777.9001929954951,754.5265362351491,777.9001929954951,347424
2014-09-10,765.2633666992188,768.2852163242347,751.664959550399,766.9116432318791,382644
2014-09-11,788.2477416992188,793.3299505820074,754.228950861742,767.2778942614896,430226
2014-09-12,804.0896606445312,807.6609730176085,783.440289802803,790.7431535638502,543488
2014-09-15,790.2623291015625,805.8065744584399,789.5755426046608,804.0896082161855,329550
2014-09-16,765.1946411132812,803.7004604916609,760.5015999336784,793.9252102859714,322070
2014-09-17,774.9927978515625,778.3122659656925,755.9230146798086,765.5380257690126,271028
2014-09-18,796.6035766601562,801.2737579636826,766.9115208950125,766.9115208950125,355154
2014-09-19,784.859619140625,799.5110650208622,778.541216639271,799.442431080963,411768
2014-09-22,786.0042724609375,788.4309405693126,776.6181898351124,784.7451638160097,367244
2014-09-23,783.3258666992188,796.2145726561498,779.1364573958052,788.4080761975805,245624
2014-09-24,792.2998046875,797.5651680386538,780.3039557568558,782.9366374324327,284522
2014-09-25,789.140625,803.5402266482768,781.6088326459213,789.8044962782208,564970
2014-09-26,786.4163208007812,812.6973621696733,782.9366136958542,783.3944713646822,390596
2014-09-29,819.8170166015625,823.6858912888069,787.2404344588624,787.263293806282,297660
2014-09-30,824.3040771484375,833.3009918929201,806.2873883095782,817.2759728180563,615618
2014-10-01,818.5349731445312,836.9408274042892,816.4288392372731,824.143729078538,374694
2014-10-07,810.8888549804688,830.8972129553952,803.6546813830871,822.9991680877932,357670
2014-10-08,791.49853515625,814.8035018370423,787.9501381985809,813.5673084790892,251548
2014-10-09,810.7285766601562,813.9335804400824,792.5745642479526,793.9252220560179,372424
2014-10-10,808.9887084960938,818.168721020358,799.2820925952267,809.0344830838073,171634
2014-10-13,790.5599365234375,808.9887072616573,774.7867066676573,806.3331104883903,304888
2014-10-14,808.1188354492188,814.3228296017764,794.0167960210241,794.0167960210241,316992
2014-10-15,808.1188354492188,808.1188354492188,808.1188354492188,808.1188354492188,0
2014-10-16,779.4340209960938,808.5537586629259,776.0687781803804,807.6609585310862,318974
2014-10-17,780.7388916015625,793.9252151084852,778.4038286176446,779.8231762438826,248584
2014-10-20,798.1603393554688,799.762841112385,780.7846640903794,780.7846640903794,94364
2014-10-21,798.320556640625,805.8294329898315,785.363219178749,795.8252549004806,164806
2014-10-22,816.7952270507812,818.329095068761,799.4424648167677,799.4424648167677,134936
2014-10-27,825.6776123046875,842.5038815607913,816.612064035896,837.7650658872379,234222
2014-10-28,831.9273071289062,837.8336816873477,821.305032553265,826.4330156123697,202170
2014-10-29,831.8358764648438,839.4133877264126,824.6703924130545,834.674571796464,364774
2014-10-30,838.4060668945312,842.3436315999147,826.8909355452893,829.1802238496782,359786
2014-10-31,858.7120361328125,864.4581720873663,841.0845163294997,841.0845163294997,257412
2014-11-03,826.7078857421875,857.5675071620647,822.5643069222748,856.2397085996105,681916
2014-11-05,788.0418090820312,833.3925817424458,776.1145933750917,826.4789414966529,943928
2014-11-07,801.9835205078125,811.7587710340854,770.4142550645629,783.9897467830862,1026738
2014-11-10,796.8782348632812,808.5994340962177,781.1050629530602,802.166512481689,228282
2014-11-11,794.0167236328125,798.9616086674288,784.6306416971779,797.290417047065,176824
2014-11-12,802.349853515625,811.6214720429781,788.2935884359528,796.2145490897284,499574
2014-11-13,800.7701416015625,814.849264813607,794.7035275345839,809.1947338236832,343862
2014-11-14,789.3236694335938,810.2935720555806,786.9199167830545,797.8398663938793,291964
2014-11-17,785.7066040039062,794.2456040438636,780.1893972363689,781.7918989325703,250752
2014-11-18,785.1800537109375,793.3298859161854,780.6472520370737,782.0665994989764,258754
2014-11-19,786.4850463867188,793.902318602626,782.9366492919744,789.3466569469964,250564
2014-11-20,796.3976440429688,800.2894342461141,785.7982277821192,788.0875161369105,209314
2014-11-21,795.6192626953125,799.8315868567742,791.3383045949879,798.8700969135679,154170
2014-11-24,791.1324462890625,801.2510917553476,784.7682121535233,801.2510917553476,178594
2014-11-25,793.490234375,798.9616110167494,783.7378439300406,789.1176713967723,361706
2014-11-26,798.137451171875,803.3570396780704,790.0333929399493,790.9491082606563,655436
2014-11-27,795.1156005859375,804.8222165052083,789.9189273269715,796.2144701472849,535008
2014-11-28,791.0865478515625,801.3654307489442,787.0573777788517,797.1302470697968,248306
2014-12-01,787.7899169921875,798.8242759575211,782.2498502144886,789.8045019724863,272518
2014-12-02,793.4215698242188,796.5578836946568,779.6400650953811,789.918947460386,201772
2014-12-03,792.91796875,798.045952514241,789.9189785285107,796.7868438685645,102806
2014-12-04,786.1644287109375,796.9469418522265,782.9822847986662,794.3829504238354,209874
2014-12-05,773.8482055664062,791.9793593722792,767.8960554453831,785.7525058084524,298170
2014-12-08,761.5546875,776.0458380929323,752.5348578353214,770.6889256917452,551920
2014-12-09,764.0729370117188,772.4059246306547,759.1280515931389,761.8751977388318,270598
2014-12-10,765.0344848632812,770.7805657849102,764.1645440064967,769.1780637453519,247226
2014-12-11,781.6317749023438,786.7826739691492,763.7066349716943,764.1644926665214,266036
2014-12-12,782.5244750976562,796.4433584206839,774.3746427052249,783.8522734212193,310026
2014-12-15,791.109375,796.2144992700931,766.6369045524293,778.0833464625802,254396
2014-12-16,770.0250244140625,794.3830292366301,764.210198677085,791.5901087269896,388648
2014-12-17,748.9406127929688,767.7356907232864,740.4931619376031,766.9115246389867,516166
2014-12-18,765.4005126953125,768.6513463048194,751.4587714024672,752.2600221869025,281230
2014-12-19,779.1362915039062,785.225820221134,761.4172239228839,770.1165187241676,287068
2014-12-22,785.8897705078125,790.2623335858967,776.9615459974273,779.846071657114,181812
2014-12-23,783.4859619140625,791.6358501656781,771.5130294828051,781.1051245706459,116550
2014-12-24,765.995849609375,786.1415862398666,758.6701271982871,783.8065233994977,566780
2014-12-26,774.6951904296875,778.3809670903687,769.2238135391904,770.1166136540984,70864
2014-12-29,781.9063720703125,784.3101246414552,774.7180295948436,779.731548315469,93814
2014-12-30,786.2332153320312,792.0938162129455,776.5953443397777,781.2426111448583,183636
2014-12-31,789.0032958984375,792.0251455953206,781.1281656713076,787.0574006379887,138518
2015-01-01,799.167724609375,802.6245727066872,789.5756278566356,794.2915846675494,186924
2015-01-02,802.5787353515625,810.1791616320527,799.4195061935936,803.082367619452,204160
2015-01-05,797.7482299804688,808.4163351094882,793.2383435058011,802.509960507817,121542
2015-01-06,766.5224609375,792.0938016806424,763.2487672841796,792.0938016806424,682896
2015-01-07,755.3048706054688,777.9688238935307,748.5972449693217,767.460957470934,415972
2015-01-08,756.861572265625,769.1550383658636,755.4650841476893,760.043660415251,124860
2015-01-09,779.38818359375,786.9886093946749,760.0436979090175,760.0436979090175,152108
2015-01-12,781.2424926757812,790.1478011802109,769.6586723360479,784.3101164257287,194864
2015-01-13,789.30078125,792.0479270359684,780.6472608460346,780.6472608460346,112556
2015-01-14,780.7847290039062,796.6723682441675,777.0074031199899,787.5152145861886,256164
2015-01-15,776.3434448242188,791.2925087497764,773.8023683204914,783.2342250319513,188754
2015-01-16,783.9208984375,787.2403660265722,778.815775036142,779.2736326346347,233268
2015-01-19,783.9208984375,791.1779301954458,780.830359647674,787.9729270059967,188148
2015-01-20,775.8627319335938,789.7815602970566,773.9626114374701,789.7815602970566,196708
2015-01-21,768.8574829101562,780.6702330074921,765.9043233312364,780.1894601035618,225258
2015-01-22,758.2122802734375,772.9094998904275,753.8397172911335,769.6587217026863,491236
2015-01-23,768.4912109375,771.4444265475713,760.501616670771,760.501616670771,284424
2015-01-27,773.0927734375,778.3581373075215,762.5849609401828,768.6057453484517,550398
2015-01-28,796.2831420898438,798.5037405111505,771.5588290235581,776.0000258661715,565222
2015-01-29,809.6296997070312,814.9866118216635,793.421527821851,802.3955265266659,519390
2015-01-30,797.7482299804688,819.5651572152289,783.073926482143,812.239435139562,555528
2015-02-02,773.6879272460938,795.7566449866292,759.1280307179696,787.5152067761808,1081282
2015-02-03,759.998046875,779.869083265073,757.3882243149719,773.7795531825095,226616
2015-02-04,749.078125,771.9480951420934,744.0874648081626,760.4558778575872,258772
2015-02-05,742.6451416015625,748.5972913184678,737.1508495551884,748.5515167295804,390698
2015-02-06,734.6097412109375,744.9344543762336,727.9937200111932,743.5608813196087,267052
2015-02-09,740.9968872070312,744.1102859247551,719.7522794842907,723.5753799687797,181220
2015-02-10,746.9718627929688,756.6784787940844,734.7700007728298,743.7439997996514,338944
2015-02-11,750.2227783203125,760.0438039121203,742.851224425124,748.5973610821186,119496
2015-02-12,752.8554077148438,756.426664094471,746.44540017667,751.8023126915259,125904
2015-02-13,756.8386840820312,766.820003058439,753.1758229370486,755.4651111526628,382978
2015-02-16,751.2300415039062,765.0802373018603,744.4766402470526,765.0802373018603,182534
2015-02-18,762.195556640625,764.622224379716,743.8354772812885,749.9707805592664,182914
2015-02-19,763.0655517578125,770.5744284298877,758.6701294761283,766.9115672133463,218156
2015-02-20,774.7180786132812,777.900167004851,761.2570521850023,765.538010142502,165942
2015-02-23,771.5816650390625,777.8543481803202,767.7814801986572,776.5265498591178,593010
2015-02-24,772.5433349609375,777.9002478013526,768.239461317007,773.7795284192383,189252
2015-02-25,799.3050537109375,806.7452410933249,762.0125676183189,772.5432943749288,890970
2015-02-26,787.812744140625,800.7929968043139,778.8158305112281,800.5640679887609,517330
2015-02-27,777.99169921875,796.2602306952002,776.2976482642121,787.446470902168,303472
2015-03-02,807.8211669921875,813.6588522709995,785.5006056320238,798.9616322766267,324572
2015-03-03,811.7816162109375,821.9689489580855,801.8689868765586,809.8128059529108,754516
2015-03-04,796.4205322265625,820.8243693285146,789.1177244667103,814.8493041498494,270110
2015-03-05,811.621337890625,828.7223091696347,795.7565598545996,798.961563260228,1166766
2015-03-09,806.7681274414062,825.5173766172298,795.7795433932567,812.2395042257159,643736
2015-03-10,807.2031860351562,822.2895760326834,800.0148419588467,810.4081901770996,352058
2015-03-11,812.0106811523438,823.5945040348435,802.7161469113786,810.4081791032694,501972
2015-03-12,823.8919677734375,826.8680426495628,810.43099689255,814.070943038556,151164
2015-03-13,811.9647827148438,837.4216573477977,809.1718621763216,833.3009384215374,275896
2015-03-16,814.9866333007812,821.8544981881474,799.2134592991281,820.0230675515164,143212
2015-03-17,824.1209106445312,834.1480050376305,816.1084012262057,816.314470717175,223370
2015-03-18,824.8535766601562,832.3853136045905,817.298924473976,826.2500091358289,265376
2015-03-19,838.9784545898438,849.0055493254844,828.722431005859,836.2770830012163,467244
2015-03-20,827.0283813476562,849.1657898435366,819.6797429464744,836.0481556320415,323112
2015-03-23,825.9981689453125,834.2166919348813,808.1645787967291,820.7098903914789,193710
2015-03-24,833.4382934570312,839.7109208365025,827.4174542477865,831.9273408723692,180638
2015-03-25,824.0980224609375,839.7109576602054,821.3966510591104,834.3311300961337,209228
2015-03-26,826.8909912109375,832.7515920210353,813.6131181516256,824.0980704697313,217200
2015-03-27,821.5111694335938,835.590293557926,808.1875216843433,835.590293557926,140264
2015-03-30,828.7452392578125,831.103161378689,821.9460086270911,825.9751781941242,138064
2015-03-31,817.4818725585938,840.1687401881227,802.5328658450168,828.5849199425512,392544
2015-04-01,825.2197265625,828.2644911215156,810.4538173095045,810.4538173095045,136006
2015-04-06,859.5133056640625,865.5341451652979,820.0459971117551,826.8451722908202,432418
2015-04-07,886.0690307617188,887.6944478004959,846.1667247736405,867.5944854788402,503404
2015-04-08,889.8235473632812,901.5218342524487,878.1710909579465,892.6622987100544,401488
2015-04-09,885.4967651367188,897.4010649782672,875.126277365819,897.4010649782672,399102
2015-04-10,887.442626953125,893.7152546621916,877.0950548117289,885.9545895288518,118882
2015-04-13,884.878662109375,894.1960547790086,875.6985932101247,892.7995664897138,271886
2015-04-15,880.2771606445312,896.691347224528,874.9660227572945,883.711093229921,338338
2015-04-16,868.3728637695312,882.1085941546578,851.6152838778429,878.8578158083438,343912
2015-04-17,866.9534912109375,879.5216617955833,859.2614600601283,865.3509893787547,432288
2015-04-20,835.5445556640625,869.3115621607664,810.4081559208917,865.076378295078,473784
2015-04-21,814.5288696289062,837.6049094913321,808.5767193730459,837.6049094913321,287870
2015-04-22,823.2510375976562,825.8378888200953,803.5402417888954,811.8503699975279,356776
2015-04-23,819.90869140625,835.5445433279731,813.6131479150671,829.1803100023559,211648
2015-04-24,813.2009887695312,822.7244505712272,805.8294915308522,819.5652215001281,175572
2015-04-27,796.351806640625,811.3466441817684,773.7794028864824,809.4922984043201,465446
2015-04-28,806.882568359375,811.6671585013315,785.2487941446308,791.1780284249335,181234
2015-04-29,806.1270751953125,811.8273805287635,795.3902798676145,803.0823106728063,155312
2015-04-30,789.0947875976562,812.3310646031771,786.5994856253163,802.1666465748278,341696
2015-05-04,816.5662231445312,826.4330780952965,792.0937535206997,792.0937535206997,147716
2015-05-05,800.5640869140625,819.542263815718,797.3590834205547,816.566189143175,165138
2015-05-06,786.027099609375,800.3351507891001,778.3579841770425,800.3351507891001,333450
2015-05-07,789.873046875,794.1310890046418,766.7283229249119,782.4786354843884,568372
2015-05-08,788.7513427734375,796.6036125642314,775.1072184854061,793.4672988737956,369032
2015-05-11,792.757568359375,803.1509700588446,782.9365445862454,788.9344683402911,219268
2015-05-12,797.7254638671875,808.0730363302688,785.6837844416161,792.0937920069906,527612
2015-05-13,798.84716796875,808.1187857657794,786.874178746519,805.8065821810529,254000
2015-05-14,807.22607421875,818.6496019568361,791.6130812808426,798.870170843072,323802
2015-05-15,821.8544311523438,826.1583039755401,807.6608448761751,815.3986498629607,163648
2015-05-18,830.9888916015625,833.3010955692299,823.6860829280465,823.6860829280465,195660
2015-05-19,823.8232421875,832.3851573684592,817.9626422655404,831.5839065294081,303456
2015-05-20,816.5662231445312,828.562127397087,796.672330130646,827.8066510782804,1733214
2015-05-21,843.076171875,846.0980211840592,818.4892384489127,821.6255521703669,510674
2015-05-22,848.3873291015625,858.3915636894803,828.7681395403823,843.0761914214687,435806
2015-05-25,831.3779296875,866.4268986897383,815.948093599276,858.4830797697672,737036
2015-05-26,842.9388427734375,847.6776582383928,822.8617402539327,833.255142368026,267204
2015-05-27,835.7276611328125,841.4050517572584,831.5153368643284,841.061658490901,367600
2015-05-28,827.7379760742188,841.015848480845,819.5652278572716,837.8795346250317,311790
2015-05-29,833.255126953125,844.587103498776,821.533982593162,827.5319064755234,452612
2015-06-01,836.4373168945312,841.4050616950105,825.8837305849951,834.2167182573583,93282
2015-06-02,830.0272216796875,842.4122933499738,824.6016197572842,832.4081149713945,202058
2015-06-03,810.7285766601562,835.1324135122126,803.7233876471014,827.8066905866668,550536
2015-06-04,830.1875,833.2780392543046,808.3477116259116,810.9117033846507,309984
2015-06-05,820.5266723632812,831.4465659909101,817.6192875030064,821.1676842428346,179306
2015-06-08,809.675537109375,819.5652518756299,797.6567729408079,819.5652518756299,318354
2015-06-09,806.7451782226562,814.9637006728505,801.2508864299934,801.708744079382,269884
2015-06-10,810.9803466796875,821.8544656542211,803.9980176539344,806.5162346796159,338480
2015-06-11,807.1116333007812,826.913980233699,804.9138938281923,818.9701038612351,303822
2015-06-12,807.7982788085938,818.7868624705868,805.3716108935729,810.4080450719864,131248
2015-06-15,808.0271606445312,814.3913369326691,803.7690623668054,814.3913369326691,170008
2015-06-16,811.278076171875,816.6579041890747,803.5402698030127,808.1188468389273,148674
2015-06-17,822.4268798828125,831.0117116143659,813.1552616127349,813.6131193050844,300096
2015-06-18,841.9772338867188,852.3019454016874,825.0594174664735,825.0594174664735,257668
2015-06-19,836.0938720703125,858.277109505685,831.6297598301982,845.8920372934468,279886
2015-06-22,828.3561401367188,842.7557985387881,822.7245238819944,841.5424644385528,227130
2015-06-23,835.5445556640625,840.5352159380134,826.4331759532257,831.0117531053212,231240
2015-06-24,830.9659423828125,843.350959506248,825.5631992219094,835.5445193358383,250544
2015-06-25,835.0408325195312,842.4123297543646,791.0864966407796,831.0116627076477,473758
2015-06-26,838.589111328125,844.2894161032968,827.8065424700437,835.5901216857466,162046
2015-06-29,839.2530517578125,841.5194247131035,808.9886730171606,829.1801837061639,193272
2015-06-30,860.7036743164062,867.6402287481516,840.6495431969864,844.2894890826341,396722
2015-07-01,854.2937622070312,868.5789557113123,852.2563178369045,863.5196058656819,287874
2015-07-02,848.3187255859375,859.8567166802674,845.594438875589,855.7359975907453,122364
2015-07-03,851.2031860351562,858.0252765196954,847.0596076419572,848.0439569231665,122286
2015-07-06,873.2947998046875,878.1709950796195,838.9783904189866,839.0470802464024,242832
2015-07-07,874.2335205078125,880.437458928595,867.2511904474391,868.0982160306946,240574
2015-07-08,864.389404296875,879.1323971735683,860.7723179528449,867.6401821918304,196412
2015-07-09,853.1033325195312,877.7131831154925,851.1574373561297,867.1824563488486,179696
2015-07-10,859.1470947265625,864.5727534110562,852.0732153221617,858.4145335541033,181606
2015-07-13,861.6651611328125,865.328022243848,852.5080083552239,862.8098052300111,117164
2015-07-14,864.77880859375,868.7621485854047,860.7725533587028,864.4354152878888,104128
2015-07-15,863.5425415039062,869.4260017984188,858.9868238329742,865.694450347697,191312
2015-07-16,873.6381225585938,874.5080632237349,863.9773378550722,868.4414496961357,145282
2015-07-17,904.2688598632812,909.122139781091,870.5018581342093,876.9118652421009,567652
2015-07-20,897.0119018554688,915.6009128356358,892.8224928263481,908.8475119283595,369436
2015-07-21,891.2428588867188,905.1846024096868,883.6652921854809,900.5831105266902,260050
2015-07-22,889.9609375,897.3553508083919,883.5051548678774,893.280405948553,90866
2015-07-23,905.070068359375,908.2750717632023,888.8848123482119,891.9066615222271,288528
2015-07-24,895.4551391601562,912.4416475590539,891.8609676245768,905.0701502415129,156680
2015-07-27,872.8598022460938,897.1033415436912,869.9295022183512,895.5695296521553,200888
2015-07-28,876.8203735351562,889.617473350803,870.8453084473635,874.5081698919372,158692
2015-07-29,873.752685546875,889.1596075353209,870.4561326332511,877.2553079493691,216962
2015-07-30,883.7340087890625,889.1596110977702,876.7974537859062,880.9181728898608,373364
2015-07-31,898.1336059570312,905.6424830207076,883.7797789942977,883.7797789942977,396792
2015-08-03,903.1242065429688,913.3802289893532,894.7683045052455,900.1481318446016,221158
2015-08-04,897.5613403320312,902.8953937705563,888.3354964031158,902.8953937705563,304904
2015-08-05,914.2501831054688,920.2938817637057,894.3104599775911,906.9930945988,248208
2015-08-06,923.268798828125,935.6866438922201,912.0765070847154,918.0426393064807,442702
2015-08-07,911.2671508789062,932.2410608729092,905.5091730203777,926.3212228072975,210878
2015-08-10,954.001220703125,992.0410221346276,950.4169233038041,975.8538725893073,1150876
2015-08-11,990.3298950195312,1005.2683451365939,956.0593396281876,962.8810673722897,971462
2015-08-12,1008.1356811523438,1015.1655062669814,991.1160273030256,991.1160273030256,582158
2015-08-13,1009.3150634765625,1034.127605995633,999.8108717065614,1017.4779665431093,786688
2015-08-14,1009.5924072265625,1023.6983506101383,996.6658357903599,1009.153064359427,418214
2015-08-17,1021.6635131835938,1024.7621734679308,1004.805775990458,1009.6156266187488,279608
2015-08-18,1059.448974609375,1065.114477147393,1018.4029868339381,1021.6404168556627,577384
2015-08-19,1117.4683837890625,1132.036819680423,1056.0035041934125,1063.7270650834541,975914
2015-08-20,1111.8721923828125,1123.8506375521797,1099.9399284633205,1112.288388194647,904628
2015-08-21,1128.4293212890625,1149.1488961553414,1088.0077399005186,1088.0077399005186,1141290
2015-08-24,1028.94775390625,1123.3881874259898,1021.2010465619168,1100.7261778813734,839972
2015-08-25,999.741455078125,1063.6345157979927,950.8794321467141,1045.227391367497,1064464
2015-08-26,997.8683471679688,1085.9495343168476,987.4160292808058,1013.0148928161872,824334
2015-08-27,1023.2357177734375,1047.7708286182321,1001.2905954352119,1021.6401502616088,911324
2015-08-28,1039.56201171875,1054.4773158575242,1024.4154625545684,1040.602614333083,502104
2015-08-31,1093.3726806640625,1109.9760269014228,1031.237102493103,1040.140035208875,870912
2015-09-01,1061.2294921875,1116.9132374092453,1044.7648046821885,1105.2122190062503,748214
2015-09-02,1040.7645263671875,1085.9266344624762,1035.9777091975923,1085.9266344624762,666404
2015-09-03,1036.37060546875,1057.2519806565806,1026.7507923360777,1049.8521417718453,551404
2015-09-04,1006.7249755859375,1047.5397127378653,985.2423404833884,1036.370625866422,731552
2015-09-07,968.5465698242188,1015.6280760792661,962.4417241898692,1008.2282358163935,622694
2015-09-08,968.2921142578125,982.6987450727498,941.1671217373965,962.0716465271285,682920
2015-09-09,958.1173095703125,990.6535244095854,949.0757209077583,981.8662149026843,808550
2015-09-10,998.5158081054688,1006.1931864870621,927.9167055185641,945.9307230540852,899004
2015-09-11,990.4222412109375,1022.1028032109137,981.5193095540099,1010.7949463642426,601782
2015-09-14,1013.8243408203125,1021.2472147460957,986.5374317177801,996.6659172196147,540042
2015-09-15,1010.4248046875,1028.392582390398,1003.6030786917839,1021.0852194192521,385476
2015-09-16,1022.8428955078125,1039.3769124637513,1010.6099450802666,1017.015476534528,1300500
2015-09-18,1029.2021484375,1044.7648914968393,1017.4779819801001,1034.590111677038,736506
2015-09-21,1032.9713134765625,1036.6712331129236,1019.7440556115371,1024.3459209893304,795264
2015-09-22,1021.6866455078125,1041.527420203672,1007.0025888508558,1035.9775405223024,1237088
2015-09-23,1031.0750732421875,1040.6024115978519,985.1036163126331,1023.7678221930374,558209
2015-09-24,1037.2725830078125,1051.7022482642753,1031.352688491352,1032.2776684810303,504230
2015-09-28,1025.4791259765625,1051.7022870689814,1012.3443418909375,1045.2274269023296,546436
2015-09-29,1019.5128784179688,1031.1214222138963,1012.8530677947668,1015.165517721239,163955
2015-09-30,1031.306396484375,1042.4524505483557,1023.675311553564,1042.4524505483557,417245
2015-10-01,1041.4810791015625,1045.227292882681,1027.421429707467,1045.227292882681,291154
2015-10-05,1054.1531982421875,1066.2704104257352,1040.9722367600216,1049.8520198075987,628718
2015-10-06,1051.65576171875,1073.3466062563255,1037.7348831682166,1071.1266321046814,406514
2015-10-07,1050.45361328125,1059.1021541408402,1041.6663028320465,1053.4597984349248,279738
2015-10-08,1007.765625,1054.4771110601193,1005.4531751950436,1050.7771913721892,322234
2015-10-09,1013.222900390625,1022.9351883374801,996.0182986101391,1012.8065917310726,289890
2015-10-12,1014.9805297851562,1018.4029103861773,1001.6607961131187,1015.6279705758608,339264
2015-10-13,1013.8243408203125,1021.085410998976,1002.2620912005954,1019.2354510598212,270165
2015-10-14,990.7923583984375,1013.6856136021381,985.2886596019079,1011.280688163259,486198
2015-10-15,983.8087158203125,1000.8283705827986,981.4037903774023,991.5785704849908,151136
2015-10-16,989.40478515625,994.1684542841372,973.0788671318345,985.103605984224,214349
2015-10-19,1018.5416259765625,1025.7564013534488,991.9021600443776,991.9021600443776,297844
2015-10-20,998.0071411132812,1030.7977503628258,995.1397256519041,1022.1029156471984,234968
2015-10-21,1006.701904296875,1011.9280635880518,987.4623891169788,998.9783443099598,273662
2015-10-23,1008.22802734375,1015.5815719194369,999.9032087693521,1015.5815719194369,241811
2015-10-26,1011.3732299804688,1019.3280359909805,1002.6783947497486,1010.0782353014073,354438
2015-10-27,1015.9054565429688,1033.4337802622215,993.9833654414557,1012.8066835869195,201887
2015-10-28,1026.49658203125,1032.1852317635717,1009.1532065745382,1015.628066745044,548935
2015-10-29,1036.9951171875,1046.3373931614658,1010.448234771238,1026.7278611584366,665771
2015-10-30,1067.2880859375,1078.8966294012114,1040.0011775860328,1042.4523970204623,473494
2015-11-02,1069.23046875,1077.5552878383994,1036.2550256910195,1072.051702606103,407864
2015-11-03,1100.3560791015625,1105.3509932014756,1071.126736508208,1071.126736508208,567727
2015-11-04,1087.545166015625,1113.9533885055569,1083.7064766765984,1106.2760098275037,419054
2015-11-05,1067.2880859375,1098.0436690794081,1060.7670450790258,1086.8514343381041,257738
2015-11-06,1037.2261962890625,1076.6766119111062,1017.4778978541382,1067.426812839705,375940
2015-11-09,1053.6910400390625,1071.1268912914677,1009.1532283238267,1026.542898321579,286276
2015-11-10,1031.4449462890625,1061.8768041113535,1017.4777739742935,1055.2169947558236,290554
2015-11-13,1059.425537109375,1069.6003143884695,1025.8025456832447,1025.8025456832447,237426
2015-11-16,1042.3135986328125,1079.9603490652512,1035.9775087732792,1059.1944821463055,278606
2015-11-17,1039.90869140625,1054.3383558025514,1024.87776746998,1050.7772056370914,281249
2015-11-18,1047.30859375,1052.6272286928681,1038.0124996848178,1040.1399988270036,174558
2015-11-19,1066.1781005859375,1075.7516199349134,1044.3023034449848,1058.177001896424,290252
2015-11-20,1062.84814453125,1072.976628749674,1056.6507117728204,1067.889239561637,123194
2015-11-23,1064.004150390625,1085.8336478318677,1052.164365551702,1062.8479258130956,212724
2015-11-24,1059.1483154296875,1078.0641098584792,1048.1410316654315,1065.5768807867594,216009
2015-11-26,1044.394775390625,1062.8018978577097,1037.0874116479026,1059.1019782829221,534645
2015-11-27,1059.7958984375,1065.577023783548,1046.244918043843,1046.244918043843,598446
2015-11-30,1064.004150390625,1079.4512655813944,1040.6021197764085,1060.951672340925,544833
2015-12-01,1050.638427734375,1063.726916286857,1047.2622284175554,1057.2520567964154,144274
2015-12-02,1052.7198486328125,1065.2995556421788,1047.0774925013259,1059.5647240815097,242630
2015-12-03,1042.128662109375,1057.5757817959777,1037.8274828466106,1054.4771216088557,198431
2015-12-04,1045.0887451171875,1058.1772361361843,1031.584058217552,1037.827673902796,278270
2015-12-07,1043.608642578125,1063.6344813466098,982.1899504922272,1046.1523374747258,144834
2015-12-08,1045.227294921875,1063.125633540011,1040.6023953868223,1041.5273752938328,231568
2015-12-09,1038.7989501953125,1053.5523376781762,1020.3455293865702,1045.2275167483222,277050
2015-12-10,1023.3515625,1048.0023011691542,1016.6454577484764,1042.313651797412,179075
2015-12-11,1041.4349365234375,1045.22733169308,1015.7204490388725,1026.7277329020521,279448
2015-12-14,1044.256103515625,1056.7896274127797,1035.7000386984973,1045.2273776599045,268495
2015-12-15,1035.0987548828125,1047.2621496810166,1031.9999820295773,1044.255965143612,301425
2015-12-16,1032.5089111328125,1051.702245875035,1029.5027261731873,1044.3024059744191,230698
2015-12-17,1045.6435546875,1049.852258686921,1034.4513197104488,1036.6712942056095,377943
2015-12-18,1061.9696044921875,1065.9932452471585,1044.302507592846,1046.152467748015,455033
2015-12-21,1073.9481201171875,1085.2791256020191,1070.2481999588751,1072.0518658710114,433168
2015-12-22,1076.76904296875,1085.0013863857362,1070.2017084810714,1072.7916972794203,176056
2015-12-23,1079.035400390625,1091.0138455176218,1071.7280362399938,1079.4515962009875,180507
2015-12-24,1079.1278076171875,1089.1638168073757,1074.8266285606544,1083.983952023335,104277
2015-12-28,1084.9552001953125,1096.6562192856177,1078.98912461132,1079.127894188002,162979
2015-12-29,1079.3592529296875,1095.54640395469,1068.0282472121858,1086.8515688215962,189792
2015-12-30,1071.681884765625,1086.759105046993,1068.3519791015958,1083.1516601973756,138608
2015-12-31,1068.213134765625,1079.2204193929495,1059.1945797289152,1073.0230985327626,302126
2016-01-01,1075.2894287109375,1077.6018790952621,1059.6110602702634,1067.4270974042338,100178
2016-01-04,1063.449462890625,1085.648982933537,1052.442291199426,1073.9017820758686,233101
2016-01-05,1061.41455078125,1070.6643507880583,1053.0897307751225,1060.9520607809095,302272
2016-01-06,1051.8870849609375,1067.7043313982456,1049.8521743694841,1062.8018928198567,392164
2016-01-07,1042.4061279296875,1051.2860259368638,1031.3526624966664,1031.3526624966664,316523
2016-01-08,1044.9498291015625,1054.2459229842946,1037.8275284828942,1054.2459229842946,366442
2016-01-11,1017.0154418945312,1043.377370129178,1012.2055913816667,1043.377370129178,168277
2016-01-12,1017.7554931640625,1025.6178228086974,1007.0256353189574,1017.4779540115678,275705
2016-01-13,1003.0946044921875,1032.8327367030736,979.5539065766122,1022.1029903372582,239949
2016-01-14,1005.8695678710938,1017.4781133291201,985.1038097231935,994.8161008049715,366830
2016-01-15,996.2958374023438,1010.6793201523421,982.8836287218307,1007.256826741487,152999
2016-01-18,987.3235473632812,998.9782712790199,958.2791565232079,997.0358361118273,229101
2016-01-19,990.3761596679688,999.7185491190193,961.9793154257344,984.9650486012213,667040
2016-01-20,980.6637573242188,998.0997207696744,963.5054459582373,986.9536665308796,359534
2016-01-21,978.5824584960938,995.3708665802413,972.2001873957921,989.4972666869819,337935
2016-01-22,1000.6895751953125,1009.1531646490866,981.4037650712015,982.3287450571311,162161
2016-01-25,1005.5457763671875,1021.9179907814859,1001.1059399339388,1017.2930905931421,210420
2016-01-27,1058.362060546875,1062.6170588355913,1003.603290244211,1003.603290244211,383545
2016-01-28,1044.441162109375,1067.4268919222352,1024.7390434625836,1053.5521922871976,334538
2016-01-29,1055.355712890625,1069.2767047743891,1031.4913005489173,1061.876865987023,349675
2016-02-01,1056.28076171875,1071.126734420441,1045.7360810882035,1065.5768549674854,283070
2016-02-02,1040.139892578125,1074.1329037406383,1029.8726383197197,1054.4770809595932,303619
2016-02-03,1023.53662109375,1050.3147458018648,1018.4029371447407,1035.9775564051859,249442
2016-02-04,1005.730712890625,1028.392720946614,976.8712716187106,1028.392720946614,512652
2016-02-05,1027.1439208984375,1035.9775244190103,993.7984620787543,1001.7532669158824,474625
2016-02-08,988.4797973632812,1009.7080410030178,978.8599837755519,998.9782966951061,520662
2016-02-09,956.1055297851562,994.3534274104737,946.2082332164163,975.8538287609766,301134
2016-02-10,941.3058471679688,955.4117910828,922.5287094474527,947.9194762417026,366989
2016-02-11,943.063232421875,947.3643550222954,915.7300880545359,926.8298466976212,462682
2016-02-12,913.093994140625,949.1219185771561,888.2120105239037,944.5895506268599,736094
2016-02-15,918.2738037109375,933.7672171706788,912.2151966045062,927.7548477683911,455879
2016-02-16,896.999267578125,917.5800705723125,878.9159216317943,912.2614360906686,395940
2016-02-17,914.3427124023438,924.0550022154188,860.2313834437832,900.1905299659797,526313
2016-02-18,902.1791381835938,933.3509726335319,888.9981743850424,923.9624603630767,342584
2016-02-19,920.956298828125,925.9049189191509,888.674476375199,902.3179304751566,212929
2016-02-22,917.0252075195312,948.1045133754657,912.5852582918552,938.8547132449734,359241
2016-02-23,906.4804077148438,917.3951605164768,899.0805676518654,915.6839700844329,314131
2016-02-24,871.2386474609375,905.5553814162566,857.0864088988945,905.5553814162566,823896
2016-02-25,870.2673950195312,874.3373295300399,860.3238601954657,864.8562846977915,679713
2016-02-26,863.9776000976562,890.5707764023844,853.9878268987926,881.2285005265484,583423
2016-02-29,879.2396850585938,885.3908243427339,848.9465915280507,864.8562580475646,792995
2016-03-01,885.6220703125,888.7669682896516,871.7473709701651,883.3558581286594,486669
2016-03-02,897.6468505859375,921.6500928315966,886.0846006079031,890.7557383077692,616872
2016-03-03,904.2603149414062,912.0301685746605,893.85429121274,902.780369704735,479030
2016-03-04,934.8309936523438,946.9019705097626,903.8904035432095,904.2603616433383,531786
2016-03-08,946.023193359375,948.613182246146,923.1299408190235,934.8771968481594,387188
2016-03-09,933.8598022460938,946.0233120478057,923.222532054405,946.0233120478057,203045
2016-03-10,940.1495971679688,950.6018023373944,926.8298639655868,934.229703198845,262703
2016-03-11,928.9573364257812,946.2544724828559,924.5174440338362,946.2544724828559,248070
2016-03-14,936.5885009765625,942.184618764578,922.7138007800119,938.3922232933741,503296
2016-03-15,891.4031982421875,943.4795586696553,870.4986172841604,943.4795586696553,1371394
2016-03-16,902.6415405273438,912.9550881687052,881.5520117879565,887.0556530433518,464515
2016-03-17,911.3798217773438,919.3702711758411,903.2491660395939,915.8656831027439,623673
2016-03-18,919.4636840820312,923.4823239512712,893.903578440088,914.4638280226097,314050
2016-03-21,927.0336303710938,933.6222444114791,905.6789732388914,915.865665188438,276676
2016-03-22,914.977783203125,931.9400111899693,897.3614111178405,931.9400111899693,630746
2016-03-23,905.9594116210938,915.8656911787391,895.3054409686041,915.35169633165,519608
2016-03-28,908.5762329101562,914.9312084452264,897.2213437173093,913.9966515418095,382087
2016-03-29,913.0619506835938,917.0338168969051,873.9039997877962,906.5200533910808,528121
2016-03-30,917.9684448242188,925.7719715261208,908.5294436723882,912.8750987005624,573823
2016-03-31,922.6411743164062,925.1177725816458,905.3518740126802,921.4729783499382,461518
2016-04-01,942.5472412109375,945.257478724202,913.9498261906242,920.4917237349539,228313
2016-04-04,944.463134765625,947.5472180195193,925.9122040117963,943.9491399035838,112395
2016-04-05,947.0330810546875,960.7243605658492,935.2109721263012,941.6593796215614,275291
2016-04-06,930.0242919921875,951.7527392195791,908.2490712886365,946.5191865231104,729242
2016-04-07,947.547119140625,957.5468308121133,921.0056844142377,939.0426184238264,226225
2016-04-08,947.1265258789062,953.2478610293136,934.182880992401,944.0892165177834,133452
2016-04-11,953.3413696289062,969.135402377912,939.3230176176539,948.4817198976617,276931
2016-04-12,955.0236206054688,967.1728590546896,945.771485431657,959.7898374884503,187964
2016-04-13,956.0983276367188,967.2662928610075,942.5939704006884,967.2662928610075,444316
2016-04-18,971.0513305664062,980.3501254949248,942.9678518821536,942.9678518821536,300959
2016-04-20,979.929443359375,984.5086797836092,965.303608636681,980.3031747626085,362803
2016-04-21,1019.6484985351562,1023.5268189645601,979.4157725510361,990.6304569695594,566475
2016-04-22,999.4617919921875,1033.9937365459389,994.3685027190023,1027.4984978959187,648920
2016-04-25,990.58349609375,1006.1906640727457,987.6863926500183,998.059950958424,234919
2016-04-26,989.1815185546875,998.7607249724873,982.3125494519085,994.2281476789278,448874
2016-04-27,974.0418701171875,1000.9103793672418,970.2568692684345,1000.9103793672418,320238
2016-04-28,981.4246826171875,989.461846940117,968.3875489830295,974.4155077864428,323697
2016-04-29,982.3126220703125,991.5179836628262,972.8736212796049,989.6956435495692,183734
2016-05-02,986.7052001953125,990.3966542411165,975.1166720592468,979.4156108937863,105563
2016-05-03,972.0792846679688,997.6861639710874,969.0886344395047,990.7236473167526,245808
2016-05-04,982.21923828125,985.9574656391234,957.9207604550725,974.2755051457689,248101
2016-05-05,975.67724609375,994.8356594509548,970.443751114938,990.6301540798611,240051
2016-05-06,955.3040161132812,975.7707767459995,952.5003455848961,975.7707767459995,320213
2016-05-09,981.3313598632812,995.3029376273685,952.687172691763,958.855224418479,285857
2016-05-10,1001.0973510742188,1004.5552802101213,976.9858504091009,990.6303589519183,294333
2016-05-11,995.25634765625,1012.9662697629971,979.4156534736654,998.1067918987354,265876
2016-05-12,994.4152221679688,1008.3868008849222,992.5927679342516,1003.6205839565675,283261
2016-05-13,1008.0128784179688,1010.255837413567,987.0321252070194,988.7610323622145,162565
2016-05-16,988.0602416992188,1008.0130078734575,976.6119201472534,1008.0130078734575,219481
2016-05-17,1018.80712890625,1022.4051498072506,988.7611046582003,990.630218277592,784700
2016-05-18,1000.5831909179688,1018.6200674504132,998.1065927544519,1013.0595005110729,224889
2016-05-19,987.1255493164062,1006.5176015278291,983.2471160577951,1001.798044393119,440328
2016-05-20,974.9764404296875,997.7328770664736,971.0045737900267,988.2471021577777,164093
2016-05-23,966.9859619140625,984.9295225297652,961.0048891238124,977.5465003323399,175588
2016-05-24,962.8270263671875,975.1164696122714,947.1264854405104,950.4441502697692,201240
2016-05-25,971.98583984375,977.7332728651533,963.9019007542371,967.3130558708107,125503
2016-05-26,973.3410034179688,981.191304130325,959.6030627325842,973.2475705450606,202483
2016-05-27,1013.6668090820312,1017.7321073556969,974.742505024786,974.742505024786,224931
2016-05-30,1037.4984130859375,1047.4514673452015,1010.2560553812044,1047.3112609874202,694026
2016-05-31,1027.4984130859375,1049.7876837049605,1020.5360106605154,1041.9373838835518,538448
2016-06-01,1052.0772705078125,1061.5630444195465,1020.5359799196369,1020.5359799196369,506466
2016-06-02,1067.0301513671875,1071.3758629979282,1035.488861585149,1044.834428927975,483965
2016-06-03,1066.095703125,1076.9833130037055,1054.5539490983801,1068.1050231245142,471371
2016-06-06,1067.3106689453125,1092.029651364509,1063.6191010330058,1066.32933864519,456329
2016-06-07,1073.10498046875,1076.6095689092097,1056.2829559545437,1073.805898156842,278491
2016-06-08,1063.058349609375,1075.2075878906248,1058.8528440504808,1073.1048351111779,160125
2016-06-09,1040.62890625,1072.4506081537008,1034.1337826878273,1068.852473521479,194652
2016-06-10,1049.78759765625,1053.2454118495461,1025.2087105580765,1041.7970921555293,337843
2016-06-13,1048.5726318359375,1053.1986419319735,1030.582415113262,1042.0307348458737,250050
2016-06-14,1042.07763671875,1065.2079182122982,1033.619851792492,1049.7409570758741,343112
2016-06-15,1049.7408447265625,1053.1519996000907,1036.6102770655027,1043.2457210996117,445509
2016-06-16,1035.0682373046875,1053.2453180573236,1030.115041551628,1049.0865867020786,197059
2016-06-17,1040.3018798828125,1045.2083028712677,1023.5732910677519,1038.292560033118,295478
2016-06-20,1049.55419921875,1051.3297661091742,1026.8911938098522,1039.1338666989463,191427
2016-06-21,1044.0869140625,1055.067957543003,1035.6292426392738,1050.7223592607213,360516
2016-06-22,1035.81591796875,1054.1799803361448,1029.9282790807447,1054.1799803361448,179789
2016-06-23,1030.58251953125,1039.8346547423725,1028.0592617835082,1037.217850048562,299256
2016-06-24,1028.012451171875,1036.9841733839567,987.8265098987926,1010.9100165788152,385379
2016-06-27,1026.190185546875,1036.6571765400893,1010.2559457650092,1010.2559457650092,298080
2016-06-28,1034.7412109375,1041.5635209966017,1023.5733031597381,1027.0778910500362,580907
2016-06-29,1037.965576171875,1046.4700205914307,1032.5918743470029,1039.227205088342,285257
2016-06-30,1037.0311279296875,1047.6383263480125,1027.0780737345815,1047.6383263480125,781154
2016-07-01,1059.4136962890625,1063.3855631787926,1043.1991566261427,1046.7037450582575,441798
2016-07-04,1069.5068359375,1073.9926401754965,1060.1612678396218,1063.0583711336358,284864
2016-07-05,1064.5537109375,1069.039629559378,1057.2174623027126,1061.8902466664815,138753
2016-07-07,1049.5072021484375,1070.0206766290157,1045.5821095361894,1067.263779922988,256965
2016-07-08,1048.385986328125,1055.8624416014034,1037.3581691673778,1055.8624416014034,351498
2016-07-11,1075.0208740234375,1079.413245928319,1051.3765382418692,1052.4979609166649,253886
2016-07-12,1087.730712890625,1096.6090027400157,1079.4131343206566,1079.4131343206566,340867
2016-07-13,1089.5997314453125,1098.0574015357372,1080.5812360427692,1093.4313912821967,691963
2016-07-14,1078.01123046875,1095.7210355663794,1074.833714645406,1095.7210355663794,289284
2016-07-15,1077.030029296875,1089.646547160165,1073.3853487350225,1079.8804734097598,270276
2016-07-18,1075.9554443359375,1092.8709020342671,1065.6285445769208,1077.0300935453004,402223
2016-07-19,1083.24462890625,1088.7117626877825,1071.8430830014875,1077.1700104641857,288709
2016-07-20,1108.8515625,1112.5430159586872,1081.983056455436,1083.2446852272892,385006
2016-07-21,1110.1131591796875,1118.6643758464688,1102.3096335095322,1112.589757264178,473335
2016-07-22,1125.81396484375,1134.5520488285292,1108.3844562690574,1113.0572406546773,461601
2016-07-25,1125.3465576171875,1148.5702705395981,1119.6457841354745,1127.0754648256757,481192
2016-07-26,1108.8048095703125,1131.7482233981982,1105.580634417893,1127.075439651715,211255
2016-07-27,1111.9356689453125,1118.617658455501,1097.403265821894,1109.318864407569,241400
2016-07-28,1117.2625732421875,1124.271748733042,1090.2072014801424,1112.122511215561,415548
2016-07-29,1120.0665283203125,1130.8139334731566,1114.8330321056947,1118.6646928655937,390486
2016-08-01,1098.4315185546875,1130.767167097046,1092.590537456658,1120.5338138459633,263163
2016-08-02,1104.0855712890625,1113.4311405160197,1096.3287031980258,1099.97349801287,109773
2016-08-03,1095.954833984375,1113.057270933649,1093.4315759801589,1104.6462588107247,150079
2016-08-04,1075.441162109375,1107.4497302625325,1066.329233948987,1098.758306999971,228739
2016-08-05,1106.6553955078125,1112.0757561950145,1077.777569190099,1079.4130434984302,165700
2016-08-08,1114.8328857421875,1121.1878038535951,1098.5715737860226,1110.253534374985,124723
2016-08-09,1107.122802734375,1117.5897938932426,1098.4313783373232,1116.7954433816437,185024
2016-08-10,1083.992431640625,1108.2909079139517,1077.0766886541967,1108.2909079139517,182258
2016-08-11,1098.991943359375,1107.449727416602,1069.4133140569716,1085.113798705544,364846
2016-08-12,1115.9075927734375,1121.2345209012624,1096.2351264990045,1102.823797572256,444729
2016-08-16,1179.3173828125,1197.7281082329525,1130.9540629140915,1130.9540629140915,1254941
2016-08-17,1190.7655029296875,1200.9054208261732,1171.373450414401,1178.4760588807817,630246
2016-08-18,1192.1204833984375,1200.9053390451318,1167.0276592471662,1195.7185038158273,573970
2016-08-19,1214.923828125,1220.0638904747595,1192.1206196115565,1192.1206196115565,600203
2016-08-22,1218.2882080078125,1237.6336019999533,1210.4846816316108,1215.3911047766144,342572
2016-08-23,1228.2882080078125,1233.3347241204276,1205.8120684048831,1221.0453918635476,266945
2016-08-24,1259.6424560546875,1268.4273134604655,1229.783409651936,1232.540306789369,665901
2016-08-25,1250.2501220703125,1291.1836411142046,1244.5960078456042,1261.6516693009692,624369
2016-08-26,1244.595947265625,1261.6516078908157,1235.1569469414353,1242.9136994891169,358191
2016-08-29,1218.0078125,1256.6983692422982,1209.5032551267445,1247.7266475930933,396327
2016-08-30,1228.054443359375,1251.838868958516,1218.2415966822086,1224.3162160537877,483127
2016-08-31,1235.9515380859375,1247.7269325700847,1225.7648447477636,1228.942361121367,635036
2016-09-01,1231.605712890625,1244.8297150371156,1215.017328925228,1233.6150329196641,389591
2016-09-02,1228.7083740234375,1239.969827457557,1219.8300857152249,1231.652250331433,309086
2016-09-06,1242.7735595703125,1244.8295387012813,1222.353404175412,1232.6803014617042,251201
2016-09-07,1231.325439453125,1256.978979688457,1224.8769742874642,1238.287842444019,247033
2016-09-08,1244.4090576171875,1247.586459229166,1229.175737308144,1238.1007996990502,333250
2016-09-09,1237.4932861328125,1266.8383895428306,1226.3252650375093,1251.371430412548,293125
2016-09-12,1218.6619873046875,1231.9794208315984,1209.3164199173816,1225.3440908029377,251865
2016-09-14,1224.456298828125,1229.7833411463112,1213.148184132642,1219.6434224747757,212868
2016-09-15,1250.2501220703125,1254.128441492111,1219.9236857185017,1224.2693976179773,403832
2016-09-16,1254.736083984375,1271.184262776634,1244.1288858769847,1263.006889817818,573650
2016-09-19,1256.5115966796875,1266.231010054192,1161.1868046667994,1251.371534365267,452375
2016-09-20,1248.9417724609375,1268.3338267149975,1245.9978956253176,1265.3431764051436,329038
2016-09-21,1242.259765625,1259.5022948847827,1238.2878987798572,1248.5680247319917,189804
2016-09-22,1242.02587890625,1255.4835184691901,1235.4839818766459,1251.838724450656,226991
2016-09-23,1247.58642578125,1256.3246222248144,1228.9420651779321,1243.4276940830714,346847
2016-09-26,1245.1566162109375,1262.9131937930429,1236.8858121008618,1251.3714411810004,292044
2016-09-27,1233.427978515625,1253.1937614588953,1224.9701947464446,1250.4368648260483,168646
2016-09-28,1232.0263671875,1236.4187388432479,1224.970417187292,1233.615068233626,264258
2016-09-29,1210.2979736328125,1239.6429693828204,1140.1594318058637,1233.615122937492,1097313
2016-09-30,1206.325927734375,1214.9238044098513,1186.8871012311624,1192.0271634805888,233870
2016-10-03,1214.7366943359375,1231.745578543575,1206.5125507585396,1206.5125507585396,333442
2016-10-04,1213.662109375,1225.6711404317566,1208.7556865863864,1219.5965217410921,197552
2016-10-05,1199.924072265625,1225.6243824351818,1185.9524947333734,1220.5310938705954,434420
2016-10-06,1186.326416015625,1207.4473767240363,1181.7470649129598,1196.2326952064757,641255
2016-10-07,1188.4290771484375,1197.1203862052887,1181.2796954160253,1186.3729839131336,311475
2016-10-10,1181.88720703125,1196.23263021002,1178.5694849632484,1196.23263021002,163028
2016-10-13,1164.925048828125,1186.8403601108475,1150.2992121215761,1181.8872775299167,300081
2016-10-14,1153.8038330078125,1173.7099390074343,1149.7385336365217,1168.196030925139,251771
2016-10-17,1144.4117431640625,1163.1963147868157,1131.7484510314196,1155.2058073405121,341435
2016-10-18,1195.81201171875,1200.718434150036,1135.4863340976224,1135.4863340976224,498335
2016-10-19,1184.97119140625,1196.2326459322505,1178.7097067828524,1195.298089177616,169237
2016-10-20,1174.0369873046875,1196.1392785785329,1168.1960072683457,1186.2796586445315,139088
2016-10-21,1191.0926513671875,1195.999074607421,1159.8784311748968,1173.803350425412,273426
2016-10-24,1183.4293212890625,1204.9707870767363,1174.0837532905123,1198.10181741413,174109
2016-10-25,1193.9898681640625,1212.0268618993546,1179.5510097456533,1179.5510097456533,396724
2016-10-26,1191.93359375,1203.2417065839006,1181.2796249491653,1197.1670882593994,183546
2016-10-27,1192.68115234375,1218.4750071760034,1182.2141634854606,1193.2419775996339,1586411
2016-10-28,1196.1390380859375,1207.8676551918018,1191.6064613053727,1193.9895122320852,302744
2016-11-01,1203.335205078125,1212.120061027573,1197.6812053935514,1205.578164013546,243446
2016-11-02,1184.41064453125,1200.9055963558926,1173.2893947914683,1191.560027512656,369096
2016-11-03,1177.214599609375,1189.6909111717907,1169.2240926330237,1184.4106419704483,267019
2016-11-04,1171.8873291015625,1182.1674528083101,1133.991123340665,1177.5414427729252,280678
2016-11-07,1183.896728515625,1195.5786897849944,1174.1305404454404,1186.8872649679224,362185
2016-11-08,1163.5699462890625,1183.989988794885,1155.3925745925494,1183.989988794885,173337
2016-11-09,1169.6912841796875,1177.541584224177,1056.049198550254,1098.104255129689,496344
2016-11-10,1173.429443359375,1193.4289808110636,1163.0558861545567,1184.550691603777,135935
2016-11-11,1141.140625,1173.8033394909166,1130.7669532662567,1163.5232147023817,287849
2016-11-15,1085.48779296875,1126.1410163816993,1067.8714189728016,1126.1410163816993,756365
2016-11-16,1077.5909423828125,1102.7772066824296,1038.2927768001518,1102.7772066824296,542704
2016-11-17,1090.6279296875,1098.1043850752465,1047.6850846867942,1078.3384833275609,279284
2016-11-18,1106.7022705078125,1112.1227463326848,1074.7404691450315,1078.4786968637968,190525
2016-11-21,1093.3380126953125,1119.084983840453,1080.6280631530165,1113.7580557639797,424566
2016-11-22,1102.1695556640625,1110.0666291905561,1072.9179958377808,1102.7770404094301,356426
2016-11-23,1100.6275634765625,1113.1506481609938,1090.6278507518566,1104.646203589284,235062
2016-11-24,1072.5439453125,1098.4311184775202,1067.7309558244071,1086.5155213775104,565194
2016-11-25,1079.4598388671875,1092.4500866572957,1056.049146231784,1072.964600890497,501144
2016-11-28,1089.880126953125,1097.5902207825134,1074.4132799019444,1079.4131361143704,322168
2016-11-29,1097.5902099609375,1115.4869958532738,1082.216795927781,1089.8801162075658,179598
2016-11-30,1097.1697998046875,1111.9358444466452,1086.8896739121394,1097.5903047767217,519489
2016-12-01,1075.0673828125,1106.515241678213,1066.5161653497569,1106.515241678213,409981
2016-12-02,1061.51611328125,1070.254194855922,1048.946372383535,1065.3945460679088,315145
2016-12-05,1058.245361328125,1074.5066723363666,1055.2080517520492,1061.5163101023604,281718
2016-12-06,1078.7120361328125,1087.3099118624516,1061.656376908707,1061.656376908707,252914
2016-12-07,1084.786865234375,1089.6932887040975,1066.1425016820879,1085.9550612985945,384693
2016-12-08,1085.0205078125,1097.1697469180663,1017.3119093529834,1045.769119932978,1392033
2016-12-09,1085.48779296875,1092.8708149796153,1070.5348832076652,1087.8241851189196,143298
2016-12-12,1074.4132080078125,1086.2353739047924,1067.9179700402112,1085.9549612425571,98459
2016-12-13,1084.4129638671875,1094.973501376884,1067.077003615367,1074.7403237695894,387406
2016-12-14,1095.1136474609375,1106.5151942009625,1084.1792650152072,1085.6278736132424,296015
2016-12-15,1076.6094970703125,1102.7770890129937,1073.151682339117,1094.3660773171318,313230
2016-12-16,1076.2354736328125,1085.954886135723,1065.3946387217936,1079.78683472787,226907
2016-12-19,1086.1884765625,1091.5621773499677,1070.8150651596982,1077.4503946200728,258789
2016-12-20,1066.3760986328125,1085.9550182605326,1064.039706596968,1085.9550182605326,140238
2016-12-21,1073.43212890625,1087.3102773010269,1065.4417351427908,1067.2640756287562,387260
2016-12-22,1035.72265625,1074.7404057635913,1032.6853464076246,1072.8712920144371,402626
2016-12-23,805.12060546875,1035.6757001368999,748.6733573821832,1028.4796591043057,13374164
2016-12-26,712.4126586914062,794.3733039284207,694.9832080708818,794.3733039284207,18358412
2016-12-27,736.851318359375,744.8417675694276,710.263166063695,710.263166063695,5970762
2016-12-28,770.635498046875,786.8968088367894,735.4961859317735,743.4399185625488,6649536
2016-12-29,737.5990600585938,781.943797978993,730.2160374646724,773.7197083690837,5931262
2016-12-30,732.4121704101562,747.5520018716982,721.4778445189971,739.2344235939465,3817278
2017-01-02,745.6361694335938,751.243510604866,732.5056569323627,742.7857824130285,2246725
2017-01-03,726.9450073242188,758.3461510334744,723.0199142712811,748.5800207528168,2244443
2017-01-04,703.0670776367188,733.4401739998168,699.6092060272172,730.2627150663237,3592668
2017-01-05,714.0014038085938,721.4778582987361,702.973644843798,710.2631765635226,2766188
2017-01-06,689.14208984375,719.6086135219932,687.086053825525,714.0012736763673,3469778
2017-01-09,686.1049194335938,716.8518049103986,680.4975784546336,685.7310738853342,5617248
2017-01-10,690.9644775390625,698.113859153953,682.69367350999,691.2916066105444,2965489
2017-01-11,691.6654663085938,700.8708850323166,689.7963527046891,695.310260652536,1664183
2017-01-12,689.9832153320312,693.8616485384046,682.4133287123618,687.3664679228132,1669512
2017-01-13,697.3663330078125,706.9922571564374,690.6375122783969,690.730945147085,2252584
2017-01-16,689.7029418945312,706.5249648675685,688.7683850626959,695.3102828855436,1772100
2017-01-17,690.0768432617188,696.2448960344177,684.095656237844,696.2448960344177,1754258
2017-01-18,690.87109375,698.4877542586677,687.4132222851911,689.235619398884,1610696
2017-01-19,684.282470703125,694.3756722974001,681.2918776646093,693.441115537915,1272642
2017-01-20,667.6473388671875,684.048797779143,664.4698232253115,682.2264007798557,2245530
2017-01-23,642.0872192382812,664.469865351317,639.8910336388906,664.469865351317,2931044
2017-01-24,638.3489990234375,647.1805720282321,632.2276635048361,643.9096232887392,2842017
2017-01-25,629.237060546875,641.80686048585,627.5548697724765,640.1713861416924,3149495
2017-01-27,662.1334228515625,669.1425981111062,630.8257733589339,630.8257733589339,3560127
2017-01-30,655.2177734375,670.0772499129873,654.1897837365287,663.3484293006757,2056687
2017-01-31,654.2830810546875,661.6661013293476,647.7411845726176,656.7129625439426,1262953
2017-02-01,648.3020629882812,658.8625434106713,645.7787482223742,654.1897594148509,962459
2017-02-02,689.3757934570312,694.1420099551054,640.2180753232336,648.3020138394747,3714463
2017-02-03,710.5902099609375,720.8703343254406,686.9926517606009,695.3102297445714,4003286
2017-02-06,705.870849609375,725.2161897916214,683.9087613875927,722.4125189547982,4132473
2017-02-07,689.6094970703125,713.9546907093312,683.6283106339467,706.6183854821364,1253993
2017-02-08,690.9177856445312,698.6745951690574,685.9646463366398,690.637430031031,741700
2017-02-09,707.5062255859375,710.0762568279081,687.8338160328366,692.4131672439489,1524937
2017-02-10,701.010986328125,714.8424716825991,697.6466048877925,709.1416413565479,815744
2017-02-13,691.94580078125,705.5903057313857,688.7682851973924,703.8146251920274,634245
2017-02-14,677.0863037109375,694.3756020113549,673.6284326426917,694.3756020113549,1023673
2017-02-15,663.0679321289062,680.3572298658827,658.9558601210852,680.3572298658827,839676
2017-02-16,685.217041015625,686.8057989463375,655.1243013568335,664.2829463727738,981043
2017-02-17,699.5157470703125,703.5343298002948,682.2264467085213,691.5720144716516,1169616
2017-02-20,707.225830078125,714.9359233693633,696.2447881178766,701.8521286933226,990960
2017-02-21,712.506103515625,717.2723202212893,702.3194119170018,709.3285876846365,839400
2017-02-22,701.8521728515625,714.0948443952278,695.8709863784429,712.8799319356065,687454
2017-02-23,700.4970703125,707.9268086230451,697.3663277045556,702.7867459861781,1331033
2017-02-27,716.8985595703125,728.0198092545882,702.7400570679694,704.6558872631058,1867238
2017-02-28,709.1882934570312,723.2534167201923,708.2070203793438,719.6086229564261,800786
2017-03-01,714.7957763671875,731.6177994897649,711.5716009013518,712.5061577414949,1615887
2017-03-02,702.3662109375,723.8610191524562,699.9831023044417,717.7396830037533,996652
2017-03-03,708.861328125,710.2631633157548,699.1419146527722,701.7587193081704,467700
2017-03-06,708.1137084960938,713.9079721438583,705.0296824218901,711.7584458416723,389466
2017-03-07,705.59033203125,710.3098321154812,700.9175483754138,709.3285589559189,756161
2017-03-08,723.7675170898438,735.2158377620635,706.478216482818,706.478216482818,3371633
2017-03-09,710.1697387695312,735.4962053627723,704.6558308049941,719.795662450613,1454586
2017-03-10,711.4781494140625,717.2724135440164,706.8053649610071,717.2724135440164,540659
2017-03-14,721.337646484375,728.0197504505381,713.0668415837748,724.1880903697582,667664
2017-03-15,717.178955078125,726.4310337405109,714.93599580437,721.4778938051943,318722
2017-03-16,720.7301635742188,728.4869730464734,718.7675602113101,718.7675602113101,580238
2017-03-17,713.8145141601562,726.1506760494703,712.1323232299825,723.3470054855727,545476
2017-03-20,738.9074096679688,742.9727092228584,714.3285184346033,719.6087875491836,1390193
2017-03-21,592.9295654296875,665.0305873841863,587.4623739965491,665.0305873841863,20647975
2017-03-22,585.9671020507812,597.742494682364,571.4347555053731,579.4252045797199,9453821
2017-03-23,581.808349609375,602.7891620854758,579.6121638506639,587.6960462959988,5171016
2017-03-24,582.6494140625,589.6118732207233,581.2942953741236,586.9016358439704,1913210
2017-03-27,593.0230712890625,602.7892023319076,586.9484514206015,591.5745194978256,4793870
2017-03-28,591.6679077148438,599.845279997497,587.8362475187294,596.107052668284,1638403
2017-03-29,585.7335205078125,596.8547701195839,584.1914788500978,595.125805678991,1342990
2017-03-30,582.1821899414062,592.135185978377,581.2943495427826,587.6493245926421,1482125
2017-03-31,583.0231323242188,588.303400113764,581.8082201102236,584.5651735840498,943936
2017-04-03,586.2473754882812,588.6772570042245,584.3782621871608,586.9015765518357,1394464
2017-04-05,590.40625,596.8547146445826,586.8549456186902,588.6305692889354,1845745
2017-04-06,587.0418090820312,594.284623447325,585.0324893772695,591.4341799031713,944868
2017-04-07,581.341064453125,591.5277567122447,578.5373939642835,586.9951218641244,1103003
2017-04-10,615.0317993164062,617.7420368177135,600.1723806129075,613.0692528780938,5746326
2017-04-11,615.8729248046875,620.6859150910369,612.1814140748567,618.4896724093508,1917078
2017-04-12,608.1161499023438,616.5738779338169,599.9854939499969,615.7795274326111,1243019
2017-04-13,606.4339599609375,613.0692907487487,604.0040779377443,608.4432229545988,839170
2017-04-17,598.02294921875,611.6674563687832,596.3407012614714,607.4619505572331,1080488
2017-04-18,590.7801513671875,604.6582981450682,589.7053881445719,599.8920808987399,847780
2017-04-19,591.9015502929688,595.4996283423155,590.639921378505,592.6959578294429,543978
2017-04-20,589.6118774414062,596.2472075618966,588.3034751727491,594.7519395755605,497703
2017-04-21,589.5651245117188,595.3126715510274,588.7707740614557,592.1351556683362,484788
2017-04-24,593.3034057617188,597.2285560216247,566.3414628940654,570.2198967186632,2643935
2017-04-25,604.891845703125,606.7609591699559,592.8360410257396,596.2471959190325,1302405
2017-04-26,601.3872680664062,603.209665135377,586.7147156968713,586.7147156968713,1064558
2017-04-27,588.4437255859375,601.3873147498504,586.0605600580011,598.1163658739771,899486
2017-04-28,587.2755126953125,592.4155750669458,584.0979967765202,588.9109870862868,664760
2017-05-02,585.7335205078125,594.8921664605994,582.2289322319381,588.6773974758769,678683
2017-05-03,583.8643798828125,590.7333497709874,581.9018333549975,588.4904476021733,605083
2017-05-04,585.8736572265625,591.1538687101876,584.0979765614884,584.331615752113,370345
2017-05-05,584.9857788085938,592.508948848747,582.2755415574709,585.4997735863407,750235
2017-05-08,585.92041015625,588.2568022080408,582.4158220785638,584.6120077909185,456711
2017-05-09,590.6866455078125,597.0883941534353,587.9296913927384,588.3035369489876,742101
2017-05-10,595.6397094726562,600.1256274124985,591.5276940822223,592.5089672412568,517605
2017-05-11,593.6304931640625,602.5087827998954,592.836085656364,596.2472408064597,748146
2017-05-12,584.8922729492188,593.4902057779182,583.6773606783925,592.2285770814472,501407
2017-05-15,583.3970947265625,589.6586368270263,580.3597850623873,587.3689612104838,393660
2017-05-16,581.7149047851562,586.9016837348397,580.359785986203,584.7054980212688,895976
2017-05-17,579.2849731445312,584.7521643043622,577.5560659898528,581.7148548958394,529890
2017-05-18,572.2758178710938,584.284906644182,570.079632268028,575.6869729132874,599481
2017-05-19,571.01416015625,575.6869437909165,563.7246290943334,575.6869437909165,792474
2017-05-22,556.294921875,573.8178614552709,551.481931653958,572.8833046776564,677559
2017-05-23,538.3047485351562,557.7435197129832,535.1740058869149,556.3416844303396,1471397
2017-05-24,520.7350463867188,538.3981352079825,516.8098965239428,537.5570683350569,1381402
2017-05-25,513.7725830078125,522.7910786318258,504.8475772850537,518.6790060379008,2057066
2017-05-26,509.61370849609375,524.2862586948237,506.9969613938357,512.1370227535889,1229349
2017-05-29,532.22998046875,549.5192774637841,497.791592784154,508.3987873134329,3661131
2017-05-30,549.519287109375,552.4631632494987,526.1553718411193,529.8935982840402,2338661
2017-05-31,544.0523071289062,553.1174631759371,537.4169190976274,550.360566029722,9021300
2017-06-01,562.6032104492188,575.6870060410611,544.6597079436707,546.341898825886,2970631
2017-06-02,577.9766845703125,584.5652988324417,563.6312029643994,566.3414405954592,1949558
2017-06-05,589.5651245117188,594.7986767278678,579.7990517492279,579.7990517492279,1920453
2017-06-06,589.00439453125,593.4435391151825,581.2943013065252,592.2286267424803,1275238
2017-06-07,603.5368041992188,608.3965112425002,587.7895440440641,588.8642502004132,2639884
2017-06-08,608.2096557617188,617.9290709237281,600.5462773117688,603.7237937795721,2609516
2017-06-09,608.3030395507812,616.7140506901422,603.7704048789669,611.3403491288838,2066229
2017-06-12,602.69580078125,613.0693601255797,598.6771602575193,607.462018417114,1130204
2017-06-13,603.3031005859375,609.4244359108874,597.5556107785734,605.5927760393114,738157
2017-06-14,601.527587890625,607.4620015509842,600.3593917337962,602.882649799884,653215
2017-06-15,614.3308715820312,620.4522640745162,600.7330819504199,600.9200047130823,1299049
2017-06-16,599.4248046875,620.4055609772093,596.6211340519941,616.6206170274414,1356699
2017-06-19,603.0693969726562,608.302948455678,594.4714643540437,604.471231952621,708952
2017-06-20,602.275146484375,607.4152089297457,598.5836356836264,605.5928117454956,661839
2017-06-21,602.415283203125,603.7236855236837,598.490190323088,603.5367627577725,290273
2017-06-22,598.5369262695312,605.5928188463827,594.8454154254978,601.8545915695531,324395
2017-06-23,596.8079223632812,604.4245827511928,592.976262474885,599.7985153946436,503545
2017-06-27,599.7985229492188,605.4993534647351,595.6397339189136,598.1163321731455,624815
2017-06-28,599.0509643554688,602.7891919021488,595.5463760304563,599.5182427988037,409519
2017-06-29,595.6865234375,610.2188701790994,591.9015227883461,599.0041886487354,1257720
2017-06-30,604.891845703125,607.0880312103247,596.1537630620174,596.1537630620174,501156
2017-07-03,626.433349609375,629.8912208351791,606.1534576491002,606.1534576491002,1298948
2017-07-04,612.181396484375,630.1716141806293,610.265566527483,628.0221450328768,518839
2017-07-05,609.79833984375,619.4242639151113,605.172272064357,612.134731950431,601009
2017-07-06,614.1441040039062,620.9663581251774,612.6020622665382,612.6020622665382,543530
2017-07-07,635.4985961914062,640.87229755626,611.3870432146606,612.9758011133027,1764390
2017-07-10,687.2731323242188,699.048525852463,677.5537182393524,678.4882750920964,1281487
2017-07-11,687.086181640625,706.2913127763632,682.6937532029551,693.6747957767193,2039831
2017-07-12,684.0955200195312,690.4504943164676,673.9556024093384,688.2075924097454,791255
2017-07-13,681.9927978515625,697.6933400630032,679.1424111323576,684.5628289500097,778554
2017-07-14,687.7403564453125,693.4411299805772,681.2918918542329,681.2918918542329,892835
2017-07-17,683.0676879882812,690.4039371265261,677.6472121216639,690.4039371265261,651371
2017-07-18,686.899169921875,694.0485514455506,678.5348761044595,679.422716371705,685734
2017-07-19,706.1512451171875,709.3287617278216,689.3292191473578,691.6656116431675,1547904
2017-07-20,695.9644165039062,711.0107572192587,693.4411018947781,711.0107572192587,627321
2017-07-21,674.0491333007812,700.9643593817846,660.8719044297055,700.9176429470862,977652
2017-07-24,642.881591796875,651.1991123971086,635.4985708777049,643.4423030136762,2439455
2017-07-25,631.293212890625,644.37701004898,629.8913774808012,640.1715038195086,950863
2017-07-26,634.377197265625,639.7041828774444,631.1062481932056,632.2277278547716,948487
2017-07-27,616.994384765625,639.8910254006717,614.0037917234962,637.0873551188292,2063178
2017-07-28,630.171630859375,633.1622239897043,607.5086287460904,614.0038098320822,879841
2017-07-31,628.8633422851562,636.2463073529838,625.3119805372021,632.6950026458544,733178
2017-08-01,624.05029296875,630.7791132265957,619.5644318104594,627.0876025189535,971964
2017-08-02,625.2653198242188,627.9288413725524,621.4803755616707,626.1531603403299,346352
2017-08-03,626.1997680664062,639.8910479072882,623.8166596511837,630.8258356023206,604522
2017-08-04,637.5079345703125,654.1430339577521,616.8074789381074,625.2652064456856,1211462
2017-08-07,639.2835693359375,647.3675084938145,636.2929761598016,641.1059665089593,427725
2017-08-08,629.6109008789062,640.1713808630825,626.6203078375137,639.2368241026985,360022
2017-08-09,597.2285766601562,632.3211769129963,584.0980635986244,632.3211769129963,1428857
2017-08-10,585.1259155273438,604.2376110740274,572.7430394962727,587.8361527202808,1219649
2017-08-11,586.1541137695312,598.3500702118373,571.0142802021595,575.6870648191984,1248311
2017-08-14,597.2285766601562,601.2471599295495,571.9488238757731,592.5090757144446,933408
2017-08-16,614.2374877929688,616.8075191226465,593.9108763673361,600.546207165811,781871
2017-08-17,603.4432983398438,616.2467370841756,601.8545404739077,615.8728915719024,398334
2017-08-18,593.6304931640625,602.5554992319198,589.2380647781705,598.1163544140034,325046
2017-08-21,581.4345092773438,597.4154070082856,577.7429986784367,595.4060871640855,310755
2017-08-22,588.0231323242188,603.1161899668514,580.3597553859984,585.9203795873129,752436
2017-08-23,596.6210327148438,601.7610946735559,585.0325065734211,593.4435170513136,743570
2017-08-24,629.33056640625,631.7603912485704,595.3126763688451,596.247233160633,1927158
2017-08-28,649.423583984375,659.7037094309838,634.0033958144618,634.330467898706,2008764
2017-08-29,642.4610595703125,657.6008905729583,636.6200797884907,647.4141990171338,958208
2017-08-30,656.6195068359375,662.6006924615065,646.8534350691205,646.8534350691205,1072727
2017-08-31,650.8253784179688,663.4418952195514,647.1338676493416,658.8625440826488,956295
2017-09-01,665.3577880859375,671.0118458524342,653.3486978458379,654.1898218617047,769185
2017-09-04,662.6942749023438,675.1239273036671,649.8441175287269,664.0026773785335,838545
2017-09-05,676.6190795898438,681.1984304310188,659.4232127618415,666.1987491251376,613300
2017-09-06,653.0682983398438,671.2454400064494,650.8253961828326,666.5259394451984,1116325
2017-09-07,650.778564453125,664.4698435392837,647.2272602418097,656.8531832759173,844736
2017-09-08,661.0120239257812,670.0772364406037,656.9934410289321,661.1522302643776,1098200
2017-09-11,672.5071411132812,679.890163644793,663.7223402336391,664.4699743662513,1275485
2017-09-12,752.4117431640625,758.4863630608114,673.3482516319381,676.6192008071106,9950074
2017-09-13,774.0466918945312,808.8589336972132,740.2624397851299,756.9910298032844,14259641
2017-09-14,813.1111450195312,816.8026558448432,777.5512696371964,779.8409452408066,8987791
2017-09-15,821.0054321289062,844.3100766094446,803.6568838537637,817.6018743920496,8306635
2017-09-18,788.3883056640625,835.5648813076922,749.2477682534928,828.190593047394,7798290
2017-09-19,816.136474609375,824.2198304104833,756.5275608977994,795.1008110587713,9669769
2017-09-20,891.3448486328125,897.1119639160993,818.3581769250503,826.2997537035903,18987654
2017-09-21,936.8197021484375,945.1394132595495,898.2463964172086,902.7371558031884,16933145
2017-09-22,917.2967529296875,949.5356572120498,908.551589348549,942.681339810617,7292332
2017-09-25,900.7046508789062,918.9513062208771,879.6689856902083,916.871363740061,4565575
2017-09-26,907.7479858398438,924.6237645967242,890.5885339980719,890.5885339980719,3559032
2017-09-27,804.3187255859375,873.4764504326009,792.075484546053,850.8808146075154,13299756
2017-09-28,806.4931640625,841.4265591547334,786.5920193446495,814.9547123498653,13462318
2017-09-29,809.0457763671875,823.6998336662717,800.3478727520835,816.8455165425065,4835013
2017-10-03,808.9039306640625,824.4088916155127,805.7840461700877,822.5180455338258,1777997
2017-10-04,824.2198486328125,837.313993215558,808.7149443852619,810.180338652286,3130671
2017-10-05,816.2310180664062,841.2374708400474,813.0638737329028,829.1360665857625,2266261
2017-10-06,817.4127807617188,827.7651751409325,814.1037999457903,822.3762519856112,1353429
2017-10-09,831.5468139648438,836.2266695011647,817.7909204279338,818.7363434573302,1648284
2017-10-10,837.78662109375,845.6808801239672,830.0814005017811,836.6993615536177,1301458
2017-10-11,812.5438232421875,843.2700712848832,807.3439966503468,840.4810618448148,1675671
2017-10-12,835.56494140625,838.8739223242345,814.7183731637572,820.627267660158,1283989
2017-10-13,825.0707397460938,837.5503360380313,821.8090185544214,837.5503360380313,871875
2017-10-16,826.01611328125,832.9176898630296,818.9254405525636,831.0268438020465,805305
2017-10-17,834.2886352539062,836.3685776374476,822.612625218869,829.0888081470764,685961
2017-10-18,829.4196166992188,834.335828019861,821.8562324225514,834.335828019861,964826
2017-10-19,831.8305053710938,836.6994574991769,822.9435627048305,833.7213516027302,203741
2017-10-23,825.77978515625,834.3358523276968,820.5326987022501,834.3358523276968,654295
2017-10-24,822.28173828125,829.8923826681947,818.0273343464806,826.2997864418654,521040
2017-10-25,823.0380249023438,829.1360151176207,816.4200635502076,828.1905920673155,304274
2017-10-26,811.740234375,824.8816382842994,808.336734364557,823.0380517352904,760876
2017-10-27,823.5580444335938,839.346621842276,803.8459957580179,813.0638710401594,1008712
2017-10-30,825.2598266601562,835.7539997289813,813.3474612723612,827.197932426411,800374
2017-10-31,834.3358764648438,843.6955881323,822.6126070736909,826.2525205906111,1410837
2017-11-01,873.239990234375,882.505124233649,833.8630986074086,836.6993676502909,3578561
2017-11-02,1014.3443603515625,1056.6047223120756,960.5497685397198,960.5497685397198,10648166
2017-11-03,992.4579467773438,1023.7987471256165,971.5168010273571,1023.7987471256165,3177065
2017-11-06,991.7960815429688,1006.5918597219033,979.5055820816118,979.5055820816118,1034461
2017-11-07,961.4953002929688,997.4213783766785,949.7247710642071,992.2215512856152,1494151
2017-11-08,961.1171264648438,987.0217431895608,955.5391646458758,971.8949731789928,946549
2017-11-09,954.3572998046875,973.6912125243522,938.994175396061,961.1643572373183,670869
2017-11-10,960.927978515625,1029.5656665364374,956.6262576207656,994.585014872665,2507352
2017-11-13,945.80126953125,964.2842791500674,930.3435675962963,960.5498464542443,739717
2017-11-14,968.1605224609375,976.6693299280332,937.3869559583733,943.5322057957201,1164915
2017-11-15,960.2662353515625,1001.2030432367706,955.8227353280217,1001.2030432367706,1262085
2017-11-16,951.0484008789062,974.5422000771606,947.5503237875713,960.5498917118209,665741
2017-11-17,964.9461059570312,974.7312119184347,954.9718461315831,958.6590192873839,1679469
2017-11-20,990.3780517578125,997.4214079540594,959.6044825340003,961.968040372754,1538322
2017-11-21,985.2726440429688,1011.6026526206844,979.4582692663822,997.4213070231981,1256707
2017-11-22,969.1531982421875,992.4579007752078,962.8189096255308,990.8034103476235,939683
2017-11-23,981.4436645507812,986.5016548867853,956.7681455389537,970.0040685009551,795495
2017-11-24,989.3379516601562,997.2323268303642,970.4768070769871,985.1308650503854,690988
2017-11-27,984.3743896484375,990.3306007613567,977.8982651260297,987.0216202337531,274364
2017-11-28,976.8110961914062,994.6324138695887,973.1240384451132,983.2400194045964,340814
2017-11-29,990.1887817382812,1001.2029830565447,977.0946959291208,978.4655131515642,700142
2017-11-30,984.1854248046875,1000.2576171405949,976.6220401760252,987.0216940404358,889359
2017-12-01,978.5128784179688,998.886791759859,974.8257053597033,987.8725899018455,444515
2017-12-04,977.9927368164062,987.8724760135332,969.0585359892964,984.1853033803488,256844
2017-12-05,967.7823486328125,978.2765216276057,944.5249064896907,978.2292043108725,389829
2017-12-06,964.33154296875,977.0002353403498,958.6590044806985,967.1678122127757,376314
2017-12-07,964.709716796875,972.7458128342913,958.7062457229667,962.4406783635161,429699
2017-12-08,993.0724487304688,1002.148487421726,963.3861402667347,967.1678326720997,792945
2017-12-11,987.6834716796875,1003.7556644654918,978.2765579477043,1001.959452892377,423683
2017-12-12,1005.3155517578125,1022.8058777412888,989.857908362141,989.857908362141,1434393
2017-12-13,985.3199462890625,1011.6027556361184,980.829186392547,1011.6027556361184,452631
2017-12-14,1002.9519653320312,1006.875493859202,985.5089571650267,994.4904756548506,564894
2017-12-15,992.6467895507812,1016.3296808348613,987.8724728531004,1016.3296808348613,606073
2017-12-18,995.1050415039062,1008.1991271919142,962.1097551688674,998.366704745381,402545
2017-12-19,999.8322143554688,1006.8755700673519,991.7488009395795,1006.8755700673519,224548
2017-12-20,1001.95947265625,1011.6027423547106,994.6796453589332,1004.0393573651427,217170
2017-12-21,1026.871337890625,1036.940117131813,997.4213848211585,1003.0939235026059,790565
2017-12-22,1030.4638671875,1038.4999635804365,1026.209463214769,1035.0492615734743,623289
2017-12-26,1028.2421875,1036.1837649847878,1018.2207252633361,1036.1837649847878,351265
2017-12-27,1062.1356201171875,1079.6732661820724,1021.057029314044,1028.4785781584562,1626564
2017-12-28,1053.437744140625,1075.040640021189,1049.7505707766193,1061.5211582306338,1026977
2017-12-29,1038.4053955078125,1067.0517604066602,1032.59102060362,1061.331904726908,481728
2018-01-01,1039.0672607421875,1058.826510378958,1030.605655106377,1035.2382511841613,429620
2018-01-02,1021.9078979492188,1048.8996594264154,1014.8644262917742,1039.9654568918113,413942
2018-01-03,1039.398193359375,1055.0448766323432,1021.1514811179483,1021.5296734447111,768114
2018-01-04,1046.157958984375,1051.5468243959256,1032.4020069591825,1046.4888339819104,450896
2018-01-05,1047.197998046875,1062.1829322199824,1041.9036513728818,1045.4489882628015,568810
2018-01-08,1055.28125,1073.4334433143206,1047.1979514951754,1047.1979514951754,468360
2018-01-09,1029.849365234375,1066.3426715534242,1024.4603846531554,1055.2811527233964,639168
2018-01-10,1020.3951416015625,1054.1466982430607,1015.9989013479001,1025.784006810512,807750
2018-01-11,1041.430908203125,1046.5834181636362,1016.3771949408518,1025.7841090402396,459962
2018-01-12,1034.1038818359375,1049.4196906168356,1024.3659772822896,1046.4889019498858,276559
2018-01-15,1019.4968872070312,1034.1037420631944,964.3314772517465,1034.1037420631944,279071
2018-01-16,1033.111328125,1042.6128786100564,1016.3300642730496,1020.111757535461,804279
2018-01-17,1047.103271484375,1051.215838380771,1019.3550145936252,1031.4564749450296,840913
2018-01-18,1030.889404296875,1058.6375500878416,1022.0969230223909,1047.103434062135,582399
2018-01-19,1038.3582763671875,1043.3689497428159,1023.5150638880559,1030.5112181756385,322347
2018-01-22,1019.0242309570312,1043.4633941878865,1009.0027695159329,1036.1363654094853,690857
2018-01-23,1041.24169921875,1047.1979108611647,1020.1115161956668,1020.1115161956668,1019038
2018-01-24,1042.70703125,1064.6407982969474,1027.2020712439473,1044.6450791207071,821655
2018-01-25,1059.15771484375,1064.5465812141829,1035.3329796605194,1039.9655766746014,2015896
2018-01-29,1040.34375,1054.1469061377604,1022.9479394090196,1054.1469061377604,909205
2018-01-30,1020.9622802734375,1047.764998178384,1009.9480796788259,1039.9652587378503,662548
2018-01-31,982.6727905273438,1020.962425972362,953.9319052845264,1020.962425972362,960918
2018-02-01,986.8326416015625,1000.8248337214219,966.6950841499226,992.6942184424634,763908
2018-02-02,972.13134765625,993.8760799646319,951.8520096800144,969.0587224387613,1850108
2018-02-05,978.1820678710938,991.3706744163197,945.4231332232874,950.1502488894039,545693
2018-02-06,948.448486328125,960.549890733565,924.9546871537975,928.7836969562788,659453
2018-02-07,957.9498901367188,967.8768320034205,950.8119577638513,954.8772652732158,382513
2018-02-08,973.6912231445312,992.5996841613857,960.5498196562,960.5498196562,424810
2018-02-09,961.0697631835938,971.8948683455662,950.1501388008697,950.1501388008697,472189
2018-02-12,979.930908203125,986.0761575068591,961.9678717768256,966.2222751409491,488773
2018-02-14,993.35595703125,1007.6319374782462,975.0148421035343,983.2399765130526,365498
2018-02-15,990.89794921875,1002.0539882005594,980.4510929851997,997.4213918298725,260354
2018-02-16,988.5816040039062,1009.948141175571,979.0328545829502,995.1050459239142,632838
2018-02-19,961.30615234375,987.9670940788394,952.2773736946516,985.1308249092351,502939
2018-02-20,958.5643920898438,973.5493233910864,947.6920277111135,961.3060841368388,396055
2018-02-21,951.8046875,968.7749856532522,942.8704278371397,962.4406971691085,628446
2018-02-22,963.6224975585938,969.6732284983188,942.6340931349775,942.6340931349775,775993
2018-02-23,992.7887573242188,995.0104784897709,961.4007571018979,961.4952763286698,806228
2018-02-26,978.8436889648438,1004.9846582367192,975.9129007195233,1002.1483892106512,240854
2018-02-27,979.032958984375,987.9671613133966,969.7204489172888,979.2693147645934,338955
2018-02-28,969.9096069335938,977.9929054067733,961.0226064777581,973.7858186641328,362857
2018-03-01,962.8660888671875,976.1019534789876,961.7315696993069,970.8549249486291,272425
2018-03-05,956.8626708984375,964.2370170449208,952.9864593734769,962.4406901212297,472011
2018-03-06,958.3753662109375,967.829596798588,954.4045778233154,956.7681354702281,409750
2018-03-07,936.7252197265625,960.7389901579912,931.2417771481242,956.4845860999542,571021
2018-03-08,947.9756469726562,952.0409543032523,926.9872449794825,938.0014459336238,405968
2018-03-09,944.1940307617188,958.8008287218358,942.3977038486001,945.612165365535,371889
2018-03-12,958.469970703125,962.6298556133828,942.6341330600139,950.1502585866587,244331
2018-03-13,978.938232421875,992.6941837021242,952.9864163540392,958.6589545466228,839762
2018-03-14,997.2794799804688,1003.9919605455697,972.6512788032065,972.8403172497385,411421
2018-03-15,1025.3585205078125,1045.6851142088024,998.3666487555931,1000.2574946812665,1000506
2018-03-16,1027.816650390625,1039.0198899991726,1005.9300845851861,1025.3585736414882,629875
2018-03-19,1028.6204833984375,1051.2161218782421,1013.0683172897106,1030.5113298752728,614731
2018-03-20,1034.6708984375,1044.6923586149971,1011.6025554009475,1021.1513041039583,545426
2018-03-21,1026.68212890625,1049.3722824139322,1022.1441674495667,1044.6924844162083,498066
2018-03-22,1010.4682006835938,1037.0345652722815,1007.9154892070752,1023.8931618128263,422829
2018-03-23,981.0654907226562,1003.9920005708618,968.7277886883738,1002.0539524883427,710829
2018-03-26,997.6104736328125,1003.4721664776877,970.051480807611,970.051480807611,341662
2018-03-27,1028.2894287109375,1039.5871882731374,990.8033807746305,1006.8755730200204,855115
2018-03-28,1030.7001953125,1063.4119261961737,1022.9477722222956,1023.4204837621396,1588702
2018-04-02,1030.842041015625,1042.1871180726864,1020.3478678194616,1032.4965314197798,279687
2018-04-03,1048.6632080078125,1055.3284867187451,1025.8785354299257,1025.8785354299257,405008
2018-04-04,1036.892822265625,1079.484180617664,1028.573052522776,1063.6010258024419,619642
2018-04-05,1057.644775390625,1065.2081601876491,1041.0998711471348,1049.8450348186939,783319
2018-04-06,1053.437744140625,1062.4665813799634,1042.329022136001,1057.9758214206472,225924
2018-04-09,1068.1864013671875,1079.1060857145999,1054.2414088809105,1054.2414088809105,465413
2018-04-10,1081.2330322265625,1104.2540590926396,1069.7461197459947,1070.0769947129081,1402585
2018-04-11,1061.3792724609375,1087.2365713144939,1049.4196470948593,1087.2365713144939,385766
2018-04-12,1059.630126953125,1074.6150581724726,1050.8376470360158,1054.1939447934694,320269
2018-04-13,1082.9820556640625,1090.9236320128794,1058.8737689600612,1060.7646149760612,665920
2018-04-16,1109.2178955078125,1112.7632329108847,1071.495482457502,1084.873245340051,798396
2018-04-17,1116.119140625,1125.0533415861291,1109.8792566561272,1112.762842896533,523489
2018-04-18,1110.777587890625,1137.7221453823747,1107.0904148364518,1117.4900686051974,879419
2018-04-19,1115.36279296875,1124.9588595753783,1099.7633133468094,1108.0357646614748,561972
2018-04-20,1129.0714111328125,1133.5621703564932,1103.8758652488607,1111.5337684223634,258462
2018-04-23,1114.1336669921875,1134.4602611055072,1110.9193211798001,1134.4602611055072,335330
2018-04-24,1113.9447021484375,1142.7801050048156,1107.9412888976615,1124.7697498444006,729547
2018-04-25,1097.4942626953125,1121.933424079677,1093.8070899263723,1113.9446459203741,435624
2018-04-26,1107.3267822265625,1111.8175418556564,1084.7311475375036,1094.8472437363168,502965
2018-04-27,1123.8243408203125,1129.7805522380243,1101.4178605500404,1115.5046871700233,480121
2018-04-30,1132.1441650390625,1135.8313382197646,1119.428270475974,1129.7806072832398,174054
2018-05-02,1123.9189453125,1138.998396492327,1116.9699937088224,1138.998396492327,509127
2018-05-03,1132.947509765625,1137.3437493346921,1113.1409461627995,1124.1078287273058,408993
2018-05-04,1126.8968505859375,1138.7146375815032,1114.748188636111,1138.7146375815032,284847
2018-05-07,1142.5440673828125,1147.55485707699,1115.9303781887963,1125.0537361899437,373131
2018-05-08,1145.1436767578125,1154.2197150152042,1137.1075807805646,1148.689013218363,570345
2018-05-09,1130.0643310546875,1143.867485886073,1126.6135134948165,1143.867485886073,167176
2018-05-10,1125.3370361328125,1138.9510349225054,1119.3808251062617,1128.8350550480375,260948
2018-05-11,1135.16943359375,1156.2524142107052,1118.5773279658335,1128.8351451901733,608254
2018-05-14,1108.650390625,1136.3985347607088,1096.690765659253,1130.7259963176436,541698
2018-05-15,1087.0947265625,1115.5992560595382,1066.957283812383,1091.9636786006497,358690
2018-05-16,1101.5595703125,1107.0902714735155,1076.8840544654568,1085.3455436819775,531175
2018-05-17,1102.268798828125,1146.798203088183,1097.6362026260351,1122.1226836301462,994750
2018-05-18,1093.4290771484375,1109.8793459296953,1088.4182888087107,1104.254124932529,165721
2018-05-21,1076.4114990234375,1099.8579222742421,1064.451873922864,1096.6907780227773,208137
2018-05-22,1060.3865966796875,1076.2697519834326,1055.8486347415467,1071.4481169331139,577110
2018-05-23,1033.6783447265625,1063.6010095433342,1022.4751038409919,1063.6010095433342,513617
2018-05-24,1067.09912109375,1071.873554423332,1029.754904644161,1033.4420782106781,449315
2018-05-25,1086.1492919921875,1091.7746286128438,1053.0122819896762,1068.1862533131587,240092
2018-05-28,1032.5438232421875,1103.9232646303878,1021.0569099239256,1096.6907551034756,918222
2018-05-29,1008.5299682617188,1032.4018986096057,998.6975461457257,1030.605571858248,753542
2018-05-30,994.15966796875,1006.875562001686,985.3198700040482,1002.1957640035052,605331
2018-05-31,990.2833862304688,1010.8936561047979,987.3053957730018,995.5305306320806,2300110
2018-06-01,995.7667846679688,1003.093812990947,970.3821999467511,992.0796118496278,543631
2018-06-04,989.9998168945312,1006.544721055087,978.985614757457,1000.163115164587,400870
2018-06-05,978.8910522460938,996.9486094784047,959.8407546448083,994.5850518456915,536791
2018-06-06,996.9013671875,1002.1485116902488,973.3131064010482,982.8618568742135,273602
2018-06-07,1001.533935546875,1013.7299165897978,995.5778392757451,998.1777527946277,268495
2018-06-08,994.6795654296875,1020.9623723196728,987.9670848724585,997.4213153497069,547755
2018-06-11,968.6803588867188,999.6429613749707,962.7714652820905,994.5849715310246,458526
2018-06-12,1006.0722045898438,1017.275447355021,964.3317437752057,967.4516290524905,1371537
2018-06-13,983.5236206054688,1013.5880036025321,981.4436207023725,1006.828205881617,499228
2018-06-14,1025.547607421875,1035.190875935483,982.3418221408306,987.4943313686549,1978196
2018-06-15,1040.8634033203125,1050.6013063614052,1005.8355504947987,1027.6747986635298,1940627
2018-06-18,1040.34375,1055.9432333643704,1023.0897759757721,1040.580105808551,1278580
2018-06-19,1032.26025390625,1046.6779570926446,1021.2460510133841,1030.5112441423075,957879
2018-06-20,1023.9404296875,1047.055975950442,1011.9808056164723,1030.5110733959202,516618
2018-06-21,998.6030883789062,1030.5111160549186,993.6396174070821,1026.9657796464728,463272
2018-06-22,987.258056640625,997.6577105769878,976.6220469329812,993.1196336051565,493344
2018-06-25,976.480224609375,1003.0465906066322,972.8876860784399,990.8034076392131,319767
2018-06-26,986.0762329101562,995.9086556296121,973.549377602333,978.3238101281719,518815
2018-06-27,964.0478515625,994.7740415790681,957.6662462666812,985.1307730730636,722523
2018-06-28,945.56494140625,970.9495286900927,940.6487297201743,966.2224131657982,1136478
2018-06-29,981.916259765625,985.6034323784401,948.2592255880819,948.7319370664409,374782
2018-07-02,993.0724487304688,999.3122181177023,969.2950346501176,985.036352369068,559319
2018-07-03,1026.54052734375,1037.0819033955725,979.9311187544647,993.6397547621248,1241172
2018-07-04,1042.1400146484375,1045.5907169195884,1013.4936462089545,1026.7295706930265,1347815
2018-07-05,1018.6932373046875,1046.9140895210257,1015.3369396403605,1035.2381390706569,1060147
2018-07-06,1015.3843994140625,1028.3366495934445,1011.6972262787059,1021.0569379582752,374934
2018-07-09,1035.8055419921875,1044.5035038973942,1015.8098200229169,1018.8824451474969,1196862
2018-07-10,1031.314697265625,1044.6451390113407,1019.3550727609042,1039.9653411394474,415562
2018-07-11,1060.95361328125,1065.4916897112191,1021.0568100160751,1031.4564627106834,1147280
2018-07-12,1045.9688720703125,1077.4987108346882,1042.2344968155105,1060.953805818049,1044297
2018-07-13,1047.8123779296875,1068.2334920547437,1031.5510327610054,1053.7684737034504,660138
2018-07-16,1011.6500244140625,1047.576101862342,1005.9774858695973,1047.576101862342,513097
2018-07-17,1015.9989013671875,1021.0568915911374,983.2399696803545,1011.318988035876,951853
2018-07-18,1025.9730224609375,1033.8200797461586,1006.875523483913,1017.2751767781131,572307
2018-07-19,1019.3551635742188,1032.4020488158997,1013.4935863833741,1021.0569713563843,197820
2018-07-20,1031.078369140625,1038.358195968562,1014.4862636344235,1022.0023308199563,344871
2018-07-23,1021.7186279296875,1037.8381368423288,1016.2824454775414,1031.0783390593474,399079
2018-07-24,1024.3660888671875,1032.7330615275816,1016.3299912618612,1022.0025307479739,614412
2018-07-25,1037.0819091796875,1044.6926119275593,1017.889887906785,1025.6423118049067,696780
2018-07-26,1016.9915771484375,1049.4196354708179,1009.0973173866494,1044.692519995724,524569
2018-07-27,1042.8016357421875,1046.346972219099,1018.3151553933689,1021.0095880342038,343379
2018-07-30,1093.476318359375,1099.9524434178836,1031.6929427610962,1041.856240937208,2177271
2018-07-31,1086.7164306640625,1100.9924104150286,1069.3207396388188,1082.5093444406048,565352
2018-08-01,1100.236083984375,1109.879353014816,1082.6039208672612,1086.716488088829,482301
2018-08-02,1134.79150390625,1141.59850472772,1095.7927972230048,1101.938047973092,1309397
2018-08-03,1142.16552734375,1150.579815303097,1121.6498939736414,1135.2640085428216,1039224
2018-08-06,1127.60595703125,1155.2123776580709,1096.6906713386427,1139.2347060026418,2336944
2018-08-07,1099.0543212890625,1134.413167266346,1088.7491867218096,1130.725994203629,859756
2018-08-08,1070.1715087890625,1106.0975824567927,1062.7027594846036,1105.6721882739594,1567894
2018-08-09,1054.0994873046875,1079.0114794534722,1050.4124293728364,1068.3281517725077,839082
2018-08-10,1062.939208984375,1073.055189719819,1039.9653821073136,1054.1467282269589,962927
2018-08-13,1059.0628662109375,1072.1097506090985,1050.2231836768628,1056.5102701108178,325959
2018-08-14,1091.5382080078125,1094.4216790112193,1021.0568747929018,1058.7792768599231,466382
2018-08-16,1100.8507080078125,1103.1197465856726,1078.822303068569,1091.3964767734756,451485
2018-08-17,1110.6357421875,1121.2244343196467,1085.9602233486294,1102.3632903942328,959814
2018-08-20,1178.6588134765625,1188.2548800532809,1113.708299234522,1113.708299234522,2795952
2018-08-21,1179.604248046875,1190.3348915789873,1161.9722011675876,1189.3421512513553,1794448
2018-08-23,1223.5194091796875,1243.1369398071533,1177.1463568826061,1186.5060692756438,2201914
2018-08-24,1229.9954833984375,1237.369829923327,1206.170866854804,1227.1592140285718,849165
2018-08-27,1227.1591796875,1247.013064720965,1220.9194103300297,1238.50425684948,631476
2018-08-28,1210.992431640625,1229.049989169107,1197.472835596529,1223.3774507575574,635318
2018-08-29,1207.06884765625,1241.7658265245295,1199.0327519405046,1202.5780882856864,1565025
2018-08-30,1229.853515625,1235.6678902944598,1197.614613642316,1210.2359879099197,1028865
2018-08-31,1244.192626953125,1265.248317408606,1233.8076589187835,1236.6659005996767,1235827
2018-09-03,1226.28076171875,1264.2953940388222,1217.6107864217142,1252.7671774591063,873820
2018-09-04,1203.93896484375,1236.0941813027673,1194.7926154225026,1229.0438291002133,716718
2018-09-05,1217.6585693359375,1232.1402798252036,1199.5563730732822,1209.893656626001,811104
2018-09-06,1254.76806640625,1261.4372968275436,1220.6596700164887,1229.0438919241174,1723420
2018-09-07,1251.4332275390625,1268.487422686012,1239.380954314138,1256.6733362192795,1139483
2018-09-10,1218.373046875,1266.2009051225048,1208.1310154754012,1250.8616999612073,826691
2018-09-11,1185.8365478515625,1229.281786730178,1174.5465194376968,1218.37288036743,837631
2018-09-12,1211.4654541015625,1229.7581493726611,1174.8322633879807,1184.2644816348773,1186268
2018-09-14,1266.7252197265625,1270.9648986923407,1215.1814977348672,1219.5642283582936,1525334
2018-09-17,1300.2139892578125,1336.7519355069066,1254.8156805959625,1265.2482153689991,4137410
2018-09-18,1314.6005859375,1327.1768020056404,1289.1621668284672,1301.4526285281443,1408422
2018-09-19,1325.4141845703125,1341.4679503463449,1305.2635596409746,1314.5528440982737,1346458
2018-09-21,1322.3653564453125,1341.3727318133804,1242.429963836346,1341.3727318133804,1484382
2018-09-24,1297.4034423828125,1335.3703933679906,1284.922477873669,1322.3178038244864,890761
2018-09-25,1322.7940673828125,1330.0349219208085,1291.0675431399227,1300.4997624798737,1029316
2018-09-26,1319.8883056640625,1357.6647552729644,1306.2640905327876,1333.846075355895,1804070
2018-09-27,1301.357177734375,1329.7966530178016,1296.7839455180306,1320.602621015394,645479
2018-09-28,1248.9561767578125,1318.3160947518081,1234.617286610339,1301.5002017463505,1189157
2018-10-01,1257.2451171875,1266.6296533643344,1220.46910041967,1252.0050078570487,842259
2018-10-03,1247.288818359375,1263.247331377675,1222.850833372418,1243.430146302755,937244
2018-10-04,1223.2320556640625,1244.0018731842817,1200.699562922876,1242.3822495944696,1197193
2018-10-05,1221.08837890625,1252.862472339762,1208.464479470127,1214.7525872495792,876772
2018-10-08,1217.086669921875,1233.5215564995392,1190.9814938489124,1213.704487682822,707482
2018-10-09,1189.0760498046875,1235.9034761423318,1177.071343453115,1217.6107785719637,1206742
2018-10-10,1236.4276123046875,1243.3350291332054,1188.028010626768,1188.075694505063,868523
2018-10-11,1191.8388671875,1230.9491798322797,1176.928469002907,1200.461274449437,675008
2018-10-12,1221.70751953125,1235.4746671030468,1200.3659635597335,1200.3659635597335,825580
2018-10-15,1238.3330078125,1250.623468311458,1216.658011907338,1225.1850516876366,791699
2018-10-16,1245.81201171875,1262.1039629139252,1220.4689636037965,1245.0021999916169,815814
2018-10-17,1239.7144775390625,1257.1021120795585,1230.6633801070234,1252.8624340138263,693098
2018-10-19,1224.51806640625,1277.3002728052904,1217.991772798452,1248.098554360776,1205785
2018-10-22,1230.9969482421875,1243.3349767782508,1216.6580577362654,1226.1855288226889,503682
2018-10-23,1190.6480712890625,1249.909014022078,1182.8355911506883,1224.2800923307568,962440
2018-10-24,1182.359130859375,1209.988796286387,1155.205838974208,1195.9834606769966,1237155
2018-10-25,1193.792236328125,1205.2252026776362,1167.3058177642317,1179.501028391236,1084503
2018-10-26,1196.459716796875,1217.991775514662,1178.3098401129757,1201.4139546249949,858836
2018-10-29,1372.0987548828125,1384.0080935942522,1262.2469680876388,1267.153638897179,5731814
2018-10-30,1415.5440673828125,1429.597087738792,1368.6212706009828,1376.0050609575144,3338430
2018-10-31,1414.35302734375,1440.5535718044798,1394.440590293169,1414.8294008793996,1801064
2018-11-01,1434.408447265625,1445.2696711967765,1400.347738337575,1408.160218060357,953639
2018-11-02,1428.406005859375,1451.9388113276689,1415.925042842157,1440.5535306715858,924743
2018-11-05,1397.156005859375,1430.5975237287648,1385.7707239844842,1428.6443455584285,835508
2018-11-06,1407.9697265625,1413.8767121273522,1375.5286409257849,1396.7272641365892,873983
2018-11-07,1426.7386474609375,1433.8842500358671,1410.9230703555183,1419.5930448860079,138777
2018-11-09,1475.7574462890625,1489.000653093216,1432.9315143717415,1433.7890099479478,1937340
2018-11-12,1440.3154296875,1489.0960347294038,1426.4053452757344,1473.8997649919381,1464492
2018-11-13,1458.2745361328125,1464.3721401982266,1415.4486049686197,1438.6479711771779,953328
2018-11-14,1432.788818359375,1481.2359890320956,1414.2102484145094,1470.4223318374363,2290976
2018-11-15,1458.4652099609375,1474.8524124675027,1415.9725990923287,1437.6952780448719,1004108
2018-11-16,1485.0469970703125,1500.5768227728845,1455.4165827509091,1458.4654435371963,1664868
2018-11-19,1488.4290771484375,1503.434843168657,1471.9941905548637,1491.0491315329202,755395
2018-11-20,1461.7999267578125,1494.8602047134113,1457.7983191436456,1481.5217452704617,508270
2018-11-21,1465.8966064453125,1479.1398138685554,1452.7010828960258,1473.8044535813722,841267
2018-11-22,1457.0362548828125,1498.6712585845528,1438.743439923636,1471.0415913887791,1282102
2018-11-26,1434.8848876953125,1481.5218140342477,1428.3109091185906,1461.5141239411805,1535951
2018-11-27,1451.1768798828125,1457.7031747577366,1425.405022331107,1442.411536109518,1263798
2018-11-28,1410.160888671875,1453.5585634195472,1397.679925548737,1448.1755193143015,772057
2018-11-29,1387.7237548828125,1420.1647219830184,1377.1006020708876,1414.8293617915704,1613812
2018-11-30,1371.3365478515625,1411.1137402258464,1352.9009142870227,1391.9635463192537,12273274
2018-12-03,1387.914306640625,1400.4429539836494,1352.9485353796276,1357.37871625306,952050
2018-12-04,1422.546630859375,1429.0253574740025,1382.769440577745,1393.2020908041468,1136996
2018-12-05,1410.3990478515625,1431.78828853598,1393.9165939524682,1419.6883314286501,838036
2018-12-06,1390.43896484375,1419.592999149757,1377.8626349357812,1410.0655293568054,679445
2018-12-07,1421.30810546875,1427.119839253224,1386.4374701576437,1402.4436672283853,839928
2018-12-10,1403.06298828125,1414.829391271465,1384.2938013228343,1395.8697014209363,569332
2018-12-11,1408.2080078125,1435.265934527005,1386.247138919075,1387.19988609359,648455
2018-12-12,1456.655029296875,1462.4667632061928,1413.3526048656136,1414.8294093558284,845326
2018-12-13,1450.081298828125,1479.7593986053073,1444.1266285799807,1463.4197601839685,773320
2018-12-14,1420.92724609375,1457.0839570534606,1407.4458494907612,1446.3655506857021,793454
2018-12-17,1413.0191650390625,1445.2220627260697,1405.7783105224842,1428.0726153594787,594795
2018-12-18,1425.690673828125,1430.5019765310553,1406.1593597833255,1413.7813359959302,545698
2018-12-19,1444.5074462890625,1453.7967299183401,1414.8293527668936,1433.8842935448988,650629
2018-12-20,1441.1253662109375,1451.8914559031741,1429.692400011244,1429.692400011244,451924
2018-12-21,1405.111328125,1447.2226991840955,1400.728598864573,1443.3640272967575,552808
2018-12-24,1378.7679443359375,1419.5931329872587,1365.8106074563461,1419.1167594526992,849081
2018-12-26,1387.00927734375,1390.0580215487048,1360.570545268372,1370.4314545117343,345177
2018-12-27,1401.634033203125,1410.0658224621486,1379.7208481243213,1395.7746148020592,434791
2018-12-28,1397.8704833984375,1411.9711868459583,1392.9639289285012,1405.3972086670176,305371
2018-12-31,1412.590576171875,1422.927859422821,1395.7745658215151,1405.30203726057,420785
2019-01-01,1405.730712890625,1420.593661228565,1399.6332242723465,1414.8294945447487,254899
2019-01-02,1401.3956298828125,1413.4954706446485,1392.3445330965505,1407.1121120636096,247208
2019-01-03,1369.9549560546875,1412.7333202862944,1364.4289768471367,1409.6844600571842,536515
2019-01-04,1391.487060546875,1401.6814074172257,1360.7609683163807,1369.9550005698072,391849
2019-01-07,1415.7822265625,1424.3569506803078,1392.2969866905205,1400.5382725752859,456830
2019-01-08,1389.9150390625,1419.5931335374853,1386.342237551919,1418.4498835749523,345960
2019-01-09,1403.634765625,1407.2075675059393,1391.0108656456814,1391.8206774782652,248643
2019-01-10,1448.6043701171875,1453.463473665564,1397.9182678234545,1401.2051989982801,1072651
2019-01-11,1434.02734375,1461.2282041085552,1427.0722432879602,1448.1279312741324,1149372
2019-01-14,1458.1318359375,1466.1349352949262,1433.1699070129594,1433.7892159237508,965710
2019-01-15,1450.271484375,1462.466692895238,1443.888125786797,1458.6557047704298,383535
2019-01-16,1447.985107421875,1453.939776872218,1441.172942310255,1453.939776872218,362391
2019-01-17,1434.2177734375,1474.8524590881789,1428.358355717518,1453.8920236231015,927211
2019-01-18,1437.8382568359375,1448.175539233858,1413.3525874768227,1441.2681230105386,454592
2019-01-21,1426.452880859375,1446.41300195552,1423.070698508542,1443.4118253947677,351617
2019-01-22,1432.5982666015625,1449.890650528796,1414.8295091022408,1421.4987391114769,710962
2019-01-23,1432.2647705078125,1441.0776812354645,1425.3573539915446,1436.7426353837106,302963
2019-01-24,1422.6895751953125,1446.2700653919198,1419.2120250978105,1437.0284652498606,365424
2019-01-25,1424.6903076171875,1436.7425813110256,1416.7348928444926,1429.5969782872637,195017
2019-01-28,1403.8250732421875,1428.5489286000711,1391.1059235759196,1428.5489286000711,211598
2019-01-29,1433.6937255859375,1443.3164469816513,1396.7270956335853,1405.301818594501,424613
2019-01-30,1432.121826171875,1441.4586779676363,1421.5463566256515,1434.7894482697484,218871
2019-01-31,1435.027587890625,1448.08029250887,1423.880493711296,1437.600074756562,512854
2019-02-01,1459.94189453125,1474.9000927488041,1418.3068956594063,1439.7912714983872,609053
2019-02-04,1533.3988037109375,1543.4026484575488,1473.185232328379,1490.0488098089545,2399611
2019-02-05,1539.7823486328125,1559.6471036937116,1534.1134332394447,1539.448910386648,1031235
2019-02-06,1575.129150390625,1581.5125094694179,1533.922838124244,1539.782256076885,916887
2019-02-07,1591.23046875,1595.8512685657201,1562.552806527543,1567.2688577854385,753538
2019-02-08,1605.4739990234375,1619.6699530488204,1577.749083675792,1588.2293010190492,1045291
2019-02-11,1557.741455078125,1600.615073107798,1549.1667314721903,1597.852083352126,880642
2019-02-12,1560.695068359375,1573.1760326456285,1536.9716412888417,1560.5998169057066,795159
2019-02-14,1560.07568359375,1571.0322751820843,1538.7342417155726,1562.5052352059306,469510
2019-02-15,1544.7364501953125,1552.4061106868191,1458.3223368232152,1540.592023670355,2159194
2019-02-18,1500.3385009765625,1544.4507383818209,1485.3327340990384,1541.4495617458888,890862
2019-02-19,1512.8194580078125,1541.2589356548117,1452.9393260912968,1495.8606294255367,1840314
2019-02-20,1486.8095703125,1519.5364107490016,1480.0449726929664,1519.5364107490016,775963
2019-02-21,1476.758056640625,1486.904836870874,1467.2305853074597,1479.7115494934783,799999
2019-02-22,1491.0494384765625,1499.1001061762292,1473.614117371598,1476.8534812651408,611185
2019-02-25,1519.3934326171875,1529.0638389101052,1487.2382181002852,1498.6711832618503,599083
2019-02-26,1544.831787109375,1552.8825701375524,1495.8129938015127,1495.8129938015127,857201
2019-02-27,1561.028564453125,1572.0328408600033,1541.544931219082,1551.0724029818698,556471
2019-02-28,1576.081787109375,1584.7994457647233,1557.741406633718,1572.032612199165,578587
2019-03-01,1590.8973388671875,1595.8515778417168,1572.080581456815,1572.080581456815,480280
2019-03-05,1585.0853271484375,1603.4257090941812,1580.8456490117053,1594.8986689441583,529749
2019-03-06,1625.2913818359375,1643.4888290888991,1573.9859712143732,1591.087735987514,692075
2019-03-07,1572.89013671875,1633.4371422965341,1564.4106646668895,1626.3392232560172,800855
2019-03-08,1569.5556640625,1587.1814861790706,1558.6943233896986,1579.6547605012959,428683
2019-03-11,1610.761962890625,1615.239827892711,1572.1280201452373,1572.1280201452373,637436
2019-03-12,1619.62255859375,1648.1574070586373,1612.6675738044128,1619.6702424746823,885899
2019-03-13,1588.2293701171875,1631.3411751548615,1582.8940097707416,1619.6700235148282,639516
2019-03-14,1614.429931640625,1623.4810289263057,1592.3738134156183,1597.4234194747992,672355
2019-03-15,1627.2919921875,1645.0130643923471,1614.9062803031688,1616.8117744392198,830304
2019-03-18,1609.523193359375,1641.1544649589716,1604.5212713850926,1636.8194193937418,464384
2019-03-19,1615.859130859375,1632.3892702878682,1602.0919813655387,1617.764625117464,283112
2019-03-20,1596.1849365234375,1630.1503961501749,1592.2786964149502,1613.9536943766195,426057
2019-03-22,1585.037841796875,1611.667078495501,1577.320613033053,1600.7104861153914,459571
2019-03-25,1625.1483154296875,1629.1974904791239,1573.080664768861,1581.3696340631045,684585
2019-03-26,1627.149169921875,1691.0784793677926,1606.950977197209,1629.197599520882,509657
2019-03-27,1587.181396484375,1638.7249906628194,1582.560596369968,1625.3865314364941,460961
2019-03-28,1576.367919921875,1618.7174862701797,1563.9345224911713,1590.9925661224502,1681103
2019-04-01,1641.8690185546875,1659.6853416601534,1628.2446893784168,1628.2446893784168,888473
2019-04-02,1618.7650146484375,1652.444601536805,1613.6677245969388,1643.9651290451395,508894
2019-04-03,1596.6136474609375,1626.8633680898,1586.752621867772,1626.8633680898,393202
2019-04-04,1620.67041015625,1633.0084378889935,1596.6135472293556,1600.5673544310819,590246
2019-04-05,1637.7723388671875,1641.2022053216642,1611.2383541942527,1626.339373150837,464487
2019-04-08,1604.8548583984375,1637.7723182975246,1597.9474416982298,1633.6754591130973,461738
2019-04-09,1634.7711181640625,1638.4868551824268,1605.617079631449,1613.0008697914514,392667
2019-04-10,1641.1544189453125,1650.634205233741,1625.3864093095308,1632.865450124768,484391
2019-04-11,1637.20068359375,1642.4883603585847,1623.528785604304,1634.4376936695844,357943
2019-04-12,1650.2532958984375,1654.683593354402,1632.0558488073073,1635.8668373626074,370739
2019-04-15,1662.4007568359375,1666.3546805676947,1639.010885274774,1648.2524856387145,422148
2019-04-16,1633.5802001953125,1671.0232087958432,1630.4362044584554,1665.687848146699,530087
2019-04-18,1642.869384765625,1649.9197363349174,1632.0557287955614,1634.9139700018584,334997
2019-04-22,1621.0992431640625,1655.6840105352596,1614.9063868134504,1639.6778122158987,324129
2019-04-23,1607.2366943359375,1632.1510545793255,1602.711145553182,1622.5283320069461,340440
2019-04-24,1660.3525390625,1667.3076403115172,1607.2845652603025,1607.2845652603025,573966
2019-04-25,1635.1998291015625,1660.1617556061801,1629.7215334948278,1654.207086468425,334093
2019-04-26,1640.9639892578125,1657.7323154155174,1635.0570035972805,1652.0158326593357,333124
2019-04-30,1664.3062744140625,1667.3074510864458,1626.387009022065,1640.9639700988523,557187
2019-05-02,1633.29443359375,1687.743838435266,1626.434584551588,1659.1138572735751,686686
2019-05-03,1621.4803466796875,1643.488781889784,1616.0973021916209,1636.819552050231,344975
2019-05-06,1614.572998046875,1633.1038837890785,1610.1903843710527,1617.7169938937689,246788
2019-05-07,1609.3328857421875,1625.6725227678603,1591.0877543998681,1591.0877543998681,559625
2019-05-08,1589.65869140625,1615.7639877530032,1575.9391085676066,1606.903392337881,443167
2019-05-09,1548.73828125,1586.0859255423309,1538.6867516148757,1582.9894970948085,553836
2019-05-10,1572.3660888671875,1579.4641242529447,1527.2535387890841,1533.160524046455,637110
2019-05-13,1548.35693359375,1574.7004135016962,1537.638528990329,1574.7004135016962,255768
2019-05-14,1540.9254150390625,1557.5984883814072,1518.67879472556,1557.5984883814072,422106
2019-05-15,1532.8270263671875,1575.8435777630432,1526.3007325129354,1534.3990822172798,639846
2019-05-16,1562.7911376953125,1570.4606821821235,1522.3946367992103,1536.0188507488272,494855
2019-05-17,1555.5499267578125,1574.8907367119652,1545.450832166363,1558.6940382702815,363216
2019-05-20,1581.2742919921875,1610.1425752166294,1562.5052209202795,1600.6151043573593,482091
2019-05-21,1616.33544921875,1633.9612705040709,1579.6546860033525,1579.6546860033525,494321
2019-05-22,1600.8055419921875,1625.5769652164104,1591.0875686327674,1624.338463836477,342013
2019-05-23,1650.5865478515625,1661.5908225839069,1612.047976956405,1629.197423519771,543073
2019-05-24,1682.2178955078125,1690.1733103202007,1654.9216685604222,1659.7806553803973,572794
2019-05-27,1518.15478515625,1648.3001290731597,1503.4825731944566,1647.7760716593243,3084161
2019-05-28,1541.40185546875,1552.025008776975,1510.6757618327417,1524.395343181805,1231843
2019-05-29,1514.0103759765625,1547.6423947414953,1510.2946390687728,1541.5447901110372,474654
2019-05-30,1510.5328369140625,1549.9290223775024,1506.1026559591314,1523.4426065864152,925477
2019-05-31,1517.059326171875,1533.7324012167114,1508.1987311986197,1520.5367602109418,787381
2019-06-03,1539.877685546875,1544.403234816077,1492.5261955036642,1521.775488470067,765932
2019-06-04,1511.39013671875,1533.922625881092,1505.7213387526465,1533.922625881092,803652
2019-06-06,1505.6739501953125,1522.4899608202452,1480.9977755048185,1522.4899608202452,925968
2019-06-07,1492.2401123046875,1505.959693501068,1479.66389738425,1500.576649244937,632011
2019-06-10,1487.2860107421875,1504.3877758595047,1482.5222749098268,1488.1910740294784,363052
2019-06-11,1482.2840576171875,1497.5755795431244,1478.6635719382346,1492.9547791412458,475514
2019-06-12,1462.0382080078125,1486.2855768268544,1458.417722261351,1482.2840852562551,500761
2019-06-13,1473.4710693359375,1480.9501107867052,1445.3173460996936,1467.1828454542433,597842
2019-06-14,1450.366943359375,1476.7579912630279,1424.4045851258797,1469.1360145339283,993176
2019-06-17,1467.7069091796875,1508.1034095249695,1459.9896809215459,1466.5636591792727,1053764
2019-06-18,1470.0888671875,1478.6635916234607,1452.9394183155785,1471.9943615066024,548508
2019-06-19,1467.6116943359375,1481.378843768757,1460.8472130101304,1476.758043473799,420314
2019-06-20,1527.253662109375,1538.6866277645918,1466.3730967349175,1475.1384401852015,758268
2019-06-21,1472.7088623046875,1524.3953936196021,1467.230566358867,1524.3953936196021,1014804
2019-06-24,1501.815185546875,1509.4847293348173,1463.4671177007813,1468.8024777928558,512756
2019-06-25,1526.68212890625,1532.9702371343767,1491.0493605440022,1492.7643520162858,457699
2019-06-26,1522.442138671875,1534.875534494499,1505.5308781273204,1512.0096047441157,461263
2019-06-27,1526.1103515625,1532.0173370626583,1503.4349240577578,1519.6316247605346,511835
2019-06-28,1521.489501953125,1557.2175197794654,1516.8687015746798,1523.9667375641309,551806
2019-07-01,1534.1136474609375,1545.356112059671,1522.4901769860383,1523.2047374570893,273406
2019-07-02,1540.830078125,1546.9752497237403,1515.3440960011208,1534.1131652873898,300935
2019-07-03,1553.5494384765625,1562.50528471033,1524.395399717395,1543.4503422138625,598945
2019-07-04,1543.2596435546875,1561.5046556390516,1535.7804865318076,1554.3114855403376,214179
2019-07-05,1534.6851806640625,1543.2599051533157,1508.1987629430675,1543.2599051533157,607948
2019-07-08,1501.1959228515625,1528.4444654073432,1490.5727699110416,1524.4905418623975,329224
2019-07-09,1529.25439453125,1539.4964261749235,1493.8598154045453,1495.9559288710461,548646
2019-07-10,1546.7374267578125,1556.5507696381358,1522.0613668179706,1532.9702759588436,685813
2019-07-11,1532.6368408203125,1565.2684331501705,1529.1592902021018,1559.647201284013,672371
2019-07-12,1536.924072265625,1544.4031140547525,1512.1049627459245,1538.6389473364677,548484
2019-07-15,1538.1148681640625,1553.9304460095582,1524.4905387628075,1538.6864931363805,331641
2019-07-16,1570.698974609375,1575.8438326317214,1537.7339455064077,1543.545680032589,399507
2019-07-17,1573.8905029296875,1577.9873619222487,1558.3131113267611,1574.4145603480852,325110
2019-07-18,1564.3155517578125,1582.9893724334027,1558.2656306818265,1574.5098996305987,769446
2019-07-19,1547.6424560546875,1581.464979056532,1543.4980293134809,1566.4115279320383,464691
2019-07-22,1548.5474853515625,1554.2164004130866,1525.348116582764,1541.5448173834557,248393
2019-07-23,1542.5927734375,1566.744888646774,1533.0653026407738,1552.9777398663582,298001
2019-07-24,1528.3016357421875,1552.1679976785506,1519.6316601889978,1537.7338555141332,321561
2019-07-25,1564.1724853515625,1571.984964720695,1527.2535367860849,1528.2062838458392,382130
2019-07-26,1587.943603515625,1595.7561998045587,1548.1188430505993,1567.269037205263,586809
2019-07-29,1575.129150390625,1599.3765176773863,1565.3158086941928,1591.0876643897436,461396
2019-07-30,1580.08349609375,1593.9460139251946,1562.5053573444823,1575.1769412145363,863878
2019-07-31,1556.550537109375,1573.8429198180252,1491.2396784576279,1573.8429198180252,1115866
2019-08-01,1539.02001953125,1569.6508623513719,1521.8230039920818,1543.7361875029053,470130
2019-08-02,1523.2520751953125,1547.2612550458603,1504.4353204002657,1533.9227959506375,432681
2019-08-05,1503.0062255859375,1532.541385518122,1492.0496339981917,1513.4387597508066,571020
2019-08-06,1539.639404296875,1545.4035711122842,1492.7642907364166,1494.8126040803693,634515
2019-08-07,1556.693359375,1578.701791995747,1525.3956434277845,1525.3956434277845,591808
2019-08-08,1572.9857177734375,1577.7017701641312,1549.214720285549,1566.3164869894192,678997
2019-08-09,1586.2763671875,1603.902189977136,1564.7443042292384,1574.891084933431,374284
2019-08-13,1452.36767578125,1543.4502736051782,1440.744091593807,1538.6865381928164,2698990
2019-08-14,1474.9949951171875,1487.4158262056326,1411.542939082381,1464.499870630492,1340125
2019-08-16,1451.30859375,1465.9439145525657,1434.8919005989892,1465.9439145525657,913721
2019-08-19,1461.707275390625,1483.9010864781822,1444.2796576949288,1449.3828261664291,512242
2019-08-20,1465.6070556640625,1484.6714789419534,1459.8780084705543,1461.7074530998746,382353
2019-08-21,1476.150146484375,1483.7567099060407,1459.8298325428764,1467.388206292541,461174
2019-08-22,1510.235107421875,1517.7454087160027,1474.609542248391,1480.482922729296,604653
2019-08-23,1513.2200927734375,1518.8527605873792,1483.3235708983032,1506.8170953713527,469022
2019-08-26,1559.870361328125,1564.6364376160857,1509.8019953244102,1516.4937779971292,635005
2019-08-27,1534.3546142578125,1568.006283302087,1528.7700192280556,1564.7807489037705,645617
2019-08-28,1518.0823974609375,1555.9706442833287,1511.6794006960558,1534.3546387208091,419022
2019-08-29,1555.0078125,1573.3020220588235,1513.6051277089784,1522.3670677273635,479265
2019-08-30,1565.0216064453125,1582.3047742788738,1541.961201906754,1551.7341853418204,357258
2019-09-03,1578.549560546875,1597.373386772401,1565.1178060268464,1565.1178060268464,697815
2019-09-04,1601.657958984375,1608.927546979955,1532.910340951737,1586.7819254476155,817587
2019-09-05,1578.1163330078125,1604.3058920080266,1572.9169024242415,1598.6251523790927,312286
2019-09-06,1576.768310546875,1593.3294554123436,1560.736781933465,1583.893447434589,426978
2019-09-09,1566.7064208984375,1592.2220276531123,1556.9334385776992,1575.2276471942585,405327
2019-09-11,1556.500244140625,1578.0680598058732,1546.727261553433,1568.487718362416,464103
2019-09-12,1584.0379638671875,1594.4848975693453,1553.0822100116873,1564.636448399871,426448
2019-09-13,1567.862060546875,1593.5221230751538,1550.2419166561021,1593.5221230751538,455745
2019-09-16,1583.7010498046875,1597.8549453615137,1555.2968793387852,1558.2335111875113,363401
2019-09-17,1541.9130859375,1585.8191668682243,1538.6393616608514,1584.9045033734164,486724
2019-09-18,1556.115234375,1565.5993149590759,1545.3793976072059,1552.600796661445,457444
2019-09-19,1523.618896484375,1569.5469461845523,1512.1609201281092,1560.7850057482744,400672
2019-09-20,1577.105224609375,1598.8176095308972,1516.5899293818027,1536.7135831444216,592869
2019-09-23,1551.83056640625,1596.4107197687565,1543.5019796592564,1580.042214198148,944775
2019-09-24,1569.1136474609375,1583.8934196937803,1528.721887604419,1551.8303630285227,692476
2019-09-25,1572.7724609375,1591.7888110137487,1559.9665843190176,1559.9665843190176,450237
2019-09-26,1612.8271484375,1641.6645520590644,1570.4134219403718,1574.26483437922,999909
2019-09-27,1598.76953125,1633.8656005234593,1593.7627416796706,1608.9276794120099,659001
2019-09-30,1603.6318359375,1609.7941192765381,1589.6222763366436,1602.9578857826993,269573
2019-10-01,1562.2774658203125,1626.210822599804,1547.7864785249394,1609.7942464905768,412172
2019-10-03,1567.862060546875,1586.6858885316585,1535.7991179575356,1550.1937269794548,348048
2019-10-04,1561.9886474609375,1588.7078245095065,1558.9075641489337,1575.22787933185,282510
2019-10-07,1585.482177734375,1594.4366415913767,1556.5003211563658,1570.4135022892492,476604
2019-10-09,1589.285400390625,1593.5219777964555,1560.9774940150594,1589.237328254157,248324
2019-10-10,1605.220703125,1617.5933429853192,1580.0420689517314,1583.893481673125,566891
2019-10-11,1627.1737060546875,1632.0361616923346,1590.3445714324268,1615.234420493358,598374
2019-10-14,1621.1558837890625,1655.8185989455167,1608.0130316542063,1632.9990251485008,571690
2019-10-15,1630.20654296875,1638.583435372173,1616.6785275774018,1622.4074564478772,545212
2019-10-16,1656.300048828125,1660.7292676334566,1628.040330553528,1632.9990481041632,306125
2019-10-17,1658.9476318359375,1669.876108089781,1641.7607282311756,1658.9958215032216,348490
2019-10-18,1673.4388427734375,1677.867943936451,1653.2671154746904,1656.1074853684192,271062
2019-10-22,1676.4718017578125,1707.6682676250887,1662.1252661776375,1668.0468366142618,814403
2019-10-23,1670.88720703125,1687.3039004170053,1661.6438402061003,1674.401644571003,228759
2019-10-24,1698.521240234375,1712.9640382833536,1670.8872827791877,1671.5131608684683,283296
2019-10-25,1693.80322265625,1708.101569104675,1682.634149093727,1695.584477561067,199141
2019-10-27,1694.14013671875,1704.0575712910088,1687.929780844837,1701.361535425991,15839
2019-10-29,1689.1815185546875,1696.0659425667295,1672.0428018052648,1691.7331030881317,343418
2019-10-30,1672.0908203125,1695.5362718986328,1664.7731596016288,1675.4127343276841,335535
2019-10-31,1689.85546875,1694.043856447396,1673.9202020953765,1679.2158944229718,334257
2019-11-01,1678.3975830078125,1706.0314228980474,1674.2091950851868,1687.8816635428086,339865
2019-11-04,1670.6947021484375,1689.8073140739684,1652.6892773402508,1689.8073140739684,515116
2019-11-05,1624.7667236328125,1673.6797173708133,1614.5124302085558,1670.550444204436,587695
2019-11-06,1642.0015869140625,1657.9849256099678,1580.715960742754,1589.6705420033618,1000255
2019-11-07,1654.181884765625,1659.5257673215326,1618.652576306282,1639.7390860045748,362279
2019-11-08,1636.80224609375,1663.6178016730514,1632.036169780389,1650.3303805330895,469867
2019-11-11,1647.0084228515625,1655.1444845600736,1629.0992611016957,1636.8502755975132,207500
2019-11-13,1610.3719482421875,1655.1446212426429,1598.3362834571187,1646.4789425973934,878362
2019-11-14,1594.96630859375,1631.7472534226463,1582.4010274549858,1606.5205468691047,892696
2019-11-15,1682.7784423828125,1693.6105405722717,1566.5621114888863,1583.8934685920208,2475371
2019-11-18,1671.4649658203125,1697.9434288249797,1656.5407412176817,1685.4745268970983,546681
2019-11-19,1668.335693359375,1681.623114539535,1653.6521820529176,1673.4388623359357,385992
2019-11-20,1698.087890625,1731.0175407922677,1662.5105116769764,1667.6617528220108,1047192
2019-11-21,1682.152587890625,1713.830361464433,1675.460688194782,1698.0396643477723,429107
2019-11-22,1668.9615478515625,1683.0673705455004,1653.5558968625876,1680.1788109850677,376747
2019-11-25,1698.521240234375,1703.1910547630532,1661.8846288358159,1670.550307665203,608852
2019-11-26,1717.970703125,1738.4313322080357,1696.1139840129647,1699.4357803086032,1008355
2019-11-27,1744.06396484375,1750.4669615601333,1707.908900928154,1718.69280879254,795959
2019-11-28,1726.395751953125,1757.2070537169286,1721.2925830841796,1756.2442005368098,633764
2019-11-29,1719.8482666015625,1735.879795215485,1715.6118067281031,1728.6103243822372,258455
2019-12-02,1718.7410888671875,1728.3214308427812,1707.234923026177,1707.234923026177,401926
2019-12-03,1728.4658203125,1733.0393726812854,1713.8303822109167,1728.3213688358028,263215
2019-12-04,1742.1866455078125,1755.281425835742,1718.8855269856642,1731.2100952565356,1107902
2019-12-05,1734.5802001953125,1738.9130399959668,1724.5184303392246,1738.9130399959668,196491
2019-12-06,1717.585693359375,1756.244273657851,1706.7055224925102,1735.0615028132936,541954
2019-12-09,1739.20166015625,1754.3184073213802,1713.9267654294738,1717.7299882883328,574599
2019-12-10,1746.27880859375,1753.9334448653126,1728.706736899746,1742.8606325649814,418388
2019-12-11,1754.1258544921875,1770.1091927174568,1737.9498751221674,1743.7269938206346,580804
2019-12-12,1761.2027587890625,1771.6496913422675,1745.7489196301626,1756.9179920032082,438783
2019-12-13,1773.575439453125,1779.3043684783058,1750.466964671977,1765.5837115769991,534166
2019-12-16,1791.532958984375,1800.4874238671562,1762.021482773925,1770.6871621974033,686055
2019-12-17,1776.849365234375,1798.9949894132662,1765.583911978419,1792.8327052650245,466589
2019-12-18,1769.57958984375,1776.0307762938592,1753.6444411683544,1772.7088624957023,461114
2019-12-19,1761.0584716796875,1786.0926544372992,1758.1699121307322,1764.9580740850924,380436
2019-12-20,1750.4669189453125,1765.8725683969762,1728.3212978585454,1765.8725683969762,725073
2019-12-23,1740.934814453125,1769.675958421834,1736.9871399150213,1752.8742174142442,328818
2019-12-24,1749.4078369140625,1756.2440704794967,1739.008976324543,1743.8232418686207,219970
2019-12-26,1748.541259765625,1764.9097627480126,1741.5605746701951,1747.5784066490141,291471
2019-12-27,1762.165771484375,1769.098267368421,1750.9485084263965,1757.1588644251965,266306
2019-12-30,1780.508056640625,1788.9812116541636,1762.0213225657262,1767.7502519827037,361262
2019-12-31,1777.2344970703125,1788.2109296050326,1766.9318972306019,1783.2041399413283,287988
2020-01-01,1751.2855224609375,1780.89325841416,1748.445152530148,1776.4641571933566,157063
2020-01-02,1758.07373046875,1765.6802944682668,1752.874299536435,1752.874299536435,102841
2020-01-03,1766.64306640625,1779.208229917404,1749.5042327420672,1749.5042327420672,281177
2020-01-06,1770.0611572265625,1776.4641545155791,1733.135760503004,1760.3845530852288,500000
2020-01-07,1775.4049072265625,1782.9632807784642,1764.5246198597201,1769.7240502610057,302472
2020-01-08,1765.824462890625,1777.4268902012138,1754.3184149223248,1754.3184149223248,147762
2020-01-09,1774.9237060546875,1786.0927802569515,1758.7959141035803,1776.4642477488278,221553
2020-01-10,1796.972900390625,1814.496780896778,1772.6126684165395,1775.4530382255975,499335
2020-01-13,1809.056640625,1811.8971279754842,1790.9068820213495,1800.727937263281,208532
2020-01-14,1804.0499267578125,1816.9039935067833,1788.0183974255945,1808.7197412837797,328250
2020-01-15,1796.9248046875,1808.8160183339332,1783.2523361082135,1808.8160183339332,277859
2020-01-16,1828.4583740234375,1831.4431956766107,1799.6690375182254,1800.5356289751596,381703
2020-01-17,1832.646728515625,1842.756687743428,1821.766557201468,1828.8915772952812,362279
2020-01-20,1821.71826171875,1854.8404354389766,1817.0002575126373,1834.2353533690375,420979
2020-01-21,1801.3057861328125,1830.2876435041383,1798.6097501995682,1821.7182266475284,393410
2020-01-22,1786.237060546875,1820.418347674552,1775.453034649911,1802.5573745695783,460611
2020-01-23,1826.9656982421875,1831.7318919495249,1784.1669219006028,1786.0926282383261,294035
2020-01-24,1839.531005859375,1843.5749422130832,1815.0745115075022,1826.051061299296,200949
2020-01-27,1847.0892333984375,1863.1207611292639,1823.3548808153973,1839.049433466095,434503
2020-01-28,1874.4345703125,1879.2970262545591,1832.4541919880812,1847.0895144196336,527383
2020-01-29,1888.44384765625,1920.31426202257,1864.13180668026,1883.34067916975,829522
2020-01-30,1886.373779296875,1901.6349782735842,1863.8429919965017,1888.636460700575,350522
2020-01-31,1879.7783203125,1910.3007192663001,1875.6380046021939,1895.8579214895892,322232
2020-02-03,1899.468505859375,1946.889022353393,1889.502999504337,1920.7957261247548,910769
2020-02-04,1888.44384765625,1922.7694669264,1881.60749656111,1905.4863006528299,565885
2020-02-05,1889.743896484375,1916.077908554587,1873.9048904876613,1889.1662080593062,519051
2020-02-06,1947.8519287109375,2002.1567525168603,1858.3065854731137,1877.5636485350115,1730330
2020-02-07,2008.4635009765625,2017.1773690840562,1936.2977036888005,1947.8519416024085,890175
2020-02-10,2011.35205078125,2033.979099919906,1999.0274833850294,2007.54882783396,628865
2020-02-11,2067.1494140625,2079.7628848464506,2007.548895789282,2007.548895789282,1068378
2020-02-12,2042.981689453125,2098.971501404247,2033.545682359684,2078.7997766167414,984894
2020-02-13,2075.71875,2093.0501057165516,2042.9817447576243,2055.7395482711972,591980
2020-02-14,2066.716064453125,2108.648365493578,2056.3653932526427,2088.6691629438096,660382
2020-02-17,2074.803955078125,2089.3910845197734,2054.343328098381,2077.8368481076823,243414
2020-02-18,2094.446533203125,2099.212609778902,2062.913089248452,2074.8044209210657,532206
2020-02-19,2104.65234375,2113.4623547537303,2075.670374150503,2089.391029528745,365113
2020-02-20,2088.765380859375,2153.324490509746,2076.729717602923,2117.7953066053183,578488
2020-02-24,2080.1962890625,2103.641860090593,2067.534862658169,2091.2209119308804,419664
2020-02-25,2052.5986328125,2100.130453704661,2030.2877781080165,2087.5199706108224,572634
2020-02-26,2077.91650390625,2098.141634735359,2028.4446132998453,2052.598441630437,578955
2020-02-27,2091.93359375,2106.920619854868,2053.6171275970223,2083.6397290277428,569625
2020-02-28,2043.8197021484375,2085.288789830491,2024.7100178799308,2075.8794769495994,1076121
2020-03-02,2046.05078125,2100.033251875538,2023.497418365533,2066.1790513511914,557614
2020-03-03,2117.688232421875,2143.78213746444,2001.7202418287818,2061.231879884373,1399046
2020-03-04,2109.63671875,2144.6549157373947,2093.0975389372743,2117.5909755532707,634747
2020-03-05,2157.119873046875,2171.9129379435426,2109.8305672296583,2109.8305672296583,1094422
2020-03-06,2172.931640625,2181.6134252545844,2106.387001220531,2114.6808657425495,968953
2020-03-09,2116.37841796875,2191.2652338405946,2073.0178074751493,2172.8830783774492,879424
2020-03-11,2084.8037109375,2128.988948694685,2061.377409444437,2115.456978365603,573237
2020-03-12,1855.535400390625,2065.20893841743,1772.1122117086622,2065.20893841743,1552639
2020-03-13,1903.891845703125,1933.6720569235874,1577.2803883063766,1746.066850523664,962602
2020-03-16,1835.2132568359375,1926.4937264351358,1815.4730250638243,1891.5723900042876,682663
2020-03-17,1838.511474609375,1904.279922934476,1816.1520707318641,1835.3103046199424,1300859
2020-03-18,1751.1595458984375,1876.0032783738795,1734.086915927578,1870.2316047595555,1076620
2020-03-19,1814.890869140625,1888.1286703625615,1582.179063034486,1668.4638159169592,1743757
2020-03-20,1935.127197265625,1956.710524556328,1808.5373450662207,1819.353283323661,1881347
2020-03-23,1796.266357421875,1867.3215812270066,1673.8477120332846,1794.5202431236828,1203381
2020-03-24,1862.4228515625,1915.8234461220366,1804.754188106354,1867.321586726542,1285829
2020-03-25,1870.2801513671875,1914.853310495128,1824.7368366884684,1843.0705622800117,676624
2020-03-26,1826.87109375,1920.6736429894904,1817.8497004860128,1879.3015330071935,596430
2020-03-27,1806.74267578125,1872.171631818304,1770.0752254717358,1872.171631818304,538787
2020-03-30,1837.1533203125,1872.0746565386357,1777.786977680429,1795.5387042938082,606185
2020-03-31,1929.4525146484375,1974.0256760371021,1838.2204698232474,1884.7822548108547,937675
2020-04-01,1820.759765625,1940.4623759234912,1788.9910483505096,1940.0743373734683,1165088
2020-04-03,1844.0892333984375,1881.8721342966683,1768.3292347050638,1852.7710188178537,1219731
2020-04-07,2005.8914794921875,2085.579939182381,1863.683934025186,1901.2728747895198,2241715
2020-04-08,2103.9619140625,2148.244249633501,1978.9726578031643,2003.1266051997413,1228880
2020-04-09,2241.658447265625,2393.6634372499066,2134.3239460929785,2158.332362257415,2527934
2020-04-13,2271.05078125,2348.459788175781,2216.534744312953,2313.5384530356205,1782628
2020-04-15,2323.67529296875,2345.549676648325,2260.18641298205,2299.9579335538374,1136701
2020-04-16,2321.49267578125,2375.1357732842293,2283.2733098345293,2323.626709976798,1350131
2020-04-17,2262.32080078125,2376.1547654754204,2250.631804689556,2357.190490093315,1326979
2020-04-20,2272.360595703125,2303.8382541686706,2227.2538677794014,2265.036767782672,817776
2020-04-21,2334.49169921875,2400.3085833698365,2226.235449306584,2226.235449306584,1365316
2020-04-22,2313.053466796875,2340.6509749488177,2292.82809851554,2334.8307523441704,596850
2020-04-23,2344.870849609375,2380.762224152476,2304.80826795698,2316.448713754743,993530
2020-04-24,2352.728271484375,2386.2916553508107,2318.9711643568876,2337.7897924371764,894214
2020-04-27,2353.164794921875,2398.3198363265137,2322.4629759870986,2376.591098159251,924358
2020-04-28,2292.53759765625,2371.7410432877887,2278.61746858201,2371.7410432877887,855492
2020-04-29,2298.842529296875,2336.819387248625,2281.5272722327795,2316.448608032261,635110
2020-04-30,2262.99951171875,2301.6070366168146,2231.7643636928474,2294.13779812754,843162
2020-05-04,2218.6201171875,2273.7182683223136,2159.3024470317882,2159.3024470317882,936799
2020-05-05,2215.807373046875,2256.3064242998935,2205.0884151106216,2205.0884151106216,609756
2020-05-06,2222.694580078125,2244.520414595038,2174.5320964821935,2240.785677069737,762810
2020-05-07,2191.16845703125,2240.785761301305,2160.272679834635,2212.0242552424957,498471
2020-05-08,2231.861572265625,2245.4906418946525,2185.5908465353828,2202.9544171805896,641799
2020-05-11,2257.179443359375,2285.4076203270556,2240.834458798253,2249.5162442862656,654101
2020-05-12,2292.731201171875,2303.2076490620725,2234.043957489571,2260.1864095829596,676613
2020-05-13,2269.40185546875,2325.0818917511315,2244.66590876456,2316.4486560629944,538167
2020-05-14,2295.68994140625,2306.651171394637,2233.0254487654424,2259.2164509881477,413755
2020-05-15,2265.230712890625,2340.6996507781146,2257.6160633329446,2304.8082761080814,600190
2020-05-18,2260.380615234375,2307.718477523021,2248.9341290148127,2271.827101453937,600640
2020-05-19,2252.183837890625,2287.3476859033462,2238.6518665032404,2279.5873884108837,322942
2020-05-20,2301.60693359375,2305.4870819158455,2241.8527915287586,2255.336212217856,600994
2020-05-21,2286.71728515625,2318.8739235639528,2263.387843161697,2303.8383469836385,317110
2020-05-22,2250.486572265625,2303.9840354925086,2235.936012531149,2280.5577290502088,479501
2020-05-26,2226.914306640625,2274.6400885289504,2218.862950681963,2269.8384518533067,404978
2020-05-27,2221.772705078125,2250.485895719203,2192.283674278189,2235.93534035895,720014
2020-05-28,2216.632080078125,2231.0855394950945,2187.7734736433513,2226.7203721352125,392876
2020-05-29,2318.486083984375,2335.9467541682898,2194.5152783134795,2216.535076124762,1000264
2020-06-01,2405.74072265625,2418.205558153144,2289.2877134280047,2330.1263728765525,1128386
2020-06-02,2338.759521484375,2461.905687828298,2328.0891130495643,2425.0928260932965,1305076
2020-06-03,2310.82275390625,2368.8310304360007,2296.2721947512377,2347.4902103419827,888450
2020-06-04,2348.60546875,2365.9207274758674,2313.5387187494644,2320.328979139924,704299
2020-06-05,2386.339599609375,2401.8116425913513,2343.3669125969536,2356.6563723011304,770517
2020-06-08,2340.748291015625,2397.9319360577297,2266.976915277878,2397.9319360577297,1943064
2020-06-09,2349.23583984375,2383.28399914248,2328.088984205459,2328.088984205459,1215283
2020-06-10,2322.8994140625,2370.770843125025,2304.8083155749014,2339.7296536896724,702873
2020-06-11,2285.69873046875,2344.919549638575,2276.6773370302044,2322.899515461273,470891
2020-06-12,2323.3359375,2328.3800830213854,2233.898328014004,2240.7856861084183,589371
2020-06-15,2265.085205078125,2376.203003590315,2252.8626427403133,2336.770852903769,1261564
2020-06-16,2250.825927734375,2294.1379942917592,2216.5350177406635,2281.5275106022063,660650
2020-06-17,2231.182373046875,2267.8012726627417,2223.616036489631,2259.2648990295806,699526
2020-06-18,2241.22216796875,2262.12651481682,2227.7387470231406,2236.8084518033074,304464
2020-06-19,2235.693359375,2260.1868000189825,2217.505160876993,2249.225331692417,728257
2020-06-22,2278.859619140625,2298.0178515458724,2247.575923187753,2265.0365906963325,445228
2020-06-23,2308.73681640625,2329.107595234369,2252.426116137715,2289.2875254457394,838016
2020-06-24,2271.19677734375,2339.729813340118,2261.6418158385095,2323.239180327356,501579
2020-06-25,2260.623046875,2306.7483610903246,2255.675999465846,2270.4205168983,316334
2020-06-26,2280.31494140625,2310.5315053700056,2262.6603117816235,2273.767190324896,497117
2020-06-29,2247.1884765625,2297.048298445514,2238.9431596128434,2288.851530725369,519075
2020-06-30,2210.617919921875,2264.988558239301,2199.074570721079,2264.988558239301,684233
2020-07-01,2174.095947265625,2215.5650389535695,2166.093140097776,2215.5650389535695,788450
2020-07-02,2130.83203125,2174.823311154526,2027.4262121637205,2037.0780345336773,4392566
2020-07-03,2124.81787109375,2181.1285761623026,2115.7481656519617,2139.9019964483164,1516409
2020-07-06,2096.347412109375,2153.385407953649,2092.3701650024977,2153.385407953649,932519
2020-07-07,2119.0458984375,2140.8717316784446,2082.669509702592,2114.1957132728458,1348625
2020-07-08,2098.67529296875,2146.692130039216,2076.89800715744,2108.860682650364,1586276
2020-07-09,2111.140380859375,2128.1160304595132,2088.4899193770034,2105.950587537145,819353
2020-07-10,2137.0888671875,2159.8847394369423,2095.280172714718,2118.900671243796,1011412
2020-07-13,2168.178466796875,2172.8832417603426,2131.36560388304,2153.4824985303394,600585
2020-07-14,2151.68798828125,2188.986109257455,2145.0433753470734,2176.2785268066564,811086
2020-07-15,2158.623779296875,2177.7334643359736,2147.8077226682462,2152.5124977111473,1234453
2020-07-16,2138.44677734375,2174.8231684303414,2127.5338600177724,2171.913057143414,833354
2020-07-17,2195.581787109375,2206.397842424808,2111.819229064661,2134.0815322289586,1233698
2020-07-20,2229.872802734375,2244.665868636147,2174.386727503968,2211.6846069535072,1650713
2020-07-21,2213.8671875,2257.276348039216,2208.774492688137,2235.935531684741,549204
2020-07-22,2193.9814453125,2237.875624775478,2178.460851469237,2224.295105162623,314826
2020-07-23,2325.615478515625,2336.6740439336218,2206.494871147964,2216.534850210617,2533883
2020-07-24,2278.714111328125,2360.2940845092958,2258.2462350006454,2318.3885316372603,1234340
2020-07-27,2291.131103515625,2323.239434268501,2250.6805937162217,2279.5877538751474,915026
2020-07-28,2271.390380859375,2319.504078118935,2262.1264793443097,2292.1976289410823,1049978
2020-07-29,2351.030517578125,2362.0405343060074,2272.118135046806,2285.5046955016037,937679
2020-07-30,2485.57470703125,2499.931066934567,2357.6752181387137,2361.9918359539192,3392829
2020-07-31,2538.150634765625,2566.330260034441,2480.3848777906637,2492.9953601572174,2698997
2020-08-03,2562.595703125,2649.171520860935,2527.5772664310284,2543.049548808928,2802784
2020-08-04,2609.93359375,2625.599599547251,2524.0853029339723,2594.849468168076,1260214
2020-08-05,2587.81640625,2635.2028120832897,2561.867914499578,2619.1001019117234,1237767
2020-08-06,2656.010009765625,2670.5120163943943,2582.917622832277,2601.6393853867653,1340401
2020-08-07,2701.407958984375,2735.504668903822,2640.828951590297,2665.661996506278,1448742
2020-08-10,3024.381591796875,3194.332037274317,2971.5145720484843,2971.5145720484843,6015324
2020-08-11,3037.622802734375,3073.805235993772,2994.504698544465,3045.8681185547925,2731072
2020-08-12,3023.605712890625,3037.186232614869,2921.8489134012984,3028.4558985064264,2244001
2020-08-13,3031.85107421875,3084.7180982292834,3000.9552966493775,3016.815498582727,1916602
2020-08-14,2997.220703125,3089.568188424915,2968.4106483876694,3041.0663330336292,1959949
2020-08-17,3035.780029296875,3044.9468336610203,2979.3239104564714,3026.5161264805297,1194516
2020-08-18,3056.441650390625,3065.3173955875313,3002.2649808048764,3036.070870230075,1416520
2020-08-19,3064.929443359375,3094.4184776956263,3046.353090026513,3071.768015738417,1002926
2020-08-20,3093.73974609375,3110.9093574837066,3027.5832552049073,3036.313590165105,1018936
2020-08-21,3150.05029296875,3235.073956033563,3126.0901854531844,3158.4410197437123,3851456
2020-08-24,3143.1142578125,3181.7217829092365,3115.6138473024544,3171.5363930554113,842857
2020-08-25,3148.643798828125,3171.003204690566,3124.150358391775,3157.2287231766095,887308
2020-08-26,3101.014892578125,3164.406679954392,3087.385822885938,3151.5536873683454,700169
2020-08-27,3170.517822265625,3179.7817242575225,3089.5682708237364,3104.118827829186,1013525
2020-08-28,3174.786376953125,3199.0856195992096,3161.3512668666526,3181.7220482732805,636688
2020-08-31,3029.232177734375,3195.2539477130003,3002.1196856977103,3186.572162246406,1472451
2020-09-01,3134.287109375,3162.7090082217273,3008.376240772278,3020.6956651307414,981942
2020-09-02,3230.90283203125,3239.9242252931213,3142.920505972968,3150.0018248484366,992629
2020-09-03,3184.14697265625,3249.042363827263,3174.3011902280373,3230.2237376832636,829828
2020-09-04,3126.574951171875,3221.444625916773,3112.849021081771,3143.8902079545087,867200
2020-09-07,3103.245849609375,3151.2626871157113,3075.0176746481898,3146.1214430075147,582355
2020-09-08,3019.337890625,3119.6396426131505,3002.2651411342354,3112.8493821970146,687872
2020-09-09,3062.50439453125,3074.4842112914143,2987.714435205493,2997.414806748368,904326
2020-09-10,3061.970458984375,3089.56796534426,3031.414292294157,3065.3170393996425,503343
2020-09-11,3052.3671875,3077.2973307694456,3024.5757189371943,3062.989283349842,464651
2020-09-14,3069.9736328125,3130.940325855412,3039.8053825883085,3074.629858517506,773804
2020-09-15,3089.52001953125,3152.6209885282765,3071.380370746971,3079.8681964853163,1365374
2020-09-16,3147.140380859375,3175.901889989343,3083.748353169249,3085.785526081786,1064745
2020-09-17,3114.934814453125,3166.3953345249392,3104.118994561643,3146.8491799612525,688789
2020-09-18,3244.19189453125,3287.455642748175,3131.2796738834786,3133.219748030866,3362844
2020-09-21,3064.1533203125,3273.147771698995,3026.564381688114,3250.5458593029794,1585478
2020-09-22,3139.622314453125,3175.707648838538,2951.3865593276532,3065.317374505492,1855832
2020-09-23,3053.240478515625,3191.810143282773,3035.2462420199863,3156.258376469329,1499849
2020-09-24,2929.94873046875,3057.363207813611,2895.5609600668877,2997.4148631848184,6257683
2020-09-25,2969.041015625,3014.8752680102916,2914.6218402849777,2968.3134878093606,1594964
2020-09-28,3004.3505859375,3036.2164023343666,2931.1127781495625,3007.1152866570405,1269287
2020-09-29,2970.156494140625,3044.946449088956,2957.303502598596,3007.115002286003,1187338
2020-09-30,2956.624755859375,3041.0665391849334,2948.9130076944807,2996.4448292000825,1416088
2020-10-01,2973.067138671875,3004.8844085419805,2960.699163460326,2968.3140507717567,740845
2020-10-05,3032.530029296875,3050.766774711117,2957.6917594264396,2987.714361243319,1059411
2020-10-06,3067.839599609375,3089.3743770745828,3047.323171696029,3065.3174082774367,1403318
2020-10-07,3086.56103515625,3121.482371677169,3056.732393544632,3094.418430603645,1304014
2020-10-08,3134.626220703125,3157.470640907965,3077.2486231415387,3092.4781576696137,1003283
2020-10-09,3094.418212890625,3171.924079041309,3084.814940753215,3157.4706216172367,952505
2020-10-12,3111.151611328125,3118.669399148779,3057.6056086673993,3096.6496034778934,1176234
2020-10-13,3045.091796875,3150.6804274831197,3027.582817087808,3117.6991668505993,1080242
2020-10-14,3036.65283203125,3067.257552317158,3010.0253588994756,3061.437329257733,792943
2020-10-15,3018.17333984375,3055.616866654206,2953.762971099066,3045.916495648955,992780
2020-10-16,3126.138916015625,3136.033248340377,3021.568855849942,3021.568855849942,1664500
2020-10-19,3000.712890625,3149.613596402469,2992.564673117207,3138.0702487955155,1329702
2020-10-20,2993.2919921875,3035.0035876388692,2978.9839449105766,3009.0550951197033,1348612
2020-10-21,2986.696044921875,3031.3663061747648,2924.6622121974133,3005.175301289415,1234195
2020-10-22,3000.81005859375,3012.984072739307,2940.182733989868,2986.695970060869,899754
2020-10-23,2976.8984375,3049.7966305516065,2970.8840180429947,3015.8453321835063,1214597
2020-10-26,2950.998291015625,2989.072247474223,2929.609162261677,2988.58722892061,772978
2020-10-27,3062.26171875,3083.311476488485,2952.7929371101936,2968.3135307349517,1602501
2020-10-28,3037.622802734375,3114.6922073612973,3016.815553117359,3065.074901595683,1412166
2020-10-29,3014.487548828125,3064.977793138434,2998.966954393331,3027.9224212904583,729760
2020-10-30,3047.9052734375,3065.3173929087056,2962.202396535321,3017.7855725756276,1330322
2020-11-02,2957.3037109375,3040.9694164920365,2949.204042697943,3027.631405461603,977309
2020-11-03,2997.317626953125,3024.090746415007,2966.858555865372,2968.313611557312,724215
2020-11-04,3100.4326171875,3113.916275344756,3012.1106894308427,3027.243363338498,1479510
2020-11-05,3112.849365234375,3144.8605927360063,3073.174938606488,3114.6923411785165,1169897
2020-11-06,3140.2529296875,3166.9775019465324,3091.0235417249883,3113.8194159539344,1234138
2020-11-09,3321.16455078125,3359.626427409509,3245.404557864568,3312.7252753009843,7053871
2020-11-10,3165.619140625,3321.019281517599,3142.095739737164,3321.019281517599,2531351
2020-11-11,3252.679931640625,3271.1591864680654,3183.710433285895,3201.1225525323016,2007813
2020-11-12,3266.163818359375,3306.6143224415264,3204.1782988664977,3236.0441157799582,1258544
2020-11-13,3330.088623046875,3346.627802013219,3267.278724443873,3269.024838488275,1346031
2020-11-14,3341.729736328125,3360.40295316323,3335.7155528164635,3360.40295316323,124536
2020-11-17,3324.3173828125,3385.429724544974,3293.2761933610846,3356.328609434272,1652851
2020-11-18,3348.3740234375,3358.268354239144,3308.2143464301803,3336.9275385854007,817107
2020-11-19,3332.1259765625,3394.1598015346876,3304.2374100308843,3333.0474644393216,1130621
2020-11-20,3365.15576171875,3385.4294421579352,3322.3770313441055,3338.867661864646,1058905
2020-11-23,3440.042724609375,3528.801122085012,3366.5138627234796,3381.9373583743036,2306539
2020-11-24,3431.070068359375,3501.7856843289123,3388.339883047459,3501.7856843289123,1608159
2020-11-25,3365.49560546875,3461.9657602032134,3346.628428793261,3461.044272203862,736967
2020-11-26,3438.102783203125,3458.182505223196,3361.178788386641,3381.0645503381347,963570
2020-11-27,3497.0810546875,3550.2389015106214,3404.587916898329,3440.7218010508927,5745633
2020-12-01,3512.26220703125,3657.0402597549714,3488.835903280522,3657.0402597549714,2077864
2020-12-02,3530.498779296875,3545.3403951521836,3506.6843197465023,3513.474579840064,755137
2020-12-03,3581.716796875,3613.2913169234166,3527.152206710025,3545.4858142752655,940122
2020-12-04,3600.7294921875,3626.9690454847614,3555.186293581613,3599.662593376123,1043566
2020-12-07,3606.16162109375,3629.8304326053,3553.68251703249,3593.017570467361,1086712
2020-12-08,3579.437255859375,3636.669450465257,3566.438852153658,3606.1618279938293,750038
2020-12-09,3613.7763671875,3624.0588558878235,3584.869449071477,3598.837889545992,653837
2020-12-10,3620.421142578125,3650.2497848540384,3595.685195324929,3613.291274816131,638946
2020-12-11,3532.972412109375,3627.938954723415,3513.862490721707,3618.2385831867214,1322763
2020-12-14,3491.93994140625,3559.793995821301,3477.1954234095424,3540.635761222903,858167
2020-12-15,3519.68310546875,3542.6731780304412,3498.3908349404633,3511.5348872010263,678172
2020-12-16,3606.5009765625,3615.3284092385093,3527.055029780311,3542.7695840330493,1097589
2020-12-17,3710.10107421875,3738.7171704058296,3600.0989551314897,3600.0989551314897,2080618
2020-12-18,3718.055419921875,3743.3734851006634,3668.680622091399,3722.3237256176944,1336810
2020-12-21,3525.260498046875,3689.972857411626,3437.617781548708,3675.4708490382372,1845053
2020-12-22,3609.45947265625,3627.065787983736,3493.9765094071654,3549.3171729098617,1501765
2020-12-23,3578.078857421875,3603.687741527852,3550.3357022858513,3598.449636041548,915202
2020-12-24,3637.251220703125,3644.4294005441466,3581.42553799033,3593.9874711248503,656706
2020-12-28,3653.159912109375,3669.990151416065,3625.9988718706436,3647.3396892010755,387691
2020-12-29,3670.814453125,3714.951142457567,3652.1897876288795,3669.6504559362684,834002
2020-12-30,3685.85009765625,3705.5418990924386,3648.1642966154773,3676.44078470166,407940
2020-12-31,3726.785888671875,3734.6432848585277,3673.385529344876,3673.5309401972063,646191
2021-01-01,3733.7216796875,3752.0067385558955,3703.45656683684,3723.972758599058,344329
2021-01-04,3746.52587890625,3797.6467879314364,3733.6728870244433,3737.553035517064,578164
2021-01-05,3726.979736328125,3764.2290672342715,3690.0697763207777,3742.6457411819683,621125
2021-01-06,3763.5986328125,3772.7654362753706,3701.2251983322617,3731.7328185374836,486212
2021-01-07,3689.099853515625,3787.025057049386,3677.410858420651,3773.444536865295,731225
2021-01-08,3743.518798828125,3752.7827010403976,3695.93866574882,3704.571901713903,594069
2021-01-11,3707.869873046875,3772.4258921458445,3691.476340094082,3768.49719435968,581207
2021-01-12,3654.614990234375,3717.0369760386425,3628.909005565175,3708.403503243134,758091
2021-01-13,3607.9560546875,3678.574806057974,3565.61402812875,3674.9857159942244,1142472
2021-01-14,3613.097412109375,3627.939028226306,3573.616946520244,3626.3868740187977,826368
2021-01-15,3535.591552734375,3650.0559397058346,3524.1450666721325,3647.33978824311,1048279
2021-01-18,3458.4736328125,3549.3660699385878,3444.6020536627293,3530.9353633715386,952462
2021-01-19,3491.60009765625,3522.2048164504304,3448.6759546851868,3468.852774339504,834021
2021-01-20,3497.662841796875,3556.2532267036463,3489.272115329723,3521.2347914851343,730498
2021-01-21,3496.595947265625,3540.6355384104595,3482.4333103817944,3540.6355384104595,706058
2021-01-22,3438.49072265625,3505.471836873259,3424.231223566269,3496.5960914630464,720287
2021-01-25,3462.111083984375,3481.8511975860424,3377.37824551322,3455.2722748176343,926197
2021-01-27,3378.687744140625,3492.133534801946,3365.9316142723906,3487.186250897458,944951
2021-01-28,3326.98486328125,3391.928802094938,3307.8266298677927,3356.3284866107224,717703
2021-01-29,3268.8798828125,3354.3885654223827,3259.4220203160085,3346.628267989364,1015705
2021-02-01,3359.82080078125,3414.530801853484,3212.1809556270887,3315.587011572502,998291
2021-02-02,3442.274169921875,3460.8017387086625,3342.8453549787573,3433.9317551086456,1624774
2021-02-03,3569.979248046875,3605.5310151306685,3454.544826331617,3482.43339460316,1693164
2021-02-04,3568.66943359375,3613.1457298715873,3541.6054929219854,3602.6692817057387,908879
2021-02-05,3707.91845703125,3744.149439317642,3555.2347043358404,3588.1674182166103,2152555
2021-02-08,3668.53515625,3771.504506838984,3540.635660998532,3685.171198940664,2744564
2021-02-09,3611.205810546875,3726.155213152423,3594.0362003075975,3669.699098225173,1319497
2021-02-10,3637.978759765625,3647.339523120042,3565.274289119655,3627.9387809757864,953446
2021-02-11,3641.374267578125,3651.8990291884666,3600.7781156976203,3608.1504932078005,422563
2021-02-12,3607.9560546875,3641.3740237218535,3584.4326539714225,3641.3740237218535,561226
2021-02-15,3599.8564453125,3637.396835990698,3591.0775616607943,3609.508267676882,426787
2021-02-16,3576.042236328125,3608.004915583672,3556.156473180227,3599.8566976093653,392393
2021-02-17,3506.927001953125,3564.8867248953006,3482.4335625507833,3561.976613283141,691346
2021-02-18,3480.153564453125,3538.695399133339,3465.9426154340513,3488.2534691018327,884937
2021-02-19,3417.635009765625,3496.984099953524,3385.4298221464073,3480.4934675820373,745416
2021-02-22,3391.880615234375,3456.242680738357,3370.879403751275,3404.8307070984097,846786
2021-02-23,3344.930419921875,3413.5605445385563,3337.7522401338488,3380.579283238667,511326
2021-02-24,3375.77783203125,3404.6364372506628,3310.1546767227446,3392.1228159173797,409153
2021-02-25,3336.976318359375,3408.225499088212,3329.167471999642,3373.0616526837866,876984
2021-02-26,3262.33203125,3381.452403713033,3226.731478413485,3317.042031735449,1701176
2021-03-01,3357.831787109375,3380.579108494412,3280.0348633119825,3294.924789886838,660836
2021-03-02,3411.523681640625,3416.42241679061,3351.9634932040617,3366.0290323883937,724413
2021-03-03,3458.327880859375,3466.1367273503124,3395.663622516227,3453.3322842233442,725617
2021-03-04,3446.978759765625,3464.0029605774153,3389.3586428301,3443.632178675392,640664
2021-03-05,3392.123046875,3443.632117789599,3385.4298848128733,3412.5909268686787,390702
2021-03-08,3402.599365234375,3442.6133988660217,3396.100163500513,3416.8105520012678,372681
2021-03-09,3398.23388671875,3460.8983774702338,3357.78338742613,3460.8983774702338,442271
2021-03-10,3422.38818359375,3437.6662687953035,3377.9118852768142,3404.830416346218,421799
2021-03-12,3406.8193359375,3458.0373495720496,3398.5740193979104,3426.6565501294126,600323
2021-03-15,3308.796875,3420.351152521255,3269.9953871665202,3420.351152521255,834264
2021-03-16,3277.028076171875,3333.0477228525306,3260.343484179269,3327.1304013733857,793917
2021-03-17,3277.076416015625,3290.705484775958,3244.871231329332,3288.425802837315,547364
2021-03-18,3174.83447265625,3297.107701975899,3157.5680009600164,3297.107701975899,622941
2021-03-19,3269.31640625,3304.48025457495,3058.818334897888,3173.9617025995913,1744235
2021-03-22,3303.898193359375,3340.808156624462,3250.158226568957,3270.335047934575,748535
2021-03-23,3391.201416015625,3404.733387247523,3301.085057150066,3315.5870655573754,787152
2021-03-24,3376.844482421875,3438.7814446387106,3353.46673091608,3391.2010785544285,762599
2021-03-25,3346.822021484375,3389.406793114898,3289.3958713896436,3389.309694672785,738392
2021-03-26,3361.130126953125,3404.7817980722807,3309.5727479059105,3346.6281191352996,504226
2021-03-30,3476.85546875,3492.13355304457,3375.777650496414,3395.1298432377766,732578
2021-03-31,3514.250732421875,3531.565753937125,3473.7031310556263,3492.1338374197862,883699
2021-04-01,3507.75146484375,3529.9652210511986,3495.043883332638,3509.5944407153715,247000
2021-04-05,3502.8525390625,3570.706587263581,3454.9325639297795,3507.7512738129994,880667
2021-04-06,3577.59423828125,3587.4400209830787,3476.6132725487337,3496.984053442574,490057
2021-04-07,3588.118896484375,3622.1187462209336,3580.9892654718083,3590.107520022409,415385
2021-04-08,3603.833251953125,3686.0438965115977,3571.191598135905,3587.7307781230866,752343
2021-04-09,3639.918701171875,3669.213773375731,3569.7364242955555,3607.082851560604,1247594
2021-04-12,3666.400390625,3781.2043686358497,3565.080069518049,3647.3392575861453,1959252
2021-04-13,3607.03466796875,3734.6431050667097,3591.077603884925,3731.7329935562684,606699
2021-04-15,3670.038330078125,3705.444684813417,3584.8207115296964,3633.2740181105705,850076
2021-04-16,3707.336669921875,3729.7929357803205,3621.536692380925,3676.4408911852834,681099
2021-04-19,3693.028564453125,3734.497653019397,3643.459570875296,3697.781651804214,777986
2021-04-20,3666.449462890625,3733.5759880338483,3637.6394061589426,3700.6918225323643,594570
2021-04-22,3642.731689453125,3697.8298421270338,3630.07265838592,3657.039736166242,619485
2021-04-23,3666.498046875,3714.9028076350005,3626.9690316199817,3638.6094778300485,733544
2021-04-26,3670.960205078125,3727.3677709545723,3657.476546517967,3668.6805230319305,568028
2021-04-27,3791.82666015625,3807.395803737904,3672.5606402424723,3703.9414366926426,804123
2021-04-28,3766.266357421875,3847.7009293204087,3754.043794523468,3825.9719549260712,911739
2021-04-29,3793.669677734375,3828.9789333554822,3740.46304820286,3765.6840127394976,653122
2021-04-30,3940.630615234375,4011.1037213151976,3792.4574366537468,3792.845356793814,2499026
2021-05-03,3951.930908203125,4023.034433905085,3904.447642373187,3940.096503658525,1014865
2021-05-04,3865.9375,3979.5772529688506,3843.33558791969,3976.1338106807684,492286
2021-05-05,3914.5361328125,3942.764306900171,3855.897438007144,3879.1783281988855,671260
2021-05-06,3941.3095703125,3962.019721793448,3897.6093484457906,3928.650537880899,423190
2021-05-07,3908.376953125,3965.1724413740285,3898.8705412585823,3946.6934222884843,305011
2021-05-10,4015.274658203125,4079.006289571922,3920.9873297072827,3930.5906029358925,1238763
2021-05-11,3951.54345703125,4046.21917827376,3933.5977696288123,3996.6501848265657,483699
2021-05-12,3939.75732421875,3999.608568837238,3923.8002605120473,3956.684425072675,567640
2021-05-14,3900.0830078125,3984.912711325051,3886.4539381508807,3967.4520421907155,481350
2021-05-17,3922.1025390625,3945.1409203900794,3899.5491762891857,3899.5491762891857,305324
2021-05-18,3903.381103515625,3952.7561385841964,3897.6094295999555,3938.3509915818368,404311
2021-05-19,3918.610595703125,3937.380909848338,3882.088790641303,3914.100017550639,545721
2021-05-20,3919.72607421875,3937.3807025833967,3845.566783147653,3928.310760706336,382877
2021-05-21,3957.654296875,3986.8525085167075,3920.6960252051977,3920.6960252051977,426797
2021-05-24,3974.436279296875,4040.204606601831,3950.330762123937,3969.537307648128,591556
2021-05-25,3975.066650390625,4013.5285269214505,3962.650128066113,3993.8369631258697,235870
2021-05-26,3975.79443359375,3996.553134269716,3933.5007183164316,3985.6402161239553,344734
2021-05-27,3956.9755859375,4002.373372966884,3935.6833173703076,3977.152406486724,781730
2021-05-28,3996.79541015625,4023.3743322911273,3956.3449099566287,3969.3918617461013,483595
2021-05-31,4068.335693359375,4155.833231303541,3986.852575037442,4064.4555448678543,3090619
2021-06-01,4093.6533203125,4100.443579448321,4030.552128009806,4079.0056665893376,652655
2021-06-02,4087.979248046875,4127.993282331015,4075.1262552162125,4089.579714688046,603352
2021-06-03,4105.39111328125,4116.8373613477215,4081.9160265200785,4104.2268793266285,382915
2021-06-04,4133.91015625,4149.721571351948,4091.1797382576,4106.749117738043,389667
2021-06-07,4103.208984375,4170.189862607813,4093.5569249139267,4136.383971945569,429298
2021-06-08,4114.12158203125,4131.485151576981,4075.901740961279,4103.208664539403,366017
2021-06-09,4139.58544921875,4185.710528736674,4103.451563426063,4122.658110574939,480787
2021-06-10,4241.53564453125,4292.414281234736,4146.9087123793215,4146.9087123793215,1275478
2021-06-11,4204.62548828125,4265.252802393045,4195.410136536257,4241.001876748327,574413
2021-06-14,4256.57080078125,4277.863303053859,4181.829637066936,4204.7709181003,540274
2021-06-15,4183.81884765625,4283.05393958082,4167.47409939896,4266.223699061918,798680
2021-06-16,4171.8388671875,4200.503274868714,4154.52360971696,4190.172474182389,358040
2021-06-17,4173.43896484375,4194.876878214791,4143.028208828909,4171.838498453684,205565
2021-06-18,4071.53662109375,4233.1936863316205,4022.2589247760898,4173.58471574801,1586031
2021-06-21,4102.38427734375,4111.842139721202,4037.29468871335,4064.4557293870585,294121
2021-06-22,4160.2470703125,4168.977405172964,4092.5386627439643,4107.913373549663,377841
2021-06-23,4098.01904296875,4181.054317827052,4094.769323782611,4171.159749426172,268303
2021-06-24,4122.99755859375,4132.067500815824,4069.354219183803,4108.107393382232,389303
2021-06-25,4121.4453125,4160.489307516917,4113.199996782142,4127.168436915147,215936
2021-06-28,4185.12841796875,4218.691799955432,4123.6281539688525,4123.6281539688525,475081
2021-06-29,4225.62744140625,4238.577532717697,4171.159947519418,4187.262659721432,374334
2021-06-30,4276.16650390625,4299.204887497874,4224.560335200623,4238.0925436548305,636015
2021-07-01,4302.7939453125,4320.448337127185,4280.628501861427,4284.654061275293,321217
2021-07-02,4384.228515625,4394.365593777703,4298.234812979737,4302.794177258679,660211
2021-07-05,4423.3212890625,4445.728769307021,4381.9005114480715,4398.148634435897,419343
2021-07-06,4388.6416015625,4444.70955091553,4376.904059087654,4428.218921852771,262654
2021-07-07,4416.14208984375,4429.237590337013,4350.616274984121,4365.166831087747,337061
2021-07-08,4375.3525390625,4423.369377702029,4365.167149048055,4397.1783748077405,207589
2021-07-09,4461.88037109375,4486.422123193746,4375.64368368606,4379.718029452922,530967
2021-07-12,4451.2578125,4485.403308416381,4438.5502315603335,4471.871101198583,205249
2021-07-13,4468.03955078125,4480.359212392626,4430.062690022367,4462.171015319314,233256
2021-07-14,4484.67578125,4521.973424145507,4447.765584819519,4471.386083309024,365170
2021-07-15,4469.251953125,4513.000723138024,4460.133698683158,4487.391837214848,289805
2021-07-16,4615.04931640625,4629.017758079307,4481.572096044928,4486.422282296059,1156272
2021-07-19,4663.4052734375,4687.898711407822,4593.659223623032,4607.628137465481,493155
2021-07-20,4644.392578125,4702.740219409135,4620.28705962164,4662.968695276343,361369
2021-07-22,4698.13232421875,4710.888217732711,4626.49498752427,4644.392362011609,384993
2021-07-23,4680.18701171875,4704.680451181085,4657.827843570952,4698.326896939366,177874
2021-07-26,4773.6982421875,4792.613966676673,4680.1867553404445,4680.1867553404445,619955
2021-07-27,4647.8359375,4796.591230197904,4529.491404392331,4782.283182137756,935854
2021-07-28,4744.06298828125,4766.713446681408,4625.378868068318,4658.699733336562,956834
2021-07-29,4698.666015625,4786.551480969329,4679.6536653621515,4761.815532286543,658995
2021-07-30,4759.09912109375,4792.90500883035,4716.562899438707,4733.732745605349,659061
2021-08-02,4781.2646484375,4813.469596606373,4746.876643099354,4746.876643099354,359231
2021-08-03,4856.8310546875,4869.489851221777,4753.182480759514,4782.865715063436,530586
2021-08-04,4815.5068359375,4894.031531288826,4806.097286290066,4866.6762946866975,381205
2021-08-05,4776.0263671875,4869.586642640451,4769.187794530234,4850.185899044273,413085
2021-08-06,4768.70263671875,4810.414234232767,4737.66144787111,4801.683899869368,314260
2021-08-09,4758.71142578125,4840.291170996614,4686.249461374752,4830.784996407838,955464
2021-08-10,4806.58251953125,4822.636918984806,4748.331976572195,4783.156216460786,356348
2021-08-11,4771.7099609375,4810.3660370806265,4695.755765965674,4806.049182192698,354008
2021-08-12,4761.76708984375,4782.2349690034725,4726.021125150137,4782.2349690034725,200081
2021-08-13,4800.4228515625,4823.9945639529315,4714.913701113007,4753.230167084481,314044
2021-08-16,4752.16357421875,4805.903536340666,4724.080809923204,4797.366925429911,225012
2021-08-17,4780.79931640625,4811.626748940367,4748.315870664836,4766.335120635564,356466
2021-08-18,4782.84521484375,4869.142438291971,4774.614609785691,4784.208738748838,506142
2021-08-20,4693.47998046875,4787.666819382253,4633.383145274078,4734.972583385164,549942
2021-08-23,4747.97509765625,4761.660273508227,4663.576917933709,4722.991745000117,410817
2021-08-24,4736.8232421875,4784.500923683603,4668.301288682587,4762.926617050043,425873
2021-08-25,4730.296875,4748.316125939463,4692.894849249574,4737.0664595088765,345800
2021-08-26,4720.751953125,4750.459368225601,4703.51172199352,4728.83607584977,281990
2021-08-27,4783.0888671875,4805.831704708175,4698.982696101264,4720.703009559425,349435
2021-08-30,4971.60888671875,5000.537280694928,4801.887017979809,4804.419548442491,866739
2021-08-31,5039.15673828125,5083.376859569028,4977.257890092675,5006.429786967772,896587
2021-09-01,5067.45166015625,5134.658597219854,5016.169940254492,5041.494293350923,581886
2021-09-02,5031.3154296875,5107.921974753316,5019.2867429942335,5079.432078830754,414878
2021-09-03,5072.95458984375,5127.742852113501,5002.8746001715745,5048.312237228777,547010
2021-09-06,5069.83837890625,5111.1849716408,5048.507575787471,5102.808834998854,271793
2021-09-07,5074.7080078125,5098.9123392470965,5045.390105325209,5085.2761497732445,285728
2021-09-08,4952.9072265625,5087.272580986198,4916.8687265631725,5087.272580986198,670825
2021-09-09,4923.541015625,4952.079898093193,4903.866227203204,4952.079898093193,373656
2021-09-13,4953.05419921875,4963.573355968463,4871.042063029491,4927.534852402759,351984
2021-09-14,4962.45361328125,5056.494442343815,4940.002312960837,4991.820030144947,521157
2021-09-15,5024.8388671875,5030.780445504001,4957.82691906042,4989.823362220528,336784
2021-09-16,5032.630859375,5039.594961613627,4991.917280447191,5022.988219691318,289942
2021-09-17,4989.67724609375,5063.556281156387,4928.070878902385,5043.442993152357,401270
2021-09-20,4977.306640625,5099.545338783757,4947.647738364602,4967.469008841922,451356
2021-09-21,5044.85498046875,5053.621102955131,4947.989136757208,4986.462674336324,340766
2021-09-22,5006.33251953125,5052.354663160932,4992.6963288261595,5043.83204397025,199338
2021-09-23,5076.65576171875,5088.928426703366,5007.987811277409,5035.503692128017,258292
2021-09-24,4975.796875,5117.467340195425,4959.677140516769,5099.302082079328,350328
2021-09-27,4804.37060546875,5000.439829035887,4797.016993005844,4986.949645520796,553003
2021-09-28,4659.72900390625,4835.976933544021,4578.8373745398685,4835.976933544021,1028992
2021-09-29,4681.54736328125,4786.594338467397,4628.609634596401,4664.5506375201785,877223
2021-09-30,4673.9990234375,4718.949653755503,4641.759079739387,4672.343010161647,541396
2021-10-01,4706.72509765625,4747.341649564747,4655.784383446757,4675.264652833563,362529
2021-10-04,5085.03271484375,5177.369008858404,4762.9262446275225,4762.9262446275225,2888637
2021-10-05,5082.25634765625,5117.8078397876125,5013.344893730391,5114.057792759362,575663
2021-10-06,5003.0693359375,5091.997062423714,4984.8555670855585,5089.221028562346,304090
2021-10-07,4965.375,5027.906383660506,4930.651512557424,5016.169710787817,314433
2021-10-08,4939.5146484375,4997.663446697879,4891.787985235746,4989.871338420042,314249
2021-10-11,5009.400390625,5088.198470322619,4928.995759219198,4971.365350272658,386696
2021-10-12,5090.09765625,5151.558010483953,4968.443450837331,5050.455587469288,505001
2021-10-13,5112.49951171875,5194.073144684251,5081.964092499125,5162.2716981153135,363526
2021-10-14,5232.546875,5248.959098679051,5090.389880627905,5112.499703184785,549795
2021-10-18,5204.20263671875,5284.120729684475,5176.443251991255,5243.114666249214,544942
2021-10-19,5057.17578125,5249.932965129472,5033.458456502381,5205.128342421503,388226
2021-10-20,4983.44287109375,5154.479746930515,4956.949987681992,5047.435752066474,623004
2021-10-21,5058.68505859375,5083.376395641651,4921.34915673794,5033.263211429595,435607
2021-10-22,4941.56005859375,5102.856791362501,4918.768237522549,5102.856791362501,372979
2021-10-25,4866.123046875,4938.248557962866,4748.169914208306,4920.716314561814,588823
2021-10-26,4888.4765625,4942.144804789163,4842.8929181165795,4865.197733528157,334367
2021-10-27,5015.5361328125,5091.1681802609155,4870.262125370082,4877.713232964228,624281
2021-10-28,4988.0693359375,5074.9025477478335,4970.00157504126,5027.760387618378,410588
2021-10-29,5016.31591796875,5111.964241266982,4953.151042513992,4981.494932663881,442907
2021-11-01,5092.337890625,5147.710181102151,5017.143853467439,5041.104682190164,307144
2021-11-02,5070.1298828125,5139.723339066185,5056.883203819581,5094.09071052737,314359
2021-11-03,5006.57568359375,5075.925639001889,4961.673563554053,5049.286273132956,674471
2021-11-04,5072.7109375,5089.220656949513,5035.747409662943,5039.545967283594,36424
2021-11-08,4769.453125,4909.029099435385,4624.422103076306,4892.6658593409875,2670018
2021-11-09,4822.63330078125,4960.894720200523,4787.715294033164,4838.899517980896,1441073
2021-11-10,4778.26708984375,4818.299142846904,4739.550050283787,4799.9388918615905,454790
2021-11-11,4707.6513671875,4772.6667768517555,4689.875618477797,4772.6667768517555,341815
2021-11-12,4717.9267578125,4768.234939365614,4685.005289260131,4768.234939365614,356046
2021-11-15,4780.11767578125,4798.964933771385,4726.692935520183,4741.49813225068,292784
2021-11-16,4726.49853515625,4787.276889252248,4716.17389578014,4787.276889252248,268910
2021-11-17,4640.0546875,4720.50830431435,4633.382599359495,4719.095794386536,372272
2021-11-18,4661.2392578125,4684.323093184958,4550.396232421329,4600.996425688678,631764
2021-11-22,4557.55517578125,4712.5693292685155,4545.1854896803225,4675.26480243609,456467
2021-11-23,4639.5185546875,4699.615380988142,4514.552806400008,4557.555409534477,507851
2021-11-24,4561.013671875,4664.453630769555,4533.54629813653,4664.453630769555,322715
2021-11-25,4675.06982421875,4690.800522775499,4534.617362358859,4555.461156216842,311013
2021-11-26,4809.484375,4945.749264096677,4633.139395214729,4646.045075981344,1570555
2021-11-29,4793.4619140625,4860.327852424738,4685.102901320565,4836.513029724423,551230
2021-11-30,4752.017578125,4821.07552598796,4714.372045886958,4801.887266955984,864073
2021-12-01,4628.70751953125,4848.444602440213,4602.214159950171,4753.527264539216,603122
2021-12-02,4653.1552734375,4699.518418829379,4630.558441853109,4651.8892459149765,289153
2021-12-03,4633.43115234375,4672.684185327762,4591.110547266118,4672.635199292778,300986
2021-12-06,4526.04541015625,4650.914121950107,4514.552241934816,4650.914121950107,406673
2021-12-07,4504.6181640625,4545.429716705143,4480.706319055195,4531.209022215238,404320
2021-12-08,4485.2841796875,4530.137316351777,4465.852417861299,4529.163302738285,637075
2021-12-09,4458.01123046875,4519.422590737342,4398.498911148941,4519.422590737342,710302
2021-12-10,4389.34375,4449.050593062679,4373.321036145022,4431.761851772795,784691
2021-12-13,4412.6708984375,4471.501221827461,4373.320846076834,4422.995537201537,531695
2021-12-14,4533.4482421875,4540.8508397474625,4384.034669606034,4402.540925709681,883708
2021-12-15,4469.45654296875,4532.913435968973,4417.1518206983055,4532.913435968973,1210492
2021-12-16,4481.875,4516.8905030179,4453.190109690708,4497.994734591358,835422
2021-12-17,4394.2138671875,4504.812921764824,4385.1552553081865,4488.254690484823,424694
2021-12-20,4293.89013671875,4381.112858096345,4242.802936831409,4373.320749856067,404674
2021-12-21,4291.2119140625,4332.656002566367,4247.673315841494,4332.656002566367,825709
2021-12-22,4444.91064453125,4464.877921448724,4271.049233323005,4314.879841190629,843170
2021-12-23,4362.1201171875,4451.242365869572,4354.86352528181,4441.453718956286,703933
2021-12-24,4331.681640625,4397.671056815307,4324.6200425824945,4397.671056815307,295431
2021-12-27,4356.9580078125,4374.295260379906,4316.68244865107,4334.360701111241,242523
2021-12-28,4407.751953125,4417.735591195993,4359.879286176255,4378.726066353337,403732
2021-12-29,4501.50146484375,4505.592036713582,4399.863047946881,4412.0867287047495,701459
2021-12-30,4507.6376953125,4536.371098112413,4490.202946020227,4521.566375923614,434083
2021-12-31,4556.63037109375,4568.12354072465,4509.682727836915,4528.188985251364,293933
2022-01-03,4530.38037109375,4586.386148323073,4521.370746061207,4567.149381361697,203444
2022-01-04,4501.5986328125,4558.334922333676,4489.228470439531,4531.208549735942,259508
2022-01-05,4439.99267578125,4509.878154581675,4423.9699611363085,4499.845528715393,510511
2022-01-06,4372.49267578125,4438.579587893074,4353.840412087347,4417.151290562891,447726
2022-01-07,4399.3271484375,4431.5666161527215,4354.32753263118,4383.060932074781,269479
2022-01-10,4349.74951171875,4416.712943132933,4346.243443420559,4402.541236248843,361423
2022-01-11,4399.18115234375,4421.8759557013545,4319.0200193375185,4358.711075499892,476123
2022-01-12,4376.1455078125,4420.073615282098,4350.967161712268,4413.304030680547,496883
2022-01-13,4470.7705078125,4499.114395986255,4349.944322499565,4376.242687190001,646137
2022-01-14,4496.63134765625,4515.527116658348,4440.528068344566,4470.722490392972,399974
2022-01-17,4510.02392578125,4546.695442360437,4442.4759881332375,4495.072722042291,315394
2022-01-18,4409.5048828125,4519.763395283531,4394.797184639813,4514.552328221991,340707
2022-01-19,4365.04150390625,4431.761428712136,4348.970281142788,4431.761428712136,365211
2022-01-20,4217.2353515625,4379.165111293954,4199.946610297939,4379.165111293954,805433
2022-01-21,4070.792236328125,4215.822762387868,4030.2731765285143,4215.822762387868,1172704
2022-01-24,3951.183349609375,4081.1166583633417,3690.488487692723,4080.1426448410593,1397434
2022-01-25,3943.9755859375,3990.4849703551986,3828.798484618476,3896.0541672397067,561610
2022-01-27,3837.46728515625,3939.495201994823,3818.1330215485227,3924.251747636644,864770
2022-01-28,3838.295166015625,3964.235166150624,3828.019275458116,3838.5874176411817,492149
2022-01-31,3931.216064453125,4002.1730445264225,3892.0120202605335,3915.5343516575804,454611
2022-02-01,4001.588623046875,4016.831839832677,3927.807097375846,3949.6736537943416,309874
2022-02-02,4109.99609375,4124.94729654311,4017.805808321211,4032.416011260561,346003
2022-02-03,4151.68408203125,4162.933747851252,4093.7787885397306,4139.5574235769345,504989
2022-02-04,4192.64111328125,4260.919554790978,4122.463630800893,4159.037647510962,964227
2022-02-07,4092.31787109375,4232.916820119764,4069.76955285612,4192.641265291692,380821
2022-02-08,4166.39111328125,4176.959254511002,4059.931631632586,4092.317579392865,436195
2022-02-09,4216.943359375,4244.215740101388,4167.609190194096,4168.778196747972,280094
2022-02-10,4201.65087890625,4248.598521444232,4188.306703264187,4221.861659720462,559595
2022-02-11,4179.7353515625,4357.736315267259,4129.865671083721,4201.650654891403,2585446
2022-02-14,4166.732421875,4241.828960823473,4083.1132644633344,4129.281886669412,1147299
2022-02-15,4213.38720703125,4233.0624690295035,4168.777581096703,4168.777581096703,371572
2022-02-16,4349.11669921875,4381.1131408640285,4199.995123027251,4227.218993185835,1373620
2022-02-17,4326.76318359375,4402.687254487859,4310.009960290739,4349.603515993883,601590
2022-02-18,4240.2705078125,4326.763196700967,4212.608618017325,4317.510067944629,580486
2022-02-21,4147.64208984375,4232.089262605037,4140.044973694525,4232.089262605037,284980
2022-02-22,4115.01220703125,4134.882463689788,4028.227981228872,4042.1561845917718,430407
2022-02-23,4072.935546875,4147.9831078714205,4064.7049413501895,4122.025739390048,379328
2022-02-24,3834.3505859375,4023.552729840344,3814.821803277483,3993.455804384354,723045
2022-02-25,4030.80908203125,4049.850856754694,3878.4244714328524,3944.706141271377,450834
2022-02-28,4154.16845703125,4173.0642278134055,3972.7096560030723,4012.93646962925,611670
2022-03-02,4052.77294921875,4198.826473589826,4027.8381068256017,4120.077381707472,576094
2022-03-03,4052.3349609375,4116.960381046552,4035.630247682736,4090.8570075212992,421554
2022-03-04,3988.29345703125,4049.753572770371,3957.41727334145,3993.4557766920857,429937
2022-03-07,3969.056640625,3988.5369124721847,3870.7787642744684,3944.7550490548947,540735
2022-03-08,4056.035888671875,4066.5065342390776,3960.3390582553507,3964.137615947268,414138
2022-03-09,4124.02197265625,4168.388576198817,4042.1563221990987,4071.3767293475257,385251
2022-03-10,4189.134765625,4221.374709121898,4141.749101722103,4156.60280830127,414284
2022-03-11,4226.63427734375,4239.880956659496,4139.55756163631,4186.310211744203,352915
2022-03-14,4279.62060546875,4290.0427408361975,4212.70615900559,4227.218865984583,492612
2022-03-15,4272.26708984375,4361.827829276819,4251.666797626796,4251.666797626796,403394
2022-03-16,4287.85107421875,4341.373308076262,4256.439137789979,4307.087841489082,227588
2022-03-17,4387.29833984375,4402.444061382104,4316.195345657032,4324.5719578989165,438327
2022-03-21,4340.44775390625,4424.407909671842,4312.444865171371,4407.411183489657,356749
2022-03-22,4332.9482421875,4376.9738495032725,4295.4002061328365,4340.448337546361,292831
2022-03-23,4435.21923828125,4454.9919988262345,4344.343963731292,4348.970528122913,574783
2022-03-24,4377.85009765625,4431.713334667751,4350.675213548704,4425.9177635563465,467266
2022-03-25,4338.40234375,4402.541230916262,4305.139876249973,4385.0089870763295,270912
2022-03-28,4301.779296875,4343.077851320475,4260.822217878554,4317.802009796692,316896
2022-03-29,4443.06005859375,4459.6667984639935,4295.399517477602,4295.399517477602,589480
2022-03-30,4420.658203125,4504.812882723745,4388.856754325476,4459.03424369931,360504
2022-03-31,4287.65625,4435.219306007068,4276.55259040907,4412.281476646955,611205
2022-04-01,4265.88720703125,4327.688079566813,4222.446108887644,4310.009829283852,348173
2022-04-04,4380.72314453125,4387.9307492005555,4265.107553643829,4265.887049787214,334083
2022-04-05,4345.26953125,4399.473291333534,4324.620253316956,4383.06106755097,336772
2022-04-06,4272.89990234375,4409.3592943790945,4259.263712787464,4345.074400756603,532706
2022-04-07,4332.85107421875,4353.840877473786,4272.90025060626,4272.90025060626,387968
2022-04-08,4388.85693359375,4410.431240513724,4297.348162249872,4334.2631839376245,241609
2022-04-11,4386.76220703125,4402.541417392562,4326.129861183311,4384.035159222107,231619
2022-04-12,4357.15185546875,4417.346174567345,4320.821342491895,4365.236452799469,378104
2022-04-13,4382.33056640625,4402.979844381857,4315.026133422833,4354.8146829810175,306254
2022-04-18,4407.31396484375,4449.489038326403,4334.603946020258,4373.3209859290955,439474
2022-04-19,4296.76318359375,4460.007946054185,4235.741331164695,4408.38522905465,421066
2022-04-20,4339.86376953125,4370.496688672766,4269.393787727868,4360.659055813858,390369
2022-04-21,4411.35595703125,4431.761731504544,4317.850654564341,4326.276252396086,377100
2022-04-22,4375.755859375,4411.307353836255,4328.5647127914635,4411.307353836255,395984
2022-04-25,4295.4970703125,4358.661941477203,4271.0492361229135,4324.619979107351,271185
2022-04-26,4402.15185546875,4411.1124950170115,4300.367436724481,4300.367436724481,244626
2022-04-27,4412.86572265625,4451.241759998121,4289.555516637139,4354.814422090065,583807
2022-04-28,4445.98193359375,4520.20147387287,4392.800703571697,4450.998007793074,799337
2022-04-29,4388.32080078125,4499.601855150795,4371.3730591730255,4433.709929892071,383948
2022-05-02,4392.4599609375,4435.852548466649,4349.018862969526,4372.151683993625,300278
2022-05-04,4231.26123046875,4480.46271369576,4217.479032674487,4383.061350354548,389110
2022-05-05,4252.3486328125,4314.880499818927,4222.836209247169,4252.397618850906,261002
2022-05-06,4057.59423828125,4198.5337065211925,4014.3966443931613,4163.907716797467,684913
2022-05-09,4121.14892578125,4143.45374149495,4017.805990518728,4022.676058386023,262555
2022-05-10,4184.703125,4200.4818588314765,4100.5969615606455,4100.5969615606455,301378
2022-05-11,4182.21923828125,4216.309712918666,4129.817498932759,4157.089878642692,366780
2022-05-12,4123.38916015625,4183.924011467394,4032.4648936908484,4175.693881741198,481414
2022-05-13,4169.849609375,4241.537103584699,4143.5022568263,4202.868574435715,436997
2022-05-16,4108.48681640625,4197.75506675276,4100.597211213903,4179.492311952224,116360
2022-05-17,4191.521484375,4201.50512368853,4093.1461116270466,4108.486825694178,338343
2022-05-18,4253.2255859375,4271.975348656999,4162.8368340692405,4163.908344200303,451480
2022-05-19,4090.077880859375,4224.248247091807,4081.116765981059,4169.751998846041,288480
2022-05-20,4192.93310546875,4212.608368316162,4110.336951281897,4149.297491104475,396121
2022-05-23,3796.607177734375,4323.450991871139,3773.669349737036,4210.660417287003,2180936
2022-05-24,3566.545166015625,3810.827798047822,3555.149255686786,3792.8085483957107,4971455
2022-05-25,3427.894775390625,3609.0125523718657,3406.368980232612,3590.2140427871636,1567485
2022-05-26,3359.08056640625,3475.134426471438,3278.091432815037,3457.748189050236,2436609
2022-05-27,3423.36572265625,3446.6933019774237,3361.905604116687,3413.9178378255224,900885
2022-05-30,3473.8193359375,3518.039456114534,3438.560092886651,3482.098451136005,838443
2022-05-31,3497.974853515625,3533.672354431505,3438.2677762999438,3491.838520689886,1013666
2022-06-01,3462.764404296875,3542.7310171156305,3444.112138709429,3532.9421327367936,502863
2022-06-02,3432.7646484375,3459.647278943901,3413.9173916844434,3457.7480001368826,291231
2022-06-03,3387.9111328125,3473.867822365902,3381.8722967997282,3467.487986516851,592744
2022-06-06,3408.706298828125,3433.3976365241892,3379.8268932592728,3379.8268932592728,552885
2022-06-07,3410.26513671875,3424.485830479492,3360.4444359091935,3400.330245500563,414997
2022-06-08,3404.4697265625,3428.479066281462,3379.9246318132623,3391.7100534979036,342198
2022-06-09,3416.060302734375,3425.6056831611254,3362.2948018971297,3384.697113729005,600724
2022-06-10,3436.36865234375,3450.735352623103,3371.742756307605,3384.6971844577356,376643
2022-06-13,3383.869140625,3430.475784951326,3366.1908894922726,3372.034970897641,605558
2022-06-14,3434.031005859375,3456.774318883196,3366.6780595152904,3383.8693046977846,384679
2022-06-15,3488.040283203125,3496.6114128552695,3428.966214243666,3433.398023791081,410170
2022-06-16,3472.2607421875,3533.7210911235097,3441.384560808327,3533.7210911235097,521488
2022-06-17,3391.466552734375,3472.3584284802478,3366.288444254723,3472.212421561098,740538
2022-06-20,3441.725830078125,3447.9594220471326,3362.3437210729353,3390.5413674486495,247790
2022-06-21,3505.961669921875,3519.9873695100973,3448.0078654044833,3448.0078654044833,315204
2022-06-22,3506.059326171875,3530.799175621858,3453.365097149599,3482.0984973374184,450929
2022-06-23,3571.026123046875,3592.0646742104486,3511.319041576756,3527.536272960945,392345
2022-06-24,3585.343994140625,3603.8015039540833,3543.753661762418,3570.636293938839,345510
2022-06-27,3577.98974609375,3618.4600534704164,3562.0647684823416,3608.330408466149,272457
2022-06-28,3519.54931640625,3585.830987958603,3489.8419022726803,3585.830987958603,560883
2022-06-29,3490.231689453125,3506.44892059235,3452.8781731944114,3496.708784701816,404647
2022-06-30,3536.058837890625,3540.53939551791,3458.7222540533976,3468.46238994203,576558
2022-07-01,3543.023193359375,3554.760104716214,3487.99142534582,3497.049799321468,304397
2022-07-04,3544.97119140625,3583.8342383353774,3501.7248455476442,3564.792225186361,199015
2022-07-05,3516.237548828125,3582.9087265875937,3511.562236381656,3574.6296116831504,342952
2022-07-06,3550.084716796875,3565.571437481939,3506.4488611872875,3521.010316537684,228612
2022-07-07,3561.383056640625,3613.590278149654,3506.448787422845,3573.655722515116,284603
2022-07-08,3575.89599609375,3596.0580290331363,3551.5944055640625,3589.2399341785235,220051
2022-07-11,3637.06396484375,3649.6286440803633,3539.272865169547,3575.895868485925,391665
2022-07-12,3591.62646484375,3642.8109279820073,3584.3701109555577,3613.6880159490106,311547
2022-07-13,3680.6025390625,3688.540654567929,3594.11008617735,3605.798249059227,480781
2022-07-14,3636.77197265625,3728.4752566013926,3618.5092179303488,3685.6674070831377,377282
2022-07-15,3630.879150390625,3681.771360331718,3606.285307309044,3649.6289119478697,214591
2022-07-18,3641.301025390625,3691.462724826733,3624.158529037803,3667.1611335329626,194454
2022-07-19,3655.71630859375,3668.0374847211506,3633.070493853244,3637.9405615393744,167954
2022-07-20,3644.417724609375,3691.511375133615,3639.7426497802653,3691.511375133615,223231
2022-07-21,3695.894287109375,3701.2513614483137,3644.3690672224575,3644.417577661251,237218
2022-07-22,3698.0859375,3718.004466992664,3662.2909396194113,3706.1215492691117,214477
2022-07-25,3676.219482421875,3718.7838280755313,3664.2390678942243,3698.0860396138746,111963
2022-07-26,3591.18798828125,3695.261432070185,3584.6133967648684,3676.2194194523727,247798
2022-07-27,3688.053466796875,3708.994757599251,3571.7563469477695,3590.2138557003773,509519
2022-07-28,3749.611328125,3759.5949674398066,3676.9988051016544,3695.4075668660516,339914
2022-07-29,3732.0791015625,3783.3610600912134,3720.731938282849,3764.5625501212594,406169
2022-08-01,3696.576171875,3756.9650118847294,3683.9627439806104,3735.341958666307,364990
2022-08-02,3725.50439453125,3740.2120945005327,3688.5893754878953,3696.5762391721037,293036
2022-08-03,3721.5595703125,3763.5394094138906,3681.771023786147,3737.484548332864,253640
2022-08-04,3787.110595703125,3802.5488052075298,3712.696057441035,3740.21193954839,470197
2022-08-05,3810.535400390625,3847.060905042258,3798.6524837698776,3819.0580181426726,374417
2022-08-08,3835.27587890625,3846.3795383425895,3774.3025350918037,3808.3930096023105,257202
2022-08-10,3846.184814453125,3870.632412265895,3809.415802360782,3839.5614746494202,342277
2022-08-11,3874.892822265625,3881.763112515342,3832.689610731648,3866.9919405551086,275719
2022-08-12,3657.153564453125,3884.854610578223,3631.4390976847526,3876.8557257097345,2107936
2022-08-16,3662.84619140625,3719.7714537592947,3636.3956217362374,3719.7714537592947,916641
2022-08-17,3678.9423828125,3707.503258226199,3670.6981299181957,3682.475770976757,671368
2022-08-18,3674.2314453125,3688.3645184561724,3646.1613054988507,3685.4201082498475,420941
2022-08-19,3627.709716796875,3688.070127632407,3604.939658518848,3674.4277891601705,596806
2022-08-22,3514.30078125,3605.430374936027,3492.11970099021,3585.310238094816,1050176
2022-08-23,3466.846923828125,3521.4656397030044,3463.6080245358457,3495.996538225186,987698
2022-08-24,3431.857177734375,3484.2187011032743,3382.145815211798,3484.2187011032743,1864680
2022-08-25,3470.3310546875,3495.996401258814,3437.3044429493734,3444.9599574448166,1167223
2022-08-26,3521.02392578125,3534.9607530484545,3474.4040967987803,3489.126148056402,580356
2022-08-29,3516.0673828125,3547.032811254682,3446.4812511223963,3459.6819755597,423183
2022-08-30,3559.644775390625,3564.3067581657147,3514.6933988148394,3518.5701576202555,502761
2022-09-01,3532.507080078125,3556.7984646685995,3511.0129810750595,3511.0129810750595,313035
2022-09-02,3531.476318359375,3551.9400644808375,3506.0563402436233,3540.1624240349215,318073
2022-09-05,3526.176513671875,3534.1753987134866,3487.212200703763,3523.477471040855,278299
2022-09-06,3519.060791015625,3545.658724663597,3509.7368257347302,3528.237631638767,211744
2022-09-07,3524.40966796875,3535.2058380281533,3496.0452806593626,3510.7182093167567,236704
2022-09-08,3502.27783203125,3543.008841449178,3499.1371756139356,3541.1441440936014,326405
2022-09-09,3536.236572265625,3552.7253169455757,3504.8295308244647,3504.8295308244647,292875
2022-09-12,3609.846923828125,3619.6616245454393,3536.2366684482695,3543.4994511323953,469042
2022-09-13,3599.6396484375,3639.241821154287,3582.3656797242,3611.8097812013852,356054
2022-09-14,3600.572021484375,3620.495911542427,3538.4940404488884,3538.4940404488884,292682
2022-09-15,3538.641357421875,3612.153612373693,3523.477692157523,3602.0935437540234,388216
2022-09-16,3507.4794921875,3552.8233608640735,3494.1316431921846,3552.8233608640735,567321
2022-09-19,3552.47998046875,3565.042845078305,3494.082512278933,3507.7739716034553,386152
2022-09-20,3564.257568359375,3585.162928115209,3548.7994152437996,3570.244391827763,318797
2022-09-21,3507.4794921875,3576.476885066992,3501.8851607900738,3566.367695564015,370336
2022-09-22,3513.760986328125,3529.2191394593456,3478.3298220346437,3503.8480430766585,347349
2022-09-23,3575.10302734375,3631.439314374109,3504.976798079555,3513.761147033377,761456
2022-09-26,3601.9951171875,3650.872374057965,3523.4775124531675,3567.4474190277365,809605
2022-09-27,3612.006103515625,3643.2168996634555,3565.7790069908947,3603.958096865358,402344
2022-09-28,3634.727294921875,3655.976026180371,3577.213052730445,3582.3657706196923,454801
2022-09-29,3625.20654296875,3681.493942901107,3597.038402099431,3652.9330702646594,795614
2022-09-30,3636.542724609375,3670.59968688977,3590.217386895357,3670.59968688977,433624
2022-10-03,3657.791748046875,3726.6417761391317,3631.4391813839316,3631.4391813839316,549563
2022-10-04,3710.054931640625,3724.6787391439416,3668.538701723664,3699.160518533206,287021
2022-10-06,3663.827880859375,3736.0641760179446,3644.2476003007628,3728.6049074162243,354601
2022-10-07,3666.526611328125,3680.4143162042687,3625.5993595948016,3653.7183796992817,222557
2022-10-10,3618.28759765625,3670.30551052879,3582.463940677991,3614.5579635269514,290753
2022-10-11,3437.304443359375,3636.3957436080664,3425.330556386468,3636.3957436080664,1492286
2022-10-12,3462.43017578125,3474.6003088549774,3407.664097716042,3444.9599605366666,445779
2022-10-13,3458.553466796875,3478.2317503755876,3435.6360443864323,3454.77471110991,299017
2022-10-14,3506.59619140625,3520.9746315823013,3475.434517773362,3480.145621867975,320044
2022-10-17,3512.239501953125,3536.0401493550676,3484.21848564523,3484.21848564523,211512
2022-10-18,3506.056396484375,3531.329250346639,3496.9777984950183,3521.5145498176043,300258
2022-10-19,3541.193115234375,3545.0698740670023,3496.045492253455,3518.5701823173317,230936
2022-10-20,3584.23046875,3587.8129782914857,3498.450080096632,3515.6258063981304,329906
2022-10-21,3505.22216796875,3601.0137441728293,3496.9779150961544,3599.050804001571,397013
2022-10-24,3545.511474609375,3562.6380792537343,3518.570169353152,3562.6380792537343,47320
2022-10-25,3530.494873046875,3551.8418465045943,3501.2472574280578,3549.3881713945116,211326
2022-10-27,3553.9521484375,3566.6621375756895,3530.7893595674846,3566.6621375756895,391000
2022-10-28,3481.76513671875,3571.7658958530833,3474.4041110597254,3571.7658958530833,375361
2022-10-31,3542.02734375,3552.9217576934843,3501.3454560776554,3501.3454560776554,356104
2022-11-01,3765.36083984375,3778.806932014089,3548.0634600158855,3558.81050946669,1860907
2022-11-02,3711.3798828125,3831.6099642667414,3702.5957737642875,3765.360735710323,740136
2022-11-03,3711.3798828125,3724.6788499497607,3665.7906467884995,3714.8641494228837,432168
2022-11-04,3676.88134765625,3722.912197798266,3642.0391603940134,3711.3799245494974,386100
2022-11-07,3351.278564453125,3701.8104924979098,3341.9054776717026,3679.5311705701065,2860839
2022-11-09,3237.624267578125,3366.442209258952,3215.295824353448,3355.646038908559,3218306
2022-11-10,3225.8466796875,3284.8820072174653,3200.6720688074834,3237.624320261395,1188273
2022-11-11,3210.781005859375,3263.3878960606,3205.481163468848,3253.57319562132,900708
2022-11-14,3215.00146484375,3226.8773485539414,3135.9440026720354,3226.8773485539414,1081953
2022-11-15,3264.95849609375,3268.2953985518893,3218.240423979473,3219.221894069128,526764
2022-11-16,3228.84033203125,3270.209200247772,3204.4998260114025,3265.3509712526607,830117
2022-11-17,3229.036376953125,3246.702837374145,3211.4681593811256,3237.869607163635,276727
2022-11-18,3226.435791015625,3253.3770970194223,3199.886977200508,3245.181725934423,371863
2022-11-21,3205.431884765625,3241.7462746091596,3195.617184807913,3214.854092571708,465773
2022-11-22,3244.34765625,3273.104538467505,3185.361207432522,3221.479355011857,551017
2022-11-23,3238.80224609375,3260.983566457414,3233.9440169658114,3260.59083464283,321234
2022-11-24,3244.15087890625,3254.554556870793,3232.0789894628474,3254.554556870793,310442
2022-11-25,3280.7109375,3284.9804282863506,3215.2960511102733,3232.9625129295605,385136
2022-11-28,3313.001220703125,3322.2760645997146,3275.6562379915945,3289.8875534824942,498592
2022-11-29,3310.2041015625,3331.0603408297266,3300.6838896791573,3315.062330550816,233990
2022-11-30,3341.611083984375,3356.627623909418,3284.3424494341953,3315.111392216669,1028382
2022-12-01,3345.880615234375,3361.53501504533,3326.202092259452,3346.714721030122,266446
2022-12-02,3318.595703125,3332.090916705176,3270.2583017560073,3332.090916705176,475542
2022-12-05,3306.425537109375,3332.0908835616983,3284.980320259501,3332.0417621349156,379966
2022-12-06,3293.71533203125,3306.4255612081665,3286.550792170195,3297.739455189329,254786
2022-12-07,3276.392578125,3296.6109581353608,3266.332509548416,3293.813672489328,211120
2022-12-08,3226.53369140625,3288.759036798659,3223.6384026610435,3279.0914608891903,347880
2022-12-09,3213.382080078125,3246.4084515676163,3202.585909477889,3238.851180070794,384319
2022-12-12,3276.93212890625,3287.384688703054,3194.341283502494,3214.3142941233464,396759
2022-12-13,3293.371826171875,3302.6466700857727,3270.1110342494417,3285.765433395303,217843
2022-12-14,3330.962158203125,3336.9981030428285,3288.4644579675028,3307.5540021336274,334854
2022-12-15,3303.08837890625,3350.1009387410363,3288.9061844050475,3330.9622724933793,234168
2022-12-16,3265.252685546875,3317.3688421985144,3251.0213695078573,3278.993266550064,367711
2022-12-19,3283.8515625,3287.9245672366114,3241.942600949621,3267.9026746738523,163186
2022-12-20,3289.446044921875,3292.8320687234486,3247.046586028868,3284.9803082019025,143983
2022-12-21,3453.547607421875,3464.098410059114,3289.4458692106687,3292.831892831372,1455203
2022-12-22,3431.121337890625,3468.5154457586546,3402.2662118625854,3468.5154457586546,594661
2022-12-23,3433.623779296875,3572.5509099977385,3409.7251278310628,3425.3304054648647,1625800
2022-12-26,3365.264404296875,3483.237051087749,3356.627420321246,3464.539999551216,654257
2022-12-27,3412.669921875,3434.8510032834824,3365.2648661586168,3370.368462966612,362159
2022-12-28,3382.489501953125,3434.8507868876013,3374.78486598778,3405.7011734702915,195450
2022-12-29,3348.97216796875,3427.2935284846117,3324.1409269552973,3387.0532550974785,535637
2022-12-30,3349.953369140625,3384.697551046138,3322.27596295603,3384.697551046138,243318
2023-01-02,3310.155029296875,3356.627734271564,3302.6468788958514,3356.627734271564,283161
2023-01-03,3330.1279296875,3338.9611602702257,3295.285742388972,3310.154918023207,244677
2023-01-04,3371.8896484375,3385.090373353123,3327.183637479585,3327.3798835761504,365514
2023-01-05,3397.702392578125,3406.5845053709063,3341.9057210365945,3371.8896807889173,270647
2023-01-06,3371.25146484375,3420.6194575406616,3351.720306197514,3397.7022750589463,353616
2023-01-09,3395.3955078125,3429.2562232394494,3382.145662645433,3410.6082930043176,164412
2023-01-10,3436.9609375,3454.7745227864348,3388.7215415155,3401.775140902779,244607
2023-01-11,3348.23583984375,3435.1450577275987,3342.8868761772005,3435.1450577275987,239027
2023-01-12,3244.052978515625,3362.9579782854526,3220.4976975020363,3361.5348946475565,929239
2023-01-13,3289.59326171875,3297.1016516977998,3246.212331545552,3260.296523222227,273260
2023-01-16,3271.435791015625,3305.2965063772576,3255.0452897639143,3299.8984213196063,123326
2023-01-17,3285.372802734375,3290.034785547382,3258.529740202142,3278.110020093429,136458
2023-01-18,3325.71142578125,3331.109511318153,3285.372908922429,3289.495275025806,142704
2023-01-19,3319.33154296875,3325.956465474675,3289.9365643657998,3312.461252962605,104419
2023-01-20,3281.20166015625,3336.998331038091,3274.4296123311265,3319.3318692855364,168535
2023-01-23,3322.96337890625,3351.7205017051338,3271.6815644950952,3281.152895041548,220594
2023-01-24,3293.862548828125,3336.016638779327,3283.0172570511468,3327.1834084912966,127508
2023-01-25,3273.889404296875,3314.2279168135938,3242.040750980731,3287.9735945283487,239083
2023-01-27,3324.6806640625,3341.9055113173013,3253.6223284791186,3297.3468670130883,326612
2023-01-30,3304.020751953125,3341.9547139763226,3290.329292382764,3336.949120766346,292148
2023-01-31,3253.867919921875,3318.497583219405,3248.4207128607163,3312.46163785933,512249
2023-02-01,3294.64794921875,3355.646219127778,3239.145768013255,3270.4054464366186,501235
2023-02-02,3206.462646484375,3307.0633263939703,3194.5378812490926,3266.38144083192,334618
2023-02-03,2830.9033203125,3209.4071607132305,2743.2088728420426,3209.4071607132305,4486682
2023-02-06,2726.523681640625,2824.768925267085,2694.135171383555,2757.9307218899053,2195618
2023-02-07,2699.876953125,2767.696389062313,2689.326150203815,2738.448533971407,1469217
2023-02-08,2747.183837890625,2769.708527996166,2705.9129736659925,2706.8453223059364,913575
2023-02-09,2770.837158203125,2803.0785461510245,2719.702710847642,2719.702710847642,742365
2023-02-10,2759.15771484375,2785.3137961782422,2743.9940502924514,2770.837112747759,380182
2023-02-13,2721.8125,2772.9963032154956,2704.931264271139,2772.9963032154956,473865
2023-02-14,2739.920654296875,2746.545576856461,2703.9498743200243,2746.545576856461,213194
2023-02-15,2770.248291015625,2774.468660083073,2720.6349328981983,2738.3505149264506,214098
2023-02-16,2823.296875,2832.522597732206,2774.223371920786,2782.4676245914084,498759
2023-02-17,2777.364013671875,2822.7078823566253,2773.634379534014,2822.7078823566253,282100
2023-02-20,2846.85205078125,2864.9110033972293,2748.116070405016,2781.9767862725066,740945
2023-02-21,2864.5185546875,2874.03876615248,2829.7743715003003,2856.813919026556,419138
2023-02-22,2866.4326171875,2882.18526059344,2850.532849109723,2861.5743879993915,461368
2023-02-23,2819.959716796875,2880.614614177168,2812.893180317466,2866.4324197922106,432267
2023-02-24,2861.181396484375,2916.928942364069,2826.5845777702657,2826.5845777702657,890366
2023-02-27,2805.5322265625,2862.948226301491,2792.282380468887,2862.948226301491,216200
2023-02-28,2773.241943359375,2829.0874948525347,2764.3104698186175,2813.9729515246413,340040
2023-03-01,2792.576904296875,2804.0600564647584,2770.6900732936692,2783.939919552778,154311
2023-03-02,2808.1328125,2818.094876833332,2774.95931798253,2806.0227478332695,236175
2023-03-03,2797.582275390625,2835.4671170729025,2788.3565523032594,2808.967424389978,226069
2023-03-06,2794.048828125,2827.615054011867,2789.3377242282977,2807.004184128407,196556
2023-03-08,2781.976806640625,2806.7098035320105,2769.0705715621625,2795.177530652128,225841
2023-03-09,2758.127197265625,2813.8747462660217,2751.3060280677455,2785.853727290744,291637
2023-03-10,2735.847900390625,2780.308543789376,2727.5054045508687,2748.1162766255607,329958
2023-03-13,2715.727294921875,2755.1332167445603,2706.992308396013,2736.33816344134,561906
2023-03-14,2705.9619140625,2736.2401198220114,2679.413102613267,2728.5357240845165,379187
2023-03-15,2724.364501953125,2752.8271322459645,2705.961939263789,2706.894287850042,262757
2023-03-16,2749.6865234375,2795.913617938296,2716.512788602191,2722.5978548461335,477596
2023-03-17,2739.773681640625,2781.927772935074,2733.394126229318,2763.4760878221036,378313
2023-03-20,2748.312255859375,2777.510988463309,2735.5040243904436,2773.241737718132,621061
2023-03-21,2716.61083984375,2770.6899351328066,2710.8202624289097,2762.1020722449525,403214
2023-03-22,2738.939208984375,2743.1104565595033,2718.181213957182,2719.555176135249,209784
2023-03-23,2751.15869140625,2765.242642333628,2734.1300908209014,2738.9391980416253,193035
2023-03-24,2754.986572265625,2775.744569045732,2743.2089310589317,2764.9975193679693,291918
2023-03-27,2776.775146484375,2806.906230495258,2755.9680283814773,2757.881847144509,435250
2023-03-28,2754.446533203125,2790.8591673668247,2723.57934851002,2785.559085405105,353223
2023-03-29,2767.990966796875,2787.375000692536,2740.9514184266727,2757.9308985725443,370527
2023-03-31,2771.033447265625,2787.620194580076,2758.715950722628,2781.878499177619,362732
2023-04-03,2821.431884765625,2829.578134046089,2772.4075040397815,2797.1896226262065,226841
2023-04-05,2836.25244140625,2841.356038180153,2814.0711205292046,2833.504277107462,227189
2023-04-06,2867.315673828125,2880.6146411338746,2824.3272370524264,2836.252242113691,308340
2023-04-10,2855.734375,2892.147011485052,2848.9132057417646,2892.147011485052,156913
2023-04-11,2873.1064453125,2887.484885691301,2847.4408597474944,2855.7833551684244,137343
2023-04-12,3152.580078125,3167.694621214551,2886.5034487969,2886.5034487969,4323187
2023-04-13,3124.951416015625,3171.2767529437797,3085.4472477895083,3150.469636484669,1162380
2023-04-17,3104.046142578125,3134.1774646588715,3073.9641815396903,3124.9515024640455,323709
2023-04-18,3209.996337890625,3221.822861392196,3094.6244749326474,3115.1862264561364,823827
2023-04-19,3280.661865234375,3302.1559633533434,3187.863824641971,3200.573813789643,1736594
2023-04-20,3143.746826171875,3275.1655705707467,3134.668228171342,3272.9081415229475,1041887
2023-04-21,3171.767822265625,3203.273109012137,3147.7218042891263,3147.7218042891263,676213
2023-04-24,3133.686767578125,3181.7296789485963,3125.8350071215264,3179.962984922519,296889
2023-04-25,3166.663818359375,3185.802483267405,3113.2719464626275,3138.741044916897,389268
2023-04-26,3160.33349609375,3183.643409302516,3136.3366017874355,3143.0595277218345,279817
2023-04-27,3178.441650390625,3187.667612673877,3142.6671148238584,3160.3335758066282,200579
2023-04-28,3207.345947265625,3217.7496258587207,3156.407746457723,3187.814788711034,278679
2023-05-02,3193.4091796875,3223.4913816762596,3184.8704378391335,3207.493371307067,320408
2023-05-03,3208.18017578125,3221.1355323153653,3176.4295243134507,3192.7220227354205,205036
2023-05-04,3221.724609375,3236.3484174949344,3194.439693648164,3208.1802745563978,180313
2023-05-05,3229.821533203125,3256.321223279263,3203.6652138579543,3230.999249283169,222487
2023-05-08,3225.405029296875,3249.647291278267,3214.3143699596267,3237.86965083872,239343
2023-05-09,3320.50927734375,3331.7470609923853,3212.4004519980176,3242.678657921923,566809
2023-05-10,3361.7802734375,3372.331076426903,3286.943182466152,3336.9981547879715,494159
2023-05-11,3267.51025390625,3368.405429496327,3162.34582709253,3346.8130869995557,818423
2023-05-12,3253.622314453125,3291.850524710304,3130.8894376344274,3249.6473128550433,957967
2023-05-15,3215.78662109375,3274.5276994743767,3204.499715510787,3245.0835979536037,341458
2023-05-16,3218.681884765625,3270.8471613238985,3211.4191022937193,3217.2096797010463,301995
2023-05-17,3207.444091796875,3235.1214990108256,3194.8812273573153,3223.294737101513,173719
2023-05-18,3095.06591796875,3224.0801129237925,3085.741952146425,3223.1477642649043,766236
2023-05-19,3040.888671875,3099.825995681341,3028.325807443708,3085.741804765198,479974
2023-05-22,3204.49951171875,3210.535456299964,2994.4649342278426,3042.507842230578,1538574
2023-05-23,3323.061279296875,3351.7201562823016,3161.364091669493,3180.993492291937,1376245
2023-05-24,3320.46044921875,3343.8686067830126,3274.0859873254426,3297.7395124129507,552635
2023-05-25,3371.9873046875,3388.819658932731,3302.6465451362956,3308.5844865508907,641670
2023-05-26,3448.8857421875,3454.774562464428,3361.7311541656236,3371.9874682245977,829186
2023-05-29,3413.40576171875,3469.3984372387426,3401.8243670273487,3459.681979441041,360805
2023-05-30,3393.92333984375,3412.5712702824517,3368.405119243421,3412.5712702824517,327381
2023-05-31,3379.79052734375,3438.825857927119,3356.676858598662,3364.4794979590906,1861153
2023-06-01,3460.074462890625,3495.9963630289617,3379.7904034622197,3387.5930425366537,791714
2023-06-02,3446.5302734375,3488.5861206999866,3430.237774997125,3459.681876070062,477154
2023-06-05,3398.143798828125,3459.4365554693795,3390.979019546551,3452.7625112123424,633073
2023-06-06,3472.3427734375,3478.329836553647,3377.3855466636383,3398.7816415499797,503263
2023-06-07,3476.46533203125,3503.848251934977,3460.663567597403,3489.1262004562586,392590
2023-06-08,3434.8505859375,3488.733433881869,3424.3980260563717,3483.2371059153998,434625
2023-06-09,3365.215576171875,3434.1147286706278,3356.6277128714,3416.546509879773,325701
2023-06-12,3374.735595703125,3403.1982267331437,3247.635226103559,3247.6843475286764,799646
2023-06-13,3423.072998046875,3429.207185774407,3371.349575051666,3374.7355987539217,367056
2023-06-14,3421.35546875,3442.407953373781,3397.89843042996,3430.2378206151357,208081
2023-06-15,3514.693603515625,3524.459183237284,3422.729901656366,3435.096281336285,955066
2023-06-16,3513.270263671875,3565.7789110008075,3503.848055407289,3536.2856882693454,633543
2023-06-19,3518.32470703125,3556.8474058947627,3506.252577680617,3515.47853977719,299174
2023-06-20,3500.118408203125,3520.042297935498,3467.5827722286563,3518.5700928757174,267277
2023-06-21,3444.518310546875,3498.9407776646267,3436.4211825200214,3489.1751984525526,621642
2023-06-22,3478.182861328125,3494.033507375853,3436.2250151370245,3444.5183894432666,496166
2023-06-23,3398.78173828125,3472.2939904521304,3386.169991624699,3461.6449443230777,455679
2023-06-26,3468.85888671875,3474.354975418305,3402.7567807244445,3404.670599464617,366126
2023-06-27,3516.901611328125,3527.403292740433,3469.4474394647477,3469.4965608896578,361257
2023-06-28,3534.8134765625,3564.4047024726906,3518.6192208746584,3518.6192208746584,454010
2023-06-30,3517.196044921875,3584.2302553163113,3504.8294268745167,3548.014107575295,432628
2023-07-03,3521.07275390625,3584.32844761734,3509.9820949593404,3520.3366514046857,574958
2023-07-04,3484.316650390625,3533.291906244391,3474.452829229021,3533.291906244391,248033
2023-07-05,3678.500732421875,3705.0495459659815,3497.1250140099187,3510.1294925487396,1611582
2023-07-06,3667.6064453125,3678.7459865890864,3631.439178191128,3677.273781516847,594282
2023-07-07,3600.669921875,3670.697904209748,3593.308896666023,3648.1240935688857,489065
2023-07-10,3572.501708984375,3616.7169807840573,3524.213432496704,3616.7169807840573,289377
2023-07-11,3573.973876953125,3628.4945832754233,3565.1406469694953,3593.161663340905,257208
2023-07-12,3566.171630859375,3601.995289735491,3530.10260445671,3582.365887611592,320760
2023-07-13,3553.8046875,3606.558700895809,3543.155881589194,3578.4396807650032,227125
2023-07-14,3609.061767578125,3621.624632655396,3559.7920169759136,3591.19905986073,295738
2023-07-17,3595.026611328125,3635.4142483412793,3582.5619894048655,3615.7357255813713,232501
2023-07-18,3559.4482421875,3614.7541750596006,3500.903649860873,3601.9950644769847,385790
2023-07-19,3570.636962890625,3606.902231279057,3557.828731533764,3559.4480611786794,328518
2023-07-20,3598.60888671875,3610.97526498411,3552.970531588181,3582.365510248939,336955
2023-07-21,3619.955810546875,3677.568051012767,3571.029435718882,3593.16163190759,629513
2023-07-24,3617.698486328125,3641.2537667599954,3589.186734382041,3619.906793868613,304318
2023-07-25,3650.4794921875,3673.642280478556,3612.8893821596957,3626.5317195747434,323039
2023-07-26,3612.251220703125,3673.642217247581,3605.4791735364443,3673.642217247581,293630
2023-07-27,3672.562744140625,3725.5621277049413,3617.011682174723,3625.550423825631,875566
2023-07-28,3669.765625,3705.049425245553,3641.2538722280797,3699.1606049670168,355259
2023-07-31,3616.0302734375,3679.4822184342534,3572.5511008526796,3572.5511008526796,389638
2023-08-01,3572.060302734375,3651.6576208785627,3557.8289867872263,3636.346592012875,369042
2023-08-02,3622.213623046875,3626.53199561174,3510.767646002634,3562.736439531967,681092
2023-08-03,3657.251953125,3695.038550648083,3621.8207879125143,3631.4392424780967,619764
2023-08-04,3675.997802734375,3690.2782397815367,3654.0129696206764,3657.2518686855033,280240
2023-08-07,3838.087890625,3847.362735009268,3690.32752133542,3693.1736887365705,1124433
2023-08-08,3775.12646484375,3861.790321863643,3763.0054529813665,3852.319231325488,532706
2023-08-09,3668.440673828125,3788.474512657696,3646.1613509127824,3788.474512657696,749561
2023-08-10,3676.095947265625,3705.5891691885204,3656.122936580643,3674.427496160705,600325
2023-08-11,3640.13134765625,3703.1064640963514,3632.117395662919,3693.3608298580866,339619
2023-08-14,3690.986572265625,3707.7072466452587,3563.552482249569,3606.442840577796,1295993
2023-08-16,3672.732421875,3700.3364393339402,3614.2590943547816,3691.431886405062,632601
2023-08-17,3615.990234375,3674.710905702506,3597.5381200725037,3660.760343987277,453444
2023-08-18,3616.138671875,3643.099678042475,3582.5982874285173,3622.916122339512,436067
2023-08-21,3626.37890625,3644.4353594357476,3607.58040704292,3611.3401551946235,242728
2023-08-22,3614.506103515625,3642.4069850949268,3600.20939874419,3626.378839638854,244583
2023-08-23,3664.8662109375,3689.2549347545582,3621.234050437072,3632.0678738835336,472425
2023-08-24,3625.3896484375,3700.088950738662,3605.3544051050694,3670.6544574478066,414907
2023-08-25,3597.933837890625,3615.1987271497555,3577.700764522139,3603.0786420365534,217537
2023-08-28,3594.71826171875,3618.1668675893566,3582.697212841525,3591.502728972425,196064
2023-08-29,3618.315673828125,3634.8385180117134,3586.6055234562273,3586.6055234562273,239552
2023-08-30,3592.29443359375,3639.191647169942,3584.5771063903208,3618.315563300138,309108
2023-08-31,3554.004638671875,3617.6720398229754,3537.580590769866,3606.3435193276914,600001
2023-09-01,3551.234375,3561.8208497709766,3492.315873466418,3547.9693242440894,586290
2023-09-04,3590.85986328125,3599.41803108312,3548.9588998062536,3551.976602045846,336522
2023-09-05,3603.67236328125,3628.407230775491,3581.6583312113753,3590.859750229521,449961
2023-09-06,3668.626220703125,3675.5024659161136,3593.778604368875,3603.672551884385,407338
2023-09-07,3654.82421875,3693.1632654410023,3621.8278071063237,3668.62622724847,556079
2023-09-08,3659.572998046875,3672.3360924751846,3629.3469430278046,3653.537594031096,247373
2023-09-11,3696.6259765625,3709.1417229940516,3652.6474301164944,3660.760418409167,379770
2023-09-12,3747.62939453125,3807.1909087750823,3685.7427060588293,3709.2408308206295,736438
2023-09-13,3711.0712890625,3785.424205788766,3700.336259709876,3759.6999430207293,319699
2023-09-14,3777.409912109375,3787.3533771114926,3715.7212977630675,3715.7212977630675,483608
2023-09-15,3775.03564453125,3804.2227894699663,3765.042660999448,3785.3252532449965,315409
2023-09-18,3745.156005859375,3779.487955469184,3731.5023099612636,3767.813049076554,185723
2023-09-20,3739.516357421875,3763.063758372452,3715.1771508384145,3733.975650403243,201038
2023-09-21,3707.064208984375,3757.919001297993,3693.509549543721,3735.509307366829,262481
2023-09-22,3665.7568359375,3702.3149213373717,3645.9194241390205,3681.537632895874,190002
2023-09-25,3688.958251953125,3710.2302386547453,3648.8877653756535,3650.8665548362696,206150
2023-09-26,3713.98974609375,3724.477184624051,3667.686027407773,3680.498640024093,251701
2023-09-27,3728.039306640625,3818.5689235614363,3716.018257407784,3716.018257407784,803962
2023-09-28,3626.131591796875,3759.6503588516584,3612.280065934622,3738.1310240299445,347090
2023-09-29,3725.219482421875,3743.8696697599426,3647.8983806566885,3647.8983806566885,296674
2023-10-03,3684.950927734375,3724.081535215161,3665.756767770683,3720.173474581744,210945
2023-10-04,3668.42822265625,3692.421044286461,3614.654523742809,3660.7604136816467,241798
2023-10-05,3657.989990234375,3666.2020144507323,3616.2871007777408,3626.1315296078624,344288
2023-10-06,3682.3291015625,3689.2548641969147,3657.9898962552693,3660.7602496193213,244389
2023-10-09,3666.00439453125,3756.23714690521,3644.7819255753434,3660.7605540759323,447464
2023-10-10,3674.265625,3686.0395671619704,3646.1173933754258,3667.6367286507607,147622
2023-10-11,3710.7744140625,3727.049908890317,3679.3116136676044,3689.452909543932,205216
2023-10-12,3715.42431640625,3758.7103330077475,3689.601019024555,3758.7103330077475,323652
2023-10-13,3695.735595703125,3722.548047188965,3690.4422374283286,3701.1277485172295,109845
2023-10-16,3616.435546875,3687.078475099868,3601.1494466994027,3671.6933388312914,274847
2023-10-17,3607.927001953125,3659.424805591949,3588.5347681788885,3659.424805591949,273198
2023-10-18,3602.583984375,3645.127957077809,3594.965693387344,3621.1846533088424,192368
2023-10-19,3599.170654296875,3618.068190130448,3562.31570085792,3602.3861871472536,350687
2023-10-20,3516.605712890625,3595.856085286062,3496.5209516998866,3581.608897892923,465355
2023-10-23,3463.821533203125,3586.5560013670956,3453.977103661388,3498.6481804095574,427540
2023-10-25,3406.93115234375,3482.5210528191906,3385.0656742702286,3462.8814712829094,522676
2023-10-26,3370.27392578125,3397.3339667749715,3344.1540029703397,3394.316264704608,538755
2023-10-27,3375.76513671875,3400.9451830637154,3360.4295191487536,3370.867681353458,283983
2023-10-30,3367.305908203125,3410.64144543957,3348.60644453365,3392.6345097668445,244149
2023-10-31,3352.41552734375,3386.64843800131,3336.5356945769854,3364.3375398783396,220543
2023-11-01,3310.564208984375,3372.5992088276603,3304.5783226943554,3363.9420051379666,292897
2023-11-02,3308.239013671875,3371.6097925859726,3294.7338726227867,3324.959929050895,406645
2023-11-03,3315.164794921875,3351.970229695192,3304.6773559633257,3332.281371655453,352546
2023-11-06,3469.510498046875,3493.4538025246316,3260.3525459322045,3324.366337513923,1821472
2023-11-07,3444.478759765625,3530.952005187147,3364.981037140158,3399.1646738023023,1291049
2023-11-08,3453.8779296875,3499.1427381046974,3444.7260285321104,3448.0405974630185,480765
2023-11-09,3461.3974609375,3482.6694476204084,3434.288141971488,3472.7755003260327,296978
2023-11-10,3456.153564453125,3461.892102100992,3435.4257935181963,3454.026462439945,121439
2023-11-13,3472.775634765625,3525.1145213584614,3450.2669037995515,3462.88168708823,235202
2023-11-15,3499.3408203125,3502.457317067278,3464.118271576782,3497.460825409195,256472
2023-11-16,3510.619873046875,3532.5348698351554,3482.6694717466357,3499.3408696737297,249987
2023-11-17,3562.662109375,3580.6195271000597,3512.3512907447393,3512.3512907447393,297110
2023-11-20,3633.9970703125,3717.1557398455757,3565.8773928615733,3571.66520669518,1601236
2023-11-21,3682.13134765625,3694.6966118159094,3615.248170486984,3642.8521855129848,388729
2023-11-22,3662.4423828125,3703.8486484209725,3645.919539316389,3670.6544072900415,317027
2023-11-23,3649.382568359375,3685.495477060776,3601.4959586471405,3666.2517973096355,252188
2023-11-24,3724.873291015625,3738.8731296862393,3647.848815425484,3649.382425552123,829615
2023-11-28,3720.2724609375,3746.19479585067,3703.7496174186813,3730.018095553091,197926
2023-11-29,3690.195068359375,3735.9050574934718,3681.4883462501534,3721.1136542930785,329180
2023-11-30,3748.51953125,3768.604291325555,3689.9969332441865,3689.9969332441865,887438
2023-12-01,3752.477294921875,3779.1909522813467,3731.996872589902,3758.7105299493737,260031
2023-12-04,3757.8203125,3794.3784003569363,3749.8061183705,3769.5940134542493,318936
2023-12-05,3701.473876953125,3769.5937985153764,3684.5553725520695,3748.8660279073188,449862
2023-12-06,3694.84521484375,3741.4953227297337,3676.937314610519,3722.9441709713387,298255
2023-12-07,3694.74609375,3732.8870651531256,3684.5057622638433,3694.84488828644,281509
2023-12-08,3642.7041015625,3707.707287983698,3623.559216630591,3699.346950700669,455037
2023-12-11,3631.5732421875,3654.3788383066485,3603.1281445951035,3639.9830971278607,247368
2023-12-12,3608.916259765625,3655.763954599239,3592.4922108728115,3631.5733021230117,188686
2023-12-13,3617.22705078125,3637.0149449321325,3573.6936836493096,3630.8807460556473,355453
2023-12-14,3644.138671875,3664.6686128078422,3602.3862619989795,3625.043305010307,448099
2023-12-15,3657.841796875,3680.84522410864,3640.0326919199238,3660.760462987904,338280
2023-12-18,3673.672119140625,3733.9261610620993,3648.145687014491,3650.866522498738,457133
2023-12-19,3684.40673828125,3699.3466945132573,3650.0747913255273,3673.6224329306565,287231
2023-12-20,3581.608642578125,3712.2087367273825,3566.5698921681933,3712.2087367273825,346170
2023-12-21,3594.17431640625,3611.0930635172813,3527.7365545219423,3576.6620773667787,353261
2023-12-22,3655.763916015625,3722.9932378932813,3605.304786073238,3611.29067234728,898967
2023-12-26,3822.526611328125,3855.6713354071962,3654.82420143551,3659.820693226377,1249185
2023-12-27,3843.056396484375,3875.459073187693,3804.717351530067,3852.7029948922327,598775
2023-12-28,3898.16552734375,3910.087781566963,3820.399250303163,3858.639258125292,668311
2023-12-29,3862.498046875,3907.119846477637,3855.028309794331,3907.119846477637,262845
2024-01-01,3874.370849609375,3898.1658419317273,3840.978776411576,3868.533517137601,240126
2024-01-02,3987.2607421875,4009.1264622329777,3863.784232183662,3883.374296051101,1386959
2024-01-03,3987.8544921875,4021.39487688725,3969.4516536035544,4007.048653313658,452402
2024-01-04,3999.28173828125,4031.189717741583,3931.0630212027036,4007.048583390622,485788
2024-01-05,3972.172607421875,4026.935703935551,3937.7911395576466,4009.02756218281,313459
2024-01-08,3892.42724609375,3982.6602402335925,3868.9786389073433,3956.5895920375706,403753
2024-01-09,3942.3916015625,3961.5364861468506,3879.0210625514833,3907.070258125676,468363
2024-01-10,3861.26123046875,3974.2995779044554,3836.4275677791697,3942.39159799372,351976
2024-01-11,3863.7841796875,3901.084312007017,3840.533403963351,3861.2611748624636,238212
2024-01-12,3842.759521484375,3883.5720531220195,3819.558263930354,3870.462573262655,291344
2024-01-15,3868.1376953125,3902.123259025757,3830.6890085265622,3858.6394093765334,326872
2024-01-16,3774.046142578125,3884.7100381362734,3760.095580467876,3868.1376766503163,483779
2024-01-17,3689.2548828125,3779.3885920500466,3677.926362185045,3769.6927175540864,574671
2024-01-18,3660.958251953125,3716.7107403957234,3546.9800298482073,3689.2550372358105,651966
2024-01-19,3654.626220703125,3693.7568297146254,3625.3400407258887,3690.4422608222644,324763
2024-01-23,3577.00830078125,3660.7604672837997,3547.821156515068,3660.7604672837997,387616
2024-01-24,3604.9091796875,3633.007893109631,3570.7255438076477,3611.2907273200094,377660
2024-01-25,3540.94482421875,3621.18483619882,3509.6305765590882,3605.3545199749997,407761
2024-01-29,3532.73291015625,3547.969492337119,3512.450318245232,3540.054334518185,765970
2024-01-30,3514.033203125,3580.9659013288356,3502.754199859225,3537.0366305248003,1052177
2024-01-31,3631.67236328125,3641.862935676939,3522.2947284512265,3546.980078455432,840784
2024-02-01,3616.63330078125,3656.8028223442443,3597.48865820877,3656.8028223442443,393645
2024-02-02,3660.166748046875,3704.9863773874495,3626.1316661367296,3626.1316661367296,423758
2024-02-05,3660.265625,3702.3148989728343,3625.686329184392,3660.166588911254,518516
2024-02-06,3686.9794921875,3704.6895613820698,3650.7675481459987,3658.781742146619,276514
2024-02-07,3692.223388671875,3731.007614690909,3662.93720735364,3700.286859290681,226715
2024-02-08,3645.325927734375,3725.0712413680412,3621.580453685814,3706.223223031705,399402
2024-02-09,3613.56640625,3658.2869995570136,3575.177842569106,3658.2869995570136,415749
2024-02-12,3700.484619140625,3778.1028292932624,3607.036334789485,3611.2907804575743,1303179
2024-02-13,3661.20556640625,3792.15205146816,3647.898256012073,3700.484487654866,814115
2024-02-14,3680.201904296875,3689.106456609124,3593.531073388516,3650.8664480220978,452222
2024-02-15,3669.516845703125,3705.2833695927643,3657.3472418665347,3690.1455814814667,288401
2024-02-16,3689.650634765625,3738.823502616678,3668.675515618761,3669.368043592436,625808
2024-02-19,3683.961669921875,3723.3396275328496,3676.293860950008,3690.4422535567737,217681
2024-02-20,3673.375244140625,3699.346855522671,3636.2234241200185,3683.5165400136143,328713
2024-02-21,3610.400390625,3700.039407853788,3598.626448456826,3668.7251614020365,386150
2024-02-22,3606.739501953125,3620.887895097893,3558.902411027563,3620.887895097893,485941
2024-02-23,3609.4111328125,3630.1389047944763,3588.3864940912267,3606.7395737102793,326640
2024-02-26,3539.4111328125,3616.2375326097504,3518.6338446634427,3610.3011645671627,404285
2024-02-27,3502.25927734375,3559.8419984356187,3472.6762319812,3542.032894496808,524599
2024-02-28,3481.037109375,3515.764720110188,3469.8073823609784,3502.457409055564,464435
2024-02-29,3451.80029296875,3491.9695730359167,3428.252650694098,3471.9838483176277,807900
2024-03-01,3445.468017578125,3481.679960333457,3437.157198692364,3453.976908645666,347396
2024-03-04,3445.369384765625,3504.436203005139,3441.1149390321493,3477.5247141269087,494795
2024-03-05,3447.496337890625,3459.4185924181706,3415.3905279644,3447.6448920275143,485056
2024-03-06,3507.057861328125,3522.2451667435093,3413.411748669974,3448.040563511553,642191
2024-03-07,3563.404052734375,3581.608818617268,3498.9943610607647,3507.0578312555836,624261
2024-03-11,3566.520751953125,3613.3191722912634,3548.0191182989183,3563.404255087709,408279
2024-03-12,3539.806884765625,3596.350695199582,3526.7964410928134,3561.820916820977,415249
2024-03-13,3442.895751953125,3548.958816301757,3418.111366216475,3539.8069152560947,402498
2024-03-14,3480.591552734375,3492.5633253426704,3404.507196176807,3423.305695661654,385179
2024-03-15,3448.436279296875,3487.3195403154778,3418.4082943117805,3479.800285333288,317079
2024-03-18,3469.41162109375,3482.6694137185777,3438.146651327289,3448.436259792698,171118
2024-03-19,3410.592041015625,3477.6730538710426,3385.758377538198,3472.5777674915153,525027
2024-03-20,3391.942138671875,3423.30590457401,3361.1223466521333,3410.592085157538,517131
2024-03-21,3428.549560546875,3440.521091689671,3394.8606221284695,3408.2669688518267,279116
2024-03-22,3395.058349609375,3439.4823159762464,3388.6768021899907,3426.273800287281,409887
2024-03-26,3355.037353515625,3402.5282980655365,3339.207038665654,3363.9419056187335,478462
2024-03-27,3332.133056640625,3367.305845191627,3314.472264521033,3354.04805275412,506472
2024-03-28,3408.76171875,3432.9028535922043,3331.341580964638,3331.341580964638,1145370
2024-04-01,3530.11083984375,3551.9270417110665,3413.4117810315265,3413.4117810315265,651461
2024-04-02,3584.082275390625,3597.439103746118,3517.495964241472,3533.1284487011517,675426
2024-04-03,3645.820556640625,3686.4847768056793,3572.753900506787,3624.9444726958636,799460
2024-04-04,3694.59765625,3716.0674730216456,3649.1350179006167,3668.6755633092894,976430
2024-04-05,3708.399658203125,3743.8695549145273,3687.177190141078,3694.647168456547,553607
2024-04-08,3755.742431640625,3772.562142214358,3681.092646845729,3710.2302736175825,602786
2024-04-09,3764.597412109375,3781.4666404877744,3732.0464222642163,3765.636324881337,275295
2024-04-10,3699.44580078125,3736.003886452064,3665.855657644066,3723.092237371725,1015345
2024-04-12,3739.614990234375,3768.604302409349,3688.4633340462206,3699.3466754288675,573189
2024-04-15,3677.135009765625,3730.0181094527493,3647.106783271866,3730.0181094527493,428141
2024-04-16,3724.279541015625,3740.9014205518515,3647.1067531809135,3660.710930523571,318671
2024-04-18,3669.56591796875,3741.0004087788184,3656.011258845602,3739.9119779847542,802591
2024-04-19,3632.7607421875,3671.495692507701,3602.3863709460084,3622.1742664194826,746223
2024-04-22,3697.86279296875,3704.986386694414,3636.0256225177677,3650.6191947441994,439590
2024-04-23,3728.682373046875,3739.9616179616137,3690.442363143196,3697.8628236588993,307637
2024-04-24,3773.353515625,3783.3957751041794,3725.615221850304,3739.5655420432386,473558
2024-04-25,3803.035400390625,3835.6854255268577,3750.3501325571588,3793.339284009577,835354
2024-04-26,3973.755615234375,3996.1653092188485,3795.3676973394954,3809.1697054945694,1155173
2024-04-29,3946.94287109375,4056.518335898822,3928.9854536176053,3982.313732193356,752787
2024-04-30,3959.953369140625,4022.8789705639256,3931.45899416923,3970.441049894991,360469
2024-05-02,3922.603759765625,3966.4835131101854,3893.7629997119316,3959.953411204864,868450
2024-05-03,3909.049072265625,3948.674379634892,3858.639458926604,3923.0491526692663,348122
2024-05-06,3920.97119140625,3946.6954535754558,3859.7770326639284,3909.0489369752336,271254
2024-05-07,3869.918212890625,3927.451657841446,3832.172902877294,3927.451657841446,291924
2024-05-08,3885.699462890625,3909.494212743105,3832.074075650503,3861.6076047594415,308127
2024-05-09,3749.75634765625,3907.1691390612614,3715.3748822649286,3892.2787007037978,626179
2024-05-10,3753.268798828125,3790.7174848873847,3728.0392339486953,3754.5055422045675,276308
2024-05-13,3870.017333984375,3891.487150469552,3684.505829415266,3736.0533894387772,608329
2024-05-14,3854.8798828125,3913.056344025112,3824.159126668585,3868.5335790488466,262796
2024-05-15,3851.268310546875,3908.0594685671867,3826.533443543005,3855.1763712231996,188401
2024-05-16,3889.458984375,3903.162197964351,3789.3818043608276,3854.68185634198,362920
2024-05-17,3869.275390625,3912.7592401394168,3854.2861572786996,3893.2682125191777,267526
2024-05-21,3973.953369140625,3996.066195969244,3809.169631947018,3820.74550173901,472233
2024-05-22,4015.5078125,4028.5677739191246,3944.419708375014,4008.03783438236,398441
2024-05-23,4069.38037109375,4083.77587063145,3984.6880887776665,4016.9424523804096,693482
2024-05-24,4078.680419921875,4130.722675277681,4062.0090234022787,4069.3802068064924,612183
2024-05-27,4210.12158203125,4312.771276910691,4170.892180801509,4253.160249281907,2534740
2024-05-28,4345.5205078125,4354.9197573528845,4193.50011055096,4197.754314470194,2151413
2024-05-29,4400.82763671875,4420.120833417494,4309.357903231498,4313.7609028987745,1220726
2024-05-30,4366.0009765625,4417.647575954803,4343.442969415809,4396.919562620415,768574
2024-05-31,4261.52099609375,4408.594419937523,4244.651526790941,4380.495707401102,970571
2024-06-03,4276.06494140625,4388.460278157291,4247.422254139667,4353.336765616521,515368
2024-06-04,4278.29150390625,4375.697616940186,4136.165034978538,4277.549457793049,847809
2024-06-05,4454.94775390625,4477.0110626978385,4261.075667242854,4288.383057859113,1077221
2024-06-06,4401.71826171875,4452.2764306968,4320.291266016282,4452.2764306968,790310
2024-06-07,4476.07080078125,4492.2475003907975,4391.724904462595,4403.5976406012915,432970
2024-06-10,4488.14208984375,4531.032450359562,4467.166727177464,4476.071280235296,462274
2024-06-11,4427.98681640625,4536.374815317331,4414.975889286766,4511.63994718583,264078
2024-06-12,4405.13134765625,4467.1168255923485,4386.876823200893,4456.233484489022,296209
2024-06-13,4544.78466796875,4568.0354439995035,4449.159764445826,4453.5622811090625,1275865
2024-06-14,4539.93701171875,4578.869793168937,4510.749865531373,4546.269041728647,281968
2024-06-18,4516.091796875,4535.285956111452,4473.053130391472,4473.053130391472,241254
2024-06-19,4432.19189453125,4532.7140155496645,4418.636993093628,4516.587074221319,223028
2024-06-20,4456.283203125,4474.290380705559,4392.61603783588,4438.424821238352,412934
2024-06-21,4474.19140625,4527.421134068124,4442.135112725849,4452.276408990771,583517
2024-06-24,4471.61865234375,4507.138308787999,4440.898139949296,4464.742648995578,188506
2024-06-25,4491.1591796875,4548.692868118521,4440.452701185838,4467.117081658596,353120
2024-06-26,4497.1455078125,4520.445560852389,4464.643793768035,4498.233938654276,203886
2024-06-27,4474.3896484375,4507.7319631720775,4452.375614245559,4497.145728725799,531345
2024-06-28,4547.70361328125,4599.152139392071,4474.389366952751,4474.389366952751,391476
2024-07-01,4553.29345703125,4566.254624254677,4492.0500215666,4547.703473582657,507284
2024-07-02,4522.96875,4571.844753239177,4516.834309408021,4558.834309107615,258530
2024-07-03,4510.798828125,4546.31800185051,4457.223200811298,4528.410343952203,573402
2024-07-04,4495.85888671875,4528.855297269998,4473.74630119655,4510.798843619781,242990
2024-07-05,4580.60107421875,4620.473489462673,4501.74611928376,4501.74611928376,1285879
2024-07-08,4416.85595703125,4600.338911960277,4397.859385790734,4580.30366953907,890261
2024-07-09,4503.67578125,4534.297259959711,4410.7219480318045,4443.7676372040105,769145
2024-07-10,4587.77392578125,4602.515810121186,4488.685660561007,4523.512547077999,550188
2024-07-11,4533.9013671875,4610.579459049372,4516.636235843249,4607.314649669316,559139
2024-07-12,4491.1591796875,4545.872996595901,4437.731865754042,4541.321684343956,661038
2024-07-15,4526.87646484375,4555.519634973131,4487.99344593612,4493.830778111416,616728
2024-07-16,4522.3251953125,4550.177043177456,4503.428142632877,4526.876507647471,266585
2024-07-18,4536.1767578125,4554.282971205096,4467.859245053341,4501.746014503172,432503
2024-07-19,4471.86572265625,4538.600584694082,4448.7637441807465,4531.427473518751,279117
2024-07-22,4486.70703125,4528.806066900328,4394.248383533741,4452.276287865002,308095
2024-07-23,4478.98974609375,4492.890548198882,4348.686272631583,4473.053377974342,499837
2024-07-24,4503.3291015625,4530.735045428882,4453.711053003836,4458.410677921112,392515
2024-07-25,4498.77783203125,4534.099417091963,4427.838036732331,4481.958121640986,232749
2024-07-26,4739.79443359375,4758.988594506107,4515.449181243592,4522.4739803633365,1262221
2024-07-29,4871.63134765625,4898.4933180087955,4721.095035806816,4753.0522924084535,886247
2024-07-30,4860.2529296875,4892.556568549871,4837.298780452351,4871.630968219011,515488
2024-07-31,4870.98828125,4891.320149515299,4749.29273062742,4852.338094147831,1167323
2024-08-01,4865.744140625,4954.888700487169,4848.034071962286,4877.715913219198,622863
2024-08-02,4968.6259765625,4987.290987744177,4817.165729707182,4839.663387065098,960970
2024-08-05,4805.07080078125,4966.286429068991,4756.342484831969,4911.187219981084,1449786
2024-08-06,4805.66748046875,4936.521838159926,4793.224140485488,4808.106569532657,403211
2024-08-07,4924.07861328125,4934.630663047314,4819.056821367539,4819.056821367539,590493
2024-08-08,4812.58642578125,5002.073714255054,4801.138552392796,4897.7985196949985,722958
2024-08-09,4808.05712890625,4882.567462014982,4794.219745592448,4882.567462014982,222355
2024-08-12,4868.830078125,4882.766618933372,4755.894129789965,4807.0615327550795,431270
2024-08-13,4839.7626953125,4897.649507310267,4781.278991792773,4877.789740368703,203334
2024-08-14,4640.8681640625,4826.025066361004,4621.00839866297,4826.025066361004,729449
2024-08-16,4612.8955078125,4688.4513734857765,4602.343457942766,4643.854635932313,522991
2024-08-19,4648.732421875,4668.69183191399,4594.628679527144,4643.854729554875,232374
2024-08-20,4701.7412109375,4707.415568890415,4642.162396703933,4653.610270483877,255795
2024-08-21,4878.58544921875,4940.852214090442,4713.487603295399,4714.532649426044,1371112
2024-08-22,4889.18798828125,4907.604133042227,4846.930207632237,4905.165043768299,480842
2024-08-23,4833.939453125,4927.562954839756,4807.061837007692,4904.6672077768635,420463
2024-08-26,4903.92041015625,4911.635281138987,4837.970706594138,4837.970706594138,288510
2024-08-27,4880.2783203125,4972.856776975236,4852.902970224057,4885.753390330188,400046
2024-08-28,5007.8974609375,5072.901280167068,4836.925954880064,4859.970925295164,963990
2024-08-29,4989.8291015625,5054.3356701242465,4967.431088742724,5027.009900056925,430810
2024-08-30,5070.810546875,5109.235680084951,4996.74788040651,4996.74788040651,853203
2024-09-02,5014.01953125,5109.684035307344,5000.281790967739,5101.570588016132,196235
2024-09-03,5043.037109375,5075.340216198412,5013.72040431395,5014.019336130983,288902
2024-09-04,5073.49853515625,5086.837699228298,4992.517176331648,5037.562069852212,313543
2024-09-05,5097.68798828125,5141.0408773411045,5064.090969615498,5076.882820602573,491284
2024-09-06,5114.51123046875,5146.565469016312,5039.403521212575,5103.760379041902,432124
2024-09-09,5150.0498046875,5170.755329007283,5059.163839422425,5081.860298237109,354291
2024-09-10,5401.853515625,5422.658684176869,5174.438825306815,5177.3756481554565,1628691
2024-09-11,5414.64501953125,5445.1064157258115,5355.663582778904,5380.500686015746,595689
2024-09-12,5457.94775390625,5488.01105988953,5371.74067717269,5425.296621875193,763771
2024-09-13,5473.72607421875,5506.676138474155,5378.559304823989,5440.27827632223,401361
2024-09-16,5454.513671875,5494.979319103712,5446.898444488756,5470.092637404873,238494
2024-09-17,5427.48681640625,5534.797993141028,5411.360052286805,5454.214723615849,529121
2024-09-18,5444.359375,5457.848247288323,5367.608756168299,5427.237630689662,213575
2024-09-19,5404.5908203125,5488.01077884508,5394.436860250587,5444.359444074373,341889
2024-09-20,5426.04296875,5480.0470656274365,5402.749132932591,5431.567617413495,630993
2024-09-23,5348.49609375,5557.643851678541,5340.18384533712,5465.114980128771,588823
2024-09-24,5351.4326171875,5395.134018064267,5293.546294148225,5350.636437819299,515534
2024-09-25,5369.8486328125,5423.8031505877425,5330.22923186603,5351.43248923429,693122
2024-09-26,5354.9169921875,5394.039148277949,5268.261759125104,5385.47803238071,554676
2024-09-27,5433.16064453125,5498.264105922629,5291.5554272291365,5347.351658622367,6886792
2024-09-30,5418.6767578125,5487.164710252435,5354.170188308474,5448.142685654981,820627
2024-10-01,5399.21484375,5439.282398838062,5338.441765180264,5415.888919469877,686142
2024-10-03,5405.685546875,5468.798558604472,5217.940814684587,5375.523083997542,602874
2024-10-04,5400.95703125,5497.169327811753,5360.839896338271,5383.486775803792,524300
2024-10-07,5379.853515625,5495.9746728189975,5352.328943448371,5423.305563759807,383652
2024-10-08,5521.90625,5541.268281862244,5374.179011719415,5377.215478382152,396786
2024-10-09,5962.60009765625,6002.6180764527135,5616.475932453127,5630.263251395938,3022787
2024-10-10,5915.2158203125,5994.70398009848,5893.464762958554,5932.985008533202,640572
2024-10-11,6114.40869140625,6131.929012148482,5931.889674648619,5947.916794521933,1089288
2024-10-14,6186.6796875,6206.738255217056,6090.318166812694,6112.168867206531,647056
2024-10-15,6079.02001953125,6247.403206811135,5993.061325711017,6122.123556812997,1370567
2024-10-16,6095.89306640625,6114.906588525771,6029.545269903642,6074.042851414332,476603
2024-10-17,6049.8525390625,6142.978791496336,6018.196875090779,6095.892899155265,290563
2024-10-18,5994.95263671875,6064.286833356696,5977.432315933189,6049.902623258011,334347
2024-10-21,5898.1435546875,6080.712154170893,5882.5645891785925,6002.618038745832,566368
2024-10-22,5791.57861328125,5936.966403981751,5778.687118563726,5893.165847010725,569761
2024-10-23,5701.63818359375,5831.845102389989,5691.3350005860975,5778.089872160132,327730
2024-10-24,5710.64697265625,5745.1398148708895,5666.44832497479,5734.8866968562115,560790
2024-10-25,5754.54736328125,5808.501883200789,5715.973006956007,5715.973006956007,1007972
2024-10-28,5788.04443359375,5823.483163391402,5681.927532069468,5738.7688068265925,391605
2024-10-29,5777.044921875,5818.605679270231,5719.954778275378,5773.710009397353,274283
2024-10-30,5859.91748046875,5907.052950919381,5770.723519642939,5817.261612543285,500928
2024-10-31,5862.95361328125,5913.075486716427,5832.094128417915,5910.5868185822865,423706
2024-11-01,5876.79052734375,5905.659077780581,5845.134863016078,5901.329184069454,34122
2024-11-04,5874.9990234375,5914.369559959076,5815.221407663082,5877.487691639067,357941
2024-11-05,5784.9091796875,5874.998967729955,5652.611676560302,5873.256900005377,397496
2024-11-06,5927.1611328125,5978.477760354779,5783.664628276349,5783.664628276349,619492
2024-11-07,5932.93505859375,6022.576687423162,5854.890039608131,5972.803326370078,789818
2024-11-08,5922.880859375,6034.522413207463,5853.347375397539,5952.894099468926,447048
2024-11-11,5873.20703125,6127.100751810504,5755.990765851839,6127.100751810504,1339441
2024-11-12,5784.36181640625,5922.880988764025,5755.841290482358,5888.188857453678,433122
2024-11-13,5743.94580078125,5805.266681922299,5684.665433119677,5783.266758007455,250370
2024-11-14,5724.0361328125,5799.542418318503,5697.208096928744,5743.945477121639,220287
2024-11-18,5740.51123046875,5787.696281813176,5664.70649513607,5674.163434193058,390727
2024-11-19,5874.10302734375,5933.930706363499,5743.696817416867,5743.696817416867,427565
2024-11-21,5950.00732421875,5977.283029320646,5853.447002152949,5853.447002152949,448388
2024-11-22,5971.1611328125,6029.495611428668,5952.8942113883695,5952.8942113883695,309695
2024-11-25,6110.6259765625,6156.9647814198825,5993.658577723885,6002.61778274131,839267
2024-11-26,6044.974609375,6131.132101640509,5978.875684099916,6121.277073513171,218533
2024-11-27,5972.00732421875,6078.173809281499,5961.803784900114,6044.974879260435,149153
2024-11-28,5924.82177734375,5995.499952012881,5875.347346716153,5995.499952012881,318089
2024-11-29,6144.720703125,6180.158947301486,5972.803319809298,5996.744112022342,1027507
2024-12-02,6226.99609375,6253.525198468779,6141.5847129610665,6156.964876238364,665882
2024-12-03,6182.39892578125,6256.959811548738,6166.123425122572,6251.534320617184,742965
2024-12-04,6228.140625,6239.8373647656435,6150.046027626873,6196.783407755934,556873
2024-12-05,6068.5673828125,6156.815453515043,5839.510281227746,6156.815453515043,1426021
2024-12-06,6102.9609375,6164.879195836591,6077.427299355467,6112.169009705174,704328
2024-12-09,5932.63623046875,6014.164900084947,5910.735951222651,5972.7538518194415,1123022
2024-12-10,5905.708984375,6005.454509154257,5844.388105809358,5962.301393599372,393478
2024-12-11,5901.080078125,5943.437013742992,5877.238443872142,5929.002739109499,355231
2024-12-12,5924.72265625,6027.554229268455,5901.3787546921085,5923.0301674892335,359123
2024-12-13,5850.0625,5922.333032476389,5817.709814831263,5922.333032476389,445372
2024-12-16,5829.904296875,5883.161794075686,5793.619321644721,5856.831491219367,308602
2024-12-17,5820.89501953125,5908.098046632806,5793.171159790488,5841.401741809824,393644
2024-12-18,5823.234375,5878.034651079027,5812.981257052731,5821.492307363563,280887
2024-12-19,5794.3662109375,5842.397507536347,5753.800918991325,5820.845737985906,451008
2024-12-20,5820.248046875,5930.247176165578,5763.755281379613,5763.755281379613,497158
2024-12-23,5822.93603515625,5908.098063019077,5810.54227360444,5820.248079183958,464380
2024-12-24,5756.14013671875,5906.156759300274,5713.434689007747,5833.438071285928,252658
2024-12-26,5860.06689453125,5895.157115456586,5690.588593466326,5765.746371618465,183602
2024-12-27,5854.392578125,5908.048652688682,5843.542082124664,5873.256877268172,186225
2024-12-30,6017.599609375,6111.024309291634,5853.34751085608,5854.392557055818,1928937
2024-12-31,6071.1552734375,6107.440247953178,5948.563582780114,6002.069945736389,610044
2025-01-01,6045.47265625,6107.291270169202,6033.2286034070075,6062.395599631566,116675
2025-01-02,6116.8974609375,6126.852133561996,5982.758247322409,6045.472684856737,180792
2025-01-03,6020.88427734375,6220.575101709977,6002.816644259141,6131.082694581493,427384
2025-01-06,5864.9443359375,6040.6943648628885,5814.524018574686,6040.6943648628885,334922
2025-01-07,5881.1708984375,5910.039448512619,5848.370058321505,5883.211411860441,303309
2025-01-08,5841.7998046875,5938.808280833776,5795.809510228531,5903.120683367443,213589
2025-01-09,5798.1484375,5878.781282816137,5785.4066514327915,5835.130433804935,98271
2025-01-10,5745.18994140625,5813.528670083272,5689.294553204578,5773.709980562154,384413
2025-01-13,5706.51611328125,5860.8135398069535,5628.720443507858,5797.6013682948105,770897
2025-01-14,5963.1474609375,5979.224646385423,5723.289911141294,5734.986651696949,439344
2025-01-15,5850.2119140625,5973.201700657732,5742.352938307576,5973.152121721508,483267
2025-01-16,5889.23388671875,5925.817308508984,5729.611100496576,5813.528796053506,428736
2025-01-17,5889.23388671875,5911.930831878388,5845.085302609968,5903.618583047143,177031
2025-01-20,5973.40087890625,6000.676584348782,5813.578320242031,5890.1797195739455,309737
2025-01-21,5792.5244140625,6040.544987763409,5779.9814292168585,5984.450795818965,437884
2025-01-22,5786.1533203125,5820.397296082773,5728.913954133064,5812.085047432684,513868
2025-01-23,5824.42919921875,5878.283587649969,5754.19869431549,5754.19869431549,449602
2025-01-24,5736.4794921875,5873.654680508965,5681.42986334787,5823.483229895766,387486
2025-01-27,5551.47216796875,5722.941407388235,5520.861549030293,5699.547926248277,243092
2025-01-28,5385.67724609375,5559.68473135146,5327.392345496702,5555.105484672466,588891
2025-01-29,5594.67529296875,5622.399153714744,5337.197780212748,5349.740765056803,241519
2025-01-30,5709.900390625,5765.34810979506,5576.408137791683,5595.620946982514,234255
2025-01-31,5552.41796875,5724.882672732184,5523.7482198238495,5691.633677164911,429090
2025-02-01,5593.08251953125,5628.222806331436,5485.0247401751485,5563.666655687642,108307
2025-02-03,5857.4287109375,5928.106882888078,5446.201109036809,5593.530256201394,1299208
2025-02-04,6068.6171875,6201.760931412754,5945.627403905359,6022.527248520389,1307734
2025-02-05,6095.74365234375,6179.06445487108,5980.269452348343,6033.07879507422,389786
2025-02-06,6091.9609375,6177.769920178685,6070.408683343801,6120.430911122844,373619
2025-02-07,6112.71630859375,6133.571542184915,6052.938693866003,6088.8250942770355,153029
2025-02-10,5911.880859375,6150.99229329895,5894.808692819371,6114.16000411752,284788
2025-02-11,5919.794921875,5937.762911470981,5835.528715622552,5922.980611530686,443166
2025-02-12,5942.7900390625,5972.803278322475,5778.687171776995,5919.794649227363,292103
2025-02-13,5983.255859375,6127.100875876071,5957.622577887785,5972.505007586199,667461
2025-02-14,5817.26171875,6032.5315106951875,5739.913719309435,5990.024864864247,294685
2025-02-17,5896.89892578125,5913.0752680549695,5734.140035827212,5805.564808635789,207670
2025-02-18,5813.23046875,5951.799222468671,5766.74195235234,5923.030315293703,283564
2025-02-19,5907.99853515625,5929.251858338458,5713.982063691543,5783.664771785342,337225
2025-02-20,5951.20166015625,5960.808307963312,5865.591476743879,5888.188777722946,292029
2025-02-21,5730.95458984375,5971.11106611291,5658.38512386555,5932.984864514787,1003530
2025-02-24,5676.70166015625,5724.633797841997,5638.774746197062,5654.652157440166,306309
2025-02-25,5700.443359375,5748.12614173157,5639.122481753844,5675.15858934262,188012
2025-02-27,5590.3447265625,5758.777977834928,5553.960593402855,5700.443500413702,257921
2025-02-28,5455.4091796875,5574.6163781305595,5340.53236082319,5574.6163781305595,564464
2025-03-03,5515.13720703125,5547.141380600752,5336.351199004459,5455.409174465594,308548
2025-03-04,5492.68994140625,5531.762031691863,5433.111128177517,5475.069976327957,142095
2025-03-05,5491.54443359375,5537.833658780321,5435.25095739082,5435.25095739082,392202
2025-03-06,5543.45849609375,5620.358338750697,5524.793485740122,5524.793485740122,280218
2025-03-07,5553.462890625,5594.326626587255,5503.341017647482,5528.128054823588,187672
2025-03-10,5489.25537109375,5606.123130899038,5461.97966522117,5553.463009745524,281666
2025-03-11,5521.1103515625,5552.915725296877,5389.708671795766,5429.27849581643,211471
2025-03-12,5641.4619140625,5651.367007250477,5456.852811212023,5499.956347070472,345394
2025-03-13,5594.97412109375,5732.149314241328,5578.598490341406,5669.6837440648615,219553
2025-03-17,5645.1455078125,5669.185944498752,5556.747725061699,5594.974056017716,133663
2025-03-18,5645.1455078125,5645.1455078125,5645.1455078125,5645.1455078125,0
2025-03-19,5791.72802734375,5823.48333498245,5716.022452348186,5753.80062841001,231264
2025-03-20,5795.7099609375,5839.211588027873,5778.687373785619,5823.483399938996,252148
2025-03-21,5771.072265625,5828.958590068384,5713.53396587115,5821.492585555446,537097
2025-03-24,5883.908203125,5908.097861779741,5749.221198645329,5769.628276348191,322013
2025-03-25,5814.17578125,5913.324418008852,5789.090297825134,5913.324418008852,330676
2025-03-26,5812.732421875,5891.374332747787,5741.406806260676,5843.243395145592,238411
2025-03-27,5846.03076171875,5867.035218314141,5701.240339042895,5811.537918051828,385946
2025-03-28,5749.271484375,5858.324726444316,5711.991041688612,5823.483372931053,291524
2025-04-01,5524.544921875,5792.126330550303,5495.974816699874,5723.439088682472,341053
2025-04-02,5640.3173828125,5655.697546100347,5509.911174350015,5525.390495507489,316866
2025-04-03,5736.8779296875,5942.939656469613,5703.3805529580195,5863.252695201607,537669
2025-04-04,5457.99755859375,5736.529093047371,5360.541414715739,5733.891202121103,681423
2025-04-07,5235.11279296875,5334.55987600868,4932.540321884288,4932.540321884288,565168
2025-04-08,5362.88037109375,5450.18304089751,5278.962678699451,5322.862880406852,369634
2025-04-09,5361.73583984375,5404.989086351774,5207.886570540414,5275.976433334376,458062
2025-04-11,5563.96484375,5599.5032186046055,5361.73577138857,5524.843175689877,794543
2025-04-15,5708.5068359375,5741.357254559165,5579.593829528239,5612.941981765384,586197
2025-04-16,5727.91845703125,5779.185019515976,5659.231217974046,5689.095234955439,280947
2025-04-17,5614.43505859375,5771.718877611093,5570.634501399048,5723.936451580508,531948
2025-04-21,5864.79541015625,5893.166227297802,5772.714687854722,5823.483518529078,717346
2025-04-22,5884.70458984375,5991.219584534316,5796.605739095011,5857.826974361084,666774
2025-04-23,5897.6455078125,5947.916602106454,5864.795089759024,5900.134175846854,637067
2025-04-24,6187.32666015625,6279.905113924174,5926.514242014357,5955.382792114032,2081063
2025-04-25,5985.24658203125,6256.511395936201,5937.464156095699,6211.715371621622,964571
2025-04-28,5999.18359375,6097.2371213339,5964.839972413507,5987.735719971169,317230
2025-04-29,6080.31396484375,6102.214244350391,5889.184252785793,6027.5542005777515,640125
2025-04-30,6059.4091796875,6108.1870751704455,5988.23327097259,6087.779996447988,489551
2025-05-02,6051.943359375,6125.11020482513,6018.097471683784,6052.441093017518,957962
2025-05-05,6096.7392578125,6179.8607743489265,6068.368440791085,6177.372106189153,399200
2025-05-06,6133.07373046875,6150.494407352893,5942.939485618964,6082.304900692106,344379
2025-05-07,6120.1328125,6142.033092570755,6032.03395857901,6057.418374115566,346799
2025-05-08,5933.482421875,6155.969347684758,5893.165999077259,6144.521474544658,364862
2025-05-09,5998.18798828125,6028.052006146728,5815.022012039652,5815.022012039652,449984
2025-05-12,5915.06640625,6016.604065865869,5851.854235802865,6007.644860605646,705516
2025-05-13,6048.95654296875,6119.634715362527,5928.00727612588,5928.505009734286,759310
2025-05-14,6187.32666015625,6254.022965558948,6028.051900985628,6072.350193379958,576348
2025-05-15,6186.3310546875,6231.12707970334,6135.562226336215,6170.403579126312,462230
2025-05-16,6251.03662109375,6294.339446639984,6134.069218756221,6210.720197309325,556329
2025-05-19,6550.17431640625,6674.607719073542,6304.79164634635,6370.990216565349,2712326
2025-05-20,6423.25244140625,6565.106524769349,6403.840829998669,6550.174515994286,448280
2025-05-21,6522.30126953125,6566.59956112071,6424.745481311766,6424.745481311766,510445
2025-05-22,6508.36474609375,6540.219697435903,6428.7273677383655,6510.355680552634,326992
2025-05-23,6453.6142578125,6530.265236965911,6427.732109007452,6530.265236965911,224119
2025-05-26,6706.462890625,6733.340506484711,6562.617872412841,6609.902566980852,1467231
2025-05-27,6667.6396484375,6729.856351636566,6653.703106920909,6694.517264219497,294304
2025-05-28,6605.92041015625,6719.403672175209,6589.992934785168,6699.494327961356,312692
2025-05-29,6601.44091796875,6640.2641398342075,6573.070101990147,6614.879725537562,364770
2025-05-30,6582.029296875,6637.277727905938,6511.351123844431,6571.576891004282,786589
2025-06-02,6509.3603515625,6600.94333861614,6490.446473801422,6584.518128981519,283232
2025-06-03,6500.40087890625,6570.083583580589,6484.971137156932,6514.3374198411175,398776
2025-06-04,6588.00244140625,6619.359660642318,6500.401321000727,6520.310666547437,407206
2025-06-05,6598.45458984375,6648.7256853837835,6578.047511456212,6597.956856224542,200706
2025-06-06,6514.83544921875,6599.947899506504,6475.514492653063,6599.947899506504,361092
2025-06-09,6602.93408203125,6624.336627299405,6517.821634569518,6527.776306787264,254156
2025-06-10,6643.74853515625,6666.644282280702,6581.034097380577,6614.382250800974,288574
2025-06-11,6688.54443359375,6735.33139420975,6649.721210954941,6649.721210954941,539922
2025-06-12,6694.51708984375,6831.3938333163915,6675.603212563894,6688.544286492216,647651
2025-06-13,6636.7802734375,6690.037772256895,6581.034106448974,6669.630693270024,431430
2025-06-16,6657.18701171875,6667.639417494159,6585.015638507593,6601.938581191589,166374
2025-06-17,6508.36474609375,6672.119105337008,6461.080052695241,6659.675764968979,341004
2025-06-18,6519.31494140625,6618.861665202345,6483.478120839656,6518.319474168289,447218
2025-06-19,6463.56884765625,6536.7356904566095,6450.627773419452,6515.333144603443,240502
2025-06-20,6562.1201171875,6572.572523320763,6426.238837455083,6470.537130115102,560932
2025-06-23,6605.92041015625,6634.29122566099,6530.264902143611,6540.219574250536,478962
2025-06-24,6535.740234375,6649.721234578478,6525.287828242804,6649.721234578478,270144
2025-06-25,6556.64501953125,6577.549831709213,6490.4464476343655,6555.151818661396,234226
2025-06-26,6586.01123046875,6597.956837295476,6509.360253330586,6559.133615108614,404238
2025-06-27,6627.82080078125,6663.657620971717,6521.305807437364,6521.305807437364,545217
2025-06-30,6778.63427734375,6798.045888828911,6635.784726158079,6649.721267737169,599664
2025-07-01,6825.42138671875,6843.837531348561,6665.648888714177,6797.548302954712,385716
2025-07-02,6828.40771484375,6854.289863773838,6712.435778291626,6825.421313044125,437491
2025-07-03,6844.8330078125,6908.542913644379,6821.937260404168,6856.778615155978,302964
2025-07-04,6875.1943359375,6913.519823801627,6838.859782507873,6848.814454680373,243498
2025-07-07,6857.27587890625,6899.583235348657,6829.900530619987,6883.6557599821035,85574
2025-07-08,6906.5517578125,7039.446635250951,6879.674142150791,6970.261661603218,531444
2025-07-09,6951.845703125,6977.727852230928,6888.633531270137,6898.588204003186,382020
2025-07-10,6813.4755859375,6950.850066302665,6799.0413108266675,6928.4520531996495,183664
2025-07-11,6804.0185546875,6874.198994790714,6794.063882332434,6799.041218509968,224031
2025-07-14,6747.77490234375,6794.561864121452,6515.333294363037,6619.857357908967,968781
2025-07-15,6759.22265625,6787.593472995674,6703.974223640004,6769.1773287923415,132235
2025-07-16,6800.03662109375,6828.40743703595,6720.39924301038,6759.222464826023,327289
2025-07-17,6759.72021484375,6849.809999019195,6732.344866061157,6799.538903982068,291956
2025-07-18,6700.98779296875,6750.761155465732,6652.209897721707,6749.267954590823,196816
2025-07-21,6657.68505859375,6715.422159879402,6633.29611063688,6711.440290825219,152442
2025-07-22,6583.02490234375,6654.698544105243,6549.676749579722,6654.698544105243,272172
2025-07-23,6622.84375,6648.725899030513,6586.011460995041,6610.898142755148,206835
2025-07-24,6588.5,6653.205371307698,6570.083855858578,6622.843620155625,183852
2025-07-25,6616.5,6652.0,6569.0,6598.0,179064
2025-07-28,6584.0,6713.5,6555.5,6616.5,155158
2025-07-29,6676.5,6688.0,6473.0,6580.0,207710
2025-07-30,6650.0,6733.5,6601.5,6643.5,226974
2025-07-31,6595.5,6662.5,6552.0,6556.0,208301
2025-08-01,6361.5,6598.0,6335.5,6598.0,467222
2025-08-04,6489.5,6513.5,6343.0,6372.0,351237
2025-08-05,6409.0,6530.5,6363.5,6489.5,377699
2025-08-06,6133.5,6449.0,6054.5,6410.5,984259
2025-08-07,6131.5,6174.5,5960.5,6150.0,1004420
2025-08-08,5914.5,6118.0,5893.5,6100.0,541367
2025-08-11,5992.0,6016.0,5856.5,5891.0,677693
2025-08-12,5961.0,6015.0,5947.0,5992.0,477759
2025-08-13,6100.5,6150.0,5970.0,5971.0,394932
2025-08-14,6132.5,6205.0,6091.0,6155.0,407062
2025-08-18,6164.5,6211.5,6092.5,6148.0,362833
2025-08-19,6079.5,6170.5,6075.0,6165.0,246497
2025-08-20,6005.0,6096.0,5952.5,6084.0,544008
2025-08-21,6028.0,6060.0,5988.0,6005.0,219909
2025-08-22,6151.5,6188.0,6088.0,6088.0,681524
2025-08-25,6248.5,6314.5,6204.0,6255.0,439686
2025-08-26,6190.5,6260.0,6120.0,6260.0,546739
2025-08-28,6132.0,6275.0,6108.5,6275.0,415482
2025-08-29,6131.5,6177.5,6092.0,6132.0,283850
2025-09-01,6093.0,6135.0,6064.0,6131.5,192062
2025-09-02,6120.5,6148.5,6059.5,6093.0,307162
2025-09-03,6164.0,6188.0,6097.0,6145.0,281110
2025-09-04,6133.5,6197.5,6093.5,6163.0,294429
2025-09-05,6009.0,6177.5,6002.5,6133.5,213926
2025-09-08,6027.5,6066.0,5940.0,6029.0,519368
2025-09-09,6002.5,6050.0,5997.5,6025.0,254569
2025-09-10,6031.5,6043.0,5896.5,6015.0,810989
2025-09-11,6015.5,6075.0,5996.0,6035.0,258301
2025-09-12,6026.5,6083.5,6004.0,6025.0,487571
2025-09-15,6057.0,6065.5,5974.0,6011.0,152355
2025-09-16,6099.5,6175.0,6060.5,6125.0,285215
2025-09-17,6051.5,6138.5,6037.0,6089.0,413995
2025-09-18,6112.0,6129.5,6042.0,6052.0,480382
2025-09-19,6200.0,6280.0,6156.5,6187.0,734989
2025-09-22,6092.5,6201.0,6081.0,6200.0,290634
2025-09-23,6051.0,6128.0,6006.5,6092.5,264356
2025-09-24,5984.0,6078.5,5965.0,6037.0,253046
2025-09-25,5897.0,6011.0,5885.0,5985.0,210498
2025-09-26,5689.5,5824.0,5656.5,5824.0,672699
2025-09-29,5697.5,5735.0,5636.5,5717.0,467714
2025-09-30,5689.5,5736.5,5665.0,5713.5,281179
2025-10-01,5710.0,5749.5,5675.0,5692.5,721666
2025-10-03,5866.0,5932.0,5746.0,5759.5,655087
2025-10-06,5826.5,5898.0,5802.5,5885.0,196219
2025-10-07,6104.5,6120.0,5831.5,5860.0,1024126
2025-10-08,6120.5,6267.5,6104.0,6115.0,874932
2025-10-09,6132.0,6218.5,6123.5,6149.0,336390
2025-10-10,6474.5,6507.5,6110.0,6132.5,1651908
2025-10-13,6556.0,6620.0,6439.5,6465.5,905107
2025-10-14,6561.0,6585.0,6495.0,6570.0,321275
2025-10-15,6573.0,6608.5,6527.0,6580.0,462127
2025-10-16,6600.5,6632.5,6538.5,6573.0,335444
2025-10-17,6621.5,6647.0,6556.5,6580.0,302575
2025-10-20,6604.0,6669.0,6570.5,6645.0,368513
2025-10-21,6587.0,6657.0,6553.0,6648.0,32977
2025-10-23,6565.5,6627.5,6548.5,6600.0,286780
2025-10-24,6593.0,6675.0,6535.0,6564.0,250640
2025-10-27,6490.0,6610.0,6468.5,6610.0,342190
2025-10-28,6438.5,6514.5,6383.0,6495.0,305957
2025-10-29,6512.0,6538.5,6450.0,6450.0,325673
2025-10-30,6655.0,6695.0,6536.5,6545.0,537064
2025-10-31,6738.0,6775.0,6608.5,6642.0,507645
2025-11-03,6804.0,6861.5,6732.0,6738.0,499591
2025-11-04,6804.5,6866.0,6757.0,6803.0,801413
2025-11-06,6883.5,6904.5,6764.0,6792.5,721954
2025-11-07,6656.5,6892.0,6601.5,6874.5,855609
2025-11-10,6691.5,6748.0,6636.5,6700.0,418569
2025-11-11,6539.5,6725.0,6489.0,6711.0,388972
2025-11-12,6520.0,6574.5,6481.0,6570.5,476290
2025-11-13,6593.5,6645.0,6473.0,6525.5,397401
2025-11-14,6511.5,6632.0,6481.0,6584.0,147365
2025-11-17,6518.5,6559.0,6476.0,6528.0,242726
2025-11-18,6473.5,6552.0,6456.0,6485.0,162830
2025-11-19,6454.0,6512.0,6434.0,6510.0,128134
2025-11-20,6462.5,6497.5,6433.0,6495.0,114162
2025-11-21,6373.0,6462.0,6355.5,6462.0,130843
2025-11-24,6359.0,6382.5,6322.0,6364.0,393803
2025-11-25,6412.0,6443.0,6341.0,6355.0,179873
2025-11-26,6510.0,6530.0,6411.5,6417.5,126970
2025-11-27,6490.5,6542.0,6451.0,6514.5,95681
2025-11-28,6477.0,6568.0,6434.5,6500.0,250130
2025-12-01,6422.5,6524.5,6404.5,6500.5,100192
2025-12-02,6417.5,6453.5,6370.5,6400.5,151910
2025-12-03,6455.0,6467.5,6342.5,6419.5,278865
2025-12-04,6469.0,6492.5,6413.0,6455.0,200558
2025-12-05,6473.5,6486.5,6394.5,6467.0,148911
2025-12-08,6328.5,6486.0,6269.5,6486.0,179082
2025-12-09,6294.0,6341.5,6265.0,6320.0,236524
2025-12-10,6294.5,6407.0,6279.5,6294.0,270852
2025-12-11,6430.0,6498.0,6274.0,6300.5,264850
2025-12-12,6426.5,6519.0,6410.0,6430.0,128635
2025-12-15,6347.5,6416.0,6330.5,6410.0,131176
2025-12-16,6335.5,6375.0,6283.0,6348.0,169831
2025-12-17,6293.0,6374.5,6280.5,6312.0,194825
2025-12-18,6380.0,6437.0,6281.0,6300.0,396678
2025-12-19,6478.5,6598.0,6408.5,6410.0,785205
2025-12-22,6511.5,6543.0,6450.5,6500.0,255434
2025-12-23,6476.5,6552.0,6448.0,6521.5,192477
2025-12-24,6496.5,6580.0,6486.0,6500.0,252785
2025-12-26,6427.5,6547.0,6402.0,6495.0,252704
2025-12-29,6390.5,6454.5,6371.0,6450.0,244981
2025-12-30,6360.5,6500.0,6285.0,6410.0,1927570
2025-12-31,6392.5,6499.5,6366.0,6499.5,273233
2026-01-01,6344.0,6413.5,6300.0,6398.0,146473
2026-01-02,6392.5,6398.0,6332.5,6351.0,108528
2026-01-05,6363.5,6447.0,6345.0,6400.0,145454
2026-01-06,6642.5,6660.0,6393.0,6405.5,732441
2026-01-07,6642.5,6731.5,6613.0,6680.0,423884
2026-01-08,6600.5,6700.0,6580.5,6645.0,331547
2026-01-09,6616.5,6657.0,6529.5,6600.0,351042
2026-01-12,6485.5,6635.5,6340.0,6635.0,665870
2026-01-13,6436.5,6524.0,6372.0,6461.0,253726
2026-01-14,6355.5,6462.0,6345.5,6405.0,524643
2026-01-15,6355.5,6355.5,6355.5,6355.5,0
2026-01-16,6236.0,6384.0,6227.5,6355.5,409423
2026-01-19,6140.0,6257.5,6100.0,6236.0,351743
2026-01-20,6013.0,6163.5,6000.0,6142.5,204440
2026-01-21,6010.0,6092.5,5955.0,6005.0,324388
2026-01-22,6071.0,6135.0,6010.0,6021.0,372206
2026-01-23,6011.5,6145.0,5987.0,6099.5,460503
2026-01-27,6056.0,6087.5,6000.0,6065.5,367912
2026-01-28,6188.0,6256.0,6062.0,6100.0,335259
2026-01-29,6041.0,6222.0,5991.5,6181.5,405502
2026-01-30,6051.0,6080.0,5974.5,6041.0,347165
2026-02-02,5952.5,6056.5,5890.0,6056.0,400656
2026-02-03,6209.0,6304.5,6150.0,6150.0,454227
2026-02-04,6054.5,6225.0,6021.5,6225.0,327213
2026-02-05,6141.5,6173.0,5936.0,6054.0,370561
2026-02-06,6024.5,6099.5,5939.0,6081.5,433945
2026-02-09,6113.5,6150.0,6041.0,6079.0,219396
2026-02-10,6175.5,6228.0,6151.0,6153.0,237887
2026-02-11,6386.5,6793.0,6126.0,6194.0,1263189
2026-02-12,6185.0,6448.0,6131.5,6448.0,1200795
2026-02-13,6168.5,6200.0,6054.0,6141.0,299364
2026-02-16,6149.5,6222.0,6008.5,6105.5,175634
2026-02-17,6187.5,6230.0,6102.5,6125.5,151261
2026-02-18,6283.5,6299.0,6165.0,6165.0,438670
2026-02-19,6297.5,6350.0,6251.0,6255.0,185828
2026-02-20,6291.0,6320.0,6251.5,6297.5,338573
2026-02-23,6293.5,6343.5,6245.5,6337.0,97285
2026-02-24,6255.5,6293.5,6226.5,6255.0,92139
2026-02-25,6395.5,6418.0,6250.0,6254.5,348440
2026-02-26,6474.0,6564.5,6376.0,6442.0,392374
2026-02-27,6408.5,6475.0,6383.5,6424.0,466870
2026-03-02,6403.5,6419.0,6263.5,6271.5,300339
2026-03-04,6316.0,6363.5,6238.5,6340.0,369392
2026-03-05,6364.5,6395.0,6300.0,6316.5,291293
2026-03-06,6329.0,6428.0,6315.0,6340.0,269349
2026-03-09,6330.0,6364.0,6173.5,6277.0,260778
2026-03-10,6372.0,6479.0,6354.0,6364.5,298252
2026-03-11,6352.5,6450.0,6330.0,6373.0,254117
2026-03-12,6282.0,6330.5,6221.0,6330.0,153876
2026-03-13,6071.0,6326.0,6055.0,6275.0,200936
2026-03-16,6071.0,6130.0,5927.0,6010.0,282845
2026-03-17,6086.5,6147.0,6051.5,6074.0,183604
2026-03-18,6140.0,6183.0,6086.5,6086.5,180112
2026-03-19,5972.5,6117.0,5955.0,6100.0,122495
2026-03-20,6100.0,6180.0,6030.5,6050.0,283471
2026-03-23,6013.5,6047.0,5982.0,6036.5,227221
2026-03-24,6026.0,6092.0,5946.0,6090.0,228968
2026-03-25,6014.5,6137.5,5996.5,6026.0,250204
2026-03-27,5997.5,6060.0,5935.0,6011.5,540647
2026-03-30,5947.0,5990.0,5901.5,5960.0,492229
2026-04-01,5906.5,6123.0,5834.0,6002.0,546653
2026-04-02,5856.5,5869.5,5647.5,5851.0,513534
2026-04-06,5821.0,5903.5,5727.0,5860.0,346192
2026-04-07,5850.0,5907.0,5708.0,5788.0,347412
2026-04-08,5882.0,5984.5,5870.0,5920.0,302280
2026-04-09,5952.5,5964.0,5852.0,5852.0,237284
2026-04-10,6116.5,6130.0,5931.0,5931.0,334871
2026-04-13,6070.0,6116.0,5970.0,6009.0,211392
2026-04-15,6177.5,6184.0,6101.0,6124.0,251355
2026-04-16,6293.5,6313.0,6180.0,6200.0,350424
2026-04-17,6229.0,6325.0,6212.0,6305.5,169295
2026-04-20,6280.0,6298.0,6187.5,6269.5,208547
2026-04-21,6286.0,6305.0,6238.5,6282.0,242433
2026-04-22,6285.5,6323.5,6249.0,6286.0,226547
2026-04-23,6378.5,6469.5,6250.5,6265.0,405157
2026-04-24,6361.5,6442.5,6320.0,6408.5,316970
2026-04-27,6477.0,6507.5,6346.5,6351.5,289648
