Price,Close,High,Low,Open,Volume
Ticker,GRASIM.NS,GRASIM.NS,GRASIM.NS,GRASIM.NS,GRASIM.NS
Date,,,,,
2010-01-04,346.504638671875,347.4444191399537,337.22947846687225,338.73447945666885,1574155
2010-01-05,357.9521789550781,359.42994651126656,347.3082119903056,347.98920800904426,1923480
2010-01-06,372.7705993652344,375.41967099322375,356.17472846582086,358.1904827957244,2747488
2010-01-07,364.2650146484375,374.26206096086355,363.01198305454454,372.7774783301216,1489639
2010-01-08,375.5423278808594,378.1845848983642,363.67256266269766,366.512322264078,2285676
2010-01-11,383.0741271972656,386.0909439867845,369.23628664238595,376.1824402942997,1678443
2010-01-12,380.8813781738281,385.8186200777056,377.4083007743659,383.39425673372847,1396446
2010-01-13,385.6551208496094,389.6934183417601,376.04626462403945,379.315050893517,1249942
2010-01-14,387.1055908203125,393.479708173182,385.45758127102226,386.79231277097864,1144422
2010-01-15,387.8138732910156,391.4231439969395,384.763007989519,386.13863014066663,1282113
2010-01-18,379.64874267578125,386.60171165641793,378.11648145314535,386.1250063691267,827306
2010-01-19,370.51654052734375,382.5838073264122,369.6653023066255,381.0855946559863,733031
2010-01-20,366.9549255371094,375.1473224243676,365.1707220188083,374.5480535121198,674834
2010-01-21,362.4058837890625,372.02836976592397,361.20053085626563,365.0140922292034,745986
2010-01-22,356.8149108886719,360.9281202387628,350.02536922702086,357.52314025946885,1150443
2010-01-25,357.27117919921875,361.60912460132005,351.40099950525,358.20414454324373,853184
2010-01-27,349.9232482910156,359.4299595216192,347.30822456188554,359.4299595216192,867396
2010-01-28,352.9468994140625,357.4687176954265,345.46954575429396,352.75621189179014,1350666
2010-01-29,354.00921630859375,359.5457266728546,344.74765955932526,359.5457266728546,872743
2010-02-01,362.4740295410156,365.014141418325,349.48742540245763,354.1182041351999,946662
2010-02-02,355.43255615234375,369.78115291693433,351.39423121789616,365.0277834219305,785901
2010-02-03,365.8381652832031,367.4657570430524,355.76623246803297,355.76623246803297,873851
2010-02-04,358.90557861328125,368.9638795370154,354.5948666729378,365.89941101455236,840320
2010-02-05,350.8357238769531,355.1804836744302,349.35114149136695,352.57906369537625,501208
2010-02-08,348.3773498535156,353.0013128073179,345.4150267811534,350.04580481276923,769271
2010-02-09,364.816650390625,367.58831320952953,346.5931841997363,348.64980251140213,1163813
2010-02-10,367.9696350097656,372.50508293482636,360.6829696980486,365.69509596916384,1776685
2010-02-11,369.161376953125,375.0928652119338,367.87429695923703,370.32586635551877,1789607
2010-02-15,366.3965148925781,374.47995123088253,363.12772889050905,368.4190844808348,906210
2010-02-16,370.7004089355469,371.8104315367458,365.34095648020485,367.7380859521688,1452155
2010-02-17,374.0168762207031,377.13586542503265,371.9602849696914,373.1996863954039,1442006
2010-02-18,368.7528381347656,375.3653236292172,366.8188102401977,373.1861414424899,756193
2010-02-19,365.2796936035156,370.18967443615355,362.8417274135689,366.3760861063686,704068
2010-02-22,359.68878173828125,375.91012481974644,356.84220666424557,370.4485257418091,639864
2010-02-23,362.889404296875,364.9800439344075,357.66614539934136,359.5661244772381,662831
2010-02-24,360.9281005859375,364.33308037982755,359.1711304735489,361.6090965447155,559185
2010-02-25,362.3990478515625,368.4190779023095,354.2679599889846,361.6090914729769,1153846
2010-02-26,367.25457763671875,370.8706633216421,361.76574627553214,362.9710991914844,2116043
2010-03-02,370.0738830566406,372.91364241688325,365.0140784740179,369.1000811876557,2498388
2010-03-03,375.22222900390625,376.24370947741755,370.0466489227226,370.0466489227226,2150598
2010-03-04,380.0777893066406,381.2150454280584,371.96030352561235,375.91008597151307,1366563
2010-03-05,383.2308349609375,386.1250616787137,381.3580889341705,381.3580889341705,1067911
2010-03-08,384.4224548339844,386.80595403548654,383.1490051170749,384.0819703406637,1201816
2010-03-09,385.035400390625,387.3303577389712,383.019672685024,384.62681894926305,551868
2010-03-10,387.68450927734375,388.9170956481095,384.09565673213865,384.7630225989974,927188
2010-03-11,392.7646789550781,394.5693275985738,387.68445631803485,387.68445631803485,1008955
2010-03-12,393.74530029296875,397.02087409934506,392.25390285903455,393.61589464198045,1115758
2010-03-15,392.0496520996094,393.61593472839064,383.2648015112406,389.52995896343145,602632
2010-03-16,395.13458251953125,397.02093144466033,390.4833591674145,390.89196753614243,679876
2010-03-17,397.5725402832031,402.60511158571785,394.45357817706065,395.6589310868308,1540429
2010-03-18,395.7134094238281,399.74489143464416,393.7657518510811,398.38289953664076,1243915
2010-03-19,396.83026123046875,406.96347377031475,393.88835647098665,406.96347377031475,580370
2010-03-22,393.8883361816406,400.97068316398446,390.7557440911434,394.9779135205047,588154
2010-03-23,388.56304931640625,397.6066867184283,387.214687188889,393.6160401604673,682429
2010-03-25,387.3371276855469,391.5593239804676,385.2396731612364,388.1679475647392,819679
2010-03-26,391.45037841796875,393.46610596523897,388.16796230335564,388.16796230335564,553553
2010-03-29,391.07586669921875,394.56938902640246,389.2848479315838,393.61597841319315,832938
2010-03-30,382.7267761230469,392.5263180626336,381.49416305187594,390.21091586534857,525997
2010-03-31,383.3805236816406,383.94577103174174,380.1321831389086,383.5371627085582,608996
2010-04-01,385.23974609375,387.487024996045,382.0390565514004,383.6189695553129,472394
2010-04-05,381.4874267578125,390.68770175423083,380.03691948353656,384.7630281834273,794080
2010-04-06,383.1150207519531,385.17163902164236,380.6770543985432,382.72004251139396,891148
2010-04-07,393.7590026855469,396.6123926211077,382.747290151395,383.4010528367668,2838420
2010-04-08,387.343994140625,395.52276142265094,384.15011985789056,394.8145320298835,1617297
2010-04-09,392.84649658203125,395.229969419373,386.10463262312874,389.3938375297129,921303
2010-04-12,392.6693115234375,396.85743205841226,389.66609847436087,394.16068196439295,775810
2010-04-13,389.1622314453125,392.93495623968533,387.9364332739056,392.93495623968533,282016
2010-04-15,384.8583679199219,392.84647502189705,383.94584775891366,390.7558082591053,463205
2010-04-16,380.820068359375,384.96732647184217,379.53298825550587,384.8583660268923,664510
2010-04-19,380.6634216308594,385.1716363798767,372.7774870306012,379.96882237823684,517630
2010-04-20,382.8357238769531,386.3973153073822,379.3422024027686,382.71994838350673,609806
2010-04-21,384.9128723144531,386.5336488847229,381.35806798583235,383.67344384545333,427852
2010-04-22,386.19989013671875,390.755756065898,380.83362258464956,381.35800644347614,769517
2010-04-23,386.6766357421875,390.21099463308656,382.8902805749611,386.1250184523284,494617
2010-04-26,387.7525939941406,390.07478470417936,386.1250025051609,386.1250025051609,351509
2010-04-27,384.2181701660156,390.4697241572821,383.4009804321607,386.8059601041102,267233
2010-04-28,381.718994140625,383.4010525292782,378.66131346973896,383.4010525292782,505025
2010-04-29,377.0881652832031,384.62679957925235,374.2756392596243,381.76659494842204,744418
2010-04-30,371.71514892578125,381.0856394058478,370.61191432365973,377.95307376589477,857688
2010-05-03,364.09478759765625,371.71514977861193,362.97113469457776,370.462118132342,477735
2010-05-04,352.6268005371094,367.6018978343943,348.6702031724871,364.51016891326736,733005
2010-05-05,352.0411376953125,355.20777862866225,345.4218649749049,350.71319410426923,1004412
2010-05-06,356.05218505859375,357.9317458448387,350.1683753902563,351.3941735606711,513327
2010-05-07,348.6361083984375,357.59120079254285,345.26517721496134,354.1181242606378,952028
2010-05-10,362.5897521972656,366.14455606619566,349.35118063137435,349.35118063137435,564797
2010-05-11,357.189453125,364.3330821813288,354.7991387112946,364.3330821813288,644400
2010-05-12,354.5676574707031,360.2471499352022,352.7561934465115,356.84216971307006,342436
2010-05-13,358.2314147949219,359.55933146419994,355.48017035949204,355.48017035949204,315256
2010-05-14,359.171142578125,363.5159028677077,355.8887532597614,358.2041288228118,517442
2010-05-17,354.36334228515625,358.8851603617722,350.7132077713779,358.8851603617722,471558
2010-05-18,360.3288269042969,362.82128662637376,348.94255630737956,354.118136300257,495596
2010-05-19,350.89019775390625,360.90084583612656,349.48734239072627,359.56608737108434,304200
2010-05-20,343.6171875,356.9783224268971,333.6882657768809,351.39416089305524,3647496
2010-05-21,334.0899963378906,340.3619951808215,327.0961650141725,340.2257744525556,2513695
2010-05-24,326.1836853027344,340.36203716918817,324.15430059003336,335.74486235614256,1644212
2010-05-25,315.84613037109375,325.5162671025204,304.5688206322189,325.5162671025204,8465598
2010-05-26,250.4432373046875,272.2623674274791,231.54559346665187,269.4021899018891,4796313
2010-05-27,255.00588989257812,257.1442077226475,247.21528759957073,251.96865537727476,1711592
2010-05-28,251.64862060546875,260.4130535838288,249.93251388233654,256.0546898682931,813813
2010-05-31,248.29132080078125,255.29196849247091,246.9565621393107,251.42391326144588,1038676
2010-06-01,243.21104431152344,252.5134355008075,242.57088502811607,248.5636540690371,1359454
2010-06-02,241.9580535888672,247.47411836545382,240.9910128932805,243.79672388968493,692468
2010-06-03,243.73544311523438,247.0450927703029,240.39174500767285,243.79672494230843,836263
2010-06-04,241.41323852539062,243.93293161273738,240.83438792934624,243.1157149259304,461241
2010-06-07,238.64157104492188,241.0727219468592,237.1229401473504,239.71073008061924,399505
2010-06-08,238.38961791992188,240.78672053473633,236.98676243130055,240.39174232798015,473062
2010-06-09,241.94442749023438,244.61394472201954,239.71075200544004,239.71075200544004,698288
2010-06-10,241.03195190429688,243.7968002363037,239.30902963967074,241.75381164456752,907318
2010-06-11,247.82830810546875,249.503551729827,241.75380915870545,241.75380915870545,1667108
2010-06-14,245.81248474121094,250.52499000047212,244.04188436282632,247.88270612047447,448416
2010-06-15,244.64796447753906,246.9156612121806,243.1157034648098,245.7034933312176,861395
2010-06-16,244.10995483398438,245.39021949426015,242.57087888655303,245.145065297299,445661
2010-06-17,242.57090759277344,246.11210799436387,241.66520266585405,245.15869752583384,644886
2010-06-18,239.64268493652344,244.75016900651636,238.51224383445324,244.75016900651636,346052
2010-06-21,243.7150421142578,244.4777382790542,241.07275810277787,241.07275810277787,725338
2010-06-22,244.40963745117188,246.8544188353311,241.78779871690875,243.11574231122205,436621
2010-06-23,244.04869079589844,245.43112798383422,242.5709233297509,243.9465454398716,333687
2010-06-24,244.98849487304688,246.30280834705684,242.9795551989571,244.06915964279426,684646
2010-06-25,244.97486877441406,249.92571359181213,243.79674910209945,244.47774515651196,820800
2010-06-28,247.20852661132812,248.42750973012133,245.15872351744068,245.15872351744068,492951
2010-06-29,244.96124267578125,249.51710881737662,242.78206089260308,246.52071029557302,916384
2010-06-30,248.92459106445312,251.0152573350162,239.02971890173873,244.47768601921703,1115142
2010-07-01,251.34219360351562,253.98445069140197,246.7250453096104,250.74292463181405,815116
2010-07-02,248.84971618652344,253.16724316175726,247.88270241776635,251.28768237374663,341950
2010-07-05,249.02682495117188,251.65545195718977,247.61033914293023,248.56372284952138,213002
2010-07-06,247.8350372314453,250.59306949853683,246.8067147542388,248.56368485445606,434398
2010-07-07,247.7056427001953,249.24469200931122,245.85334224177143,247.88270003998386,248666
2010-07-08,253.67124938964844,255.91852867815194,248.83617925779737,248.83617925779737,2818790
2010-07-09,257.4574890136719,258.45173597278574,254.0116461661032,254.0116461661032,2542859
2010-07-12,259.4187927246094,260.65819409136935,257.4166683198843,258.0976642980865,2155932
2010-07-13,255.88442993164062,261.5026674544514,254.01171102777258,261.5026674544514,256397
2010-07-14,249.1289520263672,259.45966766556575,248.15512315540764,256.0546876248034,868712
2010-07-15,246.5820770263672,251.28774130374933,245.97599287640472,250.60674515285146,316694
2010-07-16,249.80313110351562,250.74291151395025,246.52071474506832,246.58202351066535,339487
2010-07-19,249.01998901367188,250.18447843767174,247.88270602775296,249.7895002182845,135836
2010-07-20,247.392333984375,250.9880005665735,246.6568714218674,249.24463401178127,150677
2010-07-21,249.75543212890625,251.67585632455882,247.8826865388153,247.8826865388153,243695
2010-07-22,248.75436401367188,251.96868312643298,248.0461347100548,249.2446724643199,207494
2010-07-23,248.90419006347656,251.68264055663488,247.2016867524506,249.24467456344283,258685
2010-07-26,247.93035888671875,251.83246206600376,247.33790508770454,249.24467214312958,179095
2010-07-27,249.8848876953125,251.6486462714859,248.01895681009276,248.56373212729622,358003
2010-07-28,249.20391845703125,251.69635200035862,248.5637589036293,249.92575121749883,221265
2010-07-29,251.90057373046875,254.1478792884086,248.018915555699,249.20385016024684,2414222
2010-07-30,249.79635620117188,255.33286725726583,248.57737289019602,251.8325294598876,690109
2010-08-02,252.84036254882812,254.42027540771298,249.10850127436333,249.24469508556368,523288
2010-08-03,256.6743469238281,257.55284541661086,253.05826147728425,253.3306760131292,752298
2010-08-04,255.7754364013672,257.9614331337331,252.67691964108297,256.7356619721313,710750
2010-08-05,256.1908874511719,257.91380927782495,254.10022076784878,255.37369760962505,161882
2010-08-06,254.74722290039062,257.55293466313907,254.28414765976189,256.7357446465633,299294
2010-08-09,259.3642578125,261.5026026226236,254.6926439230614,254.6926439230614,1660161
2010-08-10,264.6446228027344,265.9445378536638,261.52346286405304,263.8660650849269,763555
2010-08-11,264.5473327636719,265.51355279568196,262.89986436760137,264.15111106016406,322754
2010-08-12,261.2801818847656,264.29011936465275,258.72904766786553,264.29011936465275,443348
2010-08-13,260.87005615234375,263.4142613901756,259.3199246855819,260.67543733366665,244836
2010-08-16,273.5980224609375,274.9535353000037,260.81449537843974,260.81449537843974,5120409
2010-08-17,279.5065612792969,285.42216946408325,273.8829362652268,273.8829362652268,2374910
2010-08-18,286.4996032714844,288.9673408006407,280.1391326985248,280.1391326985248,2698215
2010-08-19,297.0795593261719,298.35167549757114,286.7081761440162,287.09048465470755,1431649
2010-08-20,291.15704345703125,298.8313429487457,289.3357986078781,296.82238086749567,1024814
2010-08-23,289.93365478515625,297.51757477045874,288.3417838870608,291.26134121527747,865446
2010-08-24,288.1054382324219,292.65159405219214,287.50761366905465,289.9336397499328,1253701
2010-08-25,286.9096984863281,295.82828568301846,285.97823410806757,288.4806991136725,541337
2010-08-26,284.42816162109375,290.20472181242036,282.3636019335113,287.0905183675792,512808
2010-08-27,280.5145568847656,288.23054106481817,279.0617348872479,284.7270725174797,283001
2010-08-30,284.1918029785156,287.75785311609684,280.8343122763164,280.8343122763164,523858
2010-08-31,280.99420166015625,287.6466289441974,277.4976621888523,283.61484650044525,514422
2010-09-01,284.2891540527344,285.5612429386299,280.8343262763614,281.52946027092145,231110
2010-09-02,290.4619140625,291.81742662327815,285.00510849712634,285.00510849712634,1227629
2010-09-03,290.2603454589844,292.4430567374959,289.17591888730294,290.4897195927344,680887
2010-09-06,293.95147705078125,295.1540551138967,290.4271391314511,290.56616041110885,547921
2010-09-07,305.1710205078125,308.9455755281853,290.73306915481675,294.0418917917616,1665475
2010-09-08,300.7707824707031,311.28121574576056,299.79062185561725,305.8591653064523,1109375
2010-09-09,299.0051574707031,303.91280749295277,297.65660132370266,301.1322714177305,370452
2010-09-13,299.4361572265625,304.46894330240036,297.6566239021046,299.60300480166114,370148
2010-09-14,305.96343994140625,307.3884632386249,298.9078341043184,299.6029680906763,860067
2010-09-15,305.678466796875,309.1958489166853,303.20377199719206,305.85919999893184,914090
2010-09-16,305.66455078125,308.33386439098814,303.80855032123986,305.16406307201885,738656
2010-09-17,310.07861328125,313.20670213822325,305.1640074478684,305.44205001424893,837300
2010-09-20,312.56024169921875,314.2007533590972,310.1689711039647,312.8104855122445,582217
2010-09-21,310.1689453125,314.478769780109,308.77867758125217,312.81045950113014,861758
2010-09-22,306.185791015625,312.0874852717969,304.46881252118607,310.7250164777103,573105
2010-09-23,300.7707824707031,307.9515237704347,299.04684693379846,306.5542992731252,568348
2010-09-24,302.5433044433594,305.41422013163,298.6297017411256,300.2980394582801,655890
2010-09-27,303.1828918457031,306.6655182020848,301.8412648832773,302.3834919178732,1136082
2010-09-28,305.5950622558594,307.6109538644371,302.38354881251684,303.182948890757,422376
2010-09-29,307.3258972167969,309.9604551977264,304.32987287655726,305.85916208788467,583481
2010-09-30,308.6814270019531,309.89096180836947,305.859179120315,307.24944711645094,669973
2010-10-01,310.31494140625,312.6714566228387,308.9455157869953,309.3348083722778,596611
2010-10-04,320.8879699707031,324.6277969278791,310.7251169725272,310.7251169725272,1169082
2010-10-05,320.30401611328125,325.32288786214156,319.75486005277446,320.8879274942607,608179
2010-10-06,326.29620361328125,329.77187433276396,320.4570603067659,320.4570603067659,631037
2010-10-07,325.8790588378906,329.49375029578596,324.2455034905742,327.8184830571738,374509
2010-10-08,325.99029541015625,329.3547431613544,321.5205787291206,327.1372762330843,420471
2010-10-11,326.9634094238281,331.5791030977977,325.3228977557712,326.71316560955484,486918
2010-10-12,323.84918212890625,328.07561038923166,322.68135941798795,326.7200979574448,209924
2010-10-13,321.6664733886719,327.40827759014525,319.9147393098797,323.3764955851647,340407
2010-10-14,325.7051696777344,326.94250287471385,321.8471647695523,321.8471647695523,737133
2010-10-15,319.7757263183594,326.01106171328746,317.8918999807604,326.01106171328746,578387
2010-10-18,314.5970458984375,322.5146343435445,310.7251537470029,320.45703086752167,346305
2010-10-19,316.0707092285156,319.72015594419554,313.08857027205846,315.53546620898334,151578
2010-10-20,309.2792663574219,315.5910982205018,308.3616871548759,315.5910982205018,292333
2010-10-21,312.89398193359375,314.47886894952137,304.1630802304796,310.72515588995526,440730
2010-10-22,313.7419128417969,316.7032088502429,310.8710246522126,312.8104483430864,646416
2010-10-25,316.13323974609375,319.0597534649131,314.20077227198,314.20077227198,248147
2010-10-26,315.4242248535156,318.3715808118414,312.358662298882,315.5910449092961,171143
2010-10-27,313.51953125,315.8690624542305,311.420216361449,315.8690624542305,190819
2010-10-28,316.8283996582031,318.6496447471737,309.4669245889095,314.2007980036315,781961
2010-10-29,311.48974609375,316.9604649565243,307.6664955484534,311.42023544706825,562023
2010-11-01,322.8482971191406,325.0449218786908,312.1154171870102,312.1154171870102,1029247
2010-11-02,329.034912109375,331.16202568810314,320.85316880199144,323.09846146760395,1254297
2010-11-03,333.8661193847656,335.7499183692322,329.49371280900544,329.49371280900544,663940
2010-11-04,335.5135803222656,337.83534031648566,332.44108887549186,333.66450920475705,565789
2010-11-08,337.25836181640625,341.3110138810119,333.80356178852463,334.35964694653904,604258
2010-11-09,341.4013671875,342.7012822372546,336.9316512482717,337.8353446238795,506807
2010-11-10,341.7975769042969,344.0915380891891,339.2256006460426,342.0061363278406,195705
2010-11-11,337.1332702636719,344.7867005864537,335.05479739725695,342.0061646741977,236100
2010-11-12,319.08758544921875,339.22562860800383,311.9763546832197,332.55233142309737,254434
2010-11-15,317.4191589355469,324.41916521425145,314.8958241244984,318.0934505294375,314238
2010-11-16,312.8522033691406,321.1520987238054,310.1967757831096,320.4569647871097,361295
2010-11-18,315.1322021484375,317.66942274759714,313.025930977082,313.5055763429096,250947
2010-11-19,307.59002685546875,318.211682559532,301.1322458424158,314.20076978530454,361898
2010-11-22,313.28314208984375,314.75683355457534,307.94451630789456,307.94451630789456,346337
2010-11-23,310.69036865234375,314.1590821551131,308.77874324130755,312.81052601852133,696259
2010-11-24,307.0756530761719,312.8105013609232,305.3378044314079,310.02996552634073,255801
2010-11-25,300.9097595214844,309.89090224860837,298.2265334559046,307.110366790744,603558
2010-11-26,312.6714782714844,321.01308572729124,297.79559514418236,301.6883562887454,765687
2010-11-29,312.7757568359375,314.4788227200802,309.3556844431041,312.8105121602547,179076
2010-11-30,316.3348388671875,317.12032566558594,309.69629720427133,313.0885432155855,365993
2010-12-01,321.9654541015625,323.02901108933605,314.89593471137425,316.2862027676257,340479
2010-12-02,325.01708984375,326.9912692992555,321.8611743421329,323.2375292103017,212205
2010-12-03,327.7350769042969,328.79863395248964,321.305093652931,324.6278295467976,221725
2010-12-06,326.9356384277344,330.1888632821332,325.4619466786209,327.4083273384555,184319
2010-12-07,326.9147644042969,328.79856329962496,321.84722411718866,324.210695936996,204726
2010-12-08,328.52752685546875,330.1749953151296,325.32294278611107,326.4351682216088,211927
2010-12-09,323.69635009765625,330.175001514391,321.84727871346155,328.10348503892016,642229
2010-12-10,322.4241943359375,323.9326413346798,317.8085004990642,323.23750738325424,339008
2010-12-13,324.2454833984375,330.1888638655851,321.8472560198122,322.8204600995997,197572
2010-12-14,328.41632080078125,329.49376346773147,322.7648679858875,324.2107611246288,114307
2010-12-15,315.59100341796875,331.99617408468845,313.3665804876416,326.01801168165576,258011
2010-12-16,313.0606994628906,315.59099110220967,306.27618091904293,315.59099110220967,353641
2010-12-20,316.3834533691406,317.25932043198276,311.420206679702,312.1153405786067,142304
2010-12-21,322.2920837402344,323.2235757508728,316.9812567077705,320.4569259702421,161480
2010-12-22,319.852294921875,325.3091018779578,318.6496889747724,322.5424510379021,124430
2010-12-23,322.47979736328125,323.9326192487795,320.3179284470784,320.3179284470784,330330
2010-12-24,317.60699462890625,323.2236924836132,315.59110297900077,322.5424440144315,235270
2010-12-27,319.4351501464844,321.84726321104125,317.8224370605637,317.9406161651686,117742
2010-12-28,322.6258239746094,323.65462560763916,318.66355187382743,319.7618641581374,205329
2010-12-29,321.5899658203125,324.599902568182,320.87398983688576,323.23743373471,164384
2010-12-30,322.1113586425781,322.64660154875276,319.7618001132129,321.84024515984504,310343
2010-12-31,325.69830322265625,326.7131916878893,321.29809769020466,322.54934435774453,182925
2011-01-03,327.5543212890625,330.18887950006206,325.32989792412326,325.69832087949754,383822
2011-01-04,333.7548828125,334.48477205567355,326.7131632604559,327.40829718234966,775415
2011-01-05,334.4153137207031,340.6159224720873,328.38155253459803,328.7986164551903,594945
2011-01-06,331.0021057128906,337.55722247520276,327.4221705740368,335.0547296615637,1120061
2011-01-07,332.3715515136719,337.1401792793927,326.09447690414584,330.89090342595654,540656
2011-01-10,323.5225524902344,338.89199631067345,320.6307937416356,332.89299028251367,326383
2011-01-11,321.8819885253906,327.4083047062568,316.8631165446493,323.52945678302694,335819
2011-01-12,335.4232177734375,342.00616206708145,317.22459881800376,321.84724936059615,624407
2011-01-13,342.5622253417969,348.95747947930613,332.96937163183173,335.74990734507963,893546
2011-01-14,341.6794128417969,345.71812399949044,339.38545174061323,343.39639163791225,589683
2011-01-17,339.9206848144531,343.39635390798895,336.4450157209173,342.00608627057466,232192
2011-01-18,336.417236328125,343.1183316732166,335.19381603472385,340.21268785416515,232613
2011-01-19,335.07568359375,339.76784505087113,333.6645458758826,336.4451094213969,145518
2011-01-20,338.78765869140625,340.6158600319185,332.5453391930163,335.0547613100658,144630
2011-01-21,335.26336669921875,339.2117256110517,333.699294580345,339.0865899428733,157009
2011-01-24,333.11541748046875,338.9476036030095,331.3845526180976,335.749975881525,218796
2011-01-25,329.208740234375,336.30605817335277,327.40833738139486,334.22761271599654,325042
2011-01-27,327.49176025390625,334.887990469878,324.238535308731,328.79860448493605,668774
2011-01-28,320.1511535644531,327.4153196330053,314.47885852048864,327.4153196330053,597337
2011-01-31,317.15509033203125,322.1253216430326,314.200777801719,319.76184962174233,294051
2011-02-01,313.9574890136719,319.99820627352676,312.1362165543151,318.1421784902781,241083
2011-02-02,311.4202575683594,317.9545062872954,310.06474486917824,314.5275046794727,316260
2011-02-03,318.92767333984375,319.6228072715573,311.5592426651602,312.1153553097908,348152
2011-02-04,319.5741882324219,323.85621501368036,316.2862078015757,319.06674395833306,432480
2011-02-07,319.9773254394531,322.19481951248207,315.59798980376524,319.9008582302935,146782
2011-02-08,320.59600830078125,328.36761780025824,317.56522852608447,319.7618530181777,373304
2011-02-09,313.10943603515625,320.5821334992157,311.9763684264012,320.5821334992157,169445
2011-02-10,306.2136535644531,314.1729520459112,304.4688759546969,313.50561688573805,403212
2011-02-11,309.62677001953125,314.20075176235804,306.4152573588078,307.94454648331435,247279
2011-02-14,322.3060302734375,327.4082984316047,310.02995031795206,310.02995031795206,504189
2011-02-15,320.9505615234375,332.9694152450259,319.06673485777713,322.2643623453653,452045
2011-02-16,322.118408203125,327.96447996235435,319.7618924304242,320.4570265009894,229062
2011-02-17,324.31494140625,326.5741196237057,321.1520699047747,322.5423376534084,332799
2011-02-18,318.7677917480469,329.354692013407,315.86907684329975,324.76679693048703,310777
2011-02-21,323.473876953125,326.01109809247924,316.28617899426257,319.7479357455339,441326
2011-02-22,323.23052978515625,323.79359897272593,318.9276616293992,322.82042250257973,285697
2011-02-23,316.27923583984375,325.3090488413313,314.5831264644254,316.2861924041946,366907
2011-02-24,311.8164367675781,316.56419510145565,309.9604366312669,316.28615253288706,661989
2011-02-25,312.6575622558594,315.43114148499933,309.5086035456374,312.115362725574,266021
2011-02-28,313.5264587402344,316.981286131229,308.22258777826534,312.81048262911264,454099
2011-03-01,318.8581848144531,319.7618507394755,314.2007789000134,314.2007789000134,237130
2011-03-03,317.48187255859375,320.5821911406345,316.44614167234306,318.37165304810935,266216
2011-03-04,319.78961181640625,321.63868283314025,316.50163205329017,317.67641136553675,214234
2011-03-07,319.852294921875,320.4500921163775,312.98435003197756,318.37164632582295,289054
2011-03-08,318.8511962890625,322.9594456725859,315.86905779096384,315.86905779096384,368599
2011-03-09,321.4927062988281,323.6545752051416,319.7618143618568,319.7618143618568,636260
2011-03-10,322.8482971191406,324.6278304384542,320.6377592296044,321.84729416035555,909398
2011-03-11,327.005126953125,332.78864352439416,321.15209973759676,322.54236761537686,1086660
2011-03-14,330.9465637207031,332.2325656603126,326.69929278622254,326.7131784175995,559075
2011-03-15,331.092529296875,336.44506879415616,322.54236273060667,329.21565944140656,622975
2011-03-16,338.69732666015625,340.33783850623007,331.0925645242259,331.0925645242259,1568685
2011-03-17,338.9476013183594,342.2147396752125,334.22764073848975,337.8354033113038,490865
2011-03-18,338.5373840332031,343.3963922403621,335.3397846079878,339.22558886254404,878427
2011-03-21,338.5235900878906,339.78176600821894,336.1045201740254,338.53054665303426,764942
2011-03-22,340.8869934082031,342.2842179721082,334.3596738765518,337.83537137187767,896722
2011-03-23,342.02001953125,348.47087106605557,337.8353304075475,341.3109999851284,1995287
2011-03-24,338.4956970214844,344.34176726983867,335.40233608395886,343.39638957760485,2051443
2011-03-25,344.66162109375,346.8721590527059,338.56530528620283,343.25051071171134,1329979
2011-03-28,343.8273620605469,347.41425399076996,340.9216908859488,341.51951537308497,1438052
2011-03-29,339.2464904785156,347.2891863931312,338.3428245039246,343.81351630281705,626850
2011-03-30,341.68634033203125,344.6476365579415,337.64762919297436,339.37156454438195,708650
2011-03-31,341.5751647949219,354.47686920046306,339.22563336430335,342.0061693142836,1588257
2011-04-01,351.8631286621094,354.2405136791886,343.3825001079734,345.34279376325117,930402
2011-04-04,359.3011169433594,359.9406534487383,350.63279752005127,352.4401569953108,572120
2011-04-05,355.8392639160156,361.3308240171354,354.532419992092,358.6893099184253,645768
2011-04-06,354.33087158203125,365.1332602944465,352.5026701217412,356.74298445940866,832186
2011-04-07,350.6397399902344,355.86714438250704,349.3259392019286,354.51858826893766,495116
2011-04-08,352.80853271484375,357.2851776678651,347.7062369731004,350.94557596489716,856470
2011-04-11,352.2593994140625,355.7698246453058,349.2633474825307,352.7112186293754,480897
2011-04-13,355.35272216796875,357.27130399512293,347.50464573980105,349.6526291976584,618911
2011-04-15,350.61187744140625,356.4440344307237,348.6793827216506,354.6019475342878,155693
2011-04-18,343.535400390625,357.99419038037985,341.32486313642204,351.7518986787489,495764
2011-04-19,333.7341003417969,346.4550451400459,330.265359178795,344.82844631972694,1036136
2011-04-20,335.97930908203125,337.79362485837146,329.7091905978874,334.49868838725115,614193
2011-04-21,336.8343505859375,339.57317454991625,334.3735692085616,337.0150837664894,482984
2011-04-25,342.5761413574219,343.81347481091615,335.186868462051,337.00115675676017,565328
2011-04-26,347.9147644042969,349.6526129710564,340.7548932005125,343.39640762405975,639604
2011-04-27,343.6675109863281,351.7102337548987,340.9426001512292,349.6526306266545,652819
2011-04-28,340.1501159667969,347.5533020017089,337.8353400344641,345.4540145647339,892179
2011-04-29,340.9564208984375,344.78662727561357,332.2741908346387,340.05971173058657,318554
2011-05-02,343.4798278808594,345.82938676885965,338.53049376921456,340.61589569715613,243112
2011-05-03,341.0607604980469,346.03794839364156,340.3378277575753,343.7161882509108,1010524
2011-05-04,327.8601989746094,340.7549477669172,325.3577054365573,340.7549477669172,476905
2011-05-05,320.19976806640625,329.49370973117203,318.49670227536564,327.40830789724305,609773
2011-05-06,324.39837646484375,326.0180460096795,321.2007767584004,321.9862635572685,400115
2011-05-09,324.120361328125,329.32692363411365,323.2375375528966,324.6278055855094,221051
2011-05-10,328.0339050292969,330.04979605758086,321.8819659855109,328.6595282791986,281802
2011-05-11,328.2146911621094,330.74498332654287,325.7400240158632,329.4937366247975,324763
2011-05-12,320.630859375,336.3061477886264,318.72619003784285,333.3379212122425,856904
2011-05-13,326.16400146484375,329.07662931922033,321.15208625088377,323.9187362591868,284388
2011-05-16,322.9107971191406,329.49371373006215,320.45697234002915,329.49371373006215,206684
2011-05-17,322.09051513671875,326.393410913778,319.3169359947433,324.21762880093564,214636
2011-05-18,320.1024169921875,325.3228637130094,316.8978337017371,324.2662635542555,368592
2011-05-19,311.3437805175781,321.3606555470001,309.6268014856916,320.1789470104972,1051702
2011-05-20,313.9574890136719,316.2792216392915,311.2812190887944,311.5592616799295,323324
2011-05-23,307.3884582519531,312.81050875684485,305.1640350309541,312.80355219279693,428889
2011-05-24,309.5989685058594,312.5046123172967,306.55427591464235,308.91772022272283,146199
2011-05-25,312.14312744140625,312.80350599501725,307.2493915787015,309.5989501166563,194163
2011-05-26,313.35968017578125,317.0091268491106,307.9515425348662,312.1153900246554,751857
2011-05-27,312.8035583496094,318.23256552540647,310.1690002572343,314.33284762562795,259281
2011-05-30,312.06671142578125,314.895915824341,310.2037545418462,311.55926719020465,112991
2011-05-31,320.1441650390625,323.1054339424973,311.4202218106059,313.505623608643,237765
2011-06-01,323.8631286621094,324.9544842846457,317.15507644913407,317.15507644913407,128597
2011-06-02,316.9534912109375,323.487739111509,315.73004340380015,319.76878223413513,218044
2011-06-03,316.8075256347656,319.76183805824144,312.97731858478835,315.59103434405216,178175
2011-06-06,316.8631591796875,318.3716063519768,314.4927579068344,318.3716063519768,71806
2011-06-07,318.03094482421875,320.8393068786397,314.4092972206705,316.2792105702529,190689
2011-06-08,318.0796203613281,321.1521119380187,316.452994234233,317.67644211152935,165479
2011-06-09,316.1402282714844,317.954516830776,314.3398253451959,316.98134017953237,163632
2011-06-10,310.12030029296875,316.9812866379562,309.07065660044395,316.28615271982557,188926
2011-06-13,307.86810302734375,310.0369287236856,306.69332358750444,310.0299721596533,228751
2011-06-14,309.3001403808594,313.08860886771737,307.4232700544396,310.0300298139717,202672
2011-06-15,306.4013671875,312.67148606329414,305.1640336667215,311.42023941448196,260007
2011-06-16,300.3258361816406,305.85910812092993,298.35165718524786,305.85910812092993,442557
2011-06-17,292.8740539550781,301.50764525224014,291.198786775566,300.2981104325451,559664
2011-06-20,279.9376220703125,296.822413637049,275.5791282693492,293.06870099557005,1129854
2011-06-21,284.2265319824219,285.97829359591765,275.537372036354,281.5294201667003,348223
2011-06-22,286.1590576171875,289.8015475242233,283.61485243716373,284.3169429716635,342818
2011-06-23,282.8362731933594,287.60490121726076,281.5294291271187,285.0398540364959,227578
2011-06-24,290.4341125488281,291.3099796570562,280.5562596085013,284.99814922985814,546094
2011-06-27,287.7648010253906,293.83331673834294,287.09050928115187,287.785643220152,539574
2011-06-28,288.37652587890625,290.21864053477475,285.5612346573962,285.5612346573962,400387
2011-06-29,291.83831787109375,293.17991740354523,289.1759335062659,289.59302490050584,657031
2011-06-30,291.3795166015625,295.362630833692,289.1759355047995,294.041873488489,552808
2011-07-01,295.7796630859375,296.8223501257932,284.72703198346863,291.75483776928024,913403
2011-07-04,298.3377685546875,298.9077942954389,294.0418295426871,295.849188665032,284738
2011-07-05,306.7488708496094,307.24938592602297,297.1560180874813,297.1560180874813,821104
2011-07-06,307.8194274902344,310.5860776888634,305.3169617409482,306.56818086744136,341723
2011-07-07,311.5522766113281,312.62974654599776,307.2911203127617,307.2911203127617,451144
2011-07-08,301.2226257324219,314.1729992371795,298.78271383839916,312.7688180637668,370776
2011-07-11,303.5513000488281,304.45496590216806,296.1759128839695,300.29807548050576,991561
2011-07-12,302.9604797363281,307.66652697368124,301.0697239623416,302.93268097407605,243980
2011-07-13,302.4530334472656,305.58807939636375,300.99325473498925,300.99325473498925,318101
2011-07-14,302.9395446777344,305.8591289881232,298.9077901468108,302.52248084503384,360472
2011-07-15,300.4927062988281,305.1361989024301,299.8809961195122,300.8055317004588,494079
2011-07-18,301.4936828613281,303.6903070602754,300.5761039240275,300.5761039240275,257434
2011-07-19,303.3219299316406,304.7469532506473,300.99324066544233,301.68837466242854,346655
2011-07-20,300.1521301269531,305.1640459923504,299.18588259340004,303.7737779922505,295561
2011-07-21,300.25640869140625,302.75887469872646,298.9078525242504,300.29812058264037,288536
2011-07-22,308.7508850097656,309.3347963687331,300.51354441269063,300.6108538070863,855070
2011-07-25,306.62384033203125,308.9038887676763,305.05283906131206,308.9038887676763,356026
2011-07-26,303.7250671386719,309.3348068097392,303.09248731300664,307.80551772237715,541920
2011-07-27,301.1878967285156,305.4073696857325,296.27331718466513,305.15712581528345,529892
2011-07-28,306.7975769042969,308.6118927231605,296.82238692316787,301.1322393782501,835751
2011-07-29,305.3030090332031,311.2394594098364,303.2662758754988,305.8382519374715,419602
2011-08-01,305.5533142089844,310.72512112007695,304.69136013861987,306.01904656970385,480703
2011-08-02,306.5473327636719,308.44504485660116,300.4371051198922,305.72013409372556,570779
2011-08-03,305.8034973144531,307.2493900600079,303.08551591281116,304.74689713315746,351976
2011-08-04,299.8462219238281,307.1520707818602,298.37253033812874,305.85913985897866,334555
2011-08-05,292.8600769042969,297.0517218268023,290.566116154154,297.0517218268023,746906
2011-08-08,291.2474365234375,294.3824821639297,280.1391787781181,280.1391787781181,780807
2011-08-09,299.5265197753906,304.3299038981088,285.00514486254946,288.45301625153195,639410
2011-08-10,293.298095703125,304.42719612272,291.4420678749572,304.42719612272,399804
2011-08-11,291.7966003417969,297.07960208767884,289.9753278685776,293.29809083721614,375481
2011-08-12,291.9842529296875,296.65554387811693,286.7568218729342,296.65554387811693,422259
2011-08-16,291.42816162109375,296.1272516695542,289.59300361540414,294.73698378600744,157061
2011-08-17,293.9446105957031,298.6298161312328,291.4004324099015,293.59705729001695,330200
2011-08-18,291.18487548828125,295.8283959723159,289.5930320783509,292.92968082606893,364633
2011-08-19,289.41229248046875,293.3467382422355,287.80653597727905,288.34177897957517,373842
2011-08-22,293.124267578125,294.87602928863544,284.19179240133474,289.4609356675424,404722
2011-08-23,294.8134460449219,295.9882254113895,290.78166375106224,294.7369788379436,132466
2011-08-24,296.52349853515625,299.3248764753356,291.42120279387217,294.81344870441444,517500
2011-08-25,300.61090087890625,302.38350492265147,294.87605234871484,296.6833842207637,556897
2011-08-26,290.96246337890625,303.77378810050294,288.06374817809206,300.57616059534945,271433
2011-08-29,298.7895812988281,300.2980280012793,291.963351288793,291.963351288793,286118
2011-08-30,303.7806701660156,305.16398130860574,299.7766870760549,304.26028805268004,306792
2011-09-02,300.97930908203125,305.15011280821113,292.25536558143676,303.7737580271657,596857
2011-09-05,305.3170166015625,305.8592162365175,296.12731158629197,297.5245363162599,446776
2011-09-06,303.0618896484375,306.2623911854251,299.6644538611408,306.2623911854251,827773
2011-09-07,311.35504150390625,313.00099219822937,304.15920671986856,305.8121967421776,697121
2011-09-08,315.54730224609375,317.93886497539324,308.0912079102791,312.8743611923058,734930
2011-09-09,303.1884765625,320.75248871333736,301.76057821904,316.532064159049,723880
2011-09-12,304.67266845703125,307.38781777379194,298.24353654664975,305.27760544985813,461047
2011-09-13,305.5941467285156,308.794648170248,302.7172317890335,306.3397590318091,233028
2011-09-14,311.16510009765625,313.57778092908603,299.6855427768512,306.03023060943025,635956
2011-09-15,319.5708312988281,323.5661650582448,306.8251389918092,310.89784971983875,514467
2011-09-16,324.83929443359375,327.5051963622278,317.10184901026986,319.56374955143076,641380
2011-09-19,319.71856689453125,323.55914696882775,318.78303170451903,321.976494319581,249016
2011-09-20,326.3305358886719,327.50524125689157,318.12181608572325,319.9084700533893,317323
2011-09-21,331.4512939453125,333.27311654835586,323.56613365174087,326.3797502696912,311251
2011-09-22,325.4230651855469,329.1862669813337,320.2319373595679,329.1862669813337,661892
2011-09-23,330.4313659667969,338.43611125761174,320.3374984013717,323.04560853298744,614180
2011-09-26,323.4043273925781,332.6259858145083,318.22023814783194,332.6259858145083,480450
2011-09-27,325.2965393066406,328.4900017817226,323.7068473979332,324.22032887470215,200598
2011-09-28,320.29534912109375,327.0832101056407,319.0010863694432,325.5357262670161,229943
2011-09-29,327.9271240234375,334.6305653183896,317.7277811108006,318.92354829657046,1442764
2011-09-30,329.44659423828125,332.0069898613801,320.9002377711641,326.41492533498024,477689
2011-10-03,322.55316162109375,331.725571234303,315.37844614532344,331.725571234303,487371
2011-10-04,323.27777099609375,332.6611960053792,319.45828138582164,321.4981563878402,544188
2011-10-05,326.92138671875,328.2086099131012,321.0831128007944,323.41841680329054,761151
2011-10-07,328.48992919921875,336.9237666875346,324.8744416742065,327.61772037900323,666538
2011-10-10,326.8651123046875,330.3188348788178,323.9952366208782,328.48997289122286,665657
2011-10-11,328.23675537109375,331.9788678548237,326.52043914616814,326.52043914616814,382215
2011-10-12,336.8112487792969,337.6201593677709,328.20860584191445,328.20860584191445,345346
2011-10-13,327.2519836425781,339.6881667403658,325.12769254493134,336.2274049805706,355242
2011-10-14,334.7643737792969,335.805415368231,326.956589685724,330.24851922374916,445480
2011-10-17,328.560302734375,336.08673558866866,327.7865609412049,334.9613056274354,274537
2011-10-18,328.0257263183594,332.4290346228678,326.40086579431346,327.0831519596699,339630
2011-10-19,331.0925598144531,333.97651400769524,327.835799479166,330.7127143445525,425078
2011-10-20,326.2742004394531,331.570834966158,325.3808736649823,331.570834966158,216567
2011-10-21,322.09600830078125,329.47472607738706,320.75249837506925,326.97762895367265,431287
2011-10-24,331.6904602050781,333.2731125779628,323.8545196539741,323.8545196539741,314750
2011-10-25,345.42791748046875,348.2837419803853,331.7115238174213,331.7115238174213,1076316
2011-10-28,359.7351989746094,367.47968392516003,351.9836746961318,351.9836746961318,693498
2011-10-31,348.9520263671875,358.7293473739432,347.4819196813769,358.4550361561336,234985
2011-11-01,350.4432373046875,353.7281272253581,345.3716935803718,348.8465062416236,251414
2011-11-02,348.29779052734375,351.56158967368873,346.54630586985195,349.43025960644195,175362
2011-11-03,352.328369140625,353.75626766808375,342.41738444720954,347.47487749543063,206917
2011-11-04,354.712890625,357.1466616576149,351.70231207366896,351.70231207366896,335689
2011-11-08,354.50189208984375,355.9157398323979,351.9907438007807,354.375295470172,211927
2011-11-09,346.5885925292969,358.73638647948957,343.824195427304,356.62617391438016,414262
2011-11-11,347.7350769042969,351.98363074716355,344.8511230419367,348.8745853598304,289631
2011-11-14,345.0480651855469,351.4209100079645,343.437283485346,346.0891065566059,171817
2011-11-15,345.3857727050781,348.846534817118,339.4771883960263,345.36468254258864,478869
2011-11-16,336.1711730957031,345.7163634133554,332.9144124661059,345.7163634133554,533864
2011-11-17,328.37744140625,341.13721208220284,324.4243158848376,336.31888909167924,483029
2011-11-18,328.3492431640625,330.4594553428026,320.04906969633265,326.6610845504412,202095
2011-11-21,320.063232421875,327.50524988350526,316.85569126066747,324.2906972168361,382668
2011-11-22,323.67864990234375,326.3797204962382,320.04908368335174,322.8627000446346,240442
2011-11-23,318.9025573730469,322.8627218341147,314.1404938314319,319.34570114515316,740484
2011-11-24,325.8943176269531,329.0526101236389,310.21542871672875,317.3760929217427,548971
2011-11-25,319.598876953125,328.7712867576571,315.8989733813565,319.4863311940686,319941
2011-11-28,325.7255859375,326.37974260407725,319.71146803733956,323.4254507893024,162044
2011-11-29,326.513427734375,328.4970158474358,321.89203915199454,325.6763597831121,267642
2011-11-30,329.3622741699219,330.60025018148946,319.27544350795387,324.69166507301424,379551
2011-12-01,341.76318359375,345.1395288008247,332.41492901893696,334.15233517894296,427872
2011-12-02,344.8581848144531,350.35879323335286,339.1817045016154,341.7631900563478,495135
2011-12-05,345.1606140136719,349.9719246456257,341.15824172602987,344.8581733518204,189749
2011-12-07,341.5029602050781,347.4748702191435,339.76555385703637,343.2896140266327,207124
2011-12-08,339.13250732421875,347.5593070078746,336.7901637933347,340.44788794292106,377691
2011-12-09,339.2872009277344,342.27666133185267,332.3234977068608,336.1992455882955,425253
2011-12-12,326.4781799316406,341.01052312058346,322.86973177956656,340.5884973703721,953850
2011-12-13,339.63189697265625,343.2614633701631,320.7525035494025,322.34219520230823,628043
2011-12-14,336.9519348144531,339.1817324116492,334.6799290721759,339.1817324116492,596138
2011-12-15,333.4278564453125,336.93783774211056,328.72207978915606,332.0069695401118,383654
2011-12-16,333.43487548828125,337.55683286939774,330.7408164297693,334.6728510916711,405740
2011-12-19,335.6999206542969,337.6342614678062,325.6763892574612,331.31066256772925,446037
2011-12-20,330.1640319824219,339.03397374504885,327.7865200982067,339.03397374504885,380841
2011-12-21,335.1019592285156,338.1477065548017,331.162885060304,333.49818894491915,412927
2011-12-22,339.12542724609375,340.4478470344431,332.00696970794957,333.4067664541857,390394
2011-12-23,345.519287109375,348.04451300633707,339.32228776906953,339.32228776906953,415072
2011-12-26,348.57220458984375,350.2814816149357,345.9344317464727,346.0610561949156,235050
2011-12-27,348.15716552734375,350.64722358244876,345.37871759860155,348.4666733859391,189892
2011-12-28,345.9836730957031,348.87466696131224,343.9649160492363,347.48193717028266,194124
2011-12-29,353.8617858886719,358.4550169430234,341.43261422755364,345.9343896652492,1240467
2011-12-30,350.1197204589844,352.3846593135963,344.8582533654163,351.6601649050262,395008
2012-01-02,340.1805725097656,350.0001015023301,337.6342276857062,348.0446428976871,193865
2012-01-03,345.3013610839844,345.7796736948703,337.7889789326012,340.58854478652086,526010
2012-01-04,338.668212890625,346.9191391814315,336.2273748426079,346.9191391814315,555199
2012-01-05,337.99298095703125,341.56626080065774,334.11720476559697,339.6037628797349,607447
2012-01-06,340.23675537109375,342.4173050505119,335.24962893863443,339.5966496441706,414599
2012-01-09,343.7115783691406,345.3645959542561,336.5087332161899,338.0984246828472,214000
2012-01-10,345.3223876953125,346.3563896897934,340.166428553229,343.58498165857264,530702
2012-01-11,338.1265869140625,345.16062802035754,336.22738746833414,344.6682646193172,374360
2012-01-12,345.7867431640625,348.8887780617955,336.56511042305226,339.0410901836977,293493
2012-01-13,348.6776428222656,353.376407801322,345.7233511710369,348.18527942934656,629974
2012-01-16,350.4995422363281,351.7023771432357,344.66833460858925,344.66833460858925,217390
2012-01-17,358.0892333984375,360.1431869385691,349.9860206653764,350.014150154669,704943
2012-01-18,348.6073303222656,359.4327315941939,346.79958638744654,359.4327315941939,172880
2012-01-19,353.1442565917969,354.93792163809815,348.8886634290167,350.1477569719738,195867
2012-01-20,350.1830139160156,355.0505567577224,348.35415177425466,352.40577241323916,184850
2012-01-23,355.0856628417969,358.4127884944219,348.8957289214859,349.8734442203088,244078
2012-01-24,349.9015808105469,361.64843805402853,346.2298062670311,356.59801257026857,464190
2012-01-25,349.5287780761719,355.92274139412285,347.1020463400113,352.6870712558122,764501
2012-01-27,362.9145812988281,365.75635519209476,349.7327859444244,350.85824370645383,717574
2012-01-30,363.66015625,367.0365013659968,359.0247175647591,362.75979013282017,455415
2012-01-31,367.5218811035156,371.89002045099375,360.2135008213279,364.3635879501609,670667
2012-02-01,373.8736267089844,376.31446502332903,366.7762867936274,368.29564089425224,638042
2012-02-02,375.2312316894531,377.50323752278916,372.10106773422353,375.0413089406918,885309
2012-02-03,385.296875,388.13864858096116,374.9146187124176,375.47734753158954,1275561
2012-02-06,395.8831787109375,406.553826064856,384.06595560389553,390.76942692385666,1316707
2012-02-07,397.09295654296875,400.14571500317703,391.09291822992776,396.4387999779439,1050089
2012-02-08,402.9735107421875,405.1611003238981,395.04614173460396,397.42365406871534,1101494
2012-02-09,397.6064758300781,405.4424158221973,394.4481828140911,403.6135540434088,257434
2012-02-10,398.6405029296875,403.7472153173252,395.6440029623157,400.7999628214916,474935
2012-02-13,400.7085266113281,402.3474658494295,396.4458934206848,399.8151996931086,300032
2012-02-14,398.65460205078125,404.4576795485625,397.43771644300364,400.2302151631564,209082
2012-02-15,397.7401428222656,403.05085668186535,396.17860842255106,399.5338359275237,494753
2012-02-16,399.09063720703125,403.0508011965477,392.865507155304,393.9065484940876,286630
2012-02-17,404.88677978515625,407.22909542286953,395.8339531284376,402.23492846448806,602159
2012-02-21,400.53265380859375,411.91374421628416,400.0965493730396,406.14583596643547,440114
2012-02-22,392.5911560058594,403.38842598607766,387.1608857804089,403.38842598607766,530015
2012-02-23,384.7412109375,392.5912019693691,380.4715387801486,392.5912019693691,528058
2012-02-24,382.94049072265625,391.7963540053568,380.68256388558507,384.7763639788972,554259
2012-02-27,382.4480895996094,385.45866791212313,377.0248306054943,384.76230317172224,486996
2012-02-28,385.90887451171875,390.66387071719055,382.23006071943513,382.23006071943513,272074
2012-02-29,389.9042053222656,392.4997695349926,386.492691233324,386.492691233324,240721
2012-03-01,386.6052551269531,394.1879467398354,383.78459924211455,390.34736737363,200080
2012-03-02,382.3848571777344,392.49981553248733,380.0214235554301,390.8116287855327,236294
2012-03-05,380.18316650390625,381.245325964199,374.2394139814286,380.6825970818304,351036
2012-03-06,377.1444396972656,385.18435343073367,375.6250857017801,375.91347554489926,471040
2012-03-07,372.509033203125,377.7282916144977,371.46799168743917,375.6110675890511,188641
2012-03-09,381.801025390625,382.6521441523923,372.94516110669593,374.4856053775441,510488
2012-03-12,387.0413513183594,388.2793548193454,381.70954750008883,383.3484866219133,435675
2012-03-13,393.8573913574219,395.87617620191594,389.5455382637033,389.5455382637033,468448
2012-03-14,393.0835876464844,400.9335785675157,391.09296042966275,399.533809685678,416939
2012-03-15,392.760009765625,397.42357791657463,387.9979466813804,391.4868375473645,387756
2012-03-16,388.2019958496094,398.67568124087467,384.6286882646691,393.906606065705,224182
2012-03-19,382.1386413574219,390.8467911919037,380.2886892061757,390.81162237421694,310369
2012-03-20,378.2910461425781,385.74714201678245,376.3215087585021,385.74714201678245,1016395
2012-03-21,383.6087341308594,385.0436718186292,376.5043276728782,378.2909813227037,968250
2012-03-22,380.21832275390625,384.0589298594962,374.91464842594274,384.0589298594962,486134
2012-03-23,379.0577392578125,381.1679517141261,376.3214717868039,378.4387235710904,321004
2012-03-26,371.3695373535156,378.43170882169943,368.7669334746643,377.9182273743593,418151
2012-03-27,368.0635070800781,374.86544557360503,365.20768231399796,372.99437549566966,555620
2012-03-28,363.3788146972656,368.2956040034734,360.7058735886451,368.2885646761169,484513
2012-03-29,366.8747253417969,372.28390597890734,358.03997978459563,362.9638085278639,794993
2012-03-30,369.5758056640625,373.6485436470506,366.4737993175804,372.3261238599689,384315
2012-04-02,368.5136413574219,372.4386365807284,364.3635546083508,367.45854917589946,450237
2012-04-03,371.8478698730469,374.2113036522957,370.02604706039796,372.3824693342741,229859
2012-04-04,372.0940246582031,372.66379289874845,366.4738305108761,370.834930889798,947641
2012-04-09,366.1291198730469,372.38240781210095,363.80085529905523,370.553545972796,261057
2012-04-10,365.8407287597656,368.5769682698861,364.6519727418498,367.5992529634013,372533
2012-04-11,362.0142517089844,365.770414912094,358.1736443923826,365.770414912094,581835
2012-04-12,364.117431640625,365.4890711741872,359.44682346299203,359.44682346299203,236839
2012-04-13,371.4468994140625,375.3367264193894,365.6438219710207,365.6438219710207,411948
2012-04-16,366.9873046875,373.3671896959924,365.0810935752979,371.3976524538058,182705
2012-04-17,374.6051940917969,376.1808071949083,357.3295698189313,366.99434481248403,328126
2012-04-18,374.9709777832031,378.15036144507894,373.78926094687523,374.94985979773566,350129
2012-04-19,375.3578186035156,377.7845783044771,371.75640926880965,375.758782075776,305956
2012-04-20,374.4504699707031,375.3367576286422,370.96861765067575,375.30862813714424,567033
2012-04-23,363.6180114746094,375.4633648417949,362.2534112301049,372.9381379360761,245348
2012-04-24,357.16070556640625,367.4585740074591,356.0634051717229,363.80085037832305,202918
2012-04-25,354.7902526855469,359.33426407712307,349.17005882186277,357.0482075488829,174209
2012-04-26,352.9543762207031,362.1127087340008,349.26151142640174,355.3600178329095,580396
2012-04-27,356.4432373046875,358.59565769518537,348.1852716961122,354.50182979218255,314646
2012-04-30,360.76922607421875,363.2452055058827,355.2193694706417,355.9227736667996,252412
2012-05-02,352.7785339355469,365.3483807793103,350.6401641844834,358.7434044363892,254538
2012-05-03,348.2557067871094,354.32608489108156,347.200586454996,351.8430658341104,183321
2012-05-04,340.1805725097656,348.18531816845837,337.9226453789054,348.1782788402334,155259
2012-05-07,350.576904296875,355.0787080216298,326.1054710814739,334.6447888953554,358761
2012-05-08,347.8687438964844,355.61322857179744,345.2239599769583,351.70231166706316,335774
2012-05-09,346.4901123046875,349.1700932274095,335.5310740276772,340.8699178872164,527358
2012-05-10,348.5369567871094,351.7022890465445,345.371652351102,346.4900428534556,173859
2012-05-11,336.3470153808594,350.4362173695675,333.7233213312815,345.26620623653906,357776
2012-05-14,328.5040588378906,335.5310614280144,326.09137772986355,334.9753718382191,254045
2012-05-15,332.30242919921875,335.5240209432546,322.1593413441767,326.6681563554712,179510
2012-05-16,327.9624328613281,333.7233303893574,323.7068387259801,330.6142842966993,256229
2012-05-17,324.6775817871094,328.34935726223995,323.56620243031097,327.50527766211997,223553
2012-05-18,333.4700927734375,336.6494763478986,319.92250202878375,322.1452603642747,278270
2012-05-21,338.8440856933594,340.1594383653876,333.53337188658264,335.2426486861746,135117
2012-05-22,336.5931091308594,344.30239536649464,332.6821653164974,341.29184534549626,554655
2012-05-23,335.16534423828125,338.6190674006901,329.33410843406267,333.55456203380743,1071430
2012-05-24,336.7831115722656,339.04103872097863,330.88156689398204,333.55450835349706,181273
2012-05-25,334.0469055175781,337.35291385764805,330.8816002870237,334.5392968422953,233209
2012-05-28,339.3294372558594,341.7069493807974,335.88275417217363,336.5087813554516,237701
2012-05-29,335.5521240234375,342.2766569710619,333.41375448738796,337.66934775443343,198142
2012-05-30,331.96478271484375,336.77609394861435,330.6142611764944,336.77609394861435,252360
2012-05-31,324.41021728515625,335.50995780232245,322.20153767135025,331.4512982494628,872412
2012-06-01,315.9693298339844,327.7794846182312,314.984575251121,323.706774715827,326610
2012-06-04,315.3995666503906,320.07017426808653,310.9048309230802,314.97754088969333,329286
2012-06-05,325.14886474609375,326.379829270261,316.8205586540229,317.71388576349887,435558
2012-06-06,328.0609436035156,330.8815999449433,320.76664066405175,326.87218735518024,558355
2012-06-07,324.9588623046875,330.6001458727757,323.7067802055445,330.6001458727757,565640
2012-06-08,324.6212463378906,327.07610758249126,318.1288158464468,324.339867988501,481137
2012-06-11,329.2214660644531,331.41609461495347,326.379720219589,326.379720219589,357484
2012-06-12,335.0176086425781,336.22745505255165,324.97298702024796,329.8968167843808,245691
2012-06-13,333.8006286621094,337.0714672487479,332.00693580532646,335.52395607246535,193690
2012-06-14,330.1007385253906,337.34579222529396,328.7713073140913,335.5239698094078,396472
2012-06-15,349.70465087890625,352.6870721655729,330.3188151335682,330.3188151335682,528693
2012-06-18,344.22515869140625,355.2193653140016,341.9953610162884,350.15486072561396,271608
2012-06-19,348.82537841796875,352.40572525233085,341.84058447559755,342.0023777227888,653706
2012-06-20,351.66009521484375,355.078648629441,342.84643982038654,342.84643982038654,731599
2012-06-21,352.2650451660156,353.6507354462476,347.4889030096325,350.2955080323734,385332
2012-06-22,355.4584655761719,356.4854561581426,338.18287078502027,343.8241544529325,754106
2012-06-25,347.404541015625,357.3295765752033,346.19466689686715,355.4585064174849,367892
2012-06-26,356.6542663574219,358.17362035941755,347.46780471626016,347.46780471626016,396395
2012-06-27,360.4808044433594,378.15032408496796,354.6777272920852,358.0329547175395,585723
2012-06-28,362.0915832519531,365.77039713774053,359.01770637648787,362.61914330405125,381372
2012-06-29,371.5242919921875,374.5630003582953,362.38704890853376,363.09045310766186,554726
2012-07-02,382.251220703125,387.5760138852825,368.8795008345956,371.5383638495364,540481
2012-07-03,379.4234619140625,383.92523683416283,376.04007748512,383.92523683416283,753983
2012-07-04,376.7154235839844,379.6837943320725,374.1198590115297,379.55716988955385,415357
2012-07-05,374.710693359375,379.83852386534375,373.23354740870855,377.0248794076088,591174
2012-07-06,376.6169128417969,379.6345309393632,373.80329614471884,376.88421254917426,816710
2012-07-09,370.5466003417969,375.8995234583145,365.3484590022893,375.8995234583145,364036
2012-07-10,372.4176025390625,373.8525403644583,366.7340823922525,369.5688170492397,431507
2012-07-11,370.7223815917969,375.75875623966783,368.80206412418835,372.80443665596295,423193
2012-07-12,371.9252624511719,373.22656451481697,368.5840852368717,369.99089376674175,99071
2012-07-13,371.1936340332031,375.6039812666863,370.14555332046166,372.80441575564714,102097
2012-07-16,365.5664367675781,373.67668860746346,362.2815190586606,371.17255201326975,194966
2012-07-17,363.84307861328125,367.8314004465856,361.8172824560577,365.7563568172324,168804
2012-07-18,369.6883544921875,371.9744387835412,362.46439045599277,363.9485756752333,269502
2012-07-19,373.1842956542969,374.9146626304491,369.99083357690876,370.6942377274145,121423
2012-07-20,370.6661071777344,375.37892331965855,368.5840242205753,371.4328096307956,180352
2012-07-23,367.655517578125,372.2909566216665,366.1854110203189,367.212373812465,293331
2012-07-24,367.1349792480469,374.9146324210621,365.6507941059617,368.5839955766121,242237
2012-07-25,370.65203857421875,372.37539408764917,365.32023442757986,365.32023442757986,388883
2012-07-26,372.10809326171875,375.6180747608593,367.8947075971288,371.2569744997593,475732
2012-07-27,379.78228759765625,382.65917488603463,375.33674300032135,375.61809355120323,485447
2012-07-30,389.4399719238281,392.2184197369454,380.1198737934122,382.6380612335683,969630
2012-07-31,403.7894287109375,405.8644723423495,385.74710254488355,389.72134572625663,1586663
2012-08-01,407.49639892578125,408.67808784402246,400.3779133406192,403.6135835477964,688430
2012-08-02,410.5420837402344,411.2103190146909,403.75422455603297,404.3169533908534,645139
2012-08-03,409.5151672363281,411.49171597351733,406.0684840353147,406.63822443835284,924343
2012-08-06,410.1411437988281,414.8680384585232,408.02391991070414,410.9289642126823,415487
2012-08-07,412.1106872558594,413.1798860313812,406.18802496403475,408.67104352147,565957
2012-08-08,417.9349365234375,419.22919919332656,411.2174414317651,412.04744228533394,790593
2012-08-09,424.539794921875,428.739128963452,419.9465646382051,422.88680518232974,859224
2012-08-10,421.3112487792969,425.5598311341319,419.2643623885246,424.153022786772,510365
2012-08-13,419.7567443847656,423.44963732736585,415.2197997845646,421.3394247130655,399143
2012-08-14,423.9278564453125,425.55978399679486,416.57729616508936,420.91730583536076,943668
2012-08-16,425.65826416015625,428.9220637163263,423.16820635070866,425.5597970436957,603357
2012-08-17,425.1307067871094,426.5867625008661,421.5081797336051,424.1529914736986,400491
2012-08-21,428.68292236328125,431.1870589964794,423.5058721631068,425.13777205100064,329818
2012-08-22,428.5633544921875,431.8201148594223,426.3054274576313,428.2045991789042,973823
2012-08-23,426.12957763671875,431.1448625437948,424.1178600346887,429.076858138881,272988
2012-08-24,426.4531555175781,427.64188380117923,422.0428077577668,427.64188380117923,301763
2012-08-27,430.6715087890625,431.09764589452533,426.1971955985381,427.6886333287129,311983
2012-08-28,427.3689880371094,431.8078198677733,423.4273395321151,430.8135094016894,327180
2012-08-29,427.5110778808594,429.3931154953273,424.7838454180635,427.36901345395006,565173
2012-08-30,422.7029724121094,428.9670393037025,418.548240760854,424.8478167387332,999182
2012-08-31,424.6772766113281,426.1261257385713,420.44442008968224,423.28525886781347,234006
2012-09-03,422.89471435546875,426.1261815303641,421.29674935670846,425.8349733243033,145544
2012-09-04,421.1405029296875,423.13620354453246,419.1661527155644,420.4516153948166,238886
2012-09-05,415.6931457519531,420.97000895932564,413.0298802644131,419.16609698658846,298853
2012-09-06,416.1689758300781,419.4501667579517,410.0754037604109,414.7698786479029,770639
2012-09-07,422.4046325683594,425.4727408513055,417.7598536271454,419.02402189067,231375
2012-09-10,422.84490966796875,423.28523347178293,417.752700002384,423.2781541302899,263060
2012-09-11,428.9243469238281,430.3163646638435,419.322287156371,421.871945852786,523780
2012-09-12,427.9797668457031,431.5237079278953,426.1332103799033,429.6771795547225,272658
2012-09-13,431.2325439453125,431.80071734773776,426.836356673514,431.3674728378637,453328
2012-09-14,441.892822265625,443.3132418055325,433.3915992394478,433.93847846066893,553838
2012-09-17,440.0462341308594,447.43243206529706,437.6315323228982,443.1711737505695,397645
2012-09-18,441.7578430175781,445.9480829919995,437.5320939633375,440.3232087705799,645191
2012-09-20,441.828857421875,444.12992443395365,435.5008809997194,435.5008809997194,253669
2012-09-21,459.61248779296875,463.64647618112366,440.3373801938744,441.89272830322426,801694
2012-09-24,454.9891052246094,460.2162446905028,454.1936624081295,460.2162446905028,587020
2012-09-25,461.71478271484375,465.54282487316465,455.10984031606705,455.10984031606705,511609
2012-09-26,458.9378356933594,464.95330983423713,454.68365687185053,461.7786744689729,547979
2012-09-27,462.0059814453125,465.11667824570316,458.1211079771248,459.08701683730567,1109893
2012-09-28,470.7628479003906,475.62778863090017,463.37665005608426,463.37665005608426,540235
2012-10-01,482.0764465332031,484.2213186057285,465.3368366890661,465.3368366890661,487760
2012-10-03,479.4771728515625,485.6417630561722,477.5524906903224,482.80092409550474,725215
2012-10-04,482.62335205078125,488.3689122921805,480.3151494531423,481.38047805091827,514493
2012-10-05,477.5666198730469,488.0564628782783,403.99596344196055,481.38047487754665,1000213
2012-10-08,468.58251953125,479.02261187923096,466.75020580256563,475.55682406021043,259942
2012-10-09,470.1804504394531,472.4317935461977,463.0570311702478,469.4631333083374,390957
2012-10-10,469.0369873046875,477.11204366691413,466.45181971857966,466.45181971857966,471571
2012-10-11,475.2939147949219,477.4032777139948,469.11513834512226,469.45601426952936,299728
2012-10-12,481.252685546875,485.7838017994033,474.56248223048544,476.6789246841284,333032
2012-10-15,486.16021728515625,487.7723971563565,479.5340085617299,479.5340085617299,290272
2012-10-16,492.0975646972656,494.02224687121645,487.1971427411172,487.1971427411172,1018320
2012-10-17,497.0335388183594,498.5675648578869,492.097551724466,492.8858870488117,1834603
2012-10-18,494.27069091796875,498.2478757644011,488.7523448365973,497.85014042418476,769654
2012-10-19,484.68304443359375,495.4427477136797,483.0069817479671,495.4427477136797,437282
2012-10-22,485.499755859375,488.6246676665701,482.097850718916,484.82502706846907,367743
2012-10-23,482.9429016113281,487.2041595333854,480.58497522108803,484.5053572308908,387963
2012-10-25,486.07501220703125,490.32913516096585,479.81805338037617,481.2384728742536,720471
2012-10-29,480.2157897949219,489.4201159531104,477.97152560374565,483.36913156003243,272113
2012-10-30,468.8311767578125,483.4473249438106,467.8510809295473,481.3806060177096,378449
2012-10-31,470.5853271484375,474.8182123320451,468.7387985498649,469.4490083399229,267311
2012-11-01,475.73431396484375,477.49560931819303,465.897905300616,470.37932546541657,209911
2012-11-02,477.5169372558594,480.7981563416197,476.55105648011784,476.97722166445845,345793
2012-11-05,474.6761169433594,480.031134124802,473.72445100044393,477.5453858282813,285431
2012-11-06,477.2541809082031,482.942937906659,469.1151568768469,474.71157340985127,500942
2012-11-07,483.26971435546875,485.1020280933249,473.56820530617307,474.1364068525652,668897
2012-11-08,477.2186584472656,481.6930277604944,475.6206934862237,480.97571055443194,449984
2012-11-09,477.5169372558594,481.52255287711125,474.5624916324755,478.18458668044997,223754
2012-11-12,476.7286071777344,479.9174011730702,475.13058623129194,477.5453160054359,117405
2012-11-15,459.03021240234375,470.86943016672035,456.2887930481452,470.86943016672035,459057
2012-11-16,451.6440124511719,460.06000217075206,449.84717982398024,458.7958057845753,583358
2012-11-19,450.33721923828125,454.52745973992336,448.85999638373545,452.8158600735056,267726
2012-11-20,449.05169677734375,451.2107274733642,447.3756064187851,450.41528476175756,598944
2012-11-21,451.5943298339844,456.23910931065933,446.72228096995565,449.5631202192467,263021
2012-11-22,460.4931945800781,462.17639243620135,450.2732653312882,453.11410417237585,180553
2012-11-23,451.8641662597656,461.1963126202361,450.5573814719019,460.2162170061813,198434
2012-11-26,454.5558166503906,457.91513301203395,450.2732641881531,450.2732641881531,335320
2012-11-27,455.82000732421875,460.2161944090901,454.48482095476294,454.5558391154679,304964
2012-11-29,469.8040466308594,472.1477302480699,456.27455304845284,456.27455304845284,744839
2012-11-30,477.318115234375,481.380534301644,466.72179986578317,470.1592140964691,462712
2012-12-03,471.94891357421875,483.653145452448,470.3012247181068,477.2612858389066,326338
2012-12-04,465.73455810546875,476.79965427604213,465.1877070114618,474.4204334369565,409006
2012-12-05,467.794189453125,471.7784546658136,465.8979369898497,467.3183565016738,407788
2012-12-06,467.6095275878906,468.4546662250086,458.085592751529,467.318347493032,704438
2012-12-07,461.3880615234375,468.7458296971049,460.35827007541843,468.73875035496286,456231
2012-12-10,454.7618713378906,463.1139227225719,451.83577104937444,463.0570913312983,791947
2012-12-11,455.8484191894531,460.7843781174914,452.4465143708118,455.9549464328987,398430
2012-12-12,447.81597900390625,459.9108672459937,445.3160440164136,456.11833419981394,699836
2012-12-13,445.5220031738281,449.7832618552943,443.18542676221296,445.7421651155146,521532
2012-12-14,446.21087646484375,448.5616675245407,444.02341594077154,446.0475178365916,522413
2012-12-17,452.1838073730469,453.54031629101394,445.6143734890269,447.37569723309423,273889
2012-12-18,458.8668518066406,460.20917387484747,451.8570943786306,452.43945460787864,382837
2012-12-19,459.28582763671875,460.9832403548243,456.13251451618,460.9122221933703,247759
2012-12-20,458.54730224609375,461.3739267353184,454.67664316546853,459.2930211737853,343674
2012-12-21,456.1040954589844,461.3170477542784,451.9635792305402,456.6651614217119,518246
2012-12-24,450.5289611816406,459.34979380051624,448.5403682646706,456.23906891757144,798992
2012-12-26,450.30169677734375,452.6880251595857,449.1440557157695,451.267605645042,332572
2012-12-27,446.2605895996094,453.8101463904655,445.3373253648101,450.98349420603626,335547
2012-12-28,446.2677307128906,451.0829761525015,444.7762929546503,448.00065272371774,381301
2012-12-31,450.2022705078125,450.8982653847607,446.05464670851865,446.7080250676735,687938
2013-01-01,454.4564514160156,454.6411042768339,450.77047354255694,450.77047354255694,512426
2013-01-02,453.46209716796875,458.66083428280587,452.5459123517976,455.9549244407668,384859
2013-01-03,451.2534484863281,457.94362469359544,450.2733527155683,454.54882667634223,296876
2013-01-04,453.0430908203125,456.61546171370355,447.43243124033654,450.9692930524684,365268
2013-01-07,452.354248046875,455.50045409038,451.2676251049069,454.53457327365953,639228
2013-01-08,452.0345764160156,453.1140917749777,447.67389846574946,452.36126556971925,230701
2013-01-09,448.8031005859375,453.270333778033,446.02620069679125,452.0132730449921,492485
2013-01-10,444.16546630859375,452.2263650657296,440.3303449744197,450.84145467704457,670401
2013-01-11,431.29644775390625,444.43534159208343,427.6885958684937,444.43534159208343,622618
2013-01-14,434.883056640625,435.6429622577373,426.28238587162735,431.8078408111083,299708
2013-01-15,438.17132568359375,440.04625583675016,426.2753052783681,434.6486785607622,849438
2013-01-16,434.8972473144531,442.4609911185606,433.3774079739837,438.76790597156787,241725
2013-01-17,437.3616943359375,439.03778496175823,426.8363969450504,432.8021480018073,280551
2013-01-18,433.51239013671875,442.034908335044,431.8149770775729,437.4895765329903,340848
2013-01-21,430.3447570800781,435.9270146968482,427.75958935909904,432.41147538851175,522769
2013-01-22,429.2155456542969,433.7964138225705,428.2496649249985,428.61186317532844,206217
2013-01-23,431.7367858886719,433.2282234405329,428.9669652658938,430.2453202441842,194714
2013-01-24,422.994140625,433.00101662951846,420.60784019736514,431.807866415701,424729
2013-01-25,428.6473693847656,430.08911112684535,419.02401505255597,420.58649890814587,245827
2013-01-28,426.95709228515625,431.0550203320979,425.4159587247254,427.5465880220833,397665
2013-01-29,426.0977478027344,433.2140604823086,418.00136753780305,424.4500588636923,368579
2013-01-30,431.665771484375,433.75381230366446,425.842057167882,425.842057167882,187689
2013-01-31,426.9642028808594,439.5420316914203,422.14898568986087,431.6657853847858,923312
2013-02-01,427.7951354980469,428.96699139988505,424.20857772051954,426.13323178608107,231550
2013-02-04,423.3208312988281,432.3760126814819,421.8648746157743,432.3760126814819,302625
2013-02-05,427.6246643066406,428.25677653110773,417.10647533393035,421.01261480555513,476263
2013-02-06,430.4087219238281,431.786524938487,423.57651014741714,425.45854776927575,675611
2013-02-07,434.542236328125,435.756680918088,428.96708445336895,429.67729434647225,716913
2013-02-08,427.9371643066406,435.84181176678766,424.79803787709835,433.2282422204574,203054
2013-02-11,431.42431640625,433.49814236050236,421.2186014570022,426.4102316387885,535685
2013-02-12,431.80072021484375,434.64866658815004,427.7525162998908,430.23115698232556,745591
2013-02-13,432.5251770019531,434.2083750409515,428.25681084187266,433.2424661322313,822925
2013-02-14,436.523681640625,438.90998216484957,430.884591453812,432.5109862851062,339844
2013-02-15,430.2098083496094,434.82618538824823,426.45992028344483,433.9384302974961,264252
2013-02-18,429.9045104980469,432.653009240302,426.59491763619417,428.9670313078857,212283
2013-02-19,431.56634521484375,433.2140340533659,426.26818787681754,429.81923656455854,129835
2013-02-20,434.95404052734375,435.9270286594843,429.0095564007281,434.080472201747,1535717
2013-02-21,427.7879943847656,438.46956936942104,424.6985920955739,432.09897643192505,761779
2013-02-22,428.8533630371094,432.5180464682672,426.30370413692964,428.28518961897856,301439
2013-02-25,429.32208251953125,430.81352016328503,426.410225396714,430.24534675313396,429719
2013-02-26,432.9371032714844,434.6487029756852,426.1261854471215,426.1261854471215,610895
2013-02-27,428.15020751953125,434.5634171942441,426.12613373088243,434.5634171942441,238200
2013-02-28,419.862060546875,433.228223311055,414.9047794544312,431.36745199643656,1124753
2013-03-01,422.4330139160156,427.17721244002405,412.77415080901096,416.0411266491343,710906
2013-03-04,415.3522644042969,424.5636687104829,412.0639660613943,420.4444466038995,614550
2013-03-05,427.4542236328125,430.88453014832737,412.348059107697,417.4615635167282,285483
2013-03-06,430.71405029296875,431.6657160633178,424.76959462118344,429.67715149784584,906307
2013-03-07,429.6629333496094,430.7850651609402,426.42438745180186,428.25672891470117,1513132
2013-03-08,430.153076171875,433.3703285710418,427.83068644590975,427.83068644590975,810923
2013-03-11,431.5237121582031,432.92283736737767,428.2780585577539,429.10901038014117,273863
2013-03-12,431.03375244140625,434.506704198829,428.42728985693344,431.8434102177515,562490
2013-03-13,424.1943359375,432.37597633368455,422.5750488455804,429.6771738780275,484092
2013-03-14,425.7284240722656,430.24535359267173,418.02975149706225,424.4216392544586,187727
2013-03-15,423.08648681640625,429.9258064241071,420.4729169705908,426.12619378403923,617453
2013-03-18,418.818115234375,424.54951758252264,415.47301331590046,420.0254803203904,201311
2013-03-19,410.7217102050781,421.0126589892311,407.66070903542385,421.0126589892311,469115
2013-03-20,412.7386779785156,416.17612017952774,403.25028009715913,413.17192250597134,511869
2013-03-21,411.2259216308594,415.0965519439284,408.37086789545896,413.3494433454999,933571
2013-03-22,410.73590087890625,412.7812971310664,408.3992964306454,409.8268233923331,602074
2013-03-25,406.95751953125,415.04681899693344,405.5583944350048,415.04681899693344,313765
2013-03-26,401.2048645019531,409.7912919234725,398.4279363325624,408.6549732199582,736388
2013-03-28,399.6069030761719,401.2616994496491,397.7106505473592,401.12677054748775,384840
2013-04-01,399.0103759765625,401.4037558062185,395.72918471495404,399.6069230055632,375890
2013-04-02,397.7958679199219,399.70633524430013,395.30301230477977,399.138161823785,439991
2013-04-03,394.4294738769531,397.7887623700944,390.9849523471735,397.42656410332455,535634
2013-04-04,387.16400146484375,393.1723684436271,383.6555693508423,391.3258400113252,346033
2013-04-05,385.74359130859375,388.93952110678015,382.73228626545887,387.0645909824811,311153
2013-04-08,388.47796630859375,390.61570332148386,383.66274852192385,385.6797433974953,1030620
2013-04-09,390.6155700683594,393.1723078326246,388.21505538379967,391.311564817452,434929
2013-04-10,389.465087890625,394.08857282030414,384.933971526074,394.08857282030414,357069
2013-04-11,381.58892822265625,391.98640521453405,378.7907052677559,390.61570943596934,361049
2013-04-12,388.0020751953125,388.7690882436214,380.67268020879675,380.67268020879675,153243
2013-04-15,397.3981628417969,398.4705990339034,382.94540310687455,384.3800094990763,549587
2013-04-16,402.3270263671875,403.2573980852369,390.8997311049616,393.4564975402268,252541
2013-04-17,401.6168212890625,405.38803216036314,393.47068892218374,403.38522427127003,341263
2013-04-18,400.38104248046875,405.76443305446344,398.0728396775585,401.97900742661477,233689
2013-04-22,402.71051025390625,406.9291804004821,399.2802035642349,401.24750230362736,546113
2013-04-23,407.6891174316406,409.79134523166044,398.28595181769697,398.28595181769697,336746
2013-04-25,423.7397766113281,426.12610466475024,409.08104474629005,410.50146406510964,1341781
2013-04-26,414.2940673828125,424.9543215302724,411.96457031213544,423.99554815860824,371476
2013-04-29,423.4486389160156,424.4571361714241,414.81248746984966,414.81248746984966,131727
2013-04-30,416.3182067871094,423.5694490181244,415.7571407290593,422.3123598950708,239580
2013-05-02,418.80389404296875,423.2853147165656,414.76279725770127,414.76279725770127,278866
2013-05-03,418.3280334472656,423.1219562244872,415.5795068591756,415.7570803639827,304485
2013-05-06,417.6035461425781,424.98974319925793,412.6320786995265,418.32797064519144,521188
2013-05-07,428.73260498046875,429.6771914972074,417.61781298146155,417.61781298146155,490988
2013-05-08,431.34619140625,433.22825707860153,428.9669985730965,430.3874180749315,334821
2013-05-09,429.9613037109375,431.80075296248145,426.8647935281061,431.09765060951344,420587
2013-05-10,428.6402893066406,431.80784564345186,425.00403554070624,431.09763587926676,227228
2013-05-13,427.8377685546875,434.64868611484206,426.0693375273958,428.96700798286923,155408
2013-05-14,428.5763854980469,432.51806239463207,426.88608005160233,428.299392167562,191538
2013-05-15,430.8916320800781,436.06907524409615,427.65308588399915,428.96697807430473,410983
2013-05-16,438.5477600097656,444.3856895276595,430.8135498490376,430.8135498490376,612904
2013-05-17,444.1583557128906,447.71648348190735,438.63290132423003,440.33031399040345,622307
2013-05-20,444.4637756347656,448.85285544374,441.9070093864338,444.02342369279535,237863
2013-05-21,435.0108947753906,446.9850412759679,430.38743779380167,444.5916334629393,315826
2013-05-22,433.17852783203125,440.33034920694297,432.1061198299656,432.1842454299484,320745
2013-05-23,416.26129150390625,432.9441260969735,413.7116327766629,432.5180171317488,446873
2013-05-24,420.3875732421875,424.70566234571515,412.1633452697581,417.79529829330926,344529
2013-05-27,424.96142578125,425.84207354209,413.498621463842,420.44446801137826,366862
2013-05-28,421.8578186035156,425.8065749390437,415.9630576570801,423.32085470998794,262036
2013-05-29,410.9205322265625,424.69861776769574,409.79129286267585,421.2967128989439,360154
2013-05-30,419.222900390625,422.43304508372586,408.17201872125264,409.79130593797646,616332
2013-05-31,405.3951416015625,418.3351690157325,403.83265759142677,418.31384670926,216515
2013-06-03,396.09844970703125,408.1791227701458,393.04455624065673,405.8496258240267,399233
2013-06-04,390.6582946777344,400.4165791959024,389.19525852968764,396.8655301301782,248815
2013-06-05,393.67657470703125,394.86261719467984,387.9167721252527,390.05450843213134,340790
2013-06-06,394.4649353027344,397.5756598379244,389.4721453094969,393.4422232645193,273163
2013-06-07,395.111328125,398.470645341913,391.4679662820609,393.4565595905876,261705
2013-06-10,395.28173828125,398.8540814388866,392.67527594150744,393.82580961892154,173087
2013-06-11,396.6240234375,399.9904194469564,390.61565606222024,394.15249005643346,646856
2013-06-12,394.9265441894531,398.56282548189296,392.0644113652166,394.8768483357589,396570
2013-06-13,390.11138916015625,393.4564909202587,387.78899957547856,393.4564909202587,505693
2013-06-14,394.9053039550781,396.29732180865216,389.6710572497491,392.32013596776324,217364
2013-06-17,398.8043518066406,401.69491467270495,390.6156316691293,397.2702976691091,294504
2013-06-18,395.2462158203125,399.8483784668504,393.59852691873857,399.8483784668504,470172
2013-06-19,395.8143615722656,397.3484156805055,390.6085167758487,394.16667278591063,414774
2013-06-20,390.77191162109375,393.8684217709282,384.22377238466777,392.0360799743943,816334
2013-06-21,395.3101501464844,397.5757365676855,386.52485398969577,387.77483561097546,292366
2013-06-24,391.2477111816406,395.1609580314553,385.43107643636193,392.74625621968613,592431
2013-06-25,396.88677978515625,398.8540503524229,388.34294067946456,390.61563430047147,198829
2013-06-26,395.7149353027344,398.71202552080626,391.3258553174441,397.52598281682657,540280
2013-06-27,391.31158447265625,400.5585248207371,386.3543317748333,397.7176862115563,351302
2013-06-28,392.0218505859375,395.3030134717336,390.61564594706175,394.8769044745611,515524
2013-07-01,398.15093994140625,399.13814296870555,392.1070639419694,392.1070639419694,317926
2013-07-02,397.39105224609375,402.7176113314909,393.0658549173774,396.2973219256321,447489
2013-07-03,397.6751708984375,398.90383025753187,392.35569054035005,394.87694808928,377549
2013-07-04,397.28448486328125,401.26167058479814,392.8882975946129,398.85404808426017,376544
2013-07-05,398.584228515625,400.5586066959009,396.15531157015135,399.13818710097325,219055
2013-07-08,398.0799560546875,399.8483871158218,393.74057177001333,396.29023077998147,227636
2013-07-09,399.0316467285156,401.2545884324118,396.8157843673304,399.8838928389315,273047
2013-07-10,395.07574462890625,401.03441599577144,392.6752575674693,400.025918704773,358865
2013-07-11,401.41082763671875,403.38520569305774,396.3044304696218,398.712024957241,196457
2013-07-12,399.38677978515625,402.00745721885204,393.74061007947466,401.6239365962056,358871
2013-07-15,397.7461242675781,399.1168197514236,395.05442915803854,395.05442915803854,137495
2013-07-16,397.9875793457031,398.9960765085722,393.45643550073135,394.1666451660283,276481
2013-07-17,394.5999450683594,401.1267904104685,390.7719307367872,398.42088005680677,311426
2013-07-18,398.41375732421875,399.1381819835435,391.3471685254243,393.4565036766789,278063
2013-07-19,400.0827331542969,401.2687758108044,395.43795424570953,397.44784130745506,242153
2013-07-22,398.8043212890625,401.4108114848798,395.4947568964105,398.3000867120462,339338
2013-07-23,397.2205810546875,401.96477988211245,394.87689733472814,400.984712350759,270901
2013-07-24,397.6182556152344,400.1963440150573,388.9253014537585,396.1552478275239,538096
2013-07-25,383.71240234375,396.86551221081584,379.8204493723308,396.01323799941906,793755
2013-07-26,382.4765930175781,387.0645684806195,379.9624433686467,384.94812615142575,138266
2013-07-29,385.6512756347656,387.05040099870394,376.41144094374687,376.41144094374687,89551
2013-07-30,383.7904968261719,389.90541912003584,382.6612574663775,387.0645802260923,134294
2013-07-31,380.0426330566406,385.3553175182106,376.1945433589203,384.14201602355286,282871
2013-08-01,378.1114196777344,382.6558832305862,374.87354477228615,378.061155345939,179030
2013-08-02,364.7794494628906,379.9277549872126,362.55387562518627,377.6303627953268,261822
2013-08-05,365.52606201171875,367.72292539195774,355.3745710199378,360.7805701699194,350835
2013-08-06,351.43316650390625,365.8563595480785,346.7594358361911,365.42559140797295,340433
2013-08-07,344.2898254394531,352.8475415364064,337.72075955931564,348.90610768790987,703569
2013-08-08,349.5664978027344,356.8104102399181,344.29692252353954,344.92869110350875,472680
2013-08-12,345.8620300292969,352.3449357139663,341.73393714768395,349.95422793270063,510151
2013-08-13,350.6721496582031,353.22080665743243,339.20682809610867,344.605642867407,497689
2013-08-14,346.50823974609375,352.7757484606653,343.8949768795219,350.679413144382,414035
2013-08-16,334.9710998535156,348.6261022589908,330.8214808047626,346.4723180927034,863942
2013-08-19,334.27471923828125,336.70847854344015,328.66769016069736,336.70847854344015,360439
2013-08-20,333.45623779296875,334.963883728026,325.9395337462146,332.38654468538283,634517
2013-08-21,332.42242431640625,337.22536545829774,329.4358428882055,334.26749433278997,2084436
2013-08-22,330.4624328613281,334.98539853488455,328.8112072015745,330.24706300951425,446005
2013-08-23,329.9384460449219,333.0039741247917,323.7857790609154,330.60610976284255,360550
2013-08-26,332.6593017578125,336.70841974723743,330.247068504008,331.6829243358368,506684
2013-08-27,322.5221862792969,330.96503197247443,319.7653439219602,330.96503197247443,528284
2013-08-28,319.1048583984375,320.62684526598605,305.11958957492845,319.90891728765797,1400328
2013-08-29,330.48394775390625,344.5625586462091,313.8926602741243,320.91398983528484,3038422
2013-08-30,324.51806640625,328.3302611254314,317.324416747543,322.34991296235927,642067
2013-09-02,327.3467102050781,330.93635048280134,320.1027959621026,323.78578023407357,294887
2013-09-03,311.7101745605469,329.3855832094693,309.1399918778534,326.69334624120125,522082
2013-09-04,313.6773681640625,318.2936508262267,302.34128280900956,308.7093203159252,326377
2013-09-05,330.5055847167969,333.8367754626496,314.68245707192614,317.32443006389286,431339
2013-09-06,339.09197998046875,358.53345482170323,327.2533111356419,330.5342653675934,771481
2013-09-10,351.7706298828125,353.07724700353856,342.02116641931053,348.7696787139023,708359
2013-09-11,368.25421142578125,369.9341758788123,345.7543365840404,345.7543365840404,629293
2013-09-12,359.6606140136719,369.9126344980211,356.0925281946666,367.86653552674346,281472
2013-09-13,362.97747802734375,366.1435345347289,352.1223987469532,352.1223987469532,318943
2013-09-16,354.5920104980469,374.758625712255,351.7849325241514,367.1485784845261,264038
2013-09-17,361.749755859375,364.56404684264373,352.77564296058694,354.97969097257896,563682
2013-09-18,374.58642578125,376.9125002820274,360.7949991516805,361.5488222211853,443503
2013-09-19,398.4431457519531,400.6041144625318,376.9340157083532,380.50210173927945,1253869
2013-09-20,405.0480651855469,408.4582302341893,390.98384991165415,398.44313336359994,922165
2013-09-23,397.0216369628906,410.5115038336928,394.8606683726951,400.89843665049204,393025
2013-09-24,395.7221374511719,404.1793230158971,392.99400574695767,395.69342715062476,532717
2013-09-25,393.6042785644531,398.45029936456666,390.7540923694178,391.9889477637238,345670
2013-09-26,383.91943359375,396.2965278373747,374.952504345125,392.13253988536724,754787
2013-09-27,384.8886413574219,392.1325550990525,380.9759465045659,387.394218901222,257007
2013-09-30,379.9349670410156,385.3625213937332,377.2427580924182,383.94819089284243,195945
2013-10-01,377.23553466796875,383.6609916174807,375.6489140893279,380.4877504601989,180307
2013-10-03,390.0433349609375,392.8504414012464,376.2303856917355,378.2046945977396,503113
2013-10-04,387.4372253417969,397.71077004041473,385.527521872219,389.4833240315208,696343
2013-10-07,384.9747619628906,390.32334068762503,379.78413249519105,386.24548389826253,181746
2013-10-08,388.5931396484375,389.7921001136716,382.8138207900592,382.8138207900592,633610
2013-10-09,388.3849792480469,391.27106072276206,382.6558959561698,387.6814205691522,533540
2013-10-10,396.6052551269531,397.4882886791089,386.4393650802986,390.5531172397724,494111
2013-10-11,392.6997375488281,399.16827459085584,389.83521006216813,399.16827459085584,314329
2013-10-14,393.0227966308594,395.7222185880019,384.8240588858783,392.69974178813914,402694
2013-10-15,391.5079345703125,397.60315201709636,383.37380276506036,393.7550625291079,694088
2013-10-17,389.67718505859375,393.0945059652727,387.2721081310615,389.1315473586268,658632
2013-10-18,394.0566101074219,397.01448151972176,389.3541687679746,389.84954222864167,521914
2013-10-21,390.8474426269531,396.9857111274639,383.905058453858,393.726339170942,591802
2013-10-22,390.2802429199219,392.70684547064775,387.6813501681982,388.44951399496404,302184
2013-10-23,386.9849853515625,391.33563282450876,383.37379147644424,390.6894948118592,415429
2013-10-24,387.8177795410156,394.2432362347983,384.80964405095307,384.80964405095307,497533
2013-10-25,392.2258605957031,394.14274905250215,382.36871302066584,387.6813971660557,560559
2013-10-28,386.07318115234375,394.5375514994838,384.8885901609741,392.4555577196434,653713
2013-10-29,401.58050537109375,404.6245361444402,384.5297074285632,385.3840307156122,1188530
2013-10-30,403.4685974121094,408.07050949635834,396.6123728769411,404.0501301126867,1059149
2013-10-31,404.2009582519531,407.06548575775054,398.10574034260014,403.7630053894415,719901
2013-11-01,404.7896423339844,409.2048954994946,401.4512670244365,404.05018866737737,468461
2013-11-05,400.2236022949219,404.87577912109333,396.44011806074155,400.60410612101174,159575
2013-11-06,394.25042724609375,402.0471347109817,392.7068863593163,400.3312752073414,173010
2013-11-07,385.92962646484375,394.66681623631496,383.37378476229827,394.66681623631496,460366
2013-11-08,384.42919921875,386.9275637404994,381.0333749747909,383.8907461037667,229185
2013-11-11,383.0436096191406,389.8352302500385,376.3812279693859,381.98825733256115,447385
2013-11-12,380.3082275390625,386.9634233744708,378.3554725885557,379.21698045507776,536709
2013-11-13,373.6100158691406,382.2538624524048,371.4633880775901,380.3370022980258,649779
2013-11-14,374.6222839355469,380.35852337629717,371.48493765996966,375.51250217851646,910493
2013-11-18,376.0222473144531,381.93796169602814,371.1762260866364,377.486813657736,1128473
2013-11-19,381.8948974609375,384.37173626330423,374.19869004803655,375.9073649227726,891686
2013-11-20,374.53607177734375,385.4414141026029,373.17919057708224,383.2158404112676,601517
2013-11-21,370.1710510253906,375.332969984937,369.2880175929559,372.6048382664247,320071
2013-11-22,364.90875244140625,373.035700651674,363.4154472546995,373.02133129873164,396388
2013-11-25,367.2706604003906,370.8028796248853,363.58770498490827,366.15070299643975,723025
2013-11-26,365.04510498046875,369.73317682408106,363.4154047232605,367.57939281684185,666668
2013-11-27,368.8931579589844,370.73822791462464,361.8359329264152,365.43994193245265,316902
2013-11-28,377.32879638671875,379.7841092013321,369.8910679937069,370.4654159850042,820385
2013-11-29,381.8446044921875,384.0917038959128,377.35753356390046,377.35753356390046,515757
2013-12-02,382.4405212402344,386.81987933258154,375.6201908354785,383.77587701582183,640745
2013-12-03,382.4620666503906,386.101942611596,378.4201044335117,382.65588250567504,321257
2013-12-04,378.9226379394531,382.83536093401904,377.12783224130277,381.92358873455515,217066
2013-12-05,387.2290954589844,388.68650553723637,380.6457173330544,384.1276441176969,300045
2013-12-06,391.7448425292969,393.7119668483904,383.37378716031407,386.963426969106,309468
2013-12-09,401.7886962890625,402.75791760939313,394.86070910684214,402.05433051790436,543663
2013-12-10,391.5223083496094,405.91676331168367,389.0669951606432,402.34149266737415,616650
2013-12-11,390.45257568359375,392.6566239492429,383.1584262849967,389.4618288255678,209788
2013-12-12,387.5306091308594,390.9479588895942,385.65682870297627,388.4423813782268,221226
2013-12-13,382.806640625,386.963443990405,381.2918100032438,385.71427597604867,221427
2013-12-16,378.3124084472656,384.7809449834519,376.92681680844606,382.8066359265234,188648
2013-12-17,377.1708679199219,381.0979601026923,375.3616929460996,379.78413012586225,273124
2013-12-18,385.1830139160156,387.4947188064266,377.8242305643734,378.34831431643147,148208
2013-12-19,379.1164855957031,395.5068029102113,377.0560172843529,385.85065615788665,385235
2013-12-20,377.73089599609375,380.4231045818444,367.95987958161146,378.9944333189041,625742
2013-12-23,386.8629150390625,389.0310682093768,378.3841749912873,378.3841749912873,244583
2013-12-24,389.33984375,394.6955796484118,387.0137409526193,387.1214259010104,262476
2013-12-26,390.86181640625,394.1427710620832,383.58922053884834,389.7490435825271,353537
2013-12-27,390.000244140625,393.42477815765096,388.72952224877685,392.67811154978085,213534
2013-12-30,387.6957702636719,391.94591793237146,385.2189312809084,390.4095331693557,242768
2013-12-31,389.7777404785156,394.5088919803623,388.5788083813231,388.5788083813231,224467
2014-01-01,389.77056884765625,391.12745026249786,386.97783137921124,390.5674715132197,122233
2014-01-02,379.5328674316406,393.4247913986218,377.05600044307977,389.8423080094001,236767
2014-01-03,377.73089599609375,379.48262206607075,373.6530390054074,377.0560192829057,218900
2014-01-06,377.802734375,380.7462365858536,371.7577806682161,377.6160747829811,165635
2014-01-07,374.99560546875,380.10726091620893,373.65306502211877,378.1975570505042,246281
2014-01-08,373.3802795410156,375.7279078867616,370.88188659321133,375.51250959958645,415876
2014-01-09,373.2366638183594,375.34021192751334,367.86655886200174,373.17924320820316,401981
2014-01-10,371.67877197265625,376.48171338536724,369.0152451948971,373.4089724779022,309455
2014-01-13,373.6458435058594,376.4601060824658,369.33109146877604,370.4654181088701,113341
2014-01-14,368.3332214355469,374.6294680037461,367.57939844137485,370.5372698079964,110049
2014-01-15,370.7238464355469,371.9587017474672,367.62960867483406,368.33316723321934,334160
2014-01-16,374.1771240234375,375.3329763268383,368.7280451689965,370.73822061856976,467307
2014-01-17,376.481689453125,377.62317245881843,372.9351009592936,374.1842972956815,424469
2014-01-20,372.6838684082031,375.885819957933,370.1926601946739,375.06020700390695,266190
2014-01-21,373.7966003417969,376.91239200132424,370.8100192296756,376.0508842262344,260545
2014-01-22,371.2623291015625,375.90734944556743,368.29730165676824,374.3422545546092,175414
2014-01-23,372.030517578125,372.6048656238643,369.0152258354006,370.3075018388327,262366
2014-01-24,372.468505859375,375.90738138820603,370.02034885612966,371.7433931574429,1107761
2014-01-27,372.2315368652344,374.0191862370057,367.0050123810876,370.149543001987,698307
2014-01-28,372.30328369140625,373.32274067890665,369.0510685160668,372.0304648585998,1220558
2014-01-29,374.1125183105469,376.9124402363482,370.7095380252146,373.3228003824909,1018197
2014-01-30,371.815185546875,376.1658333889335,369.73319141790546,373.32283157165836,232296
2014-01-31,368.3116455078125,372.39665846995257,364.1907375698009,371.73615115682276,748533
2014-02-03,360.5795593261719,368.14652725975526,359.2585730415741,366.1435080066259,370251
2014-02-04,357.6217346191406,362.553915298271,355.51821483606,358.6770868486794,238271
2014-02-05,356.9038391113281,358.677119541542,351.92860671858926,357.52845161313064,497507
2014-02-06,361.7283020019531,363.9897710633055,353.364430415016,357.70789362759643,444216
2014-02-07,366.22247314453125,367.58653904623986,362.9558882961397,363.9897147347395,208375
2014-02-10,368.72088623046875,371.7433626884943,365.28201098349587,366.0717289076475,308574
2014-02-11,370.53009033203125,371.31262364221806,364.41334697978914,371.18341306879125,371107
2014-02-12,369.6900634765625,372.7771734841445,366.87580073050304,372.7771734841445,486814
2014-02-13,354.3838806152344,369.60394904765025,352.072147265841,369.60394904765025,243980
2014-02-14,352.4812927246094,357.384762040436,349.6454761619266,355.2309783876866,190521
2014-02-17,354.54180908203125,356.37250981730125,351.8136770708019,355.173577754782,80452
2014-02-18,356.58074951171875,360.25654900005435,352.30189161027505,355.08744443292386,209373
2014-02-19,356.4801940917969,358.82066600285197,352.9336338429665,357.2412017270233,151578
2014-02-20,349.0568542480469,358.2319692588909,348.3891621608796,358.2319692588909,252179
2014-02-21,359.0001220703125,360.5436628881242,349.63116383375257,350.97367574018165,472349
2014-02-24,359.6462707519531,363.271805552121,357.9591215770338,359.1078176791948,339338
2014-02-25,362.91998291015625,364.70763220127577,358.82062904565635,360.41440571230453,273273
2014-02-26,368.5342102050781,373.1792019577166,358.246295226778,363.30768574976844,888964
2014-02-28,364.822509765625,370.4510635413488,362.553856394914,370.4510635413488,215206
2014-03-03,362.32415771484375,370.12086547951907,361.23291055848296,366.14353696107037,323726
2014-03-04,369.1660461425781,371.14035542370675,362.20932005875085,363.16417205404264,569152
2014-03-05,379.8918151855469,381.4640946737575,366.30144885253634,371.886923031964,625515
2014-03-06,394.25762939453125,394.86068778442564,378.3913948834986,380.35851932633085,594181
2014-03-07,396.6483154296875,399.7426104643891,388.58600167051503,395.6791225437334,541013
2014-03-10,394.9037780761719,400.46054270325214,391.9674322862646,394.86069841888667,438649
2014-03-11,404.2296447753906,405.5434464897696,391.9889737402954,395.578613756422,420957
2014-03-12,398.29229736328125,407.6253595508943,395.1836620595066,404.7680174569738,341030
2014-03-13,393.1591491699219,404.99778935038114,391.1273912939873,399.2041016762633,258173
2014-03-14,392.47711181640625,393.7837571788447,385.87218024153987,389.1315805744799,253358
2014-03-18,390.1080017089844,398.7375075742865,387.86808666205246,393.424851416964,312650
2014-03-19,393.4606628417969,395.5785515380971,389.3971756477838,390.2658681110754,310207
2014-03-20,391.91717529296875,393.86993033211877,388.41366626658845,392.70689323962284,175252
2014-03-21,394.0422668457031,396.2965797344806,390.70391976946354,392.7428343580839,484377
2014-03-24,400.2450866699219,401.75273246774066,395.26267086228756,395.5929103232564,563449
2014-03-25,403.181396484375,407.4530686675014,396.79899197249864,398.73740571216456,404003
2014-03-26,403.56915283203125,406.31883905605986,402.1979304559022,403.90660541653904,239774
2014-03-27,398.6082763671875,405.6296071504528,396.5837029205617,405.6296071504528,1762848
2014-03-28,410.6192626953125,416.3985824874688,399.6349428733558,399.6349428733558,852763
2014-03-31,414.6827392578125,419.55747120775345,411.0500191952442,411.0500191952442,421404
2014-04-01,409.1402587890625,416.5923574843682,408.0849066441418,416.3985132376382,454546
2014-04-02,405.6296081542969,412.50735903304604,402.923030073672,409.219248191244,249249
2014-04-03,404.1434631347656,408.9176940317136,402.94453110306046,408.9176940317136,352546
2014-04-04,404.1578063964844,407.1946519935445,402.4850266819291,403.18858524959074,242263
2014-04-07,408.7956848144531,412.80890853675953,404.1650617180504,404.1650617180504,490366
2014-04-09,410.0376281738281,412.8088396112783,406.72799209269243,412.09091168844,376615
2014-04-10,407.75469970703125,415.651908133742,404.74656390175664,410.3679623119023,1037373
2014-04-11,402.93731689453125,406.85719590480056,400.8194281373636,405.6295536600352,485615
2014-04-15,399.046142578125,402.78654665758324,393.28116534746937,402.6429667569976,415649
2014-04-16,394.32940673828125,404.77527168378134,392.6781524966538,399.29029734275576,202192
2014-04-17,396.73443603515625,399.45538324448864,393.424799835066,394.86065573235,440768
2014-04-21,402.3199157714844,403.46142718873233,395.58577367309164,397.0287858669379,365170
2014-04-22,398.1559753417969,404.48808830912805,397.01446387004717,399.90770146899246,132064
2014-04-23,396.2821350097656,401.86760923610984,394.1498768303067,396.4544536171167,1095934
2014-04-24,396.2821350097656,396.2821350097656,396.2821350097656,396.2821350097656,0
2014-04-25,384.1204528808594,401.32201361790356,381.70819108100994,394.3293935836516,337621
2014-04-28,379.5472412109375,386.23833189872073,377.70214283068236,380.5020646428141,286112
2014-04-29,383.3092346191406,389.33266269021397,378.36271283784066,379.08064089837967,503586
2014-04-30,375.6273498535156,390.6823116505314,373.32280134537456,383.6609811899037,325521
2014-05-02,377.572998046875,380.20060170791885,371.0254861272263,376.9053059182387,332157
2014-05-05,378.865234375,383.0794583359513,373.1792310541863,374.9309855758154,424197
2014-05-06,377.6590881347656,382.65584498052,375.9073337499104,379.95645184744603,207034
2014-05-07,374.98126220703125,379.3103846502682,373.54540606891624,375.9074038990598,368262
2014-05-08,376.9268493652344,379.9636955093181,370.89623673556923,375.49817794823304,419492
2014-05-09,390.89764404296875,393.9990948591622,374.7658060327311,375.77807841350676,630803
2014-05-12,407.7331237792969,410.65510011155413,391.2710441053101,391.2710441053101,735124
2014-05-13,418.31536865234375,420.70604791143955,407.08694296689566,409.2192011146561,594297
2014-05-14,427.41876220703125,429.32128145744787,418.83952068594965,419.57178968201265,574797
2014-05-15,421.79010009765625,430.46983967927247,419.16246879832283,427.88528802719657,491798
2014-05-16,440.6070861816406,470.20726884983935,427.8853824011901,430.5345399094871,2387865
2014-05-19,433.73651123046875,447.9084117168483,431.044274119113,441.54755995349905,357821
2014-05-20,435.4379577636719,443.67977382089526,428.60328726698225,434.34671071609193,373660
2014-05-21,423.95831298828125,439.243014778017,422.8598811470025,437.93639772917845,413212
2014-05-22,424.84136962890625,427.8853718529193,417.31748078337677,427.8853718529193,652689
2014-05-23,430.95098876953125,435.2082927557277,418.98310738647206,423.29067570773327,926209
2014-05-26,440.4921875,462.9992478218751,433.0544582732378,433.0544582732378,1396375
2014-05-27,442.85418701171875,449.7032272611534,438.1876409858342,444.91462694827254,431786
2014-05-28,458.24658203125,461.0536886979559,441.08807189116703,447.70021677041865,981263
2014-05-29,454.78619384765625,467.184785835056,452.2949572507404,459.4742373280981,894985
2014-05-30,456.49481201171875,463.0638486149375,453.0631214594439,455.45382924420437,287719
2014-06-02,453.79541015625,460.91008481668837,450.61501271109813,456.96867972170537,474864
2014-06-03,477.78143310546875,480.29413847771406,453.02724416384757,453.8743827226443,1269747
2014-06-04,480.2151794433594,487.473405398665,472.4041026609561,477.853210330301,545705
2014-06-05,478.068603515625,489.06007817992884,474.0266412898921,480.2941490997881,663635
2014-06-06,475.9578857421875,488.7011437662258,472.4113252513318,481.0049075796525,894415
2014-06-09,530.9368896484375,544.0462826094382,491.06312974512775,491.06312974512775,4265060
2014-06-10,513.7208862304688,535.7900512783009,511.16507279363,531.2671134329086,1545775
2014-06-11,510.8992614746094,526.9593059940538,505.42147362815274,521.9338401732608,1114494
2014-06-12,513.125,516.9228248725366,504.574441635229,511.45219184107765,784449
2014-06-13,507.59698486328125,518.0571908732537,505.5652267806479,515.1711095558072,716200
2014-06-16,511.2943420410156,516.8223393418435,503.96426907716193,509.63590309366924,713602
2014-06-17,513.7137451171875,518.6100022564536,506.16114580082086,513.6922194878284,667335
2014-06-18,509.7649841308594,519.0621791480917,502.54981101375665,514.0366560477845,1077846
2014-06-19,509.17633056640625,513.3187922348128,505.0554513186698,509.76501948810517,635061
2014-06-20,502.70074462890625,511.1507184662904,500.6115658683749,504.63913039223206,265471
2014-06-23,502.0760192871094,505.24210373689016,497.093603673924,502.5498670324591,437301
2014-06-24,504.39495849609375,509.2337944171687,494.6383404242608,502.5498885554615,432791
2014-06-25,500.8269958496094,506.139680840623,499.829092543087,504.41660795995836,623428
2014-06-26,486.9062194824219,504.3878116493409,484.6304097827548,502.54989795128176,1337808
2014-06-27,490.3523254394531,497.0003366900416,484.07763332283287,488.19135686966393,762661
2014-06-30,492.57073974609375,498.8741708853288,488.63649089026933,491.7810501821933,408877
2014-07-01,489.85699462890625,495.5142595325479,488.6724034445994,494.2076140520779,391748
2014-07-02,493.1809387207031,497.3808211717413,491.9245578032972,495.0834291863397,392474
2014-07-03,491.11328125,496.6628601410918,486.98518878813564,494.6526847699216,332034
2014-07-04,486.77703857421875,492.56357048722987,481.7299886700551,490.34518125654074,387296
2014-07-07,483.0079345703125,490.05794677713703,481.0264409155526,488.19135112924425,317608
2014-07-08,470.9395446777344,484.8673362207315,466.8904263006524,483.88380242775287,453924
2014-07-09,472.7271423339844,480.0141347174659,462.8269162271531,471.67897497477855,583708
2014-07-10,475.2543029785156,485.6140371471884,468.0893639988196,470.9826299985753,512795
2014-07-11,461.0824279785156,477.27171789416843,459.4742532825071,475.2686983990551,458137
2014-07-14,459.3809509277344,464.7438714984335,458.3255986771591,461.66394566660097,388631
2014-07-15,463.0567321777344,466.6535285803009,457.75841710622274,463.4515769725841,272230
2014-07-16,468.5559997558594,472.92101646690315,459.3378059966228,463.78176894020146,485330
2014-07-17,484.8315124511719,486.978168840807,467.37149902825786,467.37149902825786,586294
2014-07-18,479.1597900390625,484.7453212423729,476.73318729093927,484.7453212423729,350142
2014-07-21,489.3184814453125,492.082508110381,474.895289821986,479.65512253255866,750898
2014-07-22,487.3298645019531,491.6231201231883,482.16797304482253,489.3185714323754,491714
2014-07-23,479.11676025390625,489.59849188262757,475.41943536034125,488.6221143586405,519263
2014-07-24,476.96295166015625,481.5792619039218,472.6984917339405,479.145502750197,582107
2014-07-25,472.9066467285156,482.24692316126124,471.2841312637036,476.96292119158295,529944
2014-07-28,460.8526611328125,476.13017784018234,459.4598848085756,473.1292269162608,513243
2014-07-30,468.4052429199219,470.94671529316093,458.49783134798054,461.65673142487856,611601
2014-07-31,461.5920715332031,474.11992939873016,460.1921106645388,466.99807077707015,1984406
2014-08-01,461.994140625,470.0995331523336,455.7337896778298,459.76138217586475,612307
2014-08-04,461.233154296875,464.2125511254395,455.88457527862084,457.75119936778145,630687
2014-08-05,478.6716613769531,480.86852505183765,461.34086056305415,463.06387641892206,824494
2014-08-06,470.6667175292969,480.294125670765,468.6636982033309,479.2890662670082,463626
2014-08-07,472.2677307128906,477.27885741372296,469.52525765153723,470.6739254247107,383751
2014-08-08,468.2831726074219,470.2431405861112,464.07613362960564,469.5252126474685,376700
2014-08-11,474.3927917480469,476.53941943527457,466.95503393538166,469.53240137681115,466698
2014-08-12,478.1475524902344,478.98756319275105,473.4451396359499,474.56509711011665,424936
2014-08-13,468.7355041503906,481.72999804776214,466.65351012066554,474.7661163599856,668917
2014-08-14,477.6377868652344,478.57832618700667,468.08935329232503,468.08935329232503,395617
2014-08-18,479.4039001464844,482.16077077894505,474.16303455015924,474.16303455015924,459958
2014-08-19,491.19232177734375,493.6476634594543,474.3138426673012,479.7198426980275,595205
2014-08-20,499.3857116699219,500.05152401975454,489.48600374578024,494.9858542035383,810262
2014-08-21,493.2347412109375,501.3831876753329,490.6440262076122,497.8806586959628,405137
2014-08-22,498.0326843261719,500.0517051902195,492.81501504530206,493.39398002667593,369370
2014-08-25,498.64044189453125,502.94623887567445,495.7530028691102,498.7489870684586,329455
2014-08-26,489.1676330566406,502.8015020275916,483.9862040919427,496.4477165082002,352591
2014-08-27,490.5643310546875,491.8162644521877,484.5651495692276,489.3413086854359,862400
2014-08-28,491.7078552246094,496.4261363391981,489.7756247608829,491.51246241927925,966442
2014-09-01,502.9028015136719,504.36461193247135,492.6701858316415,494.95696249681447,293616
2014-09-02,523.302978515625,528.839012561749,502.94634585772815,504.94361183256916,1507811
2014-09-03,520.0391845703125,524.0193464718857,516.1603544088223,523.2088642999344,517468
2014-09-04,519.619384765625,523.5126982952395,513.511658282367,518.0996952140617,480968
2014-09-05,515.9287719726562,526.8199301293471,513.9242355360584,518.2879122445282,482803
2014-09-08,529.4033813476562,531.8927641551336,514.8721824202704,517.0576845400747,725228
2014-09-09,526.47265625,531.1619690392668,523.2089151585178,523.2089151585178,584051
2014-09-10,527.3988647460938,532.2039931329043,520.9799854035516,521.7615565702768,403148
2014-09-11,524.2147216796875,533.1447384113908,521.5009776218598,528.9981521469197,343784
2014-09-12,527.75341796875,530.2066764234389,521.037814735089,526.1324537223655,358009
2014-09-15,521.3128662109375,526.0745419395231,518.9392417924547,522.9194036420525,153729
2014-09-16,516.1676635742188,523.9325379218187,509.82109019606145,522.340484492448,332268
2014-09-17,512.3755493164062,519.576056312072,509.459199141758,517.4340065263466,305878
2014-09-18,521.9569702148438,525.1627746663236,510.18296537001663,511.0513269236721,464494
2014-09-19,533.5137939453125,535.3663326278249,524.8515339732827,525.379775712012,826846
2014-09-22,536.5966796875,539.845936686917,527.2469649990129,530.8797369156032,853709
2014-09-23,529.6493530273438,543.9055242481292,528.1079658426887,541.2714146896251,552419
2014-09-24,523.5633544921875,538.0221311729375,519.5904068989154,532.9058526520283,547429
2014-09-25,512.7953491210938,528.4192725065935,509.76318280122297,523.9252956208369,803516
2014-09-26,520.632568359375,523.2087987165227,503.6553820544627,512.3683076214629,484112
2014-09-29,516.78271484375,524.9239472957565,515.9722326712464,523.932499230247,425286
2014-09-30,513.5697021484375,520.878698476444,511.63031545622914,516.6959298347471,341334
2014-10-01,505.67449951171875,515.2485748512192,503.11275280221815,515.2340907088744,301406
2014-10-07,493.1405944824219,508.8874880113565,492.0912672102861,505.1172034262158,469860
2014-10-08,500.8548889160156,502.93178875043475,492.2866895439857,494.9859494340851,510871
2014-10-09,506.101318359375,509.43020839035853,500.7751630092706,503.23563449965894,419362
2014-10-10,495.6083984375,504.9725974861086,493.1045308742239,504.9725974861086,303279
2014-10-13,494.8195495605469,498.6405004301113,491.3821135673004,495.56488172576303,381217
2014-10-14,491.2084045410156,499.0384272375468,489.9492004084558,495.8543210568371,398216
2014-10-15,491.2084045410156,491.2084045410156,491.2084045410156,491.2084045410156,0
2014-10-16,467.3275451660156,491.9755456268268,465.7499474164701,488.632170794266,728488
2014-10-17,474.6365661621094,478.3417298474155,469.15119840575153,469.15119840575153,421216
2014-10-20,480.1074523925781,489.84795190225293,478.4285514303132,479.78905889528437,725448
2014-10-21,483.3783874511719,486.7144916547789,480.31731018275144,480.51270296580554,342222
2014-10-22,491.06365966796875,494.82673097764985,483.98623915728103,486.3381658820276,569949
2014-10-27,491.46173095703125,496.72273735678823,489.3775603948397,494.79777784619546,380374
2014-10-28,489.26177978515625,497.88058752310985,487.9446962581791,489.19662977847537,364982
2014-10-29,499.0891418457031,500.27592539730244,483.4363083687628,492.0912981097557,1384068
2014-10-30,498.1121520996094,504.53830131250476,495.1523495703288,499.47263077090196,984562
2014-10-31,507.72967529296875,510.2552973881879,499.5088658273534,500.0516490145139,867830
2014-11-03,510.98614501953125,513.7866792410298,506.56453211501304,508.73555011958535,613487
2014-11-05,515.1182861328125,517.8392436663117,509.4592234491553,510.9861839636623,533372
2014-11-07,519.467529296875,520.603704361526,514.524944492301,515.9722709968581,225646
2014-11-10,518.3746948242188,522.4850989203896,515.4438607160351,519.6266282593432,181253
2014-11-11,523.1436767578125,526.5014783357593,519.4385420595389,520.3865376322257,297129
2014-11-12,526.18310546875,529.7218160080616,506.6224724832746,526.682436235007,473431
2014-11-13,522.9049682617188,528.1153666052122,515.9722736961264,527.022586712664,366888
2014-11-14,516.6090087890625,524.2075151510717,514.524895460833,522.9193998372281,306254
2014-11-17,515.5089721679688,518.8667732629872,512.5057748372302,514.6550377559573,352092
2014-11-18,520.552978515625,522.6154514655103,513.1209540497331,516.6958460966615,397743
2014-11-19,514.9662475585938,526.3929172004181,512.3900171414364,522.1956653552206,451753
2014-11-20,510.8053283691406,520.2563745117071,508.04091812541094,514.5249477771717,189192
2014-11-21,512.7301635742188,517.2748060160413,509.60393642456955,510.90653584105405,163224
2014-11-24,510.34210205078125,518.2372752895874,506.8612711483488,513.5262084492202,203087
2014-11-25,504.6685485839844,512.6432986112272,500.77523460709546,508.3013197865766,356778
2014-11-26,516.1458740234375,517.4195624809347,501.3686719845694,501.3686719845694,560591
2014-11-27,508.46783447265625,520.3142016589613,506.56457253181435,512.6795135582906,787942
2014-11-28,514.6260986328125,518.8668026565904,509.49533567529716,509.49533567529716,514707
2014-12-01,507.40399169921875,519.2503581554298,505.11721503266375,512.3755440155525,410685
2014-12-02,508.2289123535156,510.826897428091,505.4138941934904,508.15654890851204,199432
2014-12-03,503.53240966796875,512.1150934483156,502.37459436500956,509.02504790948933,245050
2014-12-04,502.7869873046875,505.9855774542633,499.3278544089515,505.74673229122646,236761
2014-12-05,504.3356018066406,510.32756988757967,503.09093909503304,505.8408645211569,188077
2014-12-08,497.57672119140625,508.43169855935355,493.54589313287266,501.8029420485391,175129
2014-12-09,488.60321044921875,495.3405108038445,487.7492759634426,494.9859070089331,553274
2014-12-10,493.3721923828125,496.88920506042535,485.1585969396937,485.1585969396937,332909
2014-12-11,486.2802734375,493.37939134249183,483.43628675841745,490.11565084713544,302566
2014-12-12,486.39605712890625,489.7755564204461,483.4073433934988,485.2381846013971,609339
2014-12-15,494.38531494140625,497.0266956675486,482.9731853746886,482.9731853746886,283960
2014-12-16,487.1559143066406,495.709629332706,486.1138004420693,491.3675931878646,503846
2014-12-17,485.71575927734375,494.1102625291992,483.8487365667831,483.8487365667831,601750
2014-12-18,481.99615478515625,491.6208941516272,478.3705971781086,488.03873171371447,852964
2014-12-19,488.60321044921875,490.64392838163883,482.82833250277105,484.1888683739477,216100
2014-12-22,494.7398376464844,495.6878331441392,485.5782474843853,490.64391773104796,488298
2014-12-23,501.90423583984375,506.55742420428504,492.8150067563103,495.2537814845529,537526
2014-12-24,493.5314025878906,508.7210867980528,489.26900054925403,502.6567546267677,672377
2014-12-26,489.52227783203125,498.39441512866284,487.7493159616449,496.42606048280334,159374
2014-12-29,495.0149230957031,497.8806075116466,489.92028396802993,489.92028396802993,181830
2014-12-30,491.0564880371094,495.78925292110665,489.7032226495043,493.53865773887753,152984
2014-12-31,489.92755126953125,496.82406327790034,487.98089419504777,492.09129870740736,305230
2015-01-01,492.45306396484375,493.2346349901594,487.7492681727977,491.222828119326,266598
2015-01-02,505.9422302246094,507.4330090689354,491.9465992055672,492.8294448491291,291180
2015-01-05,507.845458984375,513.4538556489049,503.23572378136214,506.56455715337387,641685
2015-01-06,488.4802551269531,504.97254006393,483.68234025102333,504.68308622818,812394
2015-01-07,494.6241455078125,497.0121968097157,487.7493309274888,492.091310044077,843430
2015-01-08,495.702392578125,501.0647308697403,491.845260000036,496.433297847583,266021
2015-01-09,492.7498779296875,501.31080729072306,491.36764424509545,496.4333154407318,329649
2015-01-12,497.23651123046875,499.0384412685071,491.0781183433576,493.46622667081533,184597
2015-01-13,513.27294921875,519.590496307327,498.8937469496575,501.7883996115512,611309
2015-01-14,516.2327880859375,521.0234900606806,512.4118367206537,513.0776493180924,347284
2015-01-15,530.9013671875,534.4980141648715,516.7031303628789,521.0378387949854,697076
2015-01-16,526.3204956054688,535.1346948818566,523.2232372410008,530.9012617793758,509549
2015-01-19,528.6362915039062,537.6820661215178,527.2323604446573,528.6507183940473,472032
2015-01-20,534.2881469726562,536.5242579628466,530.590225438839,533.6223917125388,441416
2015-01-21,547.5601806640625,551.4317976605779,528.853481343815,535.7355099827922,758001
2015-01-22,551.3449096679688,553.5738072012566,544.238520465826,552.8790836616772,481759
2015-01-23,548.9785766601562,556.012603404358,543.7754486943498,555.7738154113407,601141
2015-01-27,557.2210083007812,559.2472421556964,546.3660327755995,549.7961977136126,839250
2015-01-28,563.690673828125,566.3392682738171,554.3481725528776,554.3481725528776,786672
2015-01-29,569.0746459960938,571.6943291090856,557.4598530599767,563.5892783641239,537695
2015-01-30,562.1491088867188,575.3125573000568,558.8564004850977,568.7995611892958,727295
2015-02-02,551.1857299804688,561.3314994646939,549.9844621716012,554.0514146509482,397704
2015-02-03,562.7135620117188,564.7470664645181,549.9843508331685,553.1539728497572,1131714
2015-02-04,564.0451049804688,569.8705911875129,560.8754258525627,563.2925022673334,587771
2015-02-05,562.6485595703125,568.1266565667057,557.2210711951134,561.591961478959,1163469
2015-02-06,550.7081298828125,567.0629601354254,547.4299618354621,555.80271251961,605062
2015-02-09,536.7413330078125,550.1146606418686,533.5065605950372,549.2607260665548,265445
2015-02-10,551.9093017578125,554.2033491718475,528.549474536486,533.9190259591401,480858
2015-02-11,556.374267578125,562.6773872150864,549.2823634621217,551.9092596604701,764819
2015-02-12,553.9283447265625,569.0167550666771,551.0843578529845,565.4708312191083,730328
2015-02-13,558.6610717773438,563.5747447634807,555.7736899244057,555.7736899244057,392409
2015-02-16,557.9807739257812,564.4286201010648,555.1946668469604,558.9649511088661,259994
2015-02-18,559.7394409179688,562.286703435069,551.4317835789127,558.0894509641471,570707
2015-02-19,547.9797973632812,564.4576538329179,544.3542968177792,559.8262211549464,802206
2015-02-20,544.2964477539062,552.1771380933759,542.8925736592169,548.2332148251614,275256
2015-02-23,534.8887939453125,549.8902993225445,528.6145846530662,545.7871654449181,442881
2015-02-24,532.876953125,536.5965719029431,528.853396403141,533.9190097185499,298075
2015-02-25,530.923095703125,538.4057858625893,528.2744444845025,534.215747301263,278536
2015-02-26,520.7338256835938,537.5083479811708,518.2372295515046,531.8999519279713,791021
2015-02-27,542.0601806640625,546.0765234902785,520.2562280433373,525.7849897247023,788973
2015-03-02,577.0928344726562,580.023668928773,547.8206716393531,549.984419115013,1010770
2015-03-03,578.612548828125,582.5275607978951,567.3523595426647,576.0363180956595,753348
2015-03-04,561.9683837890625,580.0744215652179,558.9217329983217,578.3521252616185,465680
2015-03-05,547.7699584960938,565.9049602809574,543.8549470302149,562.431342957097,579547
2015-03-09,537.023681640625,551.1423442631994,535.511262214622,546.3661834844442,416679
2015-03-10,535.3447265625,542.5162663305234,531.8928634345425,536.958534833733,396550
2015-03-11,535.6558227539062,538.550475159915,526.8560496698668,535.0768579229667,250007
2015-03-12,541.4669189453125,546.9450733311999,537.3420299647863,538.4058415293189,303798
2015-03-13,531.0968017578125,548.1029023242603,523.3536250752325,542.2050511724234,838350
2015-03-16,534.4039916992188,538.3696696902327,528.708746828076,534.0638147305078,183722
2015-03-17,536.2708740234375,539.418798273028,531.1039295776095,536.2563898850177,310693
2015-03-18,531.0678100585938,537.247900673389,528.5639430541594,537.247900673389,309559
2015-03-19,522.774658203125,539.67942510938,520.3141862742671,532.3269776041595,343525
2015-03-20,523.2740478515625,526.8271854332655,513.8012470337535,522.7747170641879,350031
2015-03-23,525.3436279296875,533.3401332238753,518.114266859659,527.5436143659556,313234
2015-03-24,520.0826416015625,529.7218091499449,518.1431978788517,522.5069319425583,377892
2015-03-25,516.7537231445312,526.3711915254961,513.9531318322759,520.314130640606,601225
2015-03-26,513.6781616210938,521.1825495052034,510.7111455053657,515.2485172737472,1163113
2015-03-27,516.5439453125,520.8931381047264,512.3539063325178,512.672328456152,361036
2015-03-30,525.5391845703125,530.8726133278064,514.5250510616905,517.4269181182898,524111
2015-03-31,524.2725830078125,528.9909205535083,520.0681175735763,525.6693006886592,552354
2015-04-01,534.6499633789062,539.2307877877481,519.5905210253295,526.8271530243254,266456
2015-04-06,535.236083984375,539.8530896238137,532.211188737546,535.6558377923079,190871
2015-04-07,545.1068725585938,547.8133456791763,531.8131803864522,535.6992235160561,431870
2015-04-08,550.0205688476562,551.4317134018311,543.4713902374109,543.4713902374109,286760
2015-04-09,545.4109497070312,553.3567331704371,544.3326539008374,551.4318306011961,213696
2015-04-10,548.9278564453125,550.5560913838983,543.0372194856114,545.6424182871757,172200
2015-04-13,547.1620483398438,549.984337191974,542.320739224253,548.6889513780028,184902
2015-04-15,550.6502685546875,553.877828081153,547.2562845014925,547.81349465583,276754
2015-04-16,539.8530883789062,553.6388407617437,534.2302079017273,550.1290989600808,636409
2015-04-17,527.8692626953125,542.1688313798703,525.379822378071,539.853143508651,462939
2015-04-20,522.774658203125,533.759819789358,518.3096499041002,526.1034915777673,439569
2015-04-21,525.9732666015625,531.0243961475162,516.1169516616377,522.485164811062,489419
2015-04-22,531.1691284179688,536.9584912252562,524.6561882903221,525.9732719070782,364386
2015-04-23,526.7257690429688,536.2346917806008,520.4588315771637,532.6019210196165,288361
2015-04-24,530.1632080078125,534.7295478509861,521.0595538511724,527.0152833993932,165090
2015-04-27,523.0206909179688,530.8796830705403,518.9609520669292,529.7362946321304,504150
2015-04-28,524.4679565429688,527.3915773122989,514.6840631878786,521.9062102720121,501636
2015-04-29,520.9583740234375,534.0638911288114,511.6375695470684,521.4938866152436,443756
2015-04-30,519.4892578125,523.9325115991327,516.2906669719991,520.3214375919476,1039784
2015-05-04,524.6561889648438,528.1297494041116,513.0847912804039,518.2879184934253,829536
2015-05-05,518.2155151367188,524.6561485693313,514.5320780556768,521.6891325581086,452512
2015-05-06,503.3804931640625,519.7642331224446,501.06474794926294,517.4195768734429,706933
2015-05-07,508.091552734375,510.5881493111062,498.3148143593907,501.0647402913475,257545
2015-05-08,505.5732116699219,510.5881597633299,502.94631501399334,510.5881597633299,422007
2015-05-11,514.7781982421875,516.5511602658479,505.7541198120309,508.01192846872374,158467
2015-05-12,504.84942626953125,517.4194836799925,502.51198388768836,515.1037388822863,649863
2015-05-13,508.6197814941406,514.5249029254566,501.4989654367667,507.28827098729556,209289
2015-05-14,510.942626953125,514.380062143791,500.2251662615571,506.85392079450247,152803
2015-05-15,513.83740234375,518.2445315992404,509.49542310050606,509.49542310050606,218414
2015-05-18,514.0399780273438,517.4049927599954,511.72423325998597,513.3814363200776,354380
2015-05-19,519.662841796875,522.6298578102692,511.1959744660967,515.2484995025674,493969
2015-05-20,520.3720092773438,526.0599822301731,518.1358986470264,520.1259506611707,264142
2015-05-21,531.9652099609375,533.839503738999,517.738004017762,523.1944035929862,476931
2015-05-22,526.8922729492188,535.2216270307553,524.6561620904035,532.9059392730499,195764
2015-05-25,516.355712890625,531.4586066261659,514.1485703392759,526.1034821416071,148940
2015-05-26,517.0142211914062,521.5588632636768,513.8011467086566,517.4194908490106,194863
2015-05-27,517.9550170898438,523.9324441388709,513.9458873243392,515.2484866696751,504072
2015-05-28,508.2795715332031,519.3299388863865,506.86842712462266,518.4904885856434,897111
2015-05-29,526.9212646484375,530.0691895094761,509.4592297774782,509.4592297774782,569878
2015-06-01,522.9844360351562,532.6163888146543,521.9061977597302,526.9212022563348,186950
2015-06-02,506.9046936035156,523.3969779056143,505.11724753708154,522.4851640083593,318703
2015-06-03,493.0610656738281,505.76136907876304,491.07822657542016,504.68313054608177,342792
2015-06-04,499.16876220703125,500.7029362728682,491.37491979435424,495.1741732286083,320453
2015-06-05,493.3866882324219,501.9331911048149,492.0913593380871,495.57219077556823,400964
2015-06-08,493.0176086425781,497.71419159937574,488.3282391315739,494.0886335941947,171137
2015-06-09,498.35821533203125,501.4699582365114,492.0623088222179,492.09127710255916,219334
2015-06-10,499.3423767089844,502.65672572155194,496.72996460145004,497.8805663400814,259547
2015-06-11,487.0038757324219,500.919927512112,484.8546126762169,499.4942989194527,461837
2015-06-12,485.6217956542969,488.4729961542616,480.54164026676256,486.4612461478612,277019
2015-06-15,484.8835754394531,488.61040738344764,481.23626313615733,485.5782416167309,373790
2015-06-16,487.8434143066406,490.5064926634287,481.23635566141013,483.4073739438899,287259
2015-06-17,487.21380615234375,493.5386239566546,484.34812176257765,488.1690151990764,300156
2015-06-18,487.25,490.3545296658517,484.9994049158376,488.3210249500028,346998
2015-06-19,489.80450439453125,492.8149155916723,487.0256104437245,488.34996466218377,288374
2015-06-22,491.8959045410156,494.8122547969095,488.0387721301758,490.3110647433299,420088
2015-06-23,496.9832763671875,498.7490248127568,491.317000311025,493.5386270716761,315327
2015-06-24,492.1346435546875,503.6698579130715,488.82029462992733,497.01213453533785,704172
2015-06-25,492.93798828125,495.70966903056444,489.92030612366926,492.0913243699514,677296
2015-06-26,491.6788330078125,497.73589480951085,490.65847391393186,493.10446181080954,373343
2015-06-29,488.0749206542969,490.0577593155221,477.762728376817,489.913032416848,429926
2015-06-30,498.2351989746094,500.0516132484699,485.03556697057223,488.074946502823,181033
2015-07-01,508.95257568359375,510.90644583934113,496.1654289682657,498.3219625583753,283818
2015-07-02,502.2370910644531,513.6420071261963,500.63055359959304,513.6420071261963,226508
2015-07-03,507.5414733886719,509.45916198282896,500.3844193361137,500.3844193361137,248076
2015-07-06,515.3569946289062,517.2674697141337,502.0777873098647,502.5119679771016,344179
2015-07-07,517.1806640625,522.1377894136087,515.5379450387933,515.5379450387933,286462
2015-07-08,507.9757385253906,517.0359985391391,505.8409592354124,515.2485524024312,338599
2015-07-09,508.9743347167969,515.2123045296912,507.46185846853507,508.880273682091,158674
2015-07-10,520.5313720703125,521.5590020023784,509.4593036100586,509.8935416621322,349085
2015-07-13,525.6837768554688,528.8534566671873,517.6511466365181,523.773301383214,319967
2015-07-14,524.6995239257812,527.5507812067332,521.4792359558681,526.1034549815355,174792
2015-07-15,533.5572509765625,535.3229995228498,524.6562020358091,525.3364414491925,366499
2015-07-16,531.8565673828125,536.0900007994661,529.3454298119216,535.308429768807,279871
2015-07-17,535.0624389648438,538.984721505084,531.7480896084954,532.8914780206521,312113
2015-07-20,545.5120849609375,546.9449842889954,525.0903068711939,531.892757271097,562172
2015-07-21,531.2559814453125,547.5239622885036,526.9719387984957,544.2095556255589,368832
2015-07-22,541.0615234375,542.827271605472,529.7217024127171,531.1690285299723,267499
2015-07-23,535.5545654296875,540.9530854744444,532.616460197159,539.8893311959695,156186
2015-07-24,531.5889282226562,536.7993265748551,530.1126334229798,531.90007966471,142738
2015-07-27,532.86962890625,539.1292951106836,526.9572957442738,528.2743217277473,335463
2015-07-28,532.0014038085938,540.9024531583881,526.4364589157681,531.748131690844,359079
2015-07-29,529.237060546875,535.1783648942278,526.827253901088,531.8929258951443,233093
2015-07-30,538.5216674804688,540.2150528103895,529.389042713406,533.195510044996,379720
2015-07-31,537.8630981445312,544.1951876292663,536.1046201316645,541.3005345075524,434994
2015-08-03,541.047119140625,542.4582637444287,536.9584694869087,537.9715578437958,419687
2015-08-04,544.8826293945312,548.2549156696593,537.6821784704724,541.3005234233104,840449
2015-08-05,544.5641479492188,548.3850987354667,540.2366529695585,544.9187517844352,491441
2015-08-06,543.058837890625,549.260625343393,538.4057082523373,544.9186470570589,337336
2015-08-07,551.24365234375,556.1935081380913,536.0901469492279,543.4715068355558,2197720
2015-08-10,546.1272583007812,555.230912606682,542.024067375204,553.5664959616978,466277
2015-08-11,538.4130249023438,549.6949113653258,535.8512784046954,546.3805620237307,405999
2015-08-12,529.8593139648438,543.9056105224425,524.0772218697136,536.668978596217,476717
2015-08-13,521.7977294921875,533.3111908668452,517.2748415752163,529.6784192914441,255652
2015-08-14,536.0538940429688,538.6952747385126,523.9324996763557,525.37982607464,179769
2015-08-17,533.8467407226562,538.8400487201582,530.1199078400447,536.2348495257725,113743
2015-08-18,537.0452270507812,542.4582306326689,531.9651296870053,534.0782111161544,208459
2015-08-19,540.7866821289062,544.1951499699989,533.4848998110791,536.9585176665016,597220
2015-08-20,534.49072265625,539.8675447992839,525.5245243709893,531.3138868984258,319157
2015-08-21,524.6924438476562,530.7350223550926,518.2662931645291,528.5640610902606,436964
2015-08-24,499.94305419921875,517.9115746675975,492.2360031530805,513.8011703428167,933779
2015-08-25,500.543701171875,505.83367599177575,486.6855266220374,501.650907866718,560636
2015-08-26,493.8135681152344,506.10138581735947,490.354492129006,500.44232353499604,430736
2015-08-27,507.1651306152344,509.64729969275834,487.60450245311904,494.98585968891473,531045
2015-08-28,499.3134460449219,514.5320988075057,498.1121783515942,511.9196865031675,383738
2015-08-31,498.8286437988281,505.63109536813965,494.841268256197,499.32797457863586,143969
2015-09-01,495.03662109375,499.2989659937253,488.18350420506414,494.9859552253183,420244
2015-09-02,494.1755065917969,499.1832412177925,490.13746522873237,495.7096806418635,451222
2015-09-03,498.8369445800781,501.292373211273,494.00615188336576,498.0572805661445,314718
2015-09-04,491.776611328125,498.815088548881,484.27181128627024,495.75488106159577,424424
2015-09-07,493.8166809082031,496.9206382721914,488.1771727163978,491.82025454370734,357912
2015-09-08,498.9753723144531,501.29240293892616,491.1353850194851,494.7347745339911,140898
2015-09-09,510.7206726074219,511.7844532883663,501.62749494494386,502.76413494752006,186878
2015-09-10,505.0375671386719,507.121436592274,499.1357297405912,504.21426808451724,365229
2015-09-11,504.6440734863281,512.2217906180942,501.2924285977393,504.2069174509163,315178
2015-09-14,506.69140625,509.8463763705605,503.6676290258913,505.5183365506627,220313
2015-09-15,503.7259826660156,507.2160831580189,502.4436237830534,504.20688886283114,284330
2015-09-16,505.1686706542969,507.32534142786307,502.05745042168337,505.11765759443836,268231
2015-09-18,509.5841064453125,517.1763485971973,506.3927639400428,507.1213572619358,194830
2015-09-21,504.0028991699219,507.7043148265898,499.83516070728575,505.9555754832691,259722
2015-09-22,499.7186279296875,507.1214018841326,493.7220276818515,504.5275172029516,849062
2015-09-23,501.5400695800781,503.62393847782135,493.2774533132574,495.46334832156174,219969
2015-09-24,500.2649230957031,505.372568712167,497.9406301920504,499.68931143645466,595619
2015-09-28,502.77880859375,506.23247939954507,499.10655978382283,500.5638041199152,328865
2015-09-29,501.4234924316406,509.89010382403785,492.5634752485589,496.9206245112463,447917
2015-09-30,512.636962890625,516.4549295830922,500.63656027364846,502.6038195472642,513619
2015-10-01,514.2837524414062,520.236602511276,510.2544696125542,515.2965779483411,173573
2015-10-05,526.8159790039062,529.9271989981067,515.4422002764277,518.4950866970454,419343
2015-10-06,525.0673828125,534.0440105028254,519.5079963650438,527.3770929636667,356246
2015-10-07,531.1077270507812,531.894596437749,521.6938847826667,524.6083738269759,215089
2015-10-08,532.4992065429688,535.0930905957657,529.7304370631455,531.1512514635319,231207
2015-10-09,530.85986328125,537.5413057261754,529.0310019292654,533.3808882462778,237396
2015-10-12,527.865234375,537.4758069630799,526.837883192918,532.5794176817045,156464
2015-10-13,531.1951293945312,532.4774883367757,527.5228227531212,527.9600364258376,113400
2015-10-14,529.796142578125,533.1988003790908,527.8142994700495,528.9800488452377,172452
2015-10-15,531.093017578125,535.6833280869413,529.1402838667271,531.8944701720169,407036
2015-10-16,531.756103515625,533.9346782120667,526.7139957124276,532.185996625456,259255
2015-10-19,525.1256103515625,531.6394880976246,523.1510302755568,531.6394880976246,284654
2015-10-20,525.664794921875,528.2514164406459,523.2967513947959,525.6575320455688,299579
2015-10-21,530.0073852539062,531.603027549813,523.2967185358419,526.2112068591434,162796
2015-10-23,531.5230712890625,538.1098100390742,530.2261287680574,531.9310605852259,145654
2015-10-26,537.7454223632812,541.3374914039324,527.5373912532299,532.0767469510381,213210
2015-10-27,537.2062377929688,542.0953067551324,534.9548036092677,536.9949226615663,367231
2015-10-28,538.7946166992188,540.783780327051,534.8236099622807,534.8527767534274,213605
2015-10-29,535.1004638671875,539.0349828701,530.8744499098708,538.0149522762422,464054
2015-10-30,540.936767578125,547.7785705655899,535.982159753132,540.4922910387902,716790
2015-11-02,537.8983764648438,544.5507102211128,531.9673731590284,540.9367374504487,126944
2015-11-03,539.0276489257812,542.0951761045998,537.4319491514378,539.7781460200973,381839
2015-11-04,538.8165283203125,542.8749782810274,534.5176540500569,541.359457795186,199127
2015-11-05,538.7216796875,540.0550514573158,533.7451687179753,537.7234377581524,194338
2015-11-06,537.5850830078125,541.9349695441045,533.0894778087971,538.5978507704895,206671
2015-11-09,531.7415161132812,533.6432368658484,528.2514158427176,533.2060232410842,439122
2015-11-10,527.6976318359375,530.4736644569077,523.4425087445749,528.9727277165123,292722
2015-11-13,527.96728515625,528.9800529906332,518.1600380242182,522.5609379324326,461066
2015-11-16,536.4994506835938,538.3064660332698,525.1620995378994,528.2514738299417,203612
2015-11-17,526.7139892578125,538.1971154076504,521.9852803913712,537.5777534596043,288665
2015-11-18,526.3570556640625,528.3753284422403,521.9998483305606,527.0856490243232,222173
2015-11-19,534.13134765625,536.2661719200343,526.356958203997,526.8669734617453,162861
2015-11-20,536.8200073242188,538.8892930525482,531.8362330308655,534.0804042128218,275775
2015-11-23,535.2243041992188,540.9294082894537,531.5301520301359,536.7033945852297,261193
2015-11-24,538.503173828125,541.949524140327,531.9091157795714,533.3517767308132,440749
2015-11-26,543.5379638671875,544.995208220457,536.2808512499402,538.503176268569,434489
2015-11-27,544.2228393554688,546.4670105419706,541.5269287810797,544.0406910250205,349772
2015-11-30,545.257568359375,546.7585631457323,542.3868293676335,544.2812300455763,187572
2015-12-01,544.1937866210938,550.0956243320683,542.4815343141389,546.7585624634758,178674
2015-12-02,547.4069213867188,548.7694600747054,543.9969432285023,544.2957010768752,387497
2015-12-03,545.599853515625,551.5672858954963,542.8675135269201,545.4905645274265,586229
2015-12-04,542.0296630859375,547.1955855469093,539.9093643634909,543.6909019175195,271368
2015-12-07,549.3887329101562,552.2959584507363,542.8384256696844,542.8384256696844,339500
2015-12-08,544.8566284179688,549.3449699782796,543.6762382801417,547.9678481508146,84334
2015-12-09,539.326416015625,545.7892797761946,537.8691719781034,543.7126738786528,407205
2015-12-10,540.8565063476562,541.9493961180775,533.3516507395701,539.1806843911447,194513
2015-12-11,527.719482421875,543.5524946837461,525.6283505230543,540.4922299602142,202167
2015-12-14,532.1131591796875,541.9859447916489,522.5973497193327,525.8761350343153,246644
2015-12-15,536.827392578125,539.0350767184117,527.3771210524928,532.3682164660473,170495
2015-12-16,542.7874755859375,543.5525562639665,537.461250556838,538.0514457698523,245024
2015-12-17,544.5215454101562,546.4670164123726,539.9093882364032,543.3484755643411,267622
2015-12-18,542.328369140625,548.6381940044247,537.2644156396792,542.3866450704782,478979
2015-12-21,540.3173217773438,543.5524138229393,537.4173595363432,542.3866070981484,111611
2015-12-22,542.8894653320312,545.44692010849,536.4120171024567,540.3465363084501,330421
2015-12-23,544.8203125,546.6856036824651,542.2191074570117,543.8730835135523,171837
2015-12-24,541.8912353515625,546.4670205352343,540.4194076443723,545.3594894956027,105908
2015-12-28,538.481201171875,543.5450967081247,536.5576344743964,542.0951732204145,138746
2015-12-29,545.3594360351562,548.6528043991752,535.2170027830459,539.1807461199106,400374
2015-12-30,542.9186401367188,546.1610537237184,539.3484171584325,546.1610537237184,173392
2015-12-31,547.173828125,548.2011794262837,540.7910846507,542.823940979173,378087
2016-01-01,549.0535278320312,552.3104665158872,544.2810690540927,545.4760426989437,149348
2016-01-04,532.9509887695312,551.2758588080059,529.4317795289655,547.9314773666742,429103
2016-01-05,533.2205810546875,537.9711936281739,528.4699684812012,533.7160705916912,214175
2016-01-06,532.2442626953125,537.2863127631659,524.9944711827812,533.2060173754631,334983
2016-01-07,518.3712768554688,531.8872005674226,515.8647777076035,529.1256937792723,543534
2016-01-08,521.067138671875,524.1419290863898,512.1998011877272,520.2511026803056,173431
2016-01-11,527.8287353515625,530.8088200249864,514.5313900280133,518.3420940465832,334627
2016-01-12,517.27099609375,531.9964764789358,510.3782388902969,528.1056502365933,589249
2016-01-13,513.9703979492188,523.8723496249734,509.4529466453688,520.236530783289,378449
2016-01-14,509.9192810058594,513.5113497469268,506.3927510769715,512.6588840535903,540915
2016-01-15,510.5749816894531,513.2417252329741,501.146616050368,510.32723692570477,374107
2016-01-18,510.1815490722656,516.5132784723337,507.2233680478178,511.4930746538958,409719
2016-01-19,513.3438720703125,514.8667130318565,507.9447872637721,508.60784186768,360945
2016-01-20,506.560302734375,520.1709901753424,503.9154053570165,505.6203943408868,568115
2016-01-21,503.0775146484375,511.3473950853588,500.7896508133372,507.8864613626737,294277
2016-01-22,502.35614013671875,510.1815433556996,500.5637660540118,504.22143119047,252827
2016-01-25,501.98455810546875,507.8353810145896,499.83509270758776,502.7641644210048,378994
2016-01-27,498.9243469238281,507.6751333382863,497.6857382508299,498.67665977435524,607330
2016-01-28,487.4704284667969,502.42901407058815,483.95842424471675,501.29237391737126,953461
2016-01-29,494.5380554199219,501.87523193330634,488.35204477435633,488.35204477435633,588646
2016-02-01,501.0591735839844,520.2292460853488,498.37784664561923,511.7844813374449,1164947
2016-02-02,501.17578125,506.9755910591852,497.4015067992474,503.6239468090025,520248
2016-02-03,497.2120361328125,504.6439755011893,496.1919479397032,498.66928027645247,458500
2016-02-04,500.2942199707031,503.7988462457514,496.04630165919525,499.2959779011096,196308
2016-02-05,504.6658630371094,507.12129138316294,499.31047224939294,502.6038404486457,469336
2016-02-08,499.75506591796875,512.5350783130032,498.0937692148409,506.97569164610854,317997
2016-02-09,495.1864929199219,504.5784286826842,494.0061027019845,498.3559887946902,228284
2016-02-10,499.1648254394531,501.87526180510457,491.8202703290322,495.171972582308,229664
2016-02-11,494.31939697265625,501.24864162310774,488.57786308338126,498.9607204616121,350641
2016-02-12,493.1172180175781,495.74753189502326,484.5413180269486,494.3193968882828,234091
2016-02-15,506.0138244628906,511.48576717849147,493.2774498014451,495.45608191857195,392020
2016-02-16,501.4527282714844,510.74996034981814,498.29049462329516,506.53852916491104,165997
2016-02-17,503.5948486328125,509.99943782853427,495.4415777483983,502.60392708782416,440224
2016-02-18,502.5310363769531,509.307242344677,497.64928829208793,506.6841911544693,236573
2016-02-19,499.4854431152344,502.6039264166024,496.92066770453266,502.6039264166024,208032
2016-02-22,507.54388427734375,509.1322635095258,499.83503417666384,499.83503417666384,218239
2016-02-23,496.6001281738281,509.3073397170655,492.5489987415721,508.36011059453926,408669
2016-02-24,490.77099609375,500.56371549496396,489.64893948111455,494.5889628971264,306772
2016-02-25,481.1022644042969,497.08096790395354,477.99104399137735,492.54893281835126,716900
2016-02-26,480.9783935546875,484.0969056753237,471.1274252421515,483.6597496644385,540740
2016-02-29,484.9202575683594,489.78015962953253,474.122060361856,482.3482193072387,409466
2016-03-01,499.0846252441406,502.1667363105325,482.49391015954797,488.177168485749,621251
2016-03-02,502.9681396484375,508.2871008021409,500.359672126129,501.7294735138854,177747
2016-03-03,509.59136962890625,514.2618603358119,501.2923804214082,504.061150330024,323778
2016-03-04,512.2654418945312,514.538779907664,502.7496325206119,509.8901353998136,658962
2016-03-08,514.3128662109375,517.030623020643,510.1888781952768,513.4604005073438,377983
2016-03-09,529.2568969726562,532.1859687387297,512.95029936834,514.4075435544681,548057
2016-03-10,524.8268432617188,534.0512147415575,521.9852717912877,530.2915234995171,283986
2016-03-11,522.05078125,529.1256868446532,519.5079101144349,523.391473525691,267091
2016-03-14,522.757568359375,528.659462333904,520.7830459194889,523.4425267640798,309203
2016-03-15,517.4021606445312,528.6884958643849,516.5933876072651,522.7138010558382,730801
2016-03-16,521.8832397460938,524.2658089455313,515.8502106976123,518.633563843527,217046
2016-03-17,529.7233276367188,533.3445637490174,523.5883289397402,524.6083597285157,537526
2016-03-18,532.9073486328125,539.909395780944,530.4737085373681,530.4737085373681,479860
2016-03-21,544.1717529296875,546.4523534748099,530.4517776396438,533.6431773560913,956221
2016-03-22,546.3504028320312,550.3286722510582,544.2374245499664,544.9878641455198,401262
2016-03-23,550.9844970703125,557.687786624222,549.672971365878,552.4417414483642,527455
2016-03-28,551.7860107421875,554.7733591651723,544.0480485803705,550.6858000496874,659734
2016-03-29,548.9442138671875,553.7385763382865,546.1244889094331,549.4251199819621,817080
2016-03-30,559.3855590820312,562.3364777500185,550.4235140638391,552.1503496589394,869490
2016-03-31,560.1868896484375,563.0504225938697,555.5164569236166,559.8736060710305,1310796
2016-04-01,561.447509765625,566.4313423071619,555.3562613559841,555.3562613559841,278108
2016-04-04,565.1488037109375,566.8683760119687,561.3308367314822,566.4312200609423,366713
2016-04-05,558.9046020507812,566.3948761350434,557.0976443995177,563.7936710205681,413653
2016-04-06,570.1618041992188,571.2401684384956,558.132232630057,560.2452685656681,762998
2016-04-07,569.7683715820312,573.418774222892,568.325710600562,573.418774222892,480327
2016-04-08,580.355224609375,581.732288992879,564.6825141972377,568.5442315841295,759200
2016-04-11,583.9109497070312,587.0513371384133,570.4241901163923,581.8489842659528,644037
2016-04-12,589.0112915039062,590.3154966558922,580.0856771237942,583.0438583489298,572691
2016-04-13,593.6161499023438,600.2684834587157,587.68514677475,589.4557322614673,432324
2016-04-18,596.1080322265625,598.9278152431107,584.7998486539951,593.6817703092595,621439
2016-04-20,596.457763671875,603.153789596871,591.4594062173693,596.7419381102668,437943
2016-04-21,583.262451171875,600.7056911564033,581.149472763365,597.7766190056971,317673
2016-04-22,584.7925415039062,589.7034566729138,578.1839577132615,580.4208084714868,395909
2016-04-25,588.5376586914062,590.9129650468712,581.4408487715241,585.2297068100378,294038
2016-04-26,595.6199340820312,598.9278865549169,585.812686195901,587.2699306802361,414113
2016-04-27,602.0463256835938,604.3196059425131,593.0988080236966,595.576140519458,513444
2016-04-28,600.0498657226562,602.5708906182487,595.2846698406887,600.3849955640449,480256
2016-04-29,595.5397338867188,602.1337340529742,590.8401340094942,600.6692268829329,177105
2016-05-02,593.2080688476562,597.4705123621183,590.1842915222522,593.8274307631214,104858
2016-05-03,603.6565551757812,608.968196330754,592.3702183757636,596.1590188306395,675922
2016-05-04,603.9114990234375,605.9079251589867,597.2008902671363,603.0080203674942,343713
2016-05-05,599.69287109375,606.7969440205713,596.873088193777,606.7969440205713,191253
2016-05-06,599.2265625,601.8350303466772,594.7528035230448,598.1846279366222,214966
2016-05-09,602.4471435546875,607.3507962322363,595.2993770658243,602.5710159624887,736660
2016-05-10,614.3455200195312,623.701085879747,597.4706281317791,602.4471401218085,497754
2016-05-11,621.4423217773438,626.6082449186966,610.3672410631477,614.6734355287072,1002248
2016-05-12,620.626220703125,624.4296046306235,614.986654804354,622.2437670373848,276507
2016-05-13,619.5843505859375,621.2091599656061,606.6512990850555,619.2855927097199,377387
2016-05-16,621.8866577148438,622.9722846822335,615.2634340006044,620.742697175669,178304
2016-05-17,624.05810546875,628.0728629160672,620.2037077517765,622.2729938623471,272710
2016-05-18,621.60986328125,622.9724020457028,619.285569745459,622.9724020457028,145842
2016-05-19,619.6570434570312,623.4167342232547,614.2506398382287,621.6607323911009,343674
2016-05-20,613.026611328125,619.3291736080391,612.0429527831576,618.6005803464869,146899
2016-05-23,613.6678466796875,620.6407265973029,610.7752044911459,615.6569524852829,176205
2016-05-24,625.2091674804688,629.369642542326,611.0083428848258,613.6459773212956,183696
2016-05-25,632.947265625,634.6230879921235,625.7411660403011,628.9470921027879,445856
2016-05-26,631.1329956054688,635.3590100666792,625.8868927868957,632.9472737909232,398812
2016-05-27,635.5411987304688,639.0021327327651,631.0018427194291,631.7159103790748,330855
2016-05-30,634.1565551757812,641.8216545097426,632.5900223312576,637.143902241325,244097
2016-05-31,634.9144897460938,638.2734548107729,628.9106271818383,630.9872334217802,580552
2016-06-01,634.7760620117188,639.7307273603221,631.2859615239431,634.9363640771297,302255
2016-06-02,632.6483154296875,635.0163584096373,630.258426183991,634.6301579333785,423406
2016-06-03,629.3477783203125,636.7651925628506,628.0945862947063,632.5901914858692,124048
2016-06-06,629.3331909179688,633.0272854618037,626.7975826840251,626.7975826840251,126050
2016-06-07,630.542724609375,638.6085519637411,628.82315224008,630.4334356172799,762415
2016-06-08,631.2932739257812,635.2132674965019,627.9124624839981,632.4444975177354,237564
2016-06-09,627.3077392578125,634.9218285504279,624.4296800239373,631.8616209652799,162725
2016-06-10,628.24755859375,633.238653277402,619.6061192419417,626.4406010922125,230455
2016-06-13,628.3495483398438,631.5263648199226,623.8102509362147,627.3440435283021,722376
2016-06-14,622.4915161132812,628.5099626641203,620.087100285685,628.5099626641203,335864
2016-06-15,628.8887939453125,630.2585955249716,624.1163346881222,624.7574852928414,188713
2016-06-16,625.0780029296875,629.3841388011655,622.2509574331793,629.3841388011655,172543
2016-06-17,630.4625854492188,633.9017304097481,626.9069462548929,626.9069462548929,537727
2016-06-20,629.6537475585938,632.4444211139534,619.3364866629795,626.6154445242853,168460
2016-06-21,627.8540649414062,632.0072194864588,625.7483497024045,630.8123034725389,154540
2016-06-22,623.2492065429688,630.2221442389355,622.0761367318535,628.8013296463267,1113775
2016-06-23,626.5717163085938,628.0727106889176,622.287426434863,623.7009780934145,367944
2016-06-24,625.3331298828125,629.675753886403,617.8647596178041,619.3292668792025,1172879
2016-06-27,636.5975341796875,640.896407017087,623.7009156674891,624.8375556530169,659546
2016-06-28,649.7855834960938,651.8985614125252,637.617558310592,637.617558310592,735941
2016-06-29,651.9204711914062,655.9133237033537,648.4741212731614,650.3029826056151,749972
2016-06-30,679.899658203125,684.5846746834566,652.1172533919871,655.4033591589501,1755467
2016-07-01,676.6353759765625,681.2621159696495,674.3256085969048,678.4933463778129,927421
2016-07-04,667.4037475585938,680.5335292683258,665.8590605760517,677.3276034307623,590253
2016-07-05,661.276123046875,671.9795861399169,659.3962484078098,668.2927538402434,548530
2016-07-07,663.1048583984375,665.9610709089798,658.6748497954787,662.3034057789832,365242
2016-07-08,661.7132568359375,667.1706169445895,659.2213407965918,661.8808217760586,992566
2016-07-11,665.1085815429688,671.462156904959,663.0465588491654,663.4982982015076,662527
2016-07-12,676.0963134765625,686.4500056695426,663.9282854572243,665.975725047777,890118
2016-07-13,674.4859008789062,678.0488601064195,671.0613974215424,676.7446551707806,461092
2016-07-14,693.758056640625,695.8346629711906,672.671735055598,674.369461315914,1105687
2016-07-15,702.6254272460938,706.1155278916822,691.4629615953788,700.7893027504115,913591
2016-07-18,699.1279907226562,706.5745140582301,695.3974661785494,703.6891923354003,370433
2016-07-19,693.656005859375,703.1208012578135,691.5575535056591,703.1208012578135,424268
2016-07-20,705.539794921875,708.4834500247124,695.5722471876218,697.2918195035113,1099135
2016-07-21,714.2249145507812,719.1504120071353,702.6325588638608,705.8894972228587,1079343
2016-07-22,712.7387084960938,721.3218723359205,706.9097312277773,714.487390148213,824591
2016-07-25,708.3670654296875,715.9010327626048,705.408826234775,713.3216736796963,655249
2016-07-26,707.7039794921875,714.4874491783297,706.3268572717171,708.3670340693116,405682
2016-07-27,709.6929931640625,716.8189699894695,707.2011348978352,707.7038873335982,529665
2016-07-28,704.9642333984375,716.7461175247172,702.5088047738361,709.6929999620419,1157527
2016-07-29,713.2487182617188,716.5275035390689,704.8622862169203,708.221251345907,653499
2016-08-01,726.8885498046875,731.3914758460476,715.7989437518042,715.7989437518042,477579
2016-08-02,727.3985595703125,735.3332519030365,724.3310318969947,728.6226424323787,822083
2016-08-03,724.0177612304688,730.0798997131797,718.1960470135717,727.8940044822527,379214
2016-08-04,727.9667358398438,731.0779555631751,724.0540636101075,725.2708257618408,673427
2016-08-05,767.3051147460938,781.2364054088746,728.476859333361,730.0798220994232,1245334
2016-08-08,770.314453125,778.7518980989238,767.3999645593678,769.425500103775,526463
2016-08-09,755.7785034179688,773.7681887700489,751.2100384610504,770.2999344045395,407107
2016-08-10,705.8168334960938,757.7676172486703,700.2938765673521,757.7676172486703,1733199
2016-08-11,661.5311279296875,706.2977140883421,658.00459771376,705.1610162155391,3967801
2016-08-12,664.7296752929688,672.7080594334582,605.5654835939245,647.315547614939,13958165
2016-08-16,653.5162353515625,668.1105824977573,642.7909263551638,665.2325235182972,3278955
2016-08-17,658.6967163085938,668.7298612474091,651.4177578475535,652.8458929676506,2076951
2016-08-18,674.2674560546875,677.6118379740703,659.1120798501045,659.1120798501045,1702111
2016-08-19,675.0908203125,684.1767371475137,671.0833837938792,677.764827189344,1620110
2016-08-22,656.0881958007812,677.6189910930643,654.3030846859041,675.090703330439,1723018
2016-08-23,659.6366577148438,666.6897756582586,652.0225690060273,654.3468624886918,1658113
2016-08-24,666.420166015625,670.719039581879,655.1046043689928,660.2778475718269,1011366
2016-08-25,659.8916015625,673.9758733009745,658.0408940974933,666.689652940487,1746251
2016-08-26,660.6348876953125,666.1651070972259,656.9262092750427,663.0466238641669,526736
2016-08-29,659.23583984375,665.8153135547872,657.7275826500036,662.1721743888329,449226
2016-08-30,682.4570922851562,689.9764749139869,660.8680196056855,660.8680196056855,1861926
2016-08-31,680.4970092773438,692.8253367122253,678.7264816611802,686.362415193164,1267660
2016-09-01,670.8792114257812,688.4026284350244,667.5639968540814,677.7647058485873,1081643
2016-09-02,672.2418212890625,676.1618147876985,661.1594787011326,674.4131331600756,1341988
2016-09-06,685.1748657226562,692.176970333084,674.9231426730514,677.611790368471,1047250
2016-09-07,681.1862182617188,691.3623528938689,679.7932275209929,687.3960093953247,828421
2016-09-08,700.2994384765625,706.7438399592361,682.2711803786334,682.8577363339415,1683057
2016-09-09,690.1380615234375,700.7394550283256,687.8726315089534,700.2995814721708,749972
2016-09-12,679.587890625,688.5763550009561,671.1273440331091,683.2976411618712,694425
2016-09-14,691.7288208007812,694.7200645771647,678.9060228915956,679.5878151199203,820275
2016-09-15,693.2757568359375,700.5925962746627,688.75951436863,692.828517403253,758954
2016-09-16,711.6488037109375,714.6033922967023,696.4945094157997,696.4945094157997,1202004
2016-09-19,712.38916015625,719.1854492448686,708.9579844997262,711.6486716406336,555789
2016-09-20,715.109130859375,722.858537115118,706.3919333246608,712.7703889354896,741035
2016-09-21,713.8921508789062,720.6884402685178,712.3231874792768,719.2221372221966,666312
2016-09-22,722.499267578125,724.3394977714372,715.6149924090317,719.9552630162536,697568
2016-09-23,718.4083862304688,729.6329336382707,716.1063001481693,722.8879739576691,674523
2016-09-26,710.5343017578125,724.1269388133805,708.3715322706453,717.4625997424886,722752
2016-09-27,708.0636596679688,718.3277819322587,705.4756325241799,718.3277819322587,451008
2016-09-28,715.7323608398438,718.232401575234,705.5928814114972,708.0782480956148,588737
2016-09-29,690.27734375,723.0345820102189,684.0015478594545,723.0345820102189,1997101
2016-09-30,709.185302734375,713.005021794155,690.277296087105,690.6218752652358,866800
2016-10-03,718.5183715820312,723.0712716741226,711.9859824934942,713.3569913392847,526904
2016-10-04,721.025634765625,723.5989873482739,715.5563325244011,720.9596305454877,480858
2016-10-05,723.4083251953125,731.8982773289029,718.7821718653906,724.2075098436117,752227
2016-10-06,739.89697265625,747.0818630752303,724.5008203300044,728.7531047820621,1656533
2016-10-07,751.4442138671875,757.639331251758,736.0846588484204,744.1492966862812,796485
2016-10-10,743.9293823242188,760.0587164857387,741.2167128788419,755.2199336373433,559497
2016-10-13,728.6065063476562,750.0512099979784,724.1342849881274,747.8150703181144,906495
2016-10-14,729.59619140625,733.5552268386406,720.8350296809928,732.4188289830197,926208
2016-10-17,711.5607299804688,732.9321219248945,709.0679973556827,730.952575075717,589639
2016-10-18,717.7559204101562,720.9817758995908,712.6972003926619,717.0227977990149,538125
2016-10-19,720.468505859375,725.6739077908675,718.0857416512637,721.7881844053843,735157
2016-10-20,721.4949340820312,729.4862595958878,719.1121698782567,725.5272819652652,516430
2016-10-21,712.40380859375,724.6841328712424,709.837821759823,723.6210472113556,383026
2016-10-24,712.6604614257812,716.4361584347025,707.4917156172,715.5564114035907,513870
2016-10-25,713.3201904296875,716.289452321798,705.8053953941113,714.4565882156023,752371
2016-10-26,712.6604614257812,723.6210491897814,707.5650278697927,712.4771227940998,325716
2016-10-27,702.7628784179688,716.802696333635,699.0604357821206,711.084108817005,1155961
2016-10-28,707.711669921875,718.342410812985,698.1440727201175,702.8728871301885,1470425
2016-11-01,705.6221923828125,717.6458657620125,703.8625823271543,716.216218841915,632709
2016-11-02,686.1203002929688,705.292207686574,684.2507799162074,702.3596016837258,748747
2016-11-03,666.9484252929688,690.6292112161112,657.2341456866385,684.8373111791642,1053749
2016-11-04,660.093505859375,678.8621986738315,648.87626592725,666.9484922623633,850844
2016-11-07,673.4734497070312,681.0982721057735,665.7753730546674,667.1683638774952,1203799
2016-11-08,667.6815185546875,679.5219689973147,662.4028625247385,674.4998478435946,863163
2016-11-09,656.794189453125,665.775287392021,600.9279972206474,630.5473619581389,1700352
2016-11-10,674.7198486328125,679.8885947779163,659.9101926428833,668.634699270636,736738
2016-11-11,659.1036376953125,677.2858298111232,653.2384256579926,667.1316771214982,2923496
2016-11-15,600.6714477539062,659.8734673828723,595.0261725273492,656.9042052702232,1943296
2016-11-16,598.8019409179688,613.2450344343183,585.2385944177224,611.4487682760432,946900
2016-11-17,601.0380859375,608.5162263636172,597.8855427971001,601.6246420102613,689019
2016-11-18,600.1583251953125,604.7038591549809,587.4014704051572,602.504375432449,885441
2016-11-21,577.320556640625,604.0439151181969,573.2515528641537,604.0439151181969,1414258
2016-11-22,590.5172119140625,592.8999176930939,577.0638359916296,580.2164362842042,1091699
2016-11-23,595.5027465820312,599.5717507437541,588.7211309793615,595.8327097304318,933245
2016-11-24,594.036376953125,601.0746426608309,588.7210650490194,594.5862768054086,2164397
2016-11-25,603.4573974609375,605.5835105900354,588.7577121712294,594.5862677150357,1418871
2016-11-28,615.8842163085938,622.4459515562969,601.0745643531252,603.3840158314122,942739
2016-11-29,622.7393798828125,625.0854881555812,615.9577059695004,617.3140407521628,802374
2016-11-30,638.062255859375,641.8012969028978,617.3140174798219,625.4153697411251,1572461
2016-12-01,640.0050048828125,647.3365194991289,632.1236484203454,641.5079639291525,1399065
2016-12-02,639.89501953125,644.4405526727118,633.1133469410647,634.9096129245416,1604679
2016-12-05,639.2720336914062,645.1005906405867,624.8289377795821,643.4876628433515,612974
2016-12-06,640.8848876953125,648.1064348197148,635.2762681824282,642.4978153068305,606645
2016-12-07,642.6077270507812,645.9068942380927,637.8422568913094,643.9640616500443,1017384
2016-12-08,655.6578979492188,659.1036899944949,644.5872832502466,647.3732649890582,1429123
2016-12-09,643.9640502929688,658.3704868904035,642.5344034703211,658.3704868904035,2111817
2016-12-12,631.7937622070312,645.7969829285921,624.3156221882559,642.6077838323764,556573
2016-12-13,623.5823974609375,632.8200880881082,617.313910678036,630.5106944314117,552178
2016-12-14,623.839111328125,631.9771198880064,620.0266999486826,623.1792430123544,374088
2016-12-15,609.5425415039062,626.8449273969674,607.3064020218768,620.0999108284234,721999
2016-12-16,599.351806640625,612.7684711716,597.115666885362,612.4752221545691,968447
2016-12-19,604.2271728515625,608.4428009647806,597.885431620473,599.7182957565958,432188
2016-12-20,607.673095703125,611.0455754005097,601.1846711981422,604.1172773698335,508097
2016-12-21,607.5997924804688,612.181982441823,602.3943903482507,607.8563853742706,424268
2016-12-22,600.1949462890625,608.51617701972,594.8062636835942,606.9032494507758,434629
2016-12-23,607.4530639648438,609.9823943423203,596.015890083412,599.3517131320989,272789
2016-12-26,597.408935546875,607.3430933621971,595.2827643095061,607.3430933621971,382658
2016-12-27,594.8795776367188,600.9647266642615,586.5582888820811,596.6757858436079,800041
2016-12-28,594.6596069335938,608.8461071460073,590.8105398526499,595.832660920184,456126
2016-12-29,618.4136962890625,621.78623371033,595.3194100791015,600.2315627143533,1755798
2016-12-30,632.5269165039062,637.109106256579,615.5177780298128,615.8476831639622,1077749
2017-01-02,640.2615966796875,642.2411433229279,630.4740638333117,636.3759316396277,418300
2017-01-03,637.1824340820312,645.9069402884138,634.1765156748037,640.7749085200599,281115
2017-01-04,635.642822265625,642.24121514736,631.9770935537065,637.622369130246,223658
2017-01-05,634.7630004882812,645.6136188384036,630.2907215059196,636.3759278916699,504004
2017-01-06,627.0282592773438,634.1764937794906,623.9123725969565,634.1764937794906,612062
2017-01-09,629.4843139648438,634.5430331300789,623.8023826849266,628.5311967307283,300830
2017-01-10,621.8963012695312,633.4434462161761,620.4299980699606,631.2439624167172,373768
2017-01-11,628.9711303710938,631.4272069399186,622.2994830948745,625.5253383493235,447515
2017-01-12,627.2481689453125,633.1500369204093,623.6557527866432,629.1177472729715,425330
2017-01-13,620.283203125,629.0810787280362,618.2670583410887,629.0444226046959,300108
2017-01-16,626.6616821289062,632.7834869574928,613.3916429794502,619.440135558602,447541
2017-01-17,619.8433837890625,632.636893954111,617.387307310331,627.3948358577678,358153
2017-01-18,634.249755859375,636.8524565748223,619.256821653784,622.4460203331881,1677493
2017-01-19,634.0298461914062,636.9257960124683,629.081095408661,636.9257960124683,1948333
2017-01-20,632.93017578125,648.9861980413976,629.704320477884,630.5108133038271,1047342
2017-01-23,647.8864135742188,650.3057756759254,630.144096160603,633.9931630499553,1923500
2017-01-24,668.1581420898438,672.227146206737,648.6929265577498,650.8190979342314,1723320
2017-01-25,680.4384765625,690.9225359813034,663.5026481165975,666.4353125836113,4236177
2017-01-27,682.711181640625,688.9429550515837,678.1656480232034,680.8049470912358,897493
2017-01-30,710.8275146484375,737.2210266772931,685.4971462459883,686.7435124973713,5959967
2017-01-31,667.5715942382812,709.3612617345034,664.7856125385197,701.0400307630437,4739617
2017-02-01,688.9429321289062,692.8286553500828,674.4998389862697,674.4998389862697,2141926
2017-02-02,698.14404296875,700.4900930101055,683.8109178403203,692.8286727497091,1227311
2017-02-03,692.3154907226562,704.5591597809712,689.1629476358495,695.3947795518437,853491
2017-02-06,692.9385986328125,706.0253566866454,690.4825223649456,705.145551724966,836269
2017-02-07,696.7510375976562,703.092779201848,690.9957939914669,696.1278254745811,765374
2017-02-08,715.6297607421875,717.9024986905393,694.8082099238441,696.897725231419,1014482
2017-02-09,714.5665893554688,721.0549552690785,700.2334649472103,721.0549552690785,963016
2017-02-10,741.2899780273438,751.0775694852687,732.4921599528625,741.2166657767331,8426063
2017-02-13,733.3719482421875,747.8150412852409,731.062496400199,743.4161323482793,2536650
2017-02-14,741.2166137695312,744.1492195885932,731.0991178937485,736.4144876908709,1971538
2017-02-15,737.9908447265625,758.0792143215562,732.8588129469355,742.6830029822733,2716241
2017-02-16,752.9838256835938,756.5395859409998,737.1843972198511,741.2166871199488,1763308
2017-02-17,762.91796875,765.960601178019,751.6274760540759,758.7390544276001,1933919
2017-02-20,773.7319946289062,776.0047904326096,758.8123714019922,765.4107060575458,2258138
2017-02-21,783.226318359375,787.4052326071122,774.2451617387035,781.1734593602853,2181786
2017-02-22,767.9766845703125,789.8979159450226,753.7535289625891,784.4725777853396,4070205
2017-02-23,751.4075317382812,773.4021365968081,747.1185907508927,768.3433589192821,5867730
2017-02-27,746.6053466796875,759.398856387043,743.1228987823589,751.3341608350637,2527780
2017-02-28,725.9672241210938,761.4517496481913,718.7823327044212,749.9412609296464,32868975
2017-03-01,737.3310546875,743.4162039362425,715.4097621405032,723.987644093623,2428889
2017-03-02,729.5595092773438,742.6096110891484,725.820468724636,742.6096110891484,1172165
2017-03-03,748.5481567382812,754.1567757302207,726.1870510189702,731.685701638534,2025188
2017-03-06,736.157958984375,754.1934689432553,730.9159009758991,751.4808576243971,1038638
2017-03-07,737.6242065429688,743.1961692657126,730.1460674151475,743.1961692657126,1022014
2017-03-08,734.7283325195312,741.9498795292751,729.6695549999152,740.4835764511575,1010544
2017-03-09,740.1170043945312,743.342859519333,731.7224034446039,733.8851729032097,1059449
2017-03-10,732.4555053710938,744.6991732506774,729.486243214704,741.253323464115,834083
2017-03-14,758.005859375,760.2786551209608,734.874916541969,744.8824446488265,3842252
2017-03-15,768.74658203125,781.5400338666994,753.7169325336988,758.1158416061091,1468350
2017-03-16,770.212890625,777.1411304140022,765.5939867653997,773.5120579531152,1221856
2017-03-17,763.50439453125,773.365296645592,755.2930757891634,770.5426594530115,1122134
2017-03-20,778.9373779296875,784.4726268031326,757.8958921848872,766.5104295577305,3200096
2017-03-21,800.60205078125,804.5243723167092,774.3185060799029,784.4726591206621,1588944
2017-03-22,791.8776245117188,801.5551908835307,786.7088781538826,798.4026476866433,1482167
2017-03-23,800.5286254882812,803.3879189516086,790.4477861239956,796.2030291719702,1737726
2017-03-24,775.8947143554688,805.0742066749493,774.2451307972432,802.8014110168281,4762424
2017-03-27,778.9006958007812,783.8494465092379,769.8095711064361,777.0311174885279,1160085
2017-03-28,781.3200073242188,783.7394273360756,770.1760824213537,782.2731244804455,820971
2017-03-29,775.6382446289062,784.4727197989528,771.5692402725294,784.4727197989528,981298
2017-03-30,783.1896362304688,788.4316359286796,771.275874006835,776.4079633339629,2821373
2017-03-31,769.0764770507812,785.9389326065685,767.2068986694416,784.619312102373,2084143
2017-04-03,770.2495727539062,777.1045005225985,766.2172247721924,772.1190932362585,636615
2017-04-05,781.0269165039062,790.3379212224826,771.2759802394244,771.2759802394244,1862780
2017-04-06,783.8128662109375,787.5153090696579,775.6748579473352,781.5400703174338,1173525
2017-04-07,775.0150756835938,787.4053111634191,769.8096734167915,782.4199036686227,1922756
2017-04-10,799.6122436523438,801.4817640250108,777.4344180543989,778.607414052811,1161536
2017-04-11,797.9259643554688,805.000886121214,791.9507842839241,800.601977344606,2100434
2017-04-12,786.1956176757812,801.7017392764503,772.632270790784,801.3351780093425,1318158
2017-04-13,770.2861328125,788.0283921190214,768.3432423180578,786.1955279923611,1230486
2017-04-17,786.0490112304688,788.9449613075642,775.3083018558075,779.2673376321435,1093738
2017-04-18,780.6969604492188,800.6020490974179,777.104486059578,786.7454533091179,2261188
2017-04-19,793.4171752929688,798.2559580843706,777.8743393566762,782.2732486216419,456089
2017-04-20,841.2553100585938,843.7113865079065,793.3804953612454,795.4699525493266,2487243
2017-04-21,828.2783813476562,843.3446266666169,823.3295731478618,843.1246899466598,1038032
2017-04-24,865.1927490234375,872.7442595309578,826.4457130125236,826.4457130125236,1488073
2017-04-25,864.826171875,878.9760172846569,857.8245614261697,865.1194208989923,847232
2017-04-26,854.56201171875,875.3835614916918,851.9959668734627,865.4860013742983,1381556
2017-04-27,844.7377319335938,861.2703402976135,835.7199771896908,859.2541374238464,2002092
2017-04-28,846.8273315429688,870.9846483117311,843.1248885509832,846.7906754143413,922461
2017-05-02,845.4342041015625,860.647075026838,839.6423047131069,852.5091257849512,810301
2017-05-03,849.3566284179688,856.6148315966741,839.752375100816,850.3097457243325,921778
2017-05-04,882.311767578125,886.1608346986234,851.6660291145374,851.6660291145374,2184596
2017-05-05,873.9906005859375,892.9792286902328,866.7690534458756,892.9792286902328,2238547
2017-05-08,868.5653076171875,881.9819730333419,865.999262548467,876.629946118617,740620
2017-05-09,856.0281982421875,876.079908631827,847.9635035406162,868.1251822943524,1248297
2017-05-10,855.1851196289062,865.8158596988308,846.2040211561883,863.6530323603936,1444343
2017-05-11,848.4768676757812,861.197065596903,846.7906278534234,856.3948810156096,967000
2017-05-12,842.5382690429688,853.0589824439418,839.8622560384972,853.0223263205982,697549
2017-05-15,859.8407592773438,863.6531125666418,843.8580495639884,843.8580495639884,1817673
2017-05-16,855.295166015625,865.669255457485,848.9900224748416,859.9873240458327,1481230
2017-05-17,858.4110717773438,862.0034881304151,844.7744128856131,856.9814248612848,1116002
2017-05-18,828.6817016601562,859.2174714133224,820.543694009173,852.6557931183253,1154901
2017-05-19,821.460205078125,852.6558449704485,806.4672692239977,829.9281183650011,1837490
2017-05-22,811.92919921875,831.394414375253,808.5567195834336,826.995505198675,976835
2017-05-23,804.1944580078125,817.2445608933326,795.5066081261583,817.2445608933326,1626708
2017-05-24,804.8910522460938,818.1977491688175,796.9729803250023,810.1330527306916,1883143
2017-05-25,804.4876708984375,816.3647772162351,794.333518429346,806.4672176181689,7612469
2017-05-26,813.3588256835938,820.6170865425091,800.7486544948487,812.845639925977,1903284
2017-05-29,810.756103515625,818.7107719820831,799.868771291724,816.731283396007,944985
2017-05-30,830.294677734375,833.4472206304591,803.6446296242348,812.3324796519136,1309674
2017-05-31,846.8273315429688,854.4887524271287,832.1275859611126,832.1275859611126,9601080
2017-06-01,837.8460693359375,847.340411465526,833.5938429460743,835.7932683891001,1000705
2017-06-02,851.0795288085938,852.5091756780242,839.8989467271144,843.1248017144968,873719
2017-06-05,847.1205444335938,857.4213221399049,840.7787444505659,850.3830557426664,525135
2017-06-06,832.6040649414062,857.0546855474923,827.7652245934505,853.3888991626834,808659
2017-06-07,835.243408203125,839.0191048975362,828.2051425395085,839.0191048975362,1575591
2017-06-08,826.0423583984375,838.1394017019877,824.429430891337,835.0601711884143,956402
2017-06-09,816.5114135742188,828.4617743142691,811.1960434535569,828.0952130646227,1840871
2017-06-12,820.80029296875,828.4617125158484,800.3086506391146,817.6476924563644,986395
2017-06-13,822.5232543945312,830.8078866812889,818.3076260008376,826.188982910666,2065059
2017-06-14,818.7108764648438,826.5556355667499,809.4731845506631,822.6699121424357,2283301
2017-06-15,815.081787109375,825.2359399802124,811.5992811499432,818.3442983133128,802407
2017-06-16,819.7739868164062,824.7960503177098,814.6052408039313,815.2651091034951,658389
2017-06-19,819.1507568359375,828.4618190814745,815.5216842679415,826.9588598765123,953515
2017-06-20,838.176025390625,840.7420120525031,821.2035440974336,824.6493357292272,1766776
2017-06-21,830.0747680664062,841.0720704351402,827.7653160089073,840.9254459235786,1170273
2017-06-22,859.4740600585938,872.2309133405652,826.9954578638695,832.1274892760347,3073243
2017-06-23,858.9974975585938,868.7850883916539,834.3269407997324,862.1866962569519,1734271
2017-06-27,892.0260009765625,895.6184750382912,858.5209704834502,867.3187880221154,2976108
2017-06-28,883.9247436523438,893.7856478075821,880.5156078441115,888.9468650474781,1507641
2017-06-29,892.3192749023438,900.310657956772,884.1446692276245,896.2049980572655,2878392
2017-06-30,910.6481323242188,928.9036369566596,900.3106988577279,901.7770018884372,2987272
2017-07-03,940.9273071289062,944.2997866884403,902.3268408216826,910.5748170925027,1982716
2017-07-04,928.8668823242188,948.7719105050481,920.1057211948498,945.8393047546333,6346903
2017-07-05,943.7132568359375,948.6986637557385,921.0588439499054,927.3639873487145,1340142
2017-07-06,932.8626708984375,945.7661499482847,927.8772634929114,945.6561815643527,1067814
2017-07-07,917.063232421875,936.895009458989,914.3506209789056,929.2702449161462,1175280
2017-07-10,920.4357299804688,926.5575350240582,911.0146995958545,919.3726443261319,401612
2017-07-11,922.0119018554688,930.6630946597733,917.8695860635527,922.4517753200355,1795907
2017-07-12,927.8406372070312,932.9360131603718,921.4988948621718,925.9711166198549,1509733
2017-07-13,943.8232421875,958.2296793401663,936.0518536726537,936.2351342979805,2837551
2017-07-14,932.1294555664062,947.9655392787205,925.4577509375353,947.9655392787205,1982885
2017-07-17,957.9364013671875,975.825343860612,942.100317815731,942.100317815731,5209394
2017-07-18,958.816162109375,969.9600879537949,938.6178255164625,960.4291475870227,7939176
2017-07-19,993.8373413085938,1016.5535829612235,958.0118368435895,1012.81489018097,6366813
2017-07-20,1015.5596923828125,1022.1379588750989,1002.6872443695777,1005.1954049454337,2196435
2017-07-21,1004.34375,1028.8583491386107,996.6769347478462,1017.5002847656907,1593661
2017-07-24,996.8660888671875,1013.7139860743641,989.2940471562562,1007.8456421483529,895251
2017-07-25,1018.020751953125,1020.9549823061732,996.3456114752256,996.6769086441644,1074840
2017-07-26,1012.5309448242188,1018.1626482068326,1009.5020583997109,1017.5001699267834,763390
2017-07-27,1013.3827514648438,1022.2326540607095,1010.4013091574072,1017.5001856996292,1398812
2017-07-28,1014.092529296875,1027.2017327484568,1008.0822013751264,1010.5904776890239,599339
2017-07-31,1013.0040283203125,1024.9773551870226,1007.0882411170293,1012.767387552151,921924
2017-08-01,1040.5950927734375,1043.0560413742012,1008.035054979435,1008.035054979435,1116661
2017-08-02,1046.037353515625,1051.5745161778204,1029.0001440942071,1031.697733186036,581586
2017-08-03,1065.96142578125,1071.2145032943495,1042.3459510502291,1050.6279146612535,930797
2017-08-04,1066.0562744140625,1069.5583267212346,1047.12605188807,1068.6118793951591,360246
2017-08-07,1064.9205322265625,1076.3733699139864,1061.039854101201,1066.0564083610618,700765
2017-08-08,1049.3502197265625,1071.9244760474012,1045.7060674061229,1054.2720003665095,655510
2017-08-09,1033.4013671875,1064.5888823767984,1027.201726674915,1048.7348779210774,693680
2017-08-10,1013.4776000976562,1035.2947276635332,988.1584197599834,1028.8584441907576,2477540
2017-08-11,1004.0123291015625,1021.1441958867181,983.8989040856849,998.5698224265046,1142027
2017-08-14,1049.3502197265625,1057.7741682069166,1012.909508524912,1012.909508524912,1361312
2017-08-16,1047.3154296875,1063.169438388815,1030.9406951238268,1057.2537652316141,1167816
2017-08-17,1041.825439453125,1049.1609565998094,1034.3007256578605,1041.1628451817037,742436
2017-08-18,1039.317138671875,1057.2535837419673,1022.7058821137906,1037.376800065401,745456
2017-08-21,1052.0003662109375,1069.274216636776,1038.3233399507403,1052.0476943710169,1302653
2017-08-22,1054.650634765625,1068.564417926753,1049.4922132810218,1060.0931412131415,1198830
2017-08-23,1059.194091796875,1064.825795872677,1052.0478863222047,1060.0933270024532,537994
2017-08-24,1073.7701416015625,1080.3957358989398,1060.5662811660834,1061.0395627588368,1424297
2017-08-28,1081.8629150390625,1087.9206881097882,1074.2908727012607,1081.8629150390625,868389
2017-08-29,1072.255859375,1088.109866250116,1063.5479412344796,1084.7024704561738,861281
2017-08-30,1110.3055419921875,1123.9826844323054,1077.6508511146635,1079.4493212212872,1524425
2017-08-31,1131.270751953125,1135.8140233586114,1108.9804643704247,1131.081439311197,1392268
2017-09-01,1108.128662109375,1171.970876615681,1091.3280915551265,1145.279299588767,3427305
2017-09-04,1107.844482421875,1120.6697166818822,1094.924591849969,1106.4720818997232,890744
2017-09-05,1116.8365478515625,1122.5629076421924,1103.112076418997,1105.5256967606083,958209
2017-09-06,1122.799560546875,1127.2955041335138,1103.7746825909985,1115.937324756721,828654
2017-09-07,1147.314208984375,1157.8678089780649,1118.9661483016027,1118.9661483016027,1365858
2017-09-08,1150.2142333984375,1157.1552913580863,1136.237029704523,1150.4519528349804,828807
2017-09-11,1172.130859375,1177.122618207191,1150.4995548480817,1155.2535942317195,934212
2017-09-12,1195.7586669921875,1213.6817795728605,1173.3192348813916,1173.3192348813916,1492771
2017-09-13,1169.0882568359375,1205.3622664782895,1162.5275491389439,1195.0933681570843,590214
2017-09-14,1172.5111083984375,1188.5325837241687,1143.4634228356192,1174.2702323393871,998835
2017-09-15,1179.119384765625,1202.699873035868,1166.1406016122717,1177.1226578596588,9867112
2017-09-18,1169.230712890625,1194.1898548087183,1164.0486623504564,1184.7292040957734,535991
2017-09-19,1160.816162109375,1176.1244810792252,1157.2029425043072,1170.4194465571848,459819
2017-09-20,1161.2913818359375,1173.0815667678746,1154.0175166316792,1158.106057900749,551806
2017-09-21,1142.4176025390625,1177.8359408476708,1134.9061330335849,1161.9095512770512,773760
2017-09-22,1118.4566650390625,1136.0943984750463,1114.415551145429,1136.0943984750463,500564
2017-09-25,1084.6070556640625,1113.0367825355204,1075.8594473959215,1110.6597049383845,1071664
2017-09-26,1074.8614501953125,1089.646786190793,1069.2991639343886,1089.646786190793,1764650
2017-09-27,1062.595703125,1085.9860155408066,1053.8480933482917,1085.8433838686335,1147422
2017-09-28,1072.1513671875,1088.22038541935,1046.9545052235962,1058.7446901200199,1683695
2017-09-29,1078.189208984375,1085.6532505309747,1066.826917834191,1081.9926038611095,944999
2017-10-03,1102.1024169921875,1107.2369239212214,1082.1351489995864,1088.4105927299952,648520
2017-10-04,1093.5450439453125,1103.386163351733,1087.792582671477,1100.7713658530276,210926
2017-10-05,1103.5762939453125,1109.8517377689861,1084.8924776135848,1092.4991503426425,368128
2017-10-06,1095.161376953125,1111.277939809524,1088.9334770083633,1110.3746059079094,377535
2017-10-09,1099.677734375,1106.7614238227509,1090.3121714507015,1098.2039904337325,253835
2017-10-10,1097.205810546875,1121.6895163540128,1083.9893078661871,1102.9582718390168,1006981
2017-10-11,1093.354736328125,1117.5057484297097,1090.597424017337,1104.9548617867501,490807
2017-10-12,1080.1859130859375,1101.6270428914102,1071.7235665035105,1094.4959252728725,587292
2017-10-13,1090.7401123046875,1095.018829179168,1073.7202160539111,1081.0891691284667,920668
2017-10-16,1086.3187255859375,1106.7614314770246,1085.082584537698,1098.1089102558824,645842
2017-10-17,1078.712158203125,1095.8270267633186,1073.8629143699648,1086.6039780079248,688736
2017-10-18,1090.2647705078125,1093.0220832072876,1066.6367378178863,1078.8072750910906,339736
2017-10-19,1082.6580810546875,1095.351600953376,1072.5318147765627,1089.6466835414592,101971
2017-10-23,1123.9239501953125,1129.581323641234,1069.2039613699471,1088.6957914035065,648221
2017-10-24,1122.782958984375,1148.5978922177826,1118.551785945243,1122.4976956519654,594993
2017-10-25,1152.163330078125,1164.7617600978479,1121.9270514191396,1133.33700087417,960327
2017-10-26,1134.810791015625,1159.342037682844,1130.8648815614963,1152.1633770599585,420582
2017-10-27,1128.34521484375,1150.4995011229414,1123.305795828034,1139.8502529707598,540996
2017-10-30,1139.469970703125,1144.6994490555655,1131.4829467096624,1131.4829467096624,403677
2017-10-31,1166.758544921875,1175.4110660802385,1138.1386403528732,1138.1386403528732,1071072
2017-11-01,1185.9654541015625,1193.4770399657948,1156.7751338176934,1171.370293959628,1146430
2017-11-02,1229.845947265625,1236.0738469875698,1192.2882568533887,1192.3358007412464,1198653
2017-11-03,1224.5687255859375,1236.0262191356376,1210.2588320168159,1233.2212464717154,733882
2017-11-06,1223.3326416015625,1231.3195477139984,1218.2456792520984,1221.8112373674808,370730
2017-11-07,1194.3326416015625,1231.3198088930405,1168.565250270682,1231.3198088930405,671170
2017-11-08,1191.907958984375,1198.0407712045126,1177.2177126842053,1196.1391321344101,306692
2017-11-09,1166.94873046875,1196.2816770519303,1152.9715270027593,1194.2374064601315,440253
2017-11-10,1184.8243408203125,1197.089964798116,1155.3011011340525,1166.9487710945432,656841
2017-11-13,1164.7618408203125,1191.1472997821909,1157.1552850092132,1185.9652491522568,350354
2017-11-14,1147.3143310546875,1178.4064062352481,1132.338820190805,1152.4012946400985,966937
2017-11-15,1120.83349609375,1140.9910532155152,1106.3809717299284,1140.9910532155152,546891
2017-11-16,1103.0054931640625,1135.7139330594516,1098.2513384559973,1121.9744515895482,809174
2017-11-17,1119.0272216796875,1135.2864175703953,1115.3190310409377,1120.5010823797977,1212747
2017-11-20,1124.3043212890625,1133.6698853438636,1103.4812619367015,1112.4664748564553,971496
2017-11-21,1111.182861328125,1134.8108928159338,1105.3828563408604,1131.4829370481223,641956
2017-11-22,1135.4765625,1144.7945827389485,1110.46975698723,1112.4664839333725,1176404
2017-11-23,1149.9764404296875,1153.351823154497,1136.2369570508508,1136.2369570508508,624399
2017-11-24,1142.512451171875,1159.817493584838,1136.3796394149404,1144.0338555363612,538080
2017-11-27,1135.9517822265625,1143.653542490584,1128.6304895954527,1140.040440063001,688819
2017-11-28,1117.7437744140625,1138.661924556074,1110.7551708907665,1130.5323839928335,653737
2017-11-29,1124.3043212890625,1133.0994751704397,1112.7517382077406,1117.2206309862506,685759
2017-11-30,1112.3712158203125,1127.679530945177,1108.3302186908525,1126.728769783078,1482422
2017-12-01,1093.877685546875,1119.1220897161584,1087.8875057230139,1119.1220897161584,407769
2017-12-04,1080.13818359375,1107.0941671308995,1070.6775334431795,1093.4497717704319,808272
2017-12-05,1060.9791259765625,1083.5613069729336,1054.3234479240896,1076.3349857482679,653731
2017-12-06,1042.0576171875,1071.200502459071,1036.400244722879,1058.4594410461332,733326
2017-12-07,1064.59228515625,1066.8267311871293,1041.1068881544531,1046.8593485619815,796563
2017-12-08,1078.2843017578125,1087.364719164771,1067.7776840961985,1069.1564569872094,547309
2017-12-11,1078.189208984375,1084.5597410017833,1070.630196181777,1082.895821290858,630509
2017-12-12,1064.3070068359375,1079.330058344833,1060.59881697458,1078.189005138799,706887
2017-12-13,1063.641357421875,1087.6497360207766,1053.2298299054767,1062.5479646645763,799545
2017-12-14,1087.0792236328125,1097.1580606358257,1043.0560354205231,1067.7774560434157,925404
2017-12-15,1083.561279296875,1097.1105875486244,1075.3841970717708,1094.4007025924482,850182
2017-12-18,1074.5758056640625,1090.7874527934398,1049.3789479970603,1073.4824129698254,928296
2017-12-19,1080.946533203125,1085.8433206041457,1069.7743021795454,1074.5284579167032,887084
2017-12-20,1067.920166015625,1080.0908182182689,1064.972678134066,1076.3349677434317,961730
2017-12-21,1072.8170166015625,1085.7957991058988,1067.6825096548937,1078.5694775752427,769163
2017-12-22,1078.3792724609375,1085.3678743553612,1072.53172386967,1074.6235383963206,362352
2017-12-26,1089.2186279296875,1094.2105027598639,1078.284117105429,1082.0399674637886,422247
2017-12-27,1084.084228515625,1096.7302025478766,1079.1874414974786,1089.2186184258278,293065
2017-12-28,1073.672607421875,1088.6956594647886,1067.9676907762941,1084.892381701068,297028
2017-12-29,1108.42529296875,1113.0368166568173,1074.8136314590167,1078.2365580475166,693176
2018-01-01,1087.6973876953125,1112.276178785108,1084.7973271339172,1107.7598591331614,188269
2018-01-02,1083.513916015625,1097.3483733584687,1073.4827371050362,1092.023806859142,334784
2018-01-03,1071.77099609375,1092.8318890497444,1068.8235081891994,1078.236615069949,670232
2018-01-04,1112.7515869140625,1117.6959179391324,1072.912024988396,1078.7595733072515,1012807
2018-01-05,1154.4930419921875,1159.0570224784258,1113.1796146897423,1118.8369881418791,1014661
2018-01-08,1143.84375,1155.7290231501884,1131.4829214276697,1153.3519452143225,898877
2018-01-09,1176.647216796875,1182.7326018154258,1137.7109839370946,1145.26999652534,1064611
2018-01-10,1174.7454833984375,1188.0570726983422,1164.0011474895214,1179.832446293005,745166
2018-01-11,1182.8277587890625,1193.9523308116643,1161.7668625065644,1183.77852014004,755517
2018-01-12,1161.57666015625,1187.962122371833,1152.2586397915218,1186.15557097038,793507
2018-01-15,1181.7342529296875,1199.0868420632044,1161.5766905701519,1162.9554635006596,1910875
2018-01-16,1168.5653076171875,1196.1392516832814,1154.8259377434504,1181.8768989674822,860989
2018-01-17,1186.6309814453125,1193.2867767057476,1153.5421807102198,1169.516112641093,718085
2018-01-18,1157.7259521484375,1193.2869230887911,1143.8439497525328,1188.2475030012113,593063
2018-01-19,1163.3831787109375,1170.9897344833685,1126.8239107523677,1160.0076792768423,746121
2018-01-22,1178.3587646484375,1180.830813866244,1146.6961653664966,1163.8110335062952,426132
2018-01-23,1163.240478515625,1186.2028926695884,1156.2043332702826,1183.7782711144662,975410
2018-01-24,1141.0386962890625,1164.7618135499777,1136.4747162976046,1164.7618135499777,457560
2018-01-25,1134.33544921875,1152.2585634249822,1125.682927399071,1136.237088279992,889953
2018-01-29,1126.301025390625,1141.7519742347206,1117.077976669256,1131.625591585924,647388
2018-01-30,1106.04833984375,1126.6337951641103,1099.1549420065462,1122.355078182123,475080
2018-01-31,1103.0054931640625,1110.5169597183512,1086.5561271964862,1102.9579492863995,484129
2018-02-01,1130.43701171875,1140.1353819697367,1077.8563862034605,1103.0532478304608,940721
2018-02-02,1073.3399658203125,1124.779655339974,1063.8316544472216,1121.9746825096677,755111
2018-02-05,1044.0545654296875,1069.013827373839,1025.3708642880997,1055.4169731835327,1202620
2018-02-06,1013.0575561523438,1025.0854602264715,976.688464082671,1014.5313001003517,1626128
2018-02-07,1005.9263916015625,1036.8758323309246,999.8411233186646,1019.2855254076558,640357
2018-02-08,1054.13330078125,1060.4562883247872,998.605069118154,1006.9247834370641,848646
2018-02-09,1054.41845703125,1068.728468333666,1022.1855650071896,1034.0232941009115,801200
2018-02-12,1076.6202392578125,1080.6612365510432,1055.8922700402886,1056.4627966781472,494226
2018-02-14,1071.3433837890625,1096.0172663578749,1061.4547199806682,1073.53028637794,1026475
2018-02-15,1049.379150390625,1087.7449708420515,1044.9578018234242,1074.4333812520033,703707
2018-02-16,1045.9559326171875,1061.5019658439276,1036.400195277935,1055.2265232024292,415498
2018-02-19,1036.115234375,1052.9923846526594,1028.4611334937183,1045.956237869384,404203
2018-02-20,1063.641357421875,1068.7283197395898,1035.449350263607,1038.9199371218212,400838
2018-02-21,1055.987548828125,1071.6285580789392,1045.9087091860235,1068.7286135368622,404367
2018-02-22,1055.7969970703125,1066.7790502770629,1048.3805016664776,1059.9330814110103,780080
2018-02-23,1080.803955078125,1085.748286612023,1058.2694328920122,1058.2694328920122,463827
2018-02-26,1122.5452880859375,1125.7780396014384,1086.4139120802158,1092.2139171692875,818391
2018-02-27,1114.320556640625,1142.5599937153404,1103.243413770397,1133.7172969736914,798997
2018-02-28,1096.017333984375,1117.60109784169,1089.5041697097374,1106.0009696673687,1100025
2018-03-01,1109.233642578125,1128.6305002922252,1096.0171407715236,1096.0171407715236,1141309
2018-03-05,1085.605712890625,1107.9976046010863,1082.040153985372,1102.9583015467147,476050
2018-03-06,1078.189208984375,1094.2106850776172,1066.826917834191,1092.4992214741183,498982
2018-03-07,1060.0760498046875,1088.6008708769602,1056.2252275095725,1074.4334898627528,679111
2018-03-08,1046.5267333984375,1074.4810275913012,1036.3529229466224,1069.4416079937982,1001891
2018-03-09,1046.241455078125,1053.9907599354726,1040.9644326203424,1052.469355381894,759633
2018-03-12,1051.6136474609375,1058.412074249984,1046.1938769743408,1051.9464546961499,800253
2018-03-13,1054.65625,1059.5054939199194,1044.197176418216,1053.5153131225086,847122
2018-03-14,1066.5889892578125,1070.5824423927434,1050.5199724224594,1052.0889205697808,973667
2018-03-15,1053.4676513671875,1075.3842178095094,1047.810278446334,1067.7775455370722,969970
2018-03-16,1039.7757568359375,1060.123492441979,1036.495461573159,1057.0808000936163,1533339
2018-03-19,1044.197021484375,1050.3773769325421,1015.4821464192987,1039.7756732479672,855699
2018-03-20,1042.2003173828125,1049.7119017702855,1029.744518447379,1041.106924535856,880833
2018-03-21,1040.8692626953125,1049.2365209630996,1031.8839338764092,1041.4397893578812,835453
2018-03-22,1039.1578369140625,1045.9086032160044,1031.836427399723,1045.9086032160044,1322686
2018-03-23,1029.3642578125,1033.9757820933992,995.3246969709882,1018.3346579562465,947002
2018-03-26,1027.462646484375,1035.211834662504,997.1788190842464,1033.5479149933988,1088350
2018-03-27,1035.3067626953125,1042.8183467866413,1012.7246995955385,1026.9870491043891,737144
2018-03-28,999.2230224609375,1046.8594347667813,989.4771080316668,1031.6462062561748,7172583
2018-04-02,1035.687255859375,1038.872579998106,993.613243291964,1002.170677477142,1471569
2018-04-03,1034.4036865234375,1038.8725791747459,1014.6264768262431,1028.7937404994666,906202
2018-04-04,1007.2576904296875,1041.9627512600237,1003.1214882754791,1041.9152073671114,983760
2018-04-05,1040.44140625,1045.1955622226187,1013.200271981775,1024.8002820423246,988552
2018-04-06,1031.265869140625,1048.2856491034586,1028.5085566476048,1038.3020150979007,691793
2018-04-09,1025.4656982421875,1040.536292852392,1023.6116034077501,1039.252724591357,488008
2018-04-10,1028.698486328125,1036.4476722363195,1022.2328685820173,1027.842696533993,433103
2018-04-11,1016.1478271484375,1031.1708817730262,1007.9707435924876,1029.7446814988245,566323
2018-04-12,1012.1066284179688,1015.6247593056033,1007.4475608432143,1015.4821276535724,960329
2018-04-13,1011.3461303710938,1021.1871325676789,1007.875543066966,1011.9165404994792,623336
2018-04-16,1038.682373046875,1043.3414411231893,1004.9756201209985,1005.0231640101271,808907
2018-04-17,1040.9168701171875,1044.957867832085,1024.134808668757,1041.1545895744339,471399
2018-04-18,1039.110107421875,1046.3838552175912,1033.6903379573002,1042.2002266792733,560217
2018-04-19,1049.8546142578125,1060.1710556503951,1039.0151900798787,1040.2036707901718,1118667
2018-04-20,1046.6693115234375,1054.9890262525237,1031.6462578147068,1046.5742237423442,355385
2018-04-23,1031.741455078125,1051.661298568648,1028.793850080595,1048.5710618843427,677070
2018-04-24,1027.272216796875,1043.674039561063,1025.893560817087,1036.4952633261848,580420
2018-04-25,1010.1099243164062,1030.6478339041403,997.4164061777038,1024.5149057884705,1548224
2018-04-26,1016.6232299804688,1022.0430005824384,1002.1707025904606,1013.4855661828202,719547
2018-04-27,1033.357666015625,1035.44948055853,1016.6231496723843,1020.7116909821925,838147
2018-04-30,1039.91845703125,1045.9086378161592,1029.792190714203,1033.4052934360566,408559
2018-05-02,1041.8675537109375,1060.0759305448025,1036.0200050862436,1044.9577898955147,2662170
2018-05-03,1034.0233154296875,1052.0890612481376,1025.4658814165566,1044.8627396149293,741605
2018-05-04,1021.091796875,1035.449231899448,1016.7179932875379,1035.449231899448,584244
2018-05-07,1024.03955078125,1029.1739406174547,1011.6787237034395,1024.8952241560544,808646
2018-05-08,1038.872314453125,1050.6149532463678,1022.6131237397939,1026.6065764682292,929372
2018-05-09,1041.107177734375,1043.816946832393,1028.4136562822773,1032.787461792082,301697
2018-05-10,1039.300537109375,1045.4333497712905,1022.423270654318,1031.7414076452812,938142
2018-05-11,1046.621826171875,1054.3235872837686,1029.1741495985375,1042.295564948445,1046691
2018-05-14,1046.0037841796875,1052.4694042451342,1037.2087463417208,1046.907118175314,966421
2018-05-15,1035.877197265625,1049.6166793583761,1030.3624567940676,1045.9083732616753,1200842
2018-05-16,1029.174072265625,1035.4495161098023,1018.3346480749295,1026.9871698716327,456957
2018-05-17,1029.9346923828125,1042.2478596412684,1023.5641612672925,1029.17399020933,840761
2018-05-18,1010.58544921875,1037.588863358727,1005.9739250326228,1029.7445877708828,771446
2018-05-21,984.9132080078125,1018.6675068906403,979.3984661184862,1009.2068550201968,941554
2018-05-22,988.3836059570312,991.2361227393474,961.285104377013,984.5803279333687,638562
2018-05-23,995.8475952148438,1006.9247380207456,976.5458262374004,993.6131490992401,1851373
2018-05-24,971.4589233398438,1003.0264342195454,946.5473238601037,996.4657271266984,1019279
2018-05-25,979.9688110351562,986.6721497791173,957.7194945976057,975.5475206926269,1026099
2018-05-28,1008.2084350585938,1017.3839401220577,971.7442507945087,989.8099975686887,625466
2018-05-29,1005.7835693359375,1023.0886096422159,998.7474245941568,1012.5344507941045,674917
2018-05-30,990.2852172851562,1006.3066915659718,983.3442758712067,994.6590218488386,731767
2018-05-31,988.6688232421875,1039.8232482124972,978.4474703312142,991.6164276642711,1442657
2018-06-01,978.1146240234375,996.9884973717388,970.8408175607775,993.5180268681232,913804
2018-06-04,983.9622802734375,993.8509431999759,965.4687559695203,979.3508725667217,838646
2018-06-05,973.883544921875,983.1065932667271,963.6146475486828,982.2032593761767,673214
2018-06-06,983.2491455078125,991.3786837495132,962.6637502707489,972.6949273887512,597685
2018-06-07,992.2821655273438,1005.02322946879,986.0541487041484,987.908360500928,597047
2018-06-08,978.0196533203125,988.8590776174137,973.645848489392,988.8590776174137,811956
2018-06-11,997.511474609375,1007.8754587078919,976.3080675708662,979.5883625187884,418209
2018-06-12,987.7182006835938,1002.1707284464774,981.2525808253104,1001.0296750148776,566513
2018-06-13,986.0064086914062,992.0917926275198,980.7769311742495,987.8130762366076,423007
2018-06-14,985.2459106445312,997.416446539975,980.6343866644629,984.9606473225722,600430
2018-06-15,981.0623779296875,984.0098661542637,968.4163436586522,973.6458804182955,644251
2018-06-18,969.9375610351562,984.1048231629219,966.0867393807797,983.9621915068983,546427
2018-06-19,960.4293212890625,966.0392085120875,951.0161562457558,966.0392085120875,950187
2018-06-20,967.2752685546875,973.0753315347251,954.6292935937212,965.9441562274255,874428
2018-06-21,962.1884155273438,968.8917544693961,957.4818617124802,966.9901153873387,590148
2018-06-22,960.7146606445312,965.0884071782062,943.1243536720584,960.2867656368273,709128
2018-06-25,957.0538940429688,970.365483135933,952.7276334142122,962.4736058005823,746981
2018-06-26,985.7214965820312,988.7640727452707,946.3572498030469,951.3966112533484,822788
2018-06-27,975.3098754882812,984.1049712185122,971.268877684584,980.3967806622733,1055043
2018-06-28,954.2489624023438,971.126109634532,940.5570224616702,965.9441174032447,1697388
2018-06-29,957.339111328125,965.0882983662675,948.1636077584508,960.1440257131117,597236
2018-07-02,938.7505493164062,958.4326709177917,933.7587322136943,954.6293345301206,497257
2018-07-03,937.371826171875,943.9325333121042,916.6438557150506,932.7603602296385,536261
2018-07-04,917.9749755859375,937.0390848656258,914.0766096872478,936.563645968434,909022
2018-07-05,920.9700927734375,926.2947169179635,905.2338815157983,918.4028393450932,1563007
2018-07-06,939.93896484375,945.0258690578788,917.4519314932699,924.1077255990895,800166
2018-07-09,935.660400390625,945.9768421454414,931.3341393454622,942.744032334381,883552
2018-07-10,941.935791015625,949.8752125514516,929.4799913904167,941.1276031748482,834588
2018-07-11,930.6685791015625,941.3178280489809,926.1996864020156,936.9440231315156,541620
2018-07-12,912.9832153320312,936.5637042803457,908.9897614052645,933.330894371874,790051
2018-07-13,889.3551025390625,918.4979329880814,885.8845734791905,914.1241283130798,1117904
2018-07-16,883.0320434570312,891.5419326758426,869.2450743754482,890.9239204411933,602433
2018-07-17,894.4894409179688,902.143598155845,873.9516489495936,877.6122948473419,668957
2018-07-18,897.1994018554688,906.1371864162203,887.3583417142391,897.4846651749566,666174
2018-07-19,889.7353515625,900.2419670488804,880.0369238217114,894.9648873642151,596435
2018-07-20,892.9207763671875,898.340488668452,882.2715273304173,891.0191372387442,473464
2018-07-23,876.091064453125,908.0388076769532,870.9565578605451,892.8255799709686,1157661
2018-07-24,950.3980712890625,952.7276051376483,877.5648010619194,877.5648010619194,3291693
2018-07-25,937.3242797851562,956.4834183721575,920.9701141320581,943.6948113510886,1038419
2018-07-26,973.8359985351562,979.3508565839882,931.8095313706524,937.3242728903449,2257565
2018-07-27,975.0244750976562,979.3507939128456,950.8259773043916,968.0359317352616,654417
2018-07-30,970.6031494140625,976.355668408652,956.6260040986999,970.0802249225002,721655
2018-07-31,974.786865234375,989.3345384886283,961.4753331501744,965.0884358197304,720053
2018-08-01,979.6835327148438,986.0065202510764,967.0376159069472,974.5966862704515,588560
2018-08-02,964.3277587890625,977.4491731236877,951.4440639020726,976.4983535977168,647523
2018-08-03,956.7210693359375,967.8932998534963,952.7276159869233,965.9441170647901,754022
2018-08-06,950.2555541992188,965.0884324845752,943.219466184473,962.0457982548318,626913
2018-08-07,968.7490844726562,984.1048864570168,950.493221825091,955.1047459415237,1096324
2018-08-08,959.4786376953125,976.4033312683066,955.342552087492,974.3115165180393,601676
2018-08-09,948.3062744140625,965.1834217604387,943.2669138061325,964.1375145299413,676108
2018-08-10,923.5847778320312,948.8292408530494,919.4962367525943,948.3062581145066,942758
2018-08-13,938.3226318359375,948.9243946189977,910.4634279783637,921.1602202741119,1100381
2018-08-14,938.0850219726562,954.6293638873211,924.298050955578,944.9309344576797,3366559
2018-08-16,950.3030395507812,960.2867316628559,933.4734354096408,938.1325033815227,3113819
2018-08-17,994.4214477539062,997.0836724556976,951.7768520224377,955.5801300499728,2676173
2018-08-20,988.7163696289062,998.3673124577,982.2032067753713,993.6131568729485,1487349
2018-08-21,1013.010009765625,1017.3838142416274,977.4491055872685,991.711514020518,1757156
2018-08-23,994.1362915039062,1015.5298783745831,988.8591523622022,1015.5298783745831,935402
2018-08-24,1008.1608276367188,1015.4822369751073,982.2032625221685,992.6623354847665,1700820
2018-08-27,1025.4183349609375,1039.252907627812,1010.8231765913569,1010.8231765913569,2010028
2018-08-28,1019.3805541992188,1035.2117362907577,1011.0132962282727,1026.7969344329508,693551
2018-08-29,1022.137939453125,1039.015086334787,1013.2001552215777,1015.4346012794646,1042796
2018-08-30,1021.1870727539062,1027.6526915730456,1011.1083517070252,1022.137950460749,1536621
2018-08-31,1020.900390625,1029.9857124234825,1012.7714678393102,1019.9439916122077,1386435
2018-09-03,1019.4180297851562,1030.9419339812682,1007.9896482789795,1030.9419339812682,910792
2018-09-04,978.4862670898438,1016.5010723639953,972.8916265245348,1015.640313351737,877486
2018-09-05,983.2200317382812,986.8064099905233,964.4756703295324,979.1556299002433,695593
2018-09-06,985.8978881835938,993.4052674927862,972.7959272534673,985.0372464296181,544699
2018-09-07,980.5901489257812,990.2492496415786,971.1701479164597,987.6192700760838,412093
2018-09-10,971.6962280273438,987.1890695355144,962.2761678261508,980.0642494542632,586676
2018-09-11,960.1243896484375,980.3033513293948,950.4174683630806,977.8646513712398,1153543
2018-09-12,975.0912475585938,985.8023294660437,952.712743423694,970.5008257431689,1002061
2018-09-14,1017.2662353515625,1019.9917379297443,979.3948296768597,980.2555887262347,1046040
2018-09-17,1018.7007446289062,1032.089626975783,998.4261413145707,1007.1289031194651,745216
2018-09-18,1020.2786865234375,1027.1165875477502,1008.0374829310881,1019.9439468836398,1279989
2018-09-19,1021.5697631835938,1029.9856047936962,1006.0769212356327,1015.2578819760168,1142569
2018-09-21,1005.263916015625,1034.7671796553786,954.4341300799961,1024.7255777598912,1448316
2018-09-24,974.94775390625,1006.0768968856855,969.974772694152,1005.2639578294367,778313
2018-09-25,993.739990234375,997.852270782905,963.9975689638874,978.3427309423467,706138
2018-09-26,999.2867431640625,1004.1641427326755,988.3365627080426,996.7045835568122,1243973
2018-09-27,980.733642578125,1019.9438274864642,972.2221615569555,997.4219236227232,1399326
2018-09-28,976.9082641601562,991.2534849507941,959.5983827683525,985.9935257320265,1335579
2018-10-01,955.1035766601562,978.3427800824684,939.1325944749323,976.4300995363197,929416
2018-10-03,927.1783447265625,949.7959497161265,920.2926237569377,949.6524898705662,1149381
2018-10-04,917.4235229492188,931.4818247553349,894.2799005366363,916.1802629985881,1438279
2018-10-05,882.468994140625,918.0929177982342,877.0178136503248,918.0929177982342,1305380
2018-10-08,880.8432006835938,884.4295204689981,861.6684590925885,876.0136210284677,1143017
2018-10-09,862.6727294921875,893.1323364797196,837.5207850448147,893.1323364797196,1506464
2018-10-10,869.9408569335938,875.0572977323379,854.1611550577552,862.6248160003809,690655
2018-10-11,840.0072631835938,850.192325435129,822.458281022719,850.192325435129,1648636
2018-10-12,856.0260620117188,861.6685224803668,840.6766801803543,853.4439021998145,1363306
2018-10-15,858.7037963867188,864.3462568111869,842.8284538900458,857.8430959904476,693087
2018-10-16,865.9721069335938,872.1883483077221,856.4086451419636,859.4689458829403,1007765
2018-10-17,843.4501342773438,875.6311995756995,840.4854148562805,875.6311995756995,532063
2018-10-19,836.5643920898438,850.1444944498252,828.8657912685104,839.098731935008,546874
2018-10-22,819.9239501953125,846.6538932639926,814.8075090405786,844.0717334124356,685235
2018-10-23,789.8946533203125,826.188057513904,783.3436725026219,810.0257952211897,1282815
2018-10-24,773.6845703125,803.5704534929866,762.2084282082092,798.5495937075248,1787079
2018-10-25,750.4453125,765.4599536267834,744.994132206599,765.4599536267834,2033250
2018-10-26,725.9151000976562,752.166785315027,722.9982006046013,752.166785315027,2645129
2018-10-29,748.2935791015625,754.0794993455459,730.3620962439518,730.3620962439518,3042871
2018-10-30,769.6201171875,774.1149576262549,750.3975540626276,750.4453740078429,2898249
2018-10-31,797.1629028320312,802.2793437135643,752.644938661219,770.7198808483537,2364900
2018-11-01,808.54345703125,818.6329382223109,784.3479121951497,803.2835559799239,1061258
2018-11-02,810.5995483398438,825.3272703902658,804.5267671768484,819.4935889430272,2501173
2018-11-05,816.0985107421875,819.5891906208911,803.6182093959563,809.0693896467268,1315652
2018-11-06,813.8511352539062,824.3709368036546,805.6265737882616,819.3501357464729,509425
2018-11-07,820.78466796875,823.127669372165,815.4291273556117,822.4582487715995,72810
2018-11-09,830.1090698242188,832.0217504356136,817.007108011277,822.2670089940502,622229
2018-11-12,823.2233276367188,836.2296492165434,811.938465444149,830.1090479799927,1113396
2018-11-13,837.9989624023438,841.6330438946025,819.4936395097106,823.988480031807,1349306
2018-11-14,838.0946044921875,852.774507543772,830.1090836923242,842.5415664769674,1149492
2018-11-15,773.397705078125,817.6765709443131,760.4870233043127,817.6765709443131,4485336
2018-11-16,795.5849609375,801.1317817073303,774.640996464984,780.3790384176011,3796019
2018-11-19,812.3211059570312,824.1319887125984,793.7679620187372,799.5060042738048,3362650
2018-11-20,801.3709106445312,825.3273568056702,795.9675495170279,810.6952731095073,1652045
2018-11-21,826.044677734375,830.348238770201,804.287772808171,808.1131343498477,930228
2018-11-22,806.5350952148438,828.0528977791317,803.9051155223765,827.2400173407385,638643
2018-11-26,808.44775390625,813.4685548346141,794.8198321847643,810.0257533996619,857050
2018-11-27,823.0321655273438,824.8492063304652,802.9966623338979,807.1567633637627,747988
2018-11-28,804.096435546875,827.2400587493055,797.5932745084606,824.3709791952036,1000623
2018-11-29,814.7117919921875,819.5891915603528,800.8447709461904,806.2003113212555,1445763
2018-11-30,828.4354248046875,834.6516656119134,813.6598246485073,817.6765239449236,1751800
2018-12-03,826.8096313476562,844.4542527527935,820.0673709697567,831.7347924857686,1043986
2018-12-04,808.7824096679688,832.2128897088053,805.5786496737901,829.8220100467939,653580
2018-12-05,789.9424438476562,806.3916251964866,780.6180823885547,806.3916251964866,1211071
2018-12-06,760.2957763671875,789.9903222884543,757.9527161924436,786.1171410301589,1766716
2018-12-07,767.2769775390625,773.6844979164606,758.4786359573557,766.990116500381,896271
2018-12-10,755.896484375,761.4433044892182,744.0377836972168,755.5139248488923,595265
2018-12-11,765.5555419921875,769.8112820696718,741.1687214382891,749.7758414694139,991877
2018-12-12,776.1232299804688,780.3789704291838,762.4953082767047,769.8591691630197,1235318
2018-12-13,793.1940307617188,801.3230109191963,779.9964882213337,783.2480685637504,1182723
2018-12-14,810.2169799804688,815.5247592010431,799.0277580363588,812.8947795620716,1767542
2018-12-17,809.3562622070312,820.306442805322,805.5309012903047,809.3084422654287,786318
2018-12-18,817.0071411132812,820.163081830812,796.3022173584296,808.7825789893305,620675
2018-12-19,817.5809326171875,837.7598357696579,813.9946125833198,821.5019336601473,1537459
2018-12-20,792.3333740234375,818.6807578177104,790.2294136038082,810.5995971585374,2501968
2018-12-21,780.7615966796875,798.358399285107,777.6056560301776,794.724259172243,2419686
2018-12-24,772.8717041015625,792.4768269517232,769.046342863909,774.8800246116181,1308738
2018-12-26,783.4871215820312,786.3562010237317,760.3913778332909,772.728220182836,1078274
2018-12-27,778.2272338867188,791.8552149577862,775.406032944366,791.8552149577862,1137889
2018-12-28,788.6036376953125,791.8073982100557,779.327037164083,779.327037164083,931276
2018-12-31,789.5599365234375,797.7366778873135,787.0734167132971,793.7678570619083,657008
2019-01-01,797.1151733398438,798.3106134464282,787.5517110900461,791.377072548814,465132
2019-01-02,779.9010009765625,801.4188076594749,777.2710207807029,793.6723855330497,825079
2019-01-03,764.7906494140625,783.2481533138531,763.164829765499,782.2917543424169,963393
2019-01-04,770.9590454101562,775.406066067278,758.3831025903828,767.0858641167283,1073253
2019-01-07,784.8260498046875,788.7948708990638,772.7282481352681,774.832208547091,1075850
2019-01-08,800.079833984375,802.8053952321358,775.8842293786437,784.204490172755,1027800
2019-01-09,798.8364868164062,807.4436077591754,790.4206456462092,803.3313270603628,4021049
2019-01-10,784.3956298828125,800.8926313094283,783.2480684471861,798.1670703447902,823072
2019-01-11,778.7054443359375,796.3021880705421,776.3623842069309,786.5952665381392,1222694
2019-01-14,778.1793823242188,782.2916630097726,771.7718615809437,779.4226422390569,736948
2019-01-15,779.9010009765625,785.9737833593815,767.6597377025275,780.2835019957339,2636801
2019-01-16,790.2293701171875,804.7180511299933,784.9694693575685,784.9694693575685,1933812
2019-01-17,791.9508056640625,802.7575273184361,785.1607836231094,795.1545662039742,1001551
2019-01-18,788.9384155273438,798.1193772950171,782.4830737605288,792.7160158471746,963387
2019-01-21,780.0443115234375,791.8552524520928,776.5058698424369,791.8552524520928,508442
2019-01-22,769.2376708984375,777.2231334939505,765.2687909721099,776.5537128162326,759111
2019-01-23,748.0066528320312,771.2937348323518,743.0814916286397,770.4329758428415,1578782
2019-01-24,751.497314453125,758.3830345827188,744.0378136141672,747.8631746175831,1013460
2019-01-25,726.4410400390625,759.9131845061894,724.0023986777306,752.5493232719386,995296
2019-01-28,700.8109130859375,729.6925755127872,695.4553726451782,729.6925755127872,1270693
2019-01-29,701.4804077148438,711.1395681073487,690.4824646258456,690.4824646258456,995680
2019-01-30,693.3515014648438,708.6530642900583,686.6570604034528,706.7403835876257,1478483
2019-01-31,689.526123046875,701.4326450999125,683.3098230130322,698.1332445983297,2626649
2019-02-01,687.5654907226562,697.75061082341,677.9063899777351,692.4428903379909,1312658
2019-02-04,675.898193359375,688.426375678075,670.3991921016617,688.1872759271135,1011716
2019-02-05,673.2203369140625,682.83161783437,667.5300568279629,675.9458978006257,1174129
2019-02-06,701.4804077148438,707.553247920118,674.2723817677036,674.2723817677036,1594160
2019-02-07,719.8900146484375,723.763254105018,698.9938722504257,705.8317136713517,2860113
2019-02-08,686.609130859375,730.6967128878699,677.4760497314973,726.8235321535363,4007263
2019-02-11,685.3658447265625,692.3950240302183,673.6027845517644,679.2930641876479,1185923
2019-02-12,687.4699096679688,696.1248509861541,679.0062481319089,685.7006888890563,1192381
2019-02-14,687.5177612304688,691.9169620101651,679.1019192529199,682.8316993672665,672164
2019-02-15,675.898193359375,690.8171973790494,659.0186885875768,690.0043168286605,1363880
2019-02-18,669.2992553710938,680.8710949291759,663.5133941949209,680.8710949291759,1163194
2019-02-19,686.9918212890625,692.3951825324543,666.7650962389511,671.8337178380551,1777840
2019-02-20,698.8026123046875,701.4803532985793,689.8129318621034,689.8129318621034,1114314
2019-02-21,715.1561889648438,718.8380903381856,693.3992859301001,694.5947259586669,1728246
2019-02-22,725.580322265625,728.7362627190157,709.6571601685804,714.3910415472305,1529989
2019-02-25,744.659423828125,747.3850433904979,717.2601199917258,728.7362617522056,1908958
2019-02-26,746.9068603515625,751.3538807646112,729.3101170796407,740.2124783626876,1458212
2019-02-27,748.2456665039062,762.1126867917617,742.4119270380162,748.7716858258931,1240465
2019-02-28,743.1292724609375,755.9921334482782,739.734232434059,754.4619539281114,1299837
2019-03-01,757.1876220703125,759.9131830936311,744.0856605337201,746.428720604552,1162654
2019-03-05,774.7843627929688,777.940303305578,754.9880193234877,756.9485198324442,1243759
2019-03-06,784.2999877929688,786.3083080539196,769.3809284491515,783.1523678434443,1124423
2019-03-07,774.8322143554688,788.3645558990735,773.2064533899978,785.1607953114689,1125516
2019-03-08,771.8197021484375,776.8883232263399,762.4953404422931,774.8800027728856,1272253
2019-03-11,791.3770141601562,795.6327548403375,772.967331641647,773.6845722115277,1248687
2019-03-12,794.532958984375,801.9924602010192,790.1337584459856,795.5849391738649,1277484
2019-03-13,787.2169189453125,797.7845408033374,785.1607785079343,795.6805804207703,607686
2019-03-14,796.5413208007812,800.8448816722412,773.2064756408718,787.2169584469106,1068725
2019-03-15,793.6244506835938,808.8781929643045,788.0776299812557,801.5143315260347,1757076
2019-03-18,782.8176879882812,787.5516279665889,770.911166730387,780.8571875174431,2093037
2019-03-19,786.404052734375,796.4456553773358,779.5183321195947,784.2044524215597,1409808
2019-03-20,781.9569702148438,792.9071509653738,776.218870157108,790.8987719930135,1418476
2019-03-22,784.2999877929688,792.8114682336021,779.0400288393093,785.1606881043953,1690259
2019-03-25,779.8052368164062,781.3353578550482,772.7282365533472,779.4226772553088,989289
2019-03-26,800.1754150390625,802.1837355166494,780.4746526161758,784.2044325051756,1081642
2019-03-27,792.4290161132812,807.5392986608452,788.9861557981005,806.2003987711291,1139700
2019-03-28,793.9113159179688,804.7180369065966,787.7428363427815,792.4289563016475,1014970
2019-04-01,819.9239501953125,832.9780920838657,814.5684093130502,829.7743315436095,1728859
2019-04-02,808.7347412109375,822.0757443945312,800.9405001822527,819.923964016254,1295996
2019-04-03,795.3936767578125,814.903159935835,791.8552351541089,810.1692782812212,1019414
2019-04-04,798.4539794921875,804.0008002451949,789.3687171266606,797.7845588472751,1225060
2019-04-05,811.8906860351562,815.6682274017129,792.6681223707176,798.5496241800623,2011181
2019-04-08,803.7616577148438,820.736858693858,800.4623160093615,817.6765581041248,908700
2019-04-09,809.0694580078125,812.0341187868681,792.8115557636587,800.4623367375472,682499
2019-04-10,810.3126831054688,816.4811631719434,801.6577416367343,802.3750408321821,877653
2019-04-11,811.6993408203125,815.7638015385917,806.5350800227332,810.982100282637,1063389
2019-04-12,816.1942138671875,823.2711554519301,803.5226317754051,815.2378735775127,1373569
2019-04-15,828.1964111328125,831.0654321258397,815.429188599959,816.2420690908854,959659
2019-04-16,844.980224609375,846.3669443783017,828.2441819060338,831.9260831713901,1639776
2019-04-18,829.391845703125,849.1403701023867,823.988484776848,848.6622292414874,1051816
2019-04-22,826.1880493164062,833.3606307422033,817.7721493386518,828.6745106117021,875453
2019-04-23,831.4957885742188,835.6558894096827,818.9197875742182,826.283707543547,1225779
2019-04-24,842.1112060546875,848.2796272113794,812.5122430061925,829.6308453064794,1838840
2019-04-25,884.4296264648438,898.9660699078796,837.8555180255703,837.8555180255703,7163932
2019-04-26,873.5750122070312,893.2278953360199,858.8950515354826,886.0074941592454,2555157
2019-04-30,861.8598022460938,883.4731866220513,857.6040029701328,877.9264246459053,1450483
2019-05-02,860.0426635742188,867.5499843393935,852.4397029238812,860.7121427703574,1025462
2019-05-03,859.4210815429688,870.2278027717723,843.0675398689114,860.7121614177655,1087362
2019-05-06,857.4127197265625,859.2775802318724,846.7016389020539,849.9532191024537,876330
2019-05-07,834.2691650390625,867.310930418295,827.7181841767687,860.7121882137689,1380816
2019-05-08,832.9302368164062,841.393956591868,824.3709357568608,836.6121966555787,1175113
2019-05-09,831.0654296875,834.8908496031884,819.6371070927402,826.2837280464842,857472
2019-05-10,820.1630859375,836.8035486610638,816.0508048549339,836.7557287134583,635528
2019-05-13,801.3709106445312,817.1027945454581,796.9717098254753,817.0071546491414,655277
2019-05-14,808.6390991210938,814.0902799714427,782.0048541697129,803.4748379478357,1346851
2019-05-15,779.2313842773438,810.0257875436697,774.7365439220712,809.069447259997,1304675
2019-05-16,784.2999877929688,790.6118682139193,769.7156680269325,779.4225883567732,1469175
2019-05-17,792.763671875,797.2106919863271,778.753190968412,783.2480310208446,1781086
2019-05-20,851.435546875,854.9740468346225,806.2003422935445,806.2003422935445,1956895
2019-05-21,827.8138427734375,863.2943089491008,824.3709824566193,863.2943089491008,1270483
2019-05-22,819.9239501953125,830.6828519053428,811.938488118862,830.6828519053428,1367357
2019-05-23,847.8492431640625,866.1632840969044,823.9405622161952,833.9343437356978,3434175
2019-05-24,870.323486328125,874.6270470581338,839.6725418118791,853.1092434080899,2203557
2019-05-27,894.47119140625,917.9016751727091,857.4127851639673,865.4938870389697,3436774
2019-05-28,871.1842041015625,897.0533889427686,868.1239033041744,897.0533889427686,5234595
2019-05-29,870.7538452148438,875.535605613563,862.1945433275534,871.2320446958666,1357165
2019-05-30,871.6624145507812,879.6479361119349,859.4690303348337,872.1884340094311,2254269
2019-05-31,847.4190673828125,873.1447950443187,840.4377060204047,872.666595525161,3001346
2019-06-03,855.978271484375,857.7474922959697,846.3669896808902,851.244331200817,1332908
2019-06-04,847.801513671875,864.4419170681092,844.7411543641113,851.1486754470318,1001864
2019-06-06,831.5914306640625,851.0530936283097,815.1422484573029,851.0530936283097,2895951
2019-06-07,833.4083862304688,839.0508462078286,819.5413652915414,833.9343469742844,1249774
2019-06-10,842.4937133789062,845.8409336744925,827.096570342657,838.5248924096977,1275597
2019-06-11,851.2442626953125,856.6954431335221,838.2379415517156,846.3191016253327,1283479
2019-06-12,849.5228881835938,856.8389294019107,839.0030865230809,847.3232879634072,825180
2019-06-13,865.111328125,867.8847677289175,831.7348232081181,845.410624241981,1522460
2019-06-14,859.755859375,867.0241400061934,853.9221772138984,864.5376198637915,1857932
2019-06-17,840.963623046875,860.7122059304693,835.6559020452131,857.9387662629747,1488586
2019-06-18,841.2505493164062,845.3150103544458,828.1964071659141,839.6725496859303,889937
2019-06-19,843.5458374023438,849.6186193307298,834.7474355765455,844.4543578338548,958111
2019-06-20,861.4772338867188,866.0677141263019,832.021730486557,837.9032906188821,1420675
2019-06-21,858.5603637695312,873.9096863167046,854.7349441662469,856.9345443223459,1835093
2019-06-24,847.9448852539062,869.6061477611547,841.5851843389008,861.2859463539857,1073598
2019-06-25,862.7683715820312,866.880652654303,838.7640472074476,847.8493684067358,1024286
2019-06-26,879.0261840820312,879.8390645026288,857.938702868957,857.938702868957,1837043
2019-06-27,881.5604858398438,896.8620473756308,876.0614853315806,884.5729664827518,2084022
2019-06-28,874.1965942382812,886.9159955776558,865.4938336159996,884.4295344019112,1685470
2019-07-01,879.8391723632812,885.5772145563259,865.924329210687,879.3609728790885,835610
2019-07-02,879.6478271484375,889.2112886951362,875.3920864671422,882.7081278110362,1031893
2019-07-03,887.394287109375,893.2279690225242,880.4129264689327,883.6645070543011,1455304
2019-07-04,900.4961547851562,904.5127954973963,885.1945938016408,889.4981541655752,1411446
2019-07-05,886.5813598632812,908.0513428633944,877.0656597409264,901.8350430993974,1727064
2019-07-08,849.7620239257812,879.8391291227515,839.6247227850048,878.1176696671384,1897406
2019-07-09,871.1842041015625,873.6229041912296,843.9761193481004,848.2796801638065,1308607
2019-07-10,873.5750122070312,878.7870929824709,865.2547523406666,868.0760117734376,994282
2019-07-11,879.1217651367188,884.2860845200505,869.9408635939959,879.7434243897983,786557
2019-07-12,876.0615234375,887.3464446069349,871.4711016593927,879.8391233435216,1144580
2019-07-15,882.0386962890625,887.1073173675338,876.0136763251505,878.8827557757269,667808
2019-07-16,889.8806762695312,896.4316568551858,878.5479943895599,883.2819343436613,1212769
2019-07-17,886.2466430664062,898.0097050720534,881.2258417843844,888.8287443244998,573073
2019-07-18,868.0759887695312,886.007470680157,865.9242085961414,884.5729310302737,695443
2019-07-19,841.5374145507812,884.6208424137986,836.803532841712,875.0573804993813,1237552
2019-07-22,853.204833984375,856.0738547709248,825.4229120263217,840.6288335404913,901037
2019-07-23,844.9324340820312,859.2298359551446,840.4375936146487,853.5395554526364,699653
2019-07-24,840.1029052734375,846.988567148156,828.2920234646027,841.5852063658834,1007667
2019-07-25,830.7305908203125,847.2275913675114,825.5185102829603,840.1506503430882,973080
2019-07-26,836.7557373046875,841.4896191518526,829.2005957255843,832.0696168027413,710409
2019-07-29,760.9172973632812,837.7119626592628,754.701056581393,835.8471021452701,5696289
2019-07-30,729.2622680664062,781.3353138470028,724.9108877155063,756.4702916422707,5231380
2019-07-31,753.9360961914062,757.139856890656,723.4764302731558,726.823650816042,2581491
2019-08-01,740.7384643554688,748.8196250054978,730.9837228019862,743.0815245026037,1038747
2019-08-02,744.0377807617188,752.5014414205099,718.2642392607468,738.2996809070855,1934553
2019-08-05,716.7340698242188,739.1603916083023,714.0563289230548,739.1603916083023,1103201
2019-08-06,728.2581176757812,736.7695987223175,707.6966556028759,709.9918956653149,1519811
2019-08-07,705.7361450195312,729.6925882965244,701.0022051332918,724.7674272435506,1638212
2019-08-08,712.011962890625,717.2256800378279,691.3984246269663,713.5085185598431,2507054
2019-08-09,720.749755859375,740.5426281111751,713.5084856645577,713.5084856645577,2047215
2019-08-13,685.1708984375,724.1290302546358,681.3571221798013,722.1980327600457,1359604
2019-08-14,709.1636962890625,718.963576410549,684.5432716668712,685.1708842963168,2963050
2019-08-16,726.3013916015625,731.2254409554446,694.4396974086264,700.0879151704953,2553356
2019-08-19,707.0878295898438,733.590974656901,706.0740529340619,730.8393120666614,1635566
2019-08-20,704.0947875976562,712.7843357225116,695.0190754618872,712.5429462381346,1410059
2019-08-21,674.6951293945312,704.7223830891093,671.0262459777377,702.0189392581254,1967583
2019-08-22,664.7986450195312,684.3501264056293,657.7504869074202,668.0330863044494,2280042
2019-08-23,694.6328125,714.4739620257238,656.5919026842115,667.5503930063556,3111181
2019-08-26,711.8670654296875,715.4394520582108,680.7778177586765,699.3155230824594,1845859
2019-08-27,698.9776000976562,723.8876331757506,696.0328259911231,718.3359710640325,2236661
2019-08-28,688.8880004882812,707.425705002899,683.6742840356881,700.4258248960523,1400013
2019-08-29,684.3984375,688.8880450357489,671.0262298459173,688.8880450357489,1518734
2019-08-30,686.4260864257812,691.3018582131537,674.9365385551797,688.4053618789945,1424457
2019-09-03,672.233154296875,687.3433078051092,669.4814324879525,681.6468117627852,2362487
2019-09-04,670.1090698242188,677.6882858059737,664.750459700496,673.9227871825102,1523360
2019-09-05,673.0537719726562,681.2605405959979,667.7434994815378,670.2537724638303,1190309
2019-09-06,679.4262084960938,686.9088690837225,675.5159351289913,677.9296527129301,1253494
2019-09-09,681.4053344726562,687.3432192355481,672.4261200739778,679.4260592730529,1047968
2019-09-11,686.95703125,691.7845839327445,682.4191459276005,684.0605351388043,1298358
2019-09-12,692.79833984375,703.6602738915159,687.439789657791,687.439789657791,1812604
2019-09-13,692.79833984375,698.494776109271,679.8605747703295,695.3568906248145,1950769
2019-09-16,691.9776000976562,701.4878712848415,685.5569955974838,690.3845480273696,990471
2019-09-17,676.77099609375,699.1224796936114,675.7572193949569,691.3018743285714,1446135
2019-09-18,678.8468627929688,686.9571359703731,676.8193092896412,681.5020290060512,817748
2019-09-19,675.7571411132812,686.0880776614671,671.2675337541052,679.7157508175023,1060144
2019-09-20,725.0462646484375,738.6115844235914,673.1020879220673,674.8882517633111,3765888
2019-09-23,733.1082763671875,758.8872537477878,726.3014477900323,734.7013286598296,3090228
2019-09-24,723.83935546875,739.2874535954497,714.7153066123196,734.363344954174,1393396
2019-09-25,699.170654296875,719.0600213125255,693.5224368585825,716.6463042497705,1357856
2019-09-26,718.1428833007812,722.1497712315702,695.3086806248979,703.5637868057033,1979608
2019-09-27,701.9223022460938,720.6531178205447,697.0948090552029,720.6531178205447,1286742
2019-09-30,704.9154052734375,713.1222330417022,683.8191490394458,699.7016885819753,1749122
2019-10-01,669.239990234375,711.3843428810804,666.1986604464903,711.3843428810804,3466261
2019-10-03,656.2057495117188,671.9435163727617,646.8886474316208,667.1642410025199,3061113
2019-10-04,631.8267211914062,658.2332508952131,627.6267809444263,653.9850327527926,3266097
2019-10-07,626.613037109375,631.8267542694737,611.7442136683869,631.8267542694737,2407237
2019-10-09,647.2747802734375,654.5160500027964,620.7233593256481,627.5784650789338,2395820
2019-10-10,672.571044921875,701.7775754582566,656.5436704245781,656.5436704245781,7619401
2019-10-11,667.5503540039062,681.4536175621963,664.267634888471,672.0882391287848,1706669
2019-10-14,674.55029296875,683.4812303241536,664.2676928674301,670.0124666118809,1653381
2019-10-15,679.4262084960938,681.7917073426031,667.260828116971,675.4193793259423,943383
2019-10-16,705.6395874023438,709.1154183189508,683.6743286558197,683.6743286558197,2831288
2019-10-17,699.5569458007812,705.6396653679403,687.4399028945509,703.0327771014303,1883676
2019-10-18,720.749755859375,723.1635323123434,693.5225018302662,700.4741638154339,2272930
2019-10-22,729.97021484375,745.3700334232029,716.8393979252928,720.2186135616371,2182945
2019-10-23,717.5153198242188,728.9565303692463,709.9361043021626,728.9565303692463,1151929
2019-10-24,681.2606201171875,717.3705364358639,640.5645991781925,717.3705364358639,7423987
2019-10-25,685.4605102539062,692.0742269971548,665.3297518133093,675.8054635660608,2926393
2019-10-27,678.750244140625,691.060396649918,670.060696880379,686.9570124801536,590611
2019-10-29,690.0949096679688,696.0327946730083,664.1711011241015,674.936479597712,2920420
2019-10-30,709.59814453125,715.7291413764635,690.0466620077478,700.4258769570628,2269362
2019-10-31,742.2322998046875,748.1701856552642,710.4671575182999,714.570601506009,3871916
2019-11-01,748.9424438476562,770.4732001511309,737.2598449225187,742.1838940296458,4575847
2019-11-04,756.7631225585938,768.4457226329857,753.0941799399841,757.3906760450496,2514667
2019-11-05,742.0873413085938,767.5767073236,733.349516233391,757.9216614712124,2753700
2019-11-06,746.5770263671875,755.6045197329116,734.749592486515,743.4391405755061,1911261
2019-11-07,751.018310546875,755.0251390710425,744.7908172387889,751.1631442280982,1138289
2019-11-08,747.3011474609375,758.7906353367895,743.4390934638521,748.6528101540364,1351460
2019-11-11,740.63916015625,745.128767648882,729.1978909013326,743.4391005203427,1634062
2019-11-13,714.0394287109375,742.328735114842,710.8532653359099,733.7840215561731,2169582
2019-11-14,708.6326904296875,730.7427844529287,687.4398764693198,688.5019310622405,4280246
2019-11-15,729.1012573242188,741.5080239728529,699.7981761774012,709.6463330412139,4591327
2019-11-18,742.9562377929688,758.7905569666585,724.1289261805058,724.1289261805058,4195366
2019-11-19,759.0321044921875,766.1285414502775,745.3701691333621,748.2667247262935,3872595
2019-11-20,762.4113159179688,773.3698063588471,754.0596542950254,763.714700744893,3170178
2019-11-21,752.080322265625,769.5076942894909,748.5562137152394,767.8663643238266,1801943
2019-11-22,765.8389282226562,769.4113154857492,743.6806136048897,751.5494974984758,1463703
2019-11-25,794.5142822265625,796.4452795410538,764.8732545420183,766.6111994563262,3733959
2019-11-26,763.7630004882812,796.7833064394185,757.0045091948963,794.5143636549226,3934814
2019-11-27,760.9147338867188,775.1076652821881,757.9216820158049,759.8526794058084,1871064
2019-11-28,772.549072265625,775.0111265322457,756.0389199735986,764.5836930657479,2156790
2019-11-29,759.9010009765625,781.0938139199419,757.3906687268177,768.5422709993937,2208357
2019-12-02,779.4041748046875,793.6453843435443,774.5766220807013,782.059340635697,5108844
2019-12-03,755.3148193359375,777.2318001870676,752.1769336814219,777.2318001870676,2460349
2019-12-04,758.307861328125,763.3768035344824,748.7976487005923,754.1079212125163,1618761
2019-12-05,742.7633056640625,762.604396986177,740.4460849627742,753.0941838628767,1757155
2019-12-06,741.508056640625,752.756154450624,737.742558630887,748.2666064032838,1713845
2019-12-09,739.86669921875,747.301139774755,736.0529823185917,744.4045845157115,1214194
2019-12-10,743.63232421875,755.0252581332907,738.3220508902656,739.5772171613792,2108475
2019-12-11,740.9288940429688,747.8805569844892,733.3013996338406,743.632338241592,1345699
2019-12-12,747.4942016601562,752.1286428021153,743.0045941993941,745.4666484515704,997387
2019-12-13,755.3148193359375,760.4319803394768,748.0252714051115,749.2804374997352,1460681
2019-12-16,736.7772216796875,756.1838731880605,735.1358913518806,753.0942649749393,1549248
2019-12-17,742.280517578125,746.2873462776503,730.7427512740006,739.3840213191525,1832318
2019-12-18,728.1841430664062,749.6183456010333,725.577255011508,746.9149609182575,1680699
2019-12-19,717.3222045898438,734.3633551627288,711.1429889189,728.8599708681394,3585881
2019-12-20,719.8807373046875,722.2462356136225,715.3911301395826,717.8531842296237,1613335
2019-12-23,716.742919921875,727.0255199445571,709.6464243216919,718.3359721331245,2498865
2019-12-24,713.0256958007812,723.1635212497118,711.7222518029909,720.2669658848248,1487197
2019-12-26,711.3360595703125,720.073884884821,708.6808937852486,714.0877219772276,1303525
2019-12-27,714.232666015625,718.3360508955896,710.2258369365155,712.060278824574,1058946
2019-12-30,711.3360595703125,720.1703815066724,707.5222835181041,716.4049425115164,1313072
2019-12-31,717.9979858398438,720.3634842380704,707.6188306199721,711.5773811384191,1690403
2020-01-01,716.8876953125,721.6186923850256,713.1222561438263,721.0394168068017,688037
2020-01-02,739.9149780273438,741.990809105912,715.4394469590595,716.4049456585738,2423328
2020-01-03,730.5496215820312,743.3908315918217,725.5772350886805,743.3908315918217,1417070
2020-01-06,711.5774536132812,729.7289963698411,709.6464560497591,729.3427731915007,961348
2020-01-07,716.694580078125,729.9219530683943,710.1291418919104,712.7359705115625,1108401
2020-01-08,717.0325317382812,724.0324715834354,708.2947059877266,710.0326510572146,1317705
2020-01-09,731.17724609375,735.0393005493293,724.1773648369068,726.9773055068257,1477783
2020-01-10,730.1634521484375,740.0598888045511,725.0945686569025,730.6945090287411,1266475
2020-01-13,733.3978271484375,738.6115438605182,730.887554162079,730.887554162079,835989
2020-01-14,733.6875610351562,741.4116105980243,727.122121864923,736.4875016383039,1190936
2020-01-15,739.9633178710938,742.4736501984495,721.7152785107677,731.8531044505443,1522089
2020-01-16,729.97021484375,744.4045347893788,727.1219968321727,740.880426319268,1041500
2020-01-17,741.7495727539062,745.3701785446483,686.4743362659565,690.3363907172649,4938472
2020-01-20,746.142578125,750.6804045535761,736.1495860747021,741.1219135696737,1581541
2020-01-21,745.0322265625,754.1562162459473,737.1150659265704,752.1286629829591,1667878
2020-01-22,765.5491943359375,771.4387424409664,740.6391617147913,744.259767121692,3093985
2020-01-23,780.997314453125,783.9420885896388,755.9907253303148,757.9217228242882,2597472
2020-01-24,793.6453857421875,795.9626063206576,768.4939638003195,780.1282854224733,1933519
2020-01-27,785.0523071289062,808.0313396328671,782.0592555310667,786.8867485656339,2820058
2020-01-28,780.997314453125,795.4315769264597,769.7491564299851,789.3006391756634,1790691
2020-01-29,774.6248779296875,794.4660267646442,772.4042132061047,785.9213131173186,1840396
2020-01-30,763.9561157226562,781.0938222642095,760.0941206794115,781.0938222642095,1330496
2020-01-31,752.0321044921875,770.4249766421993,748.79766302921,765.7423166617665,1304458
2020-02-03,753.4804077148438,755.9907400041876,724.3704335612898,732.8185921344692,1541064
2020-02-04,766.3215942382812,768.8802043440709,753.1424388776632,753.1424388776632,1075827
2020-02-05,772.3078002929688,774.4319687887335,760.8665884755865,766.3216955088426,1062607
2020-02-06,773.3698120117188,778.8249183247149,765.935371168379,774.721474743156,1222421
2020-02-07,760.480224609375,775.8800439977413,758.4526714554339,773.3697710835725,1086833
2020-02-10,731.4186401367188,762.4596730159678,726.060089096223,759.852784763146,4260702
2020-02-11,733.1082763671875,742.4736560249083,728.0876116730772,733.7841077695069,3394755
2020-02-12,729.29443359375,747.7355830097996,728.4737685732972,735.8115941923336,1852945
2020-02-13,726.3013916015625,738.5633258385304,719.5911193387319,729.2944435289844,1884479
2020-02-14,717.4187622070312,744.2597932078419,711.673988419093,728.4738087200891,3412990
2020-02-17,711.9636840820312,724.1290635193363,708.198185546924,717.3705128137124,1522461
2020-02-18,698.9293212890625,715.6325854974469,690.8673269728214,711.915365074777,1757880
2020-02-19,731.0324096679688,733.5427420965237,701.2466024758537,704.818989522014,2076090
2020-02-20,725.3842163085938,741.3150348228653,720.1704401002055,724.1290501533925,2137038
2020-02-24,699.8948364257812,722.1980411562635,697.2880075270042,722.1980411562635,2367336
2020-02-25,695.5499877929688,707.6188097255294,690.4328271726946,701.9223144138571,2281107
2020-02-26,678.5572509765625,697.2880705793971,675.8538068769768,693.2329044300186,2852422
2020-02-27,688.2604370117188,692.7500441915718,662.3366296375445,678.5571134554202,3363958
2020-02-28,663.495361328125,683.0951235920362,660.4056940850663,663.3022497299222,4407386
2020-03-02,645.39208984375,677.3020654023695,634.6267099812583,676.8192864111851,2254276
2020-03-03,675.902099609375,680.2951519945319,647.8541770721863,647.8541770721863,3363570
2020-03-04,665.7160034179688,684.3502070481513,658.4746737196833,678.2675468991185,2853717
2020-03-05,656.8333129882812,671.5089649660472,654.612648116951,668.9021360936733,2171130
2020-03-06,642.1093139648438,647.7575318466123,622.7509430672674,627.5784958999823,1701571
2020-03-09,612.709716796875,631.4405355514148,603.7305601881267,625.6474835747294,2786900
2020-03-11,603.6822509765625,618.4061808999501,594.7513135652841,613.095908181806,3001659
2020-03-12,540.5382080078125,588.9582763014643,535.8554886564588,588.7168868165307,4778932
2020-03-13,584.0823974609375,609.8613697882789,487.5801350957691,519.0555728208597,6209514
2020-03-16,557.0000610351562,578.8204863144806,539.7174620697775,559.9931130357846,2988394
2020-03-17,536.4830932617188,565.4482959468181,534.1659314778783,551.5933073248858,3007242
2020-03-18,508.86968994140625,548.4071036766741,475.4149074559473,548.4071036766741,6864942
2020-03-19,474.1114196777344,500.90417277665,464.4080950870953,464.4080950870953,3915320
2020-03-20,511.1385803222656,545.2208832874657,471.21491789837927,477.92519078074486,3046590
2020-03-23,418.3052062988281,482.75270918613836,383.35393112150535,464.69775161484887,4492684
2020-03-24,386.2986755371094,442.1049037167554,379.44359914534607,420.96031023055036,2996993
2020-03-25,435.78082275390625,442.87728857952646,371.76782622389436,376.5470714741179,4213471
2020-03-26,455.1392517089844,467.3046013382758,409.3260124519804,424.7740815775343,3976225
2020-03-27,445.00140380859375,476.7665426311577,431.436055005144,455.7667826412533,2028451
2020-03-30,434.9601745605469,460.06331954698777,423.08446302498726,432.54639810406286,1999573
2020-03-31,459.6770935058594,463.20120237715344,437.95322386157574,447.4151884635044,1808450
2020-04-01,459.7253723144531,467.5942551302347,436.98772598587584,461.4150099103697,2128750
2020-04-03,439.0152587890625,461.2218768134358,435.63598375486515,457.1667704380329,1475994
2020-04-07,500.66278076171875,504.862780187818,447.02896735761783,461.5115669084855,2642753
2020-04-08,494.91802978515625,514.1315966037099,483.1388742223279,494.82150357729984,2411598
2020-04-09,512.2489013671875,528.5659431742297,495.30427647802145,510.7523457167209,2500431
2020-04-13,525.7176513671875,541.6485287301308,492.4077372553676,512.2488875330927,3275888
2020-04-15,516.9315185546875,553.0897081658164,511.8626355864301,539.620945088994,2133786
2020-04-16,524.9935913085938,537.7865249629131,505.0076054694286,511.7178786496161,3609311
2020-04-17,526.7313842773438,543.5794810999686,514.9522294511273,540.6829850763661,2741854
2020-04-20,503.6559143066406,533.827943809139,501.4835272358353,529.3383359742626,3118395
2020-04-21,491.9732666015625,499.4559559182665,486.1319665854893,497.0904573414069,2598896
2020-04-22,492.7939453125,495.5939154490211,485.11817378125704,493.37325049874727,2333990
2020-04-23,483.1871643066406,499.9869551296796,481.4975266868987,497.23529254037777,2048968
2020-04-24,481.83544921875,484.5871414291624,468.0287398518795,475.0286503290213,2560066
2020-04-27,481.06304931640625,493.0835945101247,475.3182755631768,487.4836544436265,1765581
2020-04-28,480.2906799316406,493.8560303753992,476.7666002813071,489.46297810103164,2128372
2020-04-29,484.6353759765625,487.4836237259126,478.4561607165972,482.75265649586873,1404693
2020-04-30,487.483642578125,497.2352743525841,484.00781167344394,487.58019836692887,6561590
2020-05-04,462.52532958984375,477.8768716342411,459.91847121563586,475.9941225082869,3320830
2020-05-05,455.1875,470.97351440295853,453.0633908651231,468.27010008747476,1735925
2020-05-06,465.759765625,469.23559647181537,453.01508210205293,458.6150219390191,1896522
2020-05-07,468.46319580078125,474.9803566752357,459.9667595491821,465.7597815769048,1743414
2020-05-08,469.5252685546875,475.80106977849346,466.0977153510547,472.90454386119495,1451705
2020-05-11,487.0491638183594,494.8214905520995,468.0287090802815,472.32520496138136,3912963
2020-05-12,500.0835266113281,503.0283008776889,475.1252142835601,485.35956653338917,3122914
2020-05-13,504.9110107421875,531.027932942456,501.1455714525259,531.027932942456,2711938
2020-05-14,493.7594299316406,510.3661091029143,490.71809997761926,500.13178679756425,1940379
2020-05-15,499.9869384765625,501.91793593078347,492.31116739015204,496.5111075605129,1384443
2020-05-18,478.6975402832031,497.71799535268804,477.05618061564263,497.71799535268804,2678574
2020-05-19,494.1939392089844,503.0282914240843,477.9734533538616,481.0147833584304,3299878
2020-05-20,518.33154296875,520.3590962525724,489.5112071893909,493.3732317569846,2862696
2020-05-21,508.7730712890625,518.4281182805737,503.5593541966191,518.3315624858905,2005953
2020-05-22,513.9867553710938,516.4970875434531,495.4007718777764,505.82826455705526,1752039
2020-05-26,514.2764282226562,525.6210826853625,509.64198698242706,516.5453709480148,4004041
2020-05-27,547.1036987304688,549.951917429655,510.8006691797314,516.5454436437495,4754112
2020-05-28,556.6138916015625,561.5862194508782,538.0279060040998,548.4070628000904,3330221
2020-05-29,568.875732421875,581.2341627160108,557.0965184994076,569.9377868741549,5979901
2020-06-01,563.3723754882812,579.303193032989,560.041378297467,572.0619230879556,2564085
2020-06-02,575.7791137695312,580.6066667563101,555.6966329717809,562.889625391429,2681043
2020-06-03,577.1790771484375,588.9582323287591,571.9170825902028,579.8342429562884,2436065
2020-06-04,584.227294921875,589.923731359625,562.7447564724922,576.4066903382146,1650031
2020-06-05,605.5166625976562,608.944215537236,588.4755128506549,590.503066045542,3146152
2020-06-08,595.8616333007812,622.171666015626,592.5789139482727,613.0958951104296,2757483
2020-06-09,590.7926635742188,613.8682537598951,585.7720585710617,601.606379025167,2091161
2020-06-10,593.5443725585938,604.4063065081078,589.0547653042503,590.8892068535647,1797749
2020-06-11,570.2274169921875,604.4063315104344,562.4551494498028,596.6822826974741,2507917
2020-06-12,581.1859741210938,585.2894180498142,548.6001671712346,548.6001671712346,2110589
2020-06-15,561.8275756835938,589.7789396923007,557.1931342425369,588.9582746099728,2927192
2020-06-16,568.779296875,583.6480623500836,560.1863036569495,577.3722900930505,1815454
2020-06-17,563.7102661132812,577.0825328779887,560.7654920504559,566.8482109175753,1161867
2020-06-18,577.4688110351562,582.0549747784672,558.3517688429002,562.8896546872674,1808862
2020-06-19,580.510009765625,582.8755079502159,573.0756291598238,577.3721245368683,2630246
2020-06-22,596.2960815429688,607.1580163424335,566.7516662196946,583.0687073665368,5901428
2020-06-23,600.8822631835938,612.4683667641993,591.9030476996467,601.1236526673749,3194115
2020-06-24,592.4823608398438,611.599342304092,577.8549277896471,604.4063500985234,2452073
2020-06-25,586.4962158203125,604.9373664890791,583.2134963514198,589.8754910821805,2097893
2020-06-26,594.8961791992188,604.744337995566,588.9582935167352,591.75829329563,1767686
2020-06-29,597.88916015625,602.9097651708606,577.8548996622839,592.5788877857722,2018333
2020-06-30,598.3236694335938,607.0614948099683,590.2133975061603,603.6822197705447,1634716
2020-07-01,593.158203125,604.3580833290256,591.0340940343146,598.4201979558303,1402760
2020-07-02,596.634033203125,609.764910893765,593.7375369469266,593.7375369469266,2512090
2020-07-03,606.482177734375,608.2683415106278,592.3375237162354,602.2822375505846,2074752
2020-07-06,619.03369140625,630.8611834165728,607.399370129826,611.1648682489646,4075813
2020-07-07,602.1373291015625,620.7233104693197,599.8683866598926,619.0336435282077,2164858
2020-07-08,587.5099487304688,610.054541429517,584.4203410776104,606.3373211690579,2401094
2020-07-09,595.37890625,601.268514105615,588.9100227706662,590.8892983008353,1631873
2020-07-10,590.3582153320312,598.5167057695934,576.5032294573296,595.3788202809861,2704109
2020-07-13,590.6478881835938,596.6339918644653,586.5927227089785,593.2064389918652,1722338
2020-07-14,576.1170654296875,592.6754966278232,573.3654027948706,591.3237746768533,1758125
2020-07-15,568.5860595703125,586.0617095542246,566.1240054480056,581.6686581126538,1921434
2020-07-16,562.9378662109375,572.5446344912419,559.9930922148445,571.5791357902948,1515681
2020-07-17,571.6757202148438,574.8618838368053,562.8896165155926,564.337894221607,2180665
2020-07-20,582.3445434570312,590.309982093158,572.8826083834621,577.372216023965,2295638
2020-07-21,582.2962036132812,595.233968306079,581.1375934046664,584.1307042893023,1950293
2020-07-22,581.0410766601562,590.8892345129783,573.5101393802436,586.0617409561551,1749629
2020-07-23,577.613525390625,590.6961233323324,576.4066373304737,584.4202935867299,1211759
2020-07-24,562.5999755859375,576.2136328357393,561.5379209953629,576.2136328357393,1255646
2020-07-27,551.1104736328125,564.8206271897891,548.8415308115669,564.8206271897891,2224709
2020-07-28,575.6825561523438,577.323945461719,545.510527572857,553.0414652436591,5625982
2020-07-29,595.0410766601562,600.3996281360978,578.6757548109028,579.3033083932339,6110360
2020-07-30,582.1514282226562,603.5374117504772,580.4135423177896,592.9650851429286,2519390
2020-07-31,611.213134765625,614.9302957590428,581.2341615400926,585.4341014490623,4769694
2020-08-03,611.6475219726562,620.5784577996916,600.2063135013016,608.2682473579921,2556245
2020-08-04,603.1029052734375,617.6820604087128,600.7374067501152,613.4821202062815,2070693
2020-08-05,611.5993041992188,621.3991837957469,600.2546503872862,603.1511464142318,2505820
2020-08-06,612.323486328125,624.1991972185671,607.3028221051188,614.0613721504981,2312477
2020-08-07,614.5924072265625,619.7578457819138,606.5786914090016,612.1303530952513,2235535
2020-08-10,612.1786499023438,621.1578646605168,606.0476533303049,617.9234233315505,1932817
2020-08-11,602.716796875,618.8407278071463,597.6961319956589,613.0959536011702,2069626
2020-08-12,604.5512084960938,607.3028711309995,593.882384907068,598.6133229894813,2151111
2020-08-13,610.0546264648438,615.9924531337706,600.0616337199629,610.006348565222,3049144
2020-08-14,607.2545776367188,617.7303485328923,601.944304927084,610.1994109479477,2852059
2020-08-17,603.77880859375,612.1304112806164,589.6341542131705,608.4131907846322,4326042
2020-08-18,644.0885620117188,655.0953299391208,599.578770537763,599.578770537763,15527149
2020-08-19,641.916259765625,648.8196443675505,637.668041291853,644.9093711882216,3257907
2020-08-20,642.6403198242188,651.7160308668448,632.4542172872021,637.37832551904,3026994
2020-08-21,653.985107421875,659.440214409062,645.826615473618,651.4265561636632,4009171
2020-08-24,648.3851928710938,669.578068125929,643.2197530813814,656.9299675355445,3836076
2020-08-25,650.5092163085938,656.0125410267332,638.8265580543499,648.8195492481824,1831246
2020-08-26,648.032470703125,659.0078433634956,639.6795553931728,653.617289492025,2459758
2020-08-27,665.3696899414062,668.2349187838878,647.8382342624346,650.8977280130374,3272319
2020-08-28,681.0071411132812,696.8874645471797,664.3498175428496,670.1289011320681,7416581
2020-08-31,655.4628295898438,690.3800483558853,651.383444360204,682.8041322400477,4474304
2020-09-01,664.884033203125,684.5522840002044,632.3464463451646,657.5023832551499,4746522
2020-09-02,658.959228515625,666.243805277131,643.6131344150956,661.4359869952343,3946609
2020-09-03,703.9291381835938,708.3969930425795,662.0188050430124,665.3211299597656,7528192
2020-09-04,686.2034301757812,703.2007173501197,678.6275151692705,684.746562359007,3620215
2020-09-07,680.0359497070312,700.0927328832998,673.0913354022348,699.315673145179,4194868
2020-09-08,657.6481323242188,682.7069386992558,654.8314099520887,682.7069386992558,2836862
2020-09-09,667.3609008789062,676.4908174723614,644.9730567200281,656.579791800153,2847119
2020-09-10,692.80810546875,697.130261883624,661.7274441692764,676.539311125267,4943692
2020-09-11,700.2383422851562,706.1144987006701,684.4065853841181,694.459258807085,7359626
2020-09-14,686.6890258789062,714.8073219360261,682.8039660542847,700.2868542999437,3056973
2020-09-15,699.7040405273438,702.7149677610282,689.4085965625054,691.156861532405,2938207
2020-09-16,699.7040405273438,716.0213984769803,693.585053615266,702.1807988325592,3050802
2020-09-17,703.880615234375,717.5270117878152,695.9647958069071,699.7041574835158,3942939
2020-09-18,723.597412109375,727.1425682767718,703.8320282051445,707.0372207692816,3228972
2020-09-21,696.256103515625,728.1138233198623,689.6514535620948,728.1138233198623,2436306
2020-09-22,708.1542358398438,724.5687296823891,686.4948864683814,699.7041875145085,3326343
2020-09-23,697.7615966796875,711.6993304868937,684.7465616935248,708.3970055120119,2586941
2020-09-24,660.1734008789062,694.4593151942574,656.0940755125428,687.6603999053581,2836522
2020-09-25,687.8060302734375,691.7396565548905,663.3785276983657,663.3785276983657,2267006
2020-09-28,713.107666015625,714.5160270695678,694.4592467979118,694.4592467979118,2555901
2020-09-29,700.7239990234375,718.6439860499776,694.507878536982,714.8559985702237,1829165
2020-09-30,722.8204345703125,724.9572296799043,694.5078696095007,700.7239900160516,2387252
2020-10-01,732.8731079101562,734.2814095600063,714.9045549012677,727.6768188330091,2413277
2020-10-05,728.5995483398438,741.6631506866433,720.6351028236442,730.5906448395332,1907600
2020-10-06,735.9326171875,738.1179785709326,719.2267263068886,728.6966653133899,1861945
2020-10-07,737.8265380859375,739.8176344269993,726.5112614949876,733.3101168883189,1633121
2020-10-08,748.2191772460938,752.444201082236,736.9038411092863,743.0228288338845,2229138
2020-10-09,723.694580078125,750.6959168117406,720.9264834394954,747.442157858909,2916735
2020-10-12,723.3060913085938,730.7363079044188,716.7985140513553,724.7143929490037,2824839
2020-10-13,727.9194946289062,741.0802271545055,715.7785932922606,721.4605439263906,2751314
2020-10-14,741.6631469726562,745.9367373459379,712.379315862239,721.6549305759711,2415604
2020-10-15,728.5509643554688,745.8881566745138,723.7917117512445,738.5065061287817,1506667
2020-10-16,750.501708984375,754.338203184442,728.4538303394847,731.3190594317191,1772044
2020-10-19,750.9387817382812,759.9230588155128,739.6720702339818,749.8218178828279,2143086
2020-10-20,754.8724365234375,757.4948344760116,742.5372683959588,752.7356413691442,1746130
2020-10-21,769.00439453125,771.6267923417824,749.3847093527294,757.5919259043553,2418947
2020-10-22,768.9072875976562,771.6268179563482,758.5632161466617,769.0044200587638,1706604
2020-10-23,762.642578125,780.9024684699838,759.6315909557044,771.2868907652154,2363692
2020-10-26,757.5919189453125,767.1589303019849,745.9366787982094,762.4483037251103,1344142
2020-10-27,756.7178344726562,767.3046777835575,750.6474126293026,751.7643764382935,1536888
2020-10-28,754.9210205078125,767.0133577617952,750.8416355121427,767.0133577617952,1985259
2020-10-29,748.0735473632812,755.018161616263,743.9942218383557,750.5503062251759,1066172
2020-10-30,755.9893188476562,770.9468833155041,743.2656222390272,747.8791756713457,1716739
2020-11-02,765.2164306640625,769.1015505460738,753.2212264399033,761.8655393167714,1795870
2020-11-03,768.4215698242188,777.9400741861533,764.4393772760201,766.5276060042155,2056424
2020-11-04,760.6029052734375,772.1610733732037,756.329314905691,767.6932180764795,1505112
2020-11-05,781.291015625,787.1186061415231,764.8765225869929,764.8765225869929,2985097
2020-11-06,771.5296630859375,785.7587944981854,768.761566577092,785.7587944981854,1506722
2020-11-09,769.3928833007812,785.0789423810461,766.5276542768127,774.1035695513591,2196951
2020-11-10,766.8190307617188,793.0433658861016,758.6117547194348,776.0460785735735,2914387
2020-11-11,780.0284423828125,785.3704307260643,767.3047433130255,769.2473332248454,2520351
2020-11-12,803.193115234375,807.1268012267523,780.0283334103817,780.9024660139864,3845786
2020-11-13,817.1795043945312,823.6384559724642,795.9571924117233,803.241710394049,5942145
2020-11-14,814.5083618164062,820.3360110618472,811.1089047163516,818.7819514239194,326158
2020-11-17,818.6848754882812,828.9803799463256,811.546056747595,822.5699950925647,1893365
2020-11-18,824.5611572265625,827.2321213702611,814.1685194844689,817.3737121673711,1727008
2020-11-19,812.7116088867188,837.1390528128106,808.0980552694319,820.5303550184767,1931331
2020-11-20,831.4085693359375,837.1390269921461,814.5084151757269,815.8682100083166,2058126
2020-11-23,830.0487670898438,843.9379341001057,826.649309797449,838.5959467884666,2233883
2020-11-24,828.737548828125,838.9359208324588,825.5809226281388,832.3798372976946,1399638
2020-11-25,818.879150390625,848.697207135629,815.9167890623754,831.4085824067608,2401936
2020-11-26,852.1937866210938,855.6903168925102,822.7156938268116,825.7751875730185,4266333
2020-11-27,850.5912475585938,860.4010907500286,845.0064284746777,852.1938736946049,4020685
2020-12-01,881.720458984375,884.5371216384005,837.3818737959094,842.0925598126197,4126748
2020-12-02,889.19921875,892.5501098232166,874.2415947279502,875.6499557777632,2854485
2020-12-03,883.9058837890625,898.3292212081919,879.9721976150307,894.5412932451688,1996094
2020-12-04,904.7396850585938,919.6972513336117,886.8682638861474,889.1021915327032,3042427
2020-12-07,910.7615966796875,926.5933561066694,903.5256442588253,912.946958228247,3205743
2020-12-08,899.203369140625,914.9379345104979,892.0159243827426,910.5672119881826,1763695
2020-12-09,893.8128051757812,906.9249725937522,889.8305530116792,900.3203226565178,1618537
2020-12-10,883.37158203125,898.2320738168729,876.6212335600214,895.5124841305416,1734033
2020-12-11,876.3299560546875,889.3449916216596,875.1158598094175,883.7601727003932,1945748
2020-12-14,885.2656860351562,897.455156291781,880.2636614323511,880.6036250763336,2052814
2020-12-15,885.7998046875,891.3360571866367,877.058359638067,885.7998046875,1467901
2020-12-16,888.5194091796875,898.7177824285145,884.8286135502119,893.9585296755735,1395643
2020-12-17,886.4796142578125,899.7860458749285,885.799746616237,889.5876741466958,1482672
2020-12-18,883.517333984375,890.4133815528934,876.0871174022767,885.7998277638502,2224860
2020-12-21,852.145263671875,883.8087192525959,843.3552522850867,883.4687556466067,1912602
2020-12-22,859.769775390625,863.8491007366056,838.547463213906,852.1452937237613,1715164
2020-12-23,876.0870971679688,882.8860121192727,856.0303159168536,860.643869599341,2387101
2020-12-24,871.37646484375,885.6541633163038,865.500248362541,880.603572778591,1425968
2020-12-28,880.603515625,886.1397681230984,871.3278420602053,875.3100942709931,1495820
2020-12-29,883.37158203125,896.1437855662425,880.1663895907109,884.8285093287443,1631226
2020-12-30,907.5562744140625,911.9755631167726,871.5220971140562,884.9256619069927,2289284
2020-12-31,901.1944580078125,913.8209631819675,895.075410816889,912.801131903053,2086260
2021-01-01,906.5850830078125,911.0529383017141,893.8128781448868,897.9407698132919,1156184
2021-01-04,936.7429809570312,939.2197395911619,910.2273079659673,910.2273079659673,2678141
2021-01-05,933.6834716796875,944.0275425872293,919.7457379697281,927.5644840560282,1517829
2021-01-06,956.3141479492188,961.0734005416315,927.6131122533233,932.4208715595423,2171483
2021-01-07,965.29833984375,975.7881092151388,949.1266790199735,961.5589784358077,1896450
2021-01-08,975.4481811523438,994.4365647978198,963.598676028742,970.9317599481859,2390870
2021-01-11,975.4481811523438,983.2183611305527,965.8811697451968,970.6403625756758,1254601
2021-01-12,981.2758178710938,991.2798656855637,969.037783081408,976.9050954117372,1557324
2021-01-13,1003.6636352539062,1011.0939113159736,978.5076970938823,980.0131907017226,2214186
2021-01-14,990.9400024414062,1011.0453503899316,984.1896535617952,1005.2662070774925,1528096
2021-01-15,1003.3722534179688,1009.4426751383369,972.8257608588495,985.9379289115864,2034259
2021-01-18,970.49462890625,999.9727812425637,962.3845451365585,993.6109030926041,1854738
2021-01-19,1002.25537109375,1022.2635872251418,973.2143120124897,973.2143120124897,4075179
2021-01-20,1004.9747924804688,1008.6657068701494,985.6465640621373,998.4673343802895,1534841
2021-01-21,987.8804931640625,1016.8729251143905,983.4126381337371,1006.2375160614125,1273254
2021-01-22,975.1568603515625,1001.1383663553528,971.271799816112,992.9311491913649,1033889
2021-01-25,1039.0179443359375,1082.6280379707396,987.7833692495105,995.5535493904418,15405089
2021-01-27,1031.0535888671875,1082.3366721617722,1020.8551564577887,1033.384529894323,6647316
2021-01-28,1036.735595703125,1045.0885122531583,1008.7144246573024,1010.6083888485408,2845529
2021-01-29,1025.3231201171875,1062.5713997835478,1018.329939191392,1032.0734698613694,3837388
2021-02-01,1093.3118896484375,1098.313972678931,1017.2613486556021,1029.547889187739,2107472
2021-02-02,1155.813232421875,1175.1416384766758,1103.8016601746901,1111.1348033424367,4139299
2021-02-03,1156.6390380859375,1170.8682305907096,1138.5733511239316,1144.2553624928921,2436735
2021-02-04,1154.3564453125,1182.4747452392526,1137.4077831948432,1146.100662290305,2669863
2021-02-05,1152.025390625,1174.073268963118,1139.3017524202432,1154.3564506583402,1642638
2021-02-08,1176.015625,1184.9513339654025,1150.9568821460455,1151.9280875791026,1963580
2021-02-09,1182.9603271484375,1191.2646758366286,1169.4110640072465,1175.2387731849954,1733956
2021-02-10,1196.0240478515625,1213.1184092112944,1181.066481661797,1181.066481661797,3276987
2021-02-11,1199.9576416015625,1209.0390505831472,1186.505509936265,1187.8653643929003,1221329
2021-02-12,1206.4166259765625,1218.7518537085523,1185.9714326891847,1208.2621427893312,3434991
2021-02-15,1192.673095703125,1222.4425263862695,1181.7948560220482,1220.9370923831118,1921858
2021-02-16,1208.019287109375,1220.8886240963254,1190.3906975611258,1198.93787806514,1567856
2021-02-17,1202.871337890625,1213.1182160212788,1192.7215922083597,1192.818724656748,1052775
2021-02-18,1194.3243408203125,1211.807231919117,1178.152618939966,1202.8715214432941,1542595
2021-02-19,1183.009033203125,1204.0855878906852,1175.2389120942187,1196.3640330145815,1319734
2021-02-22,1195.1500244140625,1199.520747399616,1180.0952060994782,1186.4085784429553,1133104
2021-02-23,1196.1212158203125,1213.9926374213821,1186.5055777525977,1203.4057937211535,1440367
2021-02-24,1214.283935546875,1220.888585640568,1195.8782868835035,1203.4056953357854,443684
2021-02-25,1233.9521484375,1251.9692667005788,1217.9746927103479,1221.8597528706964,1949746
2021-02-26,1166.3031005859375,1233.5150708939386,1156.6388972330708,1218.9460355566055,2809674
2021-03-01,1229.5814208984375,1233.5150472703467,1167.6628135895721,1172.2763671489276,1607731
2021-03-02,1257.5540771484375,1261.1963063181197,1224.7736575166657,1238.371487667966,1961842
2021-03-03,1280.2332763671875,1304.4179487019826,1252.9404844528526,1261.681929416396,2252759
2021-03-04,1311.605224609375,1320.929463959454,1263.1387493214088,1268.4807961675617,1958602
2021-03-05,1300.872802734375,1332.2934876714373,1285.9638030765375,1310.051344244619,2724965
2021-03-08,1305.632080078125,1328.408452477691,1293.2969713917028,1301.4556222068204,1406248
2021-03-09,1327.0970458984375,1367.5505708140047,1321.9493828835023,1342.2974418752717,5099085
2021-03-10,1345.2598876953125,1349.4363452717969,1320.9295166282009,1338.4124065892513,1090258
2021-03-12,1339.869384765625,1364.5882876962576,1335.4986619153692,1354.9240835792968,1210907
2021-03-15,1344.337158203125,1351.913132898428,1308.303039516858,1349.0964106230733,974779
2021-03-16,1344.7255859375,1357.5949215650942,1336.3726712395003,1340.4519961369017,1181261
2021-03-17,1327.82568359375,1354.826961588257,1322.1922386563813,1342.880382523806,1009550
2021-03-18,1347.9310302734375,1359.6833443857358,1332.5849339737147,1352.0103557533166,1797660
2021-03-19,1370.7071533203125,1374.3495013931074,1323.8433619688583,1340.9377219818623,2441007
2021-03-22,1373.281005859375,1386.975967590875,1360.994464703339,1378.2345229171294,1593946
2021-03-23,1370.7071533203125,1381.6339594689512,1353.8070582197174,1373.281044374858,1007993
2021-03-24,1347.78515625,1368.5217445810354,1340.0149171280123,1368.5217445810354,1496233
2021-03-25,1333.313232421875,1360.217495404118,1314.7134376590648,1343.754495724903,2174481
2021-03-26,1365.2196044921875,1370.9014963995035,1339.3837980871529,1341.3263282871296,1772011
2021-03-30,1381.7310791015625,1400.2338595578103,1355.6524432711674,1375.9034888879976,2584538
2021-03-31,1408.8782958984375,1414.171658073565,1369.4932244355223,1376.2921398003102,1247057
2021-04-01,1412.71484375,1424.8556879824707,1395.669047976819,1418.0568913946147,1275251
2021-04-05,1404.9444580078125,1430.3917312927497,1384.1591851822475,1413.2002400545432,1402086
2021-04-06,1391.395263671875,1407.6154312117567,1385.033445039155,1405.4300700315132,739833
2021-04-07,1396.10595703125,1403.001885162728,1386.7817175367575,1386.7817175367575,609297
2021-04-08,1406.2071533203125,1421.2618507002703,1392.3664926009717,1405.2358287639215,1573056
2021-04-09,1398.631103515625,1427.1379302561909,1391.6866094511417,1413.2002568671564,1129821
2021-04-12,1337.052734375,1384.0136607315696,1328.262722750889,1377.2147455328486,1328953
2021-04-13,1352.20458984375,1366.287963771184,1331.2250490951558,1333.3618442518282,1428913
2021-04-15,1310.4884033203125,1359.7318223120865,1286.9350913577432,1352.9814735051216,2016916
2021-04-16,1314.324951171875,1340.3550228733352,1302.4753858438771,1304.4180351065663,1443699
2021-04-19,1286.6435546875,1300.5326615995493,1267.7522457051475,1292.0826147069743,1241897
2021-04-20,1254.785888671875,1333.8959898135502,1244.7818407536663,1312.285208433176,3702862
2021-04-22,1262.8475341796875,1275.9111355547473,1233.8064767281658,1235.3604770193053,1876238
2021-04-23,1241.38232421875,1285.1381155093966,1225.7449508815637,1261.681936468743,2851038
2021-04-26,1274.6484375,1283.0499191242807,1248.0841381914006,1248.0841381914006,1238450
2021-04-27,1292.956787109375,1300.7269067434415,1270.423249714803,1282.0785482007645,1241249
2021-04-28,1302.620849609375,1310.2453894856917,1283.1954317998113,1299.0271871912837,1288850
2021-04-29,1311.896728515625,1330.1566788867215,1294.0253079881481,1315.49039149935,1800136
2021-04-30,1361.4801025390625,1366.9678484722774,1294.7052262124482,1303.4466714935977,3274647
2021-05-03,1373.912353515625,1384.1106658580454,1334.7701177693966,1356.4780305635356,1793989
2021-05-04,1375.2723388671875,1407.2758213100021,1363.6656038526016,1374.3496994351667,2079242
2021-05-05,1380.079833984375,1413.1516467981662,1364.6366080931998,1379.302774405245,2165853
2021-05-06,1406.3043212890625,1408.343983874119,1377.3603962310292,1379.2057938999017,1643323
2021-05-07,1407.9554443359375,1419.90214142452,1392.1236870202079,1408.343974165627,1272527
2021-05-10,1403.050537109375,1432.6258238644737,1389.1614285084722,1418.056788040387,2080852
2021-05-11,1408.4896240234375,1426.7495731068323,1384.0621212121553,1384.0621212121553,1527199
2021-05-12,1371.775634765625,1414.8029329329308,1367.5991771442086,1410.2379454797783,1354561
2021-05-14,1327.728515625,1381.0998281951015,1315.9275165396807,1379.205864200644,1245183
2021-05-17,1353.80712890625,1360.168948015195,1323.3092025538733,1333.6532145053786,755051
2021-05-18,1352.3988037109375,1386.8303560758743,1346.2796968268212,1364.7339118690015,1049467
2021-05-19,1349.7762451171875,1381.0512282700442,1340.7434031926414,1351.038847962236,912471
2021-05-20,1335.7413330078125,1349.096331120395,1325.8829841773406,1349.096331120395,886461
2021-05-21,1332.4390869140625,1347.105254322495,1325.7858708749784,1340.3549058287583,743088
2021-05-24,1331.37060546875,1336.8583509861191,1311.7994875294357,1333.216003038395,1450921
2021-05-25,1335.4013671875,1359.051929165482,1315.2961397471915,1340.3548842251964,3103636
2021-05-26,1368.9102783203125,1390.812456148183,1341.3747753166033,1345.211269144755,4319669
2021-05-27,1376.437744140625,1394.9889721501606,1352.9814460778389,1374.3009491173061,4469025
2021-05-28,1423.35009765625,1437.4821559231575,1380.1771012702281,1387.1702810610213,2700533
2021-05-31,1428.93505859375,1451.9541428237037,1413.2004329121348,1423.155915144475,2951302
2021-06-01,1403.050537109375,1436.6565829035953,1395.717512484543,1433.208618627203,1122065
2021-06-02,1400.8165283203125,1412.6660926342613,1384.5963606439796,1402.5163462797004,1804692
2021-06-03,1416.8426513671875,1421.9418675399909,1394.7947728957606,1403.6819170075655,1010766
2021-06-04,1460.064208984375,1463.7065572477254,1410.6265239919587,1416.8912106402763,2566329
2021-06-07,1457.8787841796875,1486.9684076151977,1452.6339886031772,1474.9732633777783,2501045
2021-06-08,1459.967041015625,1472.4965330424127,1447.3891017942515,1465.6004855634521,1031475
2021-06-09,1449.1859130859375,1484.0059945676205,1442.3384319317126,1466.7173693987445,1734171
2021-06-10,1449.623046875,1473.4191902159507,1444.4753835943104,1448.1661790083713,879471
2021-06-11,1447.7777099609375,1466.6203366977338,1433.111541114076,1462.6381437361572,899012
2021-06-14,1450.1087646484375,1454.673752378033,1415.337247160366,1438.9391264839896,685484
2021-06-15,1452.2940673828125,1471.4766568976688,1445.2523211452444,1452.0512362330815,817869
2021-06-16,1426.992431640625,1458.4129956076765,1421.8446495466071,1452.5368391291304,921327
2021-06-17,1416.3084716796875,1447.8262901206301,1408.8783142380435,1422.913122202751,798597
2021-06-18,1438.210693359375,1446.4180297916123,1379.2544992907067,1421.9419572665133,1491403
2021-06-21,1453.6536865234375,1457.7330114429008,1413.2002818763722,1419.3192692555667,1150374
2021-06-22,1453.31396484375,1477.1102292262635,1450.1573976940551,1456.9077471356436,1410254
2021-06-23,1455.6934814453125,1468.8056494659693,1441.367276697504,1456.9076372073428,977659
2021-06-24,1455.8389892578125,1463.7063604596217,1444.766485334234,1454.9649162586313,1150441
2021-06-25,1463.560791015625,1471.4766101056296,1447.1948052883222,1458.5587075599833,1198951
2021-06-28,1476.9158935546875,1502.5574355368933,1469.291352263644,1471.4767136606476,2457270
2021-06-29,1460.11279296875,1479.4896479170254,1455.936335152423,1473.419226117469,737277
2021-06-30,1455.6934814453125,1466.3290097811844,1448.1661918602383,1460.112770349346,902718
2021-07-01,1457.1990966796875,1465.0177839807934,1446.2237232976784,1460.0642663304034,637573
2021-07-02,1446.9520263671875,1469.4855668101438,1444.2811217784401,1461.7640123550736,745289
2021-07-05,1446.9034423828125,1464.6777301222742,1443.3097794652238,1454.4794170893358,787645
2021-07-06,1454.236572265625,1481.1894009987,1448.8460779399352,1448.8945251341618,1828294
2021-07-07,1450.934326171875,1456.9076153267185,1433.5970153946118,1452.05123042129,1123558
2021-07-08,1433.0628662109375,1455.6934192648475,1429.906180399376,1453.79945539186,1079337
2021-07-09,1457.0533447265625,1464.6777668187926,1419.0280096223241,1432.6258400301774,801755
2021-07-12,1492.0191650390625,1496.4384540845347,1463.7065992157957,1463.7065992157957,1866434
2021-07-13,1531.3555908203125,1536.6975189621146,1493.8159189996534,1495.7584491452976,2184726
2021-07-14,1522.7598876953125,1534.609333824632,1518.243466291754,1530.238611113761,705279
2021-07-15,1512.5128173828125,1534.3664299007294,1508.5306247079698,1522.9540803907194,911522
2021-07-16,1527.1304931640625,1533.9294078628764,1503.5770633366153,1519.8459161935755,853187
2021-07-19,1514.0185546875,1530.3358572010206,1500.469289470809,1514.0185546875,562032
2021-07-20,1528.87890625,1541.9425084128936,1494.690183573842,1513.4356777605124,1735941
2021-07-22,1536.600341796875,1553.5491221596694,1528.0045955626642,1549.178399700414,986602
2021-07-23,1504.9854736328125,1543.3020839781386,1500.7604499678885,1534.6092055141148,1414915
2021-07-26,1505.7139892578125,1521.254229795477,1496.7782795277326,1504.9854958445328,1014895
2021-07-27,1475.0704345703125,1519.2632039598566,1469.5341224423703,1506.6366984199867,772365
2021-07-28,1489.49365234375,1493.0873149918446,1443.309671229266,1484.1030393367407,1298575
2021-07-29,1500.2261962890625,1512.8527008450433,1479.246776997121,1498.6721960912919,1223764
2021-07-30,1506.782470703125,1521.0116625215155,1477.9356762438158,1493.5246035282628,1130851
2021-08-02,1545.9246826171875,1567.826862574833,1513.8727554968086,1520.0403097644937,2029644
2021-08-03,1546.653076171875,1553.937534253498,1500.129129345355,1529.7529810578728,1650483
2021-08-04,1510.1817626953125,1559.1339025195755,1492.893137535246,1544.3220359914667,1252484
2021-08-05,1493.233154296875,1508.384984965731,1481.1894433445264,1494.7871546376894,718574
2021-08-06,1487.0169677734375,1508.870580173538,1476.5272576283642,1500.2262676701594,688396
2021-08-09,1468.7086181640625,1502.5574976176733,1463.2695570801802,1500.614967299509,611589
2021-08-10,1447.7777099609375,1476.3331069761105,1435.4911674515808,1476.3331069761105,933609
2021-08-11,1459.2386474609375,1473.3220205759562,1437.482167296252,1441.3672275324727,1273342
2021-08-12,1458.1636962890625,1480.3444448826904,1454.5972352066024,1465.4921738548173,508925
2021-08-13,1462.658447265625,1497.3952170692282,1451.519214280844,1459.1408451661082,2451296
2021-08-16,1456.7958984375,1490.1158832577544,1453.3758940295168,1464.6128460804675,932948
2021-08-17,1447.1221923828125,1464.270712665508,1426.7003644645918,1462.2676170037157,1095272
2021-08-18,1466.860107421875,1474.2863028310617,1446.145126139371,1448.2947985272626,891871
2021-08-20,1450.6888427734375,1468.912140253111,1441.2595512107664,1455.8675284938809,777228
2021-08-23,1407.6951904296875,1464.9547217520142,1399.2430776602014,1460.8019537352923,1168369
2021-08-24,1426.7491455078125,1428.556805420797,1407.6951286760955,1410.9685558851997,916666
2021-08-25,1414.583984375,1438.9632649986675,1413.0206188912762,1432.953977879652,842972
2021-08-26,1406.1318359375,1426.3583478985581,1397.3377107154952,1413.0205833283685,940660
2021-08-27,1424.94140625,1434.419556024762,1409.942558759992,1410.9685958963712,899807
2021-08-30,1437.49755859375,1449.0764021359555,1428.5568567749367,1431.4881519680912,767630
2021-08-31,1466.0784912109375,1469.9869647061992,1434.0775800569215,1448.0993694300503,1662849
2021-09-01,1452.0078125,1479.855835260508,1446.3405380258462,1475.4587727324156,666666
2021-09-02,1464.954833984375,1472.5276066700053,1451.0307615070442,1455.9164135782737,1022291
2021-09-03,1475.8984375,1485.181151259354,1458.359047076732,1475.4587073162397,1140167
2021-09-06,1495.9783935546875,1531.1548927394904,1477.412965761717,1477.412965761717,2520316
2021-09-07,1518.89208984375,1522.2631152755314,1480.100149408791,1502.81834602205,1162828
2021-09-08,1540.63330078125,1571.85247299652,1516.8891837978933,1526.269497336142,4094362
2021-09-09,1561.3482666015625,1566.3316366987679,1534.086547324423,1543.7111553429381,845937
2021-09-13,1569.6048583984375,1576.5912036983077,1543.4177992428029,1573.171319415248,971858
2021-09-14,1574.9300537109375,1582.8448377413117,1557.5372400609056,1573.1712527327081,1087072
2021-09-15,1570.0445556640625,1585.5319931211857,1553.6289185940902,1578.0570582954806,1003371
2021-09-16,1542.343017578125,1580.988260702435,1537.9948139964458,1578.0569655420838,855454
2021-09-17,1532.9136962890625,1572.9758470386525,1526.6112561416364,1550.9416761016012,1964523
2021-09-20,1500.4732666015625,1531.6924355099352,1493.58451911806,1529.200750696563,777241
2021-09-21,1521.5302734375,1529.2007635945176,1491.7768716697092,1499.8869722956574,771658
2021-09-22,1538.630126953125,1546.447074464438,1511.5637246535514,1515.8142108194706,920391
2021-09-23,1570.0933837890625,1587.828211187967,1537.457426192665,1542.587372552555,1218521
2021-09-24,1592.4696044921875,1620.0734539322316,1578.0570630981465,1578.0570630981465,2009800
2021-09-27,1611.0838623046875,1619.3405396227415,1585.0923575210868,1597.6972386074667,912417
2021-09-28,1611.034912109375,1646.0648348370557,1603.5598580734645,1615.1876799896927,1569131
2021-09-29,1631.701171875,1640.1045459203467,1597.6484244716576,1604.4394543369556,821908
2021-09-30,1631.2615966796875,1655.5431604600506,1622.027740639561,1622.027740639561,1081824
2021-10-01,1638.7852783203125,1649.0450511324739,1598.088079705209,1621.9787705228223,705296
2021-10-04,1603.60888671875,1616.995511074392,1583.9198215099323,1614.2106726385373,1154208
2021-10-05,1589.782470703125,1615.627518772121,1585.8739971121588,1603.608824764825,543442
2021-10-06,1562.4229736328125,1602.48512572642,1555.583085244716,1583.9196972798388,1041144
2021-10-07,1555.583251953125,1589.7825778064387,1553.6290150259854,1572.1454667929504,3216011
2021-10-08,1562.2274169921875,1579.8156658415971,1555.240952409943,1559.491437898402,696357
2021-10-11,1613.96630859375,1627.4017912866948,1570.191117162474,1570.2399760759517,1703912
2021-10-12,1600.18896484375,1626.913354016701,1591.297121424247,1613.9663404507423,771610
2021-10-13,1638.6875,1674.0594351302907,1585.6784562150144,1600.1888341053552,1353155
2021-10-14,1712.41162109375,1734.396932979379,1641.5700339617833,1641.5700339617833,2318372
2021-10-18,1713.8284912109375,1757.2616690395114,1706.0604031930493,1721.6942970530627,1339088
2021-10-19,1678.6031494140625,1729.9511122937574,1672.3984267659157,1716.8087833079137,551969
2021-10-20,1653.7841796875,1684.5147599594184,1643.328970887648,1670.9816790923348,837973
2021-10-21,1705.864990234375,1713.8773729194286,1651.3901765514056,1670.2976177748428,1374606
2021-10-22,1674.596923828125,1724.3814004850951,1670.981603871437,1708.6008102919031,719097
2021-10-25,1671.51904296875,1680.3620275524443,1630.968418913781,1661.112692861247,576094
2021-10-26,1699.611328125,1726.5800115685925,1665.2654276921041,1677.723732222089,1340095
2021-10-27,1688.8629150390625,1714.5125267883345,1683.2933582791593,1704.1060574504518,527976
2021-10-28,1663.4576416015625,1696.2401740583284,1653.8329153022519,1696.2401740583284,652099
2021-10-29,1681.72998046875,1702.6403973111505,1637.1241887961194,1665.9982490487646,1156691
2021-11-01,1748.07666015625,1754.7699718122358,1679.8733316425676,1682.6093109495346,1416529
2021-11-02,1704.1549072265625,1763.7106878446998,1697.7547489897227,1751.0080891953492,1121991
2021-11-03,1744.7056884765625,1752.1807429510854,1695.5073973568083,1705.0832653499638,1007472
2021-11-04,1750.6171875,1758.8251253444014,1744.7056184874546,1755.8937104176698,95576
2021-11-08,1806.6553955078125,1814.6189191779906,1738.7940788620951,1750.6172170870077,1498465
2021-11-09,1821.2144775390625,1836.897349765063,1806.2644889808953,1808.6584558769177,1049506
2021-11-10,1831.5721435546875,1836.4088166531785,1799.8643857574584,1804.6523196955077,507309
2021-11-11,1802.16064453125,1849.697732272539,1789.897656144525,1834.8454610044746,949302
2021-11-12,1815.9381103515625,1832.109452257488,1800.3529556392798,1815.4006623178407,1157525
2021-11-15,1813.3974609375,1846.7174408019216,1797.9588838618672,1816.5241916287355,653718
2021-11-16,1781.445556640625,1832.1094954396551,1775.4362695604423,1817.45265971289,518987
2021-11-17,1751.643310546875,1783.5463849174587,1745.7806001581093,1783.5463849174587,669416
2021-11-18,1733.908447265625,1770.5017370963408,1723.013508492791,1742.409419067974,477111
2021-11-22,1737.62158203125,1757.1640704344109,1709.9689926751223,1728.9740330085158,748099
2021-11-23,1742.5560302734375,1763.2222729878176,1725.0654971956944,1738.3055442881894,1470853
2021-11-24,1706.9886474609375,1752.9135112576532,1694.4326252311907,1749.0538966037216,698612
2021-11-25,1726.335693359375,1732.4428180082393,1676.7466507357267,1676.7466507357267,708577
2021-11-26,1651.4390869140625,1717.6393232104429,1640.5930067027793,1717.1019949054885,751240
2021-11-29,1645.4298095703125,1680.7528887780884,1605.123360579535,1641.5701948227243,1454309
2021-11-30,1624.421630859375,1670.5419302090402,1612.5495136908623,1641.5701514065968,1649983
2021-12-01,1641.1793212890625,1655.6407217204583,1615.5298281944392,1628.8675933441812,867171
2021-12-02,1684.4169921875,1710.017745004204,1635.1699628018475,1638.2478347778178,984813
2021-12-03,1664.92333984375,1702.2495125804992,1659.2560653453888,1695.5562009368246,921208
2021-12-06,1622.760498046875,1679.287269365261,1619.2428956421468,1662.0898891603788,851251
2021-12-07,1646.9931640625,1658.1812566659664,1628.8675846436158,1628.8675846436158,824437
2021-12-08,1676.990966796875,1702.151870404283,1655.2499476546961,1661.1126580603345,1008502
2021-12-09,1683.3421630859375,1690.4263459033614,1663.0667928507862,1690.2309102599372,653385
2021-12-10,1709.1871337890625,1717.0042004700467,1675.7694341889678,1675.7694341889678,973292
2021-12-13,1692.8204345703125,1729.218289988672,1687.7393469802018,1721.6943764322482,716279
2021-12-14,1682.6092529296875,1704.9854362270921,1671.3234434608119,1675.7693647742408,615369
2021-12-15,1665.4119873046875,1692.3806704709016,1659.1584056470665,1675.7694781828648,573823
2021-12-16,1678.016845703125,1700.0510178224495,1662.9691388476267,1672.7404423848848,886870
2021-12-17,1627.695068359375,1675.3788567372885,1618.3146352683432,1666.5358717353204,617780
2021-12-20,1579.473876953125,1617.9238071733162,1564.3773105217845,1617.9238071733162,948588
2021-12-21,1599.0162353515625,1630.6262741800897,1581.13483197579,1581.13483197579,949077
2021-12-22,1601.1170654296875,1623.9818384519047,1591.9320690916647,1610.2043439448703,899027
2021-12-23,1621.63671875,1631.701055668698,1598.7230869817677,1609.3249916744392,1111226
2021-12-24,1574.05078125,1629.8445443906292,1558.7587802803516,1622.223033237569,1124342
2021-12-27,1565.8917236328125,1579.2783469963927,1555.7785276183054,1563.888627994695,1202016
2021-12-28,1584.8480224609375,1601.8988247063355,1575.1255779959738,1580.0112296844202,1432912
2021-12-29,1567.9437255859375,1601.4102850066697,1561.445849355539,1586.8511670681287,755567
2021-12-30,1557.1951904296875,1583.2355513723553,1551.2347629091341,1568.2855637868486,1165542
2021-12-31,1585.1412353515625,1606.3936653150463,1563.9375445495996,1566.429229399153,1663106
2022-01-03,1623.591064453125,1628.721010955165,1580.0113078996835,1592.4696125449334,628963
2022-01-04,1653.2957763671875,1657.6928392837167,1620.0735099142737,1632.7761095059702,895183
2022-01-05,1707.08642578125,1712.997995255128,1645.4786868664057,1646.4558651689854,1771249
2022-01-06,1681.1925048828125,1706.1580912653908,1671.4700605497264,1706.1580912653908,1158707
2022-01-07,1756.5289306640625,1765.6649486019428,1682.6093473772632,1682.6093473772632,2905803
2022-01-10,1796.786376953125,1802.795783651094,1752.5714564432976,1768.5963413841555,1468479
2022-01-11,1804.65234375,1828.201022700463,1779.344743919655,1792.1939196120286,1416519
2022-01-12,1831.13232421875,1834.5033495250448,1802.7957130232742,1815.449452277802,701250
2022-01-13,1814.3746337890625,1839.9265276938218,1807.6813220485017,1836.9951127027282,844542
2022-01-14,1814.814453125,1825.025367554536,1790.435171920321,1817.3549969417475,1239491
2022-01-17,1874.8099365234375,1884.8742740440682,1803.7729076544283,1814.8144234548486,1256235
2022-01-18,1809.8800048828125,1885.6561127660775,1800.5485505964675,1883.848452608584,945496
2022-01-19,1765.176513671875,1821.2634331361558,1755.2097742691678,1802.7958414964612,809295
2022-01-20,1789.115966796875,1794.7343823194403,1772.1140237435736,1775.4361901955422,716176
2022-01-21,1751.10595703125,1787.1619212616627,1738.3056394610087,1787.1619212616627,527053
2022-01-24,1652.025390625,1750.812726274547,1645.4786553797187,1750.812726274547,1022826
2022-01-25,1681.9254150390625,1686.7132291618716,1620.1222443762763,1630.4308760546683,837999
2022-01-27,1648.4588623046875,1661.1126020525242,1622.1253456526963,1658.278904896835,817874
2022-01-28,1658.18115234375,1696.6310796562632,1652.367301169755,1661.1125672624555,1141606
2022-01-31,1687.9835205078125,1697.2662345636966,1663.0667932399745,1666.87754878317,513199
2022-02-01,1730.8304443359375,1736.3024030194779,1677.8213984432314,1696.875416258601,1145245
2022-02-02,1737.426025390625,1749.0538476928941,1722.6714722228246,1739.2825442955786,691679
2022-02-03,1693.0645751953125,1745.1454225614732,1682.6093664922682,1738.3543928577733,482344
2022-02-04,1695.605224609375,1724.6258641891086,1687.6905591568323,1693.0646807073038,571680
2022-02-07,1673.1802978515625,1709.6270136892356,1661.1127442648217,1685.5897441007771,483211
2022-02-08,1678.50537109375,1688.4721099034723,1646.8464733775213,1681.9742340136956,423296
2022-02-09,1699.9044189453125,1706.060402364775,1673.815196913563,1678.7985664427526,455811
2022-02-10,1728.094482421875,1730.7814829399124,1687.1040128915647,1687.1040128915647,624867
2022-02-11,1671.0302734375,1719.7399717620738,1663.0667501812218,1709.9687886027352,987534
2022-02-14,1605.36767578125,1657.7905375010769,1598.2347531694143,1657.7905375010769,828020
2022-02-15,1672.935791015625,1676.551110865191,1581.037090790519,1621.3435361567545,1199604
2022-02-16,1681.9254150390625,1709.9200148565565,1673.375464689491,1675.57399597887,1208851
2022-02-17,1672.105224609375,1711.7276460639082,1661.112568347342,1698.194446170969,1071634
2022-02-18,1683.3421630859375,1700.0998114916886,1659.1583194867703,1663.0667928507862,1205180
2022-02-21,1653.7352294921875,1697.0219494696316,1648.7519798126261,1665.0210392043184,1035748
2022-02-22,1645.6251220703125,1651.0482216786988,1599.7002605962034,1599.7002605962034,884474
2022-02-23,1631.603515625,1665.0212181527068,1625.105639001744,1651.439157909504,675772
2022-02-24,1509.0230712890625,1615.138880494308,1499.8869337153862,1587.8281855976925,1260593
2022-02-25,1531.985595703125,1562.2275864830287,1524.461682316979,1543.8575931131707,1125821
2022-02-28,1561.9344482421875,1567.6994408070268,1503.2581261484936,1516.9867623965629,1217106
2022-03-02,1513.078125,1546.5446836553938,1503.3069412972577,1536.0406162678573,1150949
2022-03-03,1469.2052001953125,1541.5124377882466,1461.9745602625833,1522.3608221452926,1150368
2022-03-04,1443.800048828125,1480.2467623733558,1413.8999506582031,1451.0306889898495,1633853
2022-03-07,1413.4603271484375,1441.9435165693951,1377.4532244030484,1411.9457008496358,927442
2022-03-08,1424.84375,1432.1722277484137,1375.0104126666083,1407.0600635521282,819693
2022-03-09,1459.189697265625,1474.1885446580716,1410.4799976092027,1432.172156543506,1697970
2022-03-10,1519.331787109375,1538.9721128857432,1496.0762608863045,1514.5439727048035,1492221
2022-03-11,1530.422119140625,1539.8514104452493,1505.7498048288505,1518.2081092685924,1206952
2022-03-14,1541.414794921875,1547.717355341967,1510.5376377142488,1520.6020950189459,550221
2022-03-15,1528.4678955078125,1562.1298909443265,1521.9700192075293,1537.0177264422775,916893
2022-03-16,1567.3575439453125,1578.887529043964,1540.144566091114,1543.4178737985417,1406631
2022-03-17,1582.7960205078125,1618.8518606436771,1575.125530821368,1582.94259723921,2739045
2022-03-21,1533.5489501953125,1577.5195767745188,1520.8463513507058,1570.2399580068209,1291439
2022-03-22,1546.300537109375,1554.5572150727944,1490.213613955823,1533.5490782867723,1017766
2022-03-23,1545.909423828125,1558.514423679218,1528.5166101174425,1558.0258345857205,844629
2022-03-24,1562.81396484375,1567.2110277340453,1533.207018831381,1540.9263682232686,1080721
2022-03-25,1554.6546630859375,1575.1254679843985,1538.19016893362,1564.865695957023,662852
2022-03-28,1574.0997314453125,1579.9624418839778,1539.1674041272393,1558.3191404475795,1283149
2022-03-29,1586.5579833984375,1601.1171010599473,1570.1910859741588,1581.9654851272276,1743946
2022-03-30,1629.5513916015625,1639.566989412241,1595.2054929827254,1600.5308748116133,1510711
2022-03-31,1625.9361572265625,1640.2022415678857,1612.5495333351903,1631.7988676361836,781390
2022-04-01,1631.7498779296875,1642.4005215419734,1620.073316960264,1623.2000476938767,844681
2022-04-04,1641.27685546875,1649.3869553621635,1621.0503448920388,1628.8674110833792,808254
2022-04-05,1663.360107421875,1672.838258037024,1631.3593139952163,1649.387176077093,1206116
2022-04-06,1660.868408203125,1678.0169294092566,1654.7125441486473,1661.1127027789666,448766
2022-04-07,1643.4755859375,1661.112696225735,1629.8446671727754,1650.8529228420812,867367
2022-04-08,1730.7327880859375,1744.9500135846856,1637.661706012265,1637.661706012265,2508015
2022-04-11,1778.51416015625,1789.0182271586627,1724.3325024339945,1743.8749888752045,3289420
2022-04-12,1715.343017578125,1773.4820101135076,1709.9688964396344,1760.7794113291804,1507804
2022-04-13,1725.553955078125,1737.3282338647582,1698.6341327177174,1716.8086892044623,839407
2022-04-18,1701.4678955078125,1726.87309264146,1685.6384463350123,1720.7172290054364,466583
2022-04-19,1681.0460205078125,1736.3513172941196,1661.2103792139471,1713.877414399151,747891
2022-04-20,1696.8753662109375,1718.762960795074,1677.7724900465953,1678.9939628203936,678130
2022-04-21,1723.8927001953125,1729.4623762583035,1694.823326177105,1705.083098198106,711001
2022-04-22,1677.5772705078125,1713.8774076420618,1670.8839585796616,1708.0146972477999,900053
2022-04-25,1654.956787109375,1666.8287846115493,1639.9579388861928,1649.387110458382,453315
2022-04-26,1678.7008056640625,1690.426345505583,1656.2269041979116,1665.9982073578842,753432
2022-04-27,1661.30810546875,1670.3953845007338,1638.638766802989,1657.2041961805458,426076
2022-04-28,1672.740478515625,1681.6323218157859,1651.3413520473516,1677.723728465116,814436
2022-04-29,1653.5887451171875,1698.78084540098,1646.5535405290477,1677.1375440795243,1115565
2022-05-02,1641.13037109375,1650.3153675031385,1619.2916350416695,1637.6616278604467,438839
2022-05-04,1585.1412353515625,1664.5325393797427,1578.3990645093124,1641.6678850143974,607695
2022-05-05,1570.1422119140625,1607.2729492733538,1564.8658086708901,1594.619209569465,524858
2022-05-06,1529.787109375,1567.6994716442427,1515.5698837098525,1554.019813793071,527671
2022-05-09,1516.2537841796875,1537.6527895424579,1501.450372504256,1514.4949831468437,965410
2022-05-10,1506.824462890625,1539.8024306590692,1499.3006698047423,1515.5208698094639,856641
2022-05-11,1500.2288818359375,1527.9304468435612,1473.5533539406988,1506.7267576243498,840087
2022-05-12,1451.861328125,1495.0013546552173,1429.7782962567908,1492.0700592848386,693593
2022-05-13,1441.357177734375,1483.226989840703,1432.4164758868633,1469.205200672137,489395
2022-05-16,1419.02978515625,1462.6583962618558,1404.7149629492835,1441.2593914394859,814351
2022-05-17,1447.5130615234375,1455.9163154583673,1414.9259631932343,1422.694051266127,772250
2022-05-18,1453.3270263671875,1474.8238717604786,1442.383227881542,1455.9164291778181,776063
2022-05-19,1424.4530029296875,1437.302178672367,1413.4603461485801,1436.3738593154617,525816
2022-05-20,1454.3040771484375,1487.1843286380133,1434.6638722962841,1438.328051191491,645075
2022-05-23,1424.0621337890625,1475.8985670603724,1418.7856106252038,1452.0078755867005,959790
2022-05-24,1370.6622314453125,1433.4424633411602,1348.4326230195275,1424.64833779919,1863231
2022-05-25,1344.0843505859375,1411.6525131187375,1325.763216724185,1367.9750411223933,3390982
2022-05-26,1360.695556640625,1368.805657055929,1309.5918887868518,1360.158108606488,1562780
2022-05-27,1364.7506103515625,1390.4001022925613,1346.5271940742107,1377.7463625151809,1274718
2022-05-30,1408.0372314453125,1415.854178517569,1371.0042111736345,1377.7463819119625,784377
2022-05-31,1395.9208984375,1421.9612612770509,1387.3709481695998,1415.1213729140713,2034013
2022-06-01,1403.68896484375,1416.8312933409225,1380.2868638355499,1392.4031552055033,871147
2022-06-02,1399.780517578125,1415.8541415196833,1383.2181847670238,1415.8541415196833,888795
2022-06-03,1308.8101806640625,1408.574693141796,1299.625183938564,1402.1745347324836,4829454
2022-06-06,1296.351806640625,1309.347558415452,1280.0337686796881,1303.4848483691922,2364329
2022-06-07,1296.3031005859375,1306.4162975648942,1267.819908976107,1284.9195717748798,2011482
2022-06-08,1298.35498046875,1324.0044731879636,1277.5421609592229,1306.4162222371338,2671127
2022-06-09,1279.1544189453125,1296.6449508903002,1272.216812909484,1296.6449508903002,1360831
2022-06-10,1296.1563720703125,1301.3351771210807,1256.6316686936705,1260.491283150181,1149961
2022-06-13,1262.98291015625,1285.3590928031813,1256.2407400169707,1270.2625282908593,1204017
2022-06-14,1279.398681640625,1291.3196578630584,1256.680603966947,1269.2854852312835,1069818
2022-06-15,1301.237548828125,1310.3247081192922,1278.0307620770045,1289.1699957670942,1062150
2022-06-16,1255.6546630859375,1317.0669694648739,1248.8147738766008,1314.2333917477085,954602
2022-06-17,1260.5400390625,1276.858075703602,1247.3977116180763,1257.462047679634,1027138
2022-06-20,1285.896728515625,1291.2708499967678,1255.6057574995004,1260.5891274064968,670772
2022-06-21,1303.5826416015625,1309.3477544414495,1286.434119340921,1300.553628179351,582021
2022-06-22,1294.5931396484375,1300.5535681335757,1280.7667849573982,1297.719870762635,506446
2022-06-23,1285.9454345703125,1311.1063361889078,1269.3831023489795,1303.4848252392349,829824
2022-06-24,1292.9805908203125,1309.3474867968723,1281.2551713691491,1290.2447314663766,761751
2022-06-27,1318.43505859375,1324.2977696261482,1301.530710859118,1309.3477786545684,1127432
2022-06-28,1312.327880859375,1322.8808072346187,1296.3518546823852,1313.2560804478424,661031
2022-06-29,1292.9805908203125,1328.7922544846665,1288.6323874962552,1299.9670554341608,1556138
2022-06-30,1290.537841796875,1306.7581620120593,1280.131492496553,1300.94431084943,1138089
2022-07-01,1316.431884765625,1319.1188856513163,1275.4414096267164,1289.805212471673,518559
2022-07-04,1319.900634765625,1326.5450881425631,1301.1398886289883,1309.3477075792514,787143
2022-07-05,1318.8746337890625,1346.282927388852,1314.624028081473,1324.0044604321392,704841
2022-07-06,1338.3194580078125,1343.742438351647,1314.8195172611327,1328.0595647995015,709046
2022-07-07,1343.4005126953125,1360.060565629699,1336.7560590393982,1350.3869787805552,546507
2022-07-08,1359.5228271484375,1374.8148270993195,1350.582125986054,1350.582125986054,1079820
2022-07-11,1373.837890625,1378.7234226059172,1342.5698632355013,1356.2984990998127,761236
2022-07-12,1348.4813232421875,1369.1964226430987,1344.8171446149868,1359.4251199675946,318839
2022-07-13,1367.14453125,1374.0331586460834,1356.5426266427046,1359.9626306376415,470489
2022-07-14,1359.962646484375,1375.7920954615252,1349.018849127074,1370.906443841676,380844
2022-07-15,1366.2161865234375,1374.8148756330934,1357.1289083161353,1366.802493440613,288785
2022-07-18,1395.6279296875,1398.3637895930112,1373.935767602053,1376.7693453436361,606107
2022-07-19,1409.209716796875,1412.8740154972993,1385.5633203236418,1385.5633203236418,764754
2022-07-20,1408.6724853515625,1431.4394229613183,1405.1059042313505,1431.3417051291963,810415
2022-07-21,1431.097412109375,1434.2241429745613,1409.1609581321043,1411.945676613109,780126
2022-07-22,1486.5491943359375,1495.001307281659,1423.7689639036992,1431.4881931539287,1650074
2022-07-25,1464.2218017578125,1486.5491264721345,1448.0016013893119,1486.5491264721345,1205285
2022-07-26,1480.1978759765625,1482.7384196695532,1451.1283798727484,1464.2218498847315,882250
2022-07-27,1511.4659423828125,1526.0739193041043,1478.3413951989655,1479.171996731335,1287079
2022-07-28,1515.1302490234375,1531.20399470869,1502.8673791731026,1520.4067726396313,966093
2022-07-29,1537.0177001953125,1551.3815021415426,1519.5271673133607,1520.8463579678191,804695
2022-08-01,1532.52294921875,1552.9937564436832,1524.3639895781146,1540.3400162131397,556560
2022-08-02,1553.482421875,1558.026061602113,1516.4982578962472,1524.3640644387513,907650
2022-08-03,1550.55078125,1567.8458771479852,1531.7411789138755,1555.680727229047,539764
2022-08-04,1543.2225341796875,1565.0612707055818,1525.4877068295298,1563.2534909297744,720561
2022-08-05,1561.739013671875,1578.9363933030922,1545.9095638741446,1550.9417924885881,951109
2022-08-08,1562.0810546875,1570.288873343278,1548.7432894957396,1560.9574194023064,461663
2022-08-10,1574.05078125,1579.2294665905517,1550.2088300604562,1558.612203546467,567647
2022-08-11,1573.2149658203125,1592.8796452856943,1566.2833084990796,1592.8304811770256,451982
2022-08-12,1595.3868408203125,1625.2770536426108,1563.3336481262932,1581.1300922095647,1803740
2022-08-16,1564.857666015625,1607.431497791821,1516.7778151588236,1604.137622765704,1431538
2022-08-17,1589.438232421875,1611.4625474687825,1569.2820329503347,1573.16575642283,1052538
2022-08-18,1586.6851806640625,1594.4035840883978,1559.4006673366314,1581.0316697674687,1010974
2022-08-19,1578.917724609375,1594.796887837269,1567.364761842926,1592.7812799291137,815549
2022-08-22,1537.8677978515625,1572.182535925998,1527.6914305323523,1572.182535925998,962565
2022-08-23,1568.692138671875,1580.5400865851586,1521.0056033616527,1531.870269082851,1878454
2022-08-24,1585.21044921875,1590.0282909996142,1548.6342793724086,1568.249795265966,907999
2022-08-25,1597.59912109375,1619.7709302508863,1588.94671952026,1589.880837633425,872154
2022-08-26,1647.15380859375,1659.1492486064678,1602.6135361493689,1602.6135361493689,1352886
2022-08-29,1636.1417236328125,1653.7906754272424,1587.029427895595,1606.5956595130613,1007459
2022-08-30,1650.496826171875,1663.6230414727106,1642.188573309402,1642.188573309402,830049
2022-09-01,1656.7403564453125,1677.8305544244433,1632.5529400670225,1632.6512682860518,1368943
2022-09-02,1659.591552734375,1669.0305792990814,1642.040930497022,1657.133467878972,601416
2022-09-05,1682.0584716796875,1685.4998389371838,1651.824230525958,1664.5570122280694,790436
2022-09-06,1694.152099609375,1701.7228900460311,1675.4215389441651,1675.4215389441651,833826
2022-09-07,1720.7977294921875,1725.566407205632,1681.3211178029303,1681.3211178029303,800842
2022-09-08,1740.1673583984375,1742.7729358328904,1720.699454558415,1727.8278892941103,608734
2022-09-09,1718.9295654296875,1767.6485465123062,1713.0301133418066,1742.7728328257606,695716
2022-09-12,1738.790771484375,1742.281182208735,1717.7004533110107,1717.7004533110107,420084
2022-09-13,1759.6351318359375,1778.316529000183,1741.2978834300197,1741.2978834300197,812176
2022-09-14,1752.9000244140625,1768.6808598122605,1734.4154040366357,1734.4154040366357,710550
2022-09-15,1777.9725341796875,1785.7891460802678,1747.0991584775286,1756.0465449676606,1078073
2022-09-16,1715.340576171875,1775.7108440346958,1696.954164773043,1769.7131846827713,1031783
2022-09-19,1720.0111083984375,1733.3830234764882,1697.6426430840413,1710.8179017197438,517380
2022-09-20,1712.4400634765625,1738.299058128055,1702.1653676655828,1730.48232665442,1023132
2022-09-21,1691.0057373046875,1719.9618300130837,1681.3210106638503,1709.8346264063614,1131988
2022-09-22,1703.6402587890625,1706.8849695031909,1668.3423563094607,1691.0058056982475,477972
2022-09-23,1668.932373046875,1705.4102151864768,1661.6564461631826,1703.935291865293,638948
2022-09-26,1637.5181884765625,1664.606167392434,1624.7854068428835,1648.9236596253647,784059
2022-09-27,1654.2822265625,1668.4898103246946,1616.3787476601458,1637.0757527015842,571532
2022-09-28,1641.1561279296875,1659.4440916173662,1626.5551108440493,1637.0757479630795,550298
2022-09-29,1628.0301513671875,1661.509103848755,1623.6056223255755,1649.366170789975,543934
2022-09-30,1646.760498046875,1668.5389932131386,1626.2109850986817,1654.7738862696317,815263
2022-10-03,1609.0045166015625,1653.2498046091805,1600.7454283068782,1642.9751083497285,474878
2022-10-04,1655.65869140625,1660.2798765476173,1623.703828780083,1639.8286921667118,515663
2022-10-06,1654.8720703125,1676.404865127318,1646.9079668126767,1663.9669482970169,616095
2022-10-07,1669.4239501953125,1674.3401200770347,1627.2434343306256,1646.9079933572482,691354
2022-10-10,1645.875732421875,1659.6408399326872,1629.40659881928,1653.7906722530988,771385
2022-10-11,1616.919677734375,1653.7907132127145,1609.7420788865068,1653.0040874210772,409456
2022-10-12,1643.6142578125,1648.8744560157074,1603.9409905450134,1624.2937268270132,412162
2022-10-13,1651.578369140625,1656.4945391010672,1612.4950710056742,1642.1885062062288,751063
2022-10-14,1667.1134033203125,1686.482978225429,1659.4933277445496,1670.5054859216018,568187
2022-10-17,1662.787109375,1680.3377317197867,1647.1537667191062,1661.6563349044718,711250
2022-10-18,1659.935791015625,1672.1770518457809,1652.119179564056,1671.1446055407146,471745
2022-10-19,1656.1011962890625,1683.9265153217525,1649.3660748950686,1662.6396612481722,1082577
2022-10-20,1660.6241455078125,1666.3268209353412,1640.1729596465398,1655.2163342487183,430634
2022-10-21,1648.923583984375,1686.1879295755975,1641.2053009814388,1661.607200925658,471477
2022-10-24,1670.5545654296875,1679.3544587036408,1661.656343940371,1666.5725137080046,56288
2022-10-25,1685.9420166015625,1700.0022278045485,1664.5076715580708,1668.0473666617518,708672
2022-10-27,1695.5286865234375,1711.3095223309913,1691.989111604102,1700.7890052927119,568780
2022-10-28,1655.9537353515625,1708.8514253317703,1643.8599668782615,1700.8873215690548,443761
2022-10-31,1692.8248291015625,1700.9857100924821,1660.181666638703,1664.2620468840262,594266
2022-11-01,1731.7606201171875,1740.3146928237427,1699.2156679459492,1699.2156679459492,862642
2022-11-02,1730.5316162109375,1753.047573735419,1722.6166764502793,1731.7607189689716,682110
2022-11-03,1716.3731689453125,1742.2320445644,1706.442500817667,1720.7485336945579,370943
2022-11-04,1735.4969482421875,1742.281233957474,1713.816780619536,1721.6333921500452,445790
2022-11-07,1745.427490234375,1764.9937202004558,1732.7929173125979,1741.2978257714492,772139
2022-11-09,1716.2257080078125,1763.8630800253563,1704.2794316704556,1763.8630800253563,616980
2022-11-10,1675.96240234375,1710.9161554448613,1667.3100012582534,1710.8178272279686,613431
2022-11-11,1679.7969970703125,1709.7363732392862,1667.113379826446,1684.3690182512848,1083107
2022-11-14,1719.17529296875,1727.4345019238158,1678.617191842344,1682.3042590810348,1571362
2022-11-15,1704.4268798828125,1726.9920009913506,1682.402563975197,1719.1752691333668,1013411
2022-11-16,1698.5274658203125,1720.6009447654508,1676.4048227683863,1706.8848819732043,903821
2022-11-17,1681.960205078125,1694.9879719224716,1668.5391253327668,1694.9879719224716,638353
2022-11-18,1680.1903076171875,1694.545504563428,1653.1023293352512,1685.2539698859268,753543
2022-11-21,1654.1839599609375,1679.3545382835198,1647.8913153802919,1670.9479574726552,417544
2022-11-22,1671.1937255859375,1688.0561712888575,1653.7905951901273,1659.4932702717047,792650
2022-11-23,1673.9959716796875,1684.9098013393377,1665.196078199601,1676.3065642945842,515987
2022-11-24,1694.5455322265625,1704.6235723188847,1669.5223256310976,1681.22278136045,861243
2022-11-25,1706.049072265625,1709.8345879438912,1677.3388007396647,1700.985530826299,584168
2022-11-28,1688.1544189453125,1714.7015921433222,1684.8115004908796,1694.3488557583964,410415
2022-11-29,1690.3173828125,1702.951955466592,1685.8928543033494,1691.1531726087708,494662
2022-11-30,1730.236572265625,1738.9382579935482,1696.2661012018236,1696.2661012018236,1137756
2022-12-01,1769.762451171875,1777.0874212917533,1730.4823772292007,1740.314716866984,898588
2022-12-02,1789.1319580078125,1794.0972917481497,1756.046321941448,1766.6651664106932,1357654
2022-12-05,1785.6905517578125,1806.1908991501393,1782.396797705711,1797.145185782789,837283
2022-12-06,1795.4246826171875,1799.3084061920588,1769.8116280661384,1783.5767349581104,631065
2022-12-07,1777.8741455078125,1808.6491919384591,1769.8117133184044,1806.1911068928482,657577
2022-12-08,1782.052734375,1794.6871870315442,1775.7600901005374,1777.874026227898,334379
2022-12-09,1769.7132568359375,1804.7653373754638,1758.3077864310162,1788.9353383091668,523232
2022-12-12,1784.8551025390625,1788.6896622218528,1746.2633236537158,1772.7613336545205,457733
2022-12-13,1780.430419921875,1794.3921828317273,1772.4661960751496,1786.5264076994308,452455
2022-12-14,1791.295166015625,1803.192277966003,1780.8729773443856,1784.5600445416962,535865
2022-12-15,1756.9312744140625,1794.6872621412324,1748.180544892677,1792.229177157664,319014
2022-12-16,1726.8935546875,1760.0775186073183,1722.6165184822962,1749.1636896181508,711870
2022-12-19,1736.1851806640625,1740.216396553766,1714.7507138964245,1722.616609742427,313190
2022-12-20,1729.4500732421875,1734.3662431230052,1700.6414719809377,1732.4488428792783,443027
2022-12-21,1703.8369140625,1742.6745118855565,1698.8717005264825,1731.0232204886129,411544
2022-12-22,1715.58642578125,1726.3035984279352,1697.1016858583646,1716.7172002234688,421636
2022-12-23,1680.43603515625,1716.618889675414,1676.3556553015585,1696.069377581627,358698
2022-12-26,1700.051513671875,1711.8011332529722,1675.4216204999227,1682.8942035871123,385645
2022-12-27,1710.2279052734375,1719.470275916161,1699.0683753487617,1708.5564460402534,236578
2022-12-28,1723.157470703125,1738.4466654139253,1701.9688237918272,1701.9688237918272,362774
2022-12-29,1723.3541259765625,1730.4824399219117,1692.1366031459822,1716.6190044107468,384501
2022-12-30,1694.5946044921875,1741.7403326253175,1689.3342859850343,1725.9103334965732,296853
2023-01-02,1702.2637939453125,1718.6837630463817,1691.1533076793903,1696.4627905145373,312125
2023-01-03,1688.252685546875,1713.079234501919,1683.6806645185134,1695.5777761138736,548701
2023-01-04,1661.9512939453125,1699.0191023603984,1657.2317807067773,1693.5129634153534,435968
2023-01-05,1669.8172607421875,1679.2071235131623,1648.431957936535,1670.308901829729,487184
2023-01-06,1652.4140625,1671.144502665022,1637.0757046994129,1670.4070410639442,587219
2023-01-09,1645.531494140625,1671.3903689904128,1634.6176646469712,1671.3903689904128,656429
2023-01-10,1623.310546875,1656.445348722499,1605.8090881336116,1645.8756678253571,594512
2023-01-11,1607.6280517578125,1631.028842234111,1600.794602079803,1623.8022001827685,646333
2023-01-12,1614.85498046875,1637.075955110925,1604.7276549325584,1612.1019105705375,908677
2023-01-13,1627.341796875,1643.4176172972086,1613.6257332257835,1620.8033317644793,637882
2023-01-16,1620.8525390625,1640.4187708055515,1612.4951221647568,1631.6680410184513,360571
2023-01-17,1632.8477783203125,1638.0589328456663,1614.4614861559032,1614.4614861559032,514997
2023-01-18,1648.3828125,1658.5101370170053,1636.0433440645334,1640.0253959181928,716978
2023-01-19,1648.776123046875,1664.606122720811,1640.6645270230742,1645.924845711395,624177
2023-01-20,1627.587646484375,1659.1493185740007,1624.539592118926,1648.7761732094903,317042
2023-01-23,1603.9410400390625,1639.8287924917204,1588.2585321637434,1635.1092788458272,675068
2023-01-24,1576.3121337890625,1610.4793807179249,1566.479794370602,1606.5955367574807,450813
2023-01-25,1567.0206298828125,1583.9322395499057,1555.7134875328059,1576.3121643030643,503547
2023-01-27,1551.977294921875,1575.6239059787893,1523.5128421568347,1567.2173252943385,915505
2023-01-30,1571.7894287109375,1579.4095045460767,1539.736235292166,1553.353850771288,467299
2023-01-31,1563.5301513671875,1593.8135536077705,1556.5492098279033,1575.5746343150345,1534280
2023-02-01,1561.1705322265625,1595.7801378342056,1539.7852287727367,1566.2833586914262,741968
2023-02-02,1571.9368896484375,1576.5580750690071,1536.4914937206313,1548.5852624915472,721339
2023-02-03,1589.2415771484375,1591.89631844179,1549.4208192489368,1573.165757566717,754417
2023-02-06,1590.9622802734375,1593.961170468366,1570.3145591780471,1590.6674161151625,499057
2023-02-07,1589.1923828125,1605.2682020884358,1580.3924897761751,1592.4370933316038,595073
2023-02-08,1609.102783203125,1613.4781477274407,1588.6515991848835,1589.83153775338,513921
2023-02-09,1615.88720703125,1634.126128297785,1600.352191382446,1609.1029211814403,1022882
2023-02-10,1607.8739013671875,1614.8056793888936,1595.2884916858134,1612.4950867149917,333259
2023-02-13,1595.0919189453125,1615.6413114856214,1590.4707337041239,1607.5788796181523,242604
2023-02-14,1577.7869873046875,1600.4504364037723,1551.9281121418976,1595.7800870796498,1051049
2023-02-15,1598.8773193359375,1612.4950545573301,1571.3468642385026,1577.7870010308866,644537
2023-02-16,1602.318603515625,1615.1497132919205,1589.8316425111511,1604.825852638626,312420
2023-02-17,1615.3953857421875,1640.8119029135364,1594.7476663286018,1597.84476399051,877096
2023-02-20,1604.629150390625,1622.6222502300582,1594.944423447181,1616.4279340149092,447737
2023-02-21,1605.7598876953125,1631.0779571668147,1597.9431560689732,1607.5788391806072,539466
2023-02-22,1547.7493896484375,1606.8413942310158,1544.2588584645334,1606.8413942310158,1056328
2023-02-23,1553.845458984375,1561.858847544576,1541.8501389498824,1555.4677541406281,485537
2023-02-24,1548.78173828125,1567.7581203351294,1544.7505223476046,1554.091221047684,390716
2023-02-27,1545.2420654296875,1558.368158686119,1527.9864282836215,1554.48443532566,397502
2023-02-28,1552.07568359375,1557.8766872129984,1531.9686466207195,1551.534878370693,742087
2023-03-01,1566.92236328125,1571.199399849188,1541.7026208634643,1541.7026208634643,288099
2023-03-02,1571.6910400390625,1575.1324072355753,1561.3671794500633,1567.2665111437386,286119
2023-03-03,1569.478759765625,1584.9154466336493,1563.874412788185,1575.1323913527915,611252
2023-03-06,1571.7401123046875,1583.9813724665783,1569.232863343812,1573.116586802697,330663
2023-03-08,1574.2474365234375,1582.0148838125351,1568.003956126447,1572.1826644275845,435573
2023-03-09,1574.3948974609375,1581.7691522278212,1558.9090468006677,1574.247405135584,302901
2023-03-10,1569.1346435546875,1579.8026530271266,1556.5985183843434,1558.41746997177,458587
2023-03-13,1535.852294921875,1591.0114124559877,1523.1195137518514,1575.1323693251695,804792
2023-03-14,1535.0167236328125,1543.5216329923949,1515.4503710942524,1543.5216329923949,507817
2023-03-15,1524.5943603515625,1552.9606059247023,1520.5139802068,1535.8031749722481,551661
2023-03-16,1534.2791748046875,1540.4243269437409,1501.439357417311,1532.116074503726,583369
2023-03-17,1558.6632080078125,1565.644149825346,1529.9037714040596,1543.6689986076242,698627
2023-03-20,1566.086669921875,1572.182657965515,1524.9876436109316,1524.9876436109316,530519
2023-03-21,1579.2618408203125,1582.0147897843142,1561.1212495204497,1573.165732613675,570821
2023-03-22,1585.849609375,1588.897543246715,1571.4944120105101,1582.9982114463849,296273
2023-03-23,1579.0159912109375,1592.8303818841139,1573.165703644577,1582.8997145531373,313930
2023-03-24,1567.5615234375,1581.474243798137,1560.6789094234127,1578.0820406517782,374535
2023-03-27,1603.5968017578125,1620.3116345288274,1558.614052800117,1558.614052800117,630210
2023-03-28,1584.0797119140625,1614.1665814463593,1574.7391332931873,1595.780167871082,582767
2023-03-29,1604.334228515625,1610.3811731410897,1584.079699376482,1592.0439238221165,577758
2023-03-31,1605.3175048828125,1623.9496182983178,1601.2862888140369,1608.2672310186276,783128
2023-04-03,1600.6470947265625,1614.0681734105945,1592.9778552641444,1602.4660462496233,766128
2023-04-05,1631.422119140625,1636.6332736004117,1587.1768318413497,1602.662682396096,1443735
2023-04-06,1641.0577392578125,1645.9247447737268,1622.6221634249137,1636.2398978481247,641403
2023-04-10,1681.5667724609375,1685.3522883633932,1642.0409977282272,1646.8588394220671,828993
2023-04-11,1682.402587890625,1692.6772843528668,1667.1625573316855,1681.12444153418,437571
2023-04-12,1688.64599609375,1712.096070497448,1682.7958287699,1686.72871639098,661394
2023-04-13,1672.5703125,1690.2192633524396,1662.9346292879854,1688.2035349150106,258855
2023-04-17,1694.7420654296875,1699.5107431121094,1660.7224292215378,1660.7224292215378,723262
2023-04-18,1676.3558349609375,1706.5409126995387,1670.0631901310885,1700.936565437107,332721
2023-04-19,1661.7547607421875,1683.2875565522509,1652.7582105579106,1680.8786356476985,313266
2023-04-20,1659.149169921875,1669.8171784947342,1651.8240795791075,1669.8171784947342,199463
2023-04-21,1634.076904296875,1663.6229675635493,1628.8657496973499,1657.4776948847677,326151
2023-04-24,1660.96826171875,1664.8519854467004,1627.9317869753877,1634.1261033959672,374750
2023-04-25,1658.559326171875,1674.880846707469,1655.9537488393107,1657.9201927411798,361117
2023-04-26,1670.6529541015625,1676.4049139079318,1645.0398990757396,1658.5593061758318,683412
2023-04-27,1672.865234375,1677.043942718213,1653.9381365557251,1666.5725898052171,531392
2023-04-28,1691.4482421875,1696.020263243247,1666.5725289756176,1676.4048686009598,601644
2023-05-02,1710.3753662109375,1714.554194967604,1686.7779194394266,1691.448268784877,396437
2023-05-03,1706.78662109375,1709.4905265734926,1694.1521681523973,1696.0694478925009,348145
2023-05-04,1730.3349609375,1733.432179389566,1691.2516622105031,1700.297376514658,591510
2023-05-05,1723.1082763671875,1737.5616809543062,1716.7173036789804,1722.3708147299942,336879
2023-05-08,1748.524658203125,1755.0631231567359,1722.8132753667992,1724.3372422356058,758983
2023-05-09,1735.3001708984375,1758.2586037883184,1728.0734086943037,1751.1301697978568,735967
2023-05-10,1744.6409912109375,1749.5079971275793,1721.9283772667893,1735.3002922598505,285798
2023-05-11,1744.3951416015625,1754.079989163242,1735.3985915722612,1744.6409621488403,272209
2023-05-12,1724.435546875,1743.264436239778,1721.7316414348488,1743.264436239778,305342
2023-05-15,1704.2794189453125,1732.2031874676736,1701.1823210107943,1724.5831119060397,448927
2023-05-16,1698.183349609375,1715.7831361745457,1693.9554773451366,1706.5407659223918,209886
2023-05-17,1695.921875,1709.5887735753704,1675.0773783922014,1700.2972394683534,377699
2023-05-18,1677.0931396484375,1703.9352981903637,1668.2932458004611,1700.2973949851491,232671
2023-05-19,1687.318603515625,1695.0368860586118,1656.7402169754166,1681.3209441605372,242657
2023-05-22,1689.531005859375,1697.9375865647778,1676.3065834338383,1684.369015373479,263864
2023-05-23,1669.47314453125,1691.5957888992816,1659.689968699496,1688.2035858293734,948278
2023-05-24,1671.832763671875,1680.8293130076295,1652.8072187813898,1666.5724453661821,442899
2023-05-25,1672.8160400390625,1683.238349154081,1662.639671969502,1666.5233955829813,691665
2023-05-26,1659.9849853515625,1689.0394082482615,1639.0422792129957,1673.356900449531,1946520
2023-05-29,1684.565673828125,1686.5812818154486,1647.989624899311,1659.9849446043456,670545
2023-05-30,1696.217041015625,1703.3946398155572,1684.2707643862877,1685.2540466192677,455969
2023-05-31,1689.531005859375,1704.4268875040596,1667.703346290857,1694.5946681264818,1217298
2023-06-01,1673.8975830078125,1691.153220582951,1671.4886622622496,1686.23705087771,380199
2023-06-02,1681.86181640625,1690.1701896406823,1671.488791516264,1679.403731363549,581154
2023-06-05,1705.41015625,1715.2423755500806,1683.2875121994841,1690.1701259596744,770437
2023-06-06,1736.775146484375,1745.2308911141756,1708.3105737708781,1710.7194945782421,1032105
2023-06-07,1739.380615234375,1742.674490014223,1720.2076973599865,1739.1347946910828,757211
2023-06-08,1683.23828125,1746.3615002007582,1680.2885553269741,1742.2811203157344,746173
2023-06-09,1686.9744873046875,1708.654653190904,1681.615840715908,1694.1029212208655,488829
2023-06-12,1702.362060546875,1706.0982917399185,1682.3533531705198,1695.479446954246,248563
2023-06-13,1708.80224609375,1717.7004678610951,1699.8548602171868,1705.9016841501693,356101
2023-06-14,1749.508056640625,1754.8665833420234,1707.8683433267413,1715.7341192371614,814345
2023-06-15,1742.77294921875,1769.7134367852238,1730.9741647552605,1758.9961422932383,966649
2023-06-16,1750.8843994140625,1759.7334568969914,1741.3470444157122,1748.5738068268415,969546
2023-06-19,1731.7606201171875,1764.4529441107072,1724.6813501358185,1759.2417897146445,541464
2023-06-20,1739.4298095703125,1743.0186690644773,1715.4882137405398,1737.3650374710442,463433
2023-06-21,1748.0821533203125,1750.1469253516366,1727.532761222861,1740.3147062739656,332971
2023-06-22,1720.9451904296875,1759.9793244127943,1717.3563309323242,1756.1447648679166,412543
2023-06-23,1687.318603515625,1720.6008953512508,1682.500762189301,1720.6008953512508,343509
2023-06-26,1697.8392333984375,1702.0179416350409,1667.5558294600978,1687.2203884265764,387107
2023-06-27,1704.082763671875,1707.3766385492395,1684.6640246792956,1697.1018215365043,338798
2023-06-28,1713.865966796875,1725.2714380230611,1704.9185806151465,1706.8358604397638,1030697
2023-06-30,1705.5577392578125,1728.4668897702043,1701.7230590516456,1715.7341078619984,453149
2023-07-03,1763.6173095703125,1767.8451821883414,1706.983385733244,1720.6502858242088,1087245
2023-07-04,1739.8721923828125,1774.7276161364805,1729.2041836973021,1769.8115669520957,671213
2023-07-05,1748.0821533203125,1754.3749181303394,1734.0712260720982,1740.3147062739656,400602
2023-07-06,1738.3975830078125,1753.8834348864752,1735.3986926566085,1748.0823106333446,360764
2023-07-07,1714.0626220703125,1741.0031088188955,1707.8683056026382,1738.397531443533,554892
2023-07-10,1713.767578125,1729.7450701002622,1704.1810588397893,1725.4188694946808,453912
2023-07-11,1738.0533447265625,1744.19849694923,1714.5542257509553,1714.5542257509553,578931
2023-07-12,1748.0330810546875,1754.4733385267727,1727.5820160985197,1738.004205018516,791286
2023-07-13,1730.2857666015625,1753.9816623758168,1724.0914503059066,1749.1638206457728,335559
2023-07-14,1723.7965087890625,1739.2823601658888,1714.4067661417316,1732.9897154937603,409283
2023-07-17,1762.9781494140625,1764.8954291156151,1719.2735471392084,1723.7964040506579,923312
2023-07-18,1745.280029296875,1768.8283113289378,1738.2007593049004,1760.0284180716242,747998
2023-07-19,1754.276611328125,1758.5536477666658,1741.0030250360467,1742.3794995736432,435757
2023-07-20,1788.935302734375,1792.5240414993593,1747.2464300318102,1755.0630409446771,856488
2023-07-21,1774.33447265625,1794.3431801936795,1759.9792760617077,1789.4761744818222,782735
2023-07-24,1782.6427001953125,1811.8937776683333,1760.0284157371655,1765.8785830316642,782832
2023-07-25,1798.3743896484375,1811.8937963552341,1781.6594364199234,1783.5767161328479,472389
2023-07-26,1808.2557373046875,1817.9897485022616,1798.4235183932483,1802.2580777436965,463896
2023-07-27,1791.9342041015625,1817.743914110136,1784.559949599001,1811.254613527976,540277
2023-07-28,1793.21240234375,1804.1262318436852,1779.6438315059354,1788.0012478842189,493242
2023-07-31,1818.4322509765625,1823.5941207898854,1790.262663236989,1799.3083770625724,599614
2023-08-01,1806.87939453125,1823.8892128132504,1794.048284653778,1820.9394866746482,512567
2023-08-02,1790.45947265625,1809.0425429728075,1775.7602466838134,1801.963272352201,650377
2023-08-03,1799.8492431640625,1803.8312950263391,1764.1088636218706,1777.6774348194765,664460
2023-08-04,1794.834716796875,1814.9909168388444,1789.6236827813254,1799.8492148781115,325948
2023-08-07,1824.4791259765625,1833.672332383631,1795.4247039815916,1796.260493836877,970459
2023-08-08,1813.51611328125,1837.064395808809,1801.0781963009247,1826.5438790647866,481950
2023-08-09,1814.6959228515625,1818.9237951727328,1796.801151399044,1814.007745834342,529863
2023-08-10,1799.6033935546875,1823.8891377117584,1793.458241477551,1804.322906982009,703299
2023-08-11,1806.77099609375,1819.0795056440593,1787.9376570248676,1808.0068510497301,749144
2023-08-14,1791.150634765625,1814.1363252881574,1773.4047269236967,1804.2006572689743,530231
2023-08-16,1796.2420654296875,1799.3068644691166,1765.2485203067756,1791.397756467661,399331
2023-08-17,1780.37451171875,1791.8426394064677,1773.3057851608778,1789.4204849590224,497072
2023-08-18,1770.587158203125,1780.374523286486,1765.34737570526,1774.5910857900567,441358
2023-08-21,1787.8387451171875,1792.3864489200143,1769.64792990588,1770.587179649566,267446
2023-08-22,1785.268310546875,1804.2499519878827,1777.606373396399,1789.420540825775,366115
2023-08-23,1777.2110595703125,1794.3637572326463,1772.6139214126479,1789.4205796838507,418171
2023-08-24,1757.833740234375,1792.8313338564305,1750.8638820278077,1784.4773181504836,924665
2023-08-25,1756.0543212890625,1762.381535270094,1738.0612421630574,1739.9890547605219,659271
2023-08-28,1764.3587646484375,1769.647981561196,1748.1947510437894,1757.734945538995,773224
2023-08-29,1781.3138427734375,1786.4052017191175,1758.871928334545,1764.7048002558217,643399
2023-08-30,1786.108642578125,1804.151154927551,1779.3859553688476,1784.4773141004155,475187
2023-08-31,1770.587158203125,1798.3181672952685,1761.5906191005151,1786.1086477487243,1249751
2023-09-01,1790.9034423828125,1804.249948753458,1767.5718339140924,1769.6479490498207,421915
2023-09-04,1820.1175537109375,1829.6578695897697,1794.363789652758,1794.4132238523841,947843
2023-09-05,1832.7225341796875,1850.715612223875,1823.528258373614,1831.3878108878248,884678
2023-09-06,1817.596435546875,1837.8633658724038,1796.340942442825,1833.9088724338246,598389
2023-09-07,1826.3953857421875,1830.053274051829,1804.793731781901,1811.170379806019,409810
2023-09-08,1828.7186279296875,1835.144831585159,1819.1784331706813,1826.3954628614345,365560
2023-09-11,1841.17529296875,1847.848545926551,1824.8134222663812,1828.7184814168418,433848
2023-09-12,1849.6776123046875,1898.1698961050226,1815.1250456922126,1843.7953060921413,1858204
2023-09-13,1911.0220947265625,1924.3686009145474,1834.5515116474442,1857.6360699746226,2896732
2023-09-14,1909.637939453125,1931.783248065283,1896.7363410220582,1920.9083305470133,1225975
2023-09-15,1950.4190673828125,1965.347347464239,1910.775020388822,1919.9198626278285,1672773
2023-09-18,1935.194091796875,1965.4955583402261,1930.7946905805566,1957.4877030609941,682473
2023-09-20,1922.5889892578125,1937.715126686872,1908.056183359729,1935.1941037820288,582031
2023-09-21,1889.7664794921875,1917.9423965973824,1874.541594992764,1910.1322781413246,1002208
2023-09-22,1890.21142578125,1907.0180837606556,1867.818945766501,1885.0210773289043,678725
2023-09-25,1917.7940673828125,1923.8247969924169,1880.2755722395254,1890.211361022946,762935
2023-09-26,1935.73779296875,1937.6162925028873,1914.2351283452103,1922.8361941946262,659819
2023-09-27,1909.1436767578125,1944.4871904503352,1901.18525536702,1944.4871904503352,510599
2023-09-28,1884.8233642578125,1915.9157788408093,1875.0359987666939,1908.056225928816,726738
2023-09-29,1920.315185546875,1928.8175042253292,1887.9376028747658,1887.9870370734006,804258
2023-10-03,1899.6033935546875,1916.9538272981108,1884.971598305223,1906.1777782289325,596037
2023-10-04,1874.29443359375,1888.2835844052781,1855.7081447745393,1884.329090960158,693152
2023-10-05,1868.6593017578125,1887.2949036432997,1859.613328318564,1875.5301705201068,549055
2023-10-06,1881.6597900390625,1884.2302471606167,1868.5110204069479,1868.6098888024787,402950
2023-10-09,1867.5223388671875,1875.3325786374833,1853.780358844113,1868.5604570216049,347299
2023-10-10,1897.0823974609375,1900.6414173490143,1865.0507338192517,1871.4273817967012,358738
2023-10-11,1957.5865478515625,1959.8603997279365,1901.728934872049,1913.938454432032,914364
2023-10-12,1979.039794921875,1999.01012002006,1944.4871087037798,1968.2637458030779,2108772
2023-10-13,1960.05810546875,1977.9523161235086,1951.9019473216038,1973.2564307276302,307670
2023-10-16,1951.25927734375,1977.2603327707614,1935.7377872694371,1960.058079960327,668313
2023-10-17,1952.0008544921875,1997.1812898153948,1935.7872851111183,1977.2603977778474,1316588
2023-10-18,1933.4638671875,1968.3131582012045,1928.8174162145854,1947.7001887712574,585260
2023-10-19,1953.2366943359375,1956.350806571304,1905.8812757534422,1929.8555296597417,712810
2023-10-20,1924.2203369140625,1954.6701065401764,1917.2999126968095,1949.9741000655315,491975
2023-10-23,1881.115966796875,1917.1515574702669,1863.5677963272008,1917.1515574702669,878203
2023-10-25,1856.1036376953125,1898.2192719979273,1847.7003087462936,1879.4848015543585,738333
2023-10-26,1828.5208740234375,1852.6928631354958,1818.6345194508415,1845.8713075593432,1141085
2023-10-27,1834.8975830078125,1848.7383102437361,1829.0645899971078,1835.9355799984382,289530
2023-10-30,1857.4383544921875,1860.8985059899844,1807.2653096383908,1834.8975720723,514528
2023-10-31,1865.24853515625,1870.4388837380366,1843.7953043661034,1858.7235843608123,291175
2023-11-01,1847.304931640625,1875.4315376170805,1840.2362044963484,1872.4656067663109,349005
2023-11-02,1876.1728515625,1879.3365190827876,1857.2900783238542,1857.2900783238542,322032
2023-11-03,1874.6405029296875,1893.2267920459003,1868.8569440987012,1881.857532337818,234555
2023-11-06,1896.8846435546875,1914.531682568139,1874.6404665493076,1880.4733383027583,292296
2023-11-07,1899.7022705078125,1908.006730941699,1890.3102577416444,1898.1698104032341,223028
2023-11-08,1911.8624267578125,1920.908400480426,1898.169880677012,1907.0675518033695,427257
2023-11-09,1912.9993896484375,1922.440715681943,1908.0562121589292,1915.3721099969116,289965
2023-11-10,1920.9083251953125,1925.6537657650179,1899.3562270066268,1908.105595193819,193655
2023-11-13,1906.919189453125,1923.775402563608,1900.1470679230597,1923.775402563608,214186
2023-11-15,1921.8475341796875,1941.9661613963576,1912.9992977865038,1924.8627777969407,972167
2023-11-16,1920.512939453125,1932.623712415333,1892.0898500940586,1927.5322322350728,954513
2023-11-17,1948.145263671875,1961.0468630602322,1918.2885816065534,1918.9806604152375,849407
2023-11-20,1949.875244140625,1955.6586818434955,1930.8936024913507,1949.1831653657985,287305
2023-11-21,1954.9666748046875,1965.3966845503398,1946.6127801687753,1950.2212342217824,317975
2023-11-22,1951.65478515625,1962.3319663264365,1936.4793342026435,1957.2900415163986,315125
2023-11-23,1934.650390625,1961.5411409361998,1929.2128710590541,1961.5411409361998,437448
2023-11-24,1927.235595703125,1947.0576187497709,1923.3305363641716,1941.570786228378,168686
2023-11-28,1953.4342041015625,1964.4081111164005,1931.0418457884718,1940.6809083305977,699089
2023-11-29,1980.4732666015625,1986.1579569268918,1958.5256947760201,1965.4955530599318,824220
2023-11-30,1982.648193359375,2007.9077344956936,1967.6210460508858,1983.1919695103163,1707069
2023-12-01,1993.1278076171875,2015.8167711483648,1985.1692654244973,1996.9834326404925,932202
2023-12-04,2029.6082763671875,2052.3962304791767,2005.386851646733,2051.407546499371,1055783
2023-12-05,2048.78759765625,2054.3734193306523,2015.3224652912436,2034.5018423670642,561391
2023-12-06,2034.3536376953125,2061.293821145847,2022.292420586245,2056.202341173199,360631
2023-12-07,2058.0810546875,2065.248529357525,2022.3420650927344,2034.3538492538837,424799
2023-12-08,2046.513671875,2075.4312224827113,2019.42530767487,2056.3505921941833,594786
2023-12-11,2060.354736328125,2064.506966889016,2044.5861955018463,2048.4418208566367,254812
2023-12-12,2057.092041015625,2104.7933729256906,2052.000561329356,2066.2368823083016,774496
2023-12-13,2060.255615234375,2069.1532856770523,2014.1360557497624,2057.240371666691,805574
2023-12-14,2079.97900390625,2087.9374250816973,2058.2786027527727,2071.13076717279,607109
2023-12-15,2103.508544921875,2108.500914414211,2078.1005780428864,2091.941426906771,727207
2023-12-18,2085.762451171875,2103.508357887493,2078.100393267665,2103.508357887493,314105
2023-12-19,2094.166015625,2113.493576434517,2065.4461990272207,2083.093239341069,317963
2023-12-20,2040.087890625,2111.3186958790147,2030.2015352398525,2109.736801473548,678958
2023-12-21,2061.886962890625,2067.0773110846567,2026.691754351423,2026.691754351423,445236
2023-12-22,2022.93505859375,2072.761945321083,2011.7635352365937,2065.248431591335,1006017
2023-12-26,2046.0194091796875,2059.3164813969047,2025.703165533099,2027.6804122802494,643808
2023-12-27,2100.641357421875,2106.6226532159035,2048.0462772323067,2055.312619884324,1137913
2023-12-28,2115.619140625,2123.8247328616885,2082.3516215707873,2104.793535888664,1063989
2023-12-29,2110.527587890625,2120.6116793082224,2090.9526154122873,2115.965107170662,651373
2024-01-01,2103.113037109375,2150.2705970185743,2087.9868993066866,2120.6117741210815,807664
2024-01-02,2077.556640625,2106.1775859206705,2064.259568986618,2105.6832439648397,799936
2024-01-03,2048.639404296875,2095.8958313615317,2042.6086745488167,2066.2370092433935,975031
2024-01-04,2046.662109375,2071.180260495424,2035.9850493475535,2066.2370829120764,962508
2024-01-05,2055.8564453125,2075.134814213597,2030.2015491945558,2074.1461302033845,1089092
2024-01-08,2044.1905517578125,2060.008525468594,2034.501933813936,2055.8562952532893,559523
2024-01-09,2040.5821533203125,2068.9556868440764,2035.4412390268549,2058.476363788664,1216816
2024-01-10,2053.162353515625,2059.0183671946115,2025.6683377905983,2043.48488259433,325322
2024-01-11,2068.19970703125,2080.7060749785956,2035.7430045220558,2054.5519906430595,887806
2024-01-12,2095.842529296875,2105.122830586261,2059.5643710669174,2067.5048602083803,485644
2024-01-15,2085.370849609375,2107.1575170649567,2078.125105189148,2096.0408813244157,202260
2024-01-16,2099.46533203125,2104.031210329377,2074.5521921335667,2076.983918527883,457403
2024-01-17,2052.467529296875,2099.4651511109196,2040.7055835513797,2096.8846376937254,733818
2024-01-18,2038.3731689453125,2053.6090799774124,2021.0530248313805,2051.623957618807,877519
2024-01-19,2065.71826171875,2078.4230931792067,2037.0830173148759,2041.1523727234369,456698
2024-01-23,2034.3533935546875,2070.879449361268,2017.380501263704,2062.64138582333,938057
2024-01-24,2055.891845703125,2065.2714995912916,2001.549125721088,2053.6089067184344,604130
2024-01-25,2061.05322265625,2071.822608035758,2036.8842617863206,2064.477510150013,467209
2024-01-29,2088.844970703125,2109.1924745755005,2062.2939595525863,2064.527222172725,795647
2024-01-30,2110.333740234375,2123.0882476279494,2090.333730483619,2099.266780613891,852171
2024-01-31,2158.820556640625,2165.818161392568,2099.7134901766667,2110.681339630478,910709
2024-02-01,2112.765869140625,2162.6915036856967,2095.7432991506835,2158.820611932037,638710
2024-02-02,2123.534912109375,2153.758350778779,2114.6515382474436,2131.9716819169803,330557
2024-02-05,2074.20458984375,2131.326530470633,2065.5196800884523,2114.2545277594036,949717
2024-02-06,2050.63134765625,2082.3436281156564,2045.6685418777984,2066.5123261472954,581483
2024-02-07,2095.79296875,2104.229738929671,2047.6537506659956,2063.534729827729,1133609
2024-02-08,2041.9962158203125,2109.1925609440755,2032.7653481475136,2107.207438533775,1387156
2024-02-09,2152.368896484375,2165.7684722752624,2031.6734824818705,2041.946466355767,2010089
2024-02-12,2131.37646484375,2182.642155700169,2122.1952734202728,2158.8206860608766,1229133
2024-02-13,2048.794921875,2157.72850388882,2038.670847000117,2157.72850388882,985312
2024-02-14,2064.328857421875,2069.4901272599704,2012.4178575633525,2038.7207296844026,605147
2024-02-15,2069.29150390625,2088.001135917092,2057.380770279381,2070.184711998467,506068
2024-02-16,2089.986328125,2103.2371166580983,2071.3263720114214,2075.8423314697957,403756
2024-02-19,2152.468017578125,2173.7087273908746,2086.561817617797,2091.772763197159,1167037
2024-02-20,2175.942138671875,2205.4708323087725,2145.0239563818627,2152.8650923842156,1710394
2024-02-21,2177.67919921875,2205.4709118797005,2163.8330194114988,2183.634566217525,765529
2024-02-22,2184.825439453125,2227.3071028929867,2097.4800628690864,2217.3814919175275,3428899
2024-02-23,2178.076171875,2220.061558551004,2166.364143727727,2217.381691810942,1646510
2024-02-26,2170.632080078125,2194.850719742806,2158.622234461911,2187.7043272755886,905237
2024-02-27,2188.39892578125,2197.530440120826,2173.907435705213,2173.907435705213,674507
2024-02-28,2169.73876953125,2202.393935875727,2157.083614310974,2185.6197486312044,1197381
2024-02-29,2175.098388671875,2189.589878268364,2141.7484797103552,2169.738655437282,1499473
2024-03-01,2238.1259765625,2242.592501610491,2180.4086442610333,2192.567518002787,826009
2024-03-04,2217.530517578125,2243.188321638172,2209.739057519355,2228.299903574202,423656
2024-03-05,2214.900146484375,2235.1482964684387,2203.9322976078015,2213.510657841652,401260
2024-03-06,2219.863037109375,2236.190619746844,2180.2599437057693,2221.2525258053074,678808
2024-03-07,2211.525634765625,2233.610120747783,2191.5750583643007,2222.3444545641614,519779
2024-03-11,2220.160888671875,2253.6598283879807,2208.944898909433,2213.411424204914,599546
2024-03-12,2167.753662109375,2230.2353412222133,2156.686701652495,2219.3668445405506,891725
2024-03-13,2133.11328125,2186.6619072507247,2121.4010111225534,2177.679180307346,881145
2024-03-14,2180.16064453125,2188.4980615618665,2112.7658369476585,2133.907196344831,1097271
2024-03-15,2180.75634765625,2192.468376161833,2148.9447121740136,2168.845613047576,2630480
2024-03-18,2186.711669921875,2197.5304900387837,2153.857797373153,2164.7759705395606,508214
2024-03-19,2157.62939453125,2189.6891669256465,2147.753459928083,2182.641886098035,660181
2024-03-20,2151.37646484375,2179.813247137829,2115.147979968642,2159.31695467939,655682
2024-03-21,2189.143310546875,2194.8505372055183,2159.1183355166195,2171.7238137586364,880687
2024-03-22,2207.009521484375,2217.3817376382367,2178.1258934152356,2183.63465658197,551648
2024-03-26,2223.38671875,2225.42151763301,2185.272224059991,2198.5230127369896,731877
2024-03-27,2190.929931640625,2235.1980131370415,2182.344132375789,2223.336955966317,1033992
2024-03-28,2270.28515625,2292.022148403615,2193.560131248665,2193.560131248665,1786120
2024-04-01,2275.49609375,2301.94775124512,2272.022129754232,2282.890625790378,288891
2024-04-02,2289.143798828125,2298.771593392547,2258.076586773767,2279.912931788722,446163
2024-04-03,2288.300048828125,2298.9204046404966,2271.029581793016,2286.4639561001186,303529
2024-04-04,2260.905517578125,2306.4639775365126,2232.7663119820913,2292.3199811169775,814966
2024-04-05,2220.9052734375,2260.1611158054043,2216.885352272039,2258.126316961208,454995
2024-04-08,2263.83349609375,2271.426491883331,2218.3741474265526,2230.2848811040108,278448
2024-04-09,2284.18115234375,2295.1490021374066,2264.9749960735476,2279.8634141668786,388155
2024-04-10,2289.193603515625,2297.6798078528686,2274.5036494000324,2292.7666784143303,513499
2024-04-12,2237.282470703125,2289.8385342399624,2232.567805320533,2279.9129229081896,635489
2024-04-15,2220.75634765625,2236.6373269685664,2208.250221842509,2222.3445425172868,415064
2024-04-16,2226.26513671875,2232.518320860622,2204.5778194877826,2212.418956184651,558075
2024-04-18,2209.490966796875,2283.734595006722,2202.9399657719255,2228.349630101072,987066
2024-04-19,2256.240234375,2273.709407182309,2184.9745391433853,2203.485707276973,1061064
2024-04-22,2263.58544921875,2269.838633122361,2249.19331209791,2258.0766862006994,445671
2024-04-23,2352.5185546875,2358.325133954682,2261.4510752934166,2261.500751812479,1823447
2024-04-24,2320.35986328125,2366.563633972968,2315.6451977479014,2360.3104501690996,1021874
2024-04-25,2349.8388671875,2358.374990083894,2316.83620865387,2331.5261622705816,1621547
2024-04-26,2325.02490234375,2361.6008789880825,2312.717240563644,2349.342651407684,405679
2024-04-29,2368.846435546875,2375.000265947068,2292.419230286875,2337.4814076272614,616995
2024-04-30,2393.7099609375,2420.310647783111,2356.4394842300917,2387.1095263288007,1041175
2024-05-02,2419.21923828125,2433.760163535698,2383.1892167591086,2392.072591403358,1466226
2024-05-03,2462.891845703125,2468.4997195878236,2420.6583179183745,2423.834465313014,1192695
2024-05-06,2435.05029296875,2471.229098053015,2423.0402062462244,2470.4846771980942,606833
2024-05-07,2402.990478515625,2450.3355956125583,2385.223731345699,2441.700362308318,438590
2024-05-08,2359.665283203125,2406.116949909956,2353.263070098799,2386.116940206987,462790
2024-05-09,2336.191162109375,2375.595791836172,2327.605604974738,2357.7793674159097,557056
2024-05-10,2359.466552734375,2364.975315376181,2304.7269042846287,2342.394550056424,890719
2024-05-13,2367.456787109375,2375.1988124808145,2329.5906764770584,2360.2110423088675,511264
2024-05-14,2354.404541015625,2379.020104084032,2344.528606806935,2365.719640314866,421260
2024-05-15,2352.072021484375,2386.0672396114637,2348.598057588176,2369.1937006870694,404095
2024-05-16,2354.95068359375,2368.250906086228,2293.0147223818744,2364.280661482563,1181205
2024-05-17,2405.62060546875,2415.5462164373243,2356.3400439395728,2356.3400439395728,1184234
2024-05-21,2428.44970703125,2431.725207380594,2388.4991196528213,2412.023013409787,555489
2024-05-22,2418.52392578125,2444.727684415256,2400.310574852406,2437.6804036218577,722345
2024-05-23,2435.546630859375,2443.586230887037,2377.8290538214105,2423.8343606680687,1091448
2024-05-24,2422.841796875,2456.390412621496,2413.5118188803335,2431.5267070440523,483000
2024-05-27,2372.8662109375,2437.4323620635037,2368.2012220079773,2422.8914381787736,888793
2024-05-28,2422.196533203125,2451.576195833387,2374.9008522547547,2381.0546824977873,874384
2024-05-29,2382.742431640625,2441.700467961604,2375.447010141914,2421.8492446448427,1084966
2024-05-30,2327.754150390625,2388.697544894014,2310.6821486166004,2386.1167892071767,826458
2024-05-31,2299.019775390625,2344.429448234282,2278.870735478157,2325.5211097656297,1644820
2024-06-03,2351.1787109375,2387.3078369535046,2344.7270639828935,2382.146567854715,807692
2024-06-04,2239.614990234375,2347.6056970415316,2155.4459945036974,2318.672635049675,1543389
2024-06-05,2287.70458984375,2296.5382868645074,2165.9171468006775,2241.5999320512096,1996915
2024-06-06,2317.382080078125,2335.4963205584445,2276.0420062679054,2288.895624335617,834320
2024-06-07,2362.146728515625,2365.7198032287943,2294.007260786171,2294.007260786171,471524
2024-06-10,2428.5986328125,2453.6111249416663,2357.6305116825124,2363.387414728585,980297
2024-06-11,2438.623291015625,2463.5366717735906,2408.3007430046755,2431.675363254781,531924
2024-06-12,2431.923583984375,2458.4251603227635,2411.92357391239,2411.92357391239,463980
2024-06-13,2439.764892578125,2457.134712057786,2411.923504890113,2422.8913536550253,512510
2024-06-14,2452.817138671875,2504.926600603196,2431.774890128319,2439.765056089356,1542911
2024-06-18,2439.268798828125,2468.9462814535127,2426.812107439556,2452.6186983571133,467553
2024-06-19,2428.946044921875,2442.544327228604,2394.057615653414,2439.715430877318,668976
2024-06-20,2480.2119140625,2485.373183710736,2414.4050596550983,2428.896549748709,1008266
2024-06-21,2447.8046875,2496.887032319628,2432.370554819096,2480.4104195973805,2867672
2024-06-24,2496.390625,2502.9910596640407,2424.926222780981,2445.571300673544,724085
2024-06-25,2498.2265625,2511.0307458300663,2476.43989525315,2501.2539222596947,792404
2024-06-26,2533.26416015625,2544.9267535079343,2490.385567532404,2500.0630386114613,1387150
2024-06-27,2617.9794921875,2634.9024666207133,2533.2642976745738,2535.894487898786,4849907
2024-06-28,2650.5849609375,2659.021730987462,2567.954242506992,2616.341600146479,1495266
2024-07-01,2706.11865234375,2723.488472660757,2642.247487029915,2646.3665189181474,1098168
2024-07-02,2722.545654296875,2742.1487377032604,2696.788740007564,2696.788740007564,942834
2024-07-03,2721.9501953125,2740.858291559628,2710.3370358755365,2730.2876121305485,537119
2024-07-04,2714.506103515625,2732.2728521231934,2696.8384656336693,2727.5581864079686,446631
2024-07-05,2727.55810546875,2735.2007780417343,2700.16332014341,2709.6920043412256,372709
2024-07-08,2721.75146484375,2734.456296048727,2693.6621781139615,2731.2304723061293,333988
2024-07-09,2741.25537109375,2765.2256253991927,2698.6743533184404,2714.7540374476375,451862
2024-07-10,2781.304931640625,2791.3298954721045,2720.6099185666417,2760.312361741638,1128000
2024-07-11,2780.75927734375,2815.8958433874895,2770.4861730191506,2803.985110176122,1679101
2024-07-12,2822.595703125,2828.799210164835,2780.759348578149,2786.1190817307693,1457604
2024-07-15,2782.893310546875,2831.7272704204174,2765.275350221523,2828.7992635073006,1333353
2024-07-16,2806.31787109375,2823.5883382152533,2789.3946549808775,2797.037327389255,756629
2024-07-18,2771.0322265625,2824.630527879668,2756.3422732921545,2789.0967907637573,1181529
2024-07-19,2722.59521484375,2769.195912035764,2714.1584451295057,2765.2753439863973,424329
2024-07-22,2790.63525390625,2801.0074691026284,2681.9001351932325,2681.9001351932325,1248824
2024-07-23,2802.0498046875,2829.7421638596506,2753.414308307731,2790.0893943577794,1046046
2024-07-24,2786.019775390625,2808.9480347240014,2754.3571718583407,2808.9480347240014,2880833
2024-07-25,2776.739501953125,2803.985257137222,2750.9329119759327,2784.1340340778434,550900
2024-07-26,2822.149169921875,2856.3428531188442,2787.607993392155,2803.9355758659417,701236
2024-07-29,2807.161376953125,2843.6876754906443,2799.0224240431476,2838.6255167301288,501949
2024-07-30,2770.138916015625,2808.94815530315,2762.1489923309946,2807.1614967041332,721728
2024-07-31,2756.09423828125,2777.9305840963893,2741.007356910237,2770.1388819552762,662086
2024-08-01,2746.416748046875,2767.9056003744695,2733.116525343923,2761.2554890229935,383675
2024-08-02,2686.664794921875,2736.590673424752,2680.907891303487,2729.0471111214133,401105
2024-08-05,2592.81787109375,2659.021651512744,2568.500122853039,2635.3986476140108,1049292
2024-08-06,2611.001708984375,2669.688122141614,2600.5397673914213,2617.4781490181085,813893
2024-08-07,2627.49169921875,2649.76054262472,2622.7090488259946,2640.39471151634,551368
2024-08-08,2535.426513671875,2624.253524761309,2521.925821876072,2613.7417158501016,1199236
2024-08-09,2563.4248046875,2629.3848073706545,2530.8433778306135,2546.835251616431,2677777
2024-08-12,2561.78076171875,2611.4997944208967,2545.7888886874284,2560.6846515306006,1827230
2024-08-13,2510.11865234375,2570.0505335820953,2503.0442899103214,2562.677453142056,784848
2024-08-14,2503.29345703125,2525.3134506680244,2495.97024379651,2514.8515089706425,286936
2024-08-16,2590.9248046875,2598.5469790069205,2503.2933958177277,2503.2933958177277,725887
2024-08-19,2588.981689453125,2625.5984846591214,2547.7817134536804,2610.304268533307,682028
2024-08-20,2627.142822265625,2639.2985528177255,2579.6656344011494,2598.5468985288135,685479
2024-08-21,2675.11865234375,2682.292506739815,2615.6348449727357,2630.4809847321962,857604
2024-08-22,2745.16357421875,2762.8991049137285,2681.296057306454,2684.683636349621,2065301
2024-08-23,2738.587646484375,2770.82024462871,2697.1383326607015,2761.3546783557968,1101735
2024-08-26,2726.680908203125,2753.184346832749,2702.9671259776806,2742.0249914489227,597542
2024-08-27,2690.11376953125,2737.9896548064703,2687.2742456745045,2731.5132148885405,1450595
2024-08-28,2705.707275390625,2712.6819032145195,2673.2752073583733,2688.7190261112823,981745
2024-08-29,2666.499755859375,2709.144670975299,2630.4808830050724,2705.0594345957816,941802
2024-08-30,2689.06787109375,2699.0812493541407,2666.499822116301,2666.499822116301,994826
2024-09-02,2681.046875,2719.755911893186,2665.8521507165824,2696.93901338627,720118
2024-09-03,2697.038818359375,2700.1773035316755,2670.385776710123,2670.385776710123,522391
2024-09-04,2747.654541015625,2753.9317547244814,2677.5098097364807,2685.231719132874,1119041
2024-09-05,2731.662841796875,2763.945306838342,2725.38562824556,2763.945306838342,472385
2024-09-06,2683.089599609375,2734.6520266826956,2664.3576933934314,2730.0686025294485,555331
2024-09-09,2700.526123046875,2705.557624138439,2664.208045645477,2680.1999192318485,267477
2024-09-10,2692.75439453125,2705.3085786579645,2667.2969543287068,2690.2135886019832,431289
2024-09-11,2671.431640625,2719.6064855276686,2664.4073890954787,2700.177166433406,347845
2024-09-12,2747.106689453125,2754.977957744396,2669.0405802198197,2680.847725912437,939815
2024-09-13,2774.2578125,2788.8546141248107,2738.2386975217087,2750.095710180412,634726
2024-09-16,2755.27685546875,2808.832031531545,2747.305852519869,2792.64093179163,431468
2024-09-17,2744.86474609375,2767.233324179226,2720.1047212010494,2758.96336007535,253234
2024-09-18,2712.831298828125,2766.9345326146577,2705.159256769462,2744.86491443354,332947
2024-09-19,2729.022216796875,2764.941596822958,2712.4326645182177,2733.0575856163514,452713
2024-09-20,2668.54248046875,2745.7117084393944,2654.543357104422,2735.0505400491807,2755774
2024-09-23,2657.2333984375,2695.1953976437485,2655.340382521475,2695.1953976437485,678018
2024-09-24,2609.80615234375,2685.231722006481,2600.539812407019,2666.6494179672377,1457923
2024-09-25,2652.351318359375,2656.3368199647234,2574.584169633871,2609.806137373423,883336
2024-09-26,2735.8974609375,2740.03232150221,2646.5722613031016,2664.307791889785,1117471
2024-09-27,2773.06201171875,2796.8256615784408,2735.897405049044,2735.897405049044,1416974
2024-09-30,2785.417236328125,2813.764067178123,2754.9779198822625,2773.9090520622854,890000
2024-10-01,2790.996826171875,2803.451518545874,2745.014199229355,2783.92270685687,442630
2024-10-03,2756.123779296875,2822.7315736331825,2742.12489920694,2778.891055016924,972732
2024-10-04,2735.150146484375,2778.69170183646,2721.1011563572524,2756.1236535793037,708378
2024-10-07,2710.63916015625,2759.909872934893,2690.213465326916,2749.995986778625,689611
2024-10-08,2728.27490234375,2735.1996622929373,2695.3945161839256,2705.408136983739,553985
2024-10-09,2705.906494140625,2744.017853213028,2700.177335587257,2744.017853213028,600020
2024-10-10,2712.58203125,2729.5204122517885,2701.2733169463445,2708.0983421612914,387246
2024-10-11,2715.6708984375,2721.798509570649,2675.766016804413,2712.58203753362,209760
2024-10-14,2717.015869140625,2727.6274126673416,2692.505181262775,2727.6274126673416,232099
2024-10-15,2725.8837890625,2737.9896525197755,2690.9109162326067,2715.122886402863,491010
2024-10-16,2754.081298828125,2773.9090716862424,2715.1229239745007,2715.222658815279,756373
2024-10-17,2696.04248046875,2779.6881468671572,2676.3141988458256,2773.9091208808463,529505
2024-10-18,2750.942626953125,2755.974371401657,2664.9553808139262,2690.2135946437,345996
2024-10-21,2708.3974609375,2755.376464263634,2702.17011461878,2749.9961343465466,322456
2024-10-22,2645.7255859375,2736.1962800549677,2636.758207099412,2708.2481439475023,377094
2024-10-23,2623.655517578125,2666.9978452140713,2616.4317963054673,2640.394672074872,944905
2024-10-24,2657.0341796875,2686.1781595798407,2606.6177313656276,2635.313147731981,844303
2024-10-25,2605.720947265625,2665.3541133984486,2590.5760895471085,2655.440226629979,656546
2024-10-28,2637.355712890625,2656.286844747779,2584.896647441372,2590.5759383473774,763794
2024-10-29,2676.26416015625,2680.2496615116575,2640.3946479575807,2650.3584013461,611947
2024-10-30,2662.863037109375,2698.782417759513,2656.386597220513,2681.8936606755315,469403
2024-10-31,2686.07861328125,2694.1989751681776,2634.8647737909773,2665.304089709643,321800
2024-11-01,2689.117431640625,2709.1446741990326,2663.3114064486995,2709.1446741990326,62294
2024-11-04,2581.210205078125,2690.21357638955,2568.7056451737644,2686.8756215017443,477329
2024-11-05,2641.34130859375,2651.753382835612,2578.2210731814544,2581.2101993708334,896947
2024-11-06,2636.359375,2657.8811804036695,2610.0551624005875,2641.3412518753207,455842
2024-11-07,2553.4111328125,2653.2977644672897,2542.5008710734173,2621.6129787924842,481689
2024-11-08,2535.6259765625,2572.3422632674797,2530.7934586796673,2555.702843115491,558297
2024-11-11,2510.36767578125,2544.59326610321,2496.966476073883,2518.886733611961,354984
2024-11-12,2512.0615234375,2537.0207750002783,2500.9021679924194,2514.1041415883956,520250
2024-11-13,2493.827880859375,2525.4627996762006,2463.0898458522015,2512.0615992537587,1449201
2024-11-14,2514.801513671875,2529.797011326744,2481.024486640175,2493.827763922496,581846
2024-11-18,2508.026123046875,2543.5470503424676,2470.064368042744,2487.9492569818412,1436348
2024-11-19,2499.058837890625,2542.7499960577734,2490.9384757619255,2508.026216403368,424096
2024-11-21,2525.662353515625,2546.386767834353,2471.160422944475,2482.070928496656,686930
2024-11-22,2589.230712890625,2600.439935608063,2525.662159995404,2531.1918485981128,828921
2024-11-25,2620.26806640625,2644.3803023507703,2590.924859630026,2605.5216618866857,967944
2024-11-26,2607.713623046875,2630.132069330386,2593.0170860387952,2620.2680502679254,256368
2024-11-27,2612.396484375,2639.846674459914,2585.59408423378,2610.3042420521647,348482
2024-11-28,2561.133056640625,2626.395644279603,2544.792597648569,2612.496256326718,1057792
2024-11-29,2596.80322265625,2620.915457166082,2549.7244879721225,2555.7027399955036,650252
2024-12-02,2683.786865234375,2699.180815698236,2582.355806233261,2596.4047959317554,1103892
2024-12-03,2704.162841796875,2719.0586054098676,2673.2752043260925,2683.2888257701825,522667
2024-12-04,2707.450927734375,2714.57491455436,2685.3314424674195,2698.4835491189297,572817
2024-12-05,2696.989013671875,2723.841282372331,2659.7244273121446,2723.094000813381,714805
2024-12-06,2692.1064453125,2710.140936345609,2683.5876307237672,2705.0593247876814,342192
2024-12-09,2671.680908203125,2704.2127110633005,2659.3259505086676,2692.10660396387,387874
2024-12-10,2645.675537109375,2698.184469831996,2631.527055674986,2693.102858203222,637387
2024-12-11,2661.069580078125,2690.113825473314,2651.4546548407657,2656.3367969627566,319450
2024-12-12,2650.408447265625,2673.275214181183,2629.4346963190987,2673.275214181183,376376
2024-12-13,2682.93994140625,2690.213530343134,2611.001687505253,2631.4273828282285,412267
2024-12-16,2675.417236328125,2708.148264643483,2662.564091314771,2670.385735297499,329525
2024-12-17,2590.277099609375,2675.2679705656387,2585.943012537865,2675.2679705656387,887083
2024-12-18,2584.7470703125,2608.4109853640007,2566.91204848123,2597.5505911268574,369646
2024-12-19,2529.846923828125,2584.597701584883,2518.0896458482634,2560.684692780705,510040
2024-12-20,2479.679443359375,2553.909411678089,2470.7619320581357,2520.829796595255,734974
2024-12-23,2517.04345703125,2544.4437802068755,2485.956593570409,2486.6540076910105,347378
2024-12-24,2492.78173828125,2533.184563658584,2485.9564699092803,2505.8839766821,364336
2024-12-26,2473.053466796875,2509.1222055339326,2463.5380336275784,2491.1874493740556,559646
2024-12-27,2471.309814453125,2511.4637894687453,2465.929241641934,2473.0534713051807,428996
2024-12-30,2434.643310546875,2480.9747670397865,2427.170494983502,2479.9783916313368,763318
2024-12-31,2433.84619140625,2438.1306543662513,2404.353624908009,2421.1922722149534,530535
2025-01-01,2433.298095703125,2464.883390616142,2417.1568628086266,2431.155985886699,487637
2025-01-02,2534.72900390625,2550.2226891332925,2436.1377124168393,2436.1377124168393,970593
2025-01-03,2500.902099609375,2544.642879666798,2492.0344563990952,2531.988961519117,595091
2025-01-06,2451.631591796875,2518.7871978974945,2436.8851869088912,2507.876935684219,393162
2025-01-07,2458.30712890625,2487.949296130877,2447.6958285298,2451.6813300053805,495162
2025-01-08,2426.92138671875,2467.3743253638586,2424.33071336988,2459.901509844864,543301
2025-01-09,2401.6630859375,2429.9602922974987,2387.713830807498,2426.223884673391,766796
2025-01-10,2355.53125,2416.1106815043117,2343.6742364364404,2391.3010306139795,413994
2025-01-13,2279.856201171875,2339.68859067627,2268.696845700511,2321.504740208795,422845
2025-01-14,2302.22509765625,2322.003003402392,2285.8345277137487,2299.6344243127114,865382
2025-01-15,2309.14990234375,2341.2331422037073,2288.425244964939,2318.465866563574,583299
2025-01-16,2342.179443359375,2351.196688761565,2304.765501006362,2321.5545226462323,1395232
2025-01-17,2367.238525390625,2378.5971073316477,2340.1369206616823,2354.5347393948227,443089
2025-01-20,2393.293701171875,2401.912251044918,2364.398814688118,2371.4233098810014,681711
2025-01-21,2358.918701171875,2417.704848318291,2353.0898079237186,2396.183042908168,316019
2025-01-22,2379.49365234375,2387.763616252332,2361.708498617005,2372.319798602891,336546
2025-01-23,2452.229248046875,2466.7764263649865,2356.8263023437758,2379.34448395823,596720
2025-01-24,2481.721923828125,2504.9375183289876,2444.5570743102617,2457.410462386491,1510105
2025-01-27,2449.140625,2475.394971097909,2421.590698962339,2466.5273272519253,458264
2025-01-28,2402.56005859375,2451.0336246613097,2391.1017414559656,2449.0907412760457,740041
2025-01-29,2444.75634765625,2455.068930115471,2388.311779824182,2394.2900320890735,200039
2025-01-30,2482.66845703125,2499.4574792926956,2437.632339026355,2449.78806987087,397046
2025-01-31,2499.756591796875,2509.1722909477016,2466.8263352245535,2482.668607239867,431982
2025-02-01,2431.9033203125,2504.937687668512,2420.5943619283535,2490.9385642860802,432668
2025-02-03,2464.683837890625,2470.7618249528477,2409.2356458255813,2409.2356458255813,427217
2025-02-04,2475.69384765625,2482.768210126876,2437.632356950953,2456.0653014036784,337002
2025-02-05,2480.974609375,2490.838627989512,2465.3315651075904,2489.9419874811747,464164
2025-02-06,2489.942138671875,2499.208478595386,2466.925769499513,2489.942138671875,595946
2025-02-07,2478.58349609375,2513.605993447971,2457.510010823538,2494.923955046564,738201
2025-02-10,2464.285400390625,2481.9710633268155,2429.262903202367,2475.992811066695,717668
2025-02-11,2482.41943359375,2532.7862585508506,2447.1478418509128,2451.083476016952,1710410
2025-02-12,2475.94287109375,2489.8422585400936,2424.92850195341,2470.0144864273257,454023
2025-02-13,2481.074462890625,2523.7690025182833,2465.182080771043,2472.007349513944,708830
2025-02-14,2422.487548828125,2498.660399197478,2396.781014961433,2489.942114482902,677910
2025-02-17,2454.919677734375,2462.1930237013266,2396.8309420530995,2422.487609137592,646841
2025-02-18,2454.271728515625,2473.9501417987703,2404.054507870031,2471.0108831493903,596040
2025-02-19,2454.271728515625,2472.5054461835534,2437.4330822996703,2439.126871753914,289053
2025-02-20,2444.80615234375,2468.968254627699,2434.394078567374,2442.1159875447183,427274
2025-02-21,2422.238525390625,2444.457746017372,2392.3472626431767,2431.15603679247,504415
2025-02-24,2385.023681640625,2411.228402601025,2372.369763054976,2403.25739961722,543080
2025-02-25,2370.676025390625,2394.7882612925428,2358.520294225762,2383.3299442528655,497013
2025-02-27,2331.468505859375,2370.675974096929,2308.701474535265,2364.3987605946513,1045684
2025-02-28,2298.2890625,2353.1894406013184,2293.30718583947,2338.642263450293,1153007
2025-03-03,2368.83251953125,2374.2627165200156,2309.498318979855,2320.059994957915,790068
2025-03-04,2385.97021484375,2395.485648407507,2343.0764491877835,2347.4604035729876,521061
2025-03-05,2382.981201171875,2400.2185447715287,2367.736851689041,2395.2865350414518,755361
2025-03-06,2384.973876953125,2406.2465890279764,2344.9695019781952,2392.9448801465924,754593
2025-03-07,2398.524658203125,2406.246567477639,2371.373428818543,2371.373428818543,317388
2025-03-10,2375.30908203125,2416.2103407809736,2364.697781342064,2398.524677461855,650796
2025-03-11,2404.8017578125,2416.2102068390122,2355.381443496111,2363.4023136586134,445250
2025-03-12,2390.204833984375,2430.0598497213655,2359.018478774749,2404.8018794514746,561893
2025-03-13,2361.60888671875,2403.0581999991737,2354.7339938708133,2393.293672583951,479648
2025-03-17,2390.6533203125,2395.7845561206454,2362.256622516934,2373.1170166522547,646714
2025-03-18,2390.6533203125,2390.6533203125,2390.6533203125,2390.6533203125,0
2025-03-19,2449.289794921875,2455.666743006473,2417.206557850514,2417.206557850514,415476
2025-03-20,2459.203857421875,2468.2211034841366,2439.226725165348,2455.8661457700823,317002
2025-03-21,2460.44921875,2505.6349386662646,2450.5353325608066,2470.911160038794,1372022
2025-03-24,2504.090576171875,2534.778986769758,2466.0290850059555,2469.6657578694376,594207
2025-03-25,2560.13671875,2586.490799386355,2510.866003950604,2520.5806640849364,993289
2025-03-26,2572.24267578125,2593.465275924755,2550.7208711288213,2573.587636537215,555486
2025-03-27,2609.208251953125,2619.4210999621346,2565.666694946344,2574.634073685962,1246219
2025-03-28,2601.685546875,2628.0894951624205,2589.9285116761166,2605.4718220730183,435022
2025-04-01,2609.507080078125,2622.4599598188715,2586.789673112444,2601.93453000433,317974
2025-04-02,2607.01611328125,2623.8547594586,2591.622162715805,2609.5070516658106,413523
2025-04-03,2642.287841796875,2654.344081511431,2585.693913342194,2585.693913342194,298330
2025-04-04,2607.41455078125,2642.2876879599435,2600.639393019664,2625.548776718731,290533
2025-04-07,2500.005615234375,2550.7210258284445,2456.563550460949,2540.7572718213023,974267
2025-04-08,2580.662109375,2590.5759957846494,2524.964579512205,2540.757226634945,1296141
2025-04-09,2548.479248046875,2577.3741354257663,2520.2817748156403,2553.212031324452,494024
2025-04-11,2641.64013671875,2650.3584209983496,2603.3295533069627,2640.3946675359502,669041
2025-04-15,2708.74609375,2716.3184003725405,2660.3221549751397,2665.3040316698493,815058
2025-04-16,2693.00341796875,2712.13377655858,2672.477987897508,2680.249764490294,462016
2025-04-17,2750.693359375,2761.952449396334,2677.160810447724,2691.209800079184,1061496
2025-04-21,2746.9072265625,2777.197184495139,2725.086702735023,2745.014210616084,322964
2025-04-22,2739.434326171875,2762.052241520187,2727.7767830740354,2740.331209952142,211167
2025-04-23,2675.86572265625,2753.8817175308445,2665.403781538356,2740.1319323804573,603774
2025-04-24,2719.3076171875,2726.3819796324815,2663.311369920375,2680.2497512479645,562050
2025-04-25,2724.887451171875,2729.968819681246,2665.5033809318134,2716.119299133947,649356
2025-04-28,2743.419921875,2763.6463910931866,2713.4291683669485,2725.0867118652845,416635
2025-04-29,2735.747802734375,2745.612064843502,2709.144629026193,2743.1211264203444,890929
2025-04-30,2727.57763671875,2740.928969674742,2709.044957117664,2725.0866982377283,662477
2025-05-02,2714.12646484375,2761.753255425702,2686.0287285064196,2715.7207627127523,798849
2025-05-05,2745.114013671875,2762.949036366327,2708.4473496084415,2720.104893357401,661587
2025-05-06,2718.8095703125,2754.479859136216,2708.1484019288246,2744.01791718616,288396
2025-05-07,2690.11376953125,2717.4146006771766,2672.6772005214398,2689.217128998742,417883
2025-05-08,2688.918212890625,2699.778850581112,2666.7987279121576,2675.267918716287,966461
2025-05-09,2625.25,2674.2716219145022,2617.079770223536,2667.1972591444087,444671
2025-05-12,2732.8583984375,2751.8890219462764,2661.4183334530558,2661.4183334530558,498304
2025-05-13,2698.8818359375,2738.039435467044,2692.903583894996,2731.064808084122,313964
2025-05-14,2727.278564453125,2737.0430915524685,2695.4942880311523,2710.0412222148507,330652
2025-05-15,2814.561279296875,2819.24419502694,2710.141088698808,2724.3893055736244,1353535
2025-05-16,2794.035888671875,2834.688054234358,2765.0415100635405,2834.688054234358,700214
2025-05-19,2717.11572265625,2809.878369932608,2711.137470241165,2809.7786350900715,575525
2025-05-20,2710.938232421875,2744.017846995221,2700.3765558973137,2744.017846995221,520661
2025-05-21,2697.08837890625,2739.9325196122113,2682.441709688144,2707.1518673976066,304264
2025-05-22,2664.90576171875,2692.5053118503547,2638.701039855107,2690.213599762377,541069
2025-05-23,2649.760498046875,2736.9433408283485,2641.3910424421333,2665.304050747909,990691
2025-05-26,2646.771484375,2686.8259695922115,2630.530760149068,2662.813225430109,435977
2025-05-27,2604.724365234375,2648.764106612208,2585.5940073570923,2646.3729030984346,874537
2025-05-28,2568.25732421875,2611.300692778498,2560.7845087307483,2611.300692778498,849149
2025-05-29,2564.271728515625,2584.4979537562717,2542.9491498189773,2568.257229962957,616258
2025-05-30,2536.572509765625,2595.4581492045572,2526.8079823184576,2565.66662242509,1203864
2025-06-02,2514.951171875,2540.358743841881,2501.8985572093397,2536.771695203098,1209305
2025-06-03,2543.1484375,2553.7101138921225,2502.994704055464,2533.782606175446,1493898
2025-06-04,2540.458251953125,2563.7735817454873,2532.586983771322,2547.0344267484415,529006
2025-06-05,2545.14111328125,2589.579551482382,2529.6972952558644,2545.8387706353456,950620
2025-06-06,2565.068603515625,2568.7553869148664,2526.90762221849,2550.521669360305,414844
2025-06-09,2599.045166015625,2605.421871114147,2565.367629685232,2576.5269852354995,552351
2025-06-10,2698.1845703125,2732.0613337506925,2656.9347262518095,2700.1773211029818,2885229
2025-06-11,2712.3330078125,2723.990551094583,2668.4924911405437,2698.2842609233203,812149
2025-06-12,2679.35302734375,2719.1083061556556,2666.3004130716504,2708.2479122387717,545570
2025-06-13,2654.144775390625,2677.9580495760943,2626.246264861041,2642.4872321419043,538879
2025-06-16,2695.095703125,2704.1628165032535,2642.48727698109,2655.3404222480362,494993
2025-06-17,2661.717041015625,2696.4906870541317,2655.34033601004,2695.095615595864,241142
2025-06-18,2665.70263671875,2686.527028445161,2657.6321419659016,2661.717135135404,342289
2025-06-19,2683.438232421875,2702.170138968523,2660.32237132963,2670.2861255293665,609547
2025-06-20,2702.76806640625,2722.9942928636865,2673.2752566194545,2673.2752566194545,1232377
2025-06-23,2713.82763671875,2727.5776659324015,2668.3930642917153,2690.213588316889,728851
2025-06-24,2770.8203125,2791.6447047639303,2727.378490073633,2736.046907590018,1562447
2025-06-25,2821.535888671875,2832.695244430731,2776.400034683866,2781.78036450783,948185
2025-06-26,2872.84912109375,2884.406929304076,2821.735016528793,2829.7060194003434,1392932
2025-06-27,2850.729736328125,2885.5031402673217,2834.0900726481195,2885.5031402673217,678859
2025-06-30,2834.189697265625,2879.524775917615,2826.417920845572,2852.921602590555,447868
2025-07-01,2837.77685546875,2859.5973792836476,2832.1970559629854,2832.1970559629854,535639
2025-07-02,2839.470703125,2868.4650817154643,2824.72429834844,2859.597437834223,917118
2025-07-03,2807.387451171875,2839.570182294868,2800.612049735981,2838.075619180585,393434
2025-07-04,2795.7294921875,2809.7784818992764,2775.602758805177,2807.3872783658976,286779
2025-07-07,2769.02685546875,2809.678775481579,2764.9416191975647,2799.8147567369933,278677
2025-07-08,2810.57568359375,2831.0013786151353,2768.1299956616626,2769.923519973218,846061
2025-07-09,2787.758544921875,2819.7422915380694,2783.4743254438904,2802.8039102814805,659109
2025-07-10,2765.04150390625,2799.6156820610445,2758.9635165890872,2787.758668701544,780215
2025-07-11,2751.98876953125,2797.3238488265692,2746.408970161852,2765.0413841691075,476850
2025-07-14,2774.3076171875,2798.8185497779814,2745.114012038249,2763.9454101403066,2913912
2025-07-15,2768.52880859375,2801.90738479337,2752.7860284812937,2778.8910155444805,450965
2025-07-16,2752.38720703125,2773.9090121867043,2748.003252733811,2773.9090121867043,372782
2025-07-17,2756.273193359375,2767.631775104802,2732.360184837885,2751.9887306814676,720281
2025-07-18,2718.6103515625,2763.945433474207,2706.6538464429286,2760.9563071943144,797380
2025-07-21,2731.961669921875,2741.526971267108,2703.3657439862964,2718.1121488703143,616378
2025-07-22,2712.831298828125,2748.9997751112137,2707.6501953116067,2742.921787766093,664321
2025-07-23,2699.28076171875,2726.0831633544135,2691.708211184922,2725.6847104866197,373864
2025-07-24,2725.9833984375,2733.356722456091,2657.6321909760577,2699.280731941219,997645
2025-07-25,2698.782470703125,2725.9833241653973,2684.4345191759817,2725.086683619324,360857
2025-07-28,2717.31494140625,2744.516038469158,2687.2244529865015,2694.298815626645,547126
2025-07-29,2733.0576171875,2740.0322447195135,2695.195353442285,2717.3148378212436,743512
2025-07-30,2748.601318359375,2783.872910763976,2723.19374526543,2730.06863832974,772901
2025-07-31,2736.4453125,2761.7533937174026,2717.8131410945953,2725.08673019562,581498
2025-08-01,2712.3330078125,2756.4724857492706,2706.1555291144114,2738.039541239471,329586
2025-08-04,2777.6953125,2782.179001676885,2710.9381625330466,2720.1047673102034,570201
2025-08-05,2787.061279296875,2814.6608298106676,2774.6065865329147,2788.8548037060286,782631
2025-08-06,2755.775146484375,2789.8511367174237,2748.0033696666624,2789.8511367174237,393906
2025-08-07,2733.755126953125,2762.6500134540265,2708.945476880498,2753.981596154899,591589
2025-08-08,2681.843994140625,2738.936107192788,2662.912862456895,2733.7550040146966,1162918
2025-08-11,2748.89990234375,2784.869150389887,2710.1409978749525,2716.1192500761476,1236332
2025-08-12,2740.39990234375,2761.89990234375,2705.10009765625,2757.0,553341
2025-08-13,2745.89990234375,2766.0,2725.5,2760.0,479944
2025-08-14,2764.89990234375,2770.0,2731.10009765625,2745.89990234375,618912
2025-08-18,2845.89990234375,2865.39990234375,2776.5,2795.0,1279195
2025-08-19,2828.300048828125,2854.0,2803.199951171875,2845.89990234375,372899
2025-08-20,2864.89990234375,2883.60009765625,2807.39990234375,2828.300048828125,930944
2025-08-21,2881.199951171875,2898.39990234375,2855.0,2880.0,1138327
2025-08-22,2813.800048828125,2881.10009765625,2801.39990234375,2881.10009765625,671902
2025-08-25,2811.39990234375,2832.699951171875,2791.60009765625,2825.699951171875,591824
2025-08-26,2796.199951171875,2818.5,2780.39990234375,2803.60009765625,425619
2025-08-28,2784.300048828125,2806.0,2772.199951171875,2775.0,528080
2025-08-29,2775.60009765625,2797.800048828125,2762.699951171875,2784.300048828125,542362
2025-09-01,2803.89990234375,2816.800048828125,2773.39990234375,2778.0,499161
2025-09-02,2779.800048828125,2820.0,2773.699951171875,2815.0,468533
2025-09-03,2781.39990234375,2809.199951171875,2770.5,2789.0,500510
2025-09-04,2809.800048828125,2865.199951171875,2801.0,2801.0,1177036
2025-09-05,2804.0,2837.5,2786.10009765625,2810.0,495200
2025-09-08,2804.10009765625,2823.89990234375,2795.10009765625,2795.10009765625,229922
2025-09-09,2795.89990234375,2823.699951171875,2786.5,2804.10009765625,388718
2025-09-10,2785.800048828125,2818.0,2775.60009765625,2795.89990234375,421783
2025-09-11,2799.0,2806.39990234375,2771.0,2782.39990234375,217951
2025-09-12,2802.0,2818.0,2789.10009765625,2799.0,168095
2025-09-15,2802.39990234375,2819.800048828125,2785.0,2795.0,291664
2025-09-16,2843.0,2848.5,2804.0,2811.89990234375,546549
2025-09-17,2865.39990234375,2881.0,2850.0,2855.0,785107
2025-09-18,2878.800048828125,2883.0,2852.0,2878.0,513800
2025-09-19,2877.89990234375,2891.300048828125,2848.300048828125,2876.10009765625,790137
2025-09-22,2854.10009765625,2911.0,2848.800048828125,2860.0,751168
2025-09-23,2813.5,2873.800048828125,2808.10009765625,2858.89990234375,702680
2025-09-24,2807.39990234375,2838.699951171875,2797.89990234375,2813.5,316532
2025-09-25,2778.60009765625,2833.199951171875,2771.199951171875,2810.0,723479
2025-09-26,2746.800048828125,2810.0,2736.199951171875,2775.0,523045
2025-09-29,2746.89990234375,2765.699951171875,2700.5,2740.10009765625,541455
2025-09-30,2756.89990234375,2769.0,2746.10009765625,2747.0,440278
2025-10-01,2789.699951171875,2796.199951171875,2732.0,2767.89990234375,353196
2025-10-03,2791.39990234375,2806.800048828125,2766.0,2800.0,708063
2025-10-06,2807.39990234375,2814.10009765625,2765.10009765625,2765.10009765625,298274
2025-10-07,2808.0,2825.0,2790.300048828125,2800.0,245369
2025-10-08,2778.199951171875,2823.39990234375,2764.699951171875,2819.0,339604
2025-10-09,2810.60009765625,2817.300048828125,2778.199951171875,2781.39990234375,404859
2025-10-10,2811.0,2832.800048828125,2788.300048828125,2810.60009765625,582587
2025-10-13,2798.0,2812.0,2778.5,2791.10009765625,280622
2025-10-14,2775.800048828125,2808.0,2757.89990234375,2798.0,316183
2025-10-15,2816.800048828125,2824.89990234375,2774.199951171875,2780.0,459912
2025-10-16,2859.800048828125,2875.0,2817.10009765625,2825.699951171875,517682
2025-10-17,2836.199951171875,2886.0,2826.300048828125,2862.0,334522
2025-10-20,2854.0,2874.0,2838.0,2849.0,374581
2025-10-21,2870.699951171875,2875.89990234375,2861.5,2875.89990234375,48792
2025-10-23,2864.60009765625,2914.5,2856.0,2884.0,511585
2025-10-24,2841.300048828125,2877.0,2823.0,2864.60009765625,456226
2025-10-27,2923.89990234375,2934.0,2847.60009765625,2859.0,764132
2025-10-28,2932.89990234375,2959.60009765625,2914.10009765625,2932.699951171875,1056504
2025-10-29,2958.699951171875,2977.800048828125,2940.0,2945.89990234375,711559
2025-10-30,2950.39990234375,2965.89990234375,2922.60009765625,2960.0,446894
2025-10-31,2891.699951171875,2954.39990234375,2880.0,2950.39990234375,576935
2025-11-03,2899.89990234375,2919.89990234375,2872.5,2896.0,297012
2025-11-04,2882.0,2909.89990234375,2872.0,2908.89990234375,229856
2025-11-06,2700.10009765625,2800.0,2692.0,2797.10009765625,1986853
2025-11-07,2724.60009765625,2738.0,2675.699951171875,2700.0,1101889
2025-11-10,2762.89990234375,2789.0,2728.699951171875,2738.0,489522
2025-11-11,2775.800048828125,2780.10009765625,2737.5,2775.0,399693
2025-11-12,2767.39990234375,2793.699951171875,2755.0,2788.39990234375,531304
2025-11-13,2777.800048828125,2785.0,2746.199951171875,2766.60009765625,687031
2025-11-14,2783.39990234375,2790.0,2761.0,2777.199951171875,510972
2025-11-17,2790.300048828125,2799.0,2771.10009765625,2790.0,459047
2025-11-18,2762.0,2790.300048828125,2750.0,2788.0,437943
2025-11-19,2744.699951171875,2774.0,2739.10009765625,2770.0,468941
2025-11-20,2748.60009765625,2764.300048828125,2745.0,2760.0,519341
2025-11-21,2734.800048828125,2756.89990234375,2723.0,2750.0,471626
2025-11-24,2688.699951171875,2740.300048828125,2679.39990234375,2734.89990234375,917195
2025-11-25,2686.800048828125,2712.0,2680.0,2688.10009765625,558631
2025-11-26,2744.0,2746.60009765625,2686.800048828125,2686.800048828125,444974
2025-11-27,2740.0,2748.5,2712.0,2748.0,399328
2025-11-28,2739.39990234375,2748.0,2727.5,2747.199951171875,297155
2025-12-01,2731.5,2753.10009765625,2700.0,2750.0,288096
2025-12-02,2735.0,2741.10009765625,2717.10009765625,2717.10009765625,388195
2025-12-03,2720.300048828125,2744.0,2707.199951171875,2744.0,435124
2025-12-04,2730.39990234375,2742.5,2710.0,2720.300048828125,276879
2025-12-05,2747.0,2750.39990234375,2716.89990234375,2730.5,173909
2025-12-08,2744.199951171875,2769.89990234375,2730.0,2747.0,715725
2025-12-09,2746.0,2779.60009765625,2726.5,2740.0,419760
2025-12-10,2746.800048828125,2779.800048828125,2740.89990234375,2770.89990234375,344470
2025-12-11,2797.800048828125,2802.699951171875,2742.699951171875,2757.0,453706
2025-12-12,2836.699951171875,2845.199951171875,2796.60009765625,2814.0,927504
2025-12-15,2821.0,2849.89990234375,2817.0,2836.699951171875,736238
2025-12-16,2799.10009765625,2832.699951171875,2786.199951171875,2822.0,545921
2025-12-17,2806.60009765625,2814.89990234375,2780.0,2785.199951171875,420053
2025-12-18,2807.60009765625,2820.0,2786.89990234375,2810.0,252763
2025-12-19,2812.5,2831.10009765625,2790.10009765625,2800.0,546550
2025-12-22,2809.699951171875,2858.0,2798.10009765625,2812.699951171875,796031
2025-12-23,2829.800048828125,2842.699951171875,2811.0,2811.0,399009
2025-12-24,2826.89990234375,2862.89990234375,2820.0,2830.800048828125,444617
2025-12-26,2817.699951171875,2840.39990234375,2809.300048828125,2828.0,506240
2025-12-29,2842.39990234375,2850.0,2812.5,2821.0,607462
2025-12-30,2841.699951171875,2857.10009765625,2827.199951171875,2847.0,729640
2025-12-31,2829.0,2864.0,2803.5,2844.5,327956
2026-01-01,2851.699951171875,2854.89990234375,2822.300048828125,2833.0,449775
2026-01-02,2856.39990234375,2882.0,2845.10009765625,2856.89990234375,698682
2026-01-05,2848.89990234375,2893.0,2842.5,2871.0,861522
2026-01-06,2865.300048828125,2880.0,2845.5,2860.0,720656
2026-01-07,2837.10009765625,2880.0,2829.10009765625,2880.0,287536
2026-01-08,2792.0,2831.89990234375,2787.10009765625,2821.0,437229
2026-01-09,2776.89990234375,2807.89990234375,2766.699951171875,2799.800048828125,556140
2026-01-12,2806.699951171875,2821.60009765625,2738.300048828125,2763.0,476367
2026-01-13,2774.199951171875,2814.800048828125,2759.10009765625,2799.0,875758
2026-01-14,2795.800048828125,2821.10009765625,2755.10009765625,2774.0,452326
2026-01-15,2795.800048828125,2795.800048828125,2795.800048828125,2795.800048828125,0
2026-01-16,2809.60009765625,2827.300048828125,2791.0,2810.800048828125,678922
2026-01-19,2780.0,2821.60009765625,2768.800048828125,2796.0,586951
2026-01-20,2713.60009765625,2790.800048828125,2706.0,2783.0,411054
2026-01-21,2735.60009765625,2752.0,2708.300048828125,2718.89990234375,939481
2026-01-22,2787.60009765625,2799.0,2742.5,2742.5,870158
2026-01-23,2759.0,2805.0,2752.5,2789.89990234375,606097
2026-01-27,2856.199951171875,2866.89990234375,2773.0,2798.0,1521231
2026-01-28,2839.10009765625,2891.199951171875,2831.10009765625,2870.10009765625,508906
2026-01-29,2831.699951171875,2852.89990234375,2808.699951171875,2826.60009765625,680590
2026-01-30,2819.0,2839.60009765625,2807.89990234375,2837.5,1083570
2026-02-02,2774.60009765625,2781.89990234375,2713.0,2740.0,929579
2026-02-03,2808.89990234375,2869.0,2801.10009765625,2869.0,1232908
2026-02-04,2844.89990234375,2863.800048828125,2808.89990234375,2808.89990234375,566105
2026-02-05,2863.89990234375,2877.300048828125,2825.0,2830.10009765625,762775
2026-02-06,2836.89990234375,2879.0,2820.699951171875,2864.0,361882
2026-02-09,2926.300048828125,2939.800048828125,2846.5,2859.89990234375,681768
2026-02-10,2953.89990234375,2962.0,2919.199951171875,2943.0,624992
2026-02-11,2932.60009765625,2979.0,2894.89990234375,2979.0,1015218
2026-02-12,2925.5,2940.5,2907.60009765625,2940.39990234375,420088
2026-02-13,2888.0,2934.0,2877.39990234375,2929.300048828125,419620
2026-02-16,2912.699951171875,2918.0,2861.300048828125,2870.0,285131
2026-02-17,2900.39990234375,2917.0,2880.199951171875,2902.10009765625,458126
2026-02-18,2933.800048828125,2938.89990234375,2900.0,2900.0,350421
2026-02-19,2864.300048828125,2960.0,2846.89990234375,2928.10009765625,388104
2026-02-20,2832.800048828125,2890.0,2822.699951171875,2864.89990234375,597887
2026-02-23,2873.39990234375,2883.699951171875,2839.699951171875,2844.0,593878
2026-02-24,2879.300048828125,2886.699951171875,2847.39990234375,2850.199951171875,593814
2026-02-25,2878.39990234375,2910.699951171875,2867.10009765625,2892.0,595400
2026-02-26,2863.5,2889.89990234375,2846.60009765625,2881.5,662746
2026-02-27,2799.800048828125,2864.60009765625,2784.0,2845.0,1153378
2026-03-02,2777.300048828125,2786.300048828125,2696.39990234375,2729.800048828125,900872
2026-03-04,2683.199951171875,2742.199951171875,2645.0,2727.0,928520
2026-03-05,2724.10009765625,2731.89990234375,2656.800048828125,2685.0,1101224
2026-03-06,2718.39990234375,2759.39990234375,2687.199951171875,2701.5,1457401
2026-03-09,2681.199951171875,2692.800048828125,2631.0,2659.0,1019315
2026-03-10,2743.89990234375,2753.0,2694.199951171875,2701.0,1035360
2026-03-11,2735.60009765625,2762.800048828125,2714.800048828125,2726.60009765625,1492588
2026-03-12,2673.10009765625,2727.39990234375,2660.60009765625,2711.199951171875,952036
2026-03-13,2568.60009765625,2664.0,2563.10009765625,2655.0,1309585
2026-03-16,2654.39990234375,2661.39990234375,2565.0,2570.0,1531881
2026-03-17,2683.300048828125,2699.0,2650.0,2655.10009765625,603520
2026-03-18,2723.10009765625,2732.89990234375,2686.699951171875,2699.0,933801
2026-03-19,2607.89990234375,2700.0,2600.10009765625,2700.0,1270396
2026-03-20,2616.300048828125,2662.699951171875,2608.300048828125,2622.10009765625,1510096
2026-03-23,2531.10009765625,2598.0,2502.5,2591.0,1936926
2026-03-24,2549.39990234375,2600.699951171875,2523.0,2565.5,2303237
2026-03-25,2647.800048828125,2668.39990234375,2561.800048828125,2561.800048828125,1656810
2026-03-27,2628.199951171875,2655.0,2604.60009765625,2651.0,2406056
2026-03-30,2557.699951171875,2620.10009765625,2540.0,2620.10009765625,1978678
2026-04-01,2592.800048828125,2613.300048828125,2576.0,2602.0,651446
2026-04-02,2564.10009765625,2574.89990234375,2514.199951171875,2574.89990234375,522088
2026-04-06,2614.39990234375,2625.300048828125,2533.0,2545.0,720478
2026-04-07,2621.0,2632.800048828125,2576.60009765625,2592.0,632051
2026-04-08,2756.199951171875,2794.89990234375,2690.5,2698.0,816578
2026-04-09,2740.5,2772.5,2723.0,2740.10009765625,788928
2026-04-10,2742.60009765625,2779.10009765625,2727.199951171875,2750.0,611392
2026-04-13,2713.0,2739.0,2682.89990234375,2694.10009765625,1259991
2026-04-15,2741.39990234375,2793.199951171875,2732.0,2739.0,665607
2026-04-16,2717.300048828125,2755.300048828125,2696.0,2745.89990234375,803379
2026-04-17,2720.5,2736.60009765625,2692.300048828125,2720.0,427517
2026-04-20,2760.10009765625,2771.89990234375,2697.300048828125,2730.5,702964
2026-04-21,2777.699951171875,2792.0,2755.0,2772.0,686149
2026-04-22,2776.60009765625,2810.0,2755.60009765625,2774.39990234375,924150
2026-04-23,2735.0,2768.39990234375,2727.0,2762.300048828125,859207
2026-04-24,2739.300048828125,2768.89990234375,2732.10009765625,2760.699951171875,1109759
2026-04-27,2778.199951171875,2810.89990234375,2752.199951171875,2766.0,986179
