Price,Close,High,Low,Open,Volume
Ticker,KOTAKBANK.NS,KOTAKBANK.NS,KOTAKBANK.NS,KOTAKBANK.NS,KOTAKBANK.NS
Date,,,,,
2010-01-04,40.643489837646484,40.74226944443961,39.80878821790289,40.15946072067908,5527480
2010-01-05,41.046024322509766,41.17690899796358,40.55458692057911,40.845989400057256,7113640
2010-01-06,41.54486846923828,41.71526650406973,40.75708843469907,41.09294439326812,13930200
2010-01-07,42.01161193847656,42.21905516817579,41.21642356786548,41.735025989812165,20800120
2010-01-08,41.7523078918457,42.18200331295676,41.38928700754133,42.179535141734405,7447940
2010-01-11,41.91282272338867,42.559837748683336,41.586843271493606,42.27831175304672,6490040
2010-01-12,40.65090560913086,41.977041104063574,40.50026423168739,41.91283472463892,11324300
2010-01-13,40.15452575683594,40.5916294885145,39.82360614949547,40.253305367020786,15403460
2010-01-14,40.71757507324219,41.50041492406467,40.139702711291555,40.56940189977785,12088020
2010-01-15,40.59410095214844,40.98922315645574,40.26812145959938,40.747210476599975,12526160
2010-01-18,42.0733528137207,42.40427247268296,40.01623526942639,40.14959190899953,14503560
2010-01-19,42.404266357421875,43.26612920581047,42.26844156566704,42.475881010419535,20851240
2010-01-20,43.22909164428711,43.453819613553875,42.27338167404525,42.52527460408274,15608820
2010-01-21,41.702911376953125,43.06855983834876,41.29050071992153,43.06855983834876,13594640
2010-01-22,39.991539001464844,41.241119627999886,39.710012946349046,40.747214003712465,25045640
2010-01-25,38.430789947509766,39.75939709347612,38.24063902234086,39.71000729172056,18882760
2010-01-27,37.78624725341797,40.59903954545552,37.16639707078309,37.981342079131444,12751860
2010-01-28,38.56908416748047,39.2383278730975,38.0381371868053,38.16408175065185,15804020
2010-01-29,38.470306396484375,39.139550134037,36.69718712362348,37.78377792261449,19616040
2010-02-01,38.769107818603516,39.38648960187079,37.79364158648173,37.94181472174562,14979340
2010-02-02,37.23307800292969,39.463061682629906,37.03798316348867,39.463061682629906,8240700
2010-02-03,38.504878997802734,38.74689167962927,36.993529111823946,36.993529111823946,13305920
2010-02-04,36.995994567871094,38.52463284588592,36.81077998688126,38.47524304459536,6263440
2010-02-05,35.378456115722656,36.17364441844022,35.124095037893184,35.56120254088777,12142300
2010-02-08,36.45270919799805,36.966371562100925,35.23522972614909,35.95633534159061,13467720
2010-02-09,36.744102478027344,37.13182015136179,36.01559253067068,36.45270000636483,10825140
2010-02-10,35.929168701171875,37.14170423628107,35.699500609117436,37.02316793262135,6777680
2010-02-11,36.316871643066406,36.84041027922169,35.981015744653575,36.25266528314925,11079660
2010-02-15,35.941505432128906,39.710007212991705,35.81802904388466,39.710007212991705,4365880
2010-02-16,36.53914260864258,36.69472033011885,35.89953191119154,36.15389302619363,4754640
2010-02-17,37.45039367675781,37.72698339776372,36.5984072006919,36.63792055629288,10023600
2010-02-18,37.114524841308594,37.55904051742355,36.823122423088606,37.438036089064255,11152360
2010-02-19,36.05511474609375,36.83054651524744,35.80816190536708,36.83054651524744,5123080
2010-02-22,35.37104415893555,37.526944552124164,35.24509960290538,37.526944552124164,5673620
2010-02-23,34.847511291503906,35.756295826740676,34.6771132490968,35.26486214477329,17330300
2010-02-24,34.96852111816406,35.166080361291854,34.3536072345559,34.3536072345559,7149560
2010-02-25,36.05263137817383,40.01128344500746,35.259911435561484,40.01128344500746,25307360
2010-02-26,36.7589225769043,37.45779562385094,35.86742289603625,36.44529149319938,14510440
2010-03-02,37.005882263183594,37.32938986040645,36.615696348241194,37.09725360243556,8121920
2010-03-03,37.49237060546875,37.877616316105026,36.97376829148905,37.28986752935472,8841000
2010-03-04,38.28755569458008,38.4258524106774,37.35654646741555,37.6356005343507,12694960
2010-03-05,39.60382080078125,39.75940227638266,38.28756187572063,38.52463823053227,23671600
2010-03-08,40.12982940673828,40.50025860126202,39.759400212214544,39.759400212214544,15899480
2010-03-09,39.19140625,40.21873074060089,38.882715268559856,40.21873074060089,6386620
2010-03-10,39.20128631591797,39.41860220361249,38.648110722821905,39.01853989907898,7179160
2010-03-11,38.462894439697266,39.11731778163191,38.28261997029268,39.013598069034735,7775180
2010-03-12,38.33201217651367,39.01854062787724,38.18137082462739,38.57402485442588,8046420
2010-03-15,37.50472640991211,38.687632617552495,37.339268460156816,38.657995714529754,11484060
2010-03-16,37.396053314208984,37.88008236468194,37.003399344077316,37.6355977843849,14539600
2010-03-17,37.66277313232422,38.32707681946087,37.53682855097527,37.6356081714606,17032780
2010-03-18,37.2627067565918,37.78377730015198,37.00834568145205,37.694874144011834,17694700
2010-03-19,36.88981246948242,37.49237793705734,36.68236924240519,37.49237793705734,12781640
2010-03-22,36.736698150634766,37.126884037218936,36.06992632650264,36.104499568696134,18372820
2010-03-23,36.04770278930664,37.16145863094713,35.82297482277534,36.939202604220064,13270360
2010-03-25,36.53173065185547,36.63792232914645,35.65998745580673,35.95633386895288,21898620
2010-03-26,37.13429641723633,37.398537758171315,36.662619368453385,36.79597224071322,15591140
2010-03-29,37.25776672363281,37.74673596752748,37.04291899926128,37.13429032696861,14005340
2010-03-30,36.96636199951172,37.833164895094434,36.86017034534156,37.24047973424819,12069380
2010-03-31,36.9515495300293,37.33432336437944,36.795968056583256,37.04292086233213,10457260
2010-04-01,36.887332916259766,37.275050561989,36.704590283719966,37.141693960092276,6886700
2010-04-05,37.85044860839844,38.033191229630035,36.82806438598966,37.09230186595963,20887840
2010-04-06,38.620941162109375,39.001246746391615,37.96157775915382,38.03072422902331,29805500
2010-04-07,38.902469635009766,39.351925486051265,38.44313733115647,38.67280536718324,42158440
2010-04-08,38.8259162902832,39.36427154079931,38.524633597869474,38.91975955230726,21112640
2010-04-09,38.818511962890625,39.26549593636098,38.586375723625174,38.87036994167075,10745960
2010-04-12,37.82081604003906,39.4235409087172,37.57386326467295,39.4235409087172,9827200
2010-04-13,37.929473876953125,38.27767817634467,37.63559948675175,38.10481199628508,7308580
2010-04-15,36.798439025878906,38.22335787848294,36.610756235792486,38.1542113890721,16293000
2010-04-16,35.80815505981445,36.54901344036234,35.7093754496883,36.54901344036234,19346960
2010-04-19,35.79580307006836,36.25266719945165,34.57338761862143,34.57338761862143,16271160
2010-04-20,36.119319915771484,36.549019200765336,35.71925753304694,36.05511353589013,10820780
2010-04-21,36.67743682861328,36.919449556563286,36.173650925140365,36.30206745695521,9268120
2010-04-22,36.65520095825195,37.32444467984934,36.210688949026235,36.57370985324097,11324420
2010-04-23,36.84041976928711,37.07255602230882,36.35886252535963,36.697190450129995,5666720
2010-04-26,37.35654830932617,37.583744416102206,36.86757908889475,37.19109039791972,6876400
2010-04-27,37.146636962890625,37.50718968210083,37.008344008081366,37.339259831117865,4561720
2010-04-28,36.361331939697266,37.008347075409574,36.104498915307154,36.104498915307154,8338760
2010-04-29,35.99583435058594,36.499620110905404,35.81555988382271,36.499620110905404,18065760
2010-04-30,36.47739028930664,36.778669160455976,36.057567623584404,36.057567623584404,12643580
2010-05-03,36.47739028930664,37.06760717756588,36.26747895644552,36.549004924732365,7182220
2010-05-04,36.1687126159668,37.04292396349685,35.95633303451471,37.04292396349685,8646440
2010-05-05,36.867576599121094,37.02315804676972,35.33153386880351,35.63034460402054,14122560
2010-05-06,37.03797912597656,37.42816499412339,36.15388766800345,36.79596644205785,10302380
2010-05-07,35.1833610534668,36.64778915460243,34.97344969401287,36.561357946980365,11005280
2010-05-10,37.581275939941406,37.77883893697059,35.70937699984703,35.85754642146835,26425260
2010-05-11,36.862640380859375,38.12950550617112,36.652729022792826,37.783773141567565,22444980
2010-05-12,37.95663833618164,38.19124270378646,36.89474071795976,37.08736356868372,32094360
2010-05-13,38.35918045043945,38.67281157440702,38.17890595413721,38.425858764272114,14047100
2010-05-14,37.44297790527344,39.016069617746496,37.092305422898974,38.32706927697817,16729920
2010-05-17,38.74688720703125,38.95926673503337,36.77126509285349,37.08242798748458,24560320
2010-05-18,38.69256591796875,39.10744861384419,38.03567428248419,38.82098243909698,11256480
2010-05-19,36.736698150634766,38.766650522197565,36.40084218295477,38.29250158574359,18335320
2010-05-20,37.020694732666016,37.680058249006755,36.64779359724515,37.04291958004589,9115620
2010-05-21,36.56136703491211,37.526953499292354,35.81062832563089,36.35145562328123,17268620
2010-05-24,36.57371139526367,37.482495895695315,36.40331335938256,37.24048320541526,7944360
2010-05-25,35.82790756225586,36.40083601701405,35.215465760769476,36.40083601701405,14038460
2010-05-26,36.71693420410156,37.265169627621724,35.403147492673085,36.055102622237605,12344920
2010-05-27,37.3244514465332,37.487441222505254,36.21810379741008,36.9441457374663,10051780
2010-05-28,37.5071907043457,37.783776621502476,37.09971634260528,37.605970312415835,21984400
2010-05-31,37.465206146240234,37.72203536732886,36.96388855972075,37.72203536732886,6853500
2010-06-01,37.31950378417969,38.55920782398876,36.84782682713521,37.73438642378691,15829360
2010-06-02,37.25776672363281,37.52200802123049,36.6477930226556,37.52200802123049,6773220
2010-06-03,37.51459884643555,38.20112729410035,37.319504034154974,37.63560330063947,5322700
2010-06-04,37.14910125732422,37.675111833158915,36.99352358349988,37.5145940491211,6894680
2010-06-07,37.26024627685547,37.438052625840356,35.961271906871346,36.05511519333597,7939180
2010-06-08,36.54407501220703,37.66277091689291,36.34157567166339,37.477556313227026,7572220
2010-06-09,36.49468231201172,37.0429177968613,36.34157279094217,36.54407211543411,5205460
2010-06-10,36.751522064208984,36.87746665128169,36.19093808356554,36.49962912186241,8636520
2010-06-11,37.50472640991211,37.85787092874006,36.79597296862278,37.23060860820976,10969320
2010-06-14,38.03072738647461,38.129506989289226,37.504716769396026,37.63560143881553,7301680
2010-06-15,38.06283950805664,38.27521908485306,37.734391803929554,38.213480879600624,5459360
2010-06-16,37.771427154541016,38.292497673927166,37.48249285254022,38.17890150469629,7925660
2010-06-17,38.16902542114258,38.32460689608662,37.196030754211456,37.52447844120399,11363240
2010-06-18,38.181373596191406,38.52463784679055,37.796127820635625,38.22829523237847,7609400
2010-06-21,39.186466217041016,39.47293235275461,38.37646138158913,38.37646138158913,13167760
2010-06-22,39.183998107910156,39.85817815868821,38.88271540749203,39.00866374001792,20574240
2010-06-23,38.727142333984375,39.702605201532364,38.57402902600353,38.59872581483297,9969200
2010-06-24,37.344200134277344,38.27768135225038,37.042917437661664,38.27768135225038,375659660
2010-06-25,37.077491760253906,37.70722212874018,36.99352871597588,37.47261773175132,14569780
2010-06-28,37.682525634765625,37.882556793415226,37.042918807720454,37.042918807720454,16954680
2010-06-29,36.77373504638672,37.83316068989819,36.62803382770191,37.83316068989819,13824720
2010-06-30,38.12117004394531,38.24231279476393,36.78857337739015,36.78857337739015,47511400
2010-07-01,38.08161163330078,38.39065542294485,37.40666105302014,38.06924912721358,13569600
2010-07-02,37.55253219604492,38.36593386369081,37.41655216186194,38.182982338160556,8917680
2010-07-05,37.73300552368164,37.82695603345056,37.147059764875465,37.629167273545534,5222580
2010-07-06,37.854148864746094,38.04946284382134,37.43385014296539,37.77750662267218,6645820
2010-07-07,37.15943145751953,37.920915919304264,36.84297087242818,37.920915919304264,7107800
2010-07-08,37.58219528198242,37.82695931802515,37.36710201463123,37.57972428980277,6802340
2010-07-09,37.75774002075195,38.21018064949847,37.428916926444124,37.62917672863355,7360780
2010-07-12,37.572303771972656,38.15330753901908,37.48577001177195,37.851680533042654,11767040
2010-07-13,37.644012451171875,37.78740925228594,37.18910080298739,37.53028642537975,11343960
2010-07-14,37.327545166015625,38.227480557897394,37.184148390563756,37.73301047944571,17882760
2010-07-15,37.6168098449707,37.95057865813311,37.25337403419647,37.480833590911594,19826540
2010-07-16,38.739253997802734,38.85545475333533,37.65389246384408,37.728063720727604,23356460
2010-07-19,39.17439270019531,39.409265241887965,38.56866758556454,38.81590263418995,23566540
2010-07-20,38.6799201965332,39.43398780242906,38.24231313138918,39.1669735138246,12129580
2010-07-21,38.81343078613281,39.087861834957266,37.68109383569081,39.087861834957266,47485480
2010-07-22,38.049468994140625,39.063134109789914,37.715703972529596,39.063134109789914,31654800
2010-07-23,38.06182861328125,38.46976863876548,37.831901867332085,38.46976863876548,16326760
2010-07-26,37.76268005371094,38.316484109636065,37.63906253801234,38.316484109636065,7918920
2010-07-27,37.918434143066406,38.207698666304886,37.67861586976059,38.07419341423599,9662340
2010-07-28,37.85663604736328,38.25963045418018,37.5871507027164,38.11376265542726,7984140
2010-07-29,37.822017669677734,38.1211737462266,37.648953885623975,37.96541445432444,15677260
2010-07-30,38.13600540161133,38.615641988869726,37.728069089462515,37.728069089462515,11674980
2010-08-02,38.739253997802734,38.964238760430256,38.195337734834936,38.370872477868886,14474040
2010-08-03,39.621883392333984,39.85181392522139,38.72442282495387,38.9642410988493,24883120
2010-08-04,40.75421905517578,40.86794882222435,39.61694024722487,39.80730849298082,30947860
2010-08-05,40.77153778076172,41.508297259833775,40.55149871136569,40.793788032468434,30288300
2010-08-06,40.12872314453125,40.892678596604156,39.97049285245944,40.54655101160574,10275780
2010-08-09,40.707244873046875,40.744332389859984,40.0669070713152,40.16085758689996,7442380
2010-08-10,40.02734375,41.483557703951654,39.814721505691814,40.86794498744224,14448940
2010-08-11,40.005096435546875,40.39819919674337,39.5131011791775,39.9037291758652,14576780
2010-08-12,39.73807907104492,40.37594580090962,39.3647555925126,40.00509331418642,12690400
2010-08-13,41.006404876708984,41.18936016883492,39.9037349117466,39.953184938948006,21037720
2010-08-16,41.02618408203125,41.827223215596334,40.78389479357702,41.139910090435166,23393660
2010-08-17,41.20171356201172,41.76293809992904,40.694884801465925,41.280830577271836,15254520
2010-08-18,41.560211181640625,41.775304456384724,40.994040834947675,41.48109415908672,11035160
2010-08-19,42.47745132446289,42.7222153704695,41.24127613302863,41.733275217322095,21873760
2010-08-20,42.65793228149414,42.96945084731973,42.12884944506054,42.27472098624415,18056720
2010-08-23,42.937313079833984,43.20185640891839,42.524430975965934,42.58871073445474,7349580
2010-08-24,42.428001403808594,43.41447047940486,42.14615363542494,43.01889294333691,16834500
2010-08-25,41.47862243652344,42.62331807107802,41.31791740198052,42.42553306319014,12710300
2010-08-26,41.53054428100586,41.86184212818067,40.89515213914463,41.81980884821595,21762440
2010-08-27,41.4514274597168,41.8915055264399,41.15721716030485,41.28825142890739,10009060
2010-08-30,41.85441589355469,42.5194787171263,41.5354843699032,41.9236451715444,8077660
2010-08-31,40.96932601928711,41.98051657263773,40.474855868307884,41.9211787964174,10968580
2010-09-01,41.04102325439453,41.32040010182277,40.314151516046756,41.32040010182277,11836700
2010-09-02,40.341339111328125,41.81486153976478,40.08174157713539,41.81486153976478,16138320
2010-09-03,40.93965530395508,41.18936514496468,40.4229349008386,40.54655243876166,12594560
2010-09-06,41.335227966308594,41.476149980899635,40.961900632245445,41.22397295005095,12372140
2010-09-07,41.97062301635742,42.3439503766002,41.33523086494665,41.49593214719828,19426000
2010-09-08,41.8593635559082,42.22279936248983,41.53548626069089,42.03242732749296,14735480
2010-09-09,42.75188446044922,42.89528124237535,42.005233551974364,42.005233551974364,22820020
2010-09-13,44.967105865478516,45.471463637634415,43.0485597291243,43.271073506772126,19368010
2010-09-14,47.038936614990234,48.55201760137858,44.89788406925552,44.89788406925552,39111340
2010-09-15,46.860923767089844,50.04036625729122,46.49501699585171,47.37023107432856,48348040
2010-09-16,46.13899612426758,47.95370395554055,45.79286862103123,47.35044993060848,30271760
2010-09-17,46.801597595214844,47.27134270003829,46.292293975404185,46.53458327781255,16600720
2010-09-20,46.949928283691406,47.73613760053336,46.5840215143315,47.07354579236095,14204800
2010-09-21,48.27511215209961,49.09098853183751,47.07849547382125,47.17244599544475,33069440
2010-09-22,48.601463317871094,49.04154137551706,47.810311965502336,48.56685056409581,16644250
2010-09-23,47.731197357177734,48.947593330287646,47.46912881212863,48.665745528865926,11892830
2010-09-24,47.86470031738281,48.25038633641121,47.27133401906403,47.27133401906403,12897560
2010-09-27,48.106998443603516,48.94265415388567,47.820204868505684,47.86470914102455,12808070
2010-09-28,48.24050521850586,48.45807328535688,47.61747556389971,48.359180767247004,10514220
2010-09-29,47.87459182739258,48.77452720014952,47.469126522579174,48.75474794473091,7830860
2010-09-30,47.10322570800781,47.96360267914601,46.59392207697481,47.6174750966501,21675040
2010-10-01,49.10581970214844,49.733798781370844,47.251557005440496,47.439458039778124,17170030
2010-10-04,50.28760528564453,50.63373660279939,49.70907620137335,50.00575749285801,12304650
2010-10-05,50.69801712036133,51.147986707706416,50.139267283417865,50.73262987534885,10672380
2010-10-06,51.123268127441406,51.66718453390479,50.63374373887515,50.95515008849236,9622740
2010-10-07,50.71284866333008,51.74134730401562,50.341996114549865,51.123259722715254,12734900
2010-10-08,49.76346969604492,51.054036936382644,49.249220348294756,50.712851366118734,8000180
2010-10-11,51.41993713378906,51.820460421605304,50.104648821565924,50.49528059622244,10573050
2010-10-12,49.743682861328125,51.73639642245658,49.367884592819145,51.42488167044003,22274220
2010-10-13,51.5831184387207,51.820465736306225,49.74863490016877,49.90191941730291,14310380
2010-10-14,50.91064453125,52.072648591358835,50.49529142959724,51.91936405705951,10230060
2010-10-15,50.292545318603516,51.05897535917171,50.13926081949263,50.930412097574944,9409320
2010-10-18,50.3469352722168,50.53483251420066,49.15526453337313,50.53483251420066,11298620
2010-10-19,49.93653106689453,51.11337224209932,49.620070525454736,50.772186688278474,13181990
2010-10-20,49.60523986816406,50.880973620946094,49.16516178462806,49.93653392700443,14161910
2010-10-21,49.743682861328125,50.04036411646391,48.51739933409838,49.94147162225426,26067540
2010-10-22,48.89814376831055,50.08487266284906,48.65585449602165,49.94147589322705,9850150
2010-10-25,49.649742126464844,49.84258515424406,48.97231676445368,49.1503262935587,7199460
2010-10-26,48.665740966796875,49.76346507127466,48.52728995767482,49.76346507127466,11621640
2010-10-27,47.47900390625,48.838796296449125,46.89058721906819,48.7052910671324,19344450
2010-10-28,47.26144790649414,48.45806451252417,46.737307092380405,47.61746694324851,24160020
2010-10-29,45.91154479980469,47.46912625970262,44.99677593367644,47.27133747911908,17582120
2010-11-01,46.2972297668457,46.905429592760655,45.99560273230757,46.58896906021361,10438320
2010-11-02,46.92026138305664,47.212000665806386,46.035159566504035,46.56424235377213,11894470
2010-11-03,48.06743621826172,48.40862178204224,46.98454553148517,47.34551035124646,11534510
2010-11-04,48.487728118896484,48.982198130380254,47.91414486727885,48.1811591261809,11887490
2010-11-08,48.65091323852539,49.150329099947214,47.53340974700491,49.150329099947214,8941750
2010-11-09,48.695411682128906,48.942646704581314,48.0773241259979,48.75474567311297,5665400
2010-11-10,48.092166900634766,48.85365136937798,47.79053981325895,48.85365136937798,8022170
2010-11-11,48.324562072753906,49.20471820234495,47.97843075687058,48.26027854862173,8418160
2010-11-12,47.276283264160156,48.35422815784827,46.70764193433486,47.765807572702144,10087420
2010-11-15,47.711421966552734,48.744866503837294,46.48019239453166,47.27134385100087,10264080
2010-11-16,47.711421966552734,48.121833081395664,46.78181947676488,48.03282830676115,16693580
2010-11-18,47.69163513183594,48.24049719280013,45.98571495695186,47.66691389267518,13586980
2010-11-19,45.659366607666016,47.55318797053735,45.219288526399275,47.439461961674674,12806640
2010-11-22,47.612525939941406,47.82514823186895,45.78793008066801,46.282400176080216,6742150
2010-11-23,47.39000701904297,47.661967051171985,46.312065948985854,47.385065034827555,8962970
2010-11-24,47.05378341674805,47.96360672316715,46.67798502941892,47.65703385817392,5461830
2010-11-25,45.37257766723633,47.0735522547387,44.581426257641326,46.97465974322964,15126540
2010-11-26,45.59013748168945,46.82631261701191,43.018894709221584,45.49124497986651,7237360
2010-11-29,46.08954620361328,46.28238919326177,44.50724378277784,45.639580485268986,5502960
2010-11-30,47.14277267456055,47.46912471779881,44.996774472080126,45.98076881357418,5978080
2010-12-01,47.48396301269531,48.16138840656105,46.87576690341004,46.87576690341004,8561000
2010-12-02,48.31467056274414,48.65585612160604,47.37517666599168,47.86470475631718,9677040
2010-12-03,48.04764938354492,48.65584914837127,47.67679688054287,48.31466363840721,3717350
2010-12-06,47.48889923095703,48.952529977586074,46.93509147310819,48.04764897259878,7019020
2010-12-07,45.881866455078125,47.577898510150746,45.64451922257981,47.28121729890756,11905320
2010-12-08,46.12911605834961,46.38129686552404,44.868215794984906,45.9758315346296,8999090
2010-12-09,44.774269104003906,46.57908195261033,43.498535339462386,46.48018944152497,8969440
2010-12-10,46.697757720947266,46.87576725977612,44.50230925706309,44.774269322637025,9946550
2010-12-13,46.40107727050781,46.979610215673624,44.95228334620485,46.87577193641511,6747550
2010-12-14,46.23789596557617,46.836204280282246,45.52091212129499,46.480185236571195,10933800
2010-12-15,44.48747253417969,46.18350501498866,43.91883120259516,46.18350501498866,15061880
2010-12-16,45.91154479980469,46.1291128356973,44.21551232525044,44.551752120490285,7514320
2010-12-20,44.49241638183594,47.350452643013334,44.30946110678391,47.350452643013334,7805740
2010-12-21,44.97205352783203,45.41707736681017,44.50230844766521,44.86821526082171,9338060
2010-12-22,44.942386627197266,45.39235622439525,44.62592606823696,45.39235622439525,5833710
2010-12-23,44.41330337524414,45.066003743766146,44.1759560719146,44.89788572380941,7437160
2010-12-24,44.596256256103516,44.798987020534035,44.116619690672515,44.413300974416345,8127290
2010-12-27,44.250125885009766,44.96710975612283,43.92377759773304,44.65064921042716,2998880
2010-12-28,44.41824722290039,44.79898751629202,44.05728241247094,44.45285997684508,7509000
2010-12-29,44.39352035522461,44.848431894488975,44.15617684452454,44.798985644135385,7005170
2010-12-30,44.002891540527344,44.700096166945315,43.76060225665133,44.60614564416371,11087210
2010-12-31,44.86327362060547,45.194567680635956,44.00783869175019,44.00783869175019,4477070
2011-01-03,45.2044563293457,45.486304139764655,45.08578455982918,45.28357335736174,4401800
2011-01-04,45.54069519042969,45.88682652191952,45.194567631447306,45.194567631447306,6326080
2011-01-05,44.39352035522461,45.970881017301615,44.10672682166386,45.49124446660691,5935050
2011-01-06,44.017730712890625,44.98689551832632,43.790274898556234,44.50231311560847,4606180
2011-01-07,43.03867721557617,44.462749720950995,42.71232514439235,43.71115684179669,8854250
2011-01-10,40.833351135253906,43.03868783471008,39.75540591894939,42.92001603977526,15264050
2011-01-11,41.32780456542969,42.470029087524765,40.10151727407336,40.92728128985199,12749690
2011-01-12,41.906341552734375,42.47498293007534,41.04101886580476,41.545376714854704,10114010
2011-01-13,40.21525573730469,42.80133235051933,39.824623890072814,42.029960171053034,10418640
2011-01-14,39.33015060424805,41.81733450230997,38.924685289668474,40.249865254576136,8072450
2011-01-17,39.93340301513672,40.536657090627145,39.013688403734456,39.626830220500246,7820790
2011-01-18,40.07185363769531,40.94212198922917,39.70594685395663,40.437760421433985,8383240
2011-01-19,40.91244888305664,41.32780566647961,39.8641748426455,40.393257619411564,8133500
2011-01-20,41.426700592041016,41.63437710967786,40.28942172938181,41.01134755676734,12111240
2011-01-21,40.90256881713867,41.62449473764575,40.64544224284389,41.33770116343526,5470070
2011-01-24,40.95695495605469,41.77283128925437,40.56137740889512,41.0509016998121,6010360
2011-01-25,40.06196212768555,41.60471005474981,39.903731861256425,41.13001925546245,7249660
2011-01-27,38.79612350463867,40.447655596568325,38.56866771185937,40.34875931328985,8850910
2011-01-28,37.53522872924805,39.01369333604891,37.011087835217374,38.76645827532934,9707980
2011-01-31,38.09892272949219,38.341212022288595,36.53639540205335,37.47094358963269,8138310
2011-02-01,37.25831985473633,38.89996037301546,36.98636357364775,38.148367509679915,11706660
2011-02-02,36.828128814697266,38.26703461374089,36.31882152428991,37.347320073112236,7861080
2011-02-03,37.43633270263672,37.77257253846147,36.44739245285894,36.77868653113266,4160590
2011-02-04,35.577125549316406,37.67862367298365,35.240885698629334,37.38688809720772,7507980
2011-02-07,35.582061767578125,36.24465354828075,35.41394377356074,35.77490477130716,9753440
2011-02-08,33.42123031616211,36.02214394810904,33.1344405418467,35.63151213899002,10528680
2011-02-09,35.20132064819336,35.8589628837223,32.931701377399406,33.14926938547298,21727000
2011-02-10,35.89852523803711,36.65012183423144,34.331056069108975,35.11231966140064,11740160
2011-02-11,37.39182662963867,37.826958916589696,35.206266136241425,35.9479712130373,9114040
2011-02-14,39.3746452331543,39.65649298577049,37.490715716851646,37.490715716851646,10284060
2011-02-15,40.68004608154297,41.238799607504795,38.81589580288693,39.35981205963621,15025430
2011-02-16,40.487213134765625,40.94212852426328,39.577389900785775,40.63555568367908,16082920
2011-02-17,40.72949981689453,41.02618109560028,40.052074482968905,40.447652036247995,8600330
2011-02-18,40.3982048034668,41.59482528717189,40.15591551591195,40.942124919927025,14736990
2011-02-21,40.75916290283203,41.041010656439845,40.10646264329254,40.40314389353653,7122810
2011-02-22,40.42787551879883,40.991571118261035,39.661445372113995,40.53665954194195,9392170
2011-02-23,40.34381103515625,40.72455510009991,40.07680051825692,40.353702549119774,9556200
2011-02-24,39.760337829589844,40.39820086302622,38.64283448001021,40.0026270935118,53535730
2011-02-25,39.953189849853516,40.53666478097912,38.44010861718427,39.75540103425862,7637020
2011-02-28,40.05702209472656,42.30191670264837,39.75539504519806,40.348757630086126,13085310
2011-03-01,40.9816780090332,41.51570658958585,40.27953141562543,40.62071697084082,10168620
2011-03-03,41.02618408203125,42.12885027311396,40.05207739849145,40.99157132653779,14635260
2011-03-04,41.45635986328125,42.252456805054045,41.050894644754635,41.53547686811885,9916590
2011-03-07,41.16462707519531,41.47614181387817,40.1509620766533,41.23879832893123,9769130
2011-03-08,41.85194778442383,42.227746106150406,40.64543956717436,40.8481741132727,7740850
2011-03-09,42.69749450683594,43.206798131598084,42.02007285050509,42.02996059309421,16325410
2011-03-10,42.22774124145508,42.554089498971486,41.68382496392311,42.42553000760496,7493580
2011-03-11,41.560211181640625,41.926117979684236,40.808614557407644,41.63437867465082,11125330
2011-03-14,42.13874053955078,42.49475959837237,41.07562912015503,41.33769765720222,6197810
2011-03-15,41.184410095214844,41.53548337100704,40.749277818002064,41.041013330876005,7410400
2011-03-16,41.911277770996094,42.02994951332007,41.23879827698244,41.481087517875004,3498760
2011-03-17,42.23762893676758,42.71726546810112,41.13990486969637,41.53548240157125,10423650
2011-03-18,41.79755401611328,42.81121915897887,41.54043124206103,42.81121915897887,11536680
2011-03-21,41.609657287597656,42.0546811066242,41.248692475357444,41.93106358870057,8177910
2011-03-22,41.64427185058594,41.93106541002775,41.44648305881547,41.53548782648681,3844080
2011-03-23,42.791439056396484,42.96944857818008,41.555263917625524,41.555263917625524,24231790
2011-03-24,44.12651062011719,44.43802919718607,42.920006142723224,42.920006142723224,8865690
2011-03-25,44.83360290527344,44.99677894310627,43.636986172847564,44.363857820914326,22838820
2011-03-28,44.75448226928711,45.3824575306137,44.418242507019805,44.89787902683563,10154800
2011-03-29,45.11544418334961,45.37257070985768,44.62097415661077,44.69019965855366,8480170
2011-03-30,45.402244567871094,45.64947961861588,44.87810746749456,45.23906852897774,6533000
2011-03-31,45.27862548828125,45.78792907173213,44.734709149814506,45.41213075119749,14504530
2011-04-01,44.6011962890625,45.68903264520246,44.314406531745696,45.19950835981835,5088380
2011-04-04,45.604976654052734,45.88682444575968,44.131454171395916,44.50230672745807,7293170
2011-04-05,45.105560302734375,45.98571642204987,44.660536486084055,45.98571642204987,4895620
2011-04-06,44.5517578125,45.41708053716429,44.31935624856036,45.14512423006013,6823450
2011-04-07,44.062225341796875,44.878101658143116,43.80015682553268,44.47263637830839,8135120
2011-04-08,43.725990295410156,44.40341567814223,43.42436323811764,43.963337598979194,3159370
2011-04-11,43.7803840637207,44.20562866081696,43.53314900831626,43.53314900831626,6882660
2011-04-13,45.085784912109375,45.29346145351287,43.419419278449794,43.612262320111256,7356950
2011-04-15,44.695152282714844,45.560474962468156,44.433083731876465,44.89294107830281,6937590
2011-04-18,44.477577209472656,44.96710525009442,44.00783219504516,44.79898348000527,14968080
2011-04-19,43.770484924316406,44.37868471456953,43.51336217138851,44.106724691995595,4428230
2011-04-20,45.52585983276367,45.66925660777651,43.864440072452055,44.131454366699344,5535140
2011-04-21,45.63959503173828,45.94122211630021,44.99678234635863,45.575311499695665,3325760
2011-04-25,46.445579528808594,46.71753960970404,44.91766486320022,45.09567441205766,5087940
2011-04-26,45.89176559448242,46.45051918317756,44.80887871580834,46.381293675774,5902370
2011-04-27,45.29346466064453,46.42085599095739,44.9572248101558,45.8917730851524,4678890
2011-04-28,43.63698196411133,45.886822203275145,43.24140441464062,45.51596966533653,8504580
2011-04-29,42.5343132019043,44.22540368616138,41.6442693511183,43.810046871122154,5758810
2011-05-02,40.85311508178711,43.023838203455156,40.581155057315605,42.96944619856085,7117370
2011-05-03,40.79872512817383,41.85194498293137,40.38336832196192,40.91739688458847,15754390
2011-05-04,40.838279724121094,41.594822071480074,40.67510747430526,40.84322548093585,13006030
2011-05-05,41.7332649230957,42.02005840216767,39.83449833571227,40.823438244920666,28447250
2011-05-06,42.74693298339844,42.96450100583094,41.93600242843164,42.02995294221058,8214660
2011-05-09,42.415645599365234,43.10295875317344,41.812391459186514,43.01889973954396,2874130
2011-05-10,41.74810028076172,42.6134227399262,41.44647329319529,42.524417993226166,4114360
2011-05-11,41.901397705078125,42.22774980125486,41.33770205941622,42.22774980125486,5270410
2011-05-12,40.783897399902344,42.33653328412982,40.54655008098831,41.89645517651483,7840950
2011-05-13,41.53054428100586,41.93106764311089,40.744338601795,40.744338601795,7991010
2011-05-16,40.655338287353516,41.80250893949753,40.55644198910349,41.337705768992514,2805110
2011-05-17,40.581153869628906,41.17451637701018,40.30425186918522,40.54654111957345,8310280
2011-05-18,40.59599685668945,41.115192001402036,40.50205009743773,40.59599685668945,3425380
2011-05-19,40.516883850097656,41.04102098316207,40.442712575747024,40.843232175729625,6805180
2011-05-20,41.233856201171875,41.614600243351155,40.55148890626922,40.744331919448385,5735630
2011-05-23,40.50699234008789,41.13991350594743,39.943296690962505,40.91740345537447,9664070
2011-05-24,40.76905822753906,41.23880708594609,40.34875939712775,40.447655680611724,5773980
2011-05-25,41.68383026123047,41.93106530721047,40.5663267970988,40.5663267970988,27207530
2011-05-26,42.31674575805664,42.62331475997199,41.48603596293505,41.69865822515388,12498650
2011-05-27,43.325469970703125,43.612259751341306,42.12884950439082,42.12884950439082,14282700
2011-05-30,42.96945571899414,43.90894973508989,42.638161632149625,43.167244528568155,4150520
2011-05-31,43.65675735473633,44.007830606876894,42.96944434705868,43.11778308560027,5871710
2011-06-01,43.62215042114258,44.19079175930049,43.41447389599153,43.62215042114258,1646790
2011-06-02,42.72715759277344,43.51336313868033,42.44530605083664,43.29579511578469,6177860
2011-06-03,43.07823944091797,43.45897978427177,42.722220340764544,42.722220340764544,6570940
2011-06-06,43.8001594543457,43.89905195877461,42.75188155386603,42.75188155386603,10834850
2011-06-07,44.27980041503906,44.46275194362955,43.41447771168269,43.454032453873204,11511330
2011-06-08,44.037506103515625,44.70009800229972,43.74082479663793,44.10673161603684,8603030
2011-06-09,43.468868255615234,44.502308952713555,43.26613370402706,43.81499581624446,2317150
2011-06-10,43.56281280517578,43.83971861217675,43.05845498913267,43.567758562222394,8441650
2011-06-13,43.869388580322266,44.205628404623944,43.24140943063018,43.24140943063018,7458040
2011-06-14,44.29956817626953,44.690199952664834,43.92377366967985,43.92377366967985,47162060
2011-06-15,43.42930603027344,44.48252589403101,43.25129650787678,44.31934986974955,2872370
2011-06-16,43.518306732177734,44.368795754850595,42.524420953588475,42.524420953588475,7738440
2011-06-17,43.50347900390625,44.28968461498232,43.21668545404528,43.88916506009506,39317990
2011-06-20,42.8458366394043,44.10673318151429,42.45520479202279,43.414478031732,11444070
2011-06-21,43.03867721557617,43.810049351090775,42.75682941432988,42.75682941432988,5015600
2011-06-22,42.568931579589844,43.51337133644594,42.336533787949385,43.46392507806516,3598210
2011-06-23,42.92494583129883,43.167238883281804,42.17335298021802,42.62331878495861,4031920
2011-06-24,44.25506591796875,44.45285467657276,43.04855788574039,43.04855788574039,10445040
2011-06-27,45.09566116333008,45.253891407771334,44.00782870435978,44.17594668860698,12145920
2011-06-28,45.56047058105469,45.96593587538928,44.70503949822413,45.0956675219978,11846970
2011-06-29,45.9263801574707,46.228007211257726,45.412130816137214,45.89176740240534,5688480
2011-06-30,47.404842376708984,47.81524962794571,45.69397655294816,45.78792329184224,15457360
2011-07-01,46.816429138183594,47.86470710647894,46.64336535798347,47.76581082314496,4137900
2011-07-04,48.27511215209961,48.94264977257162,46.92026520043326,47.340564010447544,7680730
2011-07-05,47.87459182739258,48.547071421596364,47.32572975017468,48.45806665846624,4228260
2011-07-06,47.35044860839844,48.03281585537008,47.13782635591711,47.86469786492319,2514650
2011-07-07,48.31467056274414,48.556959843127885,47.15266664130357,47.27133840297007,5112430
2011-07-08,47.558128356933594,48.55695617276546,47.271334829786234,48.359171175774044,6721050
2011-07-11,47.71636199951172,47.90425926897195,47.22683768400529,47.46912696324482,5740460
2011-07-12,47.097633361816406,47.74110899810269,46.478904609760015,47.038234042107575,5885220
2011-07-13,48.538028717041016,48.874617286916276,46.99863138180184,47.508467011911115,35598220
2011-07-14,49.25575637817383,49.63689160326375,48.260839551559364,48.31033709325125,52633700
2011-07-15,48.40439224243164,49.19636435618128,48.25094870751103,48.929073059711854,5816960
2011-07-18,48.354896545410156,48.696432290295704,47.736167717779956,48.696432290295704,4026990
2011-07-19,49.56760025024414,49.98338795858033,48.15689937207294,48.21134780740769,13882780
2011-07-20,48.57268142700195,50.38432105685129,48.330140809423774,49.805191841310865,7337390
2011-07-21,47.117435455322266,48.75582806299464,46.83529528154755,48.468737001561905,17525440
2011-07-22,48.06779861450195,48.41923608535369,47.132281062528335,47.27582658325716,7782950
2011-07-25,48.19154739379883,48.349941810011295,47.19167957311573,48.10245029865301,6668690
2011-07-26,46.14231491088867,48.50833299777747,45.82057521225196,48.34993859210686,11418310
2011-07-27,45.875022888183594,46.52344938565952,44.860306265281466,46.42940518711643,8626120
2011-07-28,45.3849983215332,46.32051600986251,44.94446369693034,45.93442982438325,16303020
2011-07-29,44.05844497680664,45.38499978131833,43.692154778844355,45.38499978131833,13810340
2011-08-01,44.96426010131836,45.51369160911832,44.28613571481329,44.44948103365568,7768960
2011-08-02,45.330543518066406,45.50378681076334,44.17723223516596,44.67716611673758,17064550
2011-08-03,45.399845123291016,45.89482816427513,44.59797123738521,44.602922125192904,11710380
2011-08-04,44.72171401977539,45.83542578783166,44.57322138322028,45.602783169832605,10082140
2011-08-05,43.533748626708984,44.44947009871452,42.816024864974025,43.36050535074746,15642440
2011-08-08,43.385257720947266,44.84545595993654,41.90030882309228,41.90030882309228,8259400
2011-08-09,44.35543441772461,44.64747262432833,42.073562100512525,42.46955007790937,12620100
2011-08-10,45.4493408203125,45.88987540672551,44.64746696707833,45.439442821521304,10147990
2011-08-11,46.5482063293457,47.231281576694236,44.85536520999002,45.033559409545454,8778920
2011-08-12,45.38993453979492,47.32036878031795,44.964248905038865,47.32036878031795,5205500
2011-08-16,43.80600357055664,46.013627704105666,43.57831180177854,45.63743949740123,3424910
2011-08-17,44.102989196777344,44.91971198821083,42.59824026488329,44.05349164684037,8423460
2011-08-18,43.06847381591797,44.543521107172104,42.57843790495231,44.053488972627214,7953750
2011-08-19,42.905128479003906,43.736700106652236,41.98445975637823,42.12800528586511,9733850
2011-08-22,42.583396911621094,43.31597358572424,42.123062462182986,42.816039580621855,8447480
2011-08-23,42.57349395751953,43.45951408620706,42.37054909066873,42.731888385326066,6623180
2011-08-24,42.4547004699707,43.311022927768036,42.172560243098104,42.172560243098104,8410520
2011-08-25,41.8706169128418,42.96453284258741,41.4795836030015,42.93978217802583,8923480
2011-08-26,41.0390510559082,42.3161045969668,40.68760972804164,41.87556993554812,9736230
2011-08-29,43.68721008300781,43.95450141396933,41.08359788268315,41.281591880775544,9394420
2011-08-30,43.82579803466797,44.449477711364274,43.098172374592416,44.449477711364274,7366350
2011-09-02,43.860450744628906,45.38994663951216,43.370418555913645,45.137507989325584,8707100
2011-09-05,44.17228317260742,44.370277133763395,43.38031110440424,43.72679770411166,7426540
2011-09-06,45.424591064453125,45.72653101528541,43.113021217489276,43.791149329040955,10701290
2011-09-07,46.38981246948242,46.5482068958571,45.43944591123437,45.87998052760209,8622580
2011-09-08,46.49375534057617,46.924391928607626,45.63743305212395,46.42940890732029,5880990
2011-09-09,45.50873947143555,46.627398362966666,45.251346189609826,46.56305193072058,5546900
2011-09-12,44.92961120605469,45.513691374560715,44.39008147719477,44.840514103183565,7023540
2011-09-13,45.875022888183594,46.498702502430476,44.944456242237486,44.944456242237486,11632180
2011-09-14,46.181915283203125,46.42445589513646,45.37014346755556,46.132413962203174,5678480
2011-09-15,47.51837158203125,47.74606332602464,46.18191889185497,46.18191889185497,18401420
2011-09-16,46.592750549316406,47.97870452291157,46.37990769858045,47.716364125208806,13295440
2011-09-19,46.889747619628906,47.12238648902983,46.033425251708394,46.162121906584204,5399950
2011-09-20,47.45896911621094,47.656963073312845,46.58285085979233,46.7263963842807,5669840
2011-09-21,47.57282257080078,48.013357195532706,47.16693660948302,47.28573148741427,5618800
2011-09-22,45.23154830932617,46.92439315650631,44.95930990634676,46.62740031482572,5029040
2011-09-23,45.018707275390625,46.122521148040484,44.15248693041615,44.959311725787536,10469100
2011-09-26,45.330543518066406,45.6720792161202,43.96934028392964,45.09295001921022,4749600
2011-09-27,46.36011505126953,46.577905028946816,45.58793891238505,45.63743646292893,5837550
2011-09-28,45.711673736572266,46.21655844997819,45.01374975517248,46.0581640602944,5561930
2011-09-29,47.161983489990234,47.51837188334265,45.21669998995906,45.35529463705813,6920130
2011-09-30,45.50873947143555,47.10258537919558,44.87021093082493,47.10258537919558,5165080
2011-10-03,44.17723846435547,45.028609938708236,43.756503615217255,45.02365905067007,4841940
2011-10-04,43.6921501159668,44.94446034602033,43.26151729954083,44.127737596479605,7082050
2011-10-05,42.50913619995117,44.33562457182461,42.033953000850026,43.66739831610176,8319300
2011-10-07,44.22673416137695,45.03850605023501,43.657502906326,43.657502906326,5758420
2011-10-10,44.989009857177734,45.231550498295114,43.85549820074197,43.86044908872181,2465240
2011-10-11,44.85536193847656,45.83542618812979,44.682114863018256,45.33054517716005,4466430
2011-10-12,46.64224624633789,47.013483468438444,44.984050299819195,45.38993617825898,5430030
2011-10-13,46.91449737548828,47.31543247599705,46.3650658351652,46.924399152233946,7026590
2011-10-14,47.06298828125,47.50352288409709,46.2512163989416,46.44920659351759,79378380
2011-10-17,46.73134994506836,47.55797070360486,46.280913572483044,47.55797070360486,3600140
2011-10-18,46.00373077392578,46.81055187182444,45.736439445294124,46.41951476751634,5051480
2011-10-19,47.06298828125,47.12238382905444,46.17201729997449,46.34526060843893,3895270
2011-10-20,46.706600189208984,46.825395062002976,45.72653210350103,46.533356879630055,3340830
2011-10-21,46.11756896972656,46.94914062869145,45.959174547848534,46.90954107911672,2532060
2011-10-24,46.612552642822266,47.211481676691015,46.42941133228992,46.498708656775825,4019220
2011-10-25,49.072608947753906,49.85963379536661,46.03341396245389,46.681840413040455,26287510
2011-10-28,50.52787780761719,51.47824449189564,49.4042640101615,49.99824602015166,14336220
2011-10-31,50.725860595703125,50.81495768868164,49.76559234653704,50.53281374723246,6924040
2011-11-01,49.95863723754883,50.99314995484572,49.21616269450178,50.156631204312205,5910030
2011-11-02,49.66164779663086,50.270474802487634,49.25576186725275,49.4240542830438,6403350
2011-11-03,49.96359634399414,50.092289233601974,48.74098745776966,49.43891167930009,4527760
2011-11-04,49.71609878540039,50.48827113548844,49.30526194727057,50.14178451081328,4098450
2011-11-08,49.43889617919922,49.99327844823549,48.64692420659043,49.70618742803348,5116230
2011-11-09,48.89442443847656,49.854692751434655,48.68653246652303,49.70619632779875,6512080
2011-11-11,49.50819396972656,49.894283850502426,48.508330052713916,48.55782759340202,11061870
2011-11-14,49.73094177246094,50.56251334944224,49.55274759336348,49.99328215379317,8238200
2011-11-15,48.64198684692383,50.18633545530772,48.08760820013573,49.696303251044306,3763970
2011-11-16,48.632080078125,49.300306377349465,47.686660729064286,48.023249322392104,5697750
2011-11-17,47.30552673339844,48.83997332918483,46.63730041644218,48.70632957636187,3509060
2011-11-18,47.018436431884766,47.320376378892234,45.81562753149688,47.320376378892234,3686480
2011-11-21,45.69683074951172,46.82539139369534,45.34044238262834,46.82539139369534,3435290
2011-11-22,44.73655700683594,46.696689006981906,44.55836284532993,45.63742581159626,3771480
2011-11-23,43.70204544067383,44.92465394068919,43.33080822535355,44.3207741328743,12998980
2011-11-24,43.781246185302734,44.444525389431185,42.38539423344994,43.66740220659861,11803530
2011-11-25,44.26633071899414,44.79596238844154,43.14272094833457,43.65749995529409,6948910
2011-11-28,46.35516357421875,47.023389939122076,44.56332356650065,44.84546375507854,5015240
2011-11-29,45.048404693603516,46.80559210919854,44.74646475608622,46.80559210919854,7096590
2011-11-30,46.20170974731445,46.51850233023921,44.44947331352153,44.54846839939645,8502880
2011-12-01,47.39957046508789,48.40933618132943,46.77589086285215,47.42926823495899,6795130
2011-12-02,49.087467193603516,49.30031005196071,47.04813948475136,47.7658633825214,5674390
2011-12-05,48.62712478637695,49.127058631867186,48.16184337334571,49.05281043280701,5048860
2011-12-07,48.73603057861328,49.597300026956866,48.498440829756206,48.90432677910626,8956250
2011-12-08,47.924259185791016,48.75583086841059,47.33028103095746,48.6073344414917,5509310
2011-12-09,48.399436950683594,48.889469061411845,46.94418572779418,47.221378774700135,5436520
2011-12-12,47.96385192871094,49.196358502085474,47.46391805722485,48.70632640507977,7323070
2011-12-13,48.15195083618164,48.49844123945495,47.023390078524415,47.483724469297336,10247270
2011-12-14,48.33013916015625,49.042915878910584,47.8203072813219,48.15194498046767,8242950
2011-12-15,47.8648567199707,48.31034219508407,47.33027792625543,47.81535917305161,5229040
2011-12-16,47.671810150146484,49.10231067688091,46.553151321350335,48.09749582001422,8547630
2011-12-19,46.305660247802734,47.71636101471124,46.0433160907807,47.32037311194861,8230880
2011-12-20,44.05844497680664,46.79570080302898,43.558511008964906,46.52840948684887,16394300
2011-12-21,46.0086669921875,47.300572886471045,42.99422242313956,45.29094317377242,17574750
2011-12-22,45.7908821105957,46.28586515084214,44.77616536752215,45.86017943411653,9822810
2011-12-23,45.24639892578125,46.216565175834425,44.75636302502804,45.93442501013743,5507470
2011-12-26,45.870079040527344,46.013624580398975,45.06325801616716,45.53844129828307,3109390
2011-12-27,44.80585479736328,46.033414170193325,44.533616441778776,45.939366201606205,3335660
2011-12-28,44.974159240722656,45.3206458575704,43.75650141754518,44.543522637136846,10268800
2011-12-29,44.147544860839844,45.11771130484019,43.7812546398233,44.65737686073795,5020010
2011-12-30,42.62298583984375,44.35047542844156,42.26659748056866,44.35047542844156,6473410
2012-01-02,41.75182342529297,42.91503294652745,41.39048787972351,42.85563739187018,4823830
2012-01-03,44.54352569580078,44.90981588895855,42.1230587701876,42.1230587701876,10769640
2012-01-04,43.494163513183594,44.44948098478883,43.2120233156847,44.44948098478883,6101590
2012-01-05,44.09803771972656,44.35048013037988,42.77148678288553,43.55850801270578,13980350
2012-01-06,44.939510345458984,45.63743446331642,43.657502316943976,43.657502316943976,9397930
2012-01-09,44.86525344848633,45.22164177006165,44.0683306117471,44.26632454333563,6601920
2012-01-10,46.181915283203125,46.50365121117934,45.06325264889052,45.142447964933396,5396280
2012-01-11,46.058170318603516,46.52345177728501,45.43944155976371,46.18191607037148,4660650
2012-01-12,46.25616455078125,47.32037886445926,45.68693706393994,45.761181500365524,11423490
2012-01-13,46.780845642089844,47.112483354643636,45.63743231345677,46.52345236039086,6698300
2012-01-16,45.672088623046875,47.02339413724791,45.24145574627857,46.41456326731921,6325000
2012-01-17,47.20158004760742,47.44412066465691,45.9344247528273,45.9344247528273,10071200
2012-01-18,45.800777435302734,47.49856931526465,45.152350898898554,47.30057535544348,7883060
2012-01-19,46.95409393310547,47.023391260217366,46.03342512842332,46.25616599750854,7816140
2012-01-20,48.93401336669922,49.32505033940253,46.58284442014063,47.320367937558224,16463680
2012-01-23,47.25107955932617,49.498302967207906,46.949139609112535,49.19141212929972,13221070
2012-01-24,49.082523345947266,49.34981088219608,46.79074930036672,47.43917591773464,13692480
2012-01-25,49.057769775390625,49.30031040946593,47.71636617980137,49.290412410214685,10625870
2012-01-27,48.80037307739258,49.69629489225015,47.86485549186813,49.547798478882186,7575320
2012-01-30,47.3599739074707,48.91917112317188,47.02833620159596,48.17669661821138,5218110
2012-01-31,49.334964752197266,49.49831008180836,47.39958279173767,47.51837767853603,5268360
2012-02-01,50.58231735229492,50.68626333605765,48.706331203996186,49.300309333046286,13715010
2012-02-02,50.59221649169922,51.02285309964082,49.32506110707236,50.78525957681281,14577840
2012-02-03,51.34954071044922,51.47823736125022,49.493354267134904,50.61201702103688,10452210
2012-02-06,51.5079345703125,51.97321984211567,50.790210664013564,51.874224743460964,4896380
2012-02-07,53.0126838684082,53.309672942948616,51.18124809505818,51.67623114476586,10807900
2012-02-08,52.78499221801758,53.35917436944076,52.1910140678193,52.86419131880187,7464160
2012-02-09,54.561981201171875,54.94311647364315,52.29495801150398,52.29495801150398,11212860
2012-02-10,54.1214485168457,55.339110225048266,53.58191876871588,54.54713427060924,21092230
2012-02-13,56.1063232421875,56.42806295290487,53.90365036555904,54.448130919469605,9665800
2012-02-14,55.423248291015625,56.37361476485358,55.19060567184869,55.96277795978944,6943250
2012-02-15,56.79930114746094,57.00719310806492,55.462848513383086,55.834085775784786,10818830
2012-02-16,56.87355041503906,57.35863166548763,55.923183911922,56.428064936571445,7222870
2012-02-17,57.031944274902344,57.814018354300664,56.73000433002604,57.41803042699447,8771010
2012-02-21,57.06163787841797,57.90805832917988,56.363713833650976,56.908194361598234,18210240
2012-02-22,56.17068099975586,57.62592867195605,55.75984414125891,56.91810272381137,9462890
2012-02-23,56.17561721801758,56.8240474883431,55.00250997493252,55.83408153054214,16098510
2012-02-24,54.60157775878906,56.99234674066074,54.11154560815889,56.31916950630655,7300590
2012-02-27,53.779911041259766,54.61642985740109,52.49295582099372,54.61642985740109,6492340
2012-02-28,54.566925048828125,56.13107314684813,53.85415209436158,53.85415209436158,12303520
2012-02-29,54.22538375854492,56.01227251264573,53.58190441208117,55.04210260604555,6468780
2012-03-01,54.92331314086914,56.82404982163301,53.60666032666854,53.75515296058378,6165280
2012-03-02,55.982582092285156,57.056694402382895,54.274892083630604,55.438101493614205,9660620
2012-03-05,55.309410095214844,55.81429496798166,54.95797255018999,55.576701420252334,8292610
2012-03-06,54.512481689453125,56.32907234478412,54.07194707906722,55.042113399491285,6377420
2012-03-07,54.66098403930664,55.14111825189775,53.80466161224909,54.25014715879865,4649110
2012-03-09,55.28465270996094,55.913279460968276,54.61147552502834,55.48759377707205,7294430
2012-03-12,55.62124252319336,56.527058566787545,55.126259510256794,56.527058566787545,5840870
2012-03-13,56.37361526489258,56.92304671354568,55.74003761004739,55.93308068374488,7809630
2012-03-14,56.660709381103516,56.9972980004776,56.01228280500585,56.97254733782709,8147520
2012-03-15,55.31930923461914,57.01215043606347,54.359040865607746,56.527065363435334,6143670
2012-03-16,53.3740119934082,56.12116507887969,52.987925899611575,55.294544465092535,6773730
2012-03-19,52.616695404052734,53.25027305178837,51.97321598133461,53.06217709132765,4940270
2012-03-20,53.33937454223633,53.61656384186912,51.631680753344654,52.36920821710058,7998500
2012-03-21,53.93830490112305,54.10165021801725,52.963187664199666,52.963187664199666,7816340
2012-03-22,51.2455940246582,54.00264943317726,50.686264543537646,53.943253884709804,6366130
2012-03-23,52.032615661621094,52.72558885835891,50.88920233416232,51.676227288201254,7070510
2012-03-26,52.58205032348633,53.339373775106175,51.785127322082474,51.97321951892514,9089960
2012-03-27,53.38886642456055,54.12143914623101,52.54739683918812,53.44826574378541,7788810
2012-03-28,51.59208297729492,53.33442158460536,51.32973879869919,53.33442158460536,6770030
2012-03-29,51.93361282348633,53.08692406141794,50.537760985235934,50.75060381551335,9613000
2012-03-30,53.98780059814453,54.56692985478659,51.87917176783388,52.2504090517974,4749110
2012-04-02,55.0421142578125,55.41830243736838,54.076898810212356,54.076898810212356,7339110
2012-04-03,55.383644104003906,55.794480874649715,54.987656218202105,55.43809253271216,8473270
2012-04-04,54.5372314453125,55.27970600459171,54.329339475055335,55.27970600459171,2888280
2012-04-09,52.86418914794922,54.83421949379753,52.56719630862503,53.864053207555415,3833690
2012-04-10,54.15610122680664,54.40359276969177,52.81964462937418,53.11663372555209,5758970
2012-04-11,55.27475357055664,55.8637845795621,53.23047503403887,53.80465338008067,6648900
2012-04-12,56.180572509765625,56.418166019890194,55.2747526810205,55.62124305926797,6446960
2012-04-13,57.5665283203125,57.80906894938736,56.18552520334848,56.37856828434573,11494490
2012-04-16,57.804115295410156,58.309000080334435,57.32398117155065,57.32398117155065,4895150
2012-04-17,57.62592315673828,58.55154277769933,56.64585887705792,57.764517800214634,8060110
2012-04-18,57.3784294128418,58.30404899782659,57.07648947568068,58.01200705920588,4354780
2012-04-19,58.85843276977539,59.37816267535468,56.87354980052875,57.81401829459414,4576890
2012-04-20,58.61589813232422,59.67021455828944,57.942720810344056,59.17028056702004,4972400
2012-04-23,57.51207733154297,59.03662213733133,56.86859790583557,58.99702636647941,3532050
2012-04-24,56.393409729003906,58.254546747194034,55.76478302089312,57.616018264921934,9159370
2012-04-25,55.947933197021484,56.9230504038186,55.19060973935456,56.43796535614345,6682850
2012-04-26,57.70017623901367,58.00706710150069,55.675697298196724,55.9479357204674,8003790
2012-04-27,57.7298698425293,58.50699305413391,56.8240537612267,57.8635173763814,3739370
2012-04-30,57.695220947265625,58.4871968188583,57.333885449040736,57.37348499790454,3964800
2012-05-02,58.07140350341797,58.794078206534024,57.625918062751786,57.76946358121202,2873090
2012-05-03,57.63087463378906,58.58124114999247,57.19529092463438,57.596225972565634,11941980
2012-05-04,55.839027404785156,57.22498122558351,55.37374598288799,57.220030338506426,8603270
2012-05-07,57.13093948364258,57.39823076864977,54.77482301832727,54.943115433098036,6158870
2012-05-08,54.99260711669922,57.596218591798376,54.151137579721265,57.596218591798376,11306790
2012-05-09,52.819637298583984,54.44813187792139,52.21081030238101,54.11649416282412,9033620
2012-05-10,53.62151336669922,54.834220298186416,52.83448837321819,53.33937318633905,6618240
2012-05-11,53.6710090637207,54.745121311861695,52.62164370075219,53.062178286882286,6031250
2012-05-14,53.557159423828125,53.93829845100339,52.468198327597186,53.48291499450104,5874830
2012-05-15,53.89870071411133,54.28478686525783,53.0225824308497,53.06217820234674,5330800
2012-05-16,54.764915466308594,55.38364417844279,52.92357821476996,52.963177758687436,13613820
2012-05-17,53.69575500488281,55.53708850707129,53.25026957031285,54.943110445258284,5761380
2012-05-18,54.55702590942383,55.06685778627396,52.77508789589368,53.042379164386276,7350270
2012-05-21,55.804386138916016,56.27956939790146,54.45803168358017,54.45803168358017,7334320
2012-05-22,54.561981201171875,56.32907047183492,54.15609526656756,56.081578956187876,8009840
2012-05-23,52.74538803100586,54.33923391818232,52.42859920855819,54.230337052387064,10275240
2012-05-24,53.963050842285156,54.250141919716526,52.30980925592981,52.94338696031559,8046340
2012-05-25,53.86899948120117,54.34913358370664,53.2601687444399,53.65615664534062,3658600
2012-05-28,54.92826843261719,55.24010638762207,53.715557721423075,53.98284901560764,3580210
2012-05-29,55.383644104003906,55.72023267400933,54.54712167786829,55.09655307561862,4280780
2012-05-30,54.60157775878906,55.042112360862205,54.26994002939394,54.94311726374813,3382080
2012-05-31,55.784584045410156,56.03207555186969,53.60171092217585,53.94325040954462,10408390
2012-06-01,53.76010513305664,55.784583835599435,53.557160285841185,55.784583835599435,4369070
2012-06-04,54.16598892211914,54.44812907627575,52.66619106179083,53.29976868681475,5439500
2012-06-05,54.26498794555664,54.94311605274617,53.50766451770558,54.44813302524395,4822800
2012-06-06,56.17561721801758,56.368660277675126,54.55207365145127,54.65107251308363,12141980
2012-06-07,55.9627799987793,56.52706034920629,55.566795841796235,56.452815916061276,7465180
2012-06-08,56.83395004272461,57.22003619299258,55.220304344743916,55.834086006810644,6441100
2012-06-11,57.1061897277832,57.61602161050503,56.764650251372416,57.02699063557525,6571910
2012-06-12,58.07140350341797,58.30899699724676,56.64585386970664,56.72504918336926,9029810
2012-06-13,57.987266540527344,58.70003958272534,57.81402322389662,58.01696431582945,7025720
2012-06-14,56.24987030029297,58.061509972925734,56.032076562226756,57.54672717703698,5855650
2012-06-15,57.52692413330078,57.98725846850868,56.34391508044553,56.34391508044553,9345020
2012-06-18,56.35382080078125,58.338703934945265,55.99743239224675,58.106061291795186,12353660
2012-06-19,55.997432708740234,56.33897223158634,55.25001100061712,56.27957290435451,7113980
2012-06-20,56.32411575317383,56.69535300139425,55.73508477754283,56.13107268621285,5788400
2012-06-21,57.13093948364258,57.22003657864498,55.74498928811959,55.933081476937645,6271390
2012-06-22,57.91796875,58.10111006479093,56.52706378722802,56.52706378722802,8172460
2012-06-25,56.65576171875,58.21000825587998,56.48746928769238,58.18031048014537,5685110
2012-06-26,57.46257781982422,57.66057178600512,56.67060573152143,56.77950260174196,6780490
2012-06-27,56.49736785888672,57.91301975501181,55.893487903367756,57.86847309095934,11834320
2012-06-28,57.007198333740234,57.41803518146592,56.27957262850636,56.63596103730834,10468240
2012-06-29,58.63568878173828,58.84358074622847,57.106193044733715,57.106193044733715,7870560
2012-07-02,59.284114837646484,59.59595655817555,58.729736270342826,58.729736270342826,5846580
2012-07-03,59.6504020690918,59.99688865667464,58.912874684004564,59.44745722749287,13267020
2012-07-04,59.03662872314453,59.7939559876389,58.774288301934426,59.71970777232521,5790360
2012-07-05,59.44746398925781,59.595960415924154,58.44264899455578,58.9772315988494,4635000
2012-07-06,59.72988510131836,60.22040735064685,58.83306719029008,59.45737064047041,8223420
2012-07-09,59.11549377441406,59.48215030797646,58.60515191144256,59.35828077695627,3882890
2012-07-10,59.37314224243164,59.65556461113572,58.73893087272408,59.120447350370746,6386240
2012-07-11,60.16590118408203,60.73570171108265,59.11053427352089,59.328542050136846,10014970
2012-07-12,59.848793029785156,60.13617120083065,59.34340331102273,59.903295916714384,3532400
2012-07-13,59.734832763671875,60.448322368504314,59.4573662641026,59.908253106100204,3259850
2012-07-16,58.94206237792969,59.94293005401744,58.699279216584436,59.5564540389695,4289750
2012-07-17,58.77855682373047,59.56636885023993,58.26821506212742,59.45736307976213,3600210
2012-07-18,58.88261032104492,59.219535550106805,57.99570792797375,58.847927008356095,2946670
2012-07-19,57.47545623779297,59.74969876925902,57.1137555826647,59.46727641998812,29737680
2012-07-20,55.795780181884766,57.07906644027724,55.30525800012445,56.880878256267174,13618600
2012-07-23,54.66609573364258,55.488587354560096,54.20530098270162,55.29535121192656,12599090
2012-07-24,53.93278884887695,55.35976815439702,53.734596858643854,54.824650914827,13213390
2012-07-25,53.38280487060547,54.10620238112162,53.12020210489316,53.56117727376809,5686550
2012-07-26,53.650367736816406,54.00711257147802,52.74364191208447,53.561181528151,13421790
2012-07-27,52.47608184814453,54.661138072871395,51.93600881043089,54.20529917621966,13790360
2012-07-30,53.16975402832031,53.42244891932975,52.025200819944864,53.0062491272652,11029620
2012-07-31,53.090476989746094,53.59091090864051,51.980607149802005,53.41253849755335,11694940
2012-08-01,54.99311447143555,55.19626231140365,53.02111370692498,53.2638969228154,10405540
2012-08-02,54.99311447143555,55.37463473374705,54.50259220009018,54.998070311000085,15504750
2012-08-03,54.215213775634766,54.998070095045996,53.912971826750656,54.532319462956124,11886500
2012-08-06,55.612457275390625,55.98902166540088,54.725551080341525,54.79987354655637,11615500
2012-08-07,55.64714431762695,56.25658404518762,55.330038635380106,56.058392048733864,9071550
2012-08-08,55.9791145324707,56.27640062119581,55.24580531876424,55.493544356068114,8323220
2012-08-09,56.0732536315918,56.350723928040836,55.493545182910644,56.14262026065462,3573530
2012-08-10,57.52500915527344,57.87184610847341,55.171488077937205,55.88993362229553,10363550
2012-08-13,57.84210968017578,58.218674077344176,57.00970635918116,57.47545696146319,14785530
2012-08-14,58.084896087646484,58.406953810531185,57.386270191104785,57.97093446771357,9162590
2012-08-16,58.074989318847656,58.694336961673265,57.75292778853874,58.16913137022051,3954750
2012-08-17,58.44163513183594,58.81324367344625,57.87183839219151,58.07002659022562,7209960
2012-08-21,58.337589263916016,58.545692934686954,57.77274454367596,58.466414625784154,7506900
2012-08-22,58.842979431152344,59.0609872217157,57.8222919882049,57.8222919882049,3652370
2012-08-23,58.54073715209961,59.25917887128825,58.12948942971265,59.25917887128825,4083220
2012-08-24,57.96597671508789,58.55559681141251,57.5993240120899,58.55559681141251,18836410
2012-08-27,56.97007751464844,58.07994747643168,56.697563028849835,57.92139462474836,7683810
2012-08-28,57.12366485595703,57.569595857135745,56.28630574153241,57.3416764076883,10837320
2012-08-29,57.52500915527344,57.87184610847341,57.04439477254361,57.475462099158605,8854110
2012-08-30,58.71910095214844,59.457362140268195,57.03943077410164,57.37635597743772,11225730
2012-08-31,56.89078903198242,58.545687669622545,56.64305000923729,58.545687669622545,6871770
2012-09-03,56.955204010009766,57.57455161246832,56.63314628088953,57.202943050993184,6420270
2012-09-04,56.766929626464844,57.2475440209827,56.3110906507111,56.732246308313975,6627580
2012-09-05,56.390357971191406,56.66287242193553,55.785874120593654,56.66287242193553,4180570
2012-09-06,56.816471099853516,57.07907388007256,55.91470113635903,55.93947655268821,2282300
2012-09-07,57.1484375,57.73310176071982,56.95520135944153,57.52995772227012,5768820
2012-09-10,56.623233795166016,57.57455079173372,56.44981722498926,57.07907271682999,3954490
2012-09-11,57.8024787902832,58.10967280268104,56.13767201916645,56.37549939778426,3091300
2012-09-12,57.93625259399414,58.1195808462006,57.193035466959344,58.07003001357338,3004220
2012-09-13,57.89165496826172,58.13939399934164,57.47545521054231,57.9412057986358,2401110
2012-09-14,60.3839111328125,60.53750811818747,58.16416781219978,58.56550382182986,12192310
2012-09-17,60.076717376708984,61.63251825006938,59.64565008496986,60.978487333753534,11043190
2012-09-18,59.4078254699707,60.527607044301725,58.515963370026,60.06185641653083,4750480
2012-09-20,59.719974517822266,60.14608598430914,58.56550964280091,58.7637016379433,4364050
2012-09-21,61.68206787109375,62.03385686995598,59.64565256907596,59.952850353244834,13418520
2012-09-24,61.80098342895508,62.33114483061548,60.844710570237034,61.63747475306598,6027820
2012-09-25,63.53019714355469,63.81757532417957,61.81088767903372,61.83566309399012,9455310
2012-09-26,63.51533508300781,64.49142748696956,63.27750394582112,63.42119303992592,11405460
2012-09-27,63.88198471069336,64.20404999633568,63.43605746644454,63.63424567268947,6568980
2012-09-28,64.28827667236328,64.5013286038293,63.75315947373898,64.26350125790572,5426860
2012-10-01,63.92658233642578,64.62520066516119,63.35182596407447,64.26350379307601,2648460
2012-10-03,63.356788635253906,64.01081960316841,63.000043783628165,63.84235885667741,6400560
2012-10-04,63.381561279296875,64.65989575784903,63.02977226174768,63.520294550420715,8336360
2012-10-05,63.292362213134766,64.4715985584355,54.1953853202509,63.649110778182056,11490080
2012-10-08,62.16763687133789,63.28741841885286,61.94962530097272,63.02481185445942,3808020
2012-10-09,63.123905181884766,63.609475340755125,62.35591268189317,62.35591268189317,3020780
2012-10-10,62.29645919799805,62.72752269814341,62.15277010455036,62.62842859655078,3085070
2012-10-11,62.83653259277344,63.024812910207764,62.05863212571885,62.43024070132196,7545960
2012-10-12,62.12799835205078,63.24282407158623,61.9347621964138,62.62843228905321,7107040
2012-10-15,62.31132507324219,62.41041917823493,61.49874131566874,62.127996820788034,4395060
2012-10-16,62.321231842041016,62.990126489112285,61.95953496319553,62.89598822513485,3131360
2012-10-17,61.989261627197266,62.62347295183347,61.493783557300524,62.52933090888983,3153490
2012-10-18,63.17345428466797,63.45092079578443,61.75638669398431,62.43023717543658,5061260
2012-10-19,62.276641845703125,63.069406027348855,61.994219487860654,62.82662282363812,3719320
2012-10-22,62.777076721191406,62.895994192547164,61.59288430870972,61.8852183672117,3927210
2012-10-23,61.50865173339844,62.925719417983025,61.260912680571735,62.702755782518174,4066950
2012-10-25,62.00413131713867,62.21223121922639,60.953716347241844,61.54829235631852,17499860
2012-10-29,60.45823669433594,61.592882008138,60.260048476541755,61.08749600444611,7846810
2012-10-30,59.32359313964844,60.70597367859719,59.11053741060009,60.54742084164478,10991040
2012-10-31,59.8289794921875,60.05194312107304,58.57542052670666,59.45737092391305,3993910
2012-11-01,60.701019287109375,60.844708380732364,59.169990088310996,59.82897682727919,4264870
2012-11-02,60.676246643066406,61.280730519643626,60.46319091247276,61.042899372391105,2853200
2012-11-05,61.999168395996094,62.103218335155425,60.646515406727204,60.65147124579125,6201490
2012-11-06,62.13294982910156,62.32123013208818,61.43927978516501,61.43927978516501,3833180
2012-11-07,62.43023681640625,62.7622062160397,61.83566464451955,61.934758746434774,5249940
2012-11-08,62.162681579589844,62.43024020552297,61.82575632251085,61.97935332287699,1899020
2012-11-09,61.568111419677734,62.62347844017941,61.25100572956837,62.4302422784002,2132400
2012-11-12,61.82080841064453,62.23205619102962,61.56811727057999,61.97440921090546,1626750
2012-11-15,63.14372253417969,63.371641978620005,60.953706727658044,61.122171226712375,7519830
2012-11-16,61.72170639038086,63.322102306933814,61.04290003663833,63.322102306933814,2503480
2012-11-19,61.72170639038086,62.033856230611015,60.755525613336644,61.92485422464024,1625060
2012-11-20,61.60774230957031,62.633385558447664,61.13208380904331,62.12799580275178,4656560
2012-11-21,62.360870361328125,62.43023698889998,61.50864747379087,61.979350129485255,3618490
2012-11-22,62.22709274291992,62.702755045329084,61.70684300621913,62.578885520372054,2649170
2012-11-23,61.8703498840332,62.62347491054522,61.587927526566475,62.28159382195999,2078850
2012-11-26,62.16763687133789,62.43023965553348,61.55324509508804,61.9843086162401,1780570
2012-11-27,62.9306755065918,63.12391166614567,61.711799815483516,62.32123577093867,6300020
2012-11-29,64.53601837158203,65.19500510941836,62.97526170098984,62.97526170098984,8686510
2012-11-30,66.43866729736328,66.88955425535765,64.33288503376869,65.1058297843893,20293400
2012-12-03,66.01254272460938,66.39406296452523,65.2049185923039,66.39406296452523,4693680
2012-12-04,66.49812316894531,66.83999672798993,65.52698270735085,66.14633036999122,5899450
2012-12-05,65.7301254272461,66.77558450263723,65.40806013156131,66.58730040855677,5805870
2012-12-06,65.92830657958984,66.39405714534725,64.62519691927645,66.06703982550972,5578420
2012-12-07,65.804443359375,66.48820553704263,65.55670431649781,66.28505770738839,3622500
2012-12-10,66.75080871582031,67.03818691451949,65.58643218319395,65.90849747709272,4118550
2012-12-11,66.09677124023438,67.08772737613232,65.26437171506987,66.83998834215782,7474050
2012-12-12,65.43283081054688,66.68143762752513,65.12067721620352,66.29000572979376,7602030
2012-12-13,64.6549301147461,65.72020484286779,64.03062296545527,65.61119907268667,6873880
2012-12-14,65.87380981445312,66.1463242729752,64.70448123275474,64.83331037336278,3310280
2012-12-17,65.53687286376953,66.02739121283498,64.7441050917858,65.79947558165547,4043000
2012-12-18,65.77471160888672,66.0571377284004,64.59051936331578,65.69048124703048,4143680
2012-12-19,66.17110443115234,66.29497396113938,65.22969146701323,66.19587984922897,6278890
2012-12-20,65.60625457763672,66.19587470421065,65.21482265947958,65.79949072698153,3632300
2012-12-21,64.36756134033203,65.53193033104182,64.11486267242637,65.20492053320423,3830170
2012-12-24,64.08018493652344,64.8432179000991,63.61443430300236,64.74907584944323,3205790
2012-12-26,64.30313873291016,64.76888929515059,63.43110011365656,64.02567224316559,4445410
2012-12-27,64.39232635498047,64.85806933978847,64.15945108237919,64.47159709172563,9099160
2012-12-28,64.50627899169922,65.01662070283281,64.09007930579503,64.60537307495346,3541620
2012-12-31,64.41710662841797,64.76394735518345,64.06532140267036,64.32792419723553,6189920
2013-01-01,64.40719604492188,65.09591024915443,64.28827858821873,64.7044783460869,6666970
2013-01-02,65.09590911865234,65.8490303168407,64.63015853848094,64.8085309402403,12192900
2013-01-03,64.89772033691406,65.74003160672144,64.6747567008468,65.39815806362947,5649550
2013-01-04,64.43196868896484,65.19005713625288,64.08018347237868,65.19005713625288,4909390
2013-01-07,64.25856018066406,64.79367747073744,63.95631821757807,64.5211629859228,6578740
2013-01-08,64.6846694946289,64.89276939590432,63.718488681423,64.1594639018296,6050870
2013-01-09,64.32296752929688,65.02158587135992,64.16441091580468,64.44683704843935,7824210
2013-01-10,64.7936782836914,65.57157502967188,64.34774342283704,64.71935202668415,7504410
2013-01-11,62.43023681640625,65.20491703240467,62.22213693426568,64.73420681761549,5782690
2013-01-14,62.28654861450195,62.727523800675996,61.726659748287126,62.6234738581156,7774120
2013-01-15,62.39555740356445,63.07436376273419,61.18658962758849,62.232048723004176,11090010
2013-01-16,61.89512252807617,62.72752587630092,61.64738348134497,62.49960640693196,6056010
2013-01-17,62.22214126586914,62.43024116249663,61.47396826967269,61.83566894921869,6233050
2013-01-18,62.405460357666016,62.47978282295891,61.36000134508616,62.05862722656268,23799970
2013-01-21,62.524375915527344,62.905892348155454,62.053669503098114,62.18249485368056,9689960
2013-01-22,63.49551010131836,64.1693605625375,62.15772085694959,62.52437734157014,28696690
2013-01-23,63.92162322998047,64.83826068566088,63.26759610754315,64.83826068566088,8382690
2013-01-24,64.7143783569336,64.9026624060025,63.61936871001357,63.71847035293018,10112560
2013-01-25,65.91840362548828,66.17605435646311,64.28333193070662,64.6747563062681,9563610
2013-01-28,66.2008285522461,66.69135458786725,65.90849829079316,66.19587649304029,6199320
2013-01-29,66.85980987548828,67.271057567919,65.63597847619552,66.19587109703657,24055710
2013-01-30,67.26610565185547,67.8606854335865,66.42379437493115,66.98863911925885,29108000
2013-01-31,67.41971588134766,67.73186197654594,67.0877388658184,67.0877388658184,13112340
2013-02-01,66.62200164794922,67.8854650010854,66.08688428832103,67.42962596741633,6480840
2013-02-04,67.05799102783203,67.48410241229598,66.26523076025805,66.61701590812817,9911110
2013-02-05,67.42961120605469,67.6823098696802,66.49315792180846,66.59225202736553,5166410
2013-02-06,68.88631439208984,69.089462212114,67.49402224678401,67.50888598382039,12270310
2013-02-07,68.13815307617188,68.92100941183442,67.88545439670087,68.2967021429259,5075920
2013-02-08,67.22152709960938,68.2719384738588,66.85487050652353,67.88051401886503,5742110
2013-02-11,66.57242584228516,67.53365439302706,66.22063312799719,67.53365439302706,5752210
2013-02-12,66.52784729003906,66.86972839222835,66.20578198547999,66.59225430263416,3029120
2013-02-13,66.17110443115234,67.2264676855725,65.89858995310165,66.79045208108751,3846460
2013-02-14,65.9382095336914,66.68637855094819,65.52200985099468,66.28999466059203,2784010
2013-02-15,66.42874145507812,66.7904382910508,65.80939393301793,65.84902552128257,1373130
2013-02-18,65.97785949707031,66.5922474454886,65.67065796246607,66.57243164989886,1342750
2013-02-19,66.86971282958984,67.0877167943695,65.94812346615147,65.97785093587625,1279380
2013-02-20,66.2008285522461,67.34042968242726,66.02245613569256,67.03818774216697,2998580
2013-02-21,65.43283081054688,66.29496534900248,65.20491513880025,65.97785969584555,5663970
2013-02-22,65.92334747314453,66.43864125141525,65.15040302554142,65.30399999136075,4699340
2013-02-25,65.467529296875,66.10669277323734,64.80854246101819,66.10669277323734,4545850
2013-02-26,65.53687286376953,65.86884219467451,65.01661948592981,65.01661948592981,4319780
2013-02-27,64.75897216796875,65.84902224040486,64.34772452656354,65.70038489083181,6378660
2013-02-28,65.36346435546875,65.86885409039009,64.31305329422396,64.89771377234469,20862080
2013-03-01,64.89276123046875,65.34860013215152,64.46664980231387,64.86303375694087,12152250
2013-03-04,64.9125747680664,65.15536172742405,64.31800263700538,64.81844029196758,13238210
2013-03-05,65.00176239013672,65.58642282237882,64.64996967078824,64.81843794280564,10258190
2013-03-06,64.8729476928711,65.19996507196123,64.54097825424186,65.19996507196123,10076230
2013-03-07,64.93240356445312,65.1553671872353,63.7085721082719,64.67475284725828,3800820
2013-03-08,66.91927337646484,67.27106616665641,64.48152194427989,65.29905781444333,11006840
2013-03-11,66.28506469726562,67.1026006008127,65.99273441033874,66.8895486304615,9925410
2013-03-12,66.2256088256836,66.88954770694632,65.83417686824325,66.29001584166525,5145360
2013-03-13,64.45674896240234,66.19092244014192,63.93154334737893,65.8094097185246,1744700
2013-03-14,65.22969055175781,65.70040080742078,63.10904861316486,64.11486479751694,4976900
2013-03-15,65.82921600341797,66.5674810418432,65.30401046430008,65.30401046430008,3231690
2013-03-18,64.82836151123047,65.99273822703897,64.51125578698428,65.11573975514058,4650670
2013-03-19,63.25273513793945,65.5022023525563,63.03472356745587,65.00672425978297,5546140
2013-03-20,62.747344970703125,63.421195475041266,62.24195898254843,63.14868101365532,5371330
2013-03-21,62.59374237060547,64.47160083573695,61.94466356072186,62.82661765673033,6343940
2013-03-22,63.2824592590332,64.6103368482807,62.15772193115292,62.59374504900507,4845990
2013-03-25,62.61356735229492,64.17927614494371,62.375736206726614,63.81261963801767,8503010
2013-03-26,63.39146423339844,63.698658211404435,62.0685349396778,62.608607991013436,5945530
2013-03-28,64.7094497680664,65.37338867820243,63.138781151025434,63.421203546862124,6429050
2013-04-01,64.6103515625,65.00178355800531,63.91173307552452,64.90764149426613,2026150
2013-04-02,65.03646087646484,65.40311743839261,64.10496707219997,64.90268721609925,3158620
2013-04-03,64.49638366699219,65.35355866703176,64.02568098190206,65.00177344823217,3516810
2013-04-04,62.697792053222656,64.51123972601003,62.430233456215184,64.02567336048338,5399770
2013-04-05,63.09912872314453,63.485604776357036,62.35095581142211,63.02480625982684,5736460
2013-04-08,62.440155029296875,63.42120343319131,61.75639654065417,62.49961376838689,13614170
2013-04-09,61.3154182434082,63.78289720005017,60.943809647993604,62.72753014994404,5067960
2013-04-10,63.242820739746094,63.411285249747976,61.24604471656211,61.4293729638764,3716830
2013-04-11,62.484745025634766,63.51038078637906,61.43928590658272,63.42119835518216,6420020
2013-04-12,63.25768280029297,63.60451592904794,62.4302353501221,62.4302353501221,2837780
2013-04-15,63.490562438964844,64.31305788660084,62.75230113996233,63.25768713077398,3003520
2013-04-16,64.72925567626953,65.20987001578675,63.08922445107787,63.29236849694318,3697170
2013-04-17,65.37833404541016,65.94317877926214,64.13468673115949,65.0116850885914,8172810
2013-04-18,66.29000854492188,66.5922504740782,64.81844561291307,64.81844561291307,4766230
2013-04-22,67.03819274902344,67.38502592922696,65.73013078340135,66.29001593130265,3169300
2013-04-23,68.56427001953125,68.98542191818392,66.4584878450778,66.98369348363096,3392100
2013-04-25,70.40742492675781,70.84344041393958,68.55928659307915,68.6732519734918,11319770
2013-04-26,70.6303939819336,71.0020025007157,68.9606278964709,70.38265496941217,3117780
2013-04-29,70.25879669189453,70.71463564053863,69.36693459220133,70.71463564053863,4949820
2013-04-30,70.07049560546875,70.84344005101597,69.04486010976771,70.07049560546875,6103190
2013-05-02,71.09615325927734,71.83441076852942,69.48584948028935,69.76331599869782,13904970
2013-05-03,71.6708984375,72.12178528711486,70.12996136670702,70.94254508362837,8013810
2013-05-06,70.51644897460938,71.5470368009359,69.8525025544312,71.5470368009359,3524390
2013-05-07,72.18620300292969,72.4735811978434,70.65517754347862,70.66012960255806,7049800
2013-05-08,72.22583770751953,72.81545779865921,71.34883943916913,72.33979554249092,4411020
2013-05-09,71.68081665039062,72.33980343827447,71.41326179986436,72.27043680588648,2488960
2013-05-10,72.3843994140625,72.68168932121877,70.95246789670608,71.47272145403134,4318860
2013-05-13,71.84430694580078,72.99877154397024,71.64611877838374,72.93435698738242,3425960
2013-05-14,72.32988739013672,72.57762642804276,71.42316160415317,71.92359929937645,3283370
2013-05-15,76.13021850585938,76.30859095113765,72.03261944525634,72.33981349419233,7836880
2013-05-16,77.0914306640625,77.44322341836171,75.50590236104172,75.60995608173158,7841980
2013-05-17,78.71659851074219,79.17739704695022,76.1748011543524,76.70000669854998,5716170
2013-05-20,77.46800231933594,79.07334649070111,77.09639375220205,78.73146539927463,5318660
2013-05-21,75.81806182861328,77.5720509956963,75.59509819319366,77.46800482735189,5361410
2013-05-22,76.1153564453125,76.63065799210993,75.2482696205949,75.91716819525018,3175840
2013-05-23,75.8626480102539,76.51667513478421,74.57936161651092,75.60995691493011,4547290
2013-05-24,77.39863586425781,77.7157415398467,75.25321482457214,76.0162477575719,3809750
2013-05-27,78.23104095458984,78.67201618399194,76.22931265358609,77.42836881038285,6169770
2013-05-28,76.8387451171875,78.483728487671,76.56127858918275,78.08735205360472,4371000
2013-05-29,77.02207946777344,77.49278221385335,75.74870451131731,76.79911580493525,3209700
2013-05-30,79.26161193847656,80.00482889790938,76.53153102923514,77.1954696985006,7707240
2013-05-31,77.58690643310547,78.88010445265671,76.97747054538905,78.58282215736837,6859130
2013-06-03,76.34326171875,77.85942339903481,75.82796029357371,77.4184482203873,3504400
2013-06-04,76.03606414794922,76.96755773191768,75.57526563447763,75.80814092056849,4039190
2013-06-05,76.15003204345703,76.49191314950478,75.18385123966728,75.51086104682967,4050440
2013-06-06,76.76937103271484,77.09142874422857,75.31266434170549,75.95678732512803,3468970
2013-06-07,75.60003662109375,76.79909251308293,75.51084664677018,76.76936504177324,4034170
2013-06-10,74.68341827392578,76.13517316230899,73.66273451042446,75.85770661227716,4259890
2013-06-11,74.26225280761719,75.79823023163969,74.02441789931835,74.12351955797374,9161970
2013-06-12,73.96000671386719,74.77754242880611,73.39516206927064,73.85100094382271,7467050
2013-06-13,73.66766357421875,74.11359829933662,73.15236979364032,73.23164808615826,3032860
2013-06-14,74.98564147949219,75.50589491081708,74.12351456625137,74.6090809073038,2598440
2013-06-17,74.93115997314453,75.44646149304525,73.85597327386287,74.9856628731264,4101790
2013-06-18,75.59012603759766,76.46217219740373,74.3266555658929,74.86673235727994,7911490
2013-06-19,75.92211151123047,76.25408095006955,75.1788943184992,75.59510169232986,4191260
2013-06-20,73.19202423095703,75.31762191545847,72.47358251085446,75.21357575013648,5971430
2013-06-21,72.29024505615234,73.13256379628837,71.3785672512656,72.43888998443488,6852250
2013-06-24,68.74264526367188,71.84433594190354,68.38590037002514,71.84433594190354,6655020
2013-06-25,71.18036651611328,71.80961809038736,68.53946804615109,69.02503433664432,12395730
2013-06-26,68.20256042480469,71.34884952161782,67.68231444535981,71.20020457303522,11726830
2013-06-27,69.5750503540039,70.36285890487945,68.67328393008039,68.72282721556327,11688330
2013-06-28,71.56684875488281,72.04250343579038,70.11014211886304,70.15969294663856,15418830
2013-07-01,71.74028015136719,72.83529022209711,70.87319336300888,71.64614565079303,4600210
2013-07-02,70.92768096923828,71.79972718985681,70.65517408569016,71.35875202071045,3361730
2013-07-03,69.25296783447266,70.85831184696752,68.89622304049715,70.53625414481502,4045260
2013-07-04,69.39183807373047,70.5077814057238,68.89089866786497,69.64478250451127,4092800
2013-07-05,69.69934844970703,70.20524494030687,69.28768839605948,70.20524494030687,2149950
2013-07-08,68.66773986816406,69.53073912571142,67.76010467522069,69.13891462262673,5298350
2013-07-09,70.8301773071289,71.32119520373709,68.01304338648926,69.04962915579652,5578120
2013-07-10,72.0502700805664,73.05709844161773,71.18231407497211,71.22199297195637,8919190
2013-07-11,73.97962951660156,74.59463364566469,72.41234677019237,72.41234677019237,8080750
2013-07-12,75.19971466064453,75.57666044190596,73.07198559190313,74.69382569312522,5916370
2013-07-15,75.13524627685547,75.61634257340071,73.99945942782422,74.97157363873397,4387130
2013-07-16,70.71115112304688,73.89034475003047,69.70431502811306,72.47185611300127,10013300
2013-07-17,70.56731414794922,71.14264689702958,69.44144891048587,70.92441671165585,10549750
2013-07-18,70.5970458984375,71.91634058338445,67.32361700577147,70.92439105809639,24207500
2013-07-19,68.52885437011719,70.8053774559326,68.06760132322952,70.53755432676827,11289760
2013-07-22,69.5009536743164,69.78365538525466,67.5666473431581,67.96838573489805,6594270
2013-07-23,72.42224884033203,72.80414402127187,69.73406609399355,69.93245300440448,6137880
2013-07-24,68.38998413085938,71.11288927421822,67.45259179756813,71.11288927421822,7965580
2013-07-25,67.96343231201172,69.33728474981693,67.57161551490654,68.3155777813896,6731080
2013-07-26,67.4476318359375,68.9405136149258,66.21265156541436,68.8214769101119,9153090
2013-07-29,65.65715789794922,67.7352938833024,65.18101867699008,67.15499660626664,12938860
2013-07-30,64.51144409179688,67.34345588372919,64.15929866358704,65.69682352842912,8764430
2013-07-31,64.7098388671875,65.43892249741877,61.74886842636474,64.27834317222532,19047880
2013-08-01,66.09361267089844,66.95661172426041,63.3657544957501,64.9925477837725,10898140
2013-08-02,64.82390594482422,66.68877606792772,63.980750284132206,65.69186185953144,7492530
2013-08-05,65.55795288085938,66.04401368903338,63.58397507158511,64.82391221248176,5222140
2013-08-06,63.301273345947266,65.14133971916134,62.49283564390077,65.14133971916134,27728770
2013-08-07,63.57405090332031,64.06011169198199,62.691220083868,62.691220083868,10043240
2013-08-08,64.74952697753906,65.12150816557397,63.31615976903027,63.98076434200492,6404140
2013-08-12,64.48170471191406,65.51829817638414,64.14940238199448,64.78424975377781,27233970
2013-08-13,65.37940979003906,65.64723288498939,63.30623093633347,64.47673191066143,7078480
2013-08-14,65.5976333618164,66.39615320255845,64.86359267571049,65.46868262052004,14761970
2013-08-16,62.71602249145508,65.5430778132002,62.185329517584044,64.69992202502725,18942830
2013-08-19,61.58024597167969,62.98881288443459,60.722207721763674,62.393644512507656,6598990
2013-08-20,62.90945053100586,63.76252791062708,59.75009303906823,60.146870663644364,47648200
2013-08-21,61.95222091674805,66.85741192700068,61.302491283980814,64.48665272697822,9416690
2013-08-22,62.55235290527344,63.33599033580157,61.00490992541741,61.67943606145814,15367480
2013-08-23,63.73772430419922,64.19898484320895,61.897661876042115,63.08799847120666,20285490
2013-08-26,62.805301666259766,64.47673847985801,61.996863922940406,64.40234527034112,7390160
2013-08-27,60.8610725402832,61.69927123596469,59.616174624635526,61.50088054193509,11276270
2013-08-28,60.176631927490234,61.88278290837583,58.32664399613717,59.31859373683334,15672150
2013-08-29,64.2237777709961,65.44883609799494,59.14499323730121,60.36012994954601,24858370
2013-08-30,65.42900085449219,66.36143598784064,60.35518029287115,62.98880551740794,17746500
2013-09-02,62.195247650146484,66.92684822673338,61.733990883070746,64.96278446861307,6813310
2013-09-03,59.58146667480469,63.48479071623396,59.120209840897516,62.51268031247024,11322490
2013-09-04,60.36014175415039,61.89766691881012,58.62422966345927,59.50706813384644,10791000
2013-09-05,65.66706848144531,66.95660614551215,62.0216577987529,62.0216577987529,16316580
2013-09-06,67.1797866821289,67.61128991421593,64.74951313376302,66.23247297615943,10966430
2013-09-10,70.2746810913086,70.8648924021051,67.95847933843375,68.07750846466095,9526680
2013-09-11,70.94424438476562,71.25175396040146,68.34534082485247,69.43648406078384,9699070
2013-09-12,69.48607635498047,71.50468996741425,68.62803445452452,70.94423599062716,6542140
2013-09-13,71.02359771728516,71.70804543888804,68.56356667472888,68.93058322389797,9724330
2013-09-16,70.53754425048828,73.27532756007608,69.82333925077184,72.90830344411745,56719240
2013-09-17,70.35404205322266,70.98392472245426,69.540643526173,70.82521669101781,4979660
2013-09-18,70.90953826904297,71.12280386209315,69.13890408833349,70.42844196846809,8162270
2013-09-19,76.54380798339844,77.27289169905883,73.6026728619159,74.10856938396068,17428060
2013-09-20,74.21768951416016,76.97035193716266,72.15443195313694,76.67772853968431,12676150
2013-09-23,71.35093688964844,73.47370848351572,70.83016182248555,72.76446813366557,7619240
2013-09-24,71.43030548095703,72.65039946723651,70.13084612831578,70.13084612831578,6775070
2013-09-25,70.35899353027344,71.89155402238407,68.96530539271146,71.53941611191273,16265270
2013-09-26,69.77373504638672,71.56916906677846,69.23808889291709,70.35898927773356,12729730
2013-09-27,67.73528289794922,70.71113173438421,67.46249524101435,70.13083455146143,6823890
2013-09-30,67.26410675048828,68.36021449914591,66.30191433039417,67.15499167802551,6535710
2013-10-01,67.95848083496094,68.39493358736522,66.16304660574447,67.29386873766089,4628340
2013-10-03,69.4464111328125,69.91758579807082,68.2064738200397,68.44453966505858,7855160
2013-10-04,68.99506378173828,70.19036502285614,68.4246957141053,69.2182509574218,7772080
2013-10-07,68.12214660644531,69.4364768918509,67.16491123966046,68.76690783748933,4897270
2013-10-08,68.9256362915039,71.0980088960655,68.04775855065031,69.98206530900606,5228480
2013-10-09,71.30134582519531,71.78740665518059,67.98328024436204,68.146945294486,5942910
2013-10-10,70.00189208984375,71.76756139701725,69.46623832789632,71.12279255941519,9726880
2013-10-11,69.93245697021484,71.42533861085234,69.6943911506261,70.9244067144732,8834410
2013-10-14,69.297607421875,70.8748038298727,68.9901054331907,69.9324546315317,7133190
2013-10-15,67.7402572631836,69.93246555907686,67.27403961524678,69.73407861305037,6686110
2013-10-17,67.14012145996094,68.89091229503732,66.75822622641223,67.91880570494317,7455910
2013-10-18,69.57038879394531,69.8679691394863,67.31370189237818,67.46249584913618,12449790
2013-10-21,71.10791015625,71.76755759944746,69.4612776281881,69.93245221105045,14290600
2013-10-22,70.33915710449219,71.40054298446805,70.03164755019827,70.63673747474274,9479680
2013-10-23,70.4383544921875,71.34102483735776,69.9423796127821,70.52762633785196,6758530
2013-10-24,70.13581848144531,72.4619421741791,69.79359456001853,70.00190312784852,15546940
2013-10-25,69.92253875732422,71.10296143220283,68.97523245710764,70.07628976429217,10615370
2013-10-28,70.27964782714844,71.00377457298978,69.99198145238829,70.41852020558754,6310860
2013-10-29,72.7148666381836,72.90829650987855,69.80845397119325,70.0316411203836,14602900
2013-10-30,73.21581268310547,73.8556245453781,72.71983778062031,73.00750413221887,6364290
2013-10-31,74.63926696777344,75.5667376281857,72.34290071157024,73.27533596458997,11466880
2013-11-01,74.24742889404297,75.01123435340338,73.95480556713385,74.69381077194812,11729800
2013-11-05,73.93993377685547,74.69381769063261,72.84382599537766,73.74153929008473,8455030
2013-11-06,72.55616760253906,74.21272958439054,72.41233820587549,73.90026296353047,2706760
2013-11-07,72.87358856201172,74.08873312368793,72.41233553676919,72.61072246995334,4113540
2013-11-08,72.15442657470703,72.80911707752912,71.14759812977195,72.03043284929161,4263650
2013-11-11,70.66155242919922,72.08499812799255,70.34908578586324,71.03353364536979,4901830
2013-11-12,71.04344940185547,72.35282287202313,70.53259584590218,70.53259584590218,3325380
2013-11-13,71.24679565429688,71.76757084429713,70.42844004713707,70.71610641464176,4331770
2013-11-14,71.98084259033203,72.88351300974757,71.45014579308956,71.91636342895353,5307760
2013-11-18,73.70682525634766,73.90025515167663,72.65039636833316,73.17612851625418,6059820
2013-11-19,72.94303131103516,73.99945268928946,72.67520063014298,73.99945268928946,4052110
2013-11-20,72.7049560546875,73.88042166993556,71.98083696584462,72.94302944672381,4453750
2013-11-21,70.57722473144531,72.25361462721987,70.23004383989294,72.01554881129479,6393140
2013-11-22,71.08312225341797,72.21394435559502,70.77561268670249,71.0335217390515,5308980
2013-11-25,73.96472930908203,74.19783808616255,71.47989055083548,71.61876289871638,5096450
2013-11-26,73.98456573486328,74.3863041430852,72.91822285950941,73.80105746641017,16489240
2013-11-27,74.10360717773438,74.36647325351946,73.0769355637249,73.87049838328709,2506070
2013-11-28,74.58470916748047,75.0757194834267,73.4290867224331,74.09864830817155,7997120
2013-11-29,75.07076263427734,75.85440389975392,74.5946233910597,75.1897993370759,5737400
2013-12-02,76.4346923828125,76.77691627576819,75.01620386161919,75.01620386161919,4753750
2013-12-03,75.25923156738281,76.17678056132354,74.83764988910184,76.04782981604961,4328770
2013-12-04,74.30199432373047,75.52705286235377,74.06392850433097,74.70373275895959,5478470
2013-12-05,75.58160400390625,76.5090745137992,74.89219929326343,75.18978721830759,7587410
2013-12-06,75.17491912841797,76.28094103495435,74.55990752874176,75.81472341868101,6292180
2013-12-09,75.77503204345703,78.15571268203371,75.36337203660527,77.86804637960807,7859790
2013-12-10,76.62812042236328,77.05465913002234,74.84757238549774,75.8097648819363,7623780
2013-12-11,76.27597045898438,76.85626770553175,75.45761496642909,76.09741920650268,4573440
2013-12-12,75.89408111572266,76.44957058049677,75.11539689215947,75.60641476632853,3013130
2013-12-13,75.23938751220703,75.5964900299627,74.78309153240279,75.24435210449388,3690440
2013-12-16,74.4756088256836,75.29396455958361,74.17802079445921,75.2294853869568,3581690
2013-12-17,73.46379089355469,75.24434632116764,73.2356467051759,75.04099482041337,3067080
2013-12-18,74.41606903076172,75.70064974519448,73.25548960658033,73.49355543431534,10754270
2013-12-19,71.61380004882812,75.10050223770676,71.42037018230337,75.09058062281518,6800400
2013-12-20,72.72480010986328,73.0422237348561,70.92936587251923,71.68820684426731,10890170
2013-12-23,72.665283203125,73.5034820333968,72.31314524606131,72.89839202224118,4064160
2013-12-24,72.29328918457031,72.90830070409642,71.71796412795437,72.80910725074715,2905530
2013-12-26,72.00562286376953,72.90830069548467,71.62372769002117,72.11473793283346,9251520
2013-12-27,73.40923309326172,73.6968994076365,72.11473846256295,72.38256911331466,5345670
2013-12-30,72.59088897705078,73.51340262313045,71.98579897435462,73.45388805498872,4467260
2013-12-31,72.2387466430664,72.90831583609891,71.96596648173467,72.90335881119401,1802710
2014-01-01,71.67332458496094,72.61568136357025,71.49477333191739,72.61071677144561,3927680
2014-01-02,70.17052459716797,72.55616258267946,69.73407184467634,71.67829248534241,4561390
2014-01-03,70.68138122558594,71.05336240559116,69.09922763039734,70.14077039362606,5725670
2014-01-06,70.83514404296875,71.12280284623543,69.9919805967823,70.42844096252804,4467150
2014-01-07,70.24493408203125,70.9244173368625,69.43649249762763,70.6268293418247,6437940
2014-01-08,70.71609497070312,71.12279041206564,69.79853847166753,70.32923519341719,3129830
2014-01-09,70.44331359863281,70.97896739238031,70.09613268638248,70.47803547384599,3075830
2014-01-10,69.48112487792969,70.90457804765646,69.23810201010507,69.84319201926208,3662240
2014-01-13,71.11287689208984,71.89155347646931,68.95538325291766,68.95538325291766,4724920
2014-01-14,70.55738830566406,71.72788940151626,70.1308495783287,71.02360593414419,2638260
2014-01-15,72.32801055908203,72.52639746441861,70.68137048648218,70.82520742563024,5556430
2014-01-16,72.55616760253906,72.90831312509381,71.7179763461605,72.44209549015233,5511820
2014-01-17,72.12466430664062,73.18109319591814,71.42038090311424,72.46193115180834,3231490
2014-01-20,72.22882843017578,73.15629908839138,71.42038690663294,71.99571961747296,4993170
2014-01-21,70.06141662597656,72.61072749033454,69.8332723938383,72.38258325819628,17001420
2014-01-22,70.45819091796875,71.22199647856405,69.25793260500943,69.93245875100054,13202970
2014-01-23,69.96221160888672,70.58218017562926,69.7539030786183,70.13084124272653,3378700
2014-01-24,67.92374420166016,69.91260790108332,67.55176311888219,68.94049400818147,8578030
2014-01-27,65.28021240234375,67.70057227996598,64.9280744695769,67.26411195633543,16147660
2014-01-28,65.44884490966797,66.4606302795367,63.98571303943197,65.17109263498229,13394590
2014-01-29,65.86546325683594,66.9516494166405,65.75634818164251,66.1630436335651,5372800
2014-01-30,64.48170471191406,65.46869765097264,64.25356045816754,64.48666930524179,8423630
2014-01-31,65.17607116699219,65.59764534128135,64.35275091888306,64.42714413552902,5570330
2014-02-03,64.9677505493164,65.2702955208892,64.45689704177188,64.6056834474832,11592230
2014-02-04,65.99442291259766,66.24737497016395,63.841893534744976,64.27835389448536,5079350
2014-02-05,66.212646484375,66.59950628536247,64.51145627849111,65.96465904435861,8315420
2014-02-06,65.5182876586914,67.06572693300468,64.72472478736456,66.65902388025616,10905660
2014-02-07,65.35462188720703,66.11346296231302,64.71480995770058,65.66708096238307,7183890
2014-02-10,64.20394134521484,65.6521869658158,63.88156072730478,65.6521869658158,7398960
2014-02-11,64.20394134521484,64.67511592830473,63.54925849358928,64.3676139501151,4913370
2014-02-12,64.43209075927734,65.10165222628996,63.89148002114731,64.47672667681648,5221870
2014-02-13,63.167354583740234,64.88343082360802,62.7408159276789,64.37753437851777,3892870
2014-02-14,64.12458801269531,64.80407873506073,62.54243074063034,63.286393050274604,8027910
2014-02-17,64.55113220214844,64.80904127715006,63.792291187141785,64.19899425033574,4638330
2014-02-18,67.48233795166016,67.75016861297932,64.28330163195854,64.57592498179088,10661590
2014-02-19,68.03783416748047,68.28582162119132,66.51023811244093,67.45258740935158,11179220
2014-02-20,66.43583679199219,67.74025320959157,66.13825639075974,67.62121650831273,5698560
2014-02-21,66.66398620605469,67.2343542974432,65.91505928511145,66.46063468659486,4761160
2014-02-24,67.21450805664062,67.53688865444654,65.6670615104373,66.27215138125223,7371790
2014-02-25,67.03099822998047,67.7898391482085,66.6738957310525,67.48233716167772,4379690
2014-02-26,67.98824310302734,68.53381097553543,66.96653597628008,66.96653597628008,7556790
2014-02-28,67.89895629882812,68.84131308738162,67.05084351390344,67.98823571027992,9321850
2014-03-03,66.4556884765625,68.70741149424921,66.2622585423735,67.6509823939984,4502270
2014-03-04,67.12523651123047,67.34346666302666,66.00929306334385,66.55982546702027,6892460
2014-03-05,67.53195190429688,67.86921124214246,66.52015875480568,67.5517875726501,7152170
2014-03-06,68.1816635131836,68.58835895649598,67.25419296165084,67.75016781367488,6145410
2014-03-07,70.58218383789062,71.17239515492963,68.57844865612124,69.20833130367159,18562070
2014-03-10,74.63431549072266,74.89222460840793,69.47122151938235,70.42844963174785,14748550
2014-03-11,73.8208999633789,75.1550736130308,72.85870747695445,74.97156532759095,7221030
2014-03-12,73.88538360595703,74.66406028624198,72.9132694437924,73.92506250726748,6896810
2014-03-13,75.81968688964844,77.03978857571745,73.711793388154,73.90026628768733,10012070
2014-03-14,74.98644256591797,75.52705336338107,72.7099197058671,75.05587874570244,8034530
2014-03-18,75.9139175415039,76.87611006545748,75.13027628558272,75.13027628558272,8311450
2014-03-19,75.6262435913086,76.35532723186078,75.06579715271643,76.14701870141383,5695880
2014-03-20,74.12345123291016,75.8841637351311,73.60267604662272,75.8841637351311,8131580
2014-03-21,73.81098937988281,74.89221104579605,73.24061369537066,74.74341705992433,10185540
2014-03-24,75.93871307373047,76.36525176703843,73.83081986442475,73.83081986442475,9135870
2014-03-25,76.64299774169922,77.119136957283,75.88415677934387,75.88415677934387,8287860
2014-03-26,76.53388977050781,77.36216699039745,75.72049119298924,76.87611368099627,8592680
2014-03-27,76.56859588623047,77.36711565700111,75.48736683265196,76.5388386076139,14200670
2014-03-28,77.17369079589844,78.16564051014919,76.08254005584203,77.04473248954137,10976150
2014-03-31,77.47624206542969,77.8383016215575,76.21150456325765,77.40184129002172,7620730
2014-04-01,75.75521087646484,77.58039492223949,74.59462382929614,77.52088035447883,8045880
2014-04-02,76.33551025390625,76.70749148532848,75.28403816019473,76.18175922246148,11482950
2014-04-03,75.36835479736328,76.558691619619,74.94677307349355,76.50909109870128,7548720
2014-04-04,74.9021224975586,75.4873691764564,74.39622604144364,74.61445618204128,5096840
2014-04-07,76.32557678222656,76.57852125584022,74.6839010800404,75.09059656122174,8463920
2014-04-09,77.82341766357422,77.8680535849839,76.09741968930841,76.85626819315206,10448190
2014-04-10,79.67835235595703,80.54630829694992,77.39687270898943,77.62501688969859,12244270
2014-04-11,79.91642761230469,80.14953639027148,78.5624108633549,78.87983445514314,7809360
2014-04-15,78.4483413696289,79.85195110781781,77.62502129965651,79.85195110781781,5766530
2014-04-16,77.79366302490234,78.60706152611219,76.72731249116113,78.35410949358084,4157630
2014-04-17,79.43534088134766,79.75276451095641,77.38200512182121,77.76886493390762,5776660
2014-04-21,79.48989868164062,80.24873966689816,78.83025116196374,80.02058788488401,15610010
2014-04-22,79.48493194580078,80.02555031939322,78.91456385811033,79.66844779855143,4713940
2014-04-23,81.57794189453125,82.30206851152593,79.08815357555002,79.35597666689148,12931940
2014-04-24,81.57794189453125,81.57794189453125,81.57794189453125,81.57794189453125,0
2014-04-25,80.19912719726562,82.78811637333254,79.9213825078443,81.5382577029614,6889060
2014-04-28,81.73168182373047,82.32189303116465,79.0385423628195,80.15944265702223,7342700
2014-04-29,80.05034637451172,81.79122312879714,79.79244487370948,81.44899923460508,4766330
2014-04-30,79.6138916015625,81.23572404576606,78.90960816468356,79.85195743014698,7710490
2014-05-02,79.62380981445312,80.40745109116702,79.23199296008448,79.70813221012993,5324410
2014-05-05,80.10986328125,80.51655874011387,79.1327921799627,79.17742810203752,3451310
2014-05-06,80.04537963867188,80.54631150581606,79.41053244483498,80.3082457001211,3659640
2014-05-07,80.35784912109375,80.97285310540406,79.3857350633481,79.3857350633481,5197290
2014-05-08,80.54631042480469,81.38947370128102,80.08505745946272,80.56615365633199,9125410
2014-05-09,84.39012145996094,84.811703128433,80.40248681821771,80.62567399706577,10666260
2014-05-12,84.38516998291016,85.80365851307073,84.03798906321556,84.5339639679154,9395140
2014-05-13,85.41183471679688,86.20043293477308,84.12725406651124,84.83650205785571,11275510
2014-05-14,85.25311279296875,87.78754446411503,84.57362970107204,85.25806981677246,7268000
2014-05-15,86.28970336914062,86.79559984153592,85.10928835751922,85.10928835751922,7737350
2014-05-16,89.83592987060547,94.33441796838947,87.88674471252301,87.88674471252301,20703700
2014-05-19,90.96178436279297,92.44970891115693,89.93512035976916,90.20790804056433,10021560
2014-05-20,89.57803344726562,91.24946655896699,89.09693715415675,91.2296308914471,9319680
2014-05-21,88.94317626953125,89.840889592777,87.65363855244189,89.47386545656516,7427820
2014-05-22,88.6158218383789,90.22774003352214,88.0256105806658,89.27546926947147,6935390
2014-05-23,87.1279067993164,89.07709202509703,86.59225301745248,88.70014627046531,10682110
2014-05-26,85.42176055908203,88.24385913765546,84.47445418907459,87.2915881748147,12403850
2014-05-27,86.35913848876953,86.68152668216138,84.3256461438833,85.30767422817446,7313570
2014-05-28,85.2035140991211,86.2996218211262,84.54883124823908,86.2996218211262,7861100
2014-05-29,85.34239959716797,86.54761489982069,84.68275211126438,85.59534405664454,13534860
2014-05-30,86.16572570800781,86.89480948794521,83.5271429165968,85.80366611453499,12851880
2014-06-02,87.94625854492188,88.38271123945458,84.58354230928892,85.90283714425117,5267170
2014-06-03,86.61705017089844,88.40256271311982,85.89292353767091,87.98098105043604,6991960
2014-06-04,85.45149993896484,86.59720815079217,85.01008264397478,86.50792874624543,3244140
2014-06-05,86.17066955566406,86.63687953804519,84.61330889458691,85.53582237968199,8721080
2014-06-06,89.54825592041016,90.07894504634963,85.87308066098062,86.56744238687578,17838950
2014-06-09,89.2953109741211,90.95187276763708,88.91341577868407,90.25750341888869,7780810
2014-06-10,89.28539276123047,89.67225253075584,87.44036575212077,89.54825882083168,4310330
2014-06-11,92.10749816894531,92.6481089710929,89.4788297949393,89.66729510285823,11215260
2014-06-12,92.61834716796875,93.24327276093783,91.06098642563806,92.51914614256592,5379160
2014-06-13,90.95682525634766,94.18561872790423,90.68900217368312,92.74233770069601,5769080
2014-06-16,92.29596710205078,92.5489191439455,89.78137830046416,91.269302996875,5607740
2014-06-17,92.97048950195312,93.42182845790008,90.47077944312765,92.05294051711185,6257970
2014-06-18,95.2519760131836,96.41255540139441,93.739251134716,93.739251134716,16089770
2014-06-19,91.6214370727539,95.51979991565292,91.16514109325638,95.39580619618155,6941260
2014-06-20,92.33068084716797,93.44165967915295,91.27425198399052,91.85454165633462,3799170
2014-06-23,88.78445434570312,91.85453984943648,88.139693101099,91.75534639395704,8138740
2014-06-24,87.20230865478516,89.27052303466346,86.60713273334362,89.02749261447562,17054170
2014-06-25,87.66354370117188,88.7497296968035,86.87494560526592,88.7497296968035,5228230
2014-06-26,85.87308502197266,88.26864444993025,84.94561447643149,87.68835478496794,11170330
2014-06-27,85.90284729003906,86.59721665949148,84.83153973806748,86.29962870572957,4719980
2014-06-30,87.64372253417969,87.88674537677149,85.36719213112531,85.36719213112531,4333320
2014-07-01,87.72306060791016,88.17439949301472,87.26676469926787,87.84705430812735,3239540
2014-07-02,88.59600830078125,88.97790356575388,87.5990938014686,87.99091825251479,3367940
2014-07-03,88.4025650024414,89.46890796323144,88.08514138315697,88.59103030990727,4118510
2014-07-04,87.58842468261719,88.82947579731133,87.10193476659406,88.37276989607687,7110500
2014-07-07,86.46651458740234,87.73735736456447,84.66451341633797,87.1863303350385,143185270
2014-07-08,86.60054779052734,88.63090565535245,85.96016872959592,87.56856617322603,11601970
2014-07-09,85.80628967285156,87.15158503642897,84.75387302253596,86.75444710658022,8149150
2014-07-10,86.02469635009766,88.08484576012762,84.65954011414495,85.78145517772931,14168790
2014-07-11,85.22051239013672,87.6678695681688,84.11349671730103,87.2508705616665,28183100
2014-07-14,84.92266845703125,85.74672082613247,84.55035303868873,85.58290113308858,12144250
2014-07-15,86.53105163574219,86.81897641971763,84.92761562520035,85.67720781423579,10473960
2014-07-16,87.87139129638672,88.11960155011053,85.98996090606153,87.35015582338734,20502340
2014-07-17,90.83502960205078,91.1428154921503,87.43455339873394,87.86643685085204,31845650
2014-07-18,92.91502380371094,94.12132955405885,89.50461740263441,90.844951233751,23693560
2014-07-21,93.44619750976562,96.00772152917648,92.94480795764508,96.00772152917648,21692460
2014-07-22,94.24046325683594,94.61774767410246,92.51292208626316,93.82347186648656,7184960
2014-07-23,92.61221313476562,94.74682293494244,92.33918032751461,94.2404718719293,8378210
2014-07-24,93.1930160522461,93.42633428749035,92.24982015535159,92.48313839059584,11661670
2014-07-25,93.79368591308594,94.578031173852,92.5973107484176,93.19301380444458,10184840
2014-07-28,93.44619750976562,94.51846003136231,91.62929666448618,93.83340489321525,9022480
2014-07-30,96.7275390625,97.00056428221707,93.19798894584865,93.62491088593502,10304610
2014-07-31,94.68724822998047,97.25870276597584,94.2305422821704,96.72753677360052,16895470
2014-08-01,91.8675765991211,94.61775041342288,91.49029974570735,94.12132991298472,12730690
2014-08-04,93.1036605834961,93.47597593567635,92.09095858369169,92.43348991966155,6636140
2014-08-05,93.12352752685547,93.63980913169516,92.08104893496512,93.58520256915973,8572900
2014-08-06,92.55760192871094,93.62491056262915,91.87750825868466,92.7313521359089,7794440
2014-08-07,93.31216430664062,94.22061475315805,91.96189990715006,92.14557307277991,8272480
2014-08-08,92.49307250976562,92.84552682789788,91.24209071105811,92.63206964575804,7806640
2014-08-11,94.33479309082031,95.09431589880501,92.6370357803383,92.90509953471917,7360040
2014-08-12,95.77937316894531,96.295647159747,93.59015693029691,94.51846084802698,5894510
2014-08-13,95.02481079101562,96.30557658446249,94.4291077085411,95.77937206869706,10769670
2014-08-14,94.6524887084961,95.60561508785129,93.8482899828972,95.60561508785129,10196050
2014-08-18,95.99283599853516,96.74739732928862,93.82844217265048,94.31990122701595,6457320
2014-08-19,97.36295318603516,97.89411917177051,95.92332921930621,96.30557511777268,12079580
2014-08-20,99.28410339355469,99.50252963298466,96.80200080871582,97.69555925421301,12794890
2014-08-21,101.13077545166016,102.06404832870948,99.04084200831196,99.04084200831196,18229920
2014-08-22,102.33708190917969,102.74911182857937,101.15063723033988,101.26978087593668,14528290
2014-08-25,103.71713256835938,104.68515861381294,101.82081017641312,102.33708416918267,5283680
2014-08-26,104.65538024902344,105.20143828965456,103.2654012437126,103.71713817124827,9604550
2014-08-27,103.25547790527344,105.23619869393364,102.32220481566262,104.8539527365199,12311700
2014-08-28,103.01220703125,104.18872867347994,102.55550111656383,103.65259366716789,14848780
2014-09-01,104.04476928710938,104.69507892083269,103.44906621059512,103.50367276780418,4548000
2014-09-02,105.0673828125,105.43473666402738,102.76896133235059,104.04972697306661,4832650
2014-09-03,104.93335723876953,105.9063370797657,104.06462145049262,105.9063370797657,5705870
2014-09-04,105.12200164794922,105.80706435728221,103.85116638843778,104.64544221302025,6666040
2014-09-05,107.07293701171875,107.80763721812008,104.66529459830068,105.04257901965516,6335980
2014-09-08,106.87933349609375,107.77785337509975,105.35035747099478,107.22186484770943,5022100
2014-09-09,106.5616226196289,107.88210292137485,106.23398328314599,106.78004884395084,3258520
2014-09-10,105.73259735107422,106.59636411055193,105.25106889502679,106.23397929277996,6615660
2014-09-11,105.72267150878906,106.58147682862695,105.03264733624408,105.53899835289829,9409870
2014-09-12,106.14958190917969,106.4375066687822,104.94327632024542,105.04256646648912,11011540
2014-09-15,103.86109161376953,105.83684296865214,103.49373773807994,105.73756038934489,8623060
2014-09-16,102.00945281982422,104.66529799025895,101.6818134669064,104.29795166254124,6394990
2014-09-17,101.46339416503906,102.76898261299469,101.26979045686258,102.262631539773,5523780
2014-09-18,104.01993560791016,104.33764438634572,101.15062607225862,101.15062607225862,4184840
2014-09-19,105.60353088378906,106.13470445488122,103.85116712411191,103.95044970919412,11660640
2014-09-22,103.6377182006836,105.241154423079,102.75905172442147,104.84401647633852,5215180
2014-09-23,103.36963653564453,104.63054882241015,102.13851584109726,103.45402710999096,5999040
2014-09-24,102.88811492919922,104.0497447105167,102.05413208597236,103.3646819644546,6545360
2014-09-25,102.11369323730469,104.92839650550864,101.76620040939844,102.2924049166244,18165780
2014-09-26,101.70167541503906,102.83848271373641,100.40105600103081,101.76125103174674,11551860
2014-09-29,99.61669158935547,101.69669450345728,98.88695291603634,101.69669450345728,3648130
2014-09-30,100.58470916748047,102.18318362265966,99.94929159738408,100.57478621231719,8637670
2014-10-01,100.44076538085938,100.7435822030411,99.41814031490092,100.12801802727509,10765250
2014-10-07,99.85994720458984,100.5847168753448,98.88695971500825,99.97908327387805,13932790
2014-10-08,99.30892944335938,100.41594511437576,99.00611261431821,99.97909262007998,12461550
2014-10-09,101.59245300292969,101.90520034403697,99.47274290699923,99.67130807847244,14513010
2014-10-10,99.572021484375,101.19531858627516,99.0061024362046,100.97192330889108,7552010
2014-10-13,100.12802124023438,100.54998172845877,98.12744707326945,99.18482524567855,7820650
2014-10-14,100.58968353271484,101.3690597415926,99.46280693062025,100.52514644687022,4733740
2014-10-15,100.58968353271484,100.58968353271484,100.58968353271484,100.58968353271484,0
2014-10-16,98.45012664794922,100.22234406421393,97.54167613675709,100.07838543829398,9139900
2014-10-17,99.28905487060547,99.75569132151593,97.3331645935774,98.97631512726511,11413980
2014-10-20,99.66633605957031,102.54060713771025,99.39330329658898,100.78328207422352,11665000
2014-10-21,100.64925384521484,100.96200117628227,99.2840975045276,100.12801081836098,16427520
2014-10-22,105.53900146484375,106.03542196547843,101.2697821294752,101.39884873272096,31205290
2014-10-27,107.72325134277344,108.38845301238167,105.73756929037208,105.93613446570185,9601460
2014-10-28,107.50482177734375,108.56716133950381,106.9041572169598,108.12038592145333,4522850
2014-10-29,107.22185516357422,107.9615167823631,106.30347430595089,107.92180223759712,11542390
2014-10-30,108.61681365966797,109.2571928115319,106.72048359602037,106.82969671878416,8414940
2014-10-31,111.02445220947266,111.42159016168037,108.62674763536434,109.40116247604236,6135180
2014-11-03,110.2500228881836,111.28753987628825,109.03379422379689,111.12372778324048,7442920
2014-11-05,112.01232147216797,113.18387415678183,109.53518044681739,110.50320648297885,9225850
2014-11-07,111.48611450195312,112.96544544053633,109.64936020475209,112.96544544053633,11925500
2014-11-10,110.07627868652344,112.36477737579467,109.66921026174847,111.69460670565064,4554760
2014-11-11,109.9521713256836,110.75637005363598,109.21250210722017,110.11599098781744,4930360
2014-11-12,111.82865142822266,112.48889162151542,109.63447366299059,110.3542818940982,8980960
2014-11-13,110.37909698486328,112.09174612942962,109.90749146807329,111.99246354818057,6300750
2014-11-14,108.5671615600586,110.49327551910822,107.8523148299051,110.29967182758962,5203360
2014-11-17,110.01670837402344,110.77126965213455,103.30510869299906,108.7160890928229,7230350
2014-11-18,107.72820281982422,110.56772849712725,107.54452967095705,110.20534367714396,7159810
2014-11-19,106.98357391357422,108.11541199136708,105.24114077205043,107.82252572886264,10415780
2014-11-20,114.8418960571289,115.46739062281362,108.19979610912311,108.71607000363694,36340260
2014-11-21,119.05652618408203,125.56459906496856,117.47790509815776,119.73661982664639,63142430
2014-11-24,119.1160888671875,120.52592116753813,116.75809166228991,119.62740133932012,16649780
2014-11-25,115.22416687011719,119.33948963622689,114.59371069058592,118.54522135136777,22232150
2014-11-26,115.2142333984375,116.3857860953734,113.87886102557857,115.56669529053413,13614730
2014-11-27,114.93126678466797,115.84467861125057,113.78949821405219,115.76524951986728,17538920
2014-11-28,119.38912963867188,119.9252646848997,115.6163308280801,115.6163308280801,11910840
2014-12-01,119.3146743774414,122.27333641903382,118.69414873074112,119.6522366933539,13046900
2014-12-02,120.6698989868164,121.40956827674373,118.16793536402892,118.16793536402892,10481190
2014-12-03,121.19609832763672,121.98044361211724,120.19829586799263,120.6897473060555,9183740
2014-12-04,121.50885009765625,122.4619765658752,119.63734265796168,121.20603328420316,6504500
2014-12-05,123.15198516845703,124.0058289416686,121.54358019629167,122.31799488018707,10341030
2014-12-08,123.7030258178711,124.53700862340067,122.10951267725294,123.40517048745299,7496380
2014-12-09,122.31304168701172,123.49948633047188,121.57834149801252,123.2661680990371,6406250
2014-12-10,122.64070129394531,123.60871987439185,121.76699625741786,121.99535304872208,5552330
2014-12-11,123.72783660888672,124.40296872891943,122.21871418774302,122.22864471775416,10368140
2014-12-12,123.8370590209961,124.51715266975569,123.31084693771089,124.19447480573193,6182260
2014-12-15,129.947998046875,130.60824584244756,123.31085791510739,123.31085791510739,15017110
2014-12-16,127.43113708496094,129.72459716721193,126.19007837047866,129.1735625834159,9913430
2014-12-17,123.57394409179688,126.6865025629232,122.91371153180137,126.6865025629232,22644380
2014-12-18,124.30865478515625,126.04115742044986,123.16192468305836,124.8149982232414,8615840
2014-12-19,122.74492645263672,125.70855735548015,122.31800453234237,125.10789281021835,18778410
2014-12-22,124.89441680908203,125.59437144814213,123.12219977535675,123.12219977535675,7180560
2014-12-23,123.55905151367188,126.28936408896195,122.91867244255037,125.49509588465178,6816650
2014-12-24,123.64344024658203,124.50224547031328,122.73995142728211,123.2463023872719,13588190
2014-12-26,124.40795135498047,124.92919443493548,122.61587290946645,123.79735621406097,3524730
2014-12-29,123.46475219726562,125.09797239282604,123.24632595413937,124.65119694990494,4576100
2014-12-30,123.77251434326172,124.1994362423442,122.35771300072295,123.50941210514084,3589950
2014-12-31,125.48516845703125,126.38865736744945,123.12220969672853,123.52927055186254,4490720
2015-01-01,124.95896911621094,125.59438675150129,124.21433836471982,125.47524310434346,2509980
2015-01-02,126.24468994140625,126.98435917699008,124.92917871093955,125.19724243486992,6318150
2015-01-05,125.73834228515625,126.96947055131561,125.29652835308046,126.2992998614726,3051150
2015-01-06,124.2391586303711,125.32135166683494,122.47190289114813,124.60154346852566,11345430
2015-01-07,126.23973846435547,129.46151033323946,123.8569184776853,123.8569184776853,17858870
2015-01-08,133.105224609375,134.3313837906677,127.71905941666287,129.06932371691417,34548830
2015-01-09,135.12071228027344,136.06887735969332,133.09530792908294,134.47040256421135,32187050
2015-01-12,136.1184844970703,137.7070207428596,133.86473156042962,135.12067461034204,8434210
2015-01-13,138.2977752685547,139.97567886105438,135.79085798479883,136.2177723121187,9608210
2015-01-14,138.1240234375,138.74951806266895,136.73405221440242,138.4119557869953,7592900
2015-01-15,139.03746032714844,143.36624810886084,138.20844649627995,142.77055254138196,19854090
2015-01-16,138.53607177734375,138.99773920380693,137.01205721518113,137.7070428812899,13403000
2015-01-19,137.95030212402344,138.89845196190154,137.21062526602967,138.32261750471068,8775380
2015-01-20,138.57080078125,139.13671217195497,137.27513563093433,138.20343937546215,18918630
2015-01-21,137.82122802734375,140.8841340772298,137.51344973638487,138.60061186061165,13420650
2015-01-22,137.77157592773438,138.84881504076108,136.0341042386629,137.67228577139565,20000080
2015-01-23,137.5382843017578,138.5758014931367,137.21064490191915,138.21342416645518,7774060
2015-01-27,137.84107971191406,138.30274711694418,135.25471813412477,137.3496131408508,8433660
2015-01-28,134.14768981933594,138.00487086411056,133.69097638664627,137.3198082898502,37201990
2015-01-29,132.18685913085938,134.5150726462853,131.52662648672555,133.93425395595128,22504270
2015-01-30,131.2734375,133.92432113727284,130.79190901170287,133.04069325818188,13992500
2015-02-02,134.26683044433594,135.02635307439746,129.50616047557784,131.0549897486799,16563690
2015-02-03,129.69479370117188,135.6220542674517,129.07922212650183,135.11569578267896,15308210
2015-02-04,128.2254180908203,131.8840501582571,127.5800774553419,129.95793605912743,11783290
2015-02-05,127.86798095703125,129.99266001183705,126.75600392634436,127.87791906237364,9164000
2015-02-06,125.78302764892578,127.90770676495411,125.38092825929446,127.86798464154165,6082700
2015-02-09,125.7184829711914,127.39141751710703,122.73996017621747,124.20439903545795,8242360
2015-02-10,127.65452575683594,129.00479009332525,124.00583970639663,124.00583970639663,14259910
2015-02-11,128.9402618408203,129.26294730052376,127.1184070045285,128.77148068088812,5616570
2015-02-12,128.7317657470703,129.66503869687006,126.94464894421453,129.26789321315147,10258730
2015-02-13,130.01251220703125,131.3329924156999,127.36162883457911,129.06931638642502,11458960
2015-02-16,128.3197021484375,131.35283861820741,127.54033364745449,131.35283861820741,5491100
2015-02-18,129.84371948242188,130.28057186127796,127.46586150860877,128.2651062357315,6880870
2015-02-19,129.78912353515625,130.73727319601036,127.5800466290363,130.0125036321315,6479150
2015-02-20,128.89556884765625,130.55858041132265,128.11123119007468,129.75438169355357,5983410
2015-02-23,130.74224853515625,132.53433419688486,129.76429966479566,132.23647890371242,17787110
2015-02-24,134.0633087158203,134.4306550097348,130.41461529129717,130.7422546140656,30126650
2015-02-25,133.2938690185547,135.59725218675314,132.79247948181379,134.62924133259756,19251310
2015-02-26,132.3804473876953,133.9739527821407,130.55857767974638,133.17967703630833,19283600
2015-02-27,132.8173065185547,133.45272418990513,131.0897727727703,131.75994351705492,6264900
2015-03-02,139.4644012451172,141.47489856727844,138.8537984678607,139.39489509099107,18063880
2015-03-03,139.8614959716797,140.73520083175404,139.36012160727128,139.8912799874049,16279700
2015-03-04,140.01536560058594,144.73135932784652,139.02749386767832,142.571942740792,40130710
2015-03-05,140.21395874023438,141.18196950437903,139.1962877528419,139.39485289808573,14302590
2015-03-09,135.48309326171875,139.48919529352708,134.89730554190672,139.48919529352708,7265220
2015-03-10,133.8151092529297,136.18799864554606,130.95572231471195,135.80576031299947,7286630
2015-03-11,136.60496520996094,137.49853104045087,133.01088627831228,133.3385255678704,5419210
2015-03-12,136.0192108154297,138.0694298111378,134.51505737480312,137.7070374087767,4107970
2015-03-13,133.16476440429688,138.0048630173142,132.58394590493393,138.0048630173142,3832490
2015-03-16,130.55360412597656,133.4080216004035,129.46148826896885,132.74282004170033,8266110
2015-03-17,133.00596618652344,133.72081305423472,130.36997404292092,131.55145748120913,4365280
2015-03-18,133.32861328125,133.88461697545142,131.46703637752876,133.01091203411508,5820650
2015-03-19,131.62094116210938,135.29940380594067,130.6926220837104,134.03353756652194,7614150
2015-03-20,133.01087951660156,133.43779377703467,129.7642859483404,131.15427211970305,7948870
2015-03-23,132.62867736816406,133.45769115515242,131.7003582675229,133.189619831722,4676000
2015-03-24,133.11514282226562,135.22492976939128,131.6606345157863,131.6606345157863,3243160
2015-03-25,131.70530700683594,133.28888943781905,130.86138619079895,132.85203702243754,3687870
2015-03-26,129.60543823242188,132.9264920963282,129.06931083782024,130.52878810310415,19963690
2015-03-27,128.9849395751953,131.45215021395944,126.65673365355097,131.05501984999253,4885690
2015-03-30,130.245849609375,131.0103414532288,128.15095440576155,129.20833253892087,8516560
2015-03-31,130.3848419189453,131.52164911125902,129.0941455828594,130.55362307180673,3822510
2015-04-01,135.130615234375,135.90007607160996,129.5856069312688,131.34292453079593,4826140
2015-04-06,138.75946044921875,139.3948781186943,134.2668607333432,136.01922459014656,11079010
2015-04-07,137.69215393066406,140.29836159862242,136.0291421983422,138.98781933478736,15741490
2015-04-08,136.1780548095703,138.5012987658804,135.7511253657164,137.69213104808736,3017120
2015-04-09,142.0358428955078,143.39603033122168,135.61215987719135,136.91277927185976,16092230
2015-04-10,141.22169494628906,142.84995341488258,140.27848397247433,142.77052432500608,8832860
2015-04-13,143.52508544921875,144.32433029252107,140.00049704334242,141.177026295872,8131980
2015-04-15,143.35629272460938,146.47381245284762,142.0258895936684,143.65414801575048,25209020
2015-04-16,140.82455444335938,143.59954303595694,139.79200653779648,143.26694980681353,7282460
2015-04-17,137.66236877441406,141.11745124093528,136.25253636077352,140.2884374828708,5857060
2015-04-20,136.10858154296875,137.70210240186182,135.0462494532595,137.22057386669633,12147920
2015-04-21,134.3313751220703,136.9921814290521,133.68106555265686,136.10855364507086,9936670
2015-04-22,135.24977111816406,137.1063789380199,129.47142923349955,134.52498628138017,8498090
2015-04-23,136.76878356933594,137.78643928723466,133.87961332548466,135.91989381293112,5056230
2015-04-24,135.845458984375,137.95524598806844,132.64850993622608,136.6149198048641,8463600
2015-04-27,132.7279510498047,137.40919288370054,131.55143684983074,135.90008542147797,5945240
2015-04-28,133.24424743652344,135.27460575635124,130.36004512759084,132.27126735809586,9738080
2015-04-29,132.0279541015625,132.9413657418509,130.07205668011935,132.9413657418509,6131490
2015-04-30,132.33575439453125,133.00097111656493,128.8012432812487,131.05499632353488,21565340
2015-05-04,132.92153930664062,133.1995335357318,129.69976041129044,129.69976041129044,6377160
2015-05-05,141.3060760498047,141.9216477007303,133.24421290449504,133.82006243623854,33406860
2015-05-06,134.15264892578125,142.46273702561942,133.32363531138634,142.03083853629548,23519200
2015-05-07,129.88345336914062,134.23208619469352,128.27504081490343,134.23208619469352,14546420
2015-05-08,131.99819946289062,134.13281656585534,130.55858313503794,130.75714829240547,10870640
2015-05-11,132.94635009765625,134.15264806992846,131.45708885300945,132.53432781910544,7095060
2015-05-12,130.94082641601562,132.59391512164922,129.86360244286013,132.59391512164922,6853980
2015-05-13,133.1896209716797,134.1576470565152,130.1614678848654,131.2635220577872,9090850
2015-05-14,131.73011779785156,132.42511851825026,130.55857285692665,132.28612140408035,8461230
2015-05-15,133.492431640625,134.2122322390538,131.84928108168774,132.44497656146842,7811260
2015-05-18,135.45826721191406,135.86036662810628,132.54428113303013,132.80241435405713,5241350
2015-05-19,136.7439727783203,138.35733923920623,135.234865519506,135.4234925646954,7842300
2015-05-20,137.48367309570312,138.60061929837772,136.9127773613608,137.16098762862183,5331100
2015-05-21,138.74952697753906,139.09702738041594,135.8206491159735,137.1460833407402,5419060
2015-05-22,137.73683166503906,139.3204143177264,136.81845068361213,138.34246529850773,4437580
2015-05-25,136.52554321289062,138.4417339786411,134.82779380106632,137.5084611325859,6185290
2015-05-26,137.25033569335938,137.8857532829307,135.25471572723745,136.3120937422035,3805220
2015-05-27,136.47096252441406,137.31983734408,135.87029795666052,136.50571559557417,6515930
2015-05-28,135.83555603027344,137.5134598947948,135.46820967516027,136.51564975238415,15978050
2015-05-29,138.92823791503906,139.49416457334928,134.7384627102813,134.7384627102813,6561840
2015-06-01,138.27793884277344,139.9905958087657,137.70705823729367,138.997754703739,5012310
2015-06-02,134.95684814453125,138.43676013749237,134.26683163831717,138.05947577033854,7370490
2015-06-03,133.63143920898438,135.40366407764682,132.64356723521286,135.40366407764682,8053990
2015-06-04,135.52279663085938,136.0192171313387,133.0406941284627,134.03850418228262,7259390
2015-06-05,134.6639862060547,135.62208930338926,134.0434605689593,134.7384614021475,5338380
2015-06-08,134.3165283203125,135.21504841403168,133.24922703684246,135.02640615797046,3549190
2015-06-09,132.14219665527344,135.50792761360864,131.5862080243296,133.93426769428189,4917770
2015-06-10,132.50457763671875,133.6314468123717,131.55641258426604,132.14218518749254,4191520
2015-06-11,127.17301177978516,133.417990729337,126.19010122009549,132.85206403537245,7871980
2015-06-12,130.17140197753906,131.0252459606819,125.51497462467601,126.3092505635734,7894810
2015-06-15,128.04669189453125,130.55360910348298,124.89938806415795,130.35504395368827,9796250
2015-06-16,127.99207305908203,128.64239776127815,125.31637481375445,125.79293418564122,6120440
2015-06-17,128.57789611816406,129.26791282966204,127.13331044786989,128.69703220658306,8358540
2015-06-18,129.89431762695312,130.58978666559887,128.1158876994647,129.0150325208724,10091120
2015-06-19,131.9558563232422,132.9344852177844,125.43332119546461,130.00357104166955,4300720
2015-06-22,134.91162109375,136.476445164735,131.97077666210794,132.8301867741024,6227380
2015-06-23,137.1520538330078,137.56437789435935,133.89824424083642,135.06067427437753,7400000
2015-06-24,137.4849090576172,138.5976596097067,135.73628372137452,137.10736219454856,5890680
2015-06-25,139.7501220703125,140.50520043187876,136.03430939716017,136.61055939417858,13364180
2015-06-26,137.1371307373047,138.299560595133,136.5062437890213,138.10085735757082,5051870
2015-06-29,135.95982360839844,137.0527143568222,133.34187348115393,134.9215849774399,5329910
2015-06-30,137.68357849121094,139.4421332534937,136.51120359632725,136.90862523869694,9396850
2015-07-01,139.91407775878906,142.07501191610413,136.80929165922385,137.06761956516425,9222040
2015-07-02,142.60653686523438,143.00394337158838,139.3576848574835,140.48533756832998,8388930
2015-07-03,141.9607391357422,145.14500932757232,140.91257070802436,143.36659466041655,16482870
2015-07-06,143.4559783935547,145.452970773655,142.07497054501005,143.06850180756257,21559530
2015-07-07,141.63783264160156,144.95622384833035,141.19571905595657,144.05707915249644,11735120
2015-07-08,140.5052032470703,141.52853933604732,137.71338254839995,139.85941392648363,11708460
2015-07-09,140.12767028808594,143.0685300767689,139.31298237506067,141.2801704187919,3897800
2015-07-10,140.9622344970703,141.3795158499157,138.43865634784785,140.4853285280309,6924625
2015-07-13,142.07498168945312,142.6313568145115,139.69051253632153,141.65770034565935,4775500
2015-07-14,141.22055053710938,142.12466773638965,139.88922211887945,142.0650582788698,5863765
2015-07-15,141.5384979248047,142.07499824073003,140.5847010563867,141.27024018679856,4469840
2015-07-16,147.29104614257812,147.6387882346058,141.51863050351508,141.86635743545503,11094165
2015-07-17,145.68150329589844,146.6452298956747,144.48925357570332,146.4465115022522,5789030
2015-07-20,146.36705017089844,147.04264423242245,144.08192496499905,146.08884743723388,4119160
2015-07-21,143.19769287109375,147.99645159820642,142.67112241491762,146.0491232839818,4841140
2015-07-22,144.78732299804688,145.79079938900304,142.57175227716988,142.88968959393222,3288990
2015-07-23,143.13807678222656,146.06899139469388,142.69097552194816,144.85688186789676,4614385
2015-07-24,144.00245666503906,145.05559761940157,142.5916437676773,143.06853463831385,3748745
2015-07-27,142.07498168945312,143.96268517234185,141.69743492884132,142.96915383185618,3932575
2015-07-28,144.93637084960938,145.33377736028922,142.57176117883031,142.65124551298362,4228590
2015-07-29,144.25083923339844,146.50615995700016,143.29704233404976,145.44307398751872,4672395
2015-07-30,142.4326629638672,145.8404684094456,141.83653805626076,145.7510542213305,12005090
2015-07-31,138.1803436279297,140.82314068892134,135.87534359155293,138.5479453805938,24718095
2015-08-03,137.14706420898438,140.19721280428266,136.5410094643859,138.09093114243868,7285045
2015-08-04,137.27622985839844,138.89569086967876,135.15007329761593,137.90215948314327,7329755
2015-08-05,137.4849090576172,138.22011274663808,135.78596333389763,138.100893804654,7395090
2015-08-06,140.44561767578125,141.081477248526,137.26631981205742,137.94191397556023,5928790
2015-08-07,140.0879364013672,141.57823359712643,139.36266267758873,140.26676478801653,4386630
2015-08-10,140.54493713378906,142.37303099326635,139.49178127552997,140.68403090222571,4832340
2015-08-11,140.0283203125,141.27023458352744,139.07452348191293,140.455531544892,3455910
2015-08-12,136.34230041503906,139.9388941449324,135.6269566433523,139.68056629621577,3933155
2015-08-13,137.25634765625,138.10085535374216,135.73624592883218,136.70991755090395,2962430
2015-08-14,142.6114959716797,142.9691678958424,137.50474498563167,137.60410419348835,4112580
2015-08-17,143.02877807617188,144.01236439824976,140.18727784334166,142.8300596805215,3811935
2015-08-18,140.10781860351562,143.38647563768666,138.89570894142764,143.0387335431201,2369785
2015-08-19,141.55833435058594,142.81019348194377,138.55788076164868,140.02830283014063,4726350
2015-08-20,138.5876922607422,142.07498181120474,137.7034499733556,141.6676303228361,4078760
2015-08-21,136.70994567871094,139.09441530562933,135.1202891540399,137.02786788759224,6153965
2015-08-24,128.6821746826172,134.07704221644096,125.32403412972457,133.53059698444895,12484965
2015-08-25,127.0627212524414,131.24549482432332,123.57542415994158,130.7487291590686,8822655
2015-08-26,124.63851928710938,128.66232475350273,123.85363609997805,127.06273848800166,6370775
2015-08-27,129.2385711669922,130.21222773059986,124.19142964693053,124.19142964693053,9747585
2015-08-28,128.65237426757812,131.5435388462841,127.37071039323051,130.94742915875335,6085340
2015-08-31,129.4969024658203,130.92759036627038,126.67527641775976,127.56944877549665,2913180
2015-09-01,121.95597839355469,128.64244041829173,120.91276739971892,128.52322150245422,11287915
2015-09-02,120.95250701904297,122.9991867983398,119.4224677976435,122.79053853993018,8736275
2015-09-03,124.60871124267578,125.17502385962455,120.21730410212268,121.15122608026545,9177905
2015-09-04,120.47562408447266,123.95298411141651,118.13088928847277,123.95298411141651,8481030
2015-09-07,119.35293579101562,121.85663940377466,118.23024793024169,120.26699052744402,6181830
2015-09-08,123.27737426757812,124.09206968816478,119.33305351399098,120.01859258523147,7786650
2015-09-09,126.11886596679688,127.01303807502603,124.40999091366527,124.8074049506795,6330965
2015-09-10,126.23809814453125,127.13227792681667,121.65791775197663,123.95298045651639,5905800
2015-09-11,125.43334197998047,127.56942847243667,124.68819341376276,125.78107646154008,4756570
2015-09-14,128.31459045410156,129.02000450764424,125.25451911639948,125.56251146368996,4755230
2015-09-15,127.17202758789062,128.23511353284994,126.20830085351918,127.69859805181477,3677950
2015-09-16,127.37071990966797,128.56295453389123,126.19835257782984,127.82775101499786,3808235
2015-09-18,130.62953186035156,132.73582918277307,126.09903014358979,127.76817113192213,14723015
2015-09-21,132.22911071777344,132.93452479066855,129.95393013240283,130.96733656103794,5114355
2015-09-22,127.70852661132812,133.1332150284479,126.88390126414913,133.11334015451484,5256665
2015-09-23,130.87789916992188,131.54356345021702,125.3836712330777,125.3836712330777,4600675
2015-09-24,130.04331970214844,131.4938821648581,127.56942114673865,130.74873364143068,9066070
2015-09-28,127.3906021118164,131.12627485867964,126.90377382991942,129.7651416407166,4238000
2015-09-29,129.4571075439453,130.54998267631623,123.99268640184548,125.39356133483527,7455745
2015-09-30,128.78152465820312,130.69904798623352,127.66877443266308,129.75519626563548,4614400
2015-10-01,127.3409194946289,130.05325600962985,126.77460689193309,128.364255638093,4805725
2015-10-05,129.76512145996094,131.14612933672458,126.66530112864137,129.13919190053596,6383575
2015-10-06,130.30165100097656,131.54356538398278,127.5694393583629,130.9474555761924,5290870
2015-10-07,131.2455291748047,132.13970154225808,129.35781005671905,130.20231797271643,3885495
2015-10-08,129.87442016601562,131.89128760739342,129.03985746477352,131.84160800753926,7332765
2015-10-09,131.04678344726562,131.54354913912044,129.91415827624007,130.34138465447984,4604335
2015-10-12,131.5535125732422,133.07361459032924,130.41094222596183,131.37466901589127,3030865
2015-10-13,130.3612518310547,132.08998663419806,129.35777549029365,131.26535381519125,2282655
2015-10-14,129.72540283203125,131.64291116690404,129.35778590331037,130.35131730834362,3272410
2015-10-15,129.8446044921875,131.94095608459187,129.58627665875724,130.25195595253206,4245175
2015-10-16,131.00706481933594,131.54356516144844,128.19536884175594,129.45715809758022,4561480
2015-10-19,130.8182830810547,131.74227520488037,129.84462651322414,131.13622041917134,3275615
2015-10-20,129.96383666992188,131.51374318849466,128.5629537934866,130.94743818828644,4820130
2015-10-21,130.4705352783203,131.14612927349484,129.16899656393832,129.94394975138405,5580545
2015-10-23,132.17938232421875,132.7357725228871,131.19579615246317,131.94094454201513,4309160
2015-10-26,131.52371215820312,132.93452514769402,130.07314941684578,132.90472041383836,2892595
2015-10-27,131.23556518554688,132.3383856980341,130.60965068284483,131.44421345983875,3002590
2015-10-28,133.42132568359375,134.52414614935364,130.73879392258183,130.88783272935734,7530700
2015-10-29,131.9409637451172,134.12672964057623,131.3150341555673,133.72932317234188,9247245
2015-10-30,136.64039611816406,137.86243570899032,131.47403496694142,132.11982442581098,22078050
2015-11-02,136.411865234375,136.9086309379524,135.12027137305648,136.70992768853867,4664055
2015-11-03,135.7362518310547,137.10732998210315,134.26582963838945,136.7297832077366,5381815
2015-11-04,133.6995086669922,136.89866537050113,133.1331885730873,136.6105479761157,2186090
2015-11-05,129.27830505371094,133.5107586556056,128.74180475098066,133.5107586556056,4656100
2015-11-06,130.45066833496094,132.2390277839262,128.59275441516237,128.86101212252848,2845220
2015-11-09,131.166015625,131.88135942373117,126.10893701344065,127.78799987319499,5847510
2015-11-10,128.53314208984375,130.75865770553256,128.16554035246304,129.7750562405459,3263170
2015-11-13,133.05372619628906,133.8982339689047,128.5629599246574,129.83467893183138,4441780
2015-11-16,134.9414520263672,137.0079841506577,132.3383892565761,132.3383892565761,5557965
2015-11-17,134.553955078125,135.31897852854124,133.62997811964118,135.279243941546,2358845
2015-11-18,133.68959045410156,135.69652824245313,132.66625426600106,133.34186354013661,3512805
2015-11-19,135.53753662109375,135.9150833621266,133.14312257627319,134.31549738049313,3177785
2015-11-20,135.57733154296875,137.63393411323344,134.83218282792845,135.13023018587305,5108935
2015-11-23,135.9349822998047,137.90217035541497,135.12027922177282,136.78940480590586,2940215
2015-11-24,134.6433868408203,136.17341860897295,134.18635570171207,135.73626234376167,2294225
2015-11-26,136.1535186767578,136.61054973175195,134.3850342275826,135.14012769582646,2337000
2015-11-27,138.8460235595703,139.68058635971855,135.71640547897087,136.15354659327195,6154565
2015-11-30,137.57431030273438,138.63738114214502,136.84903654051305,138.63738114214502,3403690
2015-12-01,136.8291473388672,138.2002255393103,136.4317408379117,137.80280387826855,2176670
2015-12-02,135.20968627929688,137.57429589210994,134.52414717910577,137.30603816592946,1948270
2015-12-03,134.08700561523438,135.81574056426072,133.31203716901507,134.32544345091458,2004905
2015-12-04,132.07012939453125,134.19630126768163,131.34485567523836,133.5107621362583,6317890
2015-12-07,133.45114135742188,133.88828242726393,131.94096942496773,132.1297428115352,2258455
2015-12-08,133.9280548095703,134.72288307468915,132.5470465734605,132.73581999193615,3457820
2015-12-09,132.8550262451172,134.44468262362764,132.29865106066455,133.6697141480409,1485595
2015-12-10,134.70298767089844,135.22955809477392,132.139674865574,133.0139873399722,3082470
2015-12-11,132.67617797851562,135.51767842089336,131.92109956365,135.51767842089336,2864940
2015-12-14,133.9479217529297,134.6235158842152,131.74228064888317,131.92110903889852,4359430
2015-12-15,136.43173217773438,136.88874810881492,132.63643514614967,133.91808391645023,5283485
2015-12-16,138.00152587890625,138.49829165263893,135.91511872528193,137.0874786744487,5965905
2015-12-17,139.7302703857422,140.08794233427577,136.78941045778973,138.47842614591852,7209105
2015-12-18,139.5812530517578,140.2866519632887,137.713408884728,138.82615937057298,5621265
2015-12-21,140.26675415039062,140.68405067443265,138.89569114313073,139.4918008801741,4170025
2015-12-22,138.7367401123047,140.26677197457022,137.9617867436122,140.2469122595386,3722030
2015-12-23,139.60107421875,140.08791000191889,138.37903499334408,139.4321757209365,2197800
2015-12-24,139.36265563964844,139.9687104083877,138.498273000901,139.29310116385048,2420515
2015-12-28,140.68405151367188,141.76699709516723,138.776457895513,138.9056218280149,5253100
2015-12-29,140.32638549804688,141.97563616037348,140.08793249574208,140.68405742146075,5459480
2015-12-30,140.91253662109375,141.18079429887567,139.98854469099314,140.6840286822858,2336465
2015-12-31,143.0784454345703,143.83353896924547,140.31642947162325,140.31642947162325,5821050
2016-01-01,144.5091552734375,145.02579590409113,141.3298574695839,143.06853761420095,3112190
2016-01-04,140.14755249023438,144.45947560875916,139.85943502253605,144.45947560875916,6112235
2016-01-05,140.6343536376953,141.63781475803566,140.08790840975394,140.70389294302385,3449210
2016-01-06,139.8097381591797,141.28016036887976,138.4982694499251,139.88922248944536,3008320
2016-01-07,137.4351806640625,139.69050086332695,136.93841503533102,138.5976104160841,3163480
2016-01-08,138.12074279785156,139.889227519618,137.81275048205094,137.94189925830145,2230145
2016-01-11,139.26329040527344,140.03824366157622,135.3189696509727,137.10732915016587,2888295
2016-01-12,137.5047149658203,139.23346474853662,136.02436314851582,139.0744961147064,4170100
2016-01-13,136.9384307861328,139.22355597315192,135.56735264190422,138.70691541502313,3366030
2016-01-14,135.9349822998047,137.29611555544324,133.72934123499527,135.51768574368438,4452225
2016-01-15,134.2459259033203,136.92847217168583,133.33187905250222,135.00101928970926,5443705
2016-01-18,132.61656188964844,136.471468423538,131.76212431234566,134.325437044254,11034040
2016-01-19,132.87490844726562,134.3254559495776,131.8515722136892,133.14315103736521,5526025
2016-01-20,131.67269897460938,139.09437882923305,129.67570656476283,131.14612861041974,3551885
2016-01-21,131.3150634765625,134.55397088012626,129.3578051053029,133.43129053464557,4253900
2016-01-22,135.72634887695312,136.9086538751605,131.9807305996272,133.33193414613726,5008920
2016-01-25,135.31898498535156,136.1138132039615,134.02739102512132,136.1138132039615,3534325
2016-01-27,134.04727172851562,135.59717848415306,132.40795077391942,135.12028759628492,3278810
2016-01-28,131.79193115234375,135.12026733077582,131.19582142193588,134.12673595334365,7343655
2016-01-29,135.83563232421875,136.312523214952,132.04033459356143,132.04033459356143,8227885
2016-02-01,136.6503143310547,137.30604875223693,135.02092329544533,135.7462121977018,2962850
2016-02-02,134.553955078125,137.30604140020878,133.43127486449174,136.51121321952445,3006535
2016-02-03,132.24896240234375,133.5306112102079,131.48393899605273,133.5306112102079,6035160
2016-02-04,134.3751220703125,135.2792392842155,132.86495009501243,133.212692149617,2412730
2016-02-05,137.5047149658203,138.55787079488312,134.2161290488844,134.5241213018784,9341885
2016-02-08,133.74917602539062,138.0511682858112,133.19280093435793,138.0511682858112,2869680
2016-02-09,134.5341033935547,135.12028333725857,131.6131183722676,132.72586879558173,4489805
2016-02-10,132.60662841796875,135.11033162553332,131.37464410565616,134.52413661656033,4981775
2016-02-11,124.976318359375,132.53708549967715,124.19142762716614,132.53708549967715,7927835
2016-02-12,123.59530639648438,126.57590056562768,121.94604065113779,125.18495510401888,6502565
2016-02-15,124.2411117553711,126.45668266011155,123.60525222916405,124.58884624938378,6381475
2016-02-16,123.24756622314453,125.18494931142334,122.20435528019897,125.16508201976725,3703345
2016-02-17,124.25103759765625,125.16509226958304,121.21083386245762,122.99919345965871,4779580
2016-02-18,126.28778076171875,126.72493701683726,124.02253031254692,125.18496026724668,4248325
2016-02-19,125.42340087890625,127.15215095965422,124.25103353244126,125.69165859973123,2934240
2016-02-22,127.2117691040039,127.60919080791182,125.61219033102724,125.97979972210909,2222910
2016-02-23,123.79402160644531,126.97332690882025,123.19790423101365,126.97332690882025,3176410
2016-02-24,122.94951629638672,125.17502461036977,122.50243017823539,123.26744605552715,3347355
2016-02-25,120.58491516113281,123.49596262118295,120.11795416548671,123.39660341186327,5119335
2016-02-26,122.3533935546875,123.47608130905273,120.53522927156502,122.00565908033039,2932180
2016-02-29,125.2644271850586,127.24155991488155,116.39219243930434,122.2043489847665,10496935
2016-03-01,126.86402130126953,127.41046657920728,123.19788817120626,123.19788817120626,9902315
2016-03-02,130.4109344482422,131.136223331898,127.50982439387995,128.61264492482647,6218455
2016-03-03,130.67919921875,131.4442227316678,129.14916735300224,130.74875370178245,4612120
2016-03-04,132.2688446044922,133.1034073702834,128.16555493255555,130.74874272391298,3582405
2016-03-08,129.2683868408203,132.29866101275775,128.7716210801777,132.1297624733498,3317790
2016-03-09,131.12628173828125,131.9707895683841,128.70206247830768,129.14916377664886,4064310
2016-03-10,130.07313537597656,133.13321405556871,129.37766639427082,133.13321405556871,17833535
2016-03-11,127.69859313964844,130.96732002515446,127.27138190274565,130.55002348480718,21468120
2016-03-14,126.5361557006836,129.1789527793584,125.691655553453,129.13920303496982,12830510
2016-03-15,127.07266998291016,127.7681465241091,125.5923102912825,126.75474023208993,10754985
2016-03-16,129.407470703125,129.8247520907884,126.27784513556281,126.47655597257636,10768580
2016-03-17,129.407470703125,130.59970540503278,128.00658772734212,130.33144767007533,28952985
2016-03-18,130.90771484375,131.33494130417884,128.92065169406297,129.15910472965734,9695990
2016-03-21,131.88136291503906,132.1396756202748,129.67572200390882,131.15607408095912,5821815
2016-03-22,132.3979949951172,133.1034089919958,130.15261938548733,131.15608068800375,5897795
2016-03-23,131.13619995117188,134.2856923098883,130.17247339054532,132.33836431808336,16347850
2016-03-28,133.05372619628906,134.70299199499752,131.25543674833617,132.03039004458012,14524240
2016-03-29,133.4312744140625,135.51768132621828,132.92456368104237,133.14314180899487,9831650
2016-03-30,135.8852996826172,136.41187013451764,132.2390411065896,134.136674640756,14137090
2016-03-31,135.24945068359375,138.08100641985015,134.54403663387808,134.54403663387808,19910660
2016-04-01,135.10040283203125,136.4416763585881,134.55395750046782,135.51768422338324,7351630
2016-04-04,136.57086181640625,136.96826839647346,133.97774370723116,135.41836151008638,10299785
2016-04-05,132.8848114013672,136.06410852998113,132.08998332919256,135.91508489898536,14462615
2016-04-06,132.7357940673828,133.9876381073885,132.00057541272758,132.93449730483186,8418790
2016-04-07,131.64292907714844,132.7358198354091,130.25199098489688,132.53710139929757,8097120
2016-04-08,132.20921325683594,133.21267438100318,130.76858078856432,130.76858078856432,5038705
2016-04-11,133.39154052734375,134.11682947455307,131.20577414801815,133.3120561840843,9954090
2016-04-12,134.59373474121094,135.52765692409042,133.08356237825498,133.10343725621348,5928440
2016-04-13,137.57431030273438,139.08448245264086,135.75614580832655,136.51122430323588,12188990
2016-04-18,135.78591918945312,137.325895716483,130.68909883537663,137.325895716483,8191005
2016-04-20,136.541015625,137.50474231415694,135.16000755910804,136.59069522796315,5438255
2016-04-21,136.4515838623047,137.02783383027278,135.7461851353689,136.90861492658433,10687120
2016-04-22,134.34532165527344,135.86542353577352,133.71939200091933,135.1302048173272,9875030
2016-04-25,135.20968627929688,135.6865922725258,133.35178738927874,133.35178738927874,6058445
2016-04-26,139.26329040527344,140.087923262126,134.89175843843282,135.11033655278342,10542295
2016-04-27,141.5782470703125,143.02880981599813,139.29312145400203,139.57130907754365,9645560
2016-04-28,139.38250732421875,142.75057801613943,138.79632746234097,142.07498397060272,7576220
2016-04-29,142.502197265625,142.9393534944785,138.20021977007227,138.89568869775485,7450705
2016-05-02,142.71084594726562,144.01236962152177,141.49873645824408,141.9160178160913,6482800
2016-05-03,140.57476806640625,143.65470641601974,138.8956975171877,142.8698232535302,6790965
2016-05-04,141.6080780029297,143.18778983460547,140.04824105092348,140.29662398647343,10556840
2016-05-05,140.91253662109375,142.12464593837973,139.89913051842703,141.8563882605978,4879865
2016-05-06,139.68055725097656,141.0814399764872,138.3194242658106,140.29655694564653,3336315
2016-05-09,141.8464813232422,142.27369254569155,139.67064514542744,139.69052001812548,9426675
2016-05-10,143.6348419189453,145.0555845455294,141.3596465210145,142.6214356451045,7884015
2016-05-11,145.36358642578125,146.4465320857543,141.87629643629074,142.63137489313593,20587085
2016-05-12,144.4097900390625,147.787790617719,143.2672198726893,146.18820451286498,13928815
2016-05-13,140.73373413085938,144.83702417096796,140.48535125017654,144.45947734110192,7147530
2016-05-16,142.72079467773438,143.06853676863764,139.69053571452432,140.70392693470572,12194845
2016-05-17,140.8628692626953,144.06204132421925,140.6840409020301,142.86980677286334,12358385
2016-05-18,140.8628692626953,141.80672098418185,139.1440643248232,140.6840409020301,5739560
2016-05-19,140.29660034179688,141.18084283692656,139.4222877047828,140.7337415002152,4820755
2016-05-20,139.5216064453125,141.2205518002542,139.1440748242812,141.0615831387221,3002500
2016-05-23,139.7203369140625,141.21063413438713,139.29311049432405,140.28664197454046,7189935
2016-05-24,138.77647399902344,139.68059131127782,137.60411409441136,139.67066145381233,10344860
2016-05-25,141.62791442871094,142.17435977057178,139.19376535324398,139.88923435193638,14539060
2016-05-26,145.09532165527344,146.8439466539027,141.94582887853403,142.29357093896678,9680565
2016-05-27,147.54934692382812,147.9666283044037,145.67157313119478,145.9299010049462,6467605
2016-05-30,147.5592803955078,149.92387470042996,147.05256970438603,148.77138985571455,3645025
2016-05-31,148.34417724609375,149.0297163669958,146.94329427382317,147.69838787253812,5838425
2016-06-01,148.10572814941406,148.98002544347978,147.12212663849388,148.98002544347978,4591255
2016-06-02,148.29449462890625,149.0297133390098,146.3273066576555,148.83101008657505,8029905
2016-06-03,152.86473083496094,153.49066042324773,147.6586212151203,149.0296992999066,12403875
2016-06-06,152.05995178222656,153.99733457224795,151.52343644955425,153.02367825009824,5788250
2016-06-07,153.4111785888672,154.76238182419752,151.18566291888627,153.00382709907905,9288805
2016-06-08,150.88763427734375,153.00386136695928,150.0232666650055,152.62631452015012,6138060
2016-06-09,149.57615661621094,151.39432091339586,149.0495861823913,151.39432091339586,6506980
2016-06-10,149.16880798339844,150.52001133179024,147.7083155715306,149.24829231684342,7553170
2016-06-13,150.2020721435547,150.51007961688364,148.03618093424407,148.23488418536002,8149210
2016-06-14,149.44696044921875,150.7186791653018,148.89058540594277,150.7186791653018,3317845
2016-06-15,152.11959838867188,152.62629396212265,149.62583994823305,150.420652966959,4436055
2016-06-16,149.91395568847656,152.18913597486323,148.30443963574965,152.18913597486323,5395000
2016-06-17,149.248291015625,151.18567425118525,148.78133003576093,150.22194756168594,4071290
2016-06-20,149.4171600341797,150.38088653338414,147.04262101739667,147.4002928641126,4470035
2016-06-21,148.38392639160156,149.73512975425206,147.59902806560368,149.04959063613052,3514265
2016-06-22,146.91348266601562,149.21848278143136,145.73117787923653,148.43358448899275,13434650
2016-06-23,148.48326110839844,149.04958126954895,146.6750418873569,147.24134688842173,4938325
2016-06-24,145.83053588867188,146.6551687597573,141.23048071192426,145.0555826189937,10010940
2016-06-27,146.92343139648438,147.95669740394106,143.67457940481825,143.67457940481825,3874345
2016-06-28,147.6983642578125,148.59253634901526,146.5855989113276,146.72469268462768,3806320
2016-06-29,149.58607482910156,149.8245278062668,147.5692074391781,148.03616837774018,7386400
2016-06-30,151.6824493408203,152.31830888207136,149.87422992917308,150.99691019351627,16671825
2016-07-01,149.70530700683594,152.20901042869002,149.2085412971078,151.81160392494203,7826050
2016-07-04,147.82754516601562,150.27163932565153,147.28111496926513,150.1226156647355,5863470
2016-07-05,147.12213134765625,148.51306924188646,146.72470969210045,147.92688935503844,5626500
2016-07-07,148.21502685546875,149.32779248158423,146.87376838161532,147.24137019769478,4816065
2016-07-08,147.72816467285156,148.57265714321562,146.56573492417363,148.05603180608134,3022315
2016-07-11,151.12606811523438,151.6129039790146,148.4534661130065,149.21848956749352,9358070
2016-07-12,151.74205017089844,152.3580499627517,150.60942495373138,152.01030790025249,7707845
2016-07-13,153.99737548828125,154.3451175614831,151.10619531649976,151.7023202533924,10092985
2016-07-14,155.1307373046875,155.886318440121,153.97750823512462,154.89214551023485,7779395
2016-07-15,153.53012084960938,155.28981121251562,152.6353712656911,154.89214810185754,10296390
2016-07-18,154.45469665527344,155.6576524946592,152.97337362774243,154.09679381767614,11794690
2016-07-19,154.65350341796875,155.37924524437588,152.9833005566693,154.9915184965834,8044350
2016-07-20,155.52841186523438,155.9558989333389,154.69331026483857,154.69331026483857,6584740
2016-07-21,151.24351501464844,156.5822181702854,150.9154361657164,156.38338664150413,19245670
2016-07-22,151.12420654296875,152.08855540239773,149.77213088633758,151.51193334017097,7148085
2016-07-25,151.9891357421875,153.73887433102414,149.12591335147994,151.50198563075193,16965590
2016-07-26,149.46392822265625,152.30726290640604,148.40017126401725,152.20785473291144,8745100
2016-07-27,149.9212646484375,151.1142690013153,148.23117388437115,149.54347412157472,5383780
2016-07-28,149.19552612304688,151.12420869955415,148.26100122161495,150.31893112232518,17177630
2016-07-29,151.81019592285156,152.33710633628925,148.9867485810583,149.42418707595922,7287990
2016-08-01,149.75225830078125,152.99325626680155,148.72826149903676,152.30727458663083,8753250
2016-08-02,151.1341552734375,151.71077732533792,149.1060342398742,149.18556988529562,7478715
2016-08-03,150.35870361328125,151.90961079412395,150.0803364356876,150.91543796846852,6721560
2016-08-04,150.3984832763672,151.3727685237793,149.32477466559905,151.06457733520128,6247560
2016-08-05,153.96754455566406,154.29562341682706,150.4382430710712,151.07451308881562,11826830
2016-08-08,153.40087890625,155.4488726183889,152.69500948445855,154.4944599758063,8299200
2016-08-09,152.05870056152344,153.67920680104484,151.13412729815238,153.65931910090242,4387675
2016-08-10,151.36280822753906,153.04296268036433,150.84583412592983,153.04296268036433,5469795
2016-08-11,152.03884887695312,152.8938381471647,150.94526782799582,151.31310693347817,5032730
2016-08-12,151.6908721923828,153.48038608406847,151.1142502067357,153.48038608406847,5640660
2016-08-16,153.65933227539062,154.27571450381888,151.5417395398433,152.40668011668654,9130715
2016-08-17,152.23770141601562,153.4207695971848,151.33300043395985,153.30145853336862,4074430
2016-08-18,155.9658203125,156.2740114268301,152.47626437572194,152.4862158115853,8828800
2016-08-19,154.84242248535156,156.2740338266817,153.89796130513,156.2740338266817,4980850
2016-08-22,153.66929626464844,155.48861913072008,152.86400355769092,155.09095608051413,3063810
2016-08-23,154.76287841796875,155.09095726333365,153.31139462076135,153.76870561499865,2864930
2016-08-24,154.49444580078125,155.46874605919885,153.52016071223656,154.89212401948424,5708595
2016-08-25,155.24008178710938,155.88630323040903,153.5102307666078,154.69329886492122,7385560
2016-08-26,155.2500457763672,156.8804887473282,153.6693144850444,155.58806092610763,4269865
2016-08-29,155.36932373046875,156.86058292816574,154.12660773238792,155.23014014547863,3810195
2016-08-30,156.3137969970703,156.49275600302897,155.1307288478201,155.4687591546589,3995125
2016-08-31,160.4396209716797,162.04023988278055,157.70564560718205,158.0734847109548,16732220
2016-09-01,161.19517517089844,162.53731450207619,160.55890519364425,161.6525013279278,5809640
2016-09-02,161.77178955078125,162.19927654766565,160.71796887301105,161.45364699227667,4653795
2016-09-06,162.6566162109375,163.4420060665231,162.0501701819891,163.0244553011629,5139395
2016-09-07,159.88287353515625,163.64084542465483,159.55479469783523,162.8156801980364,5855265
2016-09-08,162.99464416503906,163.50168205351787,159.11737591718438,160.01212546057403,8621810
2016-09-09,162.815673828125,164.1180376899516,160.77761667776693,162.98468137348925,5724665
2016-09-12,161.712158203125,162.05017332880806,160.061827643792,161.4437272880832,3707645
2016-09-14,160.25071716308594,163.04434032315046,159.7238067890461,161.83144828520545,10205775
2016-09-15,160.77761840820312,161.40395209531397,159.72379771995918,160.4495395801866,5913325
2016-09-16,160.3800048828125,163.03444512537914,160.00221426668344,161.234979148996,21762045
2016-09-19,159.6343231201172,161.4934212776417,158.8886935698965,160.73784029136664,11289775
2016-09-20,157.62611389160156,159.72381928495972,157.37757067044478,159.4653246262371,7785335
2016-09-21,156.76113891601562,158.22257395070122,156.41318758434397,157.8945103199417,11589240
2016-09-22,158.1033172607422,159.4454567622603,157.27815192194123,158.86883465189788,10557490
2016-09-23,158.3021240234375,159.74367148869652,157.68574176777958,158.21265211597859,20953255
2016-09-26,156.63194274902344,157.92437054738784,155.95589729162342,157.5068045817109,5588885
2016-09-27,155.9757843017578,158.719696020459,155.58805748096444,156.13485560512802,7136570
2016-09-28,155.54827880859375,157.43720101019804,154.79269779205393,155.68746239008172,9776355
2016-09-29,153.61959838867188,158.95830192505596,152.95350437631967,156.5822293374603,275291850
2016-09-30,154.49444580078125,155.54828170293945,152.32715639587346,153.50027300883318,12160390
2016-10-03,156.6915740966797,157.61614751018283,155.71728900968355,156.87051791740691,4913960
2016-10-04,157.41732788085938,158.39162821134852,155.54829320925322,157.25825658161125,5760785
2016-10-05,155.51844787597656,158.03371908181913,155.19038419291402,158.03371908181913,5037740
2016-10-06,155.68746948242188,157.07930536070666,154.59387331386003,155.48862278277548,6813165
2016-10-07,155.6178741455078,156.08513659604128,154.12661487866666,155.60793787821675,3702290
2016-10-10,155.1307373046875,156.18457335306184,154.89214551023485,156.06526228596047,3748000
2016-10-13,153.56985473632812,154.72309868321733,152.16806762001647,154.69327471647634,8820280
2016-10-14,155.43893432617188,155.87635764637253,153.22191790328154,154.29562642349936,5165400
2016-10-17,152.9534912109375,155.66757870494183,151.90960673789797,155.66757870494183,9600320
2016-10-18,154.48451232910156,155.2798536110247,153.08272502632275,154.07689783625838,8136765
2016-10-19,153.89794921875,156.08512629851256,153.5897580844485,154.8921219977214,5289465
2016-10-20,153.56985473632812,155.6874473941661,153.21195196556496,155.46872819148467,8309335
2016-10-21,155.3892059326172,155.71728476488002,152.89382258809846,153.112541809607,8837230
2016-10-24,156.55238342285156,156.98982185798232,154.59386190093483,155.46873877119634,4699655
2016-10-25,156.393310546875,157.67580187040923,155.20030629861137,157.06935589514336,16337325
2016-10-26,161.35426330566406,163.24318573134465,155.30969030566195,155.68748085874782,22158720
2016-10-27,160.3800048828125,161.45369843518893,159.26652074313657,161.45369843518893,5474240
2016-10-28,162.91510009765625,163.44201049463916,159.06765602198413,160.3700200284843,7209950
2016-11-01,160.1711883544922,163.02445957756967,159.86299719839482,163.02445957756967,5877560
2016-11-02,159.8629913330078,160.2904783609748,158.25242106075,159.04776234496862,6343860
2016-11-03,160.2606658935547,161.2449025100336,158.47115166808135,159.80335486196805,3982285
2016-11-04,158.998046875,161.4536548776016,157.09918837697282,161.01623159310242,5471590
2016-11-07,159.43548583984375,160.64837785998674,159.06764676106812,160.5787936528627,4982960
2016-11-08,161.4138946533203,162.1098125717513,157.8746419511231,159.62438059887427,4831750
2016-11-09,163.46188354492188,164.91338245074073,151.5119227100143,154.85234379380364,21350670
2016-11-10,162.8952178955078,165.71866498156325,161.6723744401026,164.67478051689636,12885775
2016-11-11,162.16946411132812,164.13793719984614,160.5589090115163,161.65250517180408,11578190
2016-11-15,156.98983764648438,162.74609174618794,155.78688182889329,162.74609174618794,15099270
2016-11-16,153.21197509765625,158.44131871068214,152.48623318093343,158.44131871068214,23642440
2016-11-17,154.34532165527344,155.5283896719524,152.32715215736434,152.32715215736434,7943505
2016-11-18,154.94186401367188,156.08515686543657,153.76873201641158,155.27987918394786,6751805
2016-11-21,151.65110778808594,155.2798475035491,149.86160893648506,155.09095224991125,10259105
2016-11-22,153.0230712890625,153.59969331737003,151.42245251889565,152.14819439509623,8502995
2016-11-23,152.3370819091797,153.8979403638963,152.1084264307368,153.5002621732654,6888175
2016-11-24,147.55514526367188,151.11428619307807,146.51126064744204,151.11428619307807,25374535
2016-11-25,149.5534210205078,151.04468036008817,148.12182479720522,148.5294241542526,7835965
2016-11-28,149.15573120117188,149.7224169301969,146.3819960013758,148.0124386469985,11504390
2016-11-29,148.21128845214844,149.62301206117803,147.67442662470668,148.72826257527325,5050065
2016-11-30,150.20957946777344,151.11428044542052,147.13758885475156,148.33059329797734,5668925
2016-12-01,148.121826171875,150.40841171121966,147.3761964951649,150.12010824430325,5755035
2016-12-02,143.86676025390625,147.9329235825151,143.1608908534261,147.13758226602127,14225185
2016-12-05,145.1094970703125,145.52704790795792,143.75742118989476,144.35391588515563,4639780
2016-12-06,145.94456481933594,146.68024295612958,145.19893524618186,145.34805509286366,2480505
2016-12-07,146.01416015625,147.03815696785878,144.0655898849818,146.25276709900422,10661950
2016-12-08,148.8574981689453,149.40429627624596,146.36212975001285,146.36212975001285,4133075
2016-12-09,148.18148803710938,149.62303584684128,147.7042892467578,149.0265259814948,4055335
2016-12-12,145.11940002441406,148.42999715917875,144.8708568326438,148.3305738145216,1977205
2016-12-13,145.3380889892578,146.80946013065312,143.75735825945594,144.7515308195632,3430320
2016-12-14,144.71180725097656,145.45743693810638,143.8568179362727,145.20889370906312,4262975
2016-12-15,144.10533142089844,146.06385287509596,141.57018797395463,142.92226346766654,5216825
2016-12-16,142.98196411132812,144.55274405756182,142.6041735276165,144.15508093672113,18907690
2016-12-19,143.0912628173828,143.54858891299378,142.24622516335393,142.9620306878671,5084970
2016-12-20,142.83282470703125,143.75741343110448,142.5445212286967,143.3597351525178,4583755
2016-12-21,143.12110900878906,144.45329679013452,142.58424725400286,142.58424725400286,5372810
2016-12-22,141.79884338378906,142.9620235102562,141.47076460403628,142.8626001818935,4205060
2016-12-23,141.5205078125,141.96788255010978,139.9994246027027,140.19825613387667,5108450
2016-12-26,141.38131713867188,141.96787543569667,140.02924155662245,141.55032469019395,2428280
2016-12-27,141.60003662109375,142.36555398952515,140.29767256991622,140.60586373685143,6685225
2016-12-28,141.77899169921875,142.94217212116004,140.99360181717893,141.5702087245695,6059835
2016-12-29,141.84857177734375,142.16671436375296,140.84446268250247,141.1725415360344,6515615
2016-12-30,143.10125732421875,143.7077034325227,141.98778847089037,141.98778847089037,4951835
2017-01-02,142.126953125,143.35971771397493,140.82457398716204,143.16088618380542,6032775
2017-01-03,141.5205078125,142.65386422705237,140.60585546332757,142.15677781418074,6909880
2017-01-04,138.30931091308594,141.7690430751204,137.69292865002268,141.7690430751204,21293040
2017-01-05,138.9754180908203,139.75088688162148,138.42863515109855,139.75088688162148,10901015
2017-01-06,142.5345458984375,142.86262473457464,137.8619368898777,138.7865254589683,18323435
2017-01-09,141.02340698242188,144.00592515474065,140.59590482272282,142.76320924960783,7701630
2017-01-10,141.69949340820312,142.30593961746294,141.17258286883222,141.39130216855727,4335025
2017-01-11,144.8311004638672,145.90480901383094,140.77488839050355,142.16672437941514,17887590
2017-01-12,144.7416229248047,145.63638759997596,143.76733777038945,145.63638759997596,5533925
2017-01-13,144.7018585205078,146.2627019761369,144.03576454442424,145.44748814342023,5030255
2017-01-16,145.38784790039062,146.3820207835911,143.75740497873684,144.37378731196134,3709690
2017-01-17,144.35386657714844,146.14338039142578,144.0158515149713,145.7059419957279,3406665
2017-01-18,145.36793518066406,147.48552791185153,144.17493096008712,144.17493096008712,5629255
2017-01-19,144.7913360595703,146.54107484816024,144.5527291098141,145.34807043912735,4576810
2017-01-20,143.76731872558594,145.77555188263045,142.76320973199964,145.6960162440486,5575240
2017-01-23,145.696044921875,147.11770492044215,143.55856403517362,143.65798739543877,7285995
2017-01-24,147.80368041992188,148.1317592910857,145.96446969172223,146.64049996936336,6033395
2017-01-25,158.1132049560547,159.24656112277037,148.14165490796861,148.62880494720972,43862620
2017-01-27,156.09506225585938,159.4851950662041,155.18042512140266,158.66998127739663,18546835
2017-01-30,154.21607971191406,157.07930222712224,153.32133026084801,156.28396095402297,10917390
2017-01-31,153.9277801513672,155.15060847725164,151.72071526862547,154.4944507726801,7003400
2017-02-01,154.50437927246094,155.67749574901683,146.96854856533665,154.59385117256343,24759335
2017-02-02,153.18214416503906,155.18042599693234,151.9990761265527,154.89212256471927,10114765
2017-02-03,152.16807556152344,154.53421151227025,151.11425489535378,153.0031770135969,7812880
2017-02-06,152.44644165039062,153.84822883009645,152.16807450163836,153.1025992881089,9837780
2017-02-07,153.7687225341797,156.07521097239243,152.80437359560148,152.90379695478728,14980555
2017-02-08,152.62542724609375,154.33540584085534,151.51194328702547,153.97750299148956,13038340
2017-02-09,153.03302001953125,154.99154175402748,152.1084465475464,153.08273169616862,6531395
2017-02-10,154.8722381591797,156.3436096612089,153.3213310124634,153.3213310124634,9356480
2017-02-13,157.7056427001953,158.2723133315113,154.9915399206138,155.0512030337972,9023340
2017-02-14,157.1389617919922,158.3419176423992,156.27403624732193,157.85476747374486,6694845
2017-02-15,155.94593811035156,158.07346718771842,155.43891546920537,157.31790135917015,6803720
2017-02-16,157.57640075683594,158.76940517338605,155.14068024598902,156.08514144367976,11281025
2017-02-17,158.37173461914062,161.25482975393436,157.0991946122094,160.06182539367052,21295865
2017-02-20,158.4810791015625,160.06181010719345,158.07346464002333,159.44542786672977,4237005
2017-02-21,158.6500701904297,159.1869167361393,157.29799480619872,158.89861334804664,3160670
2017-02-22,158.24246215820312,159.952440365216,157.8249114569378,159.02786706310087,5532555
2017-02-23,161.24488830566406,161.93086996248894,157.57638825907748,158.76939258100757,22877735
2017-02-27,159.1670684814453,161.5530770905255,158.18283196601652,160.55890430842996,11908390
2017-02-28,159.4851837158203,160.74778730031855,158.82902608892786,159.44542348231394,4860945
2017-03-01,163.86949157714844,164.47593754432447,159.47524996657452,159.48518623264002,14842915
2017-03-02,162.27882385253906,164.77420731933708,161.6027936219293,164.53560038330664,22276865
2017-03-03,160.95657348632812,162.44783271629365,159.6641609562567,162.24900118627292,6585175
2017-03-06,162.83555603027344,163.48177745137585,161.27471262459142,161.63261543893142,7197870
2017-03-07,162.4478302001953,163.24317147783282,161.85133561937204,163.04433995089173,4748770
2017-03-08,164.01861572265625,166.81223871744493,162.88525939669535,163.65077666024376,19075645
2017-03-09,164.12799072265625,164.5952531716378,163.04434596645376,164.23735034198967,7987745
2017-03-10,164.81394958496094,166.80229499210958,164.26715156402074,166.0367777627933,6763985
2017-03-14,166.25550842285156,169.29767467815398,165.4303432016629,167.6175354360775,15581710
2017-03-15,167.84620666503906,168.70119593597192,166.05669247356633,166.42453157935898,8591550
2017-03-16,169.28775024414062,170.27198681842148,168.85031176668247,168.85031176668247,6308725
2017-03-17,168.66140747070312,169.89418718937537,167.52805109881214,169.5959323189045,23232470
2017-03-20,169.92401123046875,171.39538271023446,168.61171103767037,170.00354687395242,7961440
2017-03-21,170.90826416015625,171.27610327294306,169.19828558577666,170.0035631947826,7291645
2017-03-22,171.4351806640625,171.97202736584222,168.7111414035045,169.60590613297057,46771635
2017-03-23,172.61822509765625,173.68198208670722,171.4053330892912,171.6240523150536,8050770
2017-03-24,174.8451690673828,176.24695638490033,171.77317869315166,173.18490227771866,11400145
2017-03-27,173.21473693847656,174.97442718672605,170.73925617165662,174.8451798577397,9996530
2017-03-28,170.88836669921875,174.96448135960898,170.20238502111602,174.47733121301647,15245650
2017-03-29,170.52053833007812,171.94219828115266,169.51641400251907,171.81296612097503,12418935
2017-03-30,172.02171325683594,173.37378883143862,170.8684692023481,171.49480290208888,17671925
2017-03-31,173.4235076904297,174.97441484941524,171.4053380963814,171.99189641448203,12932155
2017-04-03,174.16912841796875,174.93464569146437,173.1848919234744,174.37789620263962,6827130
2017-04-05,176.93295288085938,178.27509236877222,174.4972323008274,174.9744310470271,10031640
2017-04-06,177.8276824951172,178.45401620859303,175.71010476314163,175.96858422797195,9941750
2017-04-07,173.6024627685547,177.59904197800307,172.98608043973837,176.96277194410015,8063385
2017-04-10,174.447509765625,174.9545324537925,172.4889880536735,174.51709397621724,4727575
2017-04-11,175.1831817626953,176.7639127475991,173.2047725876488,173.52289996989114,7002720
2017-04-12,174.85513305664062,175.66041067178418,173.70188886143225,175.17326049366827,5444935
2017-04-13,174.87496948242188,175.7697340021692,173.48313378931005,174.7755613156975,4689340
2017-04-17,176.48558044433594,176.91306751703559,173.98026044634364,175.96860628001613,6164030
2017-04-18,175.302490234375,177.49960360957405,174.29838117560564,176.9627569766362,6331485
2017-04-19,174.0995330810547,175.29255255776206,172.42933008546083,174.79546616575826,4491320
2017-04-20,176.7937469482422,177.25105793103515,174.19895539063072,174.29837873638888,4990375
2017-04-21,175.053955078125,178.45402436258723,174.6761645454491,176.96276510607535,6303725
2017-04-24,178.10604858398438,178.64291038367384,174.23871705237002,174.57674732878934,15641625
2017-04-25,178.55343627929688,179.74644057412868,175.98846870197855,178.7522678001234,12482915
2017-04-26,179.0207061767578,183.12662958944554,178.06629359909022,178.89145885637748,18056605
2017-04-27,182.26170349121094,182.79855013508475,176.9627605815036,180.53183733673174,35302185
2017-04-28,179.33885192871094,182.90792906072477,179.14995664726106,182.43073030802893,6183310
2017-05-02,182.51022338867188,182.90788639484535,179.14991485798225,179.35869779663966,12852815
2017-05-03,182.3213653564453,183.32547451235183,181.69503158253244,182.9377476927568,5062760
2017-05-04,180.03475952148438,182.53014310803937,179.0405866617889,182.38100807716066,7517130
2017-05-05,180.60147094726562,181.3371492590602,179.00085180934948,180.7307031218404,10979005
2017-05-08,180.41256713867188,180.93947759059293,178.95113168300398,180.4423911136957,5339955
2017-05-09,180.31312561035156,181.207890280552,180.02482215754043,180.9394593625045,2916860
2017-05-10,184.44888305664062,184.8465461187947,181.13828572814464,181.13828572814464,9703005
2017-05-11,186.26821899414062,187.00391233748243,185.02550297693213,185.52258938381553,11000005
2017-05-12,189.81741333007812,191.27884862055,186.41734403281916,186.90449418626767,21542525
2017-05-15,193.5256805419922,195.14617188757475,189.7677085783159,189.88700445974277,20779135
2017-05-16,190.85134887695312,193.86369117234904,190.30455081659503,193.56543630580165,11986620
2017-05-17,189.13143920898438,191.3583765755134,188.0179553558468,191.3583765755134,5935155
2017-05-18,187.47116088867188,189.46944263518793,185.9301901074892,188.48520616130097,29135705
2017-05-19,186.37759399414062,188.395763759078,186.05945138593646,187.89867731116487,6210640
2017-05-22,187.1530303955078,189.68817408025825,186.37757682180154,187.40157359656428,6930165
2017-05-23,186.95419311523438,188.1173734399976,185.96995660818578,187.10331296332993,6853250
2017-05-24,186.12905883789062,187.58054283358138,185.41325310827938,186.62614530734982,5071745
2017-05-25,190.1852569580078,191.37826126699633,186.10914246826812,186.10914246826812,20721450
2017-05-26,191.88528442382812,192.78004903529273,189.3899161861517,190.88117536871982,8166890
2017-05-29,192.58123779296875,192.9888371500263,190.284685667263,191.96484028374547,5551995
2017-05-30,191.26889038085938,192.32271104452093,189.99635050362218,192.26306310806794,3162900
2017-05-31,192.08413696289062,193.12800628655697,191.3782675869167,191.4677394998241,6755665
2017-06-01,191.4080810546875,192.47185319379165,190.66245148162767,191.54726463486375,3786725
2017-06-02,191.92507934570312,193.36662700145632,191.57711276643968,191.9747910241514,2249620
2017-06-05,192.27301025390625,192.67068846921538,190.77181481203047,192.05429102795443,4172920
2017-06-06,192.15371704101562,192.86952266863338,190.90106477762106,192.86952266863338,8500360
2017-06-07,192.60107421875,192.86950509711932,191.67650088307022,192.86950509711932,3319780
2017-06-08,194.62921142578125,195.51402460244967,192.05429236952057,192.85958507244447,7549470
2017-06-09,195.87196350097656,196.24973891541896,193.9730894806814,194.60935957697328,6917105
2017-06-12,194.20172119140625,196.84622461744058,193.28708398831614,196.02105933022503,5963705
2017-06-13,193.70462036132812,194.8578644242,193.11806206326963,193.50578883976777,4502130
2017-06-14,192.4818115234375,193.29702539509282,191.4777023777754,192.86953833907677,4776295
2017-06-15,191.3981475830078,192.81980737486225,190.92093372697303,191.3782598798715,5790430
2017-06-16,195.38478088378906,196.86610382993348,191.34844170757307,192.263078871209,20987425
2017-06-19,196.35906982421875,197.20412279608473,195.85204714302324,196.10059035005753,4589665
2017-06-20,195.46432495117188,196.84622460803942,194.93741455343724,196.84622460803942,3288840
2017-06-21,197.2339630126953,197.8404090946044,194.68888279021604,195.44444874067872,5471275
2017-06-22,198.41702270507812,199.67962649429816,196.84622775412998,196.84622775412998,8725330
2017-06-23,195.8917999267578,199.7591314742455,195.4046649682275,198.63572653671554,7278480
2017-06-27,193.8140106201172,197.4228632280774,192.1636799074529,195.85206817058818,7889085
2017-06-28,193.30697631835938,195.60351323333452,192.44205077112827,195.60351323333452,6668830
2017-06-29,188.56472778320312,194.25139664762065,187.89863391721445,193.60519048252044,13991430
2017-06-30,190.03614807128906,191.15956832809394,186.10916806131954,188.09751390635472,9607990
2017-07-03,188.66416931152344,189.97646946916345,186.94423951078005,189.50920705738605,6688170
2017-07-04,190.64259338378906,191.1595675489561,187.55071500056636,189.3899409676775,7190025
2017-07-05,190.85134887695312,191.53733051905027,189.70805625337294,191.02035642835966,6196350
2017-07-06,190.5033721923828,191.4478484144634,189.69809471450094,191.2390654680372,4020510
2017-07-07,191.81570434570312,192.37243869199898,189.70806284333366,190.28466972351637,6117550
2017-07-10,192.4718475341797,193.42624486450373,190.88116509047688,191.07999660347173,1770385
2017-07-11,190.63262939453125,193.05841339001677,189.93671148677868,192.84963043275468,6674495
2017-07-12,190.33419799804688,191.5975923551242,189.25981718801725,191.0007090675391,8322240
2017-07-13,191.4185333251953,192.55259949936982,190.36405260632452,191.00072106938086,13936220
2017-07-14,194.4228057861328,195.66629997461416,191.7468038638214,192.78138434971402,18855700
2017-07-17,194.9202117919922,196.96948787349146,194.26364318936433,195.57678039462002,12766270
2017-07-18,194.4029083251953,196.3725988968444,193.25889972767445,195.33801839660254,5482015
2017-07-19,197.8050994873047,198.56115365180642,194.19400276661432,195.47728206152965,24951875
2017-07-20,194.9799041748047,202.22201368694755,194.0845943600372,199.34705550297357,53447685
2017-07-21,198.84963989257812,199.45646565711382,193.0698813962511,195.9547818103158,10520095
2017-07-24,197.556396484375,200.63031034167193,196.48201573069056,199.87427137250367,11131900
2017-07-25,196.5615997314453,198.9590600480738,195.59664707586242,198.9590600480738,6503275
2017-07-26,196.28305053710938,198.06374255490954,195.49716895977096,198.06374255490954,9083305
2017-07-27,198.59100341796875,199.95386820956006,195.47728907054005,197.6658358359642,12824215
2017-07-28,201.48583984375,202.44085004129607,197.9642710477539,198.30249781754998,6524320
2017-07-31,203.2665252685547,205.26605835499413,201.51569100686814,202.5403289505003,12323035
2017-08-01,202.00314331054688,203.73409270098668,201.14761869403605,203.73409270098668,10319740
2017-08-02,201.12771606445312,203.5848617870424,199.99364997551749,202.1026264341173,5595360
2017-08-03,198.24281311035156,200.92875747851514,197.7653155998579,200.92875747851514,5760575
2017-08-04,198.20303344726562,198.8794870075241,196.6809977573115,198.76011642144852,5936375
2017-08-07,198.54124450683594,199.34702625778928,197.8249906883504,198.98889934854654,3096200
2017-08-08,196.51185607910156,198.959059186013,194.99977815843542,198.959059186013,6113210
2017-08-09,197.4469757080078,198.89938358976826,194.84061676305623,196.77052215990864,5656995
2017-08-10,198.32240295410156,199.45646905376603,195.5867157226908,197.94437586108924,12475820
2017-08-11,197.40719604492188,198.45173422137813,193.69661355765123,196.75062745636393,7108715
2017-08-14,195.49717712402344,198.9590605269686,195.0296221174353,197.46686757301634,13331735
2017-08-16,199.06849670410156,199.95386395223758,192.5028413682493,196.9694779230997,15736385
2017-08-17,196.77052307128906,199.55595308440903,195.37780047504287,199.55595308440903,5380385
2017-08-18,195.6862030029297,196.0045296265777,194.18405228640657,195.57677490556293,4780900
2017-08-21,192.9007568359375,197.30769265047613,192.49288712714096,196.65112412110187,4226245
2017-08-22,193.1494598388672,194.47253941451436,192.25413495777778,193.96518409475217,6030490
2017-08-23,194.9998016357422,195.77574084563832,191.79655918283825,194.581989382673,11772595
2017-08-24,193.40809631347656,195.95476979890947,192.20440252638542,195.95476979890947,6683200
2017-08-28,194.19400024414062,195.5668074577448,193.48768889111574,194.97988186456908,3109530
2017-08-29,191.87612915039062,194.16414627832526,191.39861646024806,193.98509040405094,6573825
2017-08-30,193.2589111328125,194.25370655610268,192.18453025413424,192.99031211829956,4986645
2017-08-31,194.18405151367188,195.158946717641,191.7070207785299,193.8856098693708,12623030
2017-09-01,197.476806640625,198.58103001459634,193.48768301073574,194.78091991763293,9741665
2017-09-04,194.6018524169922,198.68051923316887,193.62695726976762,198.5611486541455,3515510
2017-09-05,196.65115356445312,197.1684514389305,194.15422249657678,194.60187740476692,4257605
2017-09-06,198.1930694580078,200.54078704531332,194.9898272792425,196.37259218155134,8690700
2017-09-07,197.6658477783203,199.894194993392,196.61136705723123,198.76012881683175,7573850
2017-09-08,200.46119689941406,201.10782295674974,197.27785495208778,198.1632221683656,10382690
2017-09-11,200.25228881835938,201.94343772401635,199.1779081163327,200.94864246429213,6619590
2017-09-12,203.2864532470703,203.84353626206115,200.3816372185489,201.34659000500577,8247545
2017-09-13,202.9680938720703,203.9529467322997,202.06282646129736,203.33616329385546,5553885
2017-09-14,200.47116088867188,204.2215283861165,199.43656523605992,203.29637600729973,7420430
2017-09-15,199.9638214111328,201.28690113795932,198.46168579525195,200.5308620852185,26642480
2017-09-18,202.35133361816406,203.92311215352137,200.45127078307644,200.45127078307644,4696890
2017-09-19,205.7933349609375,207.99183963859824,202.062851931408,202.93827680640405,9883090
2017-09-20,203.57492065429688,206.310607878051,202.98799503843173,205.82315268997164,9855460
2017-09-21,204.75872802734375,206.32054882834763,202.93825072140646,203.33616278832693,4619805
2017-09-22,203.3162841796875,205.12680387407661,202.7393010390174,203.88330965178062,9229780
2017-09-25,198.85958862304688,203.27648249969496,197.96427886075236,203.13721175490753,9283005
2017-09-26,197.76531982421875,200.45126424975535,197.04906595349266,199.15802725097922,6688165
2017-09-27,194.90028381347656,199.96378799955247,194.3829860325759,198.46165263466065,10204425
2017-09-28,200.0035858154297,201.8638480547621,192.59236432154663,195.47726444258973,29040390
2017-09-29,199.40672302246094,201.94345417731148,198.64072635984002,201.74449814503095,8302165
2017-10-03,200.2622528076172,200.94866403922308,197.99412058627675,200.17272486767885,10665535
2017-10-04,204.81838989257812,206.36032553943198,200.67009559295067,200.67009559295067,11278920
2017-10-05,205.48492431640625,206.370291567496,202.98799346160473,204.72888531774308,6984945
2017-10-06,206.8179168701172,207.54412829829,204.65921309864572,205.32572406389883,5329765
2017-10-09,208.8970947265625,209.66307626720615,205.9425511287272,206.34046322310382,7730920
2017-10-10,210.03115844726562,211.09558163598442,207.79286878886938,209.49396042880153,8013085
2017-10-11,207.68344116210938,210.3295854057618,206.5593174959231,210.2500151311298,6646800
2017-10-12,210.41912841796875,211.3940236651175,206.51953225000054,207.5740129511127,5883605
2017-10-13,215.34335327148438,216.62663260980858,209.40442374475367,210.49870471493134,8775575
2017-10-16,215.37319946289062,218.59634195406883,214.4579895361204,215.343356815883,12871020
2017-10-17,214.5972442626953,216.36797869003877,213.30400733120234,215.37318338571674,8393690
2017-10-18,218.0392303466797,221.84929823323554,214.37839086533307,214.6768324963796,13769970
2017-10-19,214.4281463623047,217.66123133475145,213.00558108115428,217.66123133475145,1389580
2017-10-23,211.2050018310547,215.44283980710586,210.50864811038537,214.87579916210697,9697690
2017-10-24,212.0306854248047,214.15954691816668,210.6976632665834,212.97573799430867,6527360
2017-10-25,201.05809020996094,213.88100175448517,198.6606297565473,213.18464804046135,41250615
2017-10-26,202.7194061279297,204.04248583622075,196.00453715373996,203.21680382972153,18399545
2017-10-27,204.72886657714844,207.91220835824254,203.52515763930907,203.6345857245672,13202490
2017-10-30,204.708984375,205.72367987462232,203.0377354856195,204.52992849944022,7818575
2017-10-31,203.9429931640625,205.92264141323736,203.34612505019848,205.12680208204597,4869915
2017-11-01,203.80369567871094,206.32052641807024,202.4507735470127,205.3257311794501,8287185
2017-11-02,202.84872436523438,205.60429656786224,202.44085462686795,203.5351355884919,6437875
2017-11-03,202.04293823242188,204.41054080332128,200.6800583040474,204.41054080332128,14712095
2017-11-06,200.89889526367188,202.7392725255868,198.85956199004545,201.94343329937033,13967505
2017-11-07,201.605224609375,204.11209790422367,200.51094367794514,201.14761208003924,9254445
2017-11-08,201.2271728515625,203.13717782362394,200.3517482137705,201.60519988685817,7256175
2017-11-09,200.02352905273438,201.94347699123128,199.47638851762224,201.22722305060705,8242040
2017-11-10,197.64593505859375,200.69996410329037,196.96948149914,199.17792841514682,9269145
2017-11-13,197.9045867919922,198.76011138907575,195.48722622955808,196.9694767464157,10662040
2017-11-14,198.79989624023438,199.59573554465678,197.46687413346584,197.76531577004576,6867825
2017-11-15,201.2471160888672,201.82409925280788,198.53132884806521,198.56117149625408,6669770
2017-11-16,202.43089294433594,204.2215122690369,200.5606729979306,200.94864254219863,6535720
2017-11-17,203.57492065429688,204.92784294303746,201.814128627329,204.43044526599124,9213165
2017-11-20,207.02685546875,207.2954544564333,202.31152016878198,203.5749144803881,6242135
2017-11-21,204.89801025390625,208.9070345113698,204.3807123944155,207.37505627054398,12199665
2017-11-22,204.18174743652344,205.98232460762947,202.7591973592399,205.42524163528424,7727380
2017-11-23,203.35604858398438,205.26605369318372,202.2120400878514,205.26605369318372,6169625
2017-11-24,204.9974822998047,206.22107631360174,203.12726220959263,203.93304400354123,5882820
2017-11-27,206.21112060546875,207.25565875470426,203.63460430222753,204.90794113083214,4854085
2017-11-28,204.89801025390625,206.91744370649963,204.15191370207992,206.1216043486769,3673385
2017-11-29,204.18174743652344,205.49488459651366,203.33616530961706,204.7089877624482,7073210
2017-11-30,199.0187530517578,203.01783456396063,198.1930710990286,202.75919324044648,14002640
2017-12-01,199.98373413085938,201.2968714505644,199.18789471098125,199.55597936055733,14397975
2017-12-04,198.5511932373047,201.1476096161,197.4668699872251,200.1528143013029,11121745
2017-12-05,198.92919921875,199.98367971191234,197.99408929330556,198.6606002620144,9118205
2017-12-06,198.88941955566406,201.05808123033611,198.222908517768,198.95906251364232,8877305
2017-12-07,199.2774200439453,200.15282966619543,197.7951694465376,199.55596153912123,5137600
2017-12-08,200.74969482421875,201.34656289733414,199.5559434986163,200.3119824629778,9422800
2017-12-11,200.6502227783203,201.2272059135398,199.36694343195765,200.7497083869133,5423855
2017-12-12,199.03866577148438,200.3319028294249,198.50146775417724,199.9538757194216,9131050
2017-12-13,201.92356872558594,204.33097180405846,197.57631762720507,200.15283410440057,14278380
2017-12-14,203.8634033203125,204.3409160163619,200.53084801310413,202.3413676526645,7305950
2017-12-15,204.94773864746094,206.3205458843083,203.0377334306267,205.42523615682646,47593060
2017-12-18,203.57492065429688,206.51952158133432,198.87948536863087,204.70898675078732,9946515
2017-12-19,203.20684814453125,204.57965539035635,201.44605614430495,203.9131443347616,5162930
2017-12-20,201.48583984375,203.35605992511782,200.62037276239758,203.20684669708191,9901635
2017-12-21,201.05809020996094,201.94345747051392,200.31199369221272,200.95860460251217,10774280
2017-12-22,200.95858764648438,201.84395483233385,200.19260621537467,201.74448441265048,5060680
2017-12-26,202.192138671875,203.07750585519446,200.36171901772235,200.92874442847378,8160215
2017-12-27,201.75445556640625,203.33617663225766,200.97851635752164,202.28169592169004,2804730
2017-12-28,199.9041290283203,201.88377730358252,199.47637430004954,201.54555051666523,5178750
2017-12-29,200.98843383789062,201.3465607496886,199.4564557692597,199.60566899110404,5952110
2018-01-01,198.94912719726562,201.3863727650468,198.32240127035502,201.3167298045579,6587075
2018-01-02,199.59571838378906,200.15280129517615,197.46685715563365,199.15800604502184,5361035
2018-01-03,198.97900390625,200.33192641889542,198.58107659113372,199.47640166561413,4420105
2018-01-04,199.03866577148438,199.53606347227895,198.18314111894276,199.15803636227565,3919750
2018-01-05,199.56588745117188,200.29208377617394,198.2826081820931,199.45645936005883,10737010
2018-01-08,200.17271423339844,201.5654216008042,199.6952167330553,200.7198546917978,8902060
2018-01-09,200.89889526367188,203.0675567756275,198.16320835937006,200.9486380614424,6210530
2018-01-10,199.40672302246094,200.8392307418764,198.9789683120264,200.4711613231888,3384405
2018-01-11,202.47068786621094,203.13719890118892,199.1679753362176,199.69521563522068,10388690
2018-01-12,203.60476684570312,204.1121070205499,202.1623165930279,203.43565345408751,11603980
2018-01-15,206.5891571044922,207.19598290040344,203.0079028031804,203.9330552310564,17556860
2018-01-16,205.57444763183594,207.71326668604857,204.4304390809904,207.6237387499383,5790935
2018-01-17,204.3508758544922,205.7535410568992,203.29639512509354,204.53988941530395,8017325
2018-01-18,208.21067810058594,209.06620274290492,205.20639177346027,205.52473358426408,18241070
2018-01-19,211.0060272216797,211.67253823704033,207.52424374541377,209.44419134765647,21521570
2018-01-22,213.70193481445312,214.51765907169306,207.71326282509537,211.09556079206004,15949650
2018-01-23,213.9705352783203,215.6218992570873,212.93595475896356,214.2689769290836,12292315
2018-01-24,214.8957061767578,215.67164537303057,213.0752287764646,213.13491407165895,5840000
2018-01-25,217.33291625976562,218.45703973299854,208.9268995577638,214.07993159026913,20306595
2018-01-29,221.85926818847656,222.73467779415827,217.06434720772077,217.2633032463133,11075070
2018-01-30,216.47740173339844,222.43623093192772,215.6616623167754,221.4513781390375,13464675
2018-01-31,220.6356658935547,221.48124805839478,215.5025331471154,215.67164654420878,15715055
2018-02-01,223.02317810058594,225.0227113446985,219.8696785755748,219.8696785755748,19281415
2018-02-02,216.05960083007812,221.83935928683377,214.46792222532957,221.83935928683377,11409100
2018-02-05,211.3442840576172,215.08472455364253,209.0662092235074,213.8810154158661,11852655
2018-02-06,205.6838836669922,208.78765551967984,202.58012699367714,206.05196827305667,16672600
2018-02-07,206.1812744140625,208.90701907996552,205.12679379407268,206.32054515294092,17681475
2018-02-08,209.25521850585938,210.10078548841372,205.04722303382366,206.18128918288778,9196485
2018-02-09,205.32574462890625,208.01170409261567,204.52992052937782,206.91742318670651,9492815
2018-02-12,207.5043487548828,208.1111744973122,205.45507285796867,206.42002551690345,3864305
2018-02-14,207.4049072265625,209.37459795206203,206.2807835193809,208.9070428798382,5936665
2018-02-15,207.34518432617188,208.40962262040338,205.5247222215118,207.61378331676607,4543530
2018-02-16,208.94680786132812,211.2945254858092,207.086545421116,207.5143153133056,8278030
2018-02-19,210.14056396484375,210.69764690236354,208.2206011487078,210.69764690236354,5940840
2018-02-20,208.07139587402344,211.97099176499358,207.2556564133723,210.14057199197393,4176755
2018-02-21,209.91175842285156,211.05578216708236,207.42477008240058,208.4494080643166,17860140
2018-02-22,213.38360595703125,214.37840132279828,209.0363550660285,209.40442449396306,25711650
2018-02-23,215.04490661621094,215.5323617969088,213.37365773274217,213.38360022155842,11364270
2018-02-26,219.87962341308594,220.76499070130268,215.0747598671323,215.0747598671323,9089990
2018-02-27,217.47222900390625,219.84978946835744,216.4873760661477,219.84978946835744,5170600
2018-02-28,216.9748077392578,217.89996010027699,215.78105639175456,216.86537964694,4434510
2018-03-01,217.99945068359375,219.60107179171843,216.0695452910168,216.48735751321814,7402970
2018-03-05,218.85498046875,219.62097715061495,215.03496990725398,216.8653897372159,12045605
2018-03-06,215.3632354736328,220.0387702503253,213.9406703310043,219.8497567185647,12020755
2018-03-07,215.8905029296875,218.37749144087843,213.54278516794832,215.3135197735664,14829560
2018-03-08,215.33340454101562,217.4821509247802,213.7417259358687,216.6067413533843,8758330
2018-03-09,215.3632354736328,217.24339794427738,214.20926930663106,215.8705756014866,8224955
2018-03-12,218.97434997558594,219.8497747505439,215.57215166296197,216.36799098752624,6277370
2018-03-13,215.65174865722656,220.54614027314136,214.66689573267954,218.84504861545594,6900820
2018-03-14,215.22398376464844,215.88053717067473,212.8862085799883,214.8757993143807,6045500
2018-03-15,215.99990844726562,217.25334506127717,214.6071859189923,215.8705802008063,6840855
2018-03-16,211.0458221435547,215.27370227513632,210.18035506813587,215.2040744956543,13624550
2018-03-19,208.7080535888672,212.01076603799604,207.96195712597518,211.83171017300023,9400115
2018-03-20,207.97190856933594,209.19550257094178,206.6388864746192,208.48920638943946,4935780
2018-03-21,209.12588500976562,211.28458915264034,208.0216615360085,209.8620390520613,8705805
2018-03-22,209.51385498046875,210.79713433801757,208.5290020925549,209.12588539057046,8826575
2018-03-23,206.67868041992188,208.2703590822331,204.60950423066635,207.09649265341972,9807460
2018-03-26,206.7880859375,207.09647003954782,204.69902499812554,206.91741417876045,39086245
2018-03-27,208.8771514892578,210.49867253919857,207.5142869087527,207.5142869087527,10743090
2018-03-28,208.4693145751953,210.2997344065072,207.03680681873462,207.72321805031976,29636940
2018-04-02,218.1685333251953,218.94447236841734,208.71797890605347,208.71797890605347,13330135
2018-04-03,219.5115509033203,219.86967784518976,216.3679938779521,217.76070133001508,6725650
2018-04-04,214.5375518798828,221.202677162597,213.8809833576892,220.62569408364243,6525390
2018-04-05,222.4959259033203,223.03310869958463,215.7710997954281,217.24340780472082,9938470
2018-04-06,222.6750030517578,223.43105728535622,219.25290438007139,222.0383345904701,6466925
2018-04-09,222.4859619140625,226.31592987602073,221.83935104330823,222.81424618331934,9255470
2018-04-10,221.57077026367188,225.79865061963676,220.92415933980286,222.83416464379636,5992515
2018-04-11,224.04782104492188,224.62480419804123,220.8445786448228,220.8445786448228,4416230
2018-04-12,225.73895263671875,226.28609309966893,221.5409151637149,223.55040596429006,6722045
2018-04-13,229.0217742919922,230.20558312309973,226.2363444269223,226.59447134070803,14760390
2018-04-16,233.19992065429688,233.7769037702332,227.8081317590783,228.30552942667452,8126910
2018-04-17,231.75746154785156,234.27429243481856,230.91187947368425,233.9758508098553,4562910
2018-04-18,229.58880615234375,232.28470815936976,229.0317231995904,232.28470815936976,4448050
2018-04-19,229.578857421875,231.90667477375072,229.02177448426767,230.792508898536,3303645
2018-04-20,229.36996459960938,231.58835391667122,227.81807114715838,228.97203736332503,6090280
2018-04-23,232.58316040039062,234.2046665305308,229.44954587917323,230.53388436813688,6770770
2018-04-24,231.98626708984375,233.2695615613992,229.52912141918813,233.2695615613992,4961760
2018-04-25,232.35433959960938,232.88157988085484,228.932241425915,231.5883429878604,6258845
2018-04-26,235.90577697753906,237.30844211335423,231.00144301588298,232.58316403488837,15984510
2018-04-27,236.51258850097656,240.14358536520487,234.46331256033008,236.76128733220787,9081330
2018-04-30,240.95933532714844,242.49131351542664,237.43775122287136,238.5419746888738,17153405
2018-05-02,250.0616912841797,256.3388472381566,243.3667231230865,245.1175573975793,44457135
2018-05-03,245.4259796142578,251.3251090453835,243.89398619904895,249.69364519787905,14888205
2018-05-04,245.40606689453125,246.75898917535943,241.55621375410817,246.74903150707837,9572795
2018-05-07,247.71400451660156,248.44021610952416,244.60030514321767,245.71447116722416,11527340
2018-05-08,247.0773162841797,248.2014398873613,243.8840317103259,248.2014398873613,13371440
2018-05-09,248.92764282226562,249.7533248063215,245.29664576963083,247.04748016777324,8356080
2018-05-10,248.2014617919922,250.68845038710234,247.28625181051652,249.59416933350437,4922335
2018-05-11,252.14083862304688,253.1555189610927,248.3108704153203,248.69883999854312,7081180
2018-05-14,252.99636840820312,256.2891386883512,249.94233930453237,252.2801145200254,8371965
2018-05-15,255.43359375,259.5321761360213,250.53921757793546,253.47386085511732,19896975
2018-05-16,254.9461669921875,257.2640269444733,251.68323925493195,253.07594676008736,6905970
2018-05-17,252.81729125976562,257.85096851365216,251.6832251606829,255.66240658614822,11007855
2018-05-18,257.5326232910156,258.0598636085332,252.08113388142792,252.28010509355494,16842745
2018-05-21,254.00111389160156,258.63684896651256,252.58850623073295,258.63684896651256,9994395
2018-05-22,251.22561645507812,255.5131972571789,250.41983463281338,254.0309466889789,6788225
2018-05-23,249.76327514648438,251.67328039188104,247.10715821119922,250.68842753342565,7563955
2018-05-24,253.76234436035156,254.57808384043207,247.93284295228315,248.79832523616386,7862165
2018-05-25,257.8211669921875,260.0096989100377,253.17545857907518,254.25978204742478,5328215
2018-05-28,258.07977294921875,260.57671921102735,256.6174224423972,258.6468136344398,7639045
2018-05-29,255.51318359375,258.82583864605755,254.35921738139757,258.06981484804606,5472950
2018-05-30,259.29339599609375,260.31803396889103,252.7376984320566,254.04087788215574,10222160
2018-05-31,265.5307922363281,278.5427022552617,258.93529410767036,260.01961741268605,33424490
2018-06-01,262.2280578613281,265.41138473609146,260.0693386143175,262.0290866497047,11663440
2018-06-04,259.4327087402344,265.41140863174047,257.254104319414,265.41140863174047,7310235
2018-06-05,259.58184814453125,261.16356878556394,258.08965542369987,259.43263494419585,10427190
2018-06-06,261.7704772949219,262.8150003260788,258.6468051528013,260.03951264725936,5151345
2018-06-07,260.7259216308594,265.5506853720293,259.94002476776257,263.42180865291147,10246015
2018-06-08,262.2977294921875,263.61083641270227,258.89551569750665,260.2384956259003,9240235
2018-06-11,263.2925109863281,264.5857328584605,262.4270134899053,263.4218088865444,6556110
2018-06-12,264.47625732421875,265.14278351652945,262.6458376606802,264.416572036399,4888760
2018-06-13,263.7500915527344,264.93390042795994,261.1636176146261,264.89410011418295,7476990
2018-06-14,265.142822265625,266.2171879621356,262.52650545177653,263.6108288172932,7921145
2018-06-15,266.6051330566406,267.5004427302316,263.09350695871444,265.13282512404624,8291175
2018-06-18,261.69085693359375,266.80411949910877,260.98456075014025,266.6051482897233,9018440
2018-06-19,259.29339599609375,263.0537211190409,258.68658541862135,261.6908563780017,8084725
2018-06-20,263.54119873046875,264.29722255610994,258.45777868129835,260.43741172239424,5626690
2018-06-21,261.4222412109375,265.01343733962443,260.8552006562794,265.01343733962443,4577330
2018-06-22,262.9045104980469,263.42179314423737,260.3279942177758,262.2777845782185,6336050
2018-06-25,264.2176818847656,265.6103894656448,261.63120760099093,262.82497430388645,5256485
2018-06-26,264.5857238769531,267.02298465948337,262.6558184442852,263.02388787114796,8185110
2018-06-27,263.4615783691406,266.5653347860132,262.6458389532659,265.0134565775769,6542350
2018-06-28,266.4261169433594,268.5748786958097,261.0542277416072,262.42701992126564,21541805
2018-06-29,267.19207763671875,270.5843334007108,265.6700419756895,265.80932789596085,11526965
2018-07-02,266.1972961425781,269.4701814930391,265.0134871936613,268.3659428178852,6508435
2018-07-03,269.221435546875,269.98741693798434,264.13801618044863,266.0082360535373,7436185
2018-07-04,271.62884521484375,272.5540279188502,267.8685201855951,269.6094119650388,6738890
2018-07-05,271.5791015625,274.0760473392822,271.28067513285106,273.17078002435824,9070555
2018-07-06,272.8126525878906,273.92681846334983,270.2262091021788,270.2262091021788,5210920
2018-07-09,275.5782165527344,276.1054569114312,272.0765476005165,273.5488557525128,9378320
2018-07-10,273.001708984375,276.27459452643745,271.81789996615555,275.78715446908166,7380115
2018-07-11,276.087158203125,276.6644206714072,272.1158779392179,273.0813232196362,7236090
2018-07-12,276.6544494628906,278.7844127403635,275.1415996402751,277.66967809483197,7998395
2018-07-13,279.55078125,281.05369867448127,275.74871605816446,275.74871605816446,7195995
2018-07-16,280.3669738769531,282.068933923318,278.3266143717595,280.635694818723,7525645
2018-07-17,278.8042907714844,281.82005785496915,277.33126166917816,280.36692387931276,7246275
2018-07-18,278.396240234375,280.26741504752545,277.13221614747715,279.48111704109687,6865075
2018-07-19,268.2143249511719,280.2773952207247,265.5170313324785,280.2773952207247,30066400
2018-07-20,265.4075012207031,272.02626008577556,264.94967034618674,266.7412035937635,16529215
2018-07-23,266.15399169921875,268.9308957078069,263.21783555804876,264.7506107566901,9788330
2018-07-24,261.21734619140625,268.5228682918433,259.8040022329524,267.1393822154715,15629820
2018-07-25,261.7447814941406,262.2623280949352,257.58439206650775,260.5703009252736,15585390
2018-07-26,261.0182800292969,263.2577123651059,257.6541501494023,261.0978909254578,18322485
2018-07-27,260.9884033203125,264.1534601701289,259.9035264896865,261.37655576924635,9429105
2018-07-30,259.8238525390625,260.35136194767097,255.89242366335463,260.35136194767097,8601690
2018-07-31,260.14239501953125,261.48606042726897,256.22089794397493,259.5352746413442,9138695
2018-08-01,261.306884765625,263.9742897877562,259.74425160649406,259.74425160649406,8422445
2018-08-02,254.83743286132812,260.96850405051265,254.1407084906908,260.6997527543491,10325285
2018-08-03,260.6698303222656,261.56559688108575,256.6587607442592,258.1815730065238,13728745
2018-08-06,255.35499572753906,261.5656781987018,254.5985707357524,261.5557458208306,9478805
2018-08-07,255.53408813476562,258.5598178262693,253.6330709050583,256.19099177415876,8756960
2018-08-08,256.4497985839844,258.71908842102556,255.3052061018971,256.39008282834436,7585360
2018-08-09,254.2501678466797,257.1863088848404,252.82689173714593,257.1863088848404,7113895
2018-08-10,255.89242553710938,256.7682970991533,253.20509509667815,253.41411542384577,7697420
2018-08-13,256.2208557128906,257.0370115000167,253.8022766021462,253.8022766021462,9906555
2018-08-14,257.3853759765625,258.5399311647271,255.79288501446518,256.7881880689962,8026645
2018-08-16,247.91009521484375,253.20509975068543,247.38258579267682,252.80698458995863,28747470
2018-08-17,251.46331787109375,253.5932658614491,247.83046769261617,249.22388593411227,16269850
2018-08-20,253.7525177001953,254.84734197804457,251.1050078573573,251.46331757433626,5273715
2018-08-21,251.49317932128906,253.32454856242555,250.86614869726822,252.6576973097278,5717355
2018-08-23,248.36793518066406,251.61263308858082,246.43705987495264,251.61263308858082,15759965
2018-08-24,249.72152709960938,251.60264924102745,247.30294799798006,248.60679255273027,11071805
2018-08-27,253.7823944091797,255.78294828494018,250.4779958292827,250.8263428215342,12497515
2018-08-28,255.81280517578125,257.7835163513409,253.8321616231866,254.67817537718025,8043980
2018-08-29,256.509521484375,257.78350826391426,253.8022957810739,255.22557195387157,7367820
2018-08-30,254.40945434570312,255.19573719998078,251.49320804046204,255.19573719998078,11864215
2018-08-31,256.2408142089844,257.5844491940342,253.91179324040314,253.91179324040314,7848165
2018-09-03,252.62783813476562,257.7835008621919,251.8116823093998,257.1863129320647,10383735
2018-09-04,250.33863830566406,253.86200457398562,249.04474124681335,252.8069857249153,10007445
2018-09-05,246.46690368652344,252.01073388018122,244.36681360472528,250.21918531964636,11312730
2018-09-06,250.99554443359375,251.73207424180643,246.46692719023196,247.2332996912532,14738165
2018-09-07,247.82052612304688,250.81638300828254,246.4569505389744,250.21919506912903,7261450
2018-09-10,243.52081298828125,247.13376818029275,241.8586585973302,247.0342317932646,12189100
2018-09-11,240.14675903320312,244.37679770634114,239.61924954305215,244.24740342822497,11436865
2018-09-12,244.92417907714844,245.5910303055745,238.87273464371987,240.06709527951458,10526440
2018-09-14,246.74559020996094,247.76078841684398,244.5559264713649,246.83516384225302,9606245
2018-09-17,244.92417907714844,246.6161912434509,243.1823987203713,244.37675935616602,9308395
2018-09-18,241.91836547851562,245.6109466072417,240.96288302143276,244.43648106930755,11353325
2018-09-19,244.22747802734375,245.64080659814798,242.25676696680605,242.25676696680605,10385120
2018-09-21,234.93133544921875,248.02952780134333,227.5262931925936,244.24737300955613,22665640
2018-09-24,228.66094970703125,235.4787671292836,227.78507808067351,234.8915419193941,17288950
2018-09-25,235.55838012695312,237.10110295151352,222.97774969611234,228.12346484107437,18880355
2018-09-26,232.78147888183594,236.61338645754356,231.16907763653626,236.10578737662865,12230885
2018-09-27,227.4168243408203,234.32421550933256,226.72009997959822,233.2990544702007,19836580
2018-09-28,227.24761962890625,231.50751584215706,225.60536033986662,228.32253365266956,17108015
2018-10-01,223.34603881835938,225.09778222355442,199.49858192367682,216.97610421889212,52675400
2018-10-03,218.61830139160156,226.64045645781653,216.1997223525159,222.3307925760419,14809870
2018-10-04,213.890625,217.88180005530867,210.3274533518782,215.98076753486268,17195555
2018-10-05,209.45159912109375,216.76706822436947,207.11263062358705,213.13421777040816,18835195
2018-10-08,219.8226318359375,222.31088945647147,207.84913738089762,209.0235876879724,20339050
2018-10-09,220.64874267578125,224.24178740924145,216.08030517436669,220.1610386982442,15574240
2018-10-10,226.4812469482422,228.24293787047648,221.40519453656572,221.65402033739062,16926305
2018-10-11,222.06207275390625,222.94789189547043,217.9713764513751,218.96667954019415,11416085
2018-10-12,232.33360290527344,233.52797881384453,223.34601683471132,223.34601683471132,31383075
2018-10-15,232.99050903320312,235.6479666017972,230.4126775384807,232.90093539526777,15909195
2018-10-16,234.04550170898438,235.229914746037,231.45772294016726,233.19950324474607,18427010
2018-10-17,234.09527587890625,236.61339139717785,233.34879858644345,235.88682441824082,23964220
2018-10-19,238.66372680664062,240.06710784101298,231.02975375165886,231.90562535106065,17833920
2018-10-22,231.70655822753906,242.6946974614387,230.4126611963559,239.9078458220718,21713015
2018-10-23,233.7867431640625,234.8517247645598,227.63577733238424,228.91971164143166,11187685
2018-10-24,234.31427001953125,237.88740474822143,229.70601149119446,235.8868508476367,21549170
2018-10-25,236.04608154296875,237.7181834236216,231.90561709499065,233.49810809409598,18069465
2018-10-26,230.63162231445312,237.47931210944455,229.37754594776914,235.88682116596587,9211060
2018-10-29,226.55088806152344,229.4969919367539,218.65814172307154,229.33773979493168,18556500
2018-10-30,223.70433044433594,228.1234788586495,222.0123181273826,226.92911811651305,9753165
2018-10-31,222.77870178222656,225.93381088713875,220.36010727498666,224.75936048159613,13824200
2018-11-01,220.8677215576172,224.2915667599404,219.18565683543116,223.68443124223634,13346585
2018-11-02,225.5754852294922,228.12345863675154,221.45493116275756,222.59952360852628,19503550
2018-11-05,224.8290252685547,225.93381235938276,222.05213619545748,225.93381235938276,7019100
2018-11-06,224.00289916992188,226.92909252985112,223.17679582641594,224.6299449433693,10531665
2018-11-07,225.7944793701172,226.78978254724242,225.4063117385232,225.73476360942908,817830
2018-11-09,226.0432891845703,226.70019287994313,222.1018821994535,225.33661729643526,8184035
2018-11-12,229.65623474121094,231.29847872401177,226.56084160082474,226.73004129946148,11436895
2018-11-13,232.08477783203125,233.17961735586326,226.92911488027104,228.9197211511506,10588105
2018-11-14,224.9185791015625,233.8962168695444,223.42562452579946,232.92082413243926,13534490
2018-11-15,231.3582305908203,232.1047080062696,225.3366430687718,226.7300766898836,15245955
2018-11-16,232.62225341796875,233.49812504979093,229.4671442551267,233.2990522701071,9310215
2018-11-19,233.9459991455078,236.6731199483467,231.90562473168907,233.89623095256195,10028470
2018-11-20,232.89097595214844,234.5531302932463,231.33829037152967,232.90092351570473,9025805
2018-11-21,234.23463439941406,235.88684123610327,232.87107397451007,232.89098428945536,7162860
2018-11-22,233.02037048339844,235.28966046859392,232.42319770089068,233.09999655849032,6285445
2018-11-26,233.0104217529297,234.89154410458752,229.5268607174803,233.52798364487603,12281895
2018-11-27,233.60760498046875,234.68251899922043,231.52740989071717,231.52740989071717,8688795
2018-11-28,230.96009826660156,236.4243028231131,230.4325888137347,233.32890942888946,9754780
2018-11-29,241.4505615234375,242.8340321455335,230.31311804385172,232.00514536641566,33036205
2018-11-30,245.63084411621094,246.5166632632166,238.41489667794585,240.66429139225147,15027475
2018-12-03,244.0682373046875,247.6314243697861,242.5354619636787,246.83517882003926,9089565
2018-12-04,243.9089813232422,246.09864516028557,240.86335619142216,244.247380740751,7825650
2018-12-05,241.16195678710938,244.5260711139074,239.46994446599263,243.1625106554325,14282635
2018-12-06,234.94129943847656,239.86804673863023,233.12984050938795,239.86804673863023,15486500
2018-12-07,254.72789001464844,267.9256175410593,234.12512091046145,235.0905660373808,169038095
2018-12-10,238.54429626464844,256.76830909682786,236.48402670945256,247.65132889883407,94740175
2018-12-11,242.59518432617188,246.63611250330067,233.0999841978799,236.68308145140895,50392955
2018-12-12,246.26785278320312,251.01545309326303,243.69002125214672,244.72514503994756,32819995
2018-12-13,251.69224548339844,253.16528977625492,244.56587184930748,246.83516163647977,21138660
2018-12-14,250.01019287109375,253.1453916208391,248.2485020982142,251.6922575720054,13357645
2018-12-17,243.34165954589844,252.01074101216952,240.27612418603192,250.81638033371868,36928205
2018-12-18,246.25790405273438,246.765503192906,241.6596083502358,241.83875562778314,18392330
2018-12-19,243.97866821289062,247.96982841291,243.27199628770407,246.59630519368255,15160015
2018-12-20,246.0986328125,246.71573104612946,241.97807869023217,242.81414481529148,11504770
2018-12-21,244.28720092773438,247.41245212632467,243.58052902810417,246.83517449255697,11040145
2018-12-24,246.53659057617188,247.52194617545896,243.05302950371492,244.84457823554555,7699145
2018-12-26,248.45750427246094,248.9850136719555,240.96287354985589,245.74031602172198,11896120
2018-12-27,246.8849639892578,250.5476725079568,245.90957109699235,250.2689888244524,13268690
2018-12-28,247.10389709472656,249.00491441354944,245.8498055085289,247.68117469697125,8700670
2018-12-31,250.1196746826172,251.31403537768114,245.54127429989848,246.2379834397591,11621760
2019-01-01,248.91534423828125,250.0201312672557,247.28304779059218,249.62201610913436,6012900
2019-01-02,246.95460510253906,248.47741766010893,244.2473794030548,248.40775433906003,8568385
2019-01-03,245.88963317871094,249.02483185976277,244.37676821870852,246.83516808354244,9129440
2019-01-04,248.41769409179688,249.22388716314674,244.84455965074557,246.43705066641138,7343980
2019-01-07,248.14898681640625,249.62203121514094,247.03423696939126,249.01489569063693,6057280
2019-01-08,244.62559509277344,247.6712201536866,244.03836990774667,247.43235712906286,8307640
2019-01-09,246.48678588867188,247.63139346958053,244.46632198074235,246.30763863557175,8238110
2019-01-10,242.76438903808594,247.2332903527898,242.12739564511307,246.636117589633,8257215
2019-01-11,243.49095153808594,244.68531222930272,241.50034532368463,243.849261264163,10646495
2019-01-14,241.21170043945312,243.73976350618642,240.1467188852656,242.25675649311165,6823475
2019-01-15,241.54013061523438,242.853937896953,240.92304760012834,242.25675000760472,5769355
2019-01-16,239.420166015625,242.2468232015542,238.47463109907153,241.9979974241917,11873245
2019-01-17,242.84402465820312,243.85922295161916,238.87275956310296,240.4652507017054,19672500
2019-01-18,246.87496948242188,247.43235196485753,242.15724259912685,242.8738620322815,12992860
2019-01-21,252.32925415039062,253.9018349206158,243.3814735308381,246.97451844303959,48926830
2019-01-22,257.1365661621094,260.36133853905346,253.42407460371146,254.59854017820763,45363400
2019-01-23,254.10089111328125,258.5598448655089,253.01601435081577,258.5598448655089,16292910
2019-01-24,252.35911560058594,254.10089610536028,251.41358064970402,253.6032445325676,7298880
2019-01-25,252.04061889648438,256.33038834036074,250.52776900434952,252.56812836456527,7206480
2019-01-28,250.90597534179688,255.79291760713807,249.82109851903368,252.60795046424,10272960
2019-01-29,249.10446166992188,253.40417840381315,248.42766284354283,250.81638423762448,12957950
2019-01-30,243.29188537597656,249.9206074811234,242.4160138126434,249.82107109906477,13771160
2019-01-31,249.97036743164062,250.8163811412906,241.1420337965855,243.2520715082132,14843300
2019-02-01,249.96041870117188,252.96623830083053,246.87497303144917,250.22915478924813,10945770
2019-02-04,253.2449493408203,253.74260094220153,247.83049748785305,247.83049748785305,6896595
2019-02-05,254.62840270996094,256.1910207337519,252.30934458422738,254.001356875376,9588910
2019-02-06,254.69805908203125,256.5493386562056,254.0710284516769,254.79759546760886,5793705
2019-02-07,255.70333862304688,257.7835185836974,253.86202170117207,254.79760910203296,5992050
2019-02-08,258.65936279296875,260.9684731703833,254.26012511232832,255.5938123739987,12407165
2019-02-11,259.08734130859375,261.76470901323097,257.5844239439323,257.98256947376217,15723375
2019-02-12,258.5101318359375,260.7694593466938,257.8432652737035,258.77885278679537,7410050
2019-02-14,256.15118408203125,259.22669730446313,253.1155218615137,259.1769139263095,12455555
2019-02-15,255.52415466308594,256.78817856081093,252.80696649010068,256.3502428030938,10034775
2019-02-18,254.2103729248047,256.39008918240523,253.45393283563098,254.99667089253836,6325865
2019-02-19,254.8871612548828,255.84264370368163,253.17523874807193,254.20039970205383,6341640
2019-02-20,256.7384338378906,257.186301985744,254.63832860827168,255.0563692538401,6751010
2019-02-21,256.6189880371094,258.3010527265568,255.4943210347588,257.16642297332794,9095470
2019-02-22,246.41712951660156,250.41825200685935,243.84924583999546,249.024818632645,419299520
2019-02-25,247.02427673339844,248.19872709166532,244.8445605328618,247.5119655285242,18677950
2019-02-26,246.06878662109375,248.7660647642816,242.87387210398296,243.65020732424094,25132855
2019-02-27,242.08758544921875,247.15369011966828,241.08233471628375,246.43707062329761,26943610
2019-02-28,241.48043823242188,243.85921208289847,240.8633551575991,241.5003485472253,43614180
2019-03-01,244.0383758544922,244.9441053439149,242.32645326307886,243.19236212268055,10814170
2019-03-05,246.92474365234375,248.08924646263466,242.41602180206868,243.63029280502914,15642255
2019-03-06,247.0939483642578,248.2285933193608,246.15837618386658,247.25320050917904,11534170
2019-03-07,246.27780151367188,248.029529502449,245.87967116136795,247.63141433726514,7172805
2019-03-08,246.61618041992188,247.53185737341443,245.18294164502265,246.23796041345716,5257165
2019-03-11,248.73619079589844,249.80115717034042,245.64079767895194,246.43704316253962,10326930
2019-03-12,251.48326110839844,253.2051314151937,249.44288648349536,250.90598342216936,17706800
2019-03-13,251.06520080566406,252.62783392408366,248.23854371603133,251.51308415223437,12127350
2019-03-14,252.5979766845703,254.2900041686919,250.2192027924811,251.41357870765412,12486930
2019-03-15,263.7851867675781,266.61184400585387,252.80699448201008,253.18521453048376,51967525
2019-03-18,267.46783447265625,270.72246493624334,264.9098980104625,266.74125221659267,26923700
2019-03-19,268.2839660644531,269.7271678576693,266.45261181689693,268.7318646552425,15586060
2019-03-20,269.05035400390625,270.30441531472144,264.94970989788504,268.5527024303747,19847040
2019-03-22,265.9947509765625,271.64806524164436,264.94969488107455,269.667421811005,13100245
2019-03-25,260.50067138671875,264.91981924288655,259.4157947355486,263.944411344714,14347820
2019-03-26,267.3284606933594,268.3237638108927,260.77937954465614,261.21731534631004,10255850
2019-03-27,265.3179626464844,271.4987865788237,263.76529219366716,268.721882341414,15197290
2019-03-28,266.8905029296875,269.129934759858,264.53163959511943,266.34309840978557,23083475
2019-04-01,266.6218566894531,271.1206167352741,263.96438347565453,265.9450577255613,15837560
2019-04-02,266.6317138671875,267.7066276563208,264.352461675185,267.53741279522666,8877995
2019-04-03,265.586669921875,270.214823163792,264.94969174600004,267.13934029497955,13832830
2019-04-04,263.3372802734375,267.68678032555147,262.1727926584878,266.22368355669266,12964745
2019-04-05,265.9350280761719,266.7511838783958,263.9842425756943,264.7506150001793,8718645
2019-04-08,267.3881530761719,268.23416672696726,265.3876146392949,266.94028493697766,7939335
2019-04-09,267.0299072265625,268.16453709352663,263.17808865637227,266.7312980384451,11234215
2019-04-10,268.71197509765625,272.3050051532817,266.35308094462874,266.35308094462874,15156035
2019-04-11,267.37823486328125,268.7218697262739,265.4572768281912,268.67211672180736,6742865
2019-04-12,267.427978515625,268.3337079346152,266.0544554488979,267.3782255128984,8524160
2019-04-15,273.47943115234375,274.3055497630116,267.4280014632216,268.33373095993113,14395115
2019-04-16,275.9776306152344,276.7838236620064,272.73293292748,275.18140031879545,11663980
2019-04-18,272.64337158203125,277.0923776652415,271.28977394224654,275.97764305030347,12044680
2019-04-22,270.0655517578125,271.87701077178815,267.955513949991,270.7224554785149,12095540
2019-04-23,269.79681396484375,272.42439830903015,268.93090514262053,270.3143606332127,8098435
2019-04-24,272.0661315917969,272.7130725869539,266.6715749664684,269.72716303308215,9672055
2019-04-25,270.8020935058594,274.1065075687233,269.7271793660424,272.4941211718755,9037990
2019-04-26,274.5544128417969,275.5795739939467,267.2986435056468,271.12060441388246,12804320
2019-04-30,276.00750732421875,278.0876872117688,268.9408490577636,275.14159846484404,31052865
2019-05-02,279.94891357421875,283.0144643680145,275.20132835611184,277.4905135128129,23904025
2019-05-03,282.2281494140625,285.8012839590251,278.72469337710453,279.9588595223728,21348375
2019-05-06,280.7550964355469,282.06890387048776,278.6251635100288,278.6848792685042,10547535
2019-05-07,280.3072204589844,283.6613870885388,278.53558213354137,280.6754777507647,13933680
2019-05-08,279.122802734375,281.65088110356555,276.4354722248802,279.48109726937963,12696575
2019-05-09,275.7984924316406,280.25743083723154,271.97653220931704,277.5303100892235,23523910
2019-05-10,278.31658935546875,279.97872839534534,272.3348084637407,272.7130284725954,20748545
2019-05-13,276.56488037109375,278.6351279247379,274.7136310988219,277.8886505650977,8274820
2019-05-14,275.2909240722656,278.0877237931097,272.43440858597074,276.3957264815954,14651480
2019-05-15,277.8488464355469,279.3915542540595,274.44489610876496,275.49991507644006,10611000
2019-05-16,281.302490234375,283.35281197339003,274.4349056462212,278.06775550180197,7116800
2019-05-17,290.6285095214844,292.5792951217042,281.75039237280606,281.86985426094407,18996095
2019-05-20,299.0985412597656,299.64594580950404,290.8474701398686,296.7993935520807,23343645
2019-05-21,296.1822814941406,301.5370170023838,295.3661560410799,299.1881162790188,16121390
2019-05-22,297.6453552246094,302.11428642752975,296.34151070166314,297.19748709129055,12493315
2019-05-23,298.54119873046875,309.71843391773166,296.44109324196234,302.37309164506377,28982870
2019-05-24,300.9199523925781,303.36838965034985,296.60034034256523,300.5815529646131,14366950
2019-05-27,304.4433288574219,305.15994833209544,298.59094154329466,299.91468135280377,11140315
2019-05-28,300.7806396484375,305.1599676602681,298.5909604554006,305.1599676602681,9966510
2019-05-29,301.3578796386719,304.5627569232258,298.9890533360571,300.4421873969818,7254130
2019-05-30,305.6277160644531,306.9017027585321,300.95974231151587,301.3578574582458,14697095
2019-05-31,303.0001525878906,307.3496228082126,292.10160053138407,305.75716195238533,13801070
2019-06-03,304.81158447265625,305.5182411922788,299.7853158008444,301.2185547422633,6176510
2019-06-04,304.8314514160156,306.5533366115792,303.01006021574807,304.5627305296858,5872165
2019-06-06,301.42755126953125,306.73250345179525,298.79000411748177,305.0703642768721,10224595
2019-06-07,300.9398193359375,303.3285709848371,296.15241403623673,303.3285709848371,7669460
2019-06-10,299.1084899902344,300.76069685468093,295.92353815302005,299.24784701007223,8575750
2019-06-11,300.1236877441406,301.4275322990246,297.1079207423056,300.44216163311137,4724055
2019-06-12,295.30645751953125,299.0885973496302,293.8433606702722,298.59094577334133,8842145
2019-06-13,299.38714599609375,300.38244904844015,294.00258321222987,295.0078186406174,11516575
2019-06-14,293.3854675292969,299.39710642361683,291.7432235805138,299.39710642361683,9767550
2019-06-17,290.6982116699219,294.2912416269106,288.8568946829522,294.2116307359182,11831110
2019-06-18,290.99676513671875,293.5148807876772,289.66306261548385,291.62381095530657,12124090
2019-06-19,298.1529846191406,299.5464028394881,292.9973220167353,293.21628990666414,19456650
2019-06-20,302.2436828613281,302.57211949479927,297.9937195065436,298.6904437734965,12837830
2019-06-21,296.56048583984375,301.77589443353196,295.246708909045,301.77589443353196,6074210
2019-06-24,292.73858642578125,298.0535021248996,291.4944573658497,296.4012950884011,10132655
2019-06-25,295.3860778808594,296.8491747770437,292.02194825737143,292.9873935613059,10262450
2019-06-26,296.7197570800781,297.79470144405747,293.68409475668665,295.60502246131455,11052310
2019-06-27,294.9282531738281,299.92466433122297,294.112097255416,298.5909616806254,19302695
2019-06-28,294.0325012207031,295.8240349316133,292.93766156437135,295.605067000347,9070430
2019-07-01,294.8486022949219,296.779492880777,292.4997013859184,295.98326249195196,9521795
2019-07-02,292.9176940917969,295.9932074411972,292.0318901155731,295.38605674748476,9018660
2019-07-03,293.6144104003906,295.0078286460869,291.0962948075196,293.4054052570961,13235240
2019-07-04,298.1529846191406,299.5563655899246,293.614405059015,293.614405059015,15129625
2019-07-05,302.0148010253906,302.57216837930787,298.6009183890871,299.55640094233905,14836600
2019-07-08,293.6741027832031,301.2583068358316,292.6290467756629,301.2583068358316,8961290
2019-07-09,291.1958312988281,293.216295349396,286.64728890383515,292.81818018965527,11487100
2019-07-10,293.78363037109375,294.97797587053145,290.7977210611392,291.22569410574835,10903660
2019-07-11,295.5950927734375,297.35679890749856,293.0272238375813,294.410679514962,7992455
2019-07-12,295.4954833984375,297.6564382235715,293.95191384701593,296.1527411545083,10362725
2019-07-15,300.36517333984375,300.93280927749913,294.4897250336629,296.56105829219035,8760770
2019-07-16,299.04071044921875,301.04232757007014,296.7602290388432,300.3452580181067,6757175
2019-07-17,305.64312744140625,308.08291641891765,298.16436173223696,299.13032743583057,31012670
2019-07-18,306.3700866699219,307.3659263993158,303.9701092752085,304.99582298085954,11334100
2019-07-19,298.5328063964844,306.8679793300811,296.76021305093224,306.7186094620373,10471145
2019-07-22,289.6499328613281,298.1444750382406,287.2300495812584,297.3577531324415,17115785
2019-07-23,297.556884765625,301.14191369822845,289.8391272316742,290.7851870856304,38298140
2019-07-24,298.1942138671875,300.7435608257194,294.0813914344569,297.3577122455392,14691180
2019-07-25,295.7743225097656,299.5485326256101,294.7585466911652,297.15852371877094,14194615
2019-07-26,301.1120300292969,302.32695561760386,294.18099457648054,296.76021562243267,8406765
2019-07-29,299.24981689453125,303.62156757575997,298.19422928948023,301.4904561225269,10498675
2019-07-30,298.4929504394531,300.6639038531216,295.57514772024945,299.74771805397745,8718740
2019-07-31,302.6455993652344,305.6629919669461,294.91787478131846,296.78008986549355,14739040
2019-08-01,297.9153747558594,302.5360546404856,295.9635376729939,299.9369279036232,11288765
2019-08-02,300.2655334472656,301.7294188173415,292.7867990108882,296.361859387471,19354045
2019-08-05,290.8050842285156,297.7560559399079,289.79930684564073,297.7560559399079,19322730
2019-08-06,295.8240966796875,297.5269738145622,289.1220855134678,289.6498792636038,14153040
2019-08-07,294.0316467285156,298.67226349073337,291.89056700872857,297.53699161750956,11811905
2019-08-08,299.29962158203125,300.7037592617483,292.16943579020256,295.76440266268037,9660605
2019-08-09,305.14520263671875,305.8223663132085,299.5983684249985,299.9469183848612,12228295
2019-08-13,301.02239990234375,305.5235840558516,299.7975062259312,303.7509907432573,13829875
2019-08-14,297.1186828613281,301.81904690024805,294.6589882707354,301.73939310562093,11774540
2019-08-16,298.54278564453125,300.0464828930331,294.2706249155725,296.5610440192446,10848770
2019-08-19,298.0249328613281,302.6356754850557,296.86975517492385,299.7477464643528,7737990
2019-08-20,299.7676086425781,300.99250222251555,295.296298814293,296.8697119221977,8623045
2019-08-21,299.8970947265625,302.2970718515676,297.95522570684074,299.5485447823212,7422075
2019-08-22,294.4199523925781,300.74353951683236,293.2548371555761,299.5385821890664,9373755
2019-08-23,292.81671142578125,296.16271820204287,288.01675681854863,294.7486428587236,18078965
2019-08-26,301.30120849609375,302.63562983151365,289.4108819688888,298.75186170743916,10938390
2019-08-27,299.06060791015625,303.2829583724578,297.6465326020223,301.54023895553047,13704020
2019-08-28,295.4954833984375,298.9510478851455,293.4440563373429,298.5925298406471,11455030
2019-08-29,288.9627990722656,294.66894070737214,288.1462032811743,294.66894070737214,19656835
2019-08-30,285.0989685058594,290.7055511209175,283.43590276333526,288.41510147786397,23587665
2019-09-03,281.6831970214844,284.61096810906673,279.8409179277805,284.61096810906673,13762825
2019-09-04,284.10308837890625,286.40347542677887,278.5662226266416,281.6433633479438,12098145
2019-09-05,280.85662841796875,287.17024754837786,279.92053680523003,285.18853655936846,11905115
2019-09-06,287.11053466796875,287.7180126736849,281.32470857940785,281.32470857940785,11226095
2019-09-09,293.03582763671875,293.6831174249806,283.6251294230195,286.60268068339514,16063780
2019-09-11,293.8125305175781,294.5494421126946,290.58598947741314,293.03577682821896,13024480
2019-09-12,290.2972106933594,295.49549460616356,289.1918129373922,294.76852075961557,12124770
2019-09-13,295.6150207519531,295.96357072475655,288.23584493484816,290.1876822356853,8842450
2019-09-16,293.7627258300781,297.128668677512,291.7810146704528,293.57351386713145,9288840
2019-09-17,288.45489501953125,294.95772623041876,287.59845718168094,293.0257950231463,6772930
2019-09-18,291.73126220703125,294.55944340447957,288.7736169816751,288.7935228357314,9272125
2019-09-19,289.311279296875,291.7411300971844,287.7976142043092,291.7411300971844,7249365
2019-09-20,306.4895324707031,318.44957539051967,288.89306434769026,289.7893138795045,35797445
2019-09-23,326.7548828125,329.0253958718328,304.4879240719039,313.6894721980506,34270145
2019-09-24,322.2735900878906,326.9739539762974,316.67697668321955,325.3009508271894,18852705
2019-09-25,318.98736572265625,322.0545384895254,314.7849211610964,322.0545384895254,17837720
2019-09-26,324.0163269042969,335.3888285472942,319.71429252374844,320.0628424630702,21540140
2019-09-27,327.33251953125,328.5076030762686,319.8537537052908,321.8255272397746,12912805
2019-09-30,327.521728515625,331.01710514359326,321.5167860413955,325.65948277696475,16789295
2019-10-01,328.2685852050781,330.021242261482,323.38894678014316,326.396401866785,14627680
2019-10-03,321.8055725097656,327.4818705949945,320.0628531456041,327.4818705949945,13272830
2019-10-04,311.329345703125,325.38062817369035,310.1641999742083,324.6437165788451,27438405
2019-10-07,309.8355712890625,317.3939900031881,308.57083558103807,311.2994566773706,15227670
2019-10-09,321.12841796875,324.19559076489395,308.26215612585776,310.5625433206194,12992150
2019-10-10,315.64129638671875,320.1325424982659,312.0961100072973,318.64875128845847,7847105
2019-10-11,316.2288818359375,323.64789969283487,313.72934487623604,317.7127036416863,12129205
2019-10-14,315.78076171875,320.46118987829783,313.93845227280883,318.2703608644503,10050950
2019-10-15,321.77569580078125,324.5441287515466,314.18740269641205,317.75249519349023,13532355
2019-10-16,319.7740478515625,323.30929675971424,317.1948268660137,321.6561993329869,13431665
2019-10-17,319.57489013671875,321.3773573840295,315.97989337249464,320.66035165538676,10381745
2019-10-18,321.70599365234375,322.57239969447824,316.8761955591039,319.4255426863441,11788035
2019-10-22,324.4146423339844,327.2328853059059,317.0753096435036,324.0163125883358,24475410
2019-10-23,321.3872985839844,326.37643390353736,319.3259034879829,324.64368286721685,15426150
2019-10-24,321.2976989746094,324.62379954870346,318.1807162044382,322.63212037447136,8000005
2019-10-25,316.398193359375,321.4271717304039,312.52436230631463,321.4271717304039,14335100
2019-10-27,317.2745056152344,318.86785506830796,316.70686974416094,317.4736553027354,988045
2019-10-29,313.79901123046875,318.15085594180437,312.29531405474455,318.15085594180437,15012650
2019-10-30,314.4662170410156,316.3881801102915,313.45047162397617,314.66539711052695,8386345
2019-10-31,313.58990478515625,319.66453282665174,311.89699558710987,315.4720563416307,12407105
2019-11-01,314.6654357910156,315.8703933050276,311.2994927805511,313.0919920640501,11098685
2019-11-04,312.9027404785156,318.03130814816586,311.69778311705096,315.4819612989686,7171965
2019-11-05,309.4870300292969,312.64385493680714,308.7700243008455,312.4148008879224,11316970
2019-11-06,312.9027404785156,316.2686830628526,306.9177653724591,309.9949059742492,11236175
2019-11-07,315.48199462890625,316.07950450775866,310.4928585584334,314.0878251719938,12559560
2019-11-08,318.71844482421875,319.86368465155783,313.0919572859074,314.4662207662246,19568135
2019-11-11,322.03466796875,322.53258785109625,317.0753749999591,317.6529790822267,14617870
2019-11-13,319.8238220214844,324.24535189570014,318.8877304469047,322.0544928082562,13019170
2019-11-14,318.190673828125,320.74002089927944,315.49195688768697,319.86370753594423,13196490
2019-11-15,323.1997375488281,324.4445370778109,319.1665992311695,319.86369912364523,10342030
2019-11-18,324.0860595703125,325.6395669999807,321.96491624386937,323.9765014052052,10074870
2019-11-19,323.4089050292969,324.8628224564447,321.48691134511154,324.6238306576301,7982410
2019-11-20,318.55914306640625,323.40887703817094,317.9118230162835,323.2495390558801,7812180
2019-11-21,317.7226257324219,319.6446193390053,316.17908644304003,319.3558173333547,8369070
2019-11-22,312.514404296875,317.4537604205268,311.7177143475027,317.06539876258176,9312170
2019-11-25,319.3956604003906,319.86370624933943,312.7036167678744,313.4903082064751,10092105
2019-11-26,319.5450134277344,320.7599389466797,316.9359185568713,318.86784979831896,7784040
2019-11-27,322.2337951660156,323.44872080965257,319.00728427891437,319.65457400260107,10204415
2019-11-28,321.65618896484375,323.86695407985513,320.08277577769024,322.0545187244486,11188800
2019-11-29,321.6960144042969,323.0503415949645,317.13505227968926,320.66033277044977,8652390
2019-12-02,325.2412109375,325.9382804049135,318.70850576349017,321.5565923575574,11448520
2019-12-03,327.97979736328125,328.6270870627061,324.93253044176714,325.53997804550926,11608915
2019-12-04,328.87603759765625,330.59885109707795,325.28107112314467,327.2926562338402,13520395
2019-12-05,328.4876403808594,330.61875174162805,326.7150470841342,328.87603241768875,14684450
2019-12-06,333.4668273925781,334.60209910202525,327.29264022684856,328.6270616180605,18997535
2019-12-09,330.4693908691406,334.40293921583145,329.9216608323462,334.19382140064073,9468700
2019-12-10,331.09674072265625,331.8037782856662,328.8361655201231,331.61456634209003,7065780
2019-12-11,335.9066467285156,336.7630845715302,330.4394971523135,331.8137606369705,10145585
2019-12-12,341.6924743652344,342.5688180646419,335.0004311223006,336.633622633126,13477940
2019-12-13,337.1415100097656,342.36966830653586,336.0461106791249,341.8120005194629,17638170
2019-12-16,339.3722229003906,344.5605392743105,337.39048121408996,337.39048121408996,18310635
2019-12-17,341.23443603515625,342.84769149037504,340.29834428375,341.78213571517193,13234410
2019-12-18,343.4352111816406,343.7538871596288,339.84024467504383,342.3696554749631,22963340
2019-12-19,344.4609069824219,345.51649451313926,341.63272620289484,343.5546893115961,13507510
2019-12-20,337.13153076171875,343.44514988048576,336.0560070258011,343.1961899922507,15293395
2019-12-23,339.5614318847656,340.81616924128775,337.6095641913029,338.3863179417656,8727440
2019-12-24,340.8858337402344,341.8717051691921,338.5854468122588,339.57131824121655,8513520
2019-12-26,337.4402770996094,341.5730056378039,336.5340593561455,340.7862837918315,8234850
2019-12-27,335.7174377441406,339.581300216136,334.87096801445296,339.581300216136,7646830
2019-12-30,336.6734924316406,339.93984562631977,335.6975889175817,336.59383862277326,9341420
2019-12-31,335.4684753417969,336.8427388283395,332.68013666664683,336.67343272742113,9848395
2020-01-01,333.4170837402344,337.9382044362754,333.00878582099614,336.3946346844311,7375280
2020-01-02,332.9191589355469,335.2992303435579,331.5448953231272,334.6021304156127,9260445
2020-01-03,330.04119873046875,333.2079616058127,327.7407811199703,332.7996636918548,7970445
2020-01-06,329.13494873046875,330.11085206715626,326.35654779779617,330.04116639354436,7400435
2020-01-07,332.7797546386719,333.55650836271303,328.70674366001685,330.82788701160246,12489655
2020-01-08,329.59307861328125,330.90759435844456,326.2371035657274,329.5632046368283,15629655
2020-01-09,331.62457275390625,333.3573240260878,330.35983694390364,333.30754419965604,13342120
2020-01-10,335.5382080078125,336.9921253610328,332.84942884540357,333.4270328506564,12680415
2020-01-13,336.8128662109375,339.481709009401,335.7074684666423,336.99211004278675,9039790
2020-01-14,333.9647521972656,337.8087088394502,332.8096050100937,337.78880298815847,10684460
2020-01-15,333.72576904296875,335.9166283661753,331.7938377463085,333.7954851102102,12451225
2020-01-16,338.89422607421875,339.70085384804537,334.38307317997374,334.38307317997374,16606410
2020-01-17,338.20703125,339.7506008240244,336.6136818535218,339.3622088026814,11479375
2020-01-20,322.2337951660156,340.37799562621746,320.8595619149058,340.37799562621746,40020170
2020-01-21,323.66778564453125,324.763215315798,315.72100484607927,319.66452127202587,28727345
2020-01-22,315.78076171875,326.21714188753236,313.8886724461407,325.2810805681144,27395810
2020-01-23,319.8338317871094,320.3416893398551,314.94425548893315,316.2786769648182,17478415
2020-01-24,327.22296142578125,328.4279189462269,316.0795128179502,319.75416372029747,21264685
2020-01-27,322.32342529296875,324.44453816937624,320.3416837705437,324.3847902230332,9372145
2020-01-28,323.8570251464844,326.2370966523944,320.71016800078655,322.6520676009276,9905520
2020-01-29,326.72503662109375,327.8702461737676,323.25950359771286,325.24124522444936,11137465
2020-01-30,324.295166015625,326.69514314552003,322.15411691179906,326.19722333576453,7950780
2020-01-31,336.94232177734375,344.3613082775983,335.2294765156053,340.50741403633975,47475230
2020-02-03,333.8552551269531,334.7614728891604,325.4403976140395,327.7507529820439,12551470
2020-02-04,338.24688720703125,339.1431367822211,332.6403053132557,335.4087382267522,10352085
2020-02-05,336.54400634765625,340.06925666478037,334.02453336501395,338.9837951432307,10482560
2020-02-06,333.4070739746094,338.1671858763848,332.2120847318049,337.37052638118183,12663090
2020-02-07,329.2345275878906,334.1938199175604,327.43206027733686,333.755648046315,11450755
2020-02-10,332.47100830078125,333.52662628069845,327.7706743653872,330.61876115409945,6775620
2020-02-11,334.09423828125,335.7573038876742,331.923315113125,335.09007794265943,9573830
2020-02-12,341.5530700683594,342.56881549927755,333.6062592798197,334.6220047107379,15052685
2020-02-13,336.553955078125,341.51324740904585,335.0601956232154,341.51324740904585,11234600
2020-02-14,334.7912902832031,339.1829462083331,331.33572593706833,337.78877696002445,9460785
2020-02-17,336.8128662109375,338.42612147880556,333.05856190990363,335.5979406996052,9063825
2020-02-18,336.7929382324219,338.54559512415176,334.2634973391554,335.09999889010584,11095195
2020-02-19,338.8045654296875,346.5521966565572,337.6692936462488,346.5521966565572,15842670
2020-02-20,335.78717041015625,338.43610749759426,333.84527095725633,338.0477154507687,10499515
2020-02-24,334.2535705566406,335.34900024357694,331.07683965983244,333.00877100117077,9630665
2020-02-25,333.7655944824219,336.53402727599547,332.28180324565324,333.84524827628496,7677775
2020-02-26,331.913330078125,334.14403147162966,330.02124089598567,332.63033581342773,12929475
2020-02-27,335.14984130859375,336.3747350890959,330.73827869935764,331.8138026019001,13446760
2020-02-28,322.7217712402344,330.63867843362647,321.4072555735754,329.6030270513635,18716560
2020-03-02,318.469482421875,326.0976171771549,315.5218058031937,324.842879984208,23814235
2020-03-03,323.90679931640625,325.90841625479464,316.07948422598355,319.4255210984841,14591930
2020-03-04,320.2520751953125,325.26114750988535,314.20732111661493,325.0819036633873,12651105
2020-03-05,328.8959655761719,333.90503803323764,320.2620524274761,321.65622192425684,25304810
2020-03-06,324.85284423828125,327.43206528904534,318.31020082415193,319.7043702582657,17711215
2020-03-09,314.3168640136719,320.6503894071725,307.2364285148179,317.6728386694054,27677505
2020-03-11,316.53753662109375,319.64458146516574,307.21649326070917,313.8786621098321,23571010
2020-03-12,291.7909851074219,308.00325336801274,269.06591703681715,300.7236679693396,39039565
2020-03-13,292.7868347167969,299.7477443710479,233.43478357384174,278.83511104283525,57044450
2020-03-16,275.58868408203125,287.74790937219336,273.8559326332765,282.2209804974058,32902600
2020-03-17,263.4394226074219,279.4226364142584,259.5357179099892,277.24174520673836,24105575
2020-03-18,233.41485595703125,264.69416794928526,231.4530506224906,264.0966884692135,55827210
2020-03-19,241.16249084472656,249.6769230546713,199.36709871659082,218.0988404612848,49586245
2020-03-20,251.4196319580078,255.65195037467169,228.34602961342063,242.38735924328608,51895950
2020-03-23,218.73619079589844,239.88783214876906,214.73292601863488,226.55353876093764,33472025
2020-03-24,229.62069702148438,236.0139854364528,207.35372293536375,229.67049204059555,36859170
2020-03-25,256.9565124511719,263.69833617134253,224.07388183025847,227.0514479557788,32245300
2020-03-26,273.4476318359375,276.8434490120602,249.517603987678,258.91833360840167,36274745
2020-03-27,278.6558532714844,288.7934934370086,273.7662770288324,286.00515462213815,51116430
2020-03-30,257.66351318359375,274.85171339093546,254.09842099771058,267.92067869305686,27851625
2020-03-31,258.131591796875,264.8933516510233,255.93079464027437,264.5547698108243,22384305
2020-04-01,235.3468017578125,257.90258042822217,230.636484158779,257.90258042822217,54192310
2020-04-03,227.22073364257812,235.61566988694597,216.4955362381836,235.3467889237714,50557355
2020-04-07,238.61312866210938,244.78733118181708,233.22563274540673,243.18402880793738,42762850
2020-04-08,236.54176330566406,247.47607713477322,231.10448795915906,235.97414267281823,37025435
2020-04-09,253.5208740234375,255.17395638596264,237.02977093331035,241.98904841150178,40487010
2020-04-13,249.13912963867188,250.38392906774504,242.1881738814129,248.959885814632,21252680
2020-04-15,233.7733612060547,253.13248671225895,229.70038062573883,252.11672599993634,45228380
2020-04-16,225.22903442382812,232.020667606094,221.96268183969565,232.020667606094,55276025
2020-04-17,236.262939453125,238.59320041455635,226.05558379708904,236.4820253755132,42926975
2020-04-20,234.5700225830078,243.88111379584257,233.47459293664772,242.98486422722542,32800900
2020-04-21,225.0896453857422,230.03896989300418,224.0639317139651,229.04313019649766,23998980
2020-04-22,229.4713134765625,232.3791785025107,220.7178900120351,224.47220958722636,34818460
2020-04-23,248.8901824951172,249.95573815470297,230.65636195579802,233.42479481216583,52791235
2020-04-24,246.87860107421875,250.55325166208473,241.6603960535906,242.78569967407708,33921175
2020-04-27,259.6352844238281,263.87757056209045,249.33830729295968,249.33830729295968,38857060
2020-04-28,264.2261047363281,266.18790994197695,260.9298781285008,260.9298781285008,33391940
2020-04-29,264.4651184082031,269.2750100959523,261.9456455449799,264.29581231166844,33516145
2020-04-30,270.31072998046875,274.8517565708244,265.69998731752486,266.8850389890614,31362610
2020-05-04,254.4967803955078,260.09339440719316,251.68852046340248,257.92247124796546,25482195
2020-05-05,246.6395721435547,259.49584880085564,243.98068244806748,258.3207654607706,25024205
2020-05-06,248.1532745361328,254.41709898924734,241.8396550635194,245.1757086356543,23021370
2020-05-07,238.961669921875,246.9682133793683,235.86460825111988,245.07612427434228,34216360
2020-05-08,242.47698974609375,247.55576259041345,241.2023162733409,243.38319223392918,17556020
2020-05-11,236.7011260986328,249.41800253655109,236.013994316841,247.07777330802924,23370405
2020-05-12,230.47711181640625,234.6198080619759,226.45391145637805,234.6198080619759,51342750
2020-05-13,236.3525848388672,242.98488072183704,233.5642307095551,241.99899397318774,59574620
2020-05-14,233.64389038085938,241.78986649949624,232.45883878355625,234.79906800472688,35499850
2020-05-15,234.67958068847656,236.9899208253471,229.87962617695536,234.9882885554659,19319900
2020-05-18,221.80335998535156,234.22148158023924,221.0764012988297,234.02231669020262,31987080
2020-05-19,225.1493682861328,233.00654200956663,224.12365472847677,229.0431047131295,31914605
2020-05-20,231.05474853515625,234.6198567482325,222.0722695222168,225.0597888431435,26271940
2020-05-21,229.09291076660156,236.92021089512005,227.96760711804762,232.0306346468892,29885640
2020-05-22,231.07461547851562,232.46880004402837,222.37098704751583,227.05143015641573,25948740
2020-05-26,229.6804656982422,234.0223273583195,227.9576672876948,231.0348082856601,27353985
2020-05-27,242.4969024658203,247.56573772332052,231.23395869872996,231.82150043267154,58726830
2020-05-28,244.86700439453125,249.93582443085714,240.91351987393577,243.78154285187884,53550015
2020-05-29,243.7815399169922,244.93671751312394,239.0114596688734,242.287780499848,27486760
2020-06-01,248.64122009277344,254.7755955784044,246.569887129478,248.76073117568728,34717880
2020-06-02,267.46258544921875,269.52398070766776,258.5299030532191,263.49916330524286,86600150
2020-06-03,276.15625,284.4516100743554,267.3231584755473,271.66500411884414,61722075
2020-06-04,265.7696838378906,274.8617044716918,264.9630561733286,274.8617044716918,30020720
2020-06-05,266.4468078613281,270.47000785515826,263.1008018082798,267.68163908700893,28440585
2020-06-08,266.23773193359375,271.8642197813487,262.0054134937742,269.8725405155513,26511485
2020-06-09,259.74481201171875,270.8683529668205,258.7390347490382,267.27338684030553,27386665
2020-06-10,265.3414611816406,267.7414077617953,259.63528959956614,259.81453342544626,24381800
2020-06-11,258.65936279296875,265.7696719819035,256.7672736690271,265.68998779675803,21884065
2020-06-12,254.89512634277344,256.8668846170784,245.29523261751837,246.9682359544299,44962120
2020-06-15,248.74081420898438,253.17229739235685,246.4105531905781,252.94325853891687,37767895
2020-06-16,254.297607421875,258.0818010385266,246.58980324878868,254.13826943489232,26331460
2020-06-17,247.7250518798828,255.92080748205544,246.29105562888833,252.83371385850276,27146320
2020-06-18,259.5855407714844,260.89008831105457,244.6479304904585,246.96823875054366,33362610
2020-06-19,259.41619873046875,262.0551674187026,254.2079622198554,259.71493843456665,42463075
2020-06-22,269.9422607421875,275.84758256250376,258.11168085859697,260.8701457436009,38169335
2020-06-23,276.8235168457031,277.9786944865688,268.88667361963354,269.87254514813014,23349125
2020-06-24,267.6617736816406,278.4367657376039,266.2775724034769,277.2417460291718,26663085
2020-06-25,275.1903076171875,276.7936251541669,263.8974903559968,266.28749928487207,49925190
2020-06-26,266.9049377441406,275.4392910203836,264.28590493690564,274.85174926122795,33470980
2020-06-29,270.00201416015625,272.2426534140925,261.5075030041915,266.1082774097755,19098405
2020-06-30,270.9580383300781,273.4376696228415,267.8908652221491,271.8443503094652,23888320
2020-07-01,270.2210693359375,271.82435643204485,262.1049830405525,262.70246246108235,44697925
2020-07-02,269.2749938964844,273.2384460349549,267.3430628411574,270.49988741834926,24964910
2020-07-03,269.633544921875,272.601127536023,268.88666520774564,270.84847047248326,13840515
2020-07-06,272.4418029785156,275.10070826374067,271.06756976489834,272.86006901091383,16240365
2020-07-07,272.51153564453125,273.736429451292,269.17546647570487,272.86008562765346,17871440
2020-07-08,269.4244079589844,274.6226922017814,268.47837851599417,272.46173715750564,16915525
2020-07-09,272.4915771484375,273.7762186594855,268.428534822066,270.02188415808206,17229575
2020-07-10,268.7472229003906,273.8558848141489,267.9903750937265,271.54552969215166,15089795
2020-07-13,265.9986877441406,271.8442914336359,263.7182370547565,270.8683577335347,16783485
2020-07-14,258.5797119140625,265.17216514572146,257.5838723228001,264.6543394988855,14574715
2020-07-15,256.9266357421875,261.2983864959936,254.93495639534885,260.1929886553783,21862715
2020-07-16,263.42950439453125,264.47512404144635,252.34580241850617,256.6478377024104,21020285
2020-07-17,264.38543701171875,266.46673806061443,259.1373734323854,262.30413596282307,21000815
2020-07-20,262.71246337890625,266.22777623139825,260.7108158984095,264.8933547079389,17408710
2020-07-21,270.6692199707031,271.4659099699792,263.89752212524513,263.91742797874605,22021225
2020-07-22,267.3530578613281,272.1330757713824,265.0825447954605,271.8642100207736,20862875
2020-07-23,273.6666564941406,274.8218339860466,265.9489002018959,266.88499178342994,21543595
2020-07-24,268.876708984375,271.8642279730903,267.203705644442,270.8683883101852,15561890
2020-07-27,263.41949462890625,274.7521547665491,260.9398636126806,271.86422584485484,37804195
2020-07-28,275.65838623046875,279.193605025955,262.7821861422722,264.91326730723864,33758855
2020-07-29,276.73388671875,278.4267958391739,268.06010174325075,275.84757486904095,20338950
2020-07-30,275.84759521484375,283.75456481578925,274.0550959220405,277.85918045593326,30485515
2020-07-31,272.01361083984375,276.8334713916993,268.94643790343247,273.8559203823574,16115350
2020-08-03,260.6211853027344,270.0717242109751,258.9382138693743,270.0717242109751,26206300
2020-08-04,263.6883850097656,265.16220821705053,259.31663443210243,262.90166319009006,24732980
2020-08-05,265.7298583984375,269.4742253460786,263.30000713121706,265.29168650496393,17378010
2020-08-06,266.9049377441406,272.3422442303338,265.02281656862374,267.88087156257365,18389150
2020-08-07,267.3829345703125,268.43852212284196,263.5489460039378,267.18375449259963,14035345
2020-08-10,270.9082336425781,274.85175024542286,268.1198643187628,268.6775321054028,14800280
2020-08-11,271.7845458984375,275.8475579285485,270.30072428945147,273.45754906432956,12514625
2020-08-12,265.9090881347656,269.8426668453808,265.6003802794693,268.87670118475916,19200950
2020-08-13,266.13812255859375,270.5696207593126,265.6800448701092,267.2634261245199,16656640
2020-08-14,260.4021301269531,268.2393842060385,259.37641638580124,266.3971049553903,16657510
2020-08-17,264.4054260253906,265.60041551035425,261.34819064967854,262.92160410826364,14156700
2020-08-18,272.7306213378906,273.8459569703145,262.503358275964,262.62285418077846,21309745
2020-08-19,269.9920349121094,275.0309809953908,268.8667312706745,273.32810374194696,16983820
2020-08-20,266.556396484375,268.87668935770347,264.9232049689305,267.48252000952675,14206945
2020-08-21,266.7655334472656,269.275038454209,265.1024678403027,267.283359130745,12425830
2020-08-24,276.29571533203125,278.1379943205864,267.353064584171,268.398684031222,30145690
2020-08-25,278.85498046875,279.83091417053424,274.96124417274217,277.24172525667035,22811185
2020-08-26,286.1445617675781,287.1304332974027,279.47245433800566,280.8267816763257,28593240
2020-08-27,282.8184509277344,287.9669551140281,281.13547954554207,287.00098947093915,21417855
2020-08-28,292.1992492675781,293.5734822955829,279.03424942015874,280.82674842406806,53228510
2020-08-31,279.1039733886719,299.0506407644618,273.6567291777883,296.3618918896536,34868765
2020-09-01,284.9396057128906,287.20015079201704,276.06667072859335,282.78858840845965,21291070
2020-09-02,283.5155944824219,286.30393368027825,280.2591789867411,283.8143342569715,16626250
2020-09-03,278.1778869628906,286.2043533449679,276.8434652735543,285.5670316740787,11975745
2020-09-04,274.8617248535156,277.77952787579466,269.67337814411536,274.85175673153554,20508780
2020-09-07,272.611083984375,274.6525429593374,270.1513590155399,274.6525429593374,11607735
2020-09-08,269.0161437988281,273.28827411391546,268.4186339170226,273.23849428652125,14119345
2020-09-09,264.1265563964844,268.92648032332283,261.52739915521795,267.48253109205376,17217005
2020-09-10,262.80206298828125,267.49245897039424,261.9257192823636,264.8933322154733,16449740
2020-09-11,264.9630432128906,266.1281584977725,261.10914891724565,262.30413817377547,17501570
2020-09-14,259.8544006347656,268.4684075269057,258.91830893275954,266.28751626272293,19455565
2020-09-15,263.6883850097656,264.66428840040265,256.7274453074106,260.5315600003479,25149565
2020-09-16,263.9771728515625,265.29168854207705,259.02784835417214,263.6983389527215,16429435
2020-09-17,259.9340515136719,264.2161801938048,259.1572978112275,261.90582493862166,16544955
2020-09-18,254.3573455810547,261.7066314029922,251.4494958093888,261.5273875710136,32645685
2020-09-21,256.4984130859375,262.79212665218,253.57064223045802,254.13826290094337,34298955
2020-09-22,253.05282592773438,259.21706088604134,251.29018540994846,256.5382496707592,21191625
2020-09-23,254.01876831054688,256.41873021057694,251.9772940808843,254.9449070449156,14176745
2020-09-24,248.1831512451172,255.91087641923016,246.17155095857362,252.34575356184777,28080625
2020-09-25,249.5673828125,250.63292336853956,245.0960571789913,249.9657126063768,18199870
2020-09-28,254.676025390625,255.72166001221672,249.68685925755517,250.55325004446019,9460495
2020-09-29,251.59886169433594,257.50418306035823,250.77232822175182,256.28925756734446,11747350
2020-09-30,252.5847625732422,254.32748192179463,249.3582367090403,251.5988758714649,14753080
2020-10-01,259.9241027832031,260.8701321654222,254.71585075337364,254.9349366802077,15811955
2020-10-05,261.826171875,265.6302562080814,260.63115214913716,260.9099860330899,19300040
2020-10-06,266.5364685058594,267.28334822167477,261.1190985358961,263.8974995881011,13162655
2020-10-07,263.8377685546875,266.8850355593019,263.2701326405338,266.86512970622505,14173350
2020-10-08,262.9216003417969,267.13401343272835,261.15897492165146,264.1962740085352,25856265
2020-10-09,262.871826171875,266.53650924384624,260.03367673986526,263.4992100915487,26563380
2020-10-12,261.487548828125,270.5098835645927,260.41205543186305,264.49500387048516,25875695
2020-10-13,267.87091064453125,268.81697051389347,260.352333080751,262.8319642038157,24360745
2020-10-14,269.5439453125,270.470068940926,263.728214713387,265.9389800658136,16790105
2020-10-15,260.8203430175781,272.05341204784554,259.16724569976674,269.5439072952346,17482370
2020-10-16,266.1978759765625,267.542265489089,260.6112305144218,260.6112305144218,11790145
2020-10-19,274.1944580078125,274.85171575758443,265.59042010025814,268.8766784585065,19853580
2020-10-20,272.62109375,276.04678484667164,269.9721564257936,273.1986674205545,16140555
2020-10-21,277.50067138671875,278.8350928269455,270.59951013299906,273.8558947407501,21402230
2020-10-22,277.4508361816406,279.83090723996474,274.3637579587416,276.445058924436,18050460
2020-10-23,275.4591979980469,280.36871069415776,274.5032004191283,278.83510908481907,11929255
2020-10-26,282.2010192871094,284.6109340028138,268.3488873649648,278.635896644681,40111940
2020-10-27,316.2089538574219,319.0670087091543,289.29141009895125,289.29141009895125,165834400
2020-10-28,308.9791259765625,313.68945798469883,306.91776120667043,313.68945798469883,36224915
2020-10-29,312.8728942871094,316.43801725677156,303.7310935838097,305.1252630172191,36430145
2020-10-30,308.19244384765625,313.61975131880575,302.4563981476554,313.4902873110386,21009920
2020-11-02,314.82470703125,319.6246302163473,305.68287753015574,309.7060775289702,28562300
2020-11-03,317.39398193359375,318.96739504746273,312.7334601430028,314.8844772134166,26303090
2020-11-04,324.7831726074219,325.79891815536445,314.2870137162195,316.4778428101258,25440305
2020-11-05,333.6958923339844,334.6021100288528,325.0520117853195,327.2329029694352,30372525
2020-11-06,342.180419921875,343.5646515111091,328.62705796714783,330.6187371063427,29788295
2020-11-09,344.1920471191406,348.9023489950573,338.6452132323041,344.56050291004345,26051055
2020-11-10,349.1313781738281,357.39686453082163,343.6542607431716,344.75965842774895,40019115
2020-11-11,360.06573486328125,362.176909972704,350.5355425076085,353.3238812576738,52671695
2020-11-12,349.48992919921875,358.3030855843495,348.23516154439153,358.3030855843495,33875995
2020-11-13,351.1927795410156,353.48319835101773,342.6385214487332,348.5239368393098,31322780
2020-11-14,352.63677978515625,353.52309170114194,351.51150645799936,353.31397387457844,1554265
2020-11-17,357.83502197265625,358.9005776142133,351.431780783768,352.88569805738996,29133725
2020-11-18,364.5967712402344,368.4207914659561,355.3454133099237,356.80929866427596,30876240
2020-11-19,363.7503356933594,370.5917795733121,361.6989084587011,362.28645020157757,43588840
2020-11-20,376.3078918457031,378.2198869551685,360.91221936438933,362.4856326396913,45581330
2020-11-23,377.9908447265625,379.4746360073753,372.673064902953,376.9053832081127,52217195
2020-11-24,383.37835693359375,388.0587850241434,376.59669139192965,377.6224050092126,44749430
2020-11-25,370.9402770996094,386.18657870681704,369.0780619391215,386.18657870681704,34185845
2020-11-26,376.2481384277344,378.4290296610147,368.4706333047078,373.4398633615085,34322855
2020-11-27,379.8331604003906,383.4281268332228,367.8532110136527,377.4232151533988,393510620
2020-12-01,373.60919189453125,384.3941224238262,371.3585844579336,384.3941224238262,39778990
2020-12-02,361.3304748535156,375.1627029410951,360.2947930511203,374.4357290159477,37290055
2020-12-03,362.6847839355469,367.26562164992384,360.8325065302609,365.6723026487207,22312640
2020-12-04,367.7137756347656,369.8548247160601,358.9802732041828,364.07896713992443,19947155
2020-12-07,362.59515380859375,369.65568354299126,359.49810714066604,368.3511360563615,30160865
2020-12-08,365.234130859375,366.26978213218547,361.9379043099423,364.935360753647,19767180
2020-12-09,375.1427307128906,376.22819224016234,365.6922225455578,365.6922225455578,21853220
2020-12-10,379.0763244628906,382.38251939155947,370.4224754811997,378.41906664762894,23476080
2020-12-11,382.4820556640625,384.13515302734834,377.12446420765986,377.12446420765986,27332990
2020-12-14,386.2563171386719,387.76004472331664,378.2198839327647,385.1907614278228,17284855
2020-12-15,388.6065368652344,389.97083239101124,382.2630124514861,387.97915299206903,20709490
2020-12-16,388.8853454589844,391.36497642430993,385.698646471803,391.36497642430993,13823490
2020-12-17,391.4545593261719,392.16159688693966,386.8936276258777,391.36493741485856,17301850
2020-12-18,388.2480163574219,391.12600765850283,382.6713079969186,391.12600765850283,16858380
2020-12-21,382.57171630859375,390.16994700404433,379.93271702985834,385.3899290327516,19707555
2020-12-22,379.0066223144531,384.44389848872686,375.6506474363129,384.39411866069054,25368720
2020-12-23,382.5517883300781,383.35841600027544,376.9253004907042,378.6182400203558,11704095
2020-12-24,390.4886169433594,393.9541496729333,381.804894463461,382.0040745386114,16685820
2020-12-28,396.1250915527344,397.5591030683679,390.78740565946487,390.9666495012655,13715345
2020-12-29,398.1964416503906,401.7217226428373,394.9500249445903,394.9500249445903,15764325
2020-12-30,401.9109191894531,403.7133865179447,398.13667842073454,398.97321046733816,13287155
2020-12-31,397.4595031738281,402.070245464188,395.74665781653573,401.66194757424245,13974145
2021-01-01,397.15081787109375,399.9192509485925,396.483622308402,397.718453778899,5530495
2021-01-04,391.4745178222656,399.5209193691849,389.37331070747746,399.13252731065165,15707145
2021-01-05,390.3193359375,391.2454594541028,385.3899178552002,390.2695257240816,16316150
2021-01-06,392.4404602050781,394.1533055502001,388.05877199843985,393.13756008844445,17262575
2021-01-07,388.8554992675781,395.14918311146585,387.8795654152568,395.14918311146585,17096585
2021-01-08,392.5002746582031,393.5558623108706,387.6306039288651,392.75917231505446,16314485
2021-01-11,386.017333984375,391.74341205483086,385.46960393457124,390.3691484554231,14977605
2021-01-12,379.106201171875,384.4140131678565,377.592535834985,384.3542652197302,30177900
2021-01-13,374.85394287109375,380.6098943479551,373.8381670636047,380.6098943479551,27915650
2021-01-14,376.95513916015625,379.4148640350103,372.65310506160324,376.8256751576991,24018190
2021-01-15,371.2291259765625,379.2157495122574,369.2673205317179,377.2639121895126,13575820
2021-01-18,367.85321044921875,372.892156476402,366.2399247427122,372.54360653257754,25023140
2021-01-19,375.82989501953125,376.8257347150735,367.51462748363014,369.67561299482776,24027570
2021-01-20,375.1527099609375,376.4273834830333,372.33449715487916,376.4273834830333,15207240
2021-01-21,370.01416015625,379.39498258069324,367.61418306811294,378.41904882993225,28344310
2021-01-22,364.0789794921875,373.43986605654885,363.38187958596967,368.46066784246153,21490875
2021-01-25,357.3869323730469,371.9261970937633,353.52306973429774,367.4648245970588,33050690
2021-01-27,351.4716491699219,363.1727650796499,347.81690427560886,358.1039448983946,39461595
2021-01-28,343.136474609375,351.42186776975626,338.78466021259567,344.75969809718737,30179620
2021-01-29,341.1647033691406,348.51400487712823,339.3821418793585,348.51400487712823,25703435
2021-02-01,358.801025390625,360.45412291018215,337.7987701369617,344.56053008941825,24146050
2021-02-02,370.7112731933594,374.2564598717309,358.5122376335693,364.4773073374008,29356685
2021-02-03,368.8988342285156,375.06308395710056,362.4856245929301,372.44402087295566,21446975
2021-02-04,380.4903869628906,381.4065727811277,364.6764793950154,366.26979846751124,48208370
2021-02-05,394.8902282714844,398.0370849330556,381.0380963225708,381.4065520978699,81341680
2021-02-08,389.8014831542969,404.3108732644555,388.67617955586576,398.33583572852757,20107375
2021-02-09,388.2081298828125,393.3566338804077,385.95755309888517,390.3691151420755,11154615
2021-02-10,388.7857360839844,390.94669096500974,385.78824920769694,388.3774382072007,14304705
2021-02-11,390.5683288574219,395.2985672672398,386.6347500235379,388.2181314443716,11233885
2021-02-12,388.5865783691406,393.3566587658247,387.58080099588864,390.36913983848933,8453765
2021-02-15,395.53753662109375,398.1366634123741,389.77161677719903,390.3691266205572,14652175
2021-02-16,402.24951171875,408.0950857352736,397.9375393076282,398.33586909860384,27400915
2021-02-17,396.23468017578125,403.0163462274197,392.1915429593621,401.34331240349525,21976120
2021-02-18,387.4712219238281,395.3184427453514,386.0073365128017,394.1831710267294,17691040
2021-02-19,386.1368408203125,392.3309649241443,383.41818751878964,386.83394076140524,13678415
2021-02-22,388.2978210449219,390.7774521208737,382.72111276386215,386.1368355694132,19266380
2021-02-23,373.03155517578125,391.3649660089787,371.6473539235502,391.3649660089787,27862010
2021-02-24,380.64971923828125,383.1990661847687,368.86895013412646,376.2481252220263,19107080
2021-02-25,377.5227966308594,391.40480301965295,375.9394153213128,383.7965739245806,28112580
2021-02-26,354.588623046875,372.2448401720022,353.1247375805214,372.2448401720022,42000480
2021-03-01,367.5444641113281,369.4365836530858,358.78108783728123,360.6931132303054,16300220
2021-03-02,367.3951416015625,372.12538028438235,362.50556491623684,367.4648576758994,19185745
2021-03-03,378.3194274902344,380.1617366799686,368.6996140821863,369.45646184222227,14378090
2021-03-04,377.9609680175781,380.4903787051067,368.4606497814102,371.2290826371163,20112570
2021-03-05,382.9003601074219,384.0555377925912,372.04571358432025,373.5394731165989,27039930
2021-03-08,381.5758972167969,387.9492649847671,377.08465060963135,382.4024307655916,23490050
2021-03-09,394.1434020996094,396.54337941573334,381.9642716673164,381.9642716673164,39591725
2021-03-10,391.1558532714844,398.2063844168266,389.81146370491024,394.99977962134005,13807350
2021-03-12,385.41986083984375,394.3525446967044,380.8091178916234,394.1533645885903,13101325
2021-03-15,382.133544921875,387.18242865346906,377.04478870585075,387.18242865346906,13217765
2021-03-16,379.0564270019531,386.72437423519483,378.41907502494223,383.41817923333457,13846120
2021-03-17,372.11541748046875,381.94435001875684,370.65153197111,379.0564210956355,13474970
2021-03-18,364.5569763183594,377.0049723059246,363.50138868986306,374.63489939800894,10987875
2021-03-19,365.3038635253906,372.84237734290224,361.30059887479297,362.1769426726828,24015080
2021-03-22,363.0133972167969,368.4506727593308,359.4980847505119,365.074792420332,12170485
2021-03-23,361.0217590332031,367.2656629044873,358.27323178334825,367.2656629044873,21254280
2021-03-24,355.0068664550781,359.49811299337136,353.1944613922554,358.5022733451903,15230805
2021-03-25,351.1131286621094,358.26328041007366,347.5480361048808,357.0881665321073,20565065
2021-03-26,352.736328125,356.98858256956777,351.083230780001,355.51472905471496,16553785
2021-03-30,354.7678527832031,358.8906432598829,353.52305329975326,354.93715888482177,27877620
2021-03-31,349.1413879394531,354.3197358935583,347.0700244453195,354.27992418873544,18991915
2021-04-01,359.40850830078125,361.1412596466822,348.6733575944056,352.5272523551113,19013260
2021-04-05,350.376220703125,358.4226221373648,345.43686452179674,355.73384291158453,12241205
2021-04-06,352.18865966796875,354.8077228501399,344.30159614712164,353.7222612618641,14365225
2021-04-07,356.90887451171875,360.63333494688163,347.66748506921334,351.74046502058917,15790710
2021-04-08,355.16619873046875,363.2225377077406,354.2599810183328,357.70560802683593,14451450
2021-04-09,358.3529052734375,359.7869168052598,347.3687951145329,352.5272372242361,15696920
2021-04-12,347.05010986328125,352.1288980369642,343.226089344086,349.98784891793895,16641680
2021-04-13,353.6923828125,355.7238738227149,343.2559723118433,347.7073767749258,15593710
2021-04-15,353.1745300292969,360.39436757837,349.0617073629817,358.5022782988048,17734430
2021-04-16,351.35211181640625,356.1420975455621,350.5454842248011,353.32385464450294,14561395
2021-04-19,338.7348327636719,342.56882128936434,333.6062649184217,342.56882128936434,19327115
2021-04-20,338.12738037109375,345.2775012801128,335.46847531379467,343.56465598248866,16585040
2021-04-22,345.7654724121094,346.50241441029766,332.45110130640336,336.5440180242062,17952220
2021-04-23,345.39703369140625,349.80859621489003,342.61863245289715,345.3372857413837,9467250
2021-04-26,350.4658203125,355.11640457892577,345.21775660337505,346.55217800975754,16265310
2021-04-27,348.6036376953125,351.05339481100833,343.47506939575237,348.54388974546254,22666800
2021-04-28,360.78277587890625,363.28231287730654,349.34055698237853,351.03349664015195,20872995
2021-04-29,359.4980773925781,367.55441570167693,354.6284074077171,363.50134144120506,19800475
2021-04-30,348.3049011230469,358.90061966483535,346.4426857576338,354.5189310890489,13108915
2021-05-03,343.654296875,350.3363723335836,335.5979578541002,345.5563542295927,27969345
2021-05-04,345.0882873535156,351.33219055980464,343.62440195990763,348.7430319724595,21275755
2021-05-05,352.6766052246094,354.1205848703058,342.9472628052765,346.7513775539906,12058215
2021-05-06,356.16204833984375,357.2475099224278,351.172912308596,354.85750081642345,11901275
2021-05-07,354.588623046875,361.09145459129184,353.22432762127875,357.7056059398371,8053650
2021-05-10,360.364501953125,361.14125569181044,356.6301031343266,360.2947858814264,6662450
2021-05-11,349.62933349609375,357.3869327552555,349.19116162583214,353.84174608903965,14779880
2021-05-12,342.3398132324219,349.34056532260195,341.68255536338125,349.34056532260195,15909150
2021-05-14,339.909912109375,344.34141041799893,338.80454475773615,344.34141041799893,14689460
2021-05-17,347.3787536621094,349.5397392108682,340.5771817952049,341.9713513150738,21057205
2021-05-18,349.55963134765625,352.71645648539163,348.5637916738819,352.12891472473854,23292070
2021-05-19,344.6700439453125,348.6135908093344,344.05262822969877,348.1355768404976,11860210
2021-05-20,340.21868896484375,345.95470495890635,339.60124282405246,344.958865261045,12990190
2021-05-21,350.0675048828125,351.42186258646325,341.67258407252933,341.67258407252933,21465560
2021-05-24,349.93804931640625,354.29983187562635,346.9505303460488,351.26253307867546,18069535
2021-05-25,348.64349365234375,353.3040162696136,346.1538943409026,352.60691630616344,11008125
2021-05-26,346.681640625,350.8940226321516,345.9347609340171,350.5455030888495,14225500
2021-05-27,353.97119140625,355.20602276233444,343.7040877520649,346.5521743677079,26699940
2021-05-28,358.651611328125,361.09143040550055,354.17033330972123,355.7139028615384,16235045
2021-05-31,360.035888671875,360.8524541177225,355.51476798698195,358.3031069522023,11554045
2021-06-01,357.9047546386719,363.28228252791337,356.11225547246255,361.48978336170404,11449080
2021-06-02,355.13629150390625,357.10806473156975,352.5271967744574,357.10806473156975,15494245
2021-06-03,361.3304748535156,364.0690340417971,356.510614329014,356.510614329014,17220655
2021-06-04,360.73291015625,362.67480944193477,357.9047294710155,362.48559749550964,7543530
2021-06-07,361.4698791503906,363.48146425854304,359.89643551924013,363.48146425854304,5480695
2021-06-08,357.2176208496094,361.78852104917917,356.0823794882522,361.48978132003606,6655155
2021-06-09,355.0964660644531,360.8922597464423,353.52305289106096,356.4906657967951,10188570
2021-06-10,358.4126281738281,359.0997599177486,353.7222322445289,356.05249322323704,9272445
2021-06-11,357.3769836425781,360.49396672566036,356.1122781805986,360.29478663199666,8109640
2021-06-14,352.13885498046875,356.49069991417934,350.43597763547825,356.49069991417934,12715010
2021-06-15,352.7064514160156,355.34542019695044,351.7305480879408,353.6823851347023,8679120
2021-06-16,350.655029296875,354.7081036956675,349.1413640705005,352.6965186775184,14227715
2021-06-17,351.74053955078125,352.88574915247784,345.7555634896897,347.9962028632503,12891210
2021-06-18,350.62518310546875,353.851693886813,345.2078129104866,353.5131120484535,13393945
2021-06-21,352.935546875,353.9612605362834,344.8194595096276,346.5522108388248,6396605
2021-06-22,349.9579772949219,355.5147490766874,349.3405311941801,354.5189094434194,7858715
2021-06-23,345.89495849609375,351.3322347604318,344.0128372621604,351.3322347604318,38011745
2021-06-24,346.1339416503906,347.1297813276513,344.0028605441727,345.5563680094501,17976965
2021-06-25,345.5563659667969,349.3405445617723,342.74809079977445,345.5563659667969,47888225
2021-06-28,345.16796875,348.1455499885359,343.00701371415147,345.55636080352775,17502535
2021-06-29,339.7506408691406,346.1538827907619,338.98382485680855,346.1140406937356,51973310
2021-06-30,339.7506408691406,347.24931252936807,338.27678718532366,339.7506408691406,44110495
2021-07-01,341.7920227050781,343.6044578267795,339.81031189291303,340.55719149234517,14941930
2021-07-02,341.6028747558594,344.1621899563401,340.5771611294858,343.96300986960927,11212755
2021-07-05,344.77960205078125,346.5123533027739,342.8675765663713,343.9630062506367,9438355
2021-07-06,349.6094055175781,350.53552902494835,343.96298177760815,344.36131152792325,18461110
2021-07-07,350.89404296875,352.2284948377186,347.17958054030964,349.7388957234871,13630910
2021-07-08,345.0185852050781,351.1330550411054,343.56466787359346,350.1372154240805,11040075
2021-07-09,342.57879638671875,344.560507499654,341.5630205273342,344.3613274199985,8490830
2021-07-12,344.94891357421875,347.1497107080831,343.5945558367998,344.9588513051766,8685325
2021-07-13,347.97625732421875,349.0418130915985,343.28586087022046,347.1497237492536,10333195
2021-07-14,348.1754455566406,350.12728289505145,345.6758781388187,346.55222195338337,10794920
2021-07-15,348.5538330078125,349.93803426810075,346.5521856587528,349.93803426810075,9752780
2021-07-16,348.44427490234375,350.9338739376429,346.55218571363906,349.63929459553265,9190250
2021-07-19,343.1264953613281,346.55218606865816,340.9754781457525,345.33726052256304,10731685
2021-07-20,339.11328125,343.325693990256,337.78882786217457,343.1265139002212,10719295
2021-07-22,340.01947021484375,342.9572091458122,339.21284258252456,339.890006206341,9291265
2021-07-23,343.1563415527344,344.0227170852674,337.4202961089144,340.57712080520565,9979000
2021-07-26,346.6717224121094,348.5439059695301,333.2776962599361,340.8958641265753,19695475
2021-07-27,338.17718505859375,349.14138939370025,337.36058924710875,348.94220930629893,21505655
2021-07-28,329.1947326660156,339.74067130577487,327.8304371571555,339.58133330896135,25263775
2021-07-29,326.9640197753906,331.4154242382611,325.65947226169743,331.4154242382611,14971325
2021-07-30,329.58306884765625,332.5905239201354,323.8470533591262,326.9640058106084,16110005
2021-08-02,331.634521484375,334.06437275088035,330.1208561013944,331.61461563126494,12954880
2021-08-03,335.7274475097656,336.444453319185,331.6146246300831,331.6146246300831,16150700
2021-08-04,348.5339050292969,349.19116283696894,335.59795786221565,338.3265487441701,35020800
2021-08-05,352.8757629394531,357.1080811747026,349.0517425808306,350.87411564908035,30260460
2021-08-06,353.96124267578125,355.4550021298855,349.7687663173007,352.32805108513264,18202345
2021-08-09,354.6981506347656,356.4309322493289,350.953814307258,353.961239036647,7984430
2021-08-10,361.1412353515625,363.46155870570163,354.3794757617893,355.5147475262585,22974240
2021-08-11,354.81451416015625,362.66563216085916,351.1380386983768,362.66563216085916,15509515
2021-08-12,356.2293395996094,356.8869238225426,351.1081671993599,353.71855794737223,8208450
2021-08-13,356.2890930175781,358.4810098727575,353.4694503862724,355.4920074655726,9199585
2021-08-16,355.1632080078125,358.9193765147408,353.0509846392182,355.49198487319813,7768305
2021-08-17,356.3588562011719,357.6839672696491,354.10713124563733,354.4956857612306,7096685
2021-08-18,348.65716552734375,356.7971982872134,347.8401642488985,356.3588392462255,13818265
2021-08-20,339.46099853515625,345.1301422611098,338.1558032357179,345.1301422611098,28216210
2021-08-23,342.1112365722656,343.64559960668066,338.7535955052585,343.64559960668066,15465845
2021-08-24,339.73004150390625,343.73529398339764,337.0797889219002,343.73529398339764,23539855
2021-08-25,338.1956787109375,342.08137595729465,337.5580102368141,339.74995760948036,14569050
2021-08-26,338.25543212890625,342.04148960459173,336.54173623444035,337.51815461344324,21912885
2021-08-27,341.45367431640625,343.496177604916,337.75728306548194,337.75728306548194,18306575
2021-08-30,345.8973388671875,346.63461640544847,341.9319180198031,341.9319180198031,12806265
2021-08-31,349.4542236328125,350.62992101658836,346.5349719242156,347.53130605594464,22463045
2021-09-01,348.04937744140625,349.4841009764895,346.32573890970616,349.4641852405619,36331770
2021-09-02,353.97760009765625,356.3687960069264,347.5213437774917,349.11548451890707,28819220
2021-09-03,357.0562438964844,360.96188691794583,354.20674298641535,357.28541168383333,24225670
2021-09-06,353.60894775390625,360.27442547887034,352.7022800519807,360.27442547887034,9509655
2021-09-07,351.6760559082031,354.5853649200546,347.9198872180589,353.6089465354138,14614185
2021-09-08,361.7390441894531,364.2597683521793,349.71328379960187,350.7295336782649,76247785
2021-09-09,362.2371826171875,366.98968515210254,360.03526244563943,363.8612120049464,18214625
2021-09-13,366.66094970703125,368.60378310610525,357.6341645081911,364.3594201937598,16358075
2021-09-14,372.18060302734375,374.4223548254341,367.677183694567,368.6436290193053,20840400
2021-09-15,372.9677429199219,378.2981370016564,370.23779692607985,373.4260481409544,24070115
2021-09-16,379.96197509765625,380.59964354545514,372.2304428051778,374.02383210462824,20643915
2021-09-17,400.1178283691406,401.92119075142625,381.19745255645154,381.79525912866734,73192445
2021-09-20,398.82257080078125,405.94635327382235,394.8172884057735,396.54095728171933,29405445
2021-09-21,400.71563720703125,404.04338964414455,397.7565235432522,401.9211930239174,19334440
2021-09-22,395.65423583984375,402.99724399427663,394.30920907507056,401.82154660044614,9559045
2021-09-23,403.3160400390625,408.8955171980876,396.7203130226192,399.3307035548595,14945535
2021-09-24,404.1330261230469,408.96525250962515,401.3034409743204,404.51163793972563,10574440
2021-09-27,405.1792297363281,410.0911498903174,403.6149777942056,404.75078293547966,9150320
2021-09-28,412.1236572265625,414.03660169693393,401.1041739600452,406.50431823272504,19496335
2021-09-29,404.601318359375,410.48965664586797,402.548872508602,410.4697409095601,17101570
2021-09-30,399.629638671875,405.50800414966017,397.8959965531932,403.6050022505434,22863740
2021-10-01,397.2483825683594,400.68574756661945,392.9342690541786,397.9358555680114,16869890
2021-10-04,396.7303161621094,401.50276547724684,396.1424826348217,397.53734442886935,10215265
2021-10-05,395.0166015625,398.1251592447669,393.651628642273,397.5174100081658,13599035
2021-10-06,389.7160949707031,399.5299923860143,386.9961222128636,393.7612091693869,14896375
2021-10-07,389.05853271484375,394.99670644943325,388.4208946366859,392.1571478932802,11110650
2021-10-08,385.8503112792969,391.78848464315047,384.7842568583091,388.570314426335,9689170
2021-10-11,393.63165283203125,399.52996393243586,387.5739550367021,388.3710101341365,11880835
2021-10-12,397.5572204589844,399.33069393550585,391.55930014079445,394.54830243194556,9454510
2021-10-13,400.3968200683594,402.9175443780006,397.44767935011,399.33073517704497,8712390
2021-10-14,402.0805969238281,403.6149599894342,395.5446474983768,400.12779055305054,8261780
2021-10-18,400.84515380859375,407.8892433932823,400.1178189488565,402.0805983979021,10833895
2021-10-19,405.5777587890625,407.49070337255836,396.9594742803711,400.90494908882397,8476015
2021-10-20,401.6123352050781,407.4907007015926,398.17500057682156,406.9028671925117,8974465
2021-10-21,427.1782531738281,429.4200049397549,402.9175113147684,404.7109309709324,47477590
2021-10-22,432.6880187988281,438.7158285972414,422.9936760052409,429.4001280734585,29659130
2021-10-25,429.32037353515625,434.98951720691815,421.45931300550416,428.822206466676,33886310
2021-10-26,440.5690002441406,446.35769922348885,423.18295716344363,429.32037917645124,53345005
2021-10-27,436.045654296875,448.94819428252174,433.7242090013752,438.38704573592406,22752840
2021-10-28,418.1614685058594,436.39437188107377,416.54738158961555,436.0456488361006,15511445
2021-10-29,404.7408142089844,417.8525746726263,401.5226441054604,413.9867934823311,23331725
2021-11-01,413.7775573730469,415.8300032749097,405.4681342701672,409.4933327209732,9832940
2021-11-02,413.8074645996094,417.16513635133447,410.4896851346773,411.71518713101227,7681030
2021-11-03,406.01611328125,420.7718186684708,404.1131115275296,414.4749799450143,10336455
2021-11-04,409.8918762207031,410.8882104022827,406.30506708587535,406.50434608447375,1025885
2021-11-08,422.21649169921875,423.9600763787129,409.4933161554779,409.4933161554779,10609980
2021-11-09,417.90240478515625,423.8306052318143,415.1325970214576,422.4456861471121,8887865
2021-11-10,413.6878662109375,416.73664607336116,411.09739151323225,415.47131273363084,7228940
2021-11-11,409.3139953613281,414.01669368008754,408.0088000810057,413.08013716365247,7735765
2021-11-12,413.41888427734375,414.4749960174318,409.10474048871777,412.0838001984721,7172140
2021-11-15,417.92230224609375,420.05447186163417,414.47499469801994,414.4949104344038,9096640
2021-11-16,415.0429382324219,419.2275235608521,412.4823520827512,418.4404414477786,7725535
2021-11-17,409.11474609375,414.8436677683209,407.6003290493092,412.4823605691065,7233815
2021-11-18,403.40576171875,410.97787718065166,400.307146600426,408.4970147962274,13965995
2021-11-22,389.6563415527344,407.3014118535196,386.7769515040991,407.3014118535196,13741645
2021-11-23,395.12615966796875,397.1686627940003,385.12298730573394,386.1790990077002,16148125
2021-11-24,400.8052978515625,403.5053548656416,392.555652363303,394.45865422522087,9737415
2021-11-25,405.5279235839844,408.09848277394195,401.1340862384851,402.51900533176644,15822140
2021-11-26,391.4198303222656,399.9285327105037,389.58657908461095,398.93219853314537,13237765
2021-11-29,402.4393005371094,407.50066460652374,386.0197029095996,397.1387955974255,20859500
2021-11-30,390.94158935546875,406.42463019228137,387.9525869764696,403.11679359548657,21329080
2021-12-01,389.2378845214844,395.7239993081194,386.5776589025874,394.34905328525394,12928465
2021-12-02,391.40985107421875,394.7376032668908,387.6935139939561,388.0820988815467,9664645
2021-12-03,381.4365539550781,396.52106724932776,379.6431646867707,391.89806230018183,17458620
2021-12-06,375.6578369140625,383.8875363277963,374.0238343112167,382.59231409340805,15406680
2021-12-07,386.0097351074219,391.320213190853,380.6395098127391,380.9981755144817,36722375
2021-12-08,382.6819763183594,392.5556512979128,381.68564217800935,392.5556512979128,25627975
2021-12-09,381.8649597167969,385.95990868043407,375.8371505716182,383.7879076389165,23272265
2021-12-10,377.9593505859375,382.59229811478036,376.31540538611637,381.59596400510645,15274610
2021-12-13,373.2466735839844,381.7952371412396,371.08464562630274,380.5996240656629,20425550
2021-12-14,366.73065185546875,373.42601840089804,361.8785095249634,373.2466855555206,50556260
2021-12-15,372.1108703613281,374.97034436147345,366.00333746756354,367.76683787731247,26528735
2021-12-16,370.7857360839844,376.8036026727592,368.82295665449465,375.79729548334285,15272310
2021-12-17,357.4448547363281,370.6263362785608,356.6876310411635,369.6399751851164,14675630
2021-12-20,347.2224426269531,354.6949485658402,343.21719038976323,354.6949485658402,16345895
2021-12-21,346.0368347167969,352.30378545972553,342.9382498944906,350.91886630238355,11321155
2021-12-22,351.1878662109375,352.7022831473243,345.3593054506671,348.3184190424533,17269195
2021-12-23,353.8182067871094,356.4285976040172,352.17426138924145,355.6714042653244,9598245
2021-12-24,348.39813232421875,354.6949717035159,344.73162980173174,354.6949717035159,11357850
2021-12-27,353.3897399902344,354.48571356781855,342.9382051403389,347.34198478067265,8269165
2021-12-28,353.6787109375,356.6278515364572,351.81554051816767,355.6912949939327,6428355
2021-12-29,351.5465393066406,354.6949588824844,349.5339552612827,353.4993457352051,7059540
2021-12-30,349.7630920410156,352.6923168815555,347.451619915762,350.51034265532263,12491975
2021-12-31,357.90313720703125,358.87955557269095,350.7195768478103,351.1081313364836,11064460
2022-01-03,363.5523681640625,364.2796726050549,357.00644576090696,358.08247322170456,9925545
2022-01-04,369.1617431640625,370.03852214000045,361.72909841829136,364.6583234489444,13177875
2022-01-05,383.020751953125,384.2562270458583,366.6709039652871,370.03851845033046,21040835
2022-01-06,376.992919921875,381.59597882239154,373.62530563550087,380.02178424649094,11290150
2022-01-07,379.453857421875,383.6683313091358,375.33899262250713,376.9929109179703,11516755
2022-01-10,388.16180419921875,389.62641656444055,378.8759629504073,379.4538537642794,14310435
2022-01-11,385.9399719238281,389.4171986946829,382.6321657383757,388.17178103888926,13570095
2022-01-12,389.8854675292969,393.7811375111788,388.0023814844969,389.52677144212856,10746980
2022-01-13,383.8576354980469,391.9379210228804,383.1004422426633,390.5629750722542,7435760
2022-01-14,386.218994140625,387.57399402370675,378.2084588610875,380.40037580237373,9143810
2022-01-17,386.0694885253906,389.15813029930064,382.3133199353987,382.9908198222502,8382365
2022-01-18,387.00604248046875,393.5519647355916,384.58495794414773,384.58495794414773,10407280
2022-01-19,379.7328186035156,387.57396306855037,378.62687194677574,387.57396306855037,7608510
2022-01-20,377.1324157714844,383.58867242484547,374.02385788843515,383.58867242484547,7449105
2022-01-21,377.361572265625,378.8062689949971,368.55398172598467,372.28026184506547,8769480
2022-01-24,364.8376159667969,376.19581870430125,360.6729466973293,375.43862545893694,12737170
2022-01-25,369.5702209472656,373.40611352651104,355.1333487660441,361.6095207758306,12845325
2022-01-27,376.46490478515625,378.31807190694246,362.8948370806673,366.6510062804747,18593095
2022-01-28,378.2682189941406,389.9452562000668,376.34530142289907,377.610634820439,24859820
2022-01-31,370.0883483886719,386.3584723922499,366.8502622593523,382.5923303565311,22583125
2022-02-01,375.0799560546875,379.6033217354212,365.47531039182405,375.020178436477,15485430
2022-02-02,387.0957336425781,388.17179155352613,377.9892553077092,380.75906303299337,13552540
2022-02-03,380.41033935546875,387.065844179687,377.8198644844882,386.5577344390981,11198565
2022-02-04,375.4585876464844,382.1938167722225,374.67147509105627,381.3967311446663,8856335
2022-02-07,364.34942626953125,376.614296837251,362.66561917661204,368.64362388831444,10269795
2022-02-08,362.22723388671875,368.2550432112094,357.30534085183984,365.65462572653007,17846850
2022-02-09,365.6546325683594,368.2052455565433,363.19368600487275,365.77418780128903,8120290
2022-02-10,372.071044921875,376.3951316877255,364.70812061206294,365.6546502613983,12540405
2022-02-11,364.3095397949219,369.46060021890946,363.0641222307346,369.46060021890946,9298775
2022-02-14,348.0892333984375,363.4327721816401,346.3157599485273,356.69757446252083,15134105
2022-02-15,361.2906799316406,362.46634691605385,347.92983550439504,349.91256111311077,10276375
2022-02-16,364.66827392578125,369.2115552416747,358.68029592236275,361.6892141254352,11348780
2022-02-17,362.1275939941406,367.497849543913,360.7526480312785,365.65462532421674,14051145
2022-02-18,363.9708251953125,364.8575771818243,359.84601763331113,360.4836556771028,6148340
2022-02-21,364.0804443359375,368.9026980509273,359.0987735056952,360.274440524263,6719555
2022-02-22,366.9996643066406,368.4642766199001,356.687600501504,356.687600501504,15110375
2022-02-23,375.8371276855469,381.1675208792763,369.2214550669611,369.2214550669611,34579605
2022-02-24,357.6540832519531,373.5057637683104,354.04735837073326,365.5251172245273,24780215
2022-02-25,369.9787292480469,371.8817311727933,358.8895250048266,362.854945971156,19969430
2022-02-28,367.1989440917969,369.0421683768996,361.60952402479256,366.0531658839889,13562810
2022-03-02,359.87591552734375,362.536110742631,353.7584091090681,361.03163641125127,14154775
2022-03-03,357.1359558105469,362.5859043325527,353.22033984815334,361.26076300614824,14810715
2022-03-04,349.1453552246094,355.88058354487663,345.4688799225183,352.7022752982916,12745970
2022-03-07,341.1249084472656,344.9109662470512,334.77826445471163,337.4584058866323,13489675
2022-03-08,343.3566589355469,344.6319653905641,333.28373559568263,338.75360017455824,27182480
2022-03-09,346.5449523925781,348.3483147770452,337.15947129284166,343.3566709407075,34597305
2022-03-10,349.5837707519531,361.2707816922669,345.9272413188816,358.6803067291926,20942345
2022-03-11,351.30743408203125,354.67504843827436,345.9272356503965,347.7206249923728,12531700
2022-03-14,356.43853759765625,358.15223352993746,347.12280733332005,347.81028032047215,16583245
2022-03-15,345.4788818359375,356.677668448825,341.54334960659804,355.49202832528044,24037275
2022-03-16,350.80926513671875,353.6587662502985,349.26492893948637,350.70962563920284,14636205
2022-03-17,362.6656188964844,364.18003580955906,355.2030860836321,356.6876141893995,16795035
2022-03-21,354.1170959472656,364.658297845266,353.30009464925945,361.79882370794957,11988495
2022-03-22,360.2445373535156,361.39031551765106,349.7830290270794,354.1170885577439,16987280
2022-03-23,352.6524963378906,364.1103394457293,350.31110492601715,361.6693085343855,16131700
2022-03-24,341.5732116699219,344.5124094749211,338.952878485172,341.74260184818155,98550890
2022-03-25,343.1872863769531,345.09025771472324,341.1447832673966,344.33306448901,15195750
2022-03-28,343.7751770019531,344.3331217476598,337.16947608128453,344.3331217476598,15351020
2022-03-29,344.73162841796875,346.90362964646965,342.48987649906576,346.3257691969966,12928950
2022-03-30,351.32733154296875,352.47310969661055,345.92721765492655,348.59738579165975,16790770
2022-03-31,349.4841613769531,354.4459169937857,348.1191882902672,349.7332449447632,14242040
2022-04-01,354.02740478515625,354.69496205292364,347.84017814608904,348.57745569693503,11868865
2022-04-04,365.8638610839844,366.6509735897992,345.72795607516395,356.08982533460403,19987830
2022-04-05,359.1186828613281,366.26238167775495,357.52454214283773,365.86385409955864,10664355
2022-04-06,354.57537841796875,357.2854083406831,353.0509884867984,356.1894347679488,11745005
2022-04-07,351.9949035644531,357.0861565224611,351.307430562252,352.9015712978735,21943915
2022-04-08,355.5916748046875,356.6876485209492,349.9325037679818,353.7484504281166,11908355
2022-04-11,355.3824157714844,359.90578113993917,351.3671905284446,353.6986086948189,9589710
2022-04-12,359.0489196777344,361.2010050119424,352.70227623857994,352.91149788885315,12061210
2022-04-13,354.6152648925781,362.366743381844,353.25026156302897,360.21465796402475,9618460
2022-04-18,348.796630859375,353.81816327310617,344.7316010806333,353.81816327310617,9800705
2022-04-19,340.24810791015625,352.0447004478736,336.1631318658187,351.307422916049,11947870
2022-04-20,342.9980163574219,344.13382151768405,335.4457862057356,341.34409796115733,16007725
2022-04-21,350.8790283203125,353.3897795563103,343.54599280303364,343.7352987333433,13653455
2022-04-22,344.28326416015625,348.49776869279395,343.01793069605424,346.72429506644096,11280190
2022-04-25,344.50244140625,346.30580375025676,337.5579912994426,339.251771483817,10746970
2022-04-26,347.2623291015625,348.3184409166048,344.98071527968887,347.93982905730536,7273885
2022-04-27,347.0231628417969,349.11547058101576,343.5359934116669,343.5359934116669,14112960
2022-04-28,351.8354797363281,353.30009213841134,345.20986378622024,348.5176700228087,11712485
2022-04-29,356.8370666503906,360.73273679183046,352.1044794788849,352.49306438875743,18443295
2022-05-02,353.569091796875,354.7846206652783,348.72692246573547,351.81553397866566,9897330
2022-05-04,353.8182067871094,363.4029372119361,352.303789704016,352.303789704016,28732370
2022-05-05,358.2020263671875,362.86489308540774,355.551774000064,358.8795566667024,17840235
2022-05-06,353.7583923339844,357.6739781516722,348.7169440890392,349.74316702255874,14237415
2022-05-09,352.2041320800781,355.49202270666206,347.322100686842,347.72062827707856,10846810
2022-05-10,358.11236572265625,360.43384125119076,352.2041116839967,352.7022787443701,9949270
2022-05-11,360.6629638671875,362.2670775468544,357.88321367626475,358.2817412270996,13109420
2022-05-12,350.88897705078125,359.9954863838424,350.1118375781812,359.2382626495166,21411340
2022-05-13,354.6052551269531,357.6839236905356,349.91253026845385,355.6912555919811,13685110
2022-05-16,361.2408752441406,363.6619598989756,351.9351180559583,354.89423165821376,15195905
2022-05-17,366.71075439453125,367.627395214983,362.1873887217896,363.2634466590897,15103905
2022-05-18,368.0059509277344,371.43334268604434,366.82034131442214,368.03587014040073,26608920
2022-05-19,355.3724670410156,364.12027990096493,354.36619019788213,361.0714997510634,15541605
2022-05-20,364.4889221191406,366.6310649449767,357.57439083712524,360.8722545624393,13248360
2022-05-23,369.5004577636719,372.92784957463476,366.90004030088033,369.042152581306,14130390
2022-05-24,375.13970947265625,376.61429490670423,367.2088984427154,370.22778959042193,17109500
2022-05-25,380.1114807128906,386.8765682228283,375.87706024769176,378.17858987984914,31263010
2022-05-26,380.33062744140625,382.99082246472585,375.4286502844219,381.58598773318585,24749145
2022-05-27,387.81304931640625,388.57027291139144,381.1974071475464,382.79154768165654,12201835
2022-05-30,379.2446594238281,388.9190558631792,377.7202389286845,387.62380317703304,19939000
2022-05-31,368.01593017578125,377.8398004402799,364.32951216382156,376.8334932461474,74151530
2022-06-01,371.65252685546875,373.4260002982045,365.72435733437646,366.65094072961244,11913225
2022-06-02,370.1679992675781,374.422334840153,367.8465542413092,368.2849436686592,13321505
2022-06-03,370.3672790527344,374.422335656003,369.2613324113315,374.422335656003,9076875
2022-06-06,372.4894714355469,374.0238345430743,367.278663280748,367.6473020520391,12940485
2022-06-07,370.2676696777344,371.6326426154573,365.0568310617639,371.4333636206735,8558195
2022-06-08,367.7469482421875,374.64156367165555,366.4018910314949,370.6363112541567,7328080
2022-06-09,371.6725158691406,373.19690596819754,364.2000094216643,366.40189947458947,6404340
2022-06-10,357.0462951660156,369.48055643524805,355.5019893795057,366.6509710680812,14299750
2022-06-13,346.19622802734375,349.23503502002154,342.46994803928425,347.3220904808155,11747225
2022-06-14,346.66448974609375,348.44793630156994,343.05776516318383,345.84748848540596,7755235
2022-06-15,346.05670166015625,348.7169270248264,344.5123960027561,346.3257313206539,8850845
2022-06-16,333.93133544921875,349.42431830274575,332.7755842623776,347.12278899973467,14866460
2022-06-17,333.4929504394531,335.5055343710017,328.5112799503395,330.9821994589932,15819320
2022-06-20,334.6088562011719,336.73105279869606,329.188796010309,333.4929668217069,8837885
2022-06-21,335.067138671875,340.54697610746183,333.2837225622175,336.7609187687922,12518015
2022-06-22,332.7158203125,333.9413222329576,329.3880679819088,331.7792638020439,8859625
2022-06-23,335.5852966308594,337.7572979159581,328.5511795255972,333.77196106739217,12454005
2022-06-24,338.43475341796875,341.7226741294801,336.7908082650647,338.7535876213341,8088605
2022-06-27,337.06976318359375,342.71899051097483,335.76456803703354,342.1809616212953,10640560
2022-06-28,332.5364990234375,337.2292244041739,331.7194977147404,335.7446962353675,13997215
2022-06-29,327.2857971191406,330.57371807680664,326.1400189210759,328.7902714242714,14664150
2022-06-30,331.0021057128906,334.1505250205041,325.0041855618697,325.20343413230427,19910320
2022-07-01,332.32720947265625,334.668600566065,326.0005125938546,327.7939017175665,11502570
2022-07-04,332.9549560546875,335.6550436320082,330.7929278653115,332.0881501645695,9343905
2022-07-05,331.3907165527344,337.71744504987805,330.1752179709506,333.77196997806396,13210485
2022-07-06,339.65032958984375,341.22455468497816,332.9749085578337,335.1668255988803,27864745
2022-07-07,346.4253845214844,347.52132772523595,341.951823661847,342.34040856207855,15850325
2022-07-08,347.6708068847656,350.00222510067664,345.16999848821587,349.7132796893303,8890745
2022-07-11,346.9733581542969,348.11913631401006,344.3729406893574,347.3220811783064,7665895
2022-07-12,342.52972412109375,346.5250033654739,341.13486239965033,343.0378338590129,9144160
2022-07-13,347.1327819824219,347.9099213967735,343.4164446875697,343.53599991966917,18067340
2022-07-14,352.7122802734375,354.0971690020469,346.1364684648087,346.7243019947932,32854910
2022-07-15,356.2293395996094,356.6876448195785,352.7023080059519,353.16061322592105,11668660
2022-07-18,367.7768249511719,368.6436307856741,357.5345112363819,358.6802894130883,15585190
2022-07-19,365.6446533203125,369.04215635862886,364.26970735343735,365.6546263914566,14475875
2022-07-20,364.2099304199219,368.64362947726823,362.2870128392069,367.8963788769765,12857345
2022-07-21,358.78985595703125,363.6619442709052,356.2492161798858,363.6619442709052,10933370
2022-07-22,364.0804443359375,367.0495006911102,356.62785382784097,358.8795787729363,16747900
2022-07-25,357.79351806640625,368.4045003783297,355.71118348095126,361.868551224205,9432575
2022-07-26,351.0284423828125,357.6739738967737,349.11546750519943,356.88689183872884,9012235
2022-07-27,349.5339660644531,350.93880091392913,345.1999062787431,350.93880091392913,17398225
2022-07-28,364.359375,365.02690178768574,351.7059203765787,353.65872660501634,10772005
2022-07-29,360.74273681640625,370.018605933159,359.4076526159031,366.1827131211415,11939990
2022-08-01,369.7894287109375,371.0348464490221,361.0715045443453,361.6693111397672,8277685
2022-08-02,375.5382995605469,377.2121337170291,365.49523381024034,368.9824035057649,16788030
2022-08-03,368.8628234863281,374.58177167295867,366.6509604975333,373.62529942004073,12678395
2022-08-04,365.7641906738281,370.43699995630095,361.51982815544824,369.9587790560346,11805930
2022-08-05,365.4354553222656,368.6436526507518,363.1937033804705,367.5975139068634,8322855
2022-08-08,367.54766845703125,368.5440026249309,362.0279686532697,364.6583054512635,7779625
2022-08-10,364.3294982910156,368.4941674695247,362.8748286346074,368.24508394824016,8286635
2022-08-11,369.56341552734375,370.1914583394402,365.4759803792382,368.6661506620457,13891690
2022-08-12,367.1109313964844,370.8594126145072,366.1738110919787,370.8594126145072,6982610
2022-08-16,368.13775634765625,371.2182783310211,366.5825419565207,368.9552494164346,6568120
2022-08-17,366.8118591308594,369.6630754621435,365.10711069205655,369.6630754621435,16916670
2022-08-18,379.73211669921875,381.2275175502979,365.27657513878745,366.672276514993,18306580
2022-08-19,374.2489929199219,387.29885447141646,373.0526904529484,382.62323188477285,22819530
2022-08-22,365.28656005859375,366.4729138533539,361.1492903892076,364.2696984162317,20813785
2022-08-23,370.01202392578125,372.6538927689817,362.88395237465244,363.6814873531249,11071500
2022-08-24,372.374755859375,373.6408814397882,367.1508317278087,369.06495828710547,7078125
2022-08-25,372.60406494140625,379.92155650569543,370.09180233243814,373.8701601090987,11022045
2022-08-26,379.24365234375,384.21834308118105,372.6339753042154,373.3218621722943,16715440
2022-08-29,368.8655700683594,374.4384273274298,367.8686360952016,370.46067051021384,18198365
2022-08-30,381.9154052734375,382.8226187761056,370.261245512713,371.82643904228354,19429250
2022-09-01,379.40313720703125,383.91924650448584,373.850208146927,373.850208146927,21039210
2022-09-02,382.59332275390625,384.6170974116216,379.7121995212812,382.21451341727743,16656880
2022-09-05,386.39166259765625,390.19995774259894,381.0281832856818,381.0281832856818,19033850
2022-09-06,381.9653015136719,388.7942749698762,380.82878216755245,387.7973409851444,13839270
2022-09-07,380.4798278808594,381.84562249561446,375.983676549835,378.83489298297195,9881290
2022-09-08,384.82647705078125,386.4115983527019,381.2275297336837,382.8425578366214,12060915
2022-09-09,384.0887145996094,388.9438082727838,382.1247535899376,388.8042229225697,14089865
2022-09-12,383.6201477050781,387.607883254711,382.37398034581787,383.8195466521629,7418405
2022-09-13,383.50054931640625,386.8103773730099,382.85254832571223,385.41467591058966,7922905
2022-09-14,389.7413635253906,394.3471935382023,377.2398031877518,377.2398031877518,18712145
2022-09-15,385.6439208984375,396.2214052264412,383.420777808844,392.29348329019945,18737490
2022-09-16,384.8763122558594,394.7858379970806,380.8486906424191,384.0687982029679,25844110
2022-09-19,384.716796875,386.8103642093887,380.34027274991973,383.4407226636407,8379560
2022-09-20,386.7605285644531,391.13705267688096,385.41466168023635,387.6078980619147,8063650
2022-09-21,382.5235595703125,388.8042311344187,378.51586571648426,384.2183289900828,11191380
2022-09-22,377.3893737792969,383.7398692562034,375.0864585496544,379.941522522312,9286135
2022-09-23,371.39776611328125,376.5818041736121,367.2505174106115,372.87320882380226,13068795
2022-09-26,364.6784362792969,370.46067159494874,362.2160081414267,366.0741681850128,11425880
2022-09-27,358.7566223144531,365.8448382363292,357.3110863990948,365.3164644808933,13700720
2022-09-28,357.4207458496094,360.49131942769657,353.9314770534254,356.90235115253404,8855585
2022-09-29,351.97747802734375,360.89006946971534,350.87089600901294,359.2949691552134,13998135
2022-09-30,362.72442626953125,364.1699925931159,350.4621514777749,352.51583287640716,14023265
2022-10-03,355.68609619140625,361.488259126659,353.5726010690417,360.4913251690146,12200320
2022-10-04,363.33258056640625,364.43916261789764,359.294979922079,360.49131279980753,8344610
2022-10-06,362.66461181640625,366.871674078506,361.25893137082227,363.88087238764854,8740755
2022-10-07,363.96063232421875,364.87782494287984,359.3348746263022,360.98978863074944,5319220
2022-10-10,360.5411682128906,363.2329021317104,357.80957884011093,359.1155599215502,5188610
2022-10-11,356.483642578125,360.86019739554644,355.566480345233,360.86019739554644,7483590
2022-10-12,360.92999267578125,361.48827327999965,354.9483886957173,356.50360329661305,5175590
2022-10-13,359.19525146484375,362.06642580053716,357.50048218614035,359.89311732454934,5864895
2022-10-14,365.67535400390625,370.4606551308113,363.3824181304372,364.47905154018684,8351190
2022-10-17,370.4905700683594,371.2980841369072,362.9337936621333,364.4890081959299,5521415
2022-10-18,370.79962158203125,374.0296778947426,369.88242894715717,372.3448570590357,8049290
2022-10-19,372.7236633300781,374.33869134126076,369.86246797396973,372.6538706570005,4566430
2022-10-20,371.5672607421875,375.4353695104675,369.9323048109417,370.8594461244902,7955535
2022-10-21,379.3632507324219,383.81954642344135,372.1155523279259,372.8532736684859,19709855
2022-10-24,377.99749755859375,381.82572045219393,376.8410504724003,379.3333854622971,3245405
2022-10-25,368.1876525878906,381.1477938981897,367.27045997013596,381.02816669239775,17558250
2022-10-27,371.85638427734375,376.44228679023126,368.7559341218812,375.5849077244946,22967460
2022-10-28,375.694580078125,377.8080752683059,373.06265974196776,373.6508471449701,15243435
2022-10-31,379.2237243652344,381.22754094029784,376.6416386308215,378.63550655459295,9371740
2022-11-01,380.66925048828125,387.10943519640495,379.5128034715887,380.4299960793136,12727085
2022-11-02,380.81878662109375,382.82263357941906,378.33643084216027,382.57340009401577,9320405
2022-11-03,378.86480712890625,381.4269346776198,377.55882609064565,379.7919483989979,7959355
2022-11-04,378.8249206542969,380.4300001288987,377.6983804267336,380.03123263503807,10407065
2022-11-07,375.36553955078125,380.82874825323495,373.1822518847282,380.4299807796562,13123005
2022-11-09,377.5189514160156,379.5527052494747,374.9867610176612,378.43614406216716,11613170
2022-11-10,381.2574157714844,381.82567538386974,377.179959860172,377.83793987072227,12550620
2022-11-11,378.65545654296875,385.5941082494022,377.0204702771948,385.41466744189324,17120150
2022-11-14,383.38092041015625,384.5572951786976,379.0343029573044,379.40316365388014,10711335
2022-11-15,381.30731201171875,385.4744886631746,377.8977844816121,383.81957463852734,9951460
2022-11-16,391.9744873046875,392.52281923739235,381.6163592751269,381.6263079264055,32188255
2022-11-17,388.9139099121094,391.79506378878904,387.4583947841872,391.55580936338026,12043355
2022-11-18,390.7083740234375,398.2850778572924,388.38550096555923,390.9875143024949,21360200
2022-11-21,387.6278381347656,389.7114262909959,385.3747578325419,389.7114262909959,5963050
2022-11-22,386.7605285644531,389.5718591120954,384.8364229660056,389.5718591120954,5833775
2022-11-23,389.47222900390625,391.0972059087807,387.9369420864046,388.90396930779036,12502815
2022-11-24,387.77740478515625,390.0603920790318,385.42462481211186,389.701480031885,7002105
2022-11-25,384.49749755859375,388.6048607679783,382.82265574148744,388.6048607679783,10487705
2022-11-28,384.4476623535156,387.39857846762084,382.02512004116585,382.02512004116585,7822520
2022-11-29,383.92919921875,386.61095384082967,383.47061814395806,385.13551114175795,6817525
2022-11-30,388.2160339355469,389.8011551868323,382.0250829307136,386.61095453488156,14753670
2022-12-01,385.673828125,391.1470158416549,384.38780531871083,389.8011490121821,12355025
2022-12-02,384.9760437011719,385.7935368969715,382.2444542299523,382.2444542299523,7954840
2022-12-05,386.5013427734375,387.5979762522232,382.82265389969916,387.209157390831,6227545
2022-12-06,385.86328125,387.4284748860056,382.93229294176416,382.93229294176416,6833490
2022-12-07,381.1178894042969,385.31497282762933,379.9315355663273,385.31497282762933,11811400
2022-12-08,378.23675537109375,379.79196998480387,374.26897750299224,378.61559516079444,63099190
2022-12-09,376.45220947265625,382.174630961272,374.6976264312771,381.6262990413334,13242275
2022-12-12,372.0058898925781,374.78734407598483,371.45758840068487,371.8563558878808,16407235
2022-12-13,372.5542297363281,373.2022307198119,370.5005482307588,371.60713031307586,34697825
2022-12-14,373.4913635253906,374.03966504868356,371.60714368627305,373.07263786424977,18735705
2022-12-15,371.49749755859375,375.206062803542,369.84258348020757,373.959895312951,10208995
2022-12-16,366.9813232421875,370.25129564049325,365.9146270916758,369.8026632159918,12439140
2022-12-19,370.4905700683594,371.65696575670194,366.9713944288824,366.98134308009236,8568235
2022-12-20,368.287353515625,371.24824856665856,365.82492544002463,367.86862786969687,7052930
2022-12-21,361.8072814941406,371.0488482317794,360.69068991714016,370.9591278274151,11914345
2022-12-22,364.0902099609375,365.8747301060624,362.6845295540633,364.08026131056744,8570465
2022-12-23,363.27276611328125,366.70219081177834,361.27889827108055,362.0764332383573,10510630
2022-12-26,361.5979309082031,364.10024504123356,357.7398011076262,363.2728031888356,23733690
2022-12-27,363.0633850097656,364.4690654774934,360.2919099495387,363.4123179639974,7741430
2022-12-28,362.90386962890625,365.15694999289036,361.93684252280764,363.7612486088328,9521340
2022-12-29,362.63470458984375,362.88393806378866,359.0956014294293,361.76737696835676,10772450
2022-12-30,364.3294982910156,366.4729000463045,363.3425130623698,363.9007936007518,13463440
2023-01-02,363.890869140625,365.4759904629058,362.1761415376026,364.43917064098287,5625005
2023-01-03,365.4460754394531,366.17381773184474,363.08334690989074,363.3325803906295,8317240
2023-01-04,363.0334777832031,365.8548177901562,361.67766226710484,365.8548177901562,8320520
2023-01-05,362.9437561035156,365.4360908734535,360.12244653050965,362.8839425029578,8663090
2023-01-06,356.2643127441406,364.0803019260614,353.04423545780384,364.0803019260614,18998275
2023-01-09,361.2689514160156,362.0864446059883,356.7029766127139,359.09564257595207,17134340
2023-01-10,358.0089111328125,362.0863974761589,356.6830024586442,360.60094530626225,7370655
2023-01-11,359.2651062011719,359.7236873294552,355.72600261670436,358.89624548337804,8018505
2023-01-12,354.80877685546875,360.29191342802136,353.3931477232728,360.29191342802136,17648025
2023-01-13,354.9682922363281,356.3639936517744,350.7213439641759,354.80877915684727,19915985
2023-01-16,355.8655090332031,358.6967975995103,354.9084610278053,356.30416237401204,10590805
2023-01-17,358.42767333984375,359.2850523848693,354.23058979424906,354.90849760026225,10661970
2023-01-18,358.7167663574219,364.27964418182637,358.09867220182235,359.4843945145361,14176160
2023-01-19,352.3762512207031,359.59407341560234,351.91767014094154,359.59407341560234,22128220
2023-01-20,351.4989318847656,354.68913245095445,350.32255721528634,354.68913245095445,21351470
2023-01-23,355.65618896484375,358.82643164460404,352.9146205845962,356.90235641041085,38823135
2023-01-24,350.9705505371094,357.4406719269439,348.6776148463927,357.4406719269439,20795940
2023-01-25,348.8869934082031,351.00048849488525,345.5373099705959,350.3225807168946,21401665
2023-01-27,341.56951904296875,349.34562242522634,339.7550918780409,349.34562242522634,37584895
2023-01-30,344.1914367675781,345.0587644123733,335.7374261515343,341.5694956833754,24697780
2023-01-31,345.1385498046875,346.65387847424296,341.55953010807525,345.03885032368817,21926920
2023-02-01,347.8701477050781,355.706034235935,343.0948253907202,347.929961310351,18260490
2023-02-02,351.2696533203125,352.51582065121755,342.94524946506544,342.94524946506544,20922350
2023-02-03,354.9682922363281,355.64620000611507,347.9698270091558,353.034237980635,13376060
2023-02-06,348.3287048339844,354.5595418209403,346.933003433708,353.91154085909864,15201045
2023-02-07,353.9913024902344,354.90849513388656,348.33870388889056,349.3655446662782,18215935
2023-02-08,352.01739501953125,354.90849748163004,351.1400882478024,354.66924306170785,7233450
2023-02-09,353.09405517578125,353.95143418371515,348.51813204713807,352.5058678027148,10819125
2023-02-10,353.3233947753906,354.6393550025348,351.9177141360338,352.4959224894086,7229710
2023-02-13,353.67230224609375,355.7957764539037,351.2497295951498,353.9314843879978,11945710
2023-02-14,352.9844055175781,354.310314264002,351.66844542217376,352.91461284039553,8074465
2023-02-15,356.005126953125,356.90236144177993,350.9705921476546,352.6055784628123,12046460
2023-02-16,356.49359130859375,359.6738128983094,355.6162846046711,357.69987281448334,11458010
2023-02-17,350.7712097167969,357.18148759154093,349.13622346638755,355.52657361515435,12939545
2023-02-20,346.3946533203125,352.52579087883674,344.9590660333203,352.52579087883674,16124195
2023-02-21,344.9790344238281,347.9299504129053,343.95219366679055,347.9299504129053,14684670
2023-02-22,339.0672302246094,344.1615791169606,338.55881453981686,343.7329047707978,17695745
2023-02-23,340.3831481933594,341.69910829731697,336.51503963421635,340.4330131448179,13850550
2023-02-24,338.419189453125,343.7926780361119,337.7612093965954,341.5495766532195,10401815
2023-02-27,344.1316223144531,344.89925048028965,337.12317807308574,338.618578953241,11718990
2023-02-28,344.78961181640625,347.21215400698975,343.2742527448896,344.1316317601966,21975490
2023-03-01,347.9100036621094,349.0464924885642,344.14159473395597,344.7895956846898,28066930
2023-03-02,343.28424072265625,348.1991179093689,342.54651931808166,346.0557159515297,20599675
2023-03-03,349.12628173828125,351.9176846309055,342.9253513473712,345.3379144708515,18131345
2023-03-06,349.12628173828125,351.83794330140614,347.22213424138016,350.18302929220397,25934230
2023-03-08,346.972900390625,347.79036310717476,344.3110733582212,346.13547952371397,26013040
2023-03-09,342.2873229980469,347.8402527948133,341.6891565008563,346.79345381872685,34641580
2023-03-10,338.8179626464844,341.64928187942036,337.3624475767148,340.35324947087724,24380720
2023-03-13,333.7535400390625,343.6032521403394,332.21825326735507,338.7581374175777,44894690
2023-03-14,328.6392822265625,334.4813312019233,327.69221319476907,333.574117624261,70694930
2023-03-15,332.1684265136719,336.56490890098485,331.30109884167314,332.5771730856272,23461815
2023-03-16,331.68988037109375,334.7404957725337,328.6293163186489,332.9759336635468,18160315
2023-03-17,337.581787109375,340.19374932847523,333.20526265822906,334.8900835566278,44641505
2023-03-20,338.8877258300781,339.54570584040664,335.1791305871406,336.3654843358227,22319685
2023-03-21,340.3233337402344,341.3402258289371,337.3624387257347,340.46291909515804,9025900
2023-03-22,339.9844055175781,341.5894851003215,337.382422345022,340.95143272794826,16630495
2023-03-23,334.9100036621094,338.95755318683126,333.9728832870249,338.78806102367315,28210755
2023-03-24,337.3923645019531,340.74207854440647,333.9728882021239,334.18223582227375,27403045
2023-03-27,339.9943542480469,341.5196619361002,337.5817607633567,339.08714072555637,14186020
2023-03-28,338.7381896972656,340.9114982357329,336.05643514856706,340.74203651499397,11858260
2023-03-29,343.15460205078125,344.34095580098466,337.96058505871895,338.97744666289003,14105000
2023-03-31,345.5074157714844,347.06263034195734,343.14468711342005,344.04192160807594,17828775
2023-04-03,348.0695495605469,349.3655515842292,345.577214573457,345.73669723950104,12184330
2023-04-05,349.3056945800781,350.8609089848786,346.74356722991047,347.9299209702914,12631750
2023-04-06,350.342529296875,351.2098569338483,346.80339564926055,348.9268697530275,7786775
2023-04-10,350.78118896484375,352.5158748444665,348.85711361189465,350.35251463887283,6265855
2023-04-11,368.16766357421875,370.6599982326524,364.0802590735932,368.30724891861445,46468815
2023-04-12,367.6792297363281,369.0550035377535,365.17691563593814,367.2704831414111,17043565
2023-04-13,372.75360107421875,373.7106491558508,365.0772278466123,366.47292930399436,14620580
2023-04-17,377.86785888671875,381.5864333255944,364.10020401638434,376.63167057335903,51771495
2023-04-18,376.5020751953125,379.7520895733586,376.023535951769,379.02431684497134,14863605
2023-04-19,375.8241882324219,376.51207512260845,374.0795537418929,376.50209604697903,9383280
2023-04-20,375.64471435546875,379.51282309517165,373.26205794560695,375.7045279608035,11613885
2023-04-21,377.5688171386719,379.5626850983583,374.2789167507828,375.2459439281912,8356705
2023-04-24,378.2865905761719,379.23365955193185,374.35866847188123,376.88091008894014,10087030
2023-04-25,376.7014465332031,380.2306012235873,374.2489975428051,379.2336672767903,23692095
2023-04-26,374.5680236816406,377.7183386041825,371.52738731372375,374.34869699640007,15797590
2023-04-27,380.54962158203125,381.42692830966854,374.2190850316573,374.22906410665604,25306465
2023-04-28,386.4215393066406,387.46833816940386,378.05727959938775,380.03121969922034,21838060
2023-05-02,383.05194091796875,386.30192489270075,376.84103148346816,382.42386766432145,23028855
2023-05-03,385.00592041015625,385.584128708323,381.3671176169104,382.62323369196486,17245035
2023-05-04,388.3257141113281,389.02358006904285,383.171582456587,384.80653836824587,17257895
2023-05-05,384.55731201171875,393.58953163159435,381.92542206818445,389.23293491278156,17421090
2023-05-08,390.56878662109375,392.4928921879309,383.0220200513444,385.99286362913983,19354705
2023-05-09,389.6615905761719,392.79197779460793,388.4353812843722,391.76513703916106,18115375
2023-05-10,390.53887939453125,391.59562690311844,385.14546330122806,390.79809194630076,19562195
2023-05-11,390.3893737792969,394.78585628425276,389.17311310610717,392.7919883232212,22059120
2023-05-12,390.9177551269531,392.39322839927553,387.5381646881756,389.60179494547725,16085405
2023-05-15,393.3901672363281,394.18770227635656,389.2828039745595,390.2099453039952,14858460
2023-05-16,388.2160339355469,394.38705721500844,386.41158600913974,394.38705721500844,22847485
2023-05-17,380.6592712402344,388.983675687223,377.94760971846586,388.7643490044326,27410085
2023-05-18,384.298095703125,385.5442630942688,381.0680091369545,383.62015752009626,20726140
2023-05-19,387.1393737792969,388.1761936766221,383.5205288505388,384.81653090418655,19734635
2023-05-22,386.8502502441406,389.3026991902272,383.5504013737857,387.8072982970509,17004400
2023-05-23,383.1217041015625,386.85025775594204,381.8257021385811,386.85025775594204,21677620
2023-05-24,380.8985595703125,386.8103705608854,378.3165043043053,383.21145362388216,17787685
2023-05-25,384.8065185546875,385.5243122024597,380.34027401211296,382.4238622784496,29833785
2023-05-26,387.8172607421875,388.7942364791369,383.52047812729694,388.7942364791369,16477060
2023-05-29,389.4422912597656,393.4499547699475,388.45530596492245,391.4162010014329,18877545
2023-05-30,393.7291259765625,394.60643278575634,389.272829671144,390.3694631826363,37148525
2023-05-31,401.634765625,411.61408395311554,389.5818381187871,395.7727892762891,442990630
2023-06-01,384.82647705078125,394.61634514646715,383.81956404319277,392.3932019481802,29837160
2023-06-02,386.5611267089844,389.0733892297304,384.41772487006125,387.79731503163595,17790360
2023-06-05,383.7996520996094,389.1033177167813,383.2712783105749,387.80731572073773,12029545
2023-06-06,390.60870361328125,392.0741977933855,384.8464263765197,385.7935258352306,20564205
2023-06-07,386.6907653808594,393.19076411818355,386.01285756158245,393.19076411818355,15502070
2023-06-08,376.1431579589844,386.1922689664696,374.75743562288613,386.1922689664696,27458070
2023-06-09,373.2520446777344,378.376299508073,370.9989947604954,371.2581768851995,70984620
2023-06-12,374.7375183105469,375.6447014349239,371.7467164506382,373.8203256869439,14075865
2023-06-13,370.05194091796875,375.44535761122387,369.2643545242962,373.92004977923204,47809135
2023-06-14,371.78656005859375,372.44454009769197,368.1477573297702,370.0519047707949,27892715
2023-06-15,365.57568359375,372.65389014385676,364.618605117514,372.4445425376841,24190940
2023-06-16,370.3410339355469,371.1884034520931,365.47599140172986,366.2635777393297,15988285
2023-06-19,363.7911682128906,372.5442470015603,362.4851871835568,371.6270543888936,38049565
2023-06-20,367.6692199707031,368.26738641148154,361.94682896754284,362.88394929249364,23114525
2023-06-21,367.978271484375,368.81572276595284,366.09408216084825,368.2773699203698,11995540
2023-06-22,366.0940856933594,368.3272080017565,364.9575663888296,367.97827503506704,17141050
2023-06-23,364.5887145996094,367.97828402163606,363.66157330685695,365.4760004387454,12920315
2023-06-26,363.4721374511719,365.2666367774215,362.86402235812676,365.2666367774215,11068395
2023-06-27,367.8088073730469,368.26738846312793,363.0135575931735,364.41923808843086,10693325
2023-06-28,366.9813232421875,368.48670316652846,364.7581801170573,368.0680079660681,26699910
2023-06-30,368.17767333984375,368.97520832742225,365.4660117884634,368.44683455274935,19673600
2023-07-03,367.6592712402344,370.66002167040864,366.47291743388325,370.06188565376857,16042700
2023-07-04,371.1983947753906,372.52433400735487,366.0841185858355,368.8655729111044,32877935
2023-07-05,371.82647705078125,372.41466446283243,369.4936551300318,371.41773045786204,15595925
2023-07-06,374.3088073730469,375.4154198633231,370.670004588715,370.859424470618,18271205
2023-07-07,369.56341552734375,373.73059200231586,368.96524909181466,373.25205276909077,10382720
2023-07-10,372.2351989746094,373.7206208078885,367.86862345438254,369.46372384142563,17187710
2023-07-11,372.1753845214844,377.5987075706288,371.51740447243276,373.650827276319,20483785
2023-07-12,374.46832275390625,377.020471213739,372.43456899172384,373.8303008509528,21775415
2023-07-13,372.7934875488281,379.1539310833893,372.1454865594346,376.6416380320647,26326850
2023-07-14,372.6539001464844,376.312661147281,370.85943119739125,372.8732268335077,35659580
2023-07-17,378.2467041015625,378.7252433381633,372.18532880065544,373.092542323206,16649280
2023-07-18,377.0105285644531,380.4300047411797,374.71756220493796,377.90776304251995,28978225
2023-07-19,380.1508483886719,381.8256900668374,377.15006756395206,377.7980685249557,16888935
2023-07-20,390.17999267578125,391.2766260450346,377.4192205659376,379.03427903193335,46527925
2023-07-21,392.8318786621094,396.3310962851292,388.92388402754415,389.18309660110526,19248750
2023-07-24,378.2865905761719,388.8042313310361,376.482142603146,388.8042313310361,35165465
2023-07-25,373.9499206542969,379.23365827733085,370.15160484105746,379.03428974710835,39724580
2023-07-26,377.89776611328125,378.41616079469225,373.9798231422883,374.8471507775759,12310365
2023-07-27,373.60101318359375,379.3533113598873,371.36789077910043,376.64164968699794,31450005
2023-07-28,374.2190856933594,376.0036059527766,371.078749888112,372.7735497444089,11510165
2023-07-31,370.1715087890625,373.8501971630676,368.69603572494975,372.0557283862877,20126035
2023-08-01,368.8655700683594,372.00590599900414,367.7490088862644,368.8655700683594,22339710
2023-08-02,363.6216735839844,368.44683017674856,362.4951333700026,366.9813360758711,20902255
2023-08-03,363.5319519042969,365.6454469704658,360.06264129530604,362.9038786598391,35076460
2023-08-04,366.8744812011719,367.73253578159284,361.4167607948823,364.97872257175345,27217660
2023-08-07,365.4875793457031,368.1715423477949,364.4598930606352,368.1715423477949,18541550
2023-08-08,364.7791748046875,367.7025891717886,363.5918441117311,365.47758492173983,20448115
2023-08-09,365.4775695800781,365.97644697805754,362.53421120143565,365.97644697805754,13121620
2023-08-10,359.3613586425781,365.65718897588977,358.3935352715001,364.3301580443711,25560495
2023-08-11,357.4855651855469,359.1917173170664,355.5997940540839,358.79262149874813,21328080
2023-08-14,358.0143737792969,359.6606630595258,356.1984527906293,356.99664442678295,16499595
2023-08-16,356.43792724609375,357.166299236763,354.701843578187,356.59757167346214,9419700
2023-08-17,352.3471374511719,356.6773895403515,351.80834134450066,355.59979732700907,25658695
2023-08-18,349.37384033203125,352.8859264263066,348.51575533144364,350.63102118098124,20566460
2023-08-21,351.279541015625,353.7240220150395,348.9846866978802,349.4137444047193,19777340
2023-08-22,351.82830810546875,353.60431050925104,350.9004034086241,353.0056515132327,16644060
2023-08-23,355.210693359375,355.57985776068574,350.0123689680379,353.16527776567256,16691425
2023-08-24,355.3902893066406,358.9921695663079,354.45239734642126,356.9966599401493,20618955
2023-08-25,354.9712219238281,357.0665131390289,352.60654786845345,353.4446582647216,10216750
2023-08-28,357.2660827636719,358.51327631331264,354.1331179514248,354.9712283628961,9902680
2023-08-29,355.8193054199219,358.7028313549231,355.0011391910572,358.58310565295454,13543460
2023-08-30,354.1830139160156,357.78489416965704,352.2074484277619,357.3957856267185,12979480
2023-08-31,350.96026611328125,355.95902762166475,350.07224968723904,354.1830252186417,41570050
2023-09-01,353.4247131347656,355.1209085063569,350.08222840195964,351.9879437597628,13476050
2023-09-04,351.6487121582031,356.99666339247636,350.6709014702678,354.68189534503347,23488415
2023-09-05,353.41473388671875,355.79938257348516,351.8283073425998,352.2074590542247,21286715
2023-09-06,353.26507568359375,354.6020635132972,351.24962187148463,353.40477597653324,31101115
2023-09-07,356.9966735839844,357.6651827318835,352.6664211836123,354.2029721802158,11040445
2023-09-08,357.8348083496094,360.1894951427495,355.51002253447143,358.5930813182325,11930910
2023-09-11,360.7681579589844,361.48654261457256,358.24383959751174,359.1917188128917,11584510
2023-09-12,361.42669677734375,362.98319186287654,358.47335103159696,362.98319186287654,17044830
2023-09-13,364.1006774902344,366.3755571067871,359.3114364112938,359.3114364112938,29659350
2023-09-14,363.4920349121094,365.5274631523472,361.9854154777747,364.7791470808394,12797115
2023-09-15,361.9654846191406,363.87119993835904,361.38680023353743,362.4244433007611,20607700
2023-09-18,358.86248779296875,361.58633895116014,357.99441552650393,361.38680625754955,19850560
2023-09-20,357.08648681640625,359.88018813020847,354.3426610639338,356.5876094068658,26840715
2023-09-21,350.3516540527344,357.3558821662246,349.41376205403975,355.9989197312585,23923755
2023-09-22,350.50128173828125,353.18524450595964,349.64319680242545,350.8105832811088,18550615
2023-09-25,356.0787353515625,357.05651556117755,350.57110940751767,352.00787874517636,11132835
2023-09-26,352.0278625488281,355.55989268477924,349.9525154738255,354.422468024626,18280835
2023-09-27,352.2373962402344,353.4247269569719,349.2142002389851,352.00790166127223,15021030
2023-09-28,345.8617248535156,353.58433695738734,345.02358405938264,351.6486902857667,41315985
2023-09-29,346.3606262207031,348.0168724429419,345.81184279489497,348.0168724429419,17858645
2023-10-03,344.6344909667969,346.2209174534022,342.3196925106308,345.22316264806096,27674345
2023-10-04,343.63671875,344.62448621354014,341.032563006496,342.2298808918636,31104895
2023-10-05,346.0712585449219,348.61552110585,343.45714584020413,345.2231608749258,14834005
2023-10-06,347.9969482421875,348.61555140022824,345.26310959572527,346.28080861872166,9961615
2023-10-09,343.08795166015625,345.98146494571023,342.6389802686138,345.2231615523584,9197565
2023-10-10,350.43145751953125,352.9457887646909,343.34739203748296,344.72429859402087,16844910
2023-10-11,353.48455810546875,355.190710233574,351.2196657430243,351.2196657430243,17499220
2023-10-12,351.9779357910156,354.58209154862544,351.45911427737735,354.20293986790335,11919135
2023-10-13,351.6087951660156,353.19522168805554,349.6432169376276,350.2119444971497,10619635
2023-10-16,349.1643371582031,351.6387498066705,348.5058152746089,351.4092856685669,7899785
2023-10-17,353.5144958496094,354.1630303708036,349.3738195768434,350.2119299433335,16086785
2023-10-18,349.89263916015625,354.24286583717173,348.23636257043944,353.80385129777403,15258400
2023-10-19,346.9093933105469,349.8926706292161,346.34066572666813,347.61779074276336,9965895
2023-10-20,353.1253967285156,353.84378141166303,345.75197404669296,345.9216057624482,20361915
2023-10-23,347.3683166503906,353.0056250040145,343.7165305428797,353.0056250040145,37732210
2023-10-25,344.8340148925781,351.5589028149889,343.62674013454165,349.01460985660987,17563340
2023-10-26,338.2089538574219,344.76421035787206,337.041567315934,344.76421035787206,31396400
2023-10-27,339.7754211425781,340.8330387729418,337.04155234134015,340.8330387729418,14874150
2023-10-30,342.7287902832031,343.4072562720589,336.92184976014966,339.6357441646341,7557815
2023-10-31,347.0989685058594,348.61554494423063,342.5990843054808,344.76422576758983,24196680
2023-11-01,344.1056823730469,346.4104935390351,342.7986260130816,345.42272602477163,12640525
2023-11-02,346.75970458984375,350.94029955183345,345.6422241086639,346.22090848318226,12752790
2023-11-03,345.8717041015625,348.066776896854,345.2431136897717,347.21867920553404,7794790
2023-11-06,347.25860595703125,348.6155379352829,345.6222733901332,348.01687893644066,5933425
2023-11-07,349.463623046875,350.09221345054345,344.4449175584112,346.2508513329499,17998015
2023-11-08,348.46588134765625,351.3992830424562,347.2186877852094,349.8128564849112,18214185
2023-11-09,348.2064514160156,350.551181376785,347.0390953062049,348.3960272712945,9718555
2023-11-10,348.30621337890625,349.06451675732677,346.1411025522932,346.1411025522932,8173995
2023-11-13,348.8550109863281,349.65320266523435,345.9216093703035,349.41375125137466,14276385
2023-11-15,353.1054382324219,353.66417851709724,349.2441318029803,351.40927324289373,17161355
2023-11-16,353.77392578125,355.87917378797334,352.20744344173755,353.404761378104,10395580
2023-11-17,352.1276550292969,356.0488242816848,351.0700068752512,351.2097071697887,13554350
2023-11-20,353.31494140625,354.3925336532945,349.2341278843185,350.4115017022465,9618255
2023-11-21,352.6464538574219,354.99118369338737,351.33939752421423,354.99118369338737,13528825
2023-11-22,348.3461608886719,351.8083714881781,346.71981558687486,350.8106166231799,22568660
2023-11-23,347.0789794921875,348.974738022668,346.6200207975211,347.2286670754808,14181445
2023-11-24,348.0168762207031,349.11441263517236,345.96150368499764,347.11890295397785,12809895
2023-11-28,347.66766357421875,348.81507547580816,346.819565925545,348.2164165209174,16746460
2023-11-29,349.90264892578125,351.0600481995273,347.2586046771233,348.9148813732222,17365700
2023-11-30,350.3017578125,352.407036446702,348.4060296268101,350.5013209684937,31274735
2023-12-01,349.31396484375,352.40701084255153,348.86496299991774,351.2096928917057,10011890
2023-12-04,362.8934020996094,364.3700902153928,349.7430006970322,353.2052111885091,22895865
2023-12-05,364.86895751953125,366.57510971241663,360.8879255864453,364.7791632408594,27857360
2023-12-06,363.46209716796875,367.04403304742283,361.8158079290861,365.58731964595086,23479400
2023-12-07,364.5496520996094,366.54516162130767,361.8656893570004,364.1804877099446,12503210
2023-12-08,366.8644714355469,367.7724319737379,363.3224540115685,364.5496729502067,14927330
2023-12-11,367.9819641113281,371.4940502247082,367.2336479731799,368.1715399689173,16029165
2023-12-12,364.05078125,369.7679270938885,362.9931636204517,368.7701723151403,19074810
2023-12-13,364.4199523925781,366.32566770915366,361.80583969571387,363.98093784587695,16256660
2023-12-14,369.93756103515625,372.25235963411603,365.66717142282937,367.9719827294204,24394315
2023-12-15,369.28900146484375,372.1625401588313,367.72251912208446,372.1625401588313,19385985
2023-12-18,368.5606689453125,370.34662815642736,367.1737751248082,368.21144866720226,18793650
2023-12-19,368.4808349609375,370.13711163770205,366.3157240246746,369.1393568046435,15444615
2023-12-20,364.4798278808594,371.96298911944035,362.24486680130275,369.5983150398985,19842810
2023-12-21,369.70806884765625,370.65591762983644,360.1894796141117,363.382307125495,12019200
2023-12-22,371.26458740234375,375.08597509700866,369.36885926884565,370.10718811738263,16546475
2023-12-26,376.5227355957031,378.94727252657,370.5960694653212,372.56164769979546,21753345
2023-12-27,379.61578369140625,381.14234737260637,375.78440877484644,377.9495197176093,17036215
2023-12-28,383.4072265625,384.4349127899533,379.76542762729525,381.34189726494054,24750070
2023-12-29,380.76318359375,382.6888430585205,377.1613033653158,381.56140570672807,12230850
2024-01-01,380.97271728515625,382.9382955385664,377.769932773438,380.9427858579088,7129510
2024-01-02,372.1725158691406,380.7432256749933,371.1847179431585,380.7432256749933,25603980
2024-01-03,372.3421325683594,373.1602988200709,368.70033360284185,371.96298086883155,18907575
2024-01-04,371.8831787109375,373.459617933116,371.2745324356178,373.459617933116,14328830
2024-01-05,368.6903381347656,373.14034641057304,367.4531319418995,372.26231732567726,38996705
2024-01-08,364.4000244140625,369.4586487680127,362.9033921518804,368.77019549148406,61265835
2024-01-09,364.509765625,370.76570801627156,363.38232822272596,366.57512547041676,21696115
2024-01-10,363.3424072265625,365.6771499049469,361.50654196960375,363.3424072265625,35263790
2024-01-11,363.7514953613281,367.4531573534027,362.2548630764985,365.57737335123306,20850350
2024-01-12,365.8267822265625,367.682621941891,362.0652576858299,364.18049293734254,10863105
2024-01-15,369.4685974121094,369.88766783380765,366.4254573928279,367.77243248871304,30861560
2024-01-16,368.77020263671875,371.35438407226985,367.3733519214292,369.27903691035806,23254490
2024-01-17,355.130859375,366.1061621972137,354.422461991303,363.7913637487542,54184415
2024-01-18,354.6519470214844,357.73500562293935,352.12762865821196,353.20519041783285,21467250
2024-01-19,352.0677490234375,359.1817457185201,350.04230796914703,356.60755169619915,22801645
2024-01-23,356.09869384765625,364.1605699506708,351.9879488070869,359.3913030663606,33904120
2024-01-24,356.9168701171875,359.8901905648156,351.78839551577727,356.99667710848524,16341755
2024-01-25,352.88592529296875,358.7128099177184,349.69312806726197,357.19623351918733,33510850
2024-01-29,363.7614440917969,365.1882566461335,354.4025293232668,356.2583386995169,26180740
2024-01-30,363.9011535644531,367.0640498665654,359.8602585632178,364.1805237071427,19145935
2024-01-31,364.2303771972656,367.4631234514037,356.8969037838246,362.3845551783538,40587005
2024-02-01,363.73150634765625,365.5873461407364,361.8258214424123,365.1782630118904,10360840
2024-02-02,363.77142333984375,369.1692805279368,362.8634628068202,367.532948020318,25249380
2024-02-05,360.8580017089844,364.56965088369856,358.99217460512654,364.18051188558667,17304030
2024-02-06,356.5975646972656,361.98543460703445,355.82930445157973,361.98543460703445,23459485
2024-02-07,357.7150573730469,361.1473364882963,355.9989178154222,357.3957989627686,22961120
2024-02-08,345.1632995605469,359.95003307340573,344.63449073203867,359.50103123168395,22713870
2024-02-09,347.70758056640625,349.0146369938812,343.02810784853807,345.2231807147886,20319880
2024-02-12,341.1423645019531,349.01463443689255,337.46064666861554,347.81734688603274,22532445
2024-02-13,346.64996337890625,348.23638995094007,341.0325986504924,341.8308208071855,22461670
2024-02-14,349.0046691894531,352.1675349370985,341.6611778349576,343.95603220470156,19251615
2024-02-15,347.06903076171875,350.7008425832469,343.23765579050877,350.2119524503066,12708350
2024-02-16,346.27081298828125,349.41376516565185,345.6621971374647,349.2042147211192,8215730
2024-02-19,345.5025329589844,348.01686410811715,344.4549025924441,348.01686410811715,22239770
2024-02-20,351.7085876464844,352.9358370841897,346.68988192583174,347.1588279273229,38055620
2024-02-21,348.4359436035156,353.0056473358922,347.3284199066284,353.0056473358922,20924355
2024-02-22,344.175537109375,348.21643194805915,342.07025860706574,348.1166503763135,31003800
2024-02-23,344.0258483886719,345.77191931673025,342.3097088871321,344.12562996008734,17268830
2024-02-26,340.4938049316406,344.3052050383715,339.62576314752835,343.64671368074517,29790330
2024-02-27,340.5836181640625,342.21992025585257,338.63798406106093,341.83081170468887,22158260
2024-02-28,335.9639892578125,341.8008607848812,334.28776854257967,341.4316963897589,15381635
2024-02-29,337.1313781738281,339.6856279818561,332.73127592781924,336.64245762489855,33034875
2024-03-01,344.76422119140625,345.27305546219606,338.23889591266357,338.3386774879959,17220745
2024-03-04,344.6644287109375,347.5179928909723,342.9283450615194,344.81408584466993,13885990
2024-03-05,342.3695983886719,344.66442226045007,341.0226233121672,344.6045594080774,15610970
2024-03-06,351.1598205566406,353.59434474974665,342.9083687201072,343.79638512413635,37258560
2024-03-07,348.8250427246094,352.18750199432395,348.2164269091709,351.15981576324214,15696800
2024-03-11,345.1533203125,353.17527765466525,344.07575849593974,352.3870428148762,18200715
2024-03-12,343.2974853515625,347.9071074409777,340.7033169025976,346.2009553381941,51216490
2024-03-13,345.13336181640625,347.7674186189828,342.66890627604374,343.2974966633233,29080415
2024-03-14,347.6976013183594,350.78065997565847,343.0580171704331,344.2254036761385,24048165
2024-03-15,346.87945556640625,350.41151626889757,343.4671205743279,346.38057814031106,77537270
2024-03-18,346.79962158203125,348.18651545594355,342.2897805668598,346.69987045506764,11570715
2024-03-19,349.1443176269531,350.59107421590244,345.33288711667944,346.19097204813505,22405375
2024-03-20,352.2872619628906,352.9058955346739,345.38281559107685,349.49356061864125,22104430
2024-03-21,353.6342468261719,357.3259519784445,352.0677643921654,353.62428998295917,18918405
2024-03-22,354.4823303222656,355.69959241750536,352.2074505564639,353.1852612392173,35306415
2024-03-26,349.9525146484375,354.2827668988151,349.2141858278152,352.2074502777679,26518150
2024-03-27,354.32269287109375,355.1608032803515,349.99244053206496,350.8106068062432,41155650
2024-03-28,356.2982482910156,359.96997867940587,354.043312679563,354.7916287861183,33150360
2024-04-01,357.3359375,362.71382032161495,356.4977966287021,358.19399205762465,14429400
2024-04-02,350.6908874511719,358.79265200317207,350.10221574051843,357.974485714171,34255950
2024-04-03,345.4526672363281,350.5511798239777,345.02360951629896,349.91263256354677,63417755
2024-04-04,349.0445556640625,349.55342036651746,343.88618029050514,348.6155283987687,65626460
2024-04-05,356.2284240722656,356.63750722750876,347.23864284755575,349.02463261091896,32790115
2024-04-08,356.8769226074219,359.56088540308684,356.21840079835687,357.95451482191356,13174055
2024-04-09,355.3204345703125,357.7948774364349,354.34265435352887,357.2660686102988,11866155
2024-04-10,364.3700866699219,365.15832150674316,355.99890907969314,356.9767197690291,27629090
2024-04-12,361.79583740234375,362.8035794494486,359.06199911502017,361.3867847476179,19831135
2024-04-15,358.82257080078125,361.1273819991356,355.20071593220706,357.1862382803759,21599340
2024-04-16,357.7150573730469,360.1096933690341,354.3326842696665,354.8016302664901,20483890
2024-04-18,356.5476989746094,361.7859118965212,355.819326978091,357.2062208243942,21253700
2024-04-19,357.72503662109375,360.189492259781,351.8083578094764,352.0078905052807,19351900
2024-04-22,361.1772766113281,363.68165108541046,359.19175415843006,361.78592291716456,30755695
2024-04-23,361.79583740234375,364.97867750942225,359.8103151819059,361.1872216168249,29780025
2024-04-24,367.7325134277344,368.2713095553988,360.7482296990454,361.5863400926008,16475385
2024-04-25,327.7524719238281,338.7976251175034,319.68063906308697,332.25235591733895,330895395
2024-04-26,320.9777526855469,330.2568607630096,320.2793120994746,327.75248630476244,110734245
2024-04-29,327.3433837890625,328.71033345230614,321.1772663875786,321.29699209260775,56137045
2024-04-30,324.060791015625,328.66042604224,323.27255619546094,327.34338239440996,91032240
2024-05-02,314.4224853515625,318.1840101097892,309.7829314685677,317.2860368500258,133202390
2024-05-03,308.64544677734375,316.8669360688599,308.0767192693183,315.88915591371943,80617945
2024-05-06,324.130615234375,325.86672932131245,318.0842234792928,320.2792962563123,108041055
2024-05-07,328.0418395996094,328.73029288462527,322.87347676493323,325.0086563184569,49333925
2024-05-08,328.9298400878906,330.7457306924002,326.48532863508046,327.26357616531607,49268765
2024-05-09,327.8822021484375,331.62378292966224,326.6649399829832,328.8600128875933,23280220
2024-05-10,324.8589782714844,329.8776836448934,322.4543855748129,327.86222993169,58847010
2024-05-13,327.5030212402344,327.9919417907757,322.4743590416982,324.6694013016454,29196240
2024-05-14,328.5207824707031,329.2591113403117,325.76696925033866,327.6626974379401,21410130
2024-05-15,329.41876220703125,330.05730951100935,326.67493622562483,329.1992549105562,26304500
2024-05-16,333.6591796875,334.2478513539078,328.70033721213787,330.2568322332641,34991785
2024-05-17,338.5481872558594,340.3641083452468,332.25235674564306,334.04830325113033,48087255
2024-05-21,338.8874206542969,342.2299054121284,337.24113128075624,337.64022712145385,29050835
2024-05-22,339.1468505859375,340.22441241322366,335.4651327983629,339.7953851407248,30293485
2024-05-23,341.0425720214844,341.9505325600627,338.6479665472762,339.2366382362106,28406475
2024-05-24,339.92510986328125,342.79864876721547,338.17903883684113,341.4317294640809,24680885
2024-05-27,341.4317321777344,343.6267746446961,339.7355367018008,339.9251125649603,17271435
2024-05-28,339.9649963378906,342.4294518565582,338.8375285673379,341.6910926157639,18580705
2024-05-29,336.8121032714844,341.41173839493064,335.6846354484275,338.83754434639843,24762360
2024-05-30,337.2610778808594,340.753219798346,335.8442830686676,336.1136659120689,27902445
2024-05-31,335.3254089355469,339.83527997300945,331.36432128976213,339.83527997300945,64022380
2024-06-03,342.8385314941406,346.9891953494666,339.25659521457504,343.5170279375858,49005355
2024-06-04,326.8544921875,342.3296789222549,319.77042699797846,339.8851674758297,76147340
2024-06-05,342.8485107421875,344.1755417211591,328.2613399598925,331.763469166386,72131590
2024-06-06,346.16107177734375,346.91937521072896,339.99495408214983,343.4272332187564,31799505
2024-06-07,349.9525146484375,350.94031262228305,343.62675276475807,345.2331538530775,23040730
2024-06-10,348.3461608886719,353.8936755021369,346.4504327349877,349.234146885008,24240220
2024-06-11,343.2276611328125,348.65544983781444,342.64897672965213,348.53572413019924,20528235
2024-06-12,342.3795471191406,346.02134598113605,341.8108195860156,343.24758890703697,29407880
2024-06-13,344.4947814941406,346.7297729038802,343.0280807514294,345.5025235643677,30080725
2024-06-14,342.6689147949219,346.2009753523116,341.3119524181766,343.8263140298027,15768330
2024-06-18,343.10791015625,344.1555404697888,339.88515133467087,342.94826574150017,28536650
2024-06-19,348.5556640625,351.818311351919,342.2299021775944,345.02360348513423,49798990
2024-06-20,352.4568786621094,357.16628247677426,351.2695480291346,352.20743996525016,46215520
2024-06-21,354.3326721191406,356.9966604221855,348.2762930877971,353.20520430698895,95158445
2024-06-24,353.7140808105469,354.24288966187845,349.1643211408476,350.6409788280807,21144440
2024-06-25,355.5798645019531,358.84251177304975,351.80835253342417,354.51225954615063,29669295
2024-06-26,358.82257080078125,362.3845628160782,354.42246839054275,355.20071593220706,33429660
2024-06-27,365.2879943847656,366.7746697387579,356.19846279290994,357.395780729821,66713845
2024-06-28,359.69061279296875,368.76020045749505,358.9722281042409,363.62176922169334,24845035
2024-07-01,360.80810546875,361.81584761509345,357.1962377687483,359.6906249040049,14507550
2024-07-02,353.1253967285156,363.3723276938674,346.63999044559563,363.3723276938674,48125085
2024-07-03,361.3269348144531,362.35462103175024,349.6531915741146,352.3670858249953,44905015
2024-07-04,365.946533203125,366.8844251924891,359.4511698734982,360.5087875723026,25344465
2024-07-05,369.70806884765625,370.7556991987659,362.8734424382967,363.1827439876362,17328265
2024-07-08,369.807861328125,370.61604029689795,366.2658134455069,369.96747530424994,19306015
2024-07-09,368.7402648925781,373.16031154237754,365.17827279280795,371.40425327377255,19601055
2024-07-10,365.1483459472656,368.0717603682031,363.2226863825439,367.7724460909631,28148945
2024-07-11,368.0717468261719,369.56837905543176,363.4920558585239,365.3478956563177,23076860
2024-07-12,365.7469787597656,369.3688335003189,364.42993513609906,368.0717340106862,21204275
2024-07-15,367.8821716308594,370.7457230961023,364.5097554630608,366.9742110896012,29549980
2024-07-16,360.2493591308594,368.9897012495798,359.3713300021582,367.59285056712844,32713510
2024-07-18,364.52972412109375,365.4177100640922,357.8248106130801,360.18948462923964,37954190
2024-07-19,363.90045166015625,365.77829150486707,360.774051331721,363.28117053741835,20694325
2024-07-22,351.1051940917969,363.7805821218166,349.3771754685415,363.7805821218166,53711805
2024-07-23,353.3725891113281,355.68992473726854,347.42942888153146,353.39255510584275,30775980
2024-07-24,348.8377990722656,355.7698092798928,345.4117564388016,353.18279562916894,37436035
2024-07-25,354.6211242675781,355.39022651426393,346.00105823231297,346.00105823231297,15481985
2024-07-26,362.3522033691406,365.5485302681175,351.215050411895,351.215050411895,26546755
2024-07-29,358.3668212890625,364.97919270097884,356.28923006668975,364.51973098032175,40031835
2024-07-30,356.8086242675781,360.91387653239985,355.8497383451087,358.3668253225037,28397685
2024-07-31,361.16357421875,362.7817341565402,354.2215964519134,358.18702563430367,29031285
2024-08-01,358.1170959472656,363.2311945969579,356.83857128484254,361.00378229615495,19080220
2024-08-02,360.2746276855469,361.58311663588313,354.5911779164047,355.8097741696683,16212945
2024-08-05,354.3215026855469,360.70412808870213,353.3026578122975,353.63229485332545,24559090
2024-08-06,353.7021789550781,358.0272094341535,351.5946235421179,356.5888653537957,19620110
2024-08-07,354.90081787109375,356.9085128829166,351.6046303876664,356.58887408336034,17688725
2024-08-08,354.1416931152344,355.94960630661524,352.12403029192143,352.92309683042856,12361105
2024-08-09,353.52239990234375,356.6787644417922,352.59347822450513,356.59886998364385,12322215
2024-08-12,354.10174560546875,357.79746628712115,349.8466417924581,351.79440830804464,22722215
2024-08-13,350.0064697265625,357.8873677117227,348.8178376979969,352.1939501500617,17651595
2024-08-14,349.1773986816406,351.5946251417608,348.5081873459935,350.5957767748808,12928245
2024-08-16,355.0506286621094,356.7386848250703,348.797858671505,351.9941551264076,14809355
2024-08-19,355.8597106933594,357.587729409714,353.7921176592326,355.6998912904797,10861395
2024-08-20,360.714111328125,362.19238738480817,354.84087812337646,356.18932949914955,15577430
2024-08-21,362.17242431640625,362.98148905191783,357.05832557455363,359.5854107138844,28585950
2024-08-22,363.8804626464844,364.43981531606994,360.74409449791045,362.38219003528707,16089940
2024-08-23,363.1812744140625,365.1589746832722,362.12249757758394,363.8804499855,9075930
2024-08-26,362.0825500488281,364.17013957604513,361.52319737562334,363.58082266971985,11781285
2024-08-27,360.2546691894531,362.2024052981002,357.9273353256535,361.7928737924008,22708480
2024-08-28,357.8474426269531,360.7640629262642,356.75870151336335,358.7863625748993,21403980
2024-08-29,355.0406799316406,359.2857856789731,354.19165268568725,356.2392797355444,27655790
2024-08-30,355.7498474121094,357.5877247978712,354.4613244496836,355.05064134383275,37290860
2024-09-02,355.63995361328125,358.2769279688446,354.13171328708114,355.98955664287337,20242600
2024-09-03,356.3491516113281,356.8785400242322,354.06178032579163,355.60001533934496,25981365
2024-09-04,356.3491516113281,357.2481090412213,352.2938296975872,353.59232037605153,15962215
2024-09-05,355.18048095703125,356.85853886848406,351.59461904005445,355.8397245256233,17865025
2024-09-06,352.42364501953125,355.9795731399417,350.8954082845711,353.1028850547385,16274400
2024-09-09,357.61767578125,358.37681028640475,351.28498086029805,353.13285641591096,17182305
2024-09-10,357.9073486328125,359.5154798471938,355.20044765283893,359.1858733034622,17488060
2024-09-11,357.4378967285156,360.67415570586195,356.5888695141382,358.58656626211655,18669360
2024-09-12,365.069091796875,366.4075449943789,358.6165396708684,360.3645243700796,31827540
2024-09-13,363.6507263183594,366.9768779135837,362.9315542866308,366.9768779135837,10283600
2024-09-16,365.8382263183594,368.71491459997264,365.23891117928423,366.177831117934,13653170
2024-09-17,368.9046630859375,370.2531145111887,365.70836652203013,367.45635120746556,18374310
2024-09-18,367.5162658691406,371.46172906105556,366.69720290294356,369.57389104012077,34387495
2024-09-19,373.9588623046875,374.5681451892939,368.5950208603325,369.5539372593694,14462150
2024-09-20,380.4613342285156,384.81632892899216,373.56928664098405,374.368353136013,94247895
2024-09-23,386.494384765625,387.9526948282527,381.200500679244,382.54892157200123,18431360
2024-09-24,382.4989929199219,387.2734868552199,381.4801785677217,386.5543148176572,18546930
2024-09-25,379.1528625488281,384.097174348544,378.423692239208,381.57008910217314,16537335
2024-09-26,380.0218505859375,382.21932924073684,376.42599027919033,378.56354046908,21022565
2024-09-27,374.0587158203125,381.5600768232316,372.83015183563367,379.5623800859372,33215560
2024-09-30,370.3630065917969,376.45598792533417,368.1954921525751,370.9123610185573,16234200
2024-10-01,375.4471435546875,376.5159186644084,368.9745949130581,368.9745949130581,24357630
2024-10-03,364.1401672363281,372.3007720087156,362.74178558444726,371.15207197232377,31816160
2024-10-04,361.3833312988281,369.5739001989125,359.25580985698116,362.68185248087894,18673160
2024-10-07,357.6376647949219,366.85704669053183,353.4724839512757,361.58312824917823,37233165
2024-10-08,360.2646179199219,362.3821715585907,355.9595839418427,359.5854083532607,25485515
2024-10-09,359.7452392578125,363.5808134117366,357.56775708668016,359.78520172843366,35394010
2024-10-10,374.78790283203125,376.3660699126659,360.64420564278066,361.5631595952249,29528990
2024-10-11,376.04644775390625,378.2838583628608,371.8013421538319,374.0087885307892,26057900
2024-10-14,381.71990966796875,382.75872054304006,376.05642580594593,376.5758464846987,21955690
2024-10-15,378.6034851074219,382.62884271723635,377.05525188368864,381.99956338289076,21477465
2024-10-16,374.83782958984375,378.0541226699734,373.1997340581738,376.3660664286437,15727780
2024-10-17,372.38067626953125,375.22740035726883,369.83362499664923,374.83783484268696,17707160
2024-10-18,373.779052734375,375.26735758442453,369.17437622339725,373.16976983948933,19173835
2024-10-21,357.4278869628906,370.5727347985421,346.600374595941,369.57388645676707,65890685
2024-10-22,352.2239074707031,358.686457678402,351.3648820170518,357.9772838669972,27471910
2024-10-23,353.15283203125,356.9984044042072,351.2150637286676,351.8243770934673,14180685
2024-10-24,352.03411865234375,354.1416740616652,349.65685467690025,352.7932531607866,11584100
2024-10-25,353.3625793457031,356.888512897097,350.9953135694823,352.59347706911507,14146135
2024-10-28,349.56695556640625,355.71986501273193,348.6080696929002,353.1927799260653,16510740
2024-10-29,351.63458251953125,353.02296587852425,345.7413833367647,348.2984326803545,20790595
2024-10-30,346.5205078125,351.59464438164565,344.92234424155106,345.00223870300283,21929745
2024-10-31,345.8212890625,348.9177251523838,344.39294318778155,345.0721527737749,14723350
2024-11-01,348.4782409667969,350.4259770925354,346.8700791628689,347.51935502054965,912445
2024-11-04,345.4716796875,348.39829808592816,344.4528653272181,348.39829808592816,14424150
2024-11-05,351.0252685546875,351.6945103618963,341.80591778690433,343.9034749373325,20143075
2024-11-06,352.114013671875,353.2826796679288,348.9177172022693,351.61458949077104,18261260
2024-11-07,348.9776611328125,352.59348748707686,346.20086378209834,352.19395422097216,15304920
2024-11-08,348.7579040527344,352.41369278178325,347.37948841101047,348.59808465402676,18234125
2024-11-11,348.3983154296875,352.2538861676621,347.0398962150209,348.5980973059312,16025150
2024-11-12,343.8835144042969,349.47707135326436,342.6449521841975,348.55811744380054,16141950
2024-11-13,337.1812438964844,345.2319591367133,335.4232610509485,342.4052012438376,17967450
2024-11-14,341.1866149902344,342.12553490262246,337.57078874494266,337.61075121507906,16638790
2024-11-18,344.1531982421875,345.2519375602057,339.5485218271554,342.4052135715692,10412075
2024-11-19,345.15203857421875,347.55926677949583,342.30534513441916,345.5615700596741,13798315
2024-11-21,347.0199279785156,347.7490678089821,340.3575956722348,342.6249705890235,16470295
2024-11-22,351.8843078613281,354.0318258034216,346.1808616068627,346.40060947196827,17768630
2024-11-25,357.737548828125,358.50668160588174,352.97305292761337,355.98956412585477,34357160
2024-11-26,356.3092041015625,358.77636088017584,354.5911836263852,358.58657724471067,11563695
2024-11-27,356.22930908203125,360.6841644243865,355.4102460757766,355.77981510770184,16012220
2024-11-28,351.434814453125,357.3679763380005,350.2961431375327,356.2392727782695,19856975
2024-11-29,352.6434020996094,354.3114922768384,350.9953083983824,350.9953083983824,14939970
2024-12-02,350.3860168457031,354.11170163581085,348.79785164697455,352.5934631364908,21326400
2024-12-03,349.57696533203125,351.83434193196643,347.59923457542607,351.5946280762931,19858250
2024-12-04,351.09521484375,352.9930207193915,348.8777701622816,349.99647550024144,15933930
2024-12-05,354.6211242675781,357.31802697350645,349.19738510730707,352.393681499869,28486145
2024-12-06,354.9807434082031,356.5988729203273,351.79441461040454,354.37143004037387,12979410
2024-12-09,356.8385925292969,360.5742758079748,353.2127679435522,353.2127679435522,12770115
2024-12-10,358.5266418457031,360.14477135264343,356.2392705083643,356.2392705083643,9899420
2024-12-11,358.5266418457031,360.94383786788217,357.57772368672767,358.78635218025084,11967140
2024-12-12,353.3326110839844,358.8762378023833,352.66339974921186,357.5877148757108,17441295
2024-12-13,360.714111328125,361.38332265583085,349.20735876945594,351.26501442464985,19467655
2024-12-16,360.4743957519531,362.18241789579315,358.35681164418764,360.1847211953006,14946965
2024-12-17,356.3990783691406,360.95382441989125,354.5911652889381,358.80630655758563,17964305
2024-12-18,355.59002685546875,356.9284800402349,353.662256778469,355.98956011499934,17647150
2024-12-19,352.01416015625,353.1927939310905,348.67797973621197,352.28383824568294,20370400
2024-12-20,348.30841064453125,353.3625810172951,346.2707818932329,350.595781973686,73428440
2024-12-23,348.6679992675781,352.43364655630904,347.5992242221458,349.0974967403447,13740180
2024-12-24,349.4071350097656,350.5258402722013,347.20965647110114,348.10864436210255,13563125
2024-12-26,350.1562805175781,353.4824626443474,348.0087626285679,350.9553470168828,5660030
2024-12-27,351.5746765136719,355.0306834987004,350.3960122158858,351.5946425083198,12241355
2024-12-30,347.73907470703125,355.7897898654041,346.30073066302316,352.5934629937345,27513860
2024-12-31,356.7986145019531,358.9062003945532,346.61037950909224,346.61037950909224,23658490
2025-01-01,357.26806640625,358.9361565438495,354.9906934137204,355.44018735902756,7424140
2025-01-02,367.0068664550781,367.6161798401689,358.96614889311786,359.5854300343208,25484935
2025-01-03,367.3065185546875,370.173208471933,363.00148455982776,369.7736752242475,21385745
2025-01-06,355.5201110839844,364.5796735760278,354.1716596194765,363.7806070323967,19961975
2025-01-07,354.0018615722656,359.0759979814022,353.57236408033214,356.9884085041089,21999690
2025-01-08,353.3226623535156,356.52895724457613,352.0840695854549,355.61000328649465,21823395
2025-01-09,357.627685546875,361.32340629479506,354.3913960401411,354.3913960401411,27349135
2025-01-10,350.8354797363281,357.5177775418878,350.2661593515311,356.4290365136822,17513090
2025-01-13,347.27960205078125,348.5081965481599,344.35298357433106,346.180862721715,15461940
2025-01-14,349.716796875,353.3625874379313,345.5216518851299,349.5170454844923,24744805
2025-01-15,357.5078125,358.5865552986561,351.6145828876974,351.6145828876974,17549305
2025-01-16,360.6941223144531,362.5719621379428,356.6587968240108,358.74638627131435,22257670
2025-01-17,351.31494140625,360.68414376710126,349.25731625248386,358.98608938625773,17608640
2025-01-20,383.65765380859375,385.5354935665399,372.7702129900529,377.56467283305534,66621575
2025-01-21,378.22393798828125,383.7475684091018,377.76447626035116,383.7475684091018,22078315
2025-01-22,383.058349609375,383.6576647274148,376.97536669850274,379.36259845015746,20883345
2025-01-23,378.5335693359375,384.3468741856657,377.9842149234693,380.98076004405914,15805795
2025-01-24,376.8055419921875,383.25812428383654,374.1785659531558,377.76445835602897,20126830
2025-01-27,375.8466796875,379.3226831390005,372.1209641327075,374.56815493794255,9642515
2025-01-28,377.1152038574219,380.5612430544318,373.72912360866957,378.56354624049777,25786920
2025-01-29,383.6277160644531,384.4967093037823,376.5658504914421,377.12520316233065,11758155
2025-01-30,379.8620300292969,387.17360755035844,375.0575717182489,383.6277079634501,21195905
2025-01-31,379.82208251953125,381.35031927249156,377.48478104338204,380.17165505534354,11666145
2025-02-01,380.1816711425781,382.9884326933049,373.8889384484608,379.36260814307735,5481785
2025-02-03,376.4659423828125,380.3215129196158,375.87662550580717,378.2838537214999,16599040
2025-02-04,385.2558288574219,387.79288177221076,375.00763481738795,377.77443383116474,26663090
2025-02-05,381.9096984863281,387.3434363155355,380.0318585844416,387.11369020585886,17136925
2025-02-06,382.74871826171875,383.5577830216854,378.85321562439157,382.9584678892273,15969855
2025-02-07,385.4056396484375,391.66840779195957,381.1405377105844,383.7575459772404,22070870
2025-02-10,391.5785217285156,392.5474058579458,384.26694441049216,386.61424415523874,17846865
2025-02-11,383.2781066894531,393.64615788890933,380.8808766420632,392.4675241006207,17533410
2025-02-12,388.3422546386719,389.35107073400496,380.551219297313,384.2469703482383,16095020
2025-02-13,394.1056213378906,398.1010149284876,391.6584305706764,392.14788701357963,63391865
2025-02-14,390.03033447265625,394.34533639696,386.22472450464596,394.34533639696,13050240
2025-02-17,388.6119384765625,392.33765381361036,386.08485335823747,390.5497067234525,11500595
2025-02-18,392.2178039550781,392.74719237335864,387.3833510062412,387.9627001326211,21720625
2025-02-19,396.5428161621094,398.5205469745791,391.9481074098399,392.3376729187464,19570825
2025-02-20,393.6561279296875,396.01342600238104,391.5485724391979,396.00342776401135,23621860
2025-02-21,390.16015625,395.21435716360884,386.4544372461792,393.65612562632293,20042760
2025-02-24,392.76715087890625,393.54625137553006,386.26463834164787,387.21355647067867,11090405
2025-02-25,392.9969177246094,395.45407626948156,391.2688990077135,393.3464902809318,20099470
2025-02-27,389.0614318847656,394.5450995905187,387.53319512337055,393.94578448199593,18540340
2025-02-28,380.1517028808594,386.9638561768171,378.34378974407076,386.9638561768171,34851575
2025-03-03,382.4790344238281,384.28694754992296,378.6034978389065,380.6710908152998,13038950
2025-03-04,381.1205749511719,382.7587008808819,378.91312862717086,379.7921200545828,15860250
2025-03-05,386.17474365234375,390.28002621588877,378.6434185689396,380.18165356083995,19058440
2025-03-06,383.8973693847656,388.5420080940458,381.5301036835318,388.35222446983926,25965465
2025-03-07,386.63421630859375,387.67302715562533,381.5700782044857,382.9584615974769,13901690
2025-03-10,383.9073791503906,387.5631678619506,382.8286058348833,386.05489706084006,11142670
2025-03-11,386.59429931640625,388.3522517998409,380.45138765683396,384.1571067437002,16035260
2025-03-12,396.0533752441406,399.07988457296057,387.1536326477256,387.5531658975251,33522470
2025-03-13,396.5627746582031,398.21089887864855,393.45637081383774,394.6849653005036,24628970
2025-03-17,398.16094970703125,399.3096192860545,394.39530216186137,395.5639377354779,15854645
2025-03-18,398.16094970703125,398.16094970703125,398.16094970703125,398.16094970703125,0
2025-03-19,403.8443908691406,409.72762252868876,402.9853958837203,407.38032271136115,26691440
2025-03-20,406.6611328125,407.31037814223595,402.8355265693654,405.7322111646116,13416530
2025-03-21,415.3211364746094,419.036853598292,406.53128308731624,407.53013144871016,94254040
2025-03-24,434.7287902832031,436.34691977745285,417.56855199228,419.51631852124484,42541755
2025-03-25,433.50018310546875,439.99269736856905,431.5024864091302,435.47791380851965,36712165
2025-03-26,428.4859924316406,434.698830623917,425.4894472678244,434.49904875335574,15084580
2025-03-27,425.23974609375,429.78449418263637,421.8835995732027,428.3061875568384,47106120
2025-03-28,433.7398986816406,435.47791554242946,427.3073128552237,427.3672413177579,18361265
2025-04-01,428.68572998046875,435.198240768343,426.68803326908306,434.35918132502024,18754695
2025-04-02,430.42376708984375,431.6323651219901,427.437189637812,427.7068982152902,10660960
2025-04-03,426.02880859375,429.84441679752905,424.9400674956435,425.3096365264536,8470190
2025-04-04,425.89898681640625,428.76567686679596,423.14215545919853,425.689206703621,18942015
2025-04-07,407.10064697265625,416.2401036748553,399.6991767204186,403.2750405561581,35695245
2025-04-08,410.556640625,415.50095220519376,407.1305980623664,412.0149506970586,20471695
2025-04-09,410.0672302246094,412.52438875085255,407.9496764961044,410.3269100802715,19597890
2025-04-11,421.75372314453125,427.4072085384213,411.2258833432223,412.5243740224748,27973445
2025-04-15,423.5516662597656,428.9054788270572,419.43641590201076,428.5059455803453,28178320
2025-04-16,424.19091796875,429.8244374006494,422.1732552373427,423.51170839371383,14498895
2025-04-17,437.11602783203125,438.2746956230587,419.0568623416407,422.5128692381526,26943160
2025-04-21,447.7637634277344,451.71919459106056,434.57895224006796,438.49445141439935,24432490
2025-04-22,453.2374572753906,459.8498287702682,448.5628236221437,449.28199568553293,33664915
2025-04-23,444.8870544433594,457.4725499040176,443.4886728327158,456.4737015417818,17619395
2025-04-24,444.0879821777344,447.06453074977406,442.2301083972448,443.08913382847385,20842685
2025-04-25,440.3722839355469,446.1655924160865,435.1383281159242,443.4886860413507,10680015
2025-04-28,444.6073913574219,445.84595360908844,437.37573875392286,438.89397733604426,12190890
2025-04-29,440.49212646484375,448.88244658673517,439.2535642536522,444.607376828097,15291325
2025-04-30,441.1114196777344,445.6861623591955,437.13602260724144,442.2700874642522,23114585
2025-05-02,435.8374938964844,444.2078481102132,433.7399062240153,440.29234908944204,9079030
2025-05-05,416.49981689453125,426.26855302931796,411.1260076241954,420.5351424840396,44108085
2025-05-06,414.3222961425781,417.798299481268,412.52438125019955,416.7195566423275,17025485
2025-05-07,418.49749755859375,419.8758826924956,410.4267857258982,412.2646630535336,18697280
2025-05-08,422.0334167480469,427.2474066370105,418.49751534470624,419.3165478694598,34624355
2025-05-09,420.1355895996094,423.51170191185065,414.52206672975944,414.52206672975944,23271500
2025-05-12,428.5059509277344,432.22166808514635,424.73030530668944,426.3084723197471,15109370
2025-05-13,422.6327209472656,428.72570215135573,419.7360667466949,426.50825753224206,21539120
2025-05-14,417.9980773925781,423.49174343469235,416.31998896215583,421.71379455308727,10687970
2025-05-15,420.7948303222656,421.9135355934969,412.6042616855004,416.5397266105025,21311795
2025-05-16,421.1544494628906,422.49290264655525,417.53859268866466,419.496357478891,10289540
2025-05-19,421.75372314453125,424.31077251585805,419.5962070220181,419.9158458140422,7528520
2025-05-20,417.53857421875,423.0921685785619,416.45983141838013,422.4728874818281,19545490
2025-05-21,413.7829284667969,418.7771702317805,411.52552143464584,418.51745990562284,10708700
2025-05-22,412.6842041015625,415.0414716682881,409.6676929401339,414.3222996088333,16446640
2025-05-23,419.6761474609375,421.37417145171594,412.6842086599538,412.6842086599538,8254765
2025-05-26,417.3787536621094,421.9135336710173,416.5397247125091,417.5385730547617,10201425
2025-05-27,415.00152587890625,419.31652760970275,411.765236477768,417.5186127620736,17299700
2025-05-28,414.3822326660156,415.6008289335294,412.2047504694131,414.5220860736088,8173180
2025-05-29,415.840576171875,418.717264461597,410.5266953301626,414.9815506908779,24936910
2025-05-30,414.462158203125,417.55859434460643,412.6242808020526,415.8405738745379,49038640
2025-06-02,412.24468994140625,414.681882340463,409.76753507349036,412.92389949984965,13505700
2025-06-03,408.4291076660156,414.681908450361,406.371482385484,413.52324063995115,32319090
2025-06-04,408.7886962890625,411.2258887661281,407.689956978511,408.94851568718207,11655570
2025-06-05,407.5101623535156,410.80634972805433,406.3714605986257,410.4867109390572,18626660
2025-06-06,414.2024230957031,416.49979257149033,406.2915612981625,408.3092239750878,22121620
2025-06-09,427.14752197265625,427.98655092669617,417.51860927082373,421.71378452345573,28895440
2025-06-10,429.72454833984375,434.07951261545253,427.1475329492437,428.8455568942334,24578710
2025-06-11,428.5658874511719,431.64235756021156,426.10872894870886,429.3050255048349,8910305
2025-06-12,424.8701171875,429.26507428927226,423.9511937807166,428.5658682551451,14890860
2025-06-13,420.99462890625,423.9112491246017,413.92276525982584,413.92276525982584,22336370
2025-06-16,427.30731201171875,428.4460137624854,417.27889652331726,421.0944740543355,14707980
2025-06-17,426.8678283691406,430.663470496589,425.54937167627827,427.3073240942392,15541500
2025-06-18,425.9888610839844,426.98770944758945,421.2542991124417,424.51055453217293,19503255
2025-06-19,428.78564453125,430.4437365509244,426.12870410086333,427.4072288472776,17025995
2025-06-20,433.4602355957031,434.6988283182325,425.7691213388294,428.5059561528863,16863180
2025-06-23,436.31695556640625,437.435660871994,429.744516172428,431.12293181053917,8603070
2025-06-24,444.2078552246094,446.2055519956353,437.7752691833114,441.0914531389984,28022600
2025-06-25,439.1536865234375,444.207856934999,437.6953764100549,444.0880000054653,17877145
2025-06-26,440.27239990234375,441.4909961789677,435.49790573309934,439.97275757302407,28350635
2025-06-27,441.0714416503906,442.9492814284309,436.01727143031167,441.49097137029787,48247195
2025-06-30,432.2016906738281,441.29118621895634,430.4037453650353,441.0714383639628,18638285
2025-07-01,436.2170715332031,436.79639018903555,431.3626524909893,432.2017119658876,20128770
2025-07-02,433.3204040527344,438.9339269743134,431.702274582236,436.4967345305596,9382555
2025-07-03,424.8302001953125,429.8843705583035,423.8912802797434,427.3273211447125,23336995
2025-07-04,425.4694519042969,426.96772449012434,421.71380268387765,424.3107841133649,8431075
2025-07-07,429.46484375,430.8632253946964,423.87128668878063,425.5094126743062,10852925
2025-07-08,444.38763427734375,447.783712643143,434.73875535307457,436.4967382408718,37631455
2025-07-09,445.3465270996094,446.3054434982735,442.2900534746473,442.88936860320405,10104510
2025-07-10,440.2524108886719,448.02344987453114,436.8762985701678,445.3065811284953,28609065
2025-07-11,443.6085510253906,444.4875425034859,439.2136241173486,439.8528712489597,13395830
2025-07-14,440.2524108886719,444.88705140694907,438.9538897371681,444.2677703037788,11976685
2025-07-15,437.11602783203125,446.2055542832868,435.877465582024,441.4909886601973,14870715
2025-07-16,435.3780212402344,437.49557485320224,430.703418304162,436.3169411225778,11438515
2025-07-17,433.6600036621094,437.83518245287064,432.8409406986301,434.49903261892985,10897805
2025-07-18,428.1000061035156,433.6000061035156,426.20001220703125,433.5199890136719,12832715
2025-07-21,433.0400085449219,433.5199890136719,426.0400085449219,427.6199951171875,9135495
2025-07-22,432.0400085449219,435.0,429.0,434.3999938964844,7822810
2025-07-23,434.0799865722656,435.9599914550781,431.239990234375,434.20001220703125,13952705
2025-07-24,428.4200134277344,434.3599853515625,428.0,433.0799865722656,10292000
2025-07-25,424.9200134277344,429.9800109863281,423.6600036621094,427.82000732421875,8727375
2025-07-28,393.32000732421875,411.05999755859375,392.0,405.05999755859375,69123495
2025-07-29,394.5400085449219,395.94000244140625,390.6000061035156,393.3999938964844,25219670
2025-07-30,391.94000244140625,396.17999267578125,391.3999938964844,393.2200012207031,17949955
2025-07-31,395.7200012207031,399.7200012207031,387.0,388.239990234375,21519590
2025-08-01,398.4800109863281,401.3999938964844,394.4200134277344,396.6000061035156,13361865
2025-08-04,399.3999938964844,401.3999938964844,396.4200134277344,397.3999938964844,7716305
2025-08-05,400.6000061035156,401.6000061035156,398.9599914550781,401.6000061035156,12106660
2025-08-06,400.4800109863281,405.1199951171875,398.5400085449219,400.6000061035156,13311395
2025-08-07,398.4200134277344,399.1000061035156,393.0,396.20001220703125,72760995
2025-08-08,390.5400085449219,399.8999938964844,389.6400146484375,398.7799987792969,10928645
2025-08-11,395.17999267578125,404.79998779296875,391.2799987792969,392.79998779296875,11012565
2025-08-12,391.79998779296875,397.17999267578125,391.2799987792969,395.0,7889120
2025-08-13,397.5400085449219,399.260009765625,392.44000244140625,393.6000061035156,13733665
2025-08-14,395.6400146484375,398.70001220703125,395.1000061035156,397.6000061035156,9922965
2025-08-18,400.2799987792969,405.20001220703125,399.4200134277344,399.5799865722656,21519720
2025-08-19,405.9800109863281,406.5,398.5,398.79998779296875,15558845
2025-08-20,403.5,404.8399963378906,401.1000061035156,404.1000061035156,13134705
2025-08-21,403.55999755859375,407.79998779296875,402.5799865722656,407.79998779296875,14493935
2025-08-22,397.32000732421875,403.7200012207031,396.0400085449219,402.0400085449219,8958465
2025-08-25,396.6600036621094,399.760009765625,395.3399963378906,397.3999938964844,11849075
2025-08-26,393.1400146484375,396.7799987792969,392.239990234375,395.6000061035156,18550690
2025-08-28,388.94000244140625,393.6000061035156,388.2200012207031,391.0,17989700
2025-08-29,392.05999755859375,396.9800109863281,390.0400085449219,390.0400085449219,15371790
2025-09-01,393.7200012207031,394.55999755859375,391.0400085449219,392.05999755859375,7891610
2025-09-02,388.5,395.0400085449219,388.0799865722656,393.20001220703125,12917095
2025-09-03,392.0400085449219,392.760009765625,386.2200012207031,388.79998779296875,20037270
2025-09-04,389.94000244140625,394.3399963378906,389.29998779296875,392.20001220703125,9457295
2025-09-05,389.1000061035156,391.4599914550781,387.4200134277344,389.94000244140625,9906260
2025-09-08,390.0199890136719,392.29998779296875,386.29998779296875,388.5,12527790
2025-09-09,392.0799865722656,393.17999267578125,387.9599914550781,391.20001220703125,15873920
2025-09-10,394.6600036621094,397.7799987792969,393.1600036621094,396.9800109863281,42604510
2025-09-11,394.4599914550781,397.0,392.6600036621094,395.3999938964844,11816335
2025-09-12,394.4599914550781,397.0,393.20001220703125,394.6400146484375,18077285
2025-09-15,394.1600036621094,396.32000732421875,392.9800109863281,393.6000061035156,13098130
2025-09-16,404.3399963378906,406.1000061035156,394.6400146484375,395.2799987792969,20084385
2025-09-17,410.05999755859375,410.5400085449219,404.05999755859375,405.79998779296875,23917190
2025-09-18,410.9200134277344,412.260009765625,408.44000244140625,410.0,17420580
2025-09-19,406.20001220703125,410.9200134277344,405.4800109863281,410.9200134277344,22431125
2025-09-22,404.3399963378906,407.9200134277344,403.4800109863281,406.3999938964844,13229910
2025-09-23,409.5400085449219,410.6199951171875,401.67999267578125,404.6000061035156,25428240
2025-09-24,406.260009765625,409.6199951171875,405.79998779296875,408.3999938964844,18394385
2025-09-25,402.70001220703125,407.5,402.0,406.4599914550781,20039275
2025-09-26,398.9599914550781,403.8399963378906,397.82000732421875,401.79998779296875,9595825
2025-09-29,398.32000732421875,400.739990234375,394.05999755859375,399.17999267578125,26530510
2025-09-30,398.5400085449219,403.0,397.2200012207031,400.79998779296875,29309685
2025-10-01,412.6600036621094,414.3999938964844,397.20001220703125,397.20001220703125,30579755
2025-10-03,420.1000061035156,421.6000061035156,412.3999938964844,412.6600036621094,23679650
2025-10-06,429.20001220703125,430.9200134277344,418.6000061035156,422.79998779296875,25764180
2025-10-07,425.3800048828125,430.6199951171875,424.3399963378906,428.3999938964844,12364695
2025-10-08,423.55999755859375,426.5,422.44000244140625,425.29998779296875,4402475
2025-10-09,428.9200134277344,430.3999938964844,420.260009765625,423.6000061035156,15827485
2025-10-10,430.0199890136719,431.55999755859375,427.32000732421875,429.0,9681210
2025-10-13,430.4200134277344,431.20001220703125,426.760009765625,427.20001220703125,10600020
2025-10-14,430.3599853515625,433.0,428.32000732421875,429.79998779296875,8022815
2025-10-15,429.9200134277344,433.17999267578125,428.239990234375,431.0,11540535
2025-10-16,441.0799865722656,442.9200134277344,430.44000244140625,430.5799865722656,33692100
2025-10-17,441.1600036621094,441.9800109863281,438.0799865722656,440.7799987792969,16706510
2025-10-20,442.760009765625,453.20001220703125,440.0400085449219,442.79998779296875,15207085
2025-10-21,439.3999938964844,443.9599914550781,437.3800048828125,442.760009765625,1134020
2025-10-23,445.1199951171875,448.8800048828125,442.20001220703125,445.0,21496105
2025-10-24,437.3999938964844,447.6000061035156,433.6400146484375,447.6000061035156,16293685
2025-10-27,429.7200012207031,437.20001220703125,424.3999938964844,434.44000244140625,18599700
2025-10-28,432.1600036621094,433.6199951171875,428.3999938964844,428.3999938964844,23304345
2025-10-29,430.1000061035156,434.8599853515625,429.3800048828125,434.0,7088915
2025-10-30,427.44000244140625,430.6000061035156,425.2799987792969,430.0,12438465
2025-10-31,420.44000244140625,429.3800048828125,420.0,429.3800048828125,18931270
2025-11-03,422.70001220703125,423.8399963378906,417.5799865722656,420.44000244140625,7657265
2025-11-04,419.32000732421875,424.2200012207031,418.6000061035156,423.3399963378906,9581885
2025-11-06,416.6400146484375,420.760009765625,414.4200134277344,414.6000061035156,11902845
2025-11-07,417.6600036621094,419.8599853515625,411.8399963378906,415.739990234375,7000945
2025-11-10,418.5400085449219,420.9599914550781,416.20001220703125,416.20001220703125,10866480
2025-11-11,417.3800048828125,420.6000061035156,414.9800109863281,420.0,10814210
2025-11-12,416.8999938964844,420.0199890136719,416.0,420.0199890136719,9035425
2025-11-13,415.0400085449219,417.8999938964844,412.9200134277344,417.8999938964844,10711530
2025-11-14,415.94000244140625,417.1000061035156,412.6000061035156,413.20001220703125,12202755
2025-11-17,420.5799865722656,423.9800109863281,418.4800109863281,419.0,25151640
2025-11-18,418.6199951171875,421.3999938964844,416.0,418.1199951171875,10300340
2025-11-19,421.17999267578125,422.0,417.8999938964844,419.8999938964844,12464500
2025-11-20,419.739990234375,422.9599914550781,418.6400146484375,422.9599914550781,36702845
2025-11-21,417.55999755859375,422.29998779296875,415.70001220703125,420.0,39194210
2025-11-24,417.4599914550781,420.79998779296875,415.4800109863281,419.0,24922845
2025-11-25,413.9800109863281,418.8599853515625,413.3399963378906,418.8599853515625,15164895
2025-11-26,420.760009765625,422.0,414.82000732421875,415.0,14896715
2025-11-27,422.0400085449219,426.1000061035156,418.2799987792969,420.79998779296875,20148975
2025-11-28,424.8800048828125,428.3599853515625,420.44000244140625,423.79998779296875,15840785
2025-12-01,429.5199890136719,432.6000061035156,425.6199951171875,426.79998779296875,16310160
2025-12-02,428.4800109863281,432.0,427.8800048828125,428.0,18294165
2025-12-03,429.2200012207031,430.3399963378906,423.82000732421875,427.0199890136719,14031015
2025-12-04,427.0799865722656,429.3599853515625,424.29998779296875,429.2200012207031,12871640
2025-12-05,430.9800109863281,433.20001220703125,426.3999938964844,427.0,9658475
2025-12-08,426.32000732421875,431.7799987792969,425.20001220703125,431.739990234375,14960235
2025-12-09,425.5400085449219,426.67999267578125,421.7799987792969,424.0,16037550
2025-12-10,425.8999938964844,431.1000061035156,424.739990234375,426.0,10941335
2025-12-11,436.0400085449219,441.0,423.82000732421875,425.8999938964844,24978600
2025-12-12,435.32000732421875,440.20001220703125,434.94000244140625,436.3399963378906,14312745
2025-12-15,436.260009765625,437.1199951171875,431.29998779296875,433.4200134277344,13779900
2025-12-16,436.4800109863281,438.79998779296875,434.29998779296875,435.6000061035156,8544595
2025-12-17,434.6400146484375,438.6400146484375,432.70001220703125,437.6000061035156,8060720
2025-12-18,432.9200134277344,435.7799987792969,431.9800109863281,434.6400146484375,5633400
2025-12-19,431.8999938964844,435.5,431.260009765625,433.70001220703125,11504670
2025-12-22,429.94000244140625,435.20001220703125,429.4200134277344,434.0,9041130
2025-12-23,432.5400085449219,434.17999267578125,429.94000244140625,430.5,8070815
2025-12-24,432.739990234375,435.6400146484375,432.2200012207031,433.6000061035156,7791790
2025-12-26,432.8399963378906,434.7200012207031,430.5799865722656,432.3999938964844,3691745
2025-12-29,431.7200012207031,436.3599853515625,431.0799865722656,434.1199951171875,4858980
2025-12-30,430.5400085449219,433.0,427.7799987792969,431.94000244140625,28360690
2025-12-31,440.2200012207031,441.0799865722656,431.1400146484375,431.6000061035156,14284445
2026-01-01,443.55999755859375,444.17999267578125,437.79998779296875,442.0,6734875
2026-01-02,439.0199890136719,445.5799865722656,436.1000061035156,443.55999755859375,12238470
2026-01-05,438.17999267578125,441.3399963378906,436.3999938964844,439.3800048828125,10914245
2026-01-06,429.2799987792969,445.6000061035156,427.0,440.4200134277344,26541035
2026-01-07,428.79998779296875,430.1000061035156,421.8399963378906,429.2799987792969,10561315
2026-01-08,426.6000061035156,428.6000061035156,423.7200012207031,428.0199890136719,11484710
2026-01-09,425.3599853515625,426.6000061035156,423.20001220703125,426.6000061035156,10319615
2026-01-12,426.6600036621094,427.8800048828125,421.20001220703125,425.3599853515625,12720435
2026-01-13,426.5199890136719,428.8800048828125,424.0,425.3800048828125,12717650
2026-01-14,421.0,427.6000061035156,418.79998779296875,426.0,10818517
2026-01-15,421.0,421.0,421.0,421.0,0
2026-01-16,418.20001220703125,427.6000061035156,417.1000061035156,424.0,17993251
2026-01-19,426.8999938964844,430.3999938964844,415.0,419.0,22228439
2026-01-20,423.79998779296875,431.0,422.5,428.0,18805991
2026-01-21,421.6000061035156,425.5,416.3999938964844,422.1000061035156,16386060
2026-01-22,426.0,429.79998779296875,420.29998779296875,423.79998779296875,10087657
2026-01-23,422.79998779296875,429.79998779296875,420.3999938964844,429.0,10548118
2026-01-27,408.70001220703125,415.0,400.5,415.0,47613963
2026-01-28,412.3999938964844,414.20001220703125,406.29998779296875,409.29998779296875,14823671
2026-01-29,412.3999938964844,414.6000061035156,407.0,407.0,26085514
2026-01-30,408.0,412.5,405.3999938964844,410.0,20681886
2026-02-02,408.20001220703125,410.8500061035156,405.1000061035156,408.70001220703125,15422034
2026-02-03,415.79998779296875,425.0,410.29998779296875,415.0,35396945
2026-02-04,412.3500061035156,418.6499938964844,410.6000061035156,416.70001220703125,14948177
2026-02-05,408.75,413.95001220703125,404.1000061035156,411.0,24814864
2026-02-06,422.3500061035156,424.6499938964844,410.29998779296875,411.0,21228778
2026-02-09,428.79998779296875,434.8999938964844,424.20001220703125,430.0,22538542
2026-02-10,429.29998779296875,433.8999938964844,428.20001220703125,430.79998779296875,18428055
2026-02-11,429.54998779296875,431.70001220703125,427.75,431.70001220703125,12299205
2026-02-12,426.25,431.04998779296875,425.1000061035156,429.3999938964844,14003384
2026-02-13,420.6499938964844,428.8999938964844,419.54998779296875,426.0,23233320
2026-02-16,425.6000061035156,426.70001220703125,418.25,419.0,12403028
2026-02-17,424.45001220703125,425.5,420.6000061035156,423.6499938964844,6427007
2026-02-18,426.3500061035156,427.3999938964844,421.3500061035156,425.70001220703125,7333331
2026-02-19,416.3999938964844,425.95001220703125,415.8500061035156,425.70001220703125,6473423
2026-02-20,421.3500061035156,423.3999938964844,415.0,415.0,6603883
2026-02-23,430.70001220703125,431.79998779296875,420.3500061035156,423.0,10399627
2026-02-24,427.70001220703125,432.45001220703125,425.79998779296875,430.8999938964844,15016915
2026-02-25,424.95001220703125,430.1499938964844,421.3999938964844,425.5,10192468
2026-02-26,424.54998779296875,426.70001220703125,421.70001220703125,426.70001220703125,13417228
2026-02-27,415.20001220703125,422.3500061035156,414.45001220703125,420.5,17806739
2026-03-02,413.1000061035156,414.6000061035156,407.1000061035156,410.0,15236666
2026-03-04,403.3500061035156,410.5,402.20001220703125,405.0,18393751
2026-03-05,407.29998779296875,410.04998779296875,402.3500061035156,403.6000061035156,14963265
2026-03-06,399.79998779296875,406.70001220703125,399.0,403.70001220703125,17512726
2026-03-09,386.3500061035156,393.8500061035156,385.1000061035156,390.0,20275976
2026-03-10,391.8500061035156,394.25,387.5,390.5,21346381
2026-03-11,383.20001220703125,391.1000061035156,379.95001220703125,388.8500061035156,29991868
2026-03-12,375.29998779296875,380.1499938964844,374.04998779296875,377.0,25048123
2026-03-13,366.8500061035156,373.6000061035156,363.3999938964844,373.0,32179473
2026-03-16,369.8500061035156,373.3500061035156,364.04998779296875,366.8500061035156,27927294
2026-03-17,374.20001220703125,375.1499938964844,368.6000061035156,369.8500061035156,15176772
2026-03-18,375.3999938964844,376.95001220703125,371.1000061035156,375.0,15235416
2026-03-19,368.1499938964844,370.1499938964844,363.3500061035156,366.1499938964844,17308390
2026-03-20,366.75,372.6000061035156,365.3999938964844,368.6000061035156,17077194
2026-03-23,356.54998779296875,364.8999938964844,355.25,364.8500061035156,16980244
2026-03-24,366.8500061035156,370.95001220703125,361.3999938964844,363.0,19990983
2026-03-25,371.1000061035156,378.0,363.0,368.95001220703125,42442702
2026-03-27,366.1499938964844,368.8500061035156,362.5,367.54998779296875,28928069
2026-03-30,353.3999938964844,362.95001220703125,351.6499938964844,361.0,39762775
2026-04-01,356.04998779296875,364.04998779296875,355.0,363.79998779296875,21245776
2026-04-02,358.0,359.8500061035156,345.5,350.29998779296875,22056018
2026-04-06,360.54998779296875,361.3999938964844,350.1000061035156,358.0,18320378
2026-04-07,362.95001220703125,364.0,357.0,357.0,23655155
2026-04-08,380.1499938964844,381.1499938964844,369.45001220703125,377.0,30162218
2026-04-09,371.8999938964844,378.70001220703125,369.45001220703125,377.0,12422256
2026-04-10,374.54998779296875,379.1499938964844,372.3500061035156,373.5,23751660
2026-04-13,371.8999938964844,373.0,365.6000061035156,367.95001220703125,30027087
2026-04-15,382.3999938964844,383.0,375.5,375.5,19100372
2026-04-16,379.1499938964844,386.45001220703125,378.25,383.1499938964844,12060624
2026-04-17,383.6000061035156,385.20001220703125,376.6499938964844,379.29998779296875,11626179
2026-04-20,379.20001220703125,386.0,378.0,384.1000061035156,11146713
2026-04-21,382.1499938964844,383.1499938964844,378.3500061035156,381.45001220703125,12323488
2026-04-22,376.8500061035156,382.79998779296875,376.25,378.1000061035156,14471487
2026-04-23,370.3999938964844,375.95001220703125,367.6499938964844,370.04998779296875,27628052
2026-04-24,370.8500061035156,372.79998779296875,367.6499938964844,370.6000061035156,19678907
2026-04-27,376.79998779296875,380.45001220703125,373.25,375.0,11559525
