Price,Close,High,Low,Open,Volume
Ticker,M&M.NS,M&M.NS,M&M.NS,M&M.NS,M&M.NS
Date,,,,,
2010-01-04,237.02247619628906,238.73220669982737,227.71863828880723,227.71863828880723,3739348
2010-01-05,241.385986328125,246.70396202044847,235.16593658581866,238.10288851463352,5197364
2010-01-06,247.17593383789062,248.9905554056958,241.73209474265965,243.28446289214034,6827232
2010-01-07,242.46640014648438,248.476642742408,239.39308423398083,248.1724686411963,3304396
2010-01-08,242.48736572265625,244.6061618312891,240.52590633904353,244.39637953126228,2527272
2010-01-11,243.1796112060547,246.70396378917556,241.2496244537006,243.76701183930442,3167868
2010-01-12,250.10243225097656,251.5289620454693,239.68676219077443,239.68676219077443,4942468
2010-01-13,242.0048828125,249.6409644951674,238.01901867350153,247.9836790209977,4584900
2010-01-14,245.79144287109375,247.96268460705528,241.48040625837976,243.34747389524884,4109484
2010-01-15,242.76002502441406,247.98360850602842,241.26010232727504,246.60955004532383,3066960
2010-01-18,248.30880737304688,249.8297289430403,241.28110080824968,242.29853977136608,3562064
2010-01-19,243.2635498046875,248.571052234611,241.39648221422877,247.33333154375472,2497004
2010-01-20,240.29507446289062,246.47317725597125,239.20421697691253,244.39632780364227,3390516
2010-01-21,240.16925048828125,245.8648448048437,238.94202920880286,239.78115837195935,4982164
2010-01-22,237.70433044433594,239.9490165272425,230.5507587918152,236.42466347440921,3873740
2010-01-25,224.72923278808594,241.78453976477527,221.5510266146502,239.15176231357572,10824500
2010-01-27,212.06890869140625,225.30616523289297,208.7333653693934,223.37617853003914,11011728
2010-01-28,214.46041870117188,219.57909856522096,213.29612962743718,213.97792202604958,4491372
2010-01-29,213.46395874023438,216.49531527953118,207.21244929007455,213.97792789255988,3918172
2010-02-01,219.67352294921875,221.4042267854194,211.3346771929791,214.2296701399868,3360188
2010-02-02,213.93597412109375,223.52302721570697,212.9290217024332,221.3203131980956,2531300
2010-02-03,221.1524658203125,221.87623003973053,214.8589975202673,215.02683358487707,2630556
2010-02-04,213.34860229492188,220.98468325091133,211.0409969603652,220.8378202737975,3005292
2010-02-05,204.79995727539062,210.83119801461467,202.62871573090783,209.57250429512445,3751776
2010-02-08,209.7403106689453,211.8800923805378,202.9014137988941,208.73335833528228,3964924
2010-02-09,207.93621826171875,212.79267082288115,205.85936837067084,205.85936837067084,2370192
2010-02-10,201.04486083984375,210.83121019595066,199.29318376731655,210.4116455985458,4258584
2010-02-11,207.01316833496094,208.94316803019547,202.02035222196608,203.4678551944158,2966324
2010-02-15,208.8697509765625,211.82767626877904,207.6844758663939,209.78229885494335,3113388
2010-02-16,213.0443878173828,214.60726833430186,207.78934436473705,209.00607900464058,1299928
2010-02-17,215.87644958496094,218.35186494181363,214.39747437656422,215.23660343478952,2328552
2010-02-18,212.55140686035156,217.08271175250988,210.01303361134913,217.08271175250988,1857412
2010-02-19,210.13890075683594,213.34856690161678,208.34526492334902,209.99205060817934,2149848
2010-02-22,208.1879425048828,215.00586669367308,206.86630388039563,211.88010555932837,2741260
2010-02-23,205.71249389648438,208.5340680581534,203.90837145177903,207.4746701294336,3033172
2010-02-24,200.82460021972656,205.35590573991502,199.5029742445409,204.53774961979747,3799488
2010-02-25,200.78265380859375,204.07623880092981,199.81766025603008,199.96451044118456,3644784
2010-02-26,211.40811157226562,216.46385985066877,200.83507859327975,202.43991830040818,8142060
2010-03-02,221.73989868164062,223.73283059978215,213.55838870190175,213.55838870190175,6109472
2010-03-03,225.80963134765625,226.9109882202748,219.58958217399237,222.78876166112244,3781732
2010-03-04,226.04042053222656,227.52986968973363,221.76085663670696,225.3061825072959,2624304
2010-03-05,225.8621368408203,228.62077943248838,224.0475146761585,225.9355555301711,2153996
2010-03-08,235.396728515625,237.4735785379042,227.61380981769085,227.61380981769085,7297960
2010-03-09,236.97007751464844,239.25670967305666,232.669540427145,235.375737179456,5358980
2010-03-10,237.59942626953125,239.0784017179177,234.9561744288449,234.9561744288449,3402064
2010-03-11,236.01559448242188,237.87216277575746,233.34087007101874,233.34087007101874,5573876
2010-03-12,239.3301239013672,242.28804911169604,236.00507967820562,236.00507967820562,4017164
2010-03-15,231.80941772460938,239.15179747154272,230.99126171688488,239.15179747154272,2656692
2010-03-16,237.94554138183594,239.1517894426211,229.5018049563399,231.59962767074884,2447432
2010-03-17,235.64846801757812,241.0398628885184,224.73978840904638,236.00508768458067,2328192
2010-03-18,228.253662109375,235.69043506416136,225.77822050538822,235.69043506416136,5245816
2010-03-19,225.1907958984375,230.5507438164268,224.13141066619716,225.53694180924492,4432196
2010-03-22,219.96722412109375,224.2572615854157,218.80292220167314,223.4181324494553,3922832
2010-03-23,220.05111694335938,222.15943914452208,216.28553518224953,221.3203100070546,3139500
2010-03-25,221.71890258789062,224.0474808344763,217.81695720061342,220.18748166100852,6435736
2010-03-26,226.75367736816406,228.43193565105074,222.3692224824848,224.04748076537146,3605436
2010-03-29,232.2709503173828,237.05399695948768,216.075767140064,229.16618766902252,3289808
2010-03-30,230.61361694335938,239.15174350777627,228.66263195041768,234.11696996024415,2499226
2010-03-31,227.1312713623047,234.5365963194226,223.7328085641004,233.65552095935166,4349328
2010-04-01,224.1523895263672,233.23597343973412,221.76086616364276,231.5996612420303,5670058
2010-04-05,230.25701904296875,230.7185554111268,223.92160460532995,225.30616249342856,2741756
2010-04-06,223.8377227783203,232.39685119343912,223.46010438040346,231.2010766721637,3461256
2010-04-07,222.32728576660156,227.0893336044535,220.01968052905053,225.80966673072234,3736486
2010-04-08,219.85183715820312,228.1172644020101,218.42530736084743,224.88661205495586,4282900
2010-04-09,221.9287109375,223.41816021731032,218.92881366031935,221.11055480661508,3040418
2010-04-12,217.29251098632812,223.0615240877318,199.8595946229021,199.8595946229021,2716380
2010-04-13,213.26466369628906,220.22945085419389,211.92206476804856,218.17357423828832,5941176
2010-04-15,214.3135528564453,219.85180967211286,213.13877731571247,217.33442253846272,5727760
2010-04-16,210.9780731201172,215.55132494747804,209.78231138440685,214.3975222348638,4684012
2010-04-19,211.292724609375,213.74717995808922,205.79642606198715,207.68446666806042,3964724
2010-04-20,214.3345489501953,217.8379154384904,211.25074700411295,214.81704561292122,4393500
2010-04-21,213.24368286132812,216.49530812876597,212.7192271730317,216.49530812876597,2358306
2010-04-22,213.306640625,217.75402795719927,210.2438241588009,213.55838194646324,5861678
2010-04-23,218.6350860595703,219.53716012370776,211.46054219273526,213.97792959979162,6228608
2010-04-26,222.09645080566406,223.41808918212772,219.85179104494821,220.27135553167523,4647798
2010-04-27,225.20130920410156,226.85859457046507,222.36924802640675,222.36924802640675,5384902
2010-04-28,220.22943115234375,225.20126056952347,218.17355472035808,220.69094189020836,3507390
2010-04-29,219.64207458496094,224.0055567970697,216.55828492718803,221.9496799530933,4087402
2010-04-30,220.75390625,223.1454037853787,217.96379164780646,220.31334296993558,5085548
2010-05-03,220.3762664794922,224.73974777728688,218.63506345965433,220.2713753483739,2645630
2010-05-04,217.27151489257812,224.8656494135395,214.8170722594524,222.36923495607377,4344102
2010-05-05,217.50230407714844,221.53011409005464,210.8731755563901,214.01991013153292,4318424
2010-05-06,217.25051879882812,218.71899472335812,212.90803595099317,217.33443683043885,3504234
2010-05-07,219.85183715820312,221.82379578106915,212.04793350741744,213.9779331119916,3518742
2010-05-10,232.29193115234375,232.85833307059133,221.55106294669696,224.25725950672265,5213278
2010-05-11,236.508544921875,238.18680314291626,231.18006994843142,233.6974572799933,7827086
2010-05-12,229.94239807128906,237.47358855432373,224.8866492316564,236.00511230001254,4138028
2010-05-13,237.7672882080078,241.20772340077448,231.6416290579126,232.3968659015443,4696740
2010-05-14,234.87228393554688,237.74631712833332,232.58565149100414,236.17294970431678,3763568
2010-05-17,233.02615356445312,235.3337585127183,227.4878965669793,231.5996238986144,2616144
2010-05-18,235.14501953125,238.52250993284665,229.66970582329589,233.29892477837757,2668758
2010-05-19,220.43922424316406,234.51560973762142,215.90790662833288,232.85832464777002,5216126
2010-05-20,218.88685607910156,227.06836574686184,216.9988153865415,223.2083663204342,2376514
2010-05-21,225.87255859375,227.36203318891202,211.96400953598675,213.97791419500822,3328598
2010-05-24,222.03359985351562,241.2496541398893,219.87283183837724,241.2496541398893,2522056
2010-05-25,216.47433471679688,225.93551019864964,212.8241180097772,218.63507678461033,3382896
2010-05-26,217.0617218017578,225.1803116618321,214.71217043403092,222.369223898459,4813004
2010-05-27,221.71890258789062,227.19421511585938,215.6561894174547,218.1945499494659,4841974
2010-05-28,229.06124877929688,230.6555887916448,224.46701228472935,224.802658770247,2678902
2010-05-31,240.2845916748047,242.5502245854084,232.0191659924948,232.85829498342608,4970220
2010-06-01,236.7393341064453,245.02573525593985,234.15900147990826,239.99095987396848,5718168
2010-06-02,241.06080627441406,242.84395560594868,236.63440540835978,238.0609351168626,4822088
2010-06-03,244.58514404296875,247.12350428795654,241.9418926671287,245.44524619432016,3806716
2010-06-04,245.5292205810547,246.4942140847694,240.05390741536334,246.28443177491002,3537110
2010-06-07,243.4523468017578,246.2424614935157,235.37572866141514,240.38953049874632,3295406
2010-06-08,239.46649169921875,245.86485174900076,239.04692710579042,243.3474641884308,2473282
2010-06-09,242.6551513671875,245.02570135819192,239.48744408256772,241.1657023110485,2263042
2010-06-10,248.69691467285156,251.69681178227864,242.50833687205096,243.34746606537985,2620950
2010-06-11,254.5498046875,258.6615319471804,251.71774411873525,251.71774411873525,5418614
2010-06-14,258.3258972167969,259.50067282906616,252.6827489269282,254.25611598126773,3005094
2010-06-15,255.15823364257812,259.29093490219225,253.83659484761537,259.29093490219225,2226442
2010-06-16,264.03192138671875,266.822035414007,256.1441143069299,256.35389654632957,6623234
2010-06-17,266.297607421875,269.02477681678846,262.2278264339824,262.2278264339824,6815058
2010-06-18,259.7943420410156,269.7799719624685,258.03216602942166,265.79410923518475,5478530
2010-06-21,267.2415771484375,268.52124357822873,262.227776931864,263.06690581804594,2801608
2010-06-22,265.6473388671875,270.61916917384923,263.6544070011785,267.26265234688674,3188464
2010-06-23,264.70330810546875,267.22069562674494,263.1089421887751,264.3256897340013,2551704
2010-06-24,265.185791015625,267.5982873810854,260.17198909968226,265.1648179079981,3510454
2010-06-25,257.3399353027344,266.63330136869615,253.03939818388443,260.1300501158011,2249686
2010-06-28,261.3258056640625,263.06700902930334,255.09528148296081,255.9344106983653,2442170
2010-06-29,257.5707092285156,262.4376481760342,255.51483251671434,260.9691721270876,1652116
2010-06-30,263.2138366699219,265.56341375112515,255.5148366464296,255.5148366464296,3473310
2010-07-01,258.0951232910156,264.3675923437073,257.1930493347401,262.22782354683943,2102312
2010-07-02,252.7247314453125,260.7174577161565,252.15832946765505,259.6685461959084,3142034
2010-07-05,255.9763946533203,257.6127071078699,251.15140095341724,252.57793107318838,1504652
2010-07-06,263.0879821777344,264.0110294364568,256.03930188891184,256.03930188891184,2641624
2010-07-07,260.82232666015625,264.32568059621127,259.71047030008697,264.3047074892304,2404716
2010-07-08,265.0830383300781,269.66335264370707,262.12180666572823,265.33867337790116,3236166
2010-07-09,272.0707092285156,273.0720030072906,266.38260744277574,266.38260744277574,2743146
2010-07-12,271.75115966796875,276.09713834300743,269.34384682744593,273.54068335834995,1742978
2010-07-13,269.3224792480469,273.4980425277257,265.18956515360674,272.6884881762123,2781902
2010-07-14,262.7609558105469,273.11459273656914,261.6105459286325,267.5756072364515,3296870
2010-07-15,262.5692443847656,264.5078843145988,259.6080120055931,264.16702883335444,3474800
2010-07-16,257.3284912109375,265.40263302913917,256.41241781520137,262.2496616260323,4613614
2010-07-19,258.3936767578125,261.5679467014467,253.51510359672133,257.7758616403637,3115018
2010-07-20,256.5402526855469,262.0366414200137,255.64550382440365,260.1193001413307,2266842
2010-07-21,262.78228759765625,264.57181141719695,257.13678243240463,258.2019720862257,5724102
2010-07-22,269.8125305175781,270.1320874033076,260.332342907604,263.52791176489865,3952244
2010-07-23,267.53302001953125,273.1146029060082,266.72346555251346,269.2799204939114,1972120
2010-07-26,264.3800964355469,271.8151261053235,263.52794463398186,264.1670584851556,1555444
2010-07-27,272.6246337890625,273.81766702417366,263.8261827165646,266.29741755031,4084588
2010-07-28,276.118408203125,280.3578674793511,272.2624275369383,273.2210980564345,6198744
2010-07-29,274.35028076171875,277.88670550932136,271.2612305053028,275.24502974409216,2166672
2010-07-30,281.84912109375,283.29778911007776,272.68849206349205,273.11456783234127,4685954
2010-08-02,281.8065490722656,285.47079060918696,278.4405397956771,284.6399375846515,2403426
2010-08-03,277.7162780761719,283.3404853933729,276.9493466251013,282.9144094754881,1414664
2010-08-04,279.8679504394531,281.2100999551192,273.7963687358767,277.4180139625714,2163534
2010-08-05,274.94671630859375,281.1674387677469,274.0519675055503,281.1248155831806,1853342
2010-08-06,276.41668701171875,280.35788832941955,273.5406752393425,273.96675105747227,2275590
2010-08-09,276.651123046875,289.60384298052213,265.2962140116952,280.230171609113,1715038
2010-08-10,273.1572265625,279.8466228419968,271.09076902014914,276.9493121620384,2192742
2010-08-11,267.12823486328125,275.6710496712941,264.3587420922404,274.8188980494354,4120430
2010-08-12,269.727294921875,274.81890621488407,262.07922868733215,264.16701062515983,5151604
2010-08-13,267.3412780761719,271.68725663505114,265.7860909331637,271.1759604506646,2749328
2010-08-16,266.3825988769531,270.7498758845943,263.357445053664,267.5756059315783,2474604
2010-08-17,264.25225830078125,268.34257622771725,262.0792557725407,266.40393623115494,2019616
2010-08-18,263.3787841796875,266.29739320699423,260.33233159915756,265.8713173778631,2983554
2010-08-19,262.4840087890625,266.02043296237304,262.0366343705265,264.63568652057756,2556726
2010-08-20,263.1871032714844,265.0192245422783,259.1819791864469,260.7584653052642,4478298
2010-08-23,265.9352111816406,270.34508514704663,264.18828486259315,266.29736519606644,3858098
2010-08-24,262.5052795410156,268.3425229700578,261.65312797489565,267.25603492437523,1777466
2010-08-25,262.1005554199219,264.06049382216884,258.7558445741161,263.31486112480894,2257516
2010-08-26,263.7834777832031,266.0416999887208,259.4375260800237,263.3148048757933,2815598
2010-08-27,260.6732482910156,264.38011407628557,259.4802408903431,263.95403814707316,2666498
2010-08-30,259.6293029785156,263.8687627921559,257.45632659444146,261.8236039590969,1546066
2010-08-31,267.021728515625,268.2147356414238,257.7758777808759,260.3323327671325,4321692
2010-09-01,268.4917297363281,271.3677419643771,266.38264890130387,269.27995972251307,3435526
2010-09-02,266.83001708984375,270.43036343972244,265.9139435550767,270.00428756412987,1282542
2010-09-03,268.7047424316406,273.0293966611454,265.8713276561397,267.5330338562329,3344436
2010-09-06,270.2386474609375,271.7512117489544,268.4491234275949,269.74864975939505,1960008
2010-09-07,268.10821533203125,272.6672319023262,262.03663477028084,262.03663477028084,2154446
2010-09-08,270.6645812988281,271.8362894429789,267.36249471076684,268.4276839327221,2019674
2010-09-09,279.3352966308594,280.35788899905504,271.60203611669476,272.6885242544001,4424118
2010-09-13,283.2765197753906,284.66126629427055,277.65233933396337,280.3579105916862,2926698
2010-09-14,285.8755187988281,289.0923853879501,280.12349639243564,283.7664387153644,3402996
2010-09-15,288.0698547363281,291.8619399791753,284.19257513300715,285.89687843215563,3218328
2010-09-16,287.4094543457031,291.0098004158046,283.7665110935957,288.06986670043045,2940474
2010-09-17,289.73162841796875,292.2880839628332,288.5386210314875,289.73162841796875,2231462
2010-09-20,293.0549621582031,295.69663760885584,287.13252349245556,292.28803083526674,2709896
2010-09-21,291.98974609375,301.00125983742805,289.73154951191026,293.99230759296773,3773068
2010-09-22,290.5411376953125,298.95613588278593,286.10993837409654,292.71411416679723,4169084
2010-09-23,294.3331604003906,295.6966081752299,291.0523715062595,293.14015334950744,2001696
2010-09-24,294.3970947265625,295.9096586951577,291.9045355618368,294.4823150921744,2178346
2010-09-27,295.9096984863281,299.9574193439525,293.8219162733103,298.2531158249528,2488416
2010-09-28,303.0677490234375,305.070310733564,296.46357330225,296.46357330225,3650554
2010-09-29,297.720458984375,306.8597899031554,296.6765680952234,304.64419058866275,2426774
2010-09-30,294.6314392089844,300.21302223210415,290.6263159671697,297.72048900546326,4695752
2010-10-01,304.96380615234375,306.68940823716986,296.67662521994305,297.74181490262674,3136178
2010-10-04,311.46142578125,316.7873735545272,305.0702884533174,306.7745917407661,3647092
2010-10-05,317.1495666503906,319.4503867739801,312.1005779419012,312.3136158790629,3023730
2010-10-06,315.4878845214844,323.6046246793377,313.5066213150822,318.7047521529225,2346064
2010-10-07,309.0967102050781,318.2786389660984,306.34851595264354,317.38389014233104,2312254
2010-10-08,300.4047546386719,311.9301004816846,295.73921916275384,310.6305744190492,5141872
2010-10-11,301.4486389160156,306.6893662359789,298.67914612032075,301.7042740026074,2266932
2010-10-12,304.7933654785156,306.22073525703985,300.38349059332467,302.0877940860528,2924386
2010-10-13,313.5278625488281,315.1895685473309,304.3033372139677,306.26327546372767,3440122
2010-10-14,306.0289306640625,317.00038205925864,302.5138054597764,313.59177580055695,3184188
2010-10-15,302.7908630371094,309.5441559688026,300.6178602411198,308.5002647633811,2345872
2010-10-18,298.76434326171875,308.47886588116546,293.14013774342794,308.47886588116546,4708334
2010-10-19,298.8922119140625,303.25948942242906,296.59139189765614,301.7682239317673,4203720
2010-10-20,297.86962890625,302.47126908497654,296.1227282497533,298.21051040512396,2898738
2010-10-21,303.7068176269531,304.6441895651973,297.44349831868806,298.65782992241424,4364822
2010-10-22,298.9348449707031,306.0929409893662,297.8696552066889,304.64427250806307,1825938
2010-10-25,304.5164489746094,306.88116500329426,298.72180116847437,299.7443937241479,4055336
2010-10-26,305.47503662109375,310.35360951836964,304.6441836463923,306.43370712907193,4422230
2010-10-27,310.58795166015625,312.82484955289226,305.1128621669552,306.7319709699889,4016586
2010-10-28,312.33489990234375,315.1683147366687,307.34980720417514,312.3136013107426,6460580
2010-10-29,312.6118469238281,317.55431623261694,300.6391002963297,316.29738731188024,5639100
2010-11-01,326.587158203125,328.50449964071674,315.2322257315887,317.00045101516633,7258484
2010-11-02,322.7950744628906,328.9305775024858,319.55690819542014,328.078425747298,3010558
2010-11-03,323.7750549316406,328.0784106956658,320.8351211088784,323.5406924052299,3485120
2010-11-04,331.27392578125,339.13502928547535,326.11841913917823,326.821428587314,5243630
2010-11-08,330.99700927734375,340.1789645274679,329.9318196664807,340.1789645274679,2619186
2010-11-09,332.7865295410156,340.221558148129,328.5683943295179,340.221558148129,3576570
2010-11-10,343.5661926269531,345.0574578475176,332.722584899044,334.8529637855647,6669918
2010-11-11,346.6766357421875,352.2369205437531,343.8432208558169,343.8432208558169,5873120
2010-11-12,329.4205322265625,347.2517949774577,327.22623134072086,346.39964333334126,5882410
2010-11-15,340.8393859863281,342.47976762861714,326.4806244473589,329.6974919569424,2646680
2010-11-16,331.61480712890625,341.6702121335134,330.20876211714125,340.43458184722044,3866078
2010-11-18,332.50958251953125,335.6625280049281,323.81762533206046,335.6625280049281,3537676
2010-11-19,320.8350830078125,334.8955846535732,318.27862816312876,334.8955846535732,3235580
2010-11-22,326.6084289550781,328.93054747711926,312.9101063442064,322.11333405790435,3477512
2010-11-23,324.7337341308594,332.1261400596425,317.0004467022117,328.07841930202017,5636698
2010-11-24,334.3204345703125,339.9446151282416,327.20496249401526,328.0784128075113,5661098
2010-11-25,332.5734558105469,340.349339051163,327.14098943696575,336.1738014710212,8334036
2010-11-26,322.7311706542969,336.38689699027265,319.64212061860405,335.279110138336,3213206
2010-11-29,328.2701110839844,330.1235304443369,316.3399884741847,323.8176136945634,2520902
2010-11-30,326.0758361816406,333.8304216952748,322.53941189958266,329.91051875376246,3357116
2010-12-01,341.92584228515625,344.2266620934288,326.80015081958237,328.93052989924064,3998890
2010-12-02,336.4081726074219,347.16658751422415,333.0208644950502,345.12142869345803,4022968
2010-12-03,340.8180847167969,342.5649853092908,336.17384752366974,338.30422678554345,4149926
2010-12-06,338.6450500488281,344.9083696839879,337.45204297679857,343.33188397906144,1695766
2010-12-07,341.26544189453125,343.11886135634614,337.87813383840984,338.3468068500673,2069200
2010-12-08,336.3016357421875,339.5824247204063,334.0434391227084,336.5998940139536,2744072
2010-12-09,323.9667663574219,337.87815344303795,319.9829675103676,336.59992587641864,3721616
2010-12-10,332.6586608886719,334.44818434241137,319.5568308248529,323.8175885691843,4954314
2010-12-13,327.3966979980469,336.5999260810586,323.51939210691387,336.5999260810586,5447910
2010-12-14,322.90155029296875,327.6523060956876,320.85639155487075,327.6523060956876,4415392
2010-12-15,320.7925109863281,327.78013917308175,318.32125030485116,322.6033333099865,5004014
2010-12-16,312.29229736328125,320.40903705020037,307.20068578882245,320.40903705020037,11975430
2010-12-20,317.767333984375,321.60201627543086,308.90496233505553,313.1231232574584,3900342
2010-12-21,321.3038330078125,322.8803190743597,317.8952257312173,317.8952257312173,1731572
2010-12-22,322.1985168457031,325.9053814111556,320.49421368968837,321.26114490877455,2135510
2010-12-23,320.1320495605469,324.8828052460586,317.04299993689585,324.8828052460586,1995952
2010-12-24,324.58453369140625,325.94798142922417,316.38257468158594,319.5568445384551,1476358
2010-12-27,323.88153076171875,326.7575424205051,322.11330578407546,323.9028293506632,800846
2010-12-28,325.6710510253906,327.60971686094115,320.0894680414849,323.8176315627668,1423448
2010-12-29,329.4205322265625,330.1661649151644,321.34639019743815,324.0519612652662,2068256
2010-12-30,330.6773986816406,333.4895144009062,329.25005523717203,331.44435588136855,4179444
2010-12-31,331.5722351074219,334.4269485331283,329.9318274645576,329.9318274645576,983276
2011-01-03,335.5560607910156,341.5850450156052,334.1287169667672,338.62381238937354,3674214
2011-01-04,332.87176513671875,337.452080625,330.2940113886213,335.3642985118198,3201716
2011-01-05,328.5257873535156,336.173854257971,326.03325396943495,332.8717663359187,2542148
2011-01-06,328.6109924316406,331.48700435891914,322.9654875373531,331.06092851784086,3362466
2011-01-07,315.4239501953125,326.33150768459916,311.90882439223185,325.60717353011586,5000746
2011-01-10,310.41754150390625,319.5568732808598,307.6480486021388,315.7221908014895,2875516
2011-01-11,313.1444396972656,316.5530463725077,309.33105577821755,310.82232119863596,2192548
2011-01-12,320.0895080566406,321.21861955219515,308.90501609459494,314.1457442699747,2933516
2011-01-13,314.316162109375,323.519390136329,312.6331572880997,318.40647989788647,2129098
2011-01-14,315.1043701171875,321.00553587694066,310.90753365730325,312.35617585406527,3220780
2011-01-17,314.2948303222656,317.9377732812699,311.269676480671,311.269676480671,2076858
2011-01-18,318.0229187011719,320.3876336783202,314.1882373310079,315.2747251847682,2953880
2011-01-19,319.9189453125,326.28878255455373,317.63945060310067,317.8524884640015,4056480
2011-01-20,323.9454650878906,325.8415078304904,319.5568890132302,320.15340560829736,4019932
2011-01-21,328.16363525390625,330.4644293133376,320.600788677125,320.600788677125,4604140
2011-01-24,337.2816162109375,339.49721572533355,328.5470617066801,328.5470617066801,4429296
2011-01-25,328.63226318359375,340.30675064241643,326.58710452078776,337.04726033204196,3060040
2011-01-27,312.5479431152344,331.4444231829572,309.1180376300403,331.4444231829572,7676224
2011-01-28,297.35833740234375,313.18703916257675,288.4533419960866,313.1657405718222,10172806
2011-01-31,303.941162109375,305.83720462412384,288.453317151979,289.3054687536096,4297722
2011-02-01,300.72430419921875,305.9224343290504,297.0387640129623,305.0702827013929,3566886
2011-02-02,298.4873962402344,306.73197856672834,295.05749125421215,305.4537511677931,3056802
2011-02-03,300.660400390625,303.3233741558449,295.73920406801614,295.73920406801614,2994606
2011-02-04,285.2577819824219,299.95739882841673,281.6361372522492,297.827019575374,5693360
2011-02-07,285.1300048828125,290.498550959931,282.6161466053116,289.30554361008353,3711164
2011-02-08,267.44781494140625,289.092462814694,265.93525088240636,289.092462814694,6482610
2011-02-09,279.1649169921875,284.0647895282029,263.69836801440835,268.21476186275345,12804616
2011-02-10,278.05706787109375,282.0195937750898,273.71111534062754,279.07966023449995,3721688
2011-02-11,283.4256286621094,285.2577494093986,271.13332617232305,276.3314561573043,4956350
2011-02-14,289.7742004394531,293.8219213672521,283.383062132402,283.383062132402,4315510
2011-02-15,284.6399230957031,289.64631357169696,278.9518217656446,288.92197953575186,3997940
2011-02-16,279.4205017089844,284.61863161932007,275.4793005974893,284.61863161932007,3476762
2011-02-17,285.2790222167969,286.96202668354437,276.3314311843478,281.21000387697,4597826
2011-02-18,276.77886962890625,288.79421414172464,275.3089287090883,285.08734894018613,2956902
2011-02-21,277.37542724609375,278.6749536165547,270.55821244434645,276.94935132098453,2145022
2011-02-22,272.5820617675781,274.81896028149725,268.8751961719616,274.7763630929998,2440704
2011-02-23,272.9442138671875,276.43804148324745,269.91908534917997,273.1146546311355,2637332
2011-02-24,262.4627380371094,272.68855899959414,258.22327789529106,270.2386227273322,6912314
2011-02-25,253.60032653808594,267.1495320535571,250.19172006850306,266.87257237566206,5959942
2011-02-28,262.356201171875,273.75373000881797,249.25436895744517,252.87601363460465,11510142
2011-03-01,283.04217529296875,285.8542914401541,264.0818004141685,265.87132414317637,12328552
2011-03-03,286.2590637207031,288.41076767517916,278.4192832924203,279.9318474343612,7782578
2011-03-04,288.0911560058594,294.84444687969227,286.408151433099,291.2441012506334,6034444
2011-03-07,281.95574951171875,285.4708759695528,276.1611272077156,285.4708759695528,2602778
2011-03-08,283.2125549316406,285.4707511951991,281.3804344161347,284.5546779346462,1915264
2011-03-09,285.08734130859375,287.0686044166431,282.91436487220926,283.4895568684269,3122696
2011-03-10,285.40692138671875,287.17514671308567,282.16875506044653,283.29786655881696,2917362
2011-03-11,279.6335754394531,283.6812960185868,277.58841655848573,283.1274026141424,2156372
2011-03-14,281.8278503417969,284.40560379681204,278.12098558557165,279.1861751129005,2198460
2011-03-15,274.5633239746094,279.9318699829984,270.64342044191426,275.3302554035779,3620494
2011-03-16,281.2100524902344,282.31783926446894,275.71366378931947,276.94929411917025,2225270
2011-03-17,279.59100341796875,283.2339470659084,277.84407667060935,277.84407667060935,2150908
2011-03-18,268.8964538574219,282.466985047333,266.1269608805754,280.3579044253826,3856988
2011-03-21,273.1572265625,274.77633565347134,267.4478255766776,272.43291839671565,2360246
2011-03-22,278.6961669921875,279.91049861079773,272.68850868740907,274.3928118667054,1720280
2011-03-23,275.2876281738281,279.2927520300496,273.09335289549296,279.2927520300496,3843974
2011-03-24,283.553466796875,284.81039570505953,276.31017763752584,276.9492913868802,2991290
2011-03-25,286.9407653808594,291.67019656744407,282.46696928332096,291.67019656744407,3181136
2011-03-28,288.8581237792969,291.6276167666236,285.5134127989312,289.26290103241195,2828276
2011-03-29,292.4371337890625,293.9923209616085,287.2816266787892,289.4546029966983,1930810
2011-03-30,302.4925231933594,303.36597339316006,293.65145023281434,293.65145023281434,4072464
2011-03-31,298.4021911621094,305.3259232609467,291.8832362947865,302.0877574200399,6478300
2011-04-01,302.96124267578125,305.07032343697676,297.03880367610935,298.4661474407853,2832206
2011-04-04,317.0003356933594,318.70463857343117,302.53505979763014,303.79198837280273,4891860
2011-04-05,312.5053405761719,319.0882177270437,309.7997432976679,319.0882177270437,2042660
2011-04-06,309.6080322265625,315.72221037889085,306.19942536687137,311.07797313031904,1845794
2011-04-07,312.4413757324219,314.82741579129674,307.2006486473259,309.97014131890376,1816444
2011-04-08,310.7370910644531,313.8048421768754,307.2006669511571,312.3135768033261,1901040
2011-04-11,302.51385498046875,309.01151172476756,301.5125871303111,309.01151172476756,2295382
2011-04-13,310.60931396484375,312.1857999089967,299.51004258327094,301.6617205584491,2394120
2011-04-15,308.670654296875,313.1231521241963,306.00768023814294,308.1806566678259,2141846
2011-04-18,307.6907043457031,315.04051320885435,306.45507390269836,308.90501019041545,2596894
2011-04-19,309.3310852050781,313.46402639309946,304.26077189107144,304.26077189107144,3549108
2011-04-20,325.2023620605469,328.0783737787371,312.31356880495366,313.12312324638935,6623506
2011-04-21,325.7989501953125,330.123605014885,321.0907906545229,325.2024335278359,4247300
2011-04-25,327.1623229980469,331.8917804204415,323.8176380598029,326.6723513859249,2350256
2011-04-26,322.39031982421875,327.2262705822737,318.72605171172984,325.94804296281166,2453096
2011-04-27,328.2488098144531,330.2087481106752,322.96545944244104,323.7536892776252,2958010
2011-04-28,328.1849670410156,330.0597114321987,324.07332414030276,326.8428175330539,2282926
2011-04-29,322.28369140625,328.5043866394661,317.10686090327187,326.4166051677929,2145334
2011-05-02,315.99920654296875,326.28892408434587,314.1883839398567,324.66984084033226,2499470
2011-05-03,301.70428466796875,315.0191543487258,298.50871594458704,313.69832967863664,5306574
2011-05-04,299.93609619140625,303.74948020403826,291.5636954376346,302.51384985169744,3456298
2011-05-05,295.0575256347656,304.34597394821174,291.86195676507504,300.8095496002087,2150516
2011-05-06,304.3885803222656,307.2006703700128,294.92969178936346,294.92969178936346,3179698
2011-05-09,302.620361328125,308.4789040500704,300.17042528076604,306.7746007127772,2187694
2011-05-10,298.0826416015625,305.34725534010147,296.2079235445242,302.53513924613657,2241276
2011-05-11,297.4435119628906,300.1917061330059,294.97227747096196,297.0174361537442,2494810
2011-05-12,293.6727294921875,300.53253910420034,291.8619074387355,296.12266521156374,2286104
2011-05-13,294.3544006347656,297.84822673840165,287.94196625260827,292.71401951570147,3846000
2011-05-16,286.5998840332031,293.56621263916315,285.0020998570103,293.56621263916315,2942882
2011-05-17,285.683837890625,291.32934251709895,283.3617194657847,286.10991371149095,2858850
2011-05-18,285.6412048339844,287.9419983743162,279.4631062074028,287.9419983743162,2545688
2011-05-19,288.0911560058594,290.903245819523,286.3229310739208,288.8367886388644,1707394
2011-05-20,294.3544006347656,295.56873203960885,286.961997298144,290.5836409166061,1690740
2011-05-23,292.650146484375,293.9070752682508,289.3693836999701,289.9445756152612,1464506
2011-05-24,292.77801513671875,293.99232084230374,287.3881455190346,290.6689345904247,1631474
2011-05-25,290.2641906738281,294.84450634317665,289.0498848288486,294.84450634317665,1153150
2011-05-26,291.7980651855469,298.6792012660306,281.80660629005035,290.81809583187277,6743098
2011-05-27,300.3408203125,301.6190476209562,290.2641179619298,290.2641179619298,3584940
2011-05-30,282.5095520019531,303.55770677615993,280.890469174461,301.2355884813711,9630202
2011-05-31,286.365478515625,289.7314870765476,276.50184128689244,284.19250276479005,12347424
2011-06-01,287.9633483886719,291.20154040220166,286.36556397576084,286.74904263710175,3062502
2011-06-02,281.84912109375,285.3216490121115,279.93178013392856,285.04468936011904,3282586
2011-06-03,285.0660095214844,286.94075344854355,282.4882561259803,282.4882561259803,2481004
2011-06-06,280.1874694824219,283.34044118506966,278.33404993104773,282.4882894822574,2586026
2011-06-07,283.0208740234375,284.0647650226126,278.69619388639995,279.07967254098844,2609038
2011-06-08,283.04217529296875,284.1712866711395,277.7801490715439,279.4631538405585,2801962
2011-06-09,283.53216552734375,285.1938456566013,281.2952674257393,281.2952674257393,2413294
2011-06-10,282.1473388671875,284.72509169790084,280.27259535088825,283.4681631589455,1625844
2011-06-13,282.9996032714844,285.6838761008405,280.3366290348994,282.65874777032303,2516510
2011-06-14,286.17388916015625,287.9847117384651,283.3830712055694,283.3830712055694,2332576
2011-06-15,283.2765197753906,289.66765755483635,282.5308870344553,284.70388948283056,1769380
2011-06-16,279.9743957519531,283.63866320880146,277.2049030719923,277.2049030719923,2926134
2011-06-17,274.4354553222656,281.21007200461975,273.4767846222499,278.3553584967848,3508586
2011-06-20,269.8125305175781,275.6710734226183,262.7609804402691,275.6710734226183,4543106
2011-06-21,270.3238220214844,273.7537273340427,269.27993101185217,272.0920211549869,1609290
2011-06-22,276.3953857421875,277.18361559584383,270.23858502878306,272.34766550919824,2835006
2011-06-23,278.41925048828125,279.5057386309239,273.79631222616024,274.712385643732,2707678
2011-06-24,287.0898742675781,288.1337651984381,279.5270286745692,279.9318058933439,2583302
2011-06-27,295.3983459472656,298.93476987427374,283.7664818474329,285.21514996481113,7790954
2011-06-28,295.80316162109375,298.63657645226,292.7567088629408,295.05752887664016,2618356
2011-06-29,294.6101379394531,300.29823986934906,293.5662469545316,296.5487777653904,2267666
2011-06-30,299.0625915527344,300.38341602948884,294.5035756402446,295.3131039949776,3799826
2011-07-01,294.75927734375,303.2807946188258,293.28931041267805,303.2807946188258,2148088
2011-07-04,299.61651611328125,301.2143004078213,297.63525318581,299.10521993790763,3128130
2011-07-05,305.58160400390625,307.9676183552829,299.27568664189135,300.74562751597546,3936710
2011-07-06,304.7293701171875,306.77452843899437,302.08769536562085,305.70933910413675,2583022
2011-07-07,309.39501953125,310.1832495295969,304.303407418207,305.49641471527605,2820428
2011-07-08,305.7519226074219,314.63561686637064,302.98243046059525,308.6492582731957,3106930
2011-07-11,309.6506042480469,313.0805094207778,303.49380340690635,305.49636497536926,2753104
2011-07-12,299.680419921875,308.81975153296577,298.295673496122,305.1981070348425,2397508
2011-07-13,306.05029296875,308.22329551443147,300.1917497419148,300.1917497419148,2142282
2011-07-14,309.7091979980469,313.02172218671484,304.40484612740573,307.8256223950664,2148456
2011-07-15,312.2639465332031,313.4114026724968,306.2018303251133,308.79988012858036,2097732
2011-07-18,306.0502624511719,311.80926757983036,305.05434864269745,310.79170864201006,1580096
2011-07-19,310.1855163574219,310.4669823522465,304.1883613702276,307.4142788157009,1537806
2011-07-20,305.5523376464844,311.67938963890373,304.83786333280574,310.7267660302425,1072138
2011-07-21,304.2532958984375,307.6740456486613,301.85007866413594,303.97182992886343,1179430
2011-07-22,313.6495666503906,314.36404095131763,305.48737037349116,306.95960923594,1437780
2011-07-25,324.0201416015625,326.0552861234045,312.1990189840301,312.1990189840301,4088972
2011-07-26,310.79168701171875,326.2500875971067,308.92975672916,323.7602900348394,4101922
2011-07-27,311.0299072265625,311.98253092735456,306.8513923087173,310.90001000116666,2394090
2011-07-28,310.07720947265625,314.55886089399945,303.97180347855226,307.00286134799654,3075146
2011-07-29,312.09075927734375,313.69289541196434,306.7431168802964,309.60096133652553,1922582
2011-08-01,316.50738525390625,318.52085775682093,313.7144767589201,313.7144767589201,3287918
2011-08-02,313.2382507324219,318.1528849298349,311.83097359595104,314.60221117668505,2828730
2011-08-03,306.95965576171875,311.7660382803808,303.7337379965429,309.7308935780814,3104520
2011-08-04,294.2075500488281,307.3060535871065,292.9734603045101,305.79052425209903,5177722
2011-08-05,282.9059753417969,289.6825661222781,276.3675602803348,285.78549124170934,6048310
2011-08-08,289.3577880859375,294.4023452061774,273.92103206698835,277.51502199577476,5129658
2011-08-09,300.1180114746094,303.1057790106334,275.4798575808381,275.4798575808381,9495834
2011-08-10,316.2692565917969,317.6115716811257,304.902789302595,307.4358771555546,7799668
2011-08-11,315.4898376464844,320.1663484418891,309.3194693550952,311.33296852693496,3592542
2011-08-12,320.404541015625,321.6819209623664,316.09610255126864,317.69823876775456,5078270
2011-08-16,316.9620666503906,322.8509687926223,315.4898279004684,321.7684480731879,3883590
2011-08-17,311.3979187011719,316.09604802150704,309.0596633908913,314.6887710953839,3229408
2011-08-18,310.5534973144531,318.17443133262503,305.35739873059293,311.7226247815665,3242690
2011-08-19,311.1164855957031,315.03520570263765,304.68632245655374,304.68632245655374,3147054
2011-08-22,309.081298828125,313.2814843462949,302.5212393738945,311.3329471250671,8068954
2011-08-23,307.11114501953125,311.2680142396325,299.8799009296595,309.60094281137094,6500122
2011-08-24,302.0016174316406,308.51838648498153,300.7675280284646,304.0584066748739,6351584
2011-08-25,301.9800720214844,306.31015606865947,298.7974443895693,305.14102809017504,6294038
2011-08-26,304.9894104003906,311.67939446659494,301.0057548585723,301.02739998959123,4514026
2011-08-29,317.5249938964844,321.2921715439997,306.3533845921561,306.3533845921561,4836220
2011-08-30,319.6251525878906,322.41803555112216,317.87144747123034,320.4262075352348,2773386
2011-09-02,331.2946472167969,333.37310824657175,320.77255057566344,323.8902156915959,6187726
2011-09-05,333.00506591796875,335.451573664289,326.92130389286126,330.2554734699654,3614312
2011-09-06,345.237548828125,346.40667664755694,329.670893510529,329.95235950679796,9012384
2011-09-07,340.0847473144531,351.0182074656624,337.5949494582371,346.6448075479403,4960100
2011-09-08,342.40130615234375,345.08596284263524,338.136185056936,343.3322845496051,3830148
2011-09-09,342.70452880859375,347.2294722089583,341.2106444323746,342.89938788875054,3642282
2011-09-12,339.2186584472656,341.6434939673053,335.04011845019323,337.50827065053096,4443066
2011-09-13,338.5259094238281,344.414838609348,331.4678788822962,340.23629762477367,2869218
2011-09-14,343.5704345703125,348.31188065341917,339.19703496391134,340.084723105487,5912254
2011-09-15,348.7449035644531,351.16973952978833,343.39723507689104,346.40664811816356,4934022
2011-09-16,344.91278076171875,353.07500365805697,343.37560647246215,350.9532522647296,5968350
2011-09-19,346.3633728027344,347.8572303942136,341.38377702118754,344.2416214199742,2746406
2011-09-20,352.6419982910156,354.8503302261164,345.2158947806849,347.5757954901436,4012450
2011-09-21,352.685302734375,353.7245333507575,348.61501365373147,353.7245333507575,3835756
2011-09-22,339.28363037109375,349.9789401054692,337.1402341128495,347.9005056603069,2594714
2011-09-23,335.819580078125,341.2105386715624,333.806107350562,336.6639515445936,3173724
2011-09-26,333.8927001953125,337.9413437865275,328.73991711839807,337.74648475957406,2782680
2011-09-27,345.45404052734375,347.07782176549756,337.1619468617438,337.7897877975117,2956338
2011-09-28,342.4879150390625,348.13866798364836,336.5773412611322,348.05206103920017,2325638
2011-09-29,352.4254455566406,356.7555283061817,337.72480933620307,340.88576445762254,7254578
2011-09-30,348.4634704589844,355.06684781157776,347.38094958151004,351.1697726526702,2838314
2011-10-03,350.909912109375,354.3523067082813,344.7395442701415,346.4066155359171,3996994
2011-10-04,336.36090087890625,352.0358093613065,335.06187575211175,348.2469860748226,4014422
2011-10-05,339.5867919921875,344.1983414029748,336.2959391666249,337.14028428998915,3639250
2011-10-07,344.8044738769531,348.4850441053632,342.5095353732193,345.1941918843932,2772016
2011-10-10,349.37274169921875,351.1697367435661,342.94257891603496,342.94257891603496,2818386
2011-10-11,345.8653869628906,352.90177198717475,343.8302426239671,352.90177198717475,2135540
2011-10-12,349.71917724609375,351.23470635320837,339.13211862636143,346.01693499858675,4914106
2011-10-13,345.9303283691406,352.901751164206,343.5054661235361,352.901751164206,3727320
2011-10-14,348.8531494140625,350.32536178504404,343.63537822694946,343.63537822694946,1481590
2011-10-17,351.927490234375,354.82865108403377,349.9573077864186,351.38622986797327,1791178
2011-10-18,349.6542053222656,350.58518374693745,345.0859730028723,347.31594991022865,1492326
2011-10-19,350.9316101074219,353.984313580998,349.8057725800784,350.9532552384084,1428572
2011-10-20,347.0994873046875,352.9018098416756,340.5610717061078,349.00473464096996,2275984
2011-10-21,347.2942810058594,350.9532062082735,344.24157795876306,348.0087552297177,1188030
2011-10-24,350.6717529296875,352.90175619369126,349.8706981650338,352.20895350148953,1664082
2011-10-25,369.72412109375,371.75926536037844,350.3037096880956,352.68525530402206,5349704
2011-10-28,376.9337158203125,379.878166901687,371.7592614776423,375.95944716942716,3443196
2011-10-31,374.7037658691406,378.88230702669944,368.5550684295218,378.88230702669944,1811934
2011-11-01,361.15057373046875,373.6861695234018,360.1763050382003,372.0407432399833,4103788
2011-11-02,363.96514892578125,368.0137926955508,359.26701908540645,360.046428798864,2495188
2011-11-03,363.5970764160156,366.17348109824246,358.1195108251147,363.16406811408604,2305300
2011-11-04,362.1465148925781,367.92719209368676,359.95982805948245,367.5374740158658,1904518
2011-11-08,361.8434143066406,366.5415440217832,359.4835136695434,363.7269899330158,1590322
2011-11-09,352.0357971191406,363.72702285372463,350.73677203752015,362.96925822277933,1893452
2011-11-11,364.3332214355469,366.9529165606962,348.91810894560035,352.03577422447853,6495974
2011-11-14,342.5312194824219,368.36017583157803,338.6991064976301,366.3250314820429,9510898
2011-11-15,328.7615661621094,344.17665174520545,325.8604051394043,342.4229733392076,4986120
2011-11-16,335.68963623046875,338.0495364113523,326.9861812253934,330.49353737878783,4285388
2011-11-17,328.4151306152344,337.1835481614433,326.7480329035334,334.67210545864504,2966038
2011-11-18,319.5384826660156,328.1336869139538,312.87014422453785,326.05525234411965,5070078
2011-11-21,311.4195556640625,322.3313694447101,308.3018908083449,316.52904800688225,4154262
2011-11-22,307.2842712402344,316.5289854841864,304.40475621803427,313.974226603044,4577000
2011-11-23,301.8284606933594,306.1368989989639,294.96528901713845,306.1368989989639,4107174
2011-11-24,308.8431701660156,311.50618178415436,297.2601981338517,301.41706724493093,7212078
2011-11-25,305.8121032714844,313.90936353942726,301.67687940856786,306.5698677751659,3705350
2011-11-28,309.016357421875,313.2165164294556,304.1883047185524,310.0772065231076,3189574
2011-11-29,314.1908264160156,315.96617638522855,306.613180816124,311.72270013503527,4674526
2011-11-30,314.0176086425781,316.9620596486506,304.66461397603695,312.1123616469694,4627892
2011-12-01,316.05279541015625,326.92129408575295,314.1042578957379,324.5397482347971,5409808
2011-12-02,324.69122314453125,325.66549169939026,312.30719786314677,317.67651069252696,3532738
2011-12-05,324.2798767089844,327.7872328295943,321.46532319063255,323.4571504936684,1883908
2011-12-07,328.112060546875,330.36370913825465,324.9727501688284,325.62226266083803,3888496
2011-12-08,316.05279541015625,328.9564385532251,312.91348497025996,328.1337121423114,3485446
2011-12-09,304.5130920410156,311.7010193691055,301.89339706817907,309.687546597846,4894924
2011-12-12,295.8096618652344,308.21533510931357,294.8786833507107,306.41836633233044,4268204
2011-12-13,303.538818359375,305.7038598597985,292.32389281568953,294.0126357575116,4201860
2011-12-14,292.7352294921875,305.0543198003901,290.85165412878587,302.34801816979757,4515986
2011-12-15,287.88555908203125,292.06409976882196,285.35247108621746,288.0587729743644,5525220
2011-12-16,285.80712890625,298.12622057600066,280.58938407153,287.3010128571916,4902920
2011-12-19,282.4513244628906,287.6907410405928,278.3161002543864,285.00608414601396,3498620
2011-12-20,281.3904724121094,285.0927150362218,273.7478907088958,284.05348439985113,5168588
2011-12-21,298.9272766113281,301.80679244792583,284.3782079486016,286.97625781185485,5175216
2011-12-22,299.9665222167969,301.3737992968468,291.1114965350441,291.1114965350441,2821650
2011-12-23,301.568603515625,306.24508736891727,299.64171150129476,305.703827051899,2892840
2011-12-26,303.88525390625,305.7038942569813,300.1397475463181,300.31293502860115,1813534
2011-12-27,304.6429443359375,308.08536515645966,300.0530675277251,303.5387786010938,2188960
2011-12-28,297.64996337890625,306.5699252075186,295.8962583417239,305.184293141173,2258932
2011-12-29,297.1736145019531,301.7635187021172,293.2981846247747,296.5241020005958,3281970
2011-12-30,295.2250061035156,300.7242159135252,292.4320977326126,297.34675700326517,2626542
2012-01-02,291.8476257324219,299.641775974534,290.02898539018264,297.8231356322948,3061024
2012-01-03,287.6907043457031,294.44562276710457,283.85856530980664,293.79611036394186,6255640
2012-01-04,276.71392822265625,289.0546638536545,275.43654854703556,288.8165145921351,7171646
2012-01-05,281.5203857421875,282.1915433904018,271.97253060317973,277.12534047411305,8515844
2012-01-06,283.8802490234375,285.3524879088755,276.5191074537093,279.7233796496716,4451408
2012-01-09,282.77606201171875,283.98847995303504,276.8871597660516,283.1224633622764,2521148
2012-01-10,298.4293518066406,300.76758097437676,284.33493569184265,285.30920445224893,4719090
2012-01-11,294.5971984863281,299.85826011985085,289.72585491037387,299.4252518019883,4350152
2012-01-12,297.043701171875,298.3210809743222,290.98158482142856,293.5796346859056,3569874
2012-01-13,299.79327392578125,302.54289237788737,295.3116487717771,298.7757150330296,2929640
2012-01-16,297.8230895996094,299.1654311244016,295.2250399204699,297.34679106325837,2980790
2012-01-17,305.5306701660156,307.00290907439523,298.7757507212027,300.7242882259062,4886072
2012-01-18,296.1993103027344,307.28433818988884,291.4145740677539,306.56986395240676,5468830
2012-01-19,291.3929443359375,301.6768915867616,290.2887784431739,300.0747555714136,6062714
2012-01-20,284.4864807128906,293.96937397481304,279.7450340819294,293.49304894134235,9640546
2012-01-23,286.4566955566406,288.6866993400434,283.2740944567695,283.85864521266916,4112980
2012-01-24,296.8055419921875,298.45096823242386,284.486450676391,287.9505170468798,5084102
2012-01-25,297.2602233886719,299.8149831487925,295.03021988134293,299.8149831487925,2870504
2012-01-27,303.1490783691406,305.2275392020454,287.95049870807026,300.48609337366327,5635446
2012-01-30,287.9938659667969,302.9976170615981,286.00203796953986,301.3738356196817,4371634
2012-01-31,291.7609558105469,294.03424914054915,287.56077046746407,291.7609558105469,4152954
2012-02-01,298.2994079589844,303.1057891874661,291.6310700253691,292.064078295637,12111934
2012-02-02,303.3656005859375,307.86889742068524,299.1221245851535,303.0625159227399,10285782
2012-02-03,307.78228759765625,310.7917005023379,301.6335645868904,304.40482821754586,8194784
2012-02-06,307.52252197265625,313.4763865241136,303.79863446868785,312.93512611034475,4730274
2012-02-07,298.62420654296875,312.19900717093367,296.7406044427431,312.19900717093367,8966772
2012-02-08,297.4551086425781,302.10994867618456,290.98162814730426,294.4456951490579,8695042
2012-02-09,303.99346923828125,306.1368655914638,295.31165818016734,298.34271625533034,5032290
2012-02-10,299.4469299316406,308.3019562935142,296.30761928118,303.53886427212564,4776944
2012-02-13,305.357421875,306.95955767886807,299.70666952250104,300.8541255228399,2724396
2012-02-14,310.5968322753906,311.7659599108017,304.83782746833947,305.27083574599334,4696856
2012-02-15,318.0662536621094,325.0593485464568,313.93102952446424,313.93102952446424,9761694
2012-02-16,313.6062927246094,318.99725188598075,308.5617349522306,317.7415171185593,4193388
2012-02-17,324.1500244140625,325.92537441963236,316.0960800687351,318.2178314516478,6917376
2012-02-21,330.2121276855469,333.113288657527,319.6683858749789,324.47476755978533,5670406
2012-02-22,321.6385803222656,331.85759270663004,318.6941289815518,330.6235031162428,4938240
2012-02-23,313.2815246582031,322.6994557726688,310.89997885914283,319.56014540118025,4393892
2012-02-24,316.07440185546875,320.1446638635039,311.80925440536686,316.09604698390007,2994266
2012-02-27,301.6552734375,317.39511617136765,299.2953726768096,317.39511617136765,2938314
2012-02-28,304.8810729980469,307.86884024703943,302.02322935627285,303.863514266329,4424346
2012-02-29,307.37091064453125,310.8566483695925,298.34269876430136,307.4358724566821,3214850
2012-03-01,295.203369140625,306.95955348867267,289.5742619916289,304.4914012222138,6435950
2012-03-02,294.4239807128906,298.36434542838686,291.9341831414426,296.11269712150573,6605184
2012-03-05,292.4105224609375,296.09109329737583,289.5310328990804,292.2806252465742,5459590
2012-03-06,294.9436340332031,299.5984735725313,290.54858891992643,292.28062223688573,4574076
2012-03-07,292.23736572265625,295.4199667385994,288.924841049953,294.4456978853024,4784326
2012-03-09,293.1249694824219,296.56739070045745,286.21848191742805,296.5240740138832,5623564
2012-03-12,287.430908203125,296.7405867810261,286.4349943851885,296.61068957498736,4873620
2012-03-13,284.52972412109375,289.3794220389454,282.5595417750461,288.6216575651788,5793622
2012-03-14,289.6609802246094,295.3550249405737,285.91544691864885,287.14953674042545,6638430
2012-03-15,284.7245788574219,290.0289300942157,283.94516926755676,290.0289300942157,3179316
2012-03-16,293.5579833984375,302.0665806688854,281.45539608120004,283.5338306434384,12535248
2012-03-19,299.2087097167969,302.1748057466955,295.8312505513252,296.17765187596103,7740356
2012-03-20,297.3468017578125,302.58619156102895,294.6188547823467,297.90970725612624,6035234
2012-03-21,302.9325866699219,303.9285268718744,296.09106102883175,296.5673860012283,3251422
2012-03-22,297.043701171875,305.530653491008,294.0126429966518,301.98000648587333,6251682
2012-03-23,297.8013916015625,300.9407010731893,292.2155752115924,297.0436272463422,2853048
2012-03-26,295.073486328125,297.9096851671541,291.8908597354548,296.1992972412775,4061450
2012-03-27,296.5673828125,300.0747393240167,293.3847560836448,300.0747393240167,3221298
2012-03-28,294.9869384765625,300.33458102827774,293.16829812057523,294.921976652561,2987300
2012-03-29,294.2075500488281,295.9612287078756,291.198136512138,292.28065746571474,4167620
2012-03-30,303.19244384765625,305.27087858632746,293.14664511055844,294.8786784642397,2895548
2012-04-02,307.7174072265625,309.1246844222692,302.2614859336595,306.41838212283324,2880294
2012-04-03,305.9636535644531,309.730831052269,304.4264793884347,309.25453249476334,1912026
2012-04-04,302.15313720703125,305.2491566189101,300.5077112209612,303.5387688269363,1830792
2012-04-09,296.0044860839844,301.6335944171049,294.921965250692,299.6417666553394,1092178
2012-04-10,300.63763427734375,301.2438564222011,295.31163788279827,297.693183349595,1845300
2012-04-11,300.7026062011719,303.5388051576266,297.3467920214691,298.775714063855,3426258
2012-04-12,301.0923156738281,303.84193428026816,298.77573180307877,299.9015428296854,1932496
2012-04-13,299.5768127441406,307.76068103141785,298.7974030093361,302.239824635849,2321388
2012-04-16,297.06536865234375,299.55516662646227,294.53228041538546,298.34274855089876,1683990
2012-04-17,296.3508605957031,299.64171276556846,293.8393915711608,295.7446384665943,2902502
2012-04-18,299.7283020019531,300.7242156449098,297.15189774848,297.4766539208827,2327608
2012-04-19,305.94195556640625,307.2193351137234,299.8581953012733,302.6294585080385,2832348
2012-04-20,314.558837890625,315.81454591604404,305.16255389674325,305.2708059555928,6215068
2012-04-23,309.427734375,317.74149939062664,306.59153516956286,313.9310314668441,3264910
2012-04-24,310.35870361328125,311.57112158545954,302.5212638389058,309.2112210298254,3191268
2012-04-25,304.5346984863281,309.9256565119601,303.19238347599946,307.6523631879115,1762188
2012-04-26,304.7729187011719,309.08135709946083,303.14913737734935,306.9163153343641,4072598
2012-04-27,308.5833435058594,312.63196011873185,305.4873239110323,305.4873239110323,2831972
2012-04-30,307.45758056640625,312.48049339693654,304.1017657782164,311.203113449879,2939768
2012-05-02,309.8174133300781,312.17731365796044,307.95548307799083,309.600909197772,3507106
2012-05-03,305.5523376464844,309.60095494738084,303.712052249944,308.2153230101219,1710010
2012-05-04,297.4983825683594,304.16672175196675,295.1817984596697,302.56458556590707,4106908
2012-05-07,298.7757263183594,302.6728010094684,289.7041971683097,294.4456433282382,4231810
2012-05-08,292.9950866699219,302.6728119305438,291.9125658833319,300.7242745146819,1865514
2012-05-09,283.75030517578125,291.24134272688076,280.5893501893319,289.3361222556706,3109084
2012-05-10,286.1102600097656,293.14664551889723,282.7760905135385,283.01423981425506,4236132
2012-05-11,283.6420593261719,286.65147206028433,277.9913067412425,283.1874059326676,3522152
2012-05-14,284.4431457519531,290.07225331375247,283.44720557880646,284.05342773387594,2372118
2012-05-15,283.5771484375,285.698873266693,280.784239595126,281.56364925541584,2234486
2012-05-16,284.24835205078125,285.35251811738556,277.0603971939225,277.1253590214366,2914242
2012-05-17,275.67474365234375,287.73401418711416,274.1592146084688,286.5648864960934,2643030
2012-05-18,277.753173828125,281.21724015962246,268.94143924014116,271.9292070225492,2309952
2012-05-21,280.2862548828125,283.14412539339787,275.50151866560344,275.50151866560344,858272
2012-05-22,276.4541931152344,284.05348455813925,275.1335229011299,281.95340458068887,1468180
2012-05-23,279.1387634277344,280.6759373440986,274.5055701243646,276.45410714112273,3469116
2012-05-24,282.62457275390625,284.39989652685796,274.5706010901579,280.80593228604477,2953242
2012-05-25,276.38916015625,282.0615840775467,275.39324646891583,281.4553619572253,2175892
2012-05-28,283.14410400390625,284.0534107534253,277.276821099174,277.276821099174,1574674
2012-05-29,283.77203369140625,286.0886444014835,282.45136340684434,284.29164903760244,1766542
2012-05-30,284.7029724121094,286.9979112385825,280.37288918150693,283.62045160445876,5021358
2012-05-31,282.58123779296875,284.70298927311296,280.6110550921104,283.4472544903775,4402734
2012-06-01,279.35528564453125,283.5337994384693,276.6922743108936,281.45536510497783,4479520
2012-06-04,281.3904724121094,281.6719384178402,275.50156928263,277.08206036945774,1616758
2012-06-05,283.51220703125,284.8761938565011,281.455417442249,282.32143411130204,1559474
2012-06-06,292.08575439453125,292.7136217387406,284.31324983332604,285.8071338098985,3074456
2012-06-07,298.1478576660156,299.576779760621,288.38352585269496,292.5620664909711,2676424
2012-06-08,298.21282958984375,300.50776835638715,293.06002010849437,300.50776835638715,2526222
2012-06-11,294.2291259765625,301.4820146595756,292.67030674155535,300.07473775093126,1463296
2012-06-12,301.1789245605469,302.91095779954503,291.9774979783691,292.28060908093977,1418462
2012-06-13,295.9178771972656,299.316981716515,292.4754559915975,298.81901160943727,2947442
2012-06-14,294.6188049316406,300.5077061815765,293.4063607666028,296.524025251926,1816126
2012-06-15,302.4347229003906,303.4955987683639,295.78802808920165,297.0437630233309,3654156
2012-06-18,300.1396789550781,307.3925671400671,296.2858949599219,304.404799644611,2109428
2012-06-19,301.2005920410156,303.10583931678525,298.79740102932175,299.20876423985516,1827626
2012-06-20,300.57269287109375,304.1233394438176,299.85821867388194,302.6727723509653,1814974
2012-06-21,300.8974914550781,301.80679835351765,295.6580749377573,298.4076936207414,1907932
2012-06-22,302.15313720703125,304.75118658358133,297.90966184441106,297.90966184441106,1818590
2012-06-25,298.3643798828125,306.3533887334087,297.13031673290516,303.7120485327825,1954370
2012-06-26,300.0315246582031,301.80684848958913,297.13036315311575,297.9097729710722,1082318
2012-06-27,299.901611328125,303.49560223976334,296.7623003856297,301.80685888540955,1390402
2012-06-28,299.46856689453125,303.77700530027045,296.6107223311547,301.80682257637204,3097968
2012-06-29,306.2451477050781,308.64833870036847,302.759435862474,303.10583724786807,2685552
2012-07-02,309.5577087402344,310.9000241784245,303.58217181220164,307.00294866643867,2416424
2012-07-03,310.8567199707031,312.52379162679983,308.7349683822768,311.3330186070926,1505186
2012-07-04,311.1380920410156,315.10012834563577,310.1854685462117,311.765959328186,2751392
2012-07-05,312.65362548828125,314.3640134920622,310.2071445463031,310.46693894463994,1825486
2012-07-06,316.7672424316406,317.6116139712983,312.65366324591827,312.65366324591827,3759414
2012-07-09,316.07440185546875,319.1054598402459,314.5805179915115,315.403244301728,3393804
2012-07-10,317.6116027832031,319.12713190350473,316.0960736629016,316.0960736629016,2954326
2012-07-11,316.3342590332031,319.9715399082749,315.2300929767921,315.61981108081176,3768838
2012-07-12,316.5544738769531,318.845319547143,315.4310864190043,317.193271259334,3151010
2012-07-13,317.127197265625,319.3960211368098,315.69542199846,316.5544925365206,1269456
2012-07-16,316.1800537109375,320.7176747757445,315.4972123910313,317.1933047232638,1963240
2012-07-17,311.9508056640625,319.46214114199984,309.79214505613163,317.6558852864704,1562276
2012-07-18,312.21514892578125,314.06544864939025,305.73911333755507,313.2063780396278,1580934
2012-07-19,312.8538818359375,316.29013667704186,311.2678994477935,314.9905200626587,1723084
2012-07-20,309.77008056640625,313.801062283893,308.38234923930656,311.46617273169966,834062
2012-07-23,304.8799743652344,311.0255988708253,304.4174062602554,307.5012294785214,900332
2012-07-24,302.2146911621094,308.1840867540954,300.8930525710214,305.5187876398292,1064264
2012-07-25,300.27630615234375,302.7433812273602,297.41275559497706,302.2147203620846,942334
2012-07-26,300.4525146484375,302.61120182885367,298.80046636408025,302.61120182885367,2302232
2012-07-27,302.8535461425781,306.576167593455,300.3864708365764,306.53209683208416,1823968
2012-07-30,311.2679138183594,312.3472573916206,303.24996755974126,304.1971526500903,1779854
2012-07-31,308.75677490234375,313.66887549176045,304.0429523575421,310.6951888210169,3136338
2012-08-01,307.9197692871094,312.721706693581,305.73906023762447,310.36479529885656,1908952
2012-08-02,306.4439697265625,307.6114280788052,304.02096528054255,306.1796527243389,983320
2012-08-03,301.68603515625,304.4835196852566,299.9018284076054,304.41742699912646,1255444
2012-08-06,306.2236328125,306.9725666812199,302.74333419367883,304.5495627398818,1329338
2012-08-07,307.082763671875,308.64669750955846,304.4174641895117,306.7303320433394,2100568
2012-08-08,318.3827819824219,320.8939009988257,308.3383328056158,308.60264980152806,5686870
2012-08-09,327.3479309082031,331.46705504805004,320.93798746292447,321.11421674279444,4783322
2012-08-10,325.80596923828125,327.98667852294506,323.1847137097988,326.8853129133986,1679326
2012-08-13,325.9161071777344,326.6650411731555,321.5987593478132,325.1231293132687,1361920
2012-08-14,329.7488708496094,331.07050961052965,323.9116329888782,323.9116329888782,1339482
2012-08-16,337.1499938964844,338.78002017757063,329.5285501857254,329.5285501857254,2828960
2012-08-17,338.9342346191406,342.9652434186987,334.85918195167375,337.45841548968946,1961664
2012-08-21,346.0710754394531,347.10637518284557,337.41435840736506,339.2205871418181,1506570
2012-08-22,346.26934814453125,348.6923524890541,343.64809261224025,344.4631192977742,1044364
2012-08-23,339.6831359863281,347.96539901871535,338.78002167042945,346.7098531269545,1259146
2012-08-24,335.6742248535156,337.01788555541907,332.2820133074181,337.01788555541907,2275312
2012-08-27,340.76251220703125,342.7669921951933,337.0178692157452,337.0178692157452,1508728
2012-08-28,339.6831359863281,342.74493739869195,337.0178369023128,340.5862503022268,1048902
2012-08-29,340.01361083984375,342.2163422224403,335.36585300032715,340.1017254729098,1309932
2012-08-30,340.1016845703125,344.7053979840323,336.62135864884976,338.7800458997025,3828734
2012-08-31,336.202880859375,341.2691627255799,334.24244467251646,338.44965597495093,1468502
2012-09-03,333.6036071777344,341.26912174955595,332.0176516264362,338.7580030526623,1345712
2012-09-04,335.54205322265625,337.59057709786873,330.85022502831583,333.40538783319624,1245912
2012-09-05,332.67852783203125,335.87248830187787,329.1761795942304,334.0662324546093,968164
2012-09-06,334.41864013671875,335.82839348293675,327.0394906143303,330.6299532270159,1654206
2012-09-07,336.4892272949219,341.0929410798972,335.25570314730606,339.17657560849494,1811974
2012-09-10,337.6567077636719,341.2471438770353,334.59490568477827,336.5773639804748,1164884
2012-09-11,335.8724365234375,337.45839210155145,333.5375201323164,334.85915874368015,1447586
2012-09-12,336.11468505859375,338.2953938434191,333.7577470611107,337.4583454164994,1347052
2012-09-13,332.9428405761719,335.91652787208875,331.2907920784403,334.9032768379087,1089010
2012-09-14,342.392578125,346.97424335631854,334.8151766442366,334.8151766442366,3792260
2012-09-17,348.91265869140625,350.43254875665,342.43662290611405,347.9434514839456,3300546
2012-09-18,351.6660461425781,355.52082585287883,347.9654468651657,348.0095176237119,3457900
2012-09-20,345.6525573730469,353.5603674894113,344.0445797851114,346.37946939980645,2666092
2012-09-21,356.35784912109375,362.9219716843688,348.2517878946516,349.7276069803014,6069858
2012-09-24,369.6623229980469,371.9531687232265,357.72353117375604,357.72353117375604,4341418
2012-09-25,372.7241516113281,375.5436583833168,366.0939358878716,371.07210316418065,3054860
2012-09-26,374.376220703125,378.7376395996246,369.11168731681187,371.4906479674136,4493424
2012-09-27,375.4335021972656,383.2531977717155,372.2615639667694,375.30134370616327,5886478
2012-09-28,380.9403381347656,384.37659342024506,376.11635144129997,376.11635144129997,3832424
2012-10-01,380.4777526855469,384.15630285761694,378.2529727691903,380.6319331066296,2716792
2012-10-03,383.2312316894531,386.2930069199725,380.5879539269476,381.38093187793686,2673908
2012-10-04,378.1869201660156,386.11675238243896,376.2485059798111,384.1563162622837,1898630
2012-10-05,382.83465576171875,387.6806640625,379.3102860884233,379.3102860884233,4792872
2012-10-08,381.3808898925781,383.8038942414652,378.9358636091903,382.83468712414856,1666914
2012-10-09,382.9227600097656,385.7202176066515,380.1252755240738,383.27519158978816,1765936
2012-10-10,375.2352294921875,381.2046251823677,374.02372743042815,379.3102818817416,1328716
2012-10-11,374.61846923828125,377.9005439709599,371.3143725722572,375.78592748246604,2012474
2012-10-12,376.3146057128906,379.7508610265524,374.46430611667,374.46430611667,973046
2012-10-15,377.9886474609375,380.1913785067472,375.1471190340817,377.1075550426136,1343426
2012-10-16,363.6488952636719,381.38088123242574,362.5695516095513,378.8697623137474,2984004
2012-10-17,364.1775207519531,367.45956837472994,360.8073316241177,367.3274098947533,3836722
2012-10-18,368.78125,370.3011399191625,362.7898318386974,365.7635189849163,2435976
2012-10-19,362.89996337890625,369.2217911356588,361.68846122498576,369.1777472674033,1913796
2012-10-22,367.6799011230469,369.8606105072778,360.8514340320837,362.01889238703046,2247784
2012-10-23,365.0366516113281,369.6403658012238,363.18637867156826,369.6183438640956,1399528
2012-10-25,377.94464111328125,380.34559668050605,365.05866321613195,366.86489209747356,6681196
2012-10-29,391.57952880859375,396.35947181848485,388.9583000969868,388.9583000969868,2671916
2012-10-30,384.88323974609375,396.0510763606966,382.1298257002046,393.1655038183666,2421606
2012-10-31,389.64117431640625,391.64565457228156,385.91855276188824,385.91855276188824,2219132
2012-11-01,396.403564453125,398.209820457836,387.460479735792,390.76457706156623,2708222
2012-11-02,404.1791687011719,405.7431025351361,399.28908911713694,400.85304983991074,3453854
2012-11-05,401.1173400878906,405.2584853813887,399.3111113108928,404.4214367937217,1085646
2012-11-06,403.07781982421875,405.69907553911014,397.9014010912324,399.134925283884,1427522
2012-11-07,405.12628173828125,408.82688063750544,401.7781413161692,403.0997799389197,1838264
2012-11-08,402.7033386230469,406.84448435741217,400.10413173769905,400.9632023504335,1368402
2012-11-09,400.6327819824219,407.0207027904162,399.3992309360371,402.7033279056893,1026656
2012-11-12,398.9586181640625,404.24517243419837,396.5135921918858,402.2186707195018,1190764
2012-11-15,397.2185363769531,398.73839942576154,392.1522545107673,397.3727168086612,1550830
2012-11-16,394.04656982421875,401.64599208001994,392.5707238615469,395.6105035193903,1580698
2012-11-19,400.368408203125,402.3949369931792,394.2888756105782,394.2888756105782,2597128
2012-11-20,413.4526062011719,415.17074712631023,402.0865196876275,402.0865196876275,5080080
2012-11-21,415.897705078125,418.91546319183914,412.4174056427429,415.34702223498124,3204064
2012-11-22,420.8758850097656,422.4838897146735,413.98135174364205,416.80083185036966,2460064
2012-11-23,420.3031311035156,421.84504292960906,417.373514767223,420.8317919645093,1261182
2012-11-26,406.2056579589844,423.2107590711736,405.32456547303076,421.9111422766303,4127288
2012-11-27,408.9811096191406,412.7918455227669,406.4039247542716,408.9370657486749,3183710
2012-11-29,411.4261474609375,415.41308558588906,406.24972910106106,409.26746011278465,4789062
2012-11-30,417.197265625,418.9594504850845,407.5052488945354,411.4701648297255,2966406
2012-12-03,421.88909912109375,425.3473761989856,418.0563416222228,418.4748659097606,2507742
2012-12-04,413.540771484375,421.6027625056235,412.6596789817509,420.2811237516874,1401692
2012-12-05,409.7520751953125,417.1532740464039,408.9590972866414,414.66417686402,2058044
2012-12-06,409.2013854980469,413.23239455870106,402.61524037940126,411.6904826387059,3167508
2012-12-07,413.76104736328125,418.2546245343271,409.9282895736007,409.9282895736007,2634598
2012-12-10,409.399658203125,414.99460141310215,406.93260975704305,414.99460141310215,1422454
2012-12-11,409.5978088378906,411.82256165817364,406.88843908871127,409.7299673134788,1873574
2012-12-12,418.2986755371094,420.4132922157751,410.74329639247384,410.74329639247384,5889234
2012-12-13,415.14874267578125,421.5146412854445,412.83587489256445,418.54095413559435,2166214
2012-12-14,419.4440612792969,420.67761225331753,414.1134625698257,414.1134625698257,2395326
2012-12-17,423.0345458984375,426.25052821664906,414.11348413905887,414.11348413905887,2935890
2012-12-18,426.0963134765625,428.8717493116033,424.29005782383507,425.7879257418229,2785784
2012-12-19,426.44873046875,429.97310014204544,424.68654563210225,429.5325539328835,1671612
2012-12-20,419.90667724609375,427.7704172085646,417.68189712855445,427.7704172085646,1357158
2012-12-21,413.0340576171875,419.3999551716611,411.6243044909504,418.95940900026227,1244612
2012-12-24,413.0782165527344,417.6819035156167,411.9107581937734,416.75676711370016,1253242
2012-12-26,416.1620178222656,418.5189294589584,413.10021606583047,413.10021606583047,856308
2012-12-27,409.8621826171875,419.2678609512652,407.5493148628943,416.1840372788742,2413928
2012-12-28,407.3290100097656,413.2323399068141,405.3465520891039,411.91070129303966,1286474
2012-12-31,410.4349060058594,411.6243593160183,407.06471659025453,407.06471659025453,854622
2013-01-01,414.9064025878906,415.87560959818995,411.8666499645772,412.79178622193217,770220
2013-01-02,413.49664306640625,417.57169532280176,411.24986825353744,416.3161494371643,2060272
2013-01-03,412.5274963378906,415.43509067083784,410.6331260570835,415.43509067083784,1902904
2013-01-04,414.6640930175781,415.74343653918305,409.42158270624293,410.87540661511747,1914216
2013-01-07,420.3471984863281,421.9331541677706,414.0914366072015,417.5497137767286,2523912
2013-01-08,422.1754455566406,424.44426938981394,419.532168184621,421.6027408371313,1769202
2013-01-09,424.88482666015625,429.4444694898604,421.5807298592667,422.04329803362947,2354020
2013-01-10,423.49713134765625,429.0920744518439,420.2371050261752,427.2417747078623,1518936
2013-01-11,413.1883544921875,425.1271475699757,409.6419355324986,424.37821353846346,1949538
2013-01-14,411.9107360839844,417.85811034829857,410.1705730511085,412.15303113921317,1252832
2013-01-15,409.399658203125,416.86692312860714,408.56263639300965,415.1708306830272,2584822
2013-01-16,396.8000183105469,410.14856449475167,395.6105380411246,409.75206210867435,2349322
2013-01-17,396.9101867675781,400.4565790369527,392.967292080266,396.6017989857169,2400242
2013-01-18,390.323974609375,398.69435329738644,381.7994154905291,398.36394361233334,5929114
2013-01-21,388.6058654785156,392.13023574251326,383.80392712710557,390.36805061051444,1726676
2013-01-22,389.2886962890625,394.61929504517354,387.68069175523607,387.68069175523607,1464620
2013-01-23,388.539794921875,393.9805306949178,385.67624411736597,389.4649313493459,1853356
2013-01-24,386.4912109375,389.8393784944669,374.9048502043631,388.4956909515478,2272096
2013-01-25,397.1524353027344,398.4300301540736,382.17386314489414,387.68069114410014,2626786
2013-01-28,398.6502685546875,404.7738446232033,396.05103520991196,397.83524194850236,2654740
2013-01-29,395.8748474121094,400.8970853912152,394.28889167597544,398.69435415280196,3007664
2013-01-30,394.068603515625,398.18770001876146,390.3239605532071,397.4828368048884,1418660
2013-01-31,391.7557373046875,396.5136312385825,389.9495085067115,393.84833190935126,2278724
2013-02-01,390.3680114746094,396.3153856988581,388.2093510376116,390.7865357792627,1398676
2013-02-04,389.3988037109375,392.0861248221736,387.2401165378546,391.31516895875916,1911016
2013-02-05,390.80853271484375,392.92317603702406,385.6100928068985,386.07266095032287,1398634
2013-02-06,389.9495849609375,393.6281359685203,387.39439480006314,391.7558141130461,2203620
2013-02-07,394.9937438964844,396.05106561694726,388.6719161741399,388.6719161741399,1770238
2013-02-08,389.7072448730469,399.3552195651145,386.11680867378516,396.4916686250447,6374558
2013-02-11,388.7820129394531,392.94517981554606,386.3810308245588,392.08610936670055,2140968
2013-02-12,389.66314697265625,390.7865345002425,386.5793233109168,388.2313717011343,1191346
2013-02-13,395.16998291015625,397.32867027243543,389.1124720238523,390.27993033200903,1802018
2013-02-14,396.8440856933594,398.69438545666634,393.20957886461076,396.0070638903282,3293954
2013-02-15,395.5885009765625,398.1436637868659,390.786536212434,395.2580912970713,3271588
2013-02-18,393.12139892578125,396.4915881808411,392.08612608994287,394.3108790680851,1598600
2013-02-19,396.13922119140625,396.49165283838926,392.9672825909369,392.9672825909369,1315964
2013-02-20,395.8307800292969,401.2715151094576,394.6412998534507,398.71635240244456,3005672
2013-02-21,390.1918029785156,395.61051625322017,389.0463666422704,393.8483313255889,3804512
2013-02-22,394.3990478515625,396.0510963625297,385.2577127575442,389.99358515565007,2926370
2013-02-25,394.2007141113281,396.05101343394176,390.9406885322515,395.16992107925,2315532
2013-02-26,381.40289306640625,393.4077776590249,378.5393426131211,393.4077776590249,2102498
2013-02-27,393.3197021484375,396.05109438402036,374.464327281888,381.95361382752577,3706706
2013-02-28,384.9052429199219,397.81324196013594,381.5130316029653,394.3990087096475,8501418
2013-03-01,390.80853271484375,393.0773564552299,379.8609701356369,384.5968419001577,5771830
2013-03-04,390.1036682128906,392.0861261541193,385.03738680752843,389.09041730957955,5970552
2013-03-05,395.4122619628906,400.5005655236668,387.8789322120073,389.97152679712025,3787836
2013-03-06,386.7995910644531,395.87483267331226,384.8391549574924,394.94969634314606,3576974
2013-03-07,390.14764404296875,393.2314669693344,382.96674746362055,383.71568126635543,3841368
2013-03-08,398.3419494628906,399.50938096489006,392.0861869451054,394.1567598269597,2466284
2013-03-11,402.15264892578125,406.13961415169587,394.35500151383104,399.09087388231876,2939170
2013-03-12,403.914794921875,409.68596659246003,402.3949319593573,403.09979516258846,3979108
2013-03-13,401.1393737792969,403.5403561670042,399.2230083892674,402.4610125003678,1039436
2013-03-14,402.7914123535156,406.5580772389088,393.4077830406109,400.5005665817886,1994128
2013-03-15,408.716796875,410.72127700064004,403.3421270705336,403.3421270705336,4064768
2013-03-18,402.46099853515625,408.2101213945614,400.4565185888482,405.2584831976369,1594380
2013-03-19,386.9537658691406,405.3025268909781,385.21362979190485,405.3025268909781,3577832
2013-03-20,384.7731018066406,389.11247157190195,379.86100041083773,386.4471721627857,2192042
2013-03-21,387.967041015625,394.90564400954605,377.68027060246385,385.47794410672714,3100226
2013-03-22,384.75103759765625,394.1787376355496,381.5791262660359,392.5266892799941,1691910
2013-03-25,380.8302001953125,387.6806888072702,379.0900371802909,386.5793232140677,1724612
2013-03-26,380.3015441894531,384.59687005779625,376.02824025549364,378.9799054607322,2226562
2013-03-28,379.4424743652344,383.2311881947809,370.102888619945,381.6231836495651,3656070
2013-04-01,377.5921630859375,381.8654668959266,373.40697389973536,380.19139659920734,1135020
2013-04-02,379.7508544921875,381.2487224464039,374.4642996732707,379.7508544921875,1362702
2013-04-03,371.77703857421875,379.8610525378228,370.60958010721185,379.3103696550483,2095266
2013-04-04,373.7373962402344,377.5481320155178,369.17775335939785,369.66234347343914,2364276
2013-04-05,369.13372802734375,376.2485341090473,366.3142211618547,372.39375427120456,2327420
2013-04-08,370.03680419921875,374.1118567488925,367.96623158000136,370.93991857570927,795854
2013-04-09,369.7503967285156,375.2792458085574,367.8560535669497,371.82096911437793,1563698
2013-04-10,368.7372131347656,371.38049064827646,364.0233628579094,370.93994439602466,931878
2013-04-11,366.57855224609375,368.7372397937201,361.35808953500464,367.1072131647789,1605646
2013-04-12,362.7237243652344,370.6976271878804,359.50774229369546,363.4506363935446,2589774
2013-04-15,358.1420593261719,362.85590931583823,356.37987442452527,360.1905831410515,2840046
2013-04-16,372.1955261230469,373.8475747272898,356.64424730620243,358.60468369433306,3578520
2013-04-17,388.0771789550781,392.0420949657445,372.2615587792304,372.2615587792304,5989870
2013-04-18,398.20977783203125,402.41698926539954,383.3853853283886,386.84366273698737,3677892
2013-04-22,393.077392578125,402.65927354038246,388.8261104991169,400.5446569126806,2103264
2013-04-23,390.03759765625,395.9629498834366,386.7555497228196,395.9629498834366,1350424
2013-04-25,400.5005798339844,404.86199840694945,387.85692413689276,392.086157325555,3437440
2013-04-26,391.9760437011719,399.1128986523635,388.29749310249,398.6943743181349,2593644
2013-04-29,397.4608154296875,399.0247491737219,392.6148068832774,394.28887718518473,1918246
2013-04-30,407.1087646484375,410.4789540987344,388.1212326922297,397.52688404564975,2481850
2013-05-02,420.1048889160156,426.8011972247835,401.95440511407264,402.615224482264,4519532
2013-05-03,423.36492919921875,428.95987172664746,413.8491413379853,419.6202862250321,3424494
2013-05-06,425.7658996582031,429.44444983934704,420.7656839283716,420.7656839283716,1756394
2013-05-07,422.5278625488281,425.7658933508507,417.6378103352358,423.431003797413,2250700
2013-05-08,416.93292236328125,424.6865245032542,414.7081426066545,424.35611486282113,2003464
2013-05-09,417.59375,423.4970528939092,413.38651231659026,416.11790410991824,1999972
2013-05-10,427.4179382324219,430.6779640524716,416.8668511273165,416.8668511273165,3589228
2013-05-13,421.3163757324219,428.21093497807556,418.6070325548886,424.6865651428651,1231670
2013-05-14,418.871337890625,424.04775594216426,417.15322377701546,420.8317739347141,1148012
2013-05-15,433.387451171875,437.46250471529544,418.69524185463615,419.95078813681306,2801338
2013-05-16,434.1142883300781,439.22461410780465,428.25500165590745,431.7353278090758,2046714
2013-05-17,434.9512939453125,438.10121029200366,431.691267928298,431.7793556645567,1305790
2013-05-20,441.42730712890625,452.0004162816944,433.4974752643151,433.761792237612,2904248
2013-05-21,435.1495056152344,441.4272889156819,432.15379685664163,441.4272889156819,1308286
2013-05-22,436.1848449707031,442.72697312048695,432.8367041218242,437.2421667591965,1368140
2013-05-23,422.5499267578125,433.7177629195161,418.6510764936616,429.75284685422844,1379700
2013-05-24,426.4928283691406,431.71331774240946,419.44408812950155,425.1711895742083,1349358
2013-05-27,419.3559875488281,425.787952065058,415.2809347225459,425.63377163256024,1247108
2013-05-28,428.58538818359375,430.3916438560165,410.85340246400756,419.40001006325673,2517018
2013-05-29,423.3869323730469,431.4709715100534,421.2062232422378,430.19337673759355,1086242
2013-05-30,442.59478759765625,444.445060281341,420.87583661035694,420.87583661035694,5534838
2013-05-31,426.25054931640625,444.2248322250603,423.0125449026866,442.57278366932354,4675066
2013-06-03,429.00390625,435.7002142122162,416.6245681487351,422.15341786537533,4781134
2013-06-04,434.9072265625,439.4448471756248,429.09201117700104,430.8541960278306,2319644
2013-06-05,434.62091064453125,439.6651707366567,430.3696553373276,433.93806931423535,1894806
2013-06-06,436.66943359375,440.10568884964925,428.32107706113266,432.6164028532088,1776942
2013-06-07,425.7218322753906,439.00431166793135,423.3649207354561,436.66942206140783,1397688
2013-06-10,430.1273193359375,433.80589664734936,427.79242959464904,430.01718277371816,1841766
2013-06-11,417.1532897949219,426.5148983909586,412.5936195925065,426.0523032786935,1872440
2013-06-12,417.32940673828125,424.5103043664226,407.8356415775639,417.1972482570381,1734204
2013-06-13,406.9986572265625,418.9594991080417,402.3068556253579,418.9594991080417,1600804
2013-06-14,418.078369140625,420.6776026336926,408.1220351726728,411.0296295133858,1997326
2013-06-17,435.85443115234375,440.87666926699205,422.483862929848,425.12714048728185,3254262
2013-06-18,433.387451171875,440.4361924361698,431.8014951429343,437.46250471529544,2068668
2013-06-19,431.69122314453125,434.7529976597176,428.2108974814948,432.4401301578886,1065006
2013-06-20,415.39105224609375,425.5676594335467,412.2411359367922,425.5676594335467,2822484
2013-06-21,413.9593811035156,420.50148352807554,406.7123883983175,413.0121957124891,2351226
2013-06-24,408.3643493652344,414.9945650101938,403.18793095879084,412.615604518943,1498646
2013-06-25,421.5146179199219,422.924371201689,407.54929736810465,409.7079846016362,1594854
2013-06-26,401.4036865234375,422.4838117339959,398.2537703936729,419.510124842229,3998270
2013-06-27,411.3160095214844,418.6731102504541,406.2937716081052,406.6241812895431,4182584
2013-06-28,427.59417724609375,429.951115804486,413.95929239133625,413.95929239133625,3284804
2013-07-01,434.70904541015625,436.0967769592374,418.69519875432104,425.1271637403606,2396738
2013-07-02,431.250732421875,438.03512849991023,427.37390393293026,431.7353225385886,1639610
2013-07-03,431.75732421875,434.3565577125206,424.11385793891833,426.88929379013285,1814958
2013-07-04,432.6384582519531,435.56810169739896,428.69556376519864,433.8940312523486,1513212
2013-07-05,428.0567932128906,435.832418730788,425.2152643988603,434.4667360518266,2038138
2013-07-08,417.50567626953125,424.5544160967638,414.1575087183106,423.65130168416135,1470242
2013-07-09,413.2763977050781,422.8582779779894,411.5803055157409,419.0034985578527,2237702
2013-07-10,402.0205078125,417.6378790251149,399.5754813035646,414.1575526110477,2389012
2013-07-11,404.33331298828125,409.685960285695,403.1218108903224,407.5052511316076,3315822
2013-07-12,399.6855773925781,407.5052731751279,394.28888593701566,405.85322477036385,3761184
2013-07-15,408.9150390625,410.5450655829397,399.1349068286713,399.5314092134951,2018096
2013-07-16,402.4389953613281,407.06473094019395,399.35517164208426,400.500581125137,2356220
2013-07-17,393.4738464355469,411.75651360312344,386.1827853673119,407.1087297157429,3625068
2013-07-18,391.0597229003906,398.10080965166946,385.5386276955169,397.43022996107146,4034936
2013-07-19,393.07147216796875,401.9007716565299,388.48917749669016,391.4620917831713,3244576
2013-07-22,403.554931640625,404.583148549913,391.1715524653855,391.1715524653855,1196498
2013-07-23,411.8701171875,413.9265783264341,401.878488851794,404.6278497235301,2109578
2013-07-24,399.55377197265625,410.8195173500843,394.7702975810783,409.94775820858825,1781426
2013-07-25,393.3844299316406,405.6113228292646,391.3503435297964,395.64204291140084,2267884
2013-07-26,400.04559326171875,401.3644058176652,393.9656799242246,393.9656799242246,1741962
2013-07-29,401.34197998046875,404.33724165138295,396.1337996795379,396.1337996795379,1603764
2013-07-30,400.9396057128906,404.56075259088385,398.3243557059723,400.55962145067474,2590040
2013-07-31,407.4442443847656,409.61244120829247,396.98318995139283,396.98318995139283,2787640
2013-08-01,389.6069030761719,412.697214098285,387.61751067842937,407.7572539115193,2654138
2013-08-02,382.11871337890625,392.51270002536376,379.97286352844276,392.0656468362688,3615722
2013-08-05,386.5221862792969,393.3621220764487,382.67753966897004,382.72223407464,1792026
2013-08-06,381.85052490234375,388.0198539801084,379.347010458609,382.96815797027085,1929898
2013-08-07,376.68695068359375,383.5715796950676,374.2281585060613,382.6774734486922,3016134
2013-08-08,386.119873046875,389.3162872105133,378.2964416669752,379.9952384522751,1771846
2013-08-12,385.0245361328125,391.171517116065,381.7834007052794,387.81861839792725,1631690
2013-08-13,390.6127014160156,401.63257280525477,387.2598026914146,389.0256681435631,7312106
2013-08-14,390.4786682128906,395.64212781360396,386.29870393729215,391.17159529593613,5129438
2013-08-16,375.5693664550781,390.2774270248074,370.58473985835377,390.2774270248074,7310122
2013-08-19,362.2248840332031,377.7599839655127,351.49560638211165,377.7599839655127,5474550
2013-08-20,353.84259033203125,359.43075505616315,347.62854024441236,356.74843598857984,2451758
2013-08-21,350.46734619140625,364.61656297786016,346.46621477009495,361.2189697215958,4046642
2013-08-22,354.6025695800781,358.26841092457164,335.088688363168,346.55561275429403,5914786
2013-08-23,363.8118591308594,366.4494837108484,351.1826072574108,353.61905245656004,2387096
2013-08-26,361.1743469238281,367.36602378482326,356.5249820120432,366.58368056410717,2182110
2013-08-27,352.90380859375,359.65430102995856,350.4897103884245,357.6425616208413,4255842
2013-08-28,346.86859130859375,351.1826383482861,330.88643929275025,348.70149852749444,3903860
2013-08-29,355.07196044921875,359.8554345583546,342.73330456045653,346.0191342621282,3233194
2013-08-30,350.1544189453125,358.3578342519893,343.4486209444447,357.17315964341316,4061386
2013-09-02,342.4650573730469,350.08730806265436,337.7486521352983,346.91324163731497,3730944
2013-09-03,343.35919189453125,346.376800881087,339.7604192270162,343.3368446925638,2920674
2013-09-04,348.8580017089844,352.6803289237117,340.1628376012867,343.76161089929076,2228394
2013-09-05,347.3826904296875,356.86022391313554,345.8403514021846,354.06614135822525,3914814
2013-09-06,343.985107421875,350.9591267767067,334.038173223793,348.7015134608515,4822424
2013-09-10,363.431884765625,365.1530285782689,342.68860649173376,348.16500789591396,3849196
2013-09-11,369.86944580078125,373.28941361837605,359.92251232412394,365.24245619905776,2612550
2013-09-12,363.38720703125,373.6918058098234,356.65906137805115,373.6918058098234,2683098
2013-09-13,371.18829345703125,373.28944910680127,362.73900373505444,364.3036900486758,2459686
2013-09-16,374.1835632324219,385.94105802972445,370.8306639203034,375.52472295726926,4538326
2013-09-17,377.4917297363281,380.2634377236365,369.57888270742995,372.8423655820711,1497692
2013-09-18,376.32940673828125,379.9058326085162,370.2494936732674,379.9058326085162,2230732
2013-09-19,387.8409729003906,398.77142838448935,384.5327958077905,385.35983325945045,4488298
2013-09-20,390.8138732910156,395.64204190452307,372.1940984836112,388.04213827471864,3041998
2013-09-23,384.86810302734375,388.936276150859,380.64344491540936,388.39980686449314,1742988
2013-09-24,389.6069030761719,394.30096214937873,380.6211437647045,383.12463102269567,2064670
2013-09-25,380.03985595703125,392.51264923315114,372.41760552649475,391.171489839416,2691988
2013-09-26,380.9340515136719,386.6116330685485,377.7599844521871,378.65409092426324,2564332
2013-09-27,377.3128967285156,383.57164146097915,375.0776307526358,383.57164146097915,1711676
2013-09-30,369.9142150878906,377.7599941240432,364.34839669952095,375.9717811341069,2953590
2013-10-01,371.85882568359375,378.4305128163924,367.18711454544325,373.06587471385643,2866908
2013-10-03,380.7999267578125,384.91282183273,372.5070949966577,372.5070949966577,3033472
2013-10-04,383.9293212890625,389.56220854676474,380.4423114357981,380.7999485745495,3064158
2013-10-07,386.70098876953125,388.936254600569,378.7434478682288,386.4774621864275,1558494
2013-10-08,385.8739929199219,390.85861988885483,383.5716579513996,386.7010304521686,1336004
2013-10-09,380.4422607421875,384.33162891202016,376.86583525929973,383.1245798543533,2380630
2013-10-10,387.6844787597656,388.48916893442913,380.53162869883255,380.53162869883255,1778282
2013-10-11,390.0539245605469,396.7597226905276,386.94689930312995,391.1715575822103,2764482
2013-10-14,386.812744140625,394.5020638991387,385.3598213802008,390.2774061077904,1649438
2013-10-15,387.86334228515625,393.9656293304466,384.13045900957303,387.59512128169894,2408832
2013-10-17,386.812744140625,391.9762026474022,384.9127682231472,389.6962424608125,2141818
2013-10-18,394.61383056640625,396.98320686188094,388.3103646264155,388.3103646264155,2849200
2013-10-21,396.84912109375,400.1126039142945,389.8527277757245,393.4068060833286,2234406
2013-10-22,391.4844665527344,400.0678928767009,390.7244707062967,399.5537708166507,1744880
2013-10-23,387.08099365234375,395.5303098578424,384.5551595003864,391.93153713548605,1287454
2013-10-24,397.5867614746094,399.5761537166796,385.9633780124023,387.23749603272177,2461684
2013-10-25,387.9303894042969,395.3291139322862,386.7009931831942,394.4126603882926,2221828
2013-10-28,388.4444885253906,395.03852241279117,382.7445609278071,389.65151018787674,2174064
2013-10-29,402.6609191894531,403.6891363386591,384.95759185551225,390.7245904318805,2556270
2013-10-30,400.4925537109375,405.83484431326804,392.82560855622575,404.4936848626056,2564122
2013-10-31,396.91619873046875,400.9843994887882,391.4845183659035,400.11264023443664,2812436
2013-11-01,413.6583557128906,414.8654049128255,393.2503917673673,395.7315317813665,5918258
2013-11-05,405.3207702636719,412.518315435455,403.2419620945873,409.0536533442875,2052830
2013-11-06,402.07965087890625,407.57839967072846,400.11260592422383,405.9466446092786,1222656
2013-11-07,401.4537353515625,409.81363485226683,399.68786992261266,401.4537353515625,1966708
2013-11-08,392.7809143066406,401.4537569411341,390.1209697057882,401.00670375968514,960318
2013-11-11,388.9139099121094,396.9608669558343,375.5246620404973,392.5126824661388,1449756
2013-11-12,393.3621826171875,395.28450621820775,386.32109362489393,391.48455342871597,2766468
2013-11-13,400.2690734863281,402.3478817899611,391.1715517402399,391.6186049422288,4221190
2013-11-14,413.59124755859375,415.29004413269183,405.2536950959047,406.81838117735606,3641892
2013-11-18,422.3758544921875,423.8064301778282,409.05367469695443,415.75947264280614,2592024
2013-11-19,423.5829162597656,425.57230850044726,419.33591076692363,422.4652832353335,1896218
2013-11-20,421.1017761230469,428.5675701784875,418.01709806327796,422.465282954756,3537004
2013-11-21,417.74884033203125,423.7169892395522,416.20650143771775,420.6770331395192,2057192
2013-11-22,418.68768310546875,423.24763135625386,415.35713119609335,419.3359157244955,1598272
2013-11-25,421.6382141113281,424.25346427811036,417.1900295502718,424.25346427811036,1601784
2013-11-26,422.5546569824219,426.04166621195947,419.38056313959214,421.6158289644188,1473916
2013-11-27,420.900634765625,423.8064808898699,418.44184189126395,422.4653211402184,2109830
2013-11-28,428.65692138671875,431.27219880429936,422.91229906329795,423.3593522335551,2044766
2013-11-29,422.5770263671875,431.4510212432168,421.1911723974267,430.0651672734561,1311512
2013-12-02,429.2604675292969,430.7133903596805,416.87708902545063,419.78293468621786,2026714
2013-12-03,424.3652648925781,429.05932365620424,421.61587670235485,424.81231810816155,1262496
2013-12-04,421.9288024902344,426.35464006141024,420.23000579633515,423.0017410789927,1181472
2013-12-05,422.1746520996094,429.1263507535669,419.67116525058117,429.1263507535669,1390184
2013-12-06,422.5993347167969,428.03104137127764,421.21348087444767,421.21348087444767,1105716
2013-12-09,432.30047607421875,437.0839511218915,426.2429102275794,431.4063696087085,2411550
2013-12-10,426.04168701171875,434.4015870619006,423.76172667346964,432.3675005191943,1749224
2013-12-11,424.65582275390625,428.6793013375,420.94525956471256,423.80641080520786,1094546
2013-12-12,421.0346984863281,425.61699378832543,420.23000818316973,422.46527418414405,2130544
2013-12-13,424.9463806152344,426.62282998430663,416.22884389605883,421.079387108817,1485332
2013-12-16,414.2394714355469,425.5946332798776,412.6300908795452,425.5946332798776,1041084
2013-12-17,416.5418395996094,420.23002868111917,414.2395045919179,414.4183367951037,865728
2013-12-18,423.8735046386719,425.7958279512041,414.373624090614,416.51947400427696,986716
2013-12-19,419.7382507324219,427.2487388623454,414.1500858610559,425.14758341351956,2101856
2013-12-20,433.5521545410156,434.53567696252605,415.5359174245555,418.8888161665503,2114490
2013-12-23,431.6075134277344,437.70977318003526,429.55105235507034,434.53570640361164,1096064
2013-12-24,430.7357482910156,435.8768599727454,429.4616576147106,431.4063280755891,554490
2013-12-26,429.551025390625,433.55215669985404,427.27106514909957,430.9816009848582,1641748
2013-12-27,432.3675842285156,434.4910872768971,425.19235736257997,429.1711424097233,1541872
2013-12-30,423.9852600097656,434.8039254733922,421.2582191553947,432.7921861008393,1777974
2013-12-31,422.10760498046875,428.2769332167964,420.0064496421505,426.93577371820516,854370
2014-01-01,423.8064270019531,426.04169296715327,421.3476344402329,423.8064270019531,623518
2014-01-02,418.4864807128906,428.7240096897306,415.75946716522367,422.01821183222705,1007552
2014-01-03,402.4596252441406,417.5476700672339,401.230228999296,414.8653509875729,2091942
2014-01-06,400.2914733886719,404.5384790771974,396.71504754570304,404.0020097435593,1276106
2014-01-07,403.7337646484375,405.9466836135873,397.9220726073383,400.55969760191505,1798394
2014-01-08,406.1925048828125,409.0089617209605,401.9231525083259,405.92428389154145,1176368
2014-01-09,399.822021484375,410.1489668528901,397.87735096427156,406.8184150308844,918880
2014-01-10,390.9703369140625,400.55963268497396,386.61156858964455,399.6655263620164,1793254
2014-01-13,397.094970703125,398.34671409813546,390.2774099902371,390.2774099902371,1015350
2014-01-14,398.34674072265625,402.7278565409957,394.5915102866345,394.74796798923325,1343398
2014-01-15,404.5384826660156,405.4772835437379,396.5138716524721,398.54795841151304,1649988
2014-01-16,399.0620422363281,405.0748858321713,397.1396916844488,404.80666483170324,1652120
2014-01-17,402.146728515625,404.7620062887274,398.3244288475134,398.3244288475134,1833502
2014-01-20,405.365478515625,408.2713242397514,398.3243907994727,398.3243907994727,1016848
2014-01-21,403.9572448730469,412.0712710514218,401.4537579649327,405.0301834256448,1039276
2014-01-22,409.70196533203125,410.3948924274116,401.5208961362596,401.5208961362596,1911630
2014-01-23,397.9220275878906,409.9477691344637,396.40206313606785,409.7018953408119,2094830
2014-01-24,395.5527038574219,398.99501928491605,390.72453429133515,394.5244868559534,3982058
2014-01-27,387.528076171875,391.17157086056153,383.6834293612308,385.00224182875337,2608894
2014-01-28,391.2162780761719,393.40684985909115,385.82929200972603,386.70105128194757,2258654
2014-01-29,385.3375244140625,396.33502259688606,384.0187119716356,392.9374290747352,1569436
2014-01-30,387.99749755859375,392.512724131369,379.9728868643191,384.01871301690886,1549420
2014-01-31,397.9667663574219,401.72199688717234,388.5115802093369,390.72449901909744,1884416
2014-02-03,395.57501220703125,398.59262130017646,387.59512351954305,394.3903376012995,1980024
2014-02-04,381.6716613769531,391.6185948652544,378.47522015059764,391.17154167476895,3645936
2014-02-05,392.669189453125,393.8538914143299,382.6775607839573,383.1246140091722,1835988
2014-02-06,400.9843444824219,402.21374069438394,387.5504022416283,391.3950485719257,2221996
2014-02-07,400.3584899902344,403.6890418056238,396.29031676239197,403.4878624073322,1443216
2014-02-10,399.75494384765625,403.4654796436972,396.53615561657557,400.22434421165644,1580562
2014-02-11,401.0290222167969,403.3760512511745,396.5361435224658,401.49842256648066,1393540
2014-02-12,400.3361511230469,402.72787489152984,397.8550112550212,401.3196736460917,876740
2014-02-13,405.3207702636719,407.2654406520721,400.1125898832102,400.1125898832102,1609454
2014-02-14,404.3149108886719,408.4725000464298,396.3797168655144,405.4772382537359,2537296
2014-02-17,414.9100646972656,418.30768539450656,401.14083157150486,404.56079947159066,2243006
2014-02-18,418.0617980957031,420.18530073069354,413.3006707470771,417.9947292033716,2043648
2014-02-19,421.66058349609375,423.4934907008348,418.4194477976395,418.44179500043646,1783782
2014-02-20,415.7370910644531,420.9452440001785,414.4629731885163,418.5088261100799,1651326
2014-02-21,415.7594909667969,419.7829699116369,412.5630495573444,415.89360147443233,934626
2014-02-24,422.0628967285156,422.9123086857148,414.88769863982435,415.7594577988528,782596
2014-02-25,421.97357177734375,424.3876429453982,418.2406607842947,422.8676782735043,1910380
2014-02-26,431.27215576171875,433.6415318704172,418.64290496239994,421.57109747814786,1708188
2014-02-28,435.6533508300781,437.6203958580109,424.2534940356533,431.40634535764536,1907672
2014-03-03,425.7064208984375,437.1956938978614,424.70055117197757,434.84866453612153,1068942
2014-03-04,427.2934265136719,431.5627789507272,422.2864254108701,424.74521791541054,1150848
2014-03-05,424.05230712890625,428.6122552231533,420.31942382570213,428.05343872351426,1219512
2014-03-06,427.0922546386719,429.61811607943395,424.0522984004009,424.83464148379215,1917512
2014-03-07,439.6991882324219,443.4544461876213,425.3934852197965,429.17109037876054,2003428
2014-03-10,454.1390075683594,456.44134259081795,435.87689424686334,437.79921765660555,2469256
2014-03-11,444.59442138671875,456.821315876986,439.9450570460673,452.41785263284,1534812
2014-03-12,443.14154052734375,446.1591500088667,439.5874616808015,442.31450291716436,3267066
2014-03-13,454.2283630371094,458.22949432277824,444.5273038952303,447.90257712120496,2430098
2014-03-14,459.12359619140625,462.92354805861845,445.2649482051028,452.8201575378263,2474884
2014-03-18,451.3448791503906,471.5964100123746,449.3107926406704,459.7718206703576,2542738
2014-03-19,438.3133239746094,456.8436849344251,437.2180381559832,451.970794044682,4050158
2014-03-20,437.3521423339844,443.4767766624219,434.64747591737876,439.40860343605266,1507352
2014-03-21,433.8427734375,442.5826578396668,431.6298546911094,440.3473918909816,2147898
2014-03-24,441.59918212890625,444.81797089306394,436.5251388024514,438.1121723368871,2183452
2014-03-25,435.16162109375,444.81795986076406,434.08868243698686,441.24153405283835,1514294
2014-03-26,428.70159912109375,439.5873317863719,425.6169216482031,438.1120619329728,2427292
2014-03-27,431.33929443359375,435.8768955944237,428.56758625961027,429.1710972006633,4435008
2014-03-28,432.8592834472656,434.982786257877,427.1593548503613,433.1945733647306,3124794
2014-03-31,438.4250793457031,440.3474026513542,431.85339183879,434.6698215457636,3331040
2014-04-01,447.1202087402344,448.55075695900337,438.42501971286543,440.3473427570497,2151116
2014-04-02,447.9472961425781,451.0766684709195,443.4767642449476,449.9590354965119,2211080
2014-04-03,450.2719421386719,451.970738666577,442.381443056667,449.1543092537397,1286358
2014-04-04,446.6061706542969,449.73554322144406,443.09681376123854,449.73554322144406,1357998
2014-04-07,453.35662841796875,455.25660447275874,447.05318936234426,447.05318936234426,1798996
2014-04-09,457.4025573730469,458.22959499597033,452.21672314590325,455.10022215209545,1960936
2014-04-10,456.50836181640625,459.39183297428826,445.3543796124037,455.54718657313856,1858602
2014-04-11,449.5119934082031,455.54721161905417,447.0532008037823,452.4625336191233,1221984
2014-04-15,440.21331787109375,449.60143563355126,436.145117135784,445.4885404899486,1704660
2014-04-16,436.56976318359375,444.0579037035192,431.4286517818539,440.34736788815104,2324426
2014-04-17,445.6896667480469,447.0531734699381,437.32976694696697,438.11211000053936,1343906
2014-04-21,461.8730773925781,464.8906868381841,443.20860415494127,447.05325120088287,3012408
2014-04-22,458.85540771484375,467.61763937381164,456.441309560862,462.70005425611384,1463862
2014-04-23,464.55535888671875,465.8294496340005,457.6707284671862,458.9671937039692,2422384
2014-04-24,464.55535888671875,464.55535888671875,464.55535888671875,464.55535888671875,0
2014-04-25,478.65985107421875,483.21982656848104,461.3812881307497,464.0412329067922,2642998
2014-04-28,477.0057678222656,480.13514024471726,472.49054138425606,476.1116614158509,1827654
2014-04-29,477.45281982421875,484.1586178554578,474.5916684165053,477.00576662213615,1710806
2014-04-30,480.2244873046875,488.15968097171304,474.81515493056384,478.34688584322953,2710352
2014-05-02,472.9151611328125,474.61398492195127,467.2152335026175,473.42928316678217,1596842
2014-05-05,473.69757080078125,479.44219363973696,469.4058708955498,469.4058708955498,1234584
2014-05-06,476.33514404296875,477.89983010974527,472.2222767819238,474.9939845571603,656016
2014-05-07,474.7481384277344,479.68809826755444,473.8764064898487,476.5587257718667,822242
2014-05-08,475.7316589355469,479.9786642037901,472.5799121445554,476.11164322937367,979170
2014-05-09,492.89849853515625,496.2290228507466,474.3457918249707,478.34689590117017,1716590
2014-05-12,505.0583190917969,509.5288507943133,491.7584872768104,492.20554044706205,1622008
2014-05-13,501.9961242675781,526.3158328989595,494.53030196791497,510.0877774832948,1580544
2014-05-14,485.2538146972656,496.966639846314,480.0233147264521,493.9937255159297,20408324
2014-05-15,493.7925720214844,497.748981431401,482.5938689358007,482.817395507795,2112808
2014-05-16,498.3302001953125,529.2663156190697,492.83147835795654,500.6996040791001,3352052
2014-05-19,491.5796813964844,509.59594695036094,481.38690131253037,509.59594695036094,2191014
2014-05-20,508.0536193847656,515.1170822194531,481.16341136472,492.2056042730465,2059554
2014-05-21,514.2453002929688,520.0569916952417,501.6383677387311,503.82893925858764,1792354
2014-05-22,508.56768798828125,523.9463283350246,503.18072989829676,516.2122864719591,1662910
2014-05-23,518.2687377929688,521.2192776638553,506.51121813804923,506.51121813804923,1993708
2014-05-26,549.4954223632812,560.4929195818694,523.0522160803886,524.7957343817073,4540298
2014-05-27,535.5697631835938,554.4130675188376,524.7287224847605,554.4130675188376,1625424
2014-05-28,519.2969970703125,539.5932236893335,516.8382044188697,536.4638512238611,2355502
2014-05-29,526.1593017578125,529.3110490050691,520.5264417115027,520.8170372389404,2397058
2014-05-30,552.3342895507812,571.64696809319,514.1112367328194,531.5463134568021,8431084
2014-06-02,554.0106811523438,567.5340405268512,535.5697365507426,552.1107050418758,2156308
2014-06-03,550.210693359375,555.2400415619287,544.734291983261,554.5694618015882,2081200
2014-06-04,545.3377685546875,557.9223255133012,537.8049339683505,550.3671164409252,1699872
2014-06-05,537.6708374023438,544.2425518871589,532.9991535031958,543.1696133414829,2174850
2014-06-06,551.127197265625,554.2565696115513,534.3403280669224,539.5932030761559,2537836
2014-06-09,547.1930541992188,554.3459045809078,539.2578608070323,554.3459045809078,1975974
2014-06-10,551.28369140625,554.3013006535598,538.4756056866164,549.4284096212965,1705904
2014-06-11,548.5789794921875,553.8989235708118,541.8284869796804,549.8754447071013,1477054
2014-06-12,549.428466796875,550.9484588236369,538.8333261658546,544.2426597984512,1023538
2014-06-13,549.3612670898438,561.0517181879852,541.5378367565452,550.7694954642213,2271998
2014-06-16,535.5697631835938,549.2942753529335,531.9933373860405,546.8802315971266,1937424
2014-06-17,527.9473876953125,534.0943684150349,522.2474601188427,534.0943684150349,2469364
2014-06-18,518.7158203125,532.8203152278511,514.558203959989,531.5462245946367,1851454
2014-06-19,525.7792358398438,529.7356455816748,518.2017062423015,521.2640096211461,1036362
2014-06-20,511.40643310546875,526.5168515221789,508.7464886709739,525.8015773909793,1483562
2014-06-23,519.1181640625,522.5605065123056,511.4288707023879,513.8876633499955,1845248
2014-06-24,521.7334594726562,528.8639361918666,518.5817125803595,518.8052391806096,1069250
2014-06-25,527.27685546875,534.5191497848564,517.6875865111083,521.4875385709912,1138482
2014-06-26,525.6898193359375,534.2285237382063,522.0016307829331,534.2285237382063,2526204
2014-06-27,515.67578125,525.8238653894829,514.0887208226753,525.7344765929779,2033818
2014-06-30,512.8593139648438,519.9227750418128,511.40639133467533,514.8263585939161,2625272
2014-07-01,533.9157104492188,535.5250912111568,514.111229936795,514.111229936795,1944486
2014-07-02,545.2931518554688,549.1377985397368,529.3556940350395,535.5697445565497,2012020
2014-07-03,552.3565673828125,557.4753043631528,544.9578155723201,545.24841104792,1783056
2014-07-04,549.8978271484375,552.1107187267096,540.7108617813402,552.1107187267096,1067960
2014-07-07,554.1448364257812,557.3859722459001,547.6401902959448,554.3012941371949,1388010
2014-07-08,542.946044921875,559.7776067554092,539.5931463324027,559.2634847239733,1443260
2014-07-09,526.87451171875,543.169577206168,515.0052287584407,543.169577206168,2461348
2014-07-10,521.0629272460938,537.1344694426774,515.0053339974735,523.5440399922472,2633406
2014-07-11,520.5263671875,524.3933881680856,504.9242000522578,520.5487416756112,2129542
2014-07-14,521.6886596679688,527.0086031499957,516.9275872040415,519.9898904147296,1823582
2014-07-15,536.5979614257812,538.5649517882608,524.3933876091772,524.3933876091772,1600810
2014-07-16,546.3214111328125,547.9084173258944,535.569759327558,538.2520786564105,2541006
2014-07-17,535.1964111328125,540.8267586696571,527.5762777656689,534.9929278742818,5309172
2014-07-18,535.286865234375,539.8770520620612,530.018327305189,533.093541047063,2962372
2014-07-21,537.5480346679688,541.2789657199382,534.9929011490825,537.2540714836094,1454796
2014-07-22,533.4100341796875,539.9674275629901,530.0182789814274,537.5479865624344,1169902
2014-07-23,540.3065795898438,543.4270052774341,532.8220846960425,535.8972980238249,2492700
2014-07-24,543.6757202148438,546.1177949792217,536.9374774375315,540.1031155976347,1916146
2014-07-25,547.4745483398438,552.6300277244616,543.5853464196422,543.5853464196422,1636728
2014-07-28,545.3263549804688,553.986647075622,538.7237496561917,548.1076051066563,1336960
2014-07-30,552.4943237304688,553.9867181959212,544.1279937005711,546.615281006757,3184402
2014-07-31,543.4270629882812,553.037036652728,537.4801741268237,552.6300149625398,6176218
2014-08-01,530.9906616210938,538.9726042573667,525.49600645081,536.0330827066522,2752838
2014-08-04,536.1234741210938,541.7763998288236,527.7571440736536,527.7571440736536,3269214
2014-08-05,556.2930908203125,557.2201926994804,536.7791806287146,536.7791806287146,3053002
2014-08-06,561.2903442382812,565.134333951191,556.2479231622401,560.6345716940536,2703720
2014-08-07,565.021240234375,569.3626761282393,554.3258937761631,560.7250167052104,1180246
2014-08-08,555.9539184570312,563.6645310930805,543.472269714974,556.2478816304706,2483456
2014-08-11,591.79345703125,598.6674476005182,559.5039353527906,560.770212753652,4557070
2014-08-12,592.471923828125,597.4691330561199,583.9699552901534,594.687882110321,2807746
2014-08-13,595.2530517578125,599.2100995852624,586.9545682119734,587.1128390842014,2570182
2014-08-14,597.7855224609375,603.7324108067575,593.1727575837035,595.2530230145277,1765326
2014-08-18,599.6849365234375,602.149589818726,592.4491922973018,596.044430627924,3994764
2014-08-19,621.4148559570312,624.0830481457723,595.8184173420688,599.6397733449867,2722190
2014-08-20,613.8173217773438,624.897056428889,612.5962566727244,621.4148209872195,1052734
2014-08-21,622.4097290039062,624.5352069022099,611.8726538296089,611.8726538296089,1613706
2014-08-22,629.44189453125,632.2231447281122,616.6662837740474,624.0377202041898,1576730
2014-08-25,637.9664916992188,648.3678738619479,624.2412006253563,628.876599197877,1164162
2014-08-26,632.94677734375,635.8410863595145,627.2486392465481,632.223213890897,1209158
2014-08-27,631.2735595703125,639.9112194062324,628.8993306643883,630.4143037825356,1059010
2014-08-28,636.3837280273438,639.4589416246768,626.8190221092393,630.6177439356078,3022632
2014-09-01,634.6426391601562,641.5618421647426,629.9620278120426,637.6726403993074,2157758
2014-09-02,631.1378784179688,642.036708833072,628.7184371024307,631.7710171782742,2369658
2014-09-03,638.3509521484375,643.2576802179243,626.7963508713427,631.137786416595,2333062
2014-09-04,637.9891357421875,642.9637099000214,632.3814229233963,638.4187359740796,1586892
2014-09-05,636.8359985351562,641.539243927977,631.4318234528788,635.9767979612644,892526
2014-09-08,630.8438720703125,642.1271448496096,627.0225163925746,641.7201231598006,2521044
2014-09-09,634.9365234375,638.5317615846283,630.8437837367384,630.8437837367384,946316
2014-09-10,626.2988891601562,632.72058999653,623.2236758218567,632.72058999653,1069184
2014-09-11,621.4148559570312,627.2260530094013,611.9857861617871,624.5352822386315,2634266
2014-09-12,628.2660522460938,629.781025027449,617.9777292742754,620.080628307186,1956754
2014-09-15,619.5379638671875,625.484852177467,617.1411567215165,622.7262357397508,887168
2014-09-16,620.6234130859375,623.472509800243,615.3096627791717,619.5833078506299,2003856
2014-09-17,624.128173828125,633.1276420669465,620.5555139498774,623.9925367417203,2595312
2014-09-18,629.2836303710938,630.8664494198173,618.6561310439498,620.0128330857129,1932500
2014-09-19,621.1661376953125,634.0321750866192,617.4125727796055,631.3187706283313,2373404
2014-09-22,620.6234130859375,622.2740784774207,611.4204608295587,620.465142202777,1692988
2014-09-23,609.4305419921875,618.6561268545724,603.9585215016677,618.6561268545724,2545074
2014-09-24,613.7945556640625,618.0681445980011,607.3275878125736,608.7069235025442,1109336
2014-09-25,611.8727416992188,619.3346044028677,600.7477938001045,615.4906145252304,3655990
2014-09-26,630.1654663085938,633.1049874069735,607.6442454774626,607.6442454774626,1792468
2014-09-29,625.5526733398438,632.2231247634929,622.1835521601454,630.2784965040131,1236056
2014-09-30,615.400146484375,628.989747208249,610.04112857444,625.3040284852195,1927940
2014-10-01,628.4469604492188,631.3186351772437,612.7770420237573,615.038211920524,1399690
2014-10-07,613.4102783203125,633.0824595549451,608.3452238223476,630.8665016623575,2572744
2014-10-08,620.3294677734375,624.8970761619985,613.4328980276539,615.4905851810889,1184080
2014-10-09,618.2718505859375,626.7512398200888,613.0033123675801,622.7263453560736,1023944
2014-10-10,595.773193359375,616.5307488578288,594.6426081492671,615.0383542987439,1232604
2014-10-13,573.8623657226562,596.270584593638,570.764573574701,595.7731381881274,2384870
2014-10-14,576.1688842773438,581.1208256515415,572.1213559099183,581.1208256515415,1047968
2014-10-15,576.1688842773438,576.1688842773438,576.1688842773438,576.1688842773438,0
2014-10-16,551.3184814453125,578.5203687252468,547.3614337796131,576.5983741447643,2075760
2014-10-17,566.9884033203125,573.4327381137837,553.0822071870326,553.0822071870326,1535146
2014-10-20,570.13134765625,579.2212946766555,564.568902911181,576.4174109215636,1308326
2014-10-21,555.818359375,569.8149831085007,552.675299163016,569.8149831085007,2074688
2014-10-22,570.10888671875,572.0760938662731,556.3835938474932,563.0314125403241,2661394
2014-10-27,568.3677368164062,575.6486934770231,560.6797584980666,575.6486934770231,1816036
2014-10-28,577.6386108398438,578.7239284653045,566.3327588716667,568.3678122259386,1261392
2014-10-29,587.1580810546875,594.2129213533561,580.3519915708849,582.47746957221,1781356
2014-10-30,582.3644409179688,588.831410392549,574.7895200207636,586.2536429944686,2277170
2014-10-31,590.7081909179688,598.3057462858831,580.5555569119443,584.4673931269457,4043468
2014-11-03,573.2293090820312,590.6176867361277,569.0913563615009,590.6176867361277,2741470
2014-11-05,568.0512084960938,576.8471943453955,562.6470334012838,574.7895072299037,2573752
2014-11-07,560.3632202148438,567.5085405403431,556.360959771078,561.0415713139347,2729494
2014-11-10,556.6549682617188,565.7222289016174,552.7883446004497,560.8154999263658,1817558
2014-11-11,570.0636596679688,572.5283131840581,557.4463185024259,558.554269854572,2036522
2014-11-12,566.9205932617188,575.4226154718008,564.5689982866842,573.432774613659,2298010
2014-11-13,567.6441650390625,571.2620374872512,560.770229469245,570.0862399824604,1943662
2014-11-14,567.9381103515625,569.5435632816868,563.0313820389208,565.2925522479125,891830
2014-11-17,565.4283447265625,569.8149936275062,559.9789014756028,569.8149936275062,1275834
2014-11-18,572.0082397460938,574.9929735012021,565.7900214211376,565.7900214211376,2556372
2014-11-19,563.0313720703125,573.8849888813064,560.7702019013553,572.0760527461408,2230532
2014-11-20,555.2981567382812,566.5813733039488,553.0821990291836,565.3377297656574,2922272
2014-11-21,563.8001098632812,565.9030090196107,554.4615218581012,556.6096333738939,4689312
2014-11-24,565.5865478515625,568.4582231407984,555.9313615463267,563.076626693901,3445088
2014-11-25,568.752197265625,571.8499896483135,559.1874355082164,565.5865587306007,2330848
2014-11-26,576.0331420898438,577.9551368720865,569.3174772445248,569.3174772445248,1721898
2014-11-27,584.76123046875,587.9042348734492,576.6210179858869,579.9901394039989,2421828
2014-11-28,598.6448364257812,600.5216188140868,585.6431072116236,585.6431072116236,3399766
2014-12-01,585.6882934570312,605.0891447905119,581.8895164847409,600.0919365727963,2027214
2014-12-02,571.8726196289062,583.381954715782,568.1416885231658,581.618230788561,1139618
2014-12-03,581.912109375,585.3717105745783,574.4050358884748,576.4626675007852,1167678
2014-12-04,572.1213989257812,587.3843011361794,570.5385794372955,586.095444879285,1569834
2014-12-05,585.2135620117188,587.8139080992713,573.2067245170155,577.0055020162248,1647748
2014-12-08,564.7272338867188,590.1653975753096,562.488697563862,589.9392805647444,2116276
2014-12-09,572.3700561523438,575.2417314279569,558.9613050667883,565.3830067163966,1878164
2014-12-10,572.7545776367188,577.9326368135117,566.7624748702865,568.910587182781,1969950
2014-12-11,572.5736083984375,580.216376068742,569.294911027823,574.3373325076401,882384
2014-12-12,565.9257202148438,572.5961726763397,561.4938042942779,570.7420240499472,3716288
2014-12-15,566.3327026367188,569.8148826154063,558.5090317698625,565.337754639701,2213146
2014-12-16,555.1173095703125,563.0314056334331,548.356432443845,560.860660060093,2114132
2014-12-17,551.341064453125,555.7051333748354,542.6807727471662,546.4343368404046,2063130
2014-12-18,548.2207641601562,559.4135576540427,545.4169349424199,558.5090894929206,1778968
2014-12-19,552.7430419921875,566.19700435608,551.4315522671063,552.629983484928,1435300
2014-12-22,572.2568969726562,576.4626399201981,554.1675375311582,554.1675375311582,939758
2014-12-23,573.6363525390625,579.2892790893877,566.1971232805788,575.6940398851252,868296
2014-12-24,566.174560546875,580.5782633682402,561.0417136358856,572.754589958984,2831472
2014-12-26,567.689453125,570.9003039979402,558.5090793741925,567.214585267272,459322
2014-12-29,566.01611328125,574.9477355690111,563.6418845718451,567.1014860178481,450752
2014-12-30,568.7974243164062,571.9856967193022,565.292610133578,566.3779829859058,667652
2014-12-31,558.26025390625,562.9409200928762,554.8911325993457,556.3835269203494,1295788
2015-01-01,559.4360961914062,562.4886757154677,556.2930367440241,559.8656964130543,713338
2015-01-02,553.828369140625,562.4433935624597,552.8560550173125,556.3608684540276,1279856
2015-01-05,551.0245971679688,564.3881364222082,550.3688798283873,551.7707944468982,1456708
2015-01-06,547.949462890625,553.6928139269371,543.1331586444549,549.4644360974294,2579114
2015-01-07,553.6023559570312,556.8810530126553,543.8114771569519,548.107700885011,2189814
2015-01-08,559.6849365234375,563.8228897671323,556.2479682483039,556.2479682483039,1672412
2015-01-09,559.9560546875,563.483501578475,554.0770133387679,562.036375020523,1532294
2015-01-12,557.6045532226562,559.7752986259438,550.3688088174961,558.1924795373151,897684
2015-01-13,564.7498779296875,570.3123233680402,556.247856096233,556.247856096233,1478978
2015-01-14,559.390869140625,570.9454708502655,553.737943686662,563.1670675073524,2831716
2015-01-15,578.000244140625,585.1907755299686,566.8300868130965,569.3625860836403,2859036
2015-01-16,589.9844970703125,593.715427770847,576.3948977624901,577.5028490403033,2131084
2015-01-19,602.4661865234375,603.7324639603012,586.0953357996632,590.1202299336023,1362458
2015-01-20,599.3231201171875,605.5413377377205,594.8234138117042,602.9183584051387,1838290
2015-01-21,599.2328491210938,605.993727204806,594.7105078732967,605.0892589552466,1391960
2015-01-22,601.4486083984375,604.2298586418734,594.6877319308487,599.2100720976232,1815350
2015-01-23,615.8974609375,622.1156780871282,602.0591123581049,604.1845899566044,4563196
2015-01-27,598.96142578125,615.038369960112,593.8285798375279,614.8800990675379,2382932
2015-01-28,595.2757568359375,603.2802781752607,589.2610213361055,598.961420518875,1659912
2015-01-29,586.4571533203125,596.9263276856492,579.944971790673,595.3661422544563,2952528
2015-01-30,572.1213989257812,588.7636373436048,569.8150158548603,588.3566155771217,1628740
2015-02-02,561.3129272460938,581.098168571499,557.8759592224375,572.2118129168306,1455970
2015-02-03,542.319091796875,564.8177374902216,539.1082408392988,561.7199450537174,4694416
2015-02-04,547.6327514648438,551.6802789705741,542.6808111448854,543.9923008126882,1828968
2015-02-05,533.50048828125,549.5774308880432,531.4880688345384,547.6554361698583,4854858
2015-02-06,519.9560546875,533.7265582550191,516.9034751100783,532.3246438603319,4184102
2015-02-09,503.5174560546875,513.0143721183574,500.30660499784204,512.3812333399079,5283110
2015-02-10,515.6372680664062,521.3128277655479,498.36194855574394,501.57279943388005,4016676
2015-02-11,512.5620727539062,521.3127904003021,507.8588276899061,516.6321791200764,2159236
2015-02-12,513.0368041992188,522.0589050059925,511.7931607841078,518.6445164573147,2265072
2015-02-13,539.3116455078125,542.228532546111,508.13008000901505,512.833324359708,5989004
2015-02-16,547.40673828125,555.3434687312614,532.0986252044071,542.5226431772377,4291626
2015-02-18,555.433837890625,561.6746898596957,546.3213659505051,548.1076683655001,3603180
2015-02-19,565.247314453125,569.3399992246523,552.1777401923064,559.4134845355306,2829468
2015-02-20,566.197021484375,572.2795472772071,561.6746810571835,568.3224994034147,1295648
2015-02-23,570.3801879882812,576.3722890712106,564.410720689292,567.9381131098398,2705104
2015-02-24,569.22705078125,573.8850841845864,563.1897364684069,570.2672113134463,1833458
2015-02-25,573.0257568359375,579.4022459348058,569.8149061043154,569.8149061043154,1399182
2015-02-26,565.1116943359375,574.3146468069247,563.0087948267549,572.9805783550067,4445506
2015-02-27,579.085693359375,582.4774486894768,565.3604011644334,567.9607469175114,2313528
2015-03-02,578.02294921875,591.8839335844661,569.159173076358,585.6882941143716,2758186
2015-03-03,556.9940795898438,568.9104357850107,551.5220586172017,568.9104357850107,2632558
2015-03-04,547.7007446289062,570.1089678859771,545.0325522170062,567.5538340067477,2727706
2015-03-05,555.6373901367188,557.8533480766816,544.4898094912312,551.2733204068196,1604900
2015-03-09,545.7560424804688,555.7051910127625,543.1330630583973,553.5344456148862,1868972
2015-03-10,555.4564208984375,562.805223536011,547.2935749638864,547.2935749638864,1823950
2015-03-11,569.9505615234375,572.3021563623494,550.9114649831472,553.8509861339613,1966554
2015-03-12,561.2903442382812,570.3802382832321,557.7176839348233,569.9506379852962,1995764
2015-03-13,555.2302856445312,566.649193982975,551.9515891909186,566.649193982975,1215886
2015-03-16,551.6124877929688,557.1523549587519,546.0952544116442,557.1523549587519,1130904
2015-03-17,557.2655029296875,559.9789076913659,545.2812985656082,554.0998640410628,5156560
2015-03-18,549.6904296875,557.559312366841,547.2031426753393,556.2704565014088,1164304
2015-03-19,546.0274047851562,557.0845052618449,543.133095814881,555.3434152045578,1550130
2015-03-20,526.9883422851562,544.9420113662719,522.0589802701018,544.9420113662719,3144054
2015-03-23,536.1234741210938,542.6808679420603,523.8000960782429,530.2217976004828,2470122
2015-03-24,539.0855712890625,553.240462616091,531.0131500832206,531.3749593713397,2037534
2015-03-25,547.3615112304688,549.4644107569529,539.0856606355084,539.0856606355084,1495138
2015-03-26,543.1784057617188,552.6301101763104,527.6893867162698,544.6481666930388,5380628
2015-03-27,537.4801025390625,544.941963449365,530.1539339088671,544.1279201774122,1580906
2015-03-30,542.8165283203125,548.2885490427408,535.2641868962914,541.7763679695161,1381266
2015-03-31,537.16357421875,547.2031470666642,533.6361268914577,543.8113920228626,1622908
2015-04-01,543.6305541992188,546.2987462025023,532.7995705098094,537.254064973984,1379942
2015-04-06,561.9688110351562,563.0315503101292,538.520480000865,540.7816508856446,1813774
2015-04-07,573.817138671875,580.578070551789,556.9488424535182,562.5339216904214,1322082
2015-04-08,576.2366333007812,579.605810264706,568.5034416991775,576.5984426406505,1054736
2015-04-09,576.3948974609375,578.7917046659026,570.2671043530413,576.5983806900298,1213928
2015-04-10,581.912109375,583.3818698999418,572.5508874978791,576.1461257771517,928554
2015-04-13,564.297607421875,580.1710097849478,561.222394139373,580.1710097849478,1573142
2015-04-15,546.7057495117188,563.4836215854721,544.4219454965861,562.6243658567909,3648224
2015-04-16,555.569580078125,558.5091016658399,543.246201114243,547.2258831916614,2282350
2015-04-17,553.7606811523438,559.8658417857098,549.0800690409686,557.1524370597693,914614
2015-04-20,537.1182861328125,553.7605189936152,534.8119038320175,550.8209980679651,3364204
2015-04-21,538.3619995117188,547.090138706109,531.3750055628668,538.15851627218,1125000
2015-04-22,548.537109375,552.17761450074,532.0305713493841,540.4195326194794,1662436
2015-04-23,542.1607055664062,552.1776994432022,534.9928078962392,552.1776994432022,1658818
2015-04-24,530.0634155273438,544.9419239098161,528.2092673250334,541.4371107062467,4042390
2015-04-27,527.2822265625,534.6536630727317,519.5942483241947,528.2319621554157,2429722
2015-04-28,534.631103515625,539.0630195500436,520.069188324287,527.6214753251672,1349770
2015-04-29,530.3123168945312,535.7617045586281,525.0437787030223,534.9929286870589,1009096
2015-04-30,517.8079223632812,530.9000743884577,514.5065921302315,529.1137721965406,3247284
2015-05-04,543.8114624023438,546.728350035775,520.5214080873993,520.5214080873993,1616036
2015-05-05,533.2969360351562,543.5852593718531,528.4127868309424,543.5852593718531,1315182
2015-05-06,526.0159912109375,536.3495271303796,523.8904582759245,533.2969476125634,2243846
2015-05-07,529.4530029296875,532.7316997234011,517.3557423459855,525.7899182424086,1957782
2015-05-08,533.79443359375,546.5700451165424,531.374992540923,531.827226577128,954900
2015-05-11,540.08056640625,547.2032533820912,534.9929328520776,534.9929328520776,707060
2015-05-12,532.3246459960938,540.0804703647891,529.1137955426445,540.0804703647891,1630000
2015-05-13,545.80126953125,555.0042211304324,532.3020945865886,537.7062692394248,2096774
2015-05-14,554.9590454101562,556.8810401916169,540.6684599582841,546.253539635305,2122604
2015-05-15,564.8629760742188,568.096405447461,555.0494638261621,556.2478951288958,1670000
2015-05-18,571.465576171875,573.6589003036277,556.9940863731237,563.0087661981181,942950
2015-05-19,567.03369140625,577.5029214219992,562.8731599429003,571.4656074816771,1390012
2015-05-20,565.6317138671875,573.1387877355284,558.9612619147262,567.0336283214111,1165122
2015-05-21,564.817626953125,571.0358443951598,561.471139547797,567.5536647093584,1292072
2015-05-22,567.8475952148438,569.6791096699111,562.5112122895176,567.5536320936081,1502662
2015-05-25,569.7696533203125,575.8973911738814,564.7045991694238,567.8476587336885,756930
2015-05-26,571.1942138671875,575.6487080233301,566.1970057522509,569.7696656313339,705404
2015-05-27,552.9918823242188,569.1366176931267,548.9895663557388,568.0060324374789,1997572
2015-05-28,541.8441162109375,553.5117189547844,535.4676285806056,553.5117189547844,2378236
2015-05-29,568.95556640625,573.3196354094149,528.9554924501547,540.4196129475455,6907312
2015-06-01,568.95556640625,574.3371618773077,560.7701423054028,568.95556640625,1242246
2015-06-02,553.8057250976562,571.9629305742279,551.2280134737024,569.3173728118871,1425648
2015-06-03,544.8741455078125,555.569491073624,542.7260339224647,554.5519645331962,1276568
2015-06-04,540.6911010742188,550.7080978405419,533.6588936536853,545.8465810663388,1169336
2015-06-05,545.3263549804688,556.5643587802765,538.2036695180678,540.9849196442553,1311658
2015-06-08,545.5752563476562,552.1778634943497,537.5481006744174,546.2988199026818,1142562
2015-06-09,545.032470703125,552.5621788937368,541.5502904994005,545.4394924007385,962068
2015-06-10,551.95166015625,556.247883647839,542.7712868240611,543.5853301989451,936760
2015-06-11,537.0730590820312,554.4388548085847,535.8972617848066,554.4388548085847,1028418
2015-06-12,539.4926147460938,542.2286529666582,531.827269298407,538.1585463138642,1206728
2015-06-15,551.8611450195312,555.4563830601865,538.610667392373,540.4196033030106,1435222
2015-06-16,557.5819091796875,560.3179470642829,550.7531865638415,558.4863772136896,1340132
2015-06-17,566.8980712890625,569.3400912360785,553.3084146664717,558.7352238009202,2391462
2015-06-18,567.0789794921875,573.184140400715,563.0541397974634,567.6216935844521,1893300
2015-06-19,590.4141845703125,599.0744224424914,566.9205926094485,567.1014972698626,3766568
2015-06-22,593.3309936523438,598.1246628955563,586.9997178054438,592.4265256742152,1686240
2015-06-23,604.2299194335938,605.5414092547772,591.0699192651186,593.7833236381796,1157398
2015-06-24,588.967041015625,606.852920899674,584.919568095328,605.9710313241026,1481094
2015-06-25,587.8137817382812,592.7430882289482,577.7289413457711,579.198701861915,2473112
2015-06-26,589.7584838867188,595.9993366026165,584.7386963740314,587.9495474710218,1320310
2015-06-29,580.736328125,585.6430562036746,577.2767268293364,583.3818861025022,1287240
2015-06-30,579.92236328125,583.1784817901614,572.1439591623914,582.5453430352878,2502056
2015-07-01,582.4774169921875,588.8086932638416,575.7165404838388,578.8595448369565,1826964
2015-07-02,593.98681640625,599.1197172577221,583.0427740078749,584.2864176987972,1513902
2015-07-03,593.6251220703125,601.4261605537299,591.5222223947802,596.9490317745489,1733252
2015-07-06,597.7403564453125,599.413600350973,585.6430955904518,587.4520317930478,1210678
2015-07-07,595.9539794921875,603.2801481146909,592.8787662506445,596.0444042092673,1246580
2015-07-08,578.4752197265625,593.3763102009665,576.3723202672979,593.33109783499,2030192
2015-07-09,571.6238403320312,584.1281228801648,570.2671381793444,584.1281228801648,958292
2015-07-10,565.0890502929688,575.173835968415,563.1896342577211,568.9104057378466,3604156
2015-07-13,573.2518920898438,575.2417330248255,565.7674514061976,574.3372648911387,1739946
2015-07-14,574.3145751953125,576.1461450694626,565.7447625446607,574.3372089781927,913798
2015-07-15,582.4774169921875,585.1908211086107,574.3598384256272,575.2416726817255,1395890
2015-07-16,582.865478515625,588.7313259620915,578.4832139813221,583.3904497677094,1644288
2015-07-17,591.881103515625,594.2091763480677,580.6515331235059,586.0837402148837,2085314
2015-07-20,600.006591796875,601.1934469863892,590.1921201869985,595.7156023669232,1363818
2015-07-21,592.7940063476562,603.9323002790621,588.3204671871028,601.1477407270884,836144
2015-07-22,612.7196044921875,616.257378330753,591.1505962506112,592.5656946413364,1867150
2015-07-23,620.3201904296875,624.4742109514019,614.2261001736576,615.3444710252119,2399756
2015-07-24,606.99072265625,622.0547931858481,604.3887691269049,622.0547931858481,719700
2015-07-27,600.7139892578125,611.6925228718931,598.5000386592833,602.1062967671843,900076
2015-07-28,599.823974609375,611.4643942079588,596.4231684278226,602.5628968678652,1242534
2015-07-29,600.531494140625,605.7582479925278,593.4330990130264,604.3431494395834,1372156
2015-07-30,601.5358276367188,613.290369516169,598.5458150828299,605.1420865813315,1368146
2015-07-31,622.4656982421875,630.8650706751852,603.9323361094572,606.488652313366,2508732
2015-08-03,610.7340087890625,618.0834388298549,608.0407241664452,618.0834388298549,831716
2015-08-04,622.7852172851562,625.3415332620378,610.2546160854322,612.2860166072245,1124208
2015-08-05,633.0790405273438,634.4941392071951,616.0977449220966,623.5612968843177,1282268
2015-08-06,637.8265380859375,642.482683761087,627.0762456430691,632.9193022409393,1255418
2015-08-07,634.654052734375,658.2772607294314,632.2346487565827,636.7995198667385,4958870
2015-08-10,620.6852416992188,636.7764055997842,617.1703147110488,629.9519484476681,1431622
2015-08-11,611.4872436523438,624.9079182016486,609.4102053073951,622.1462050124552,1486050
2015-08-12,593.1592407226562,611.46435895003,591.1506867042096,611.23611544165,1515180
2015-08-13,611.5099487304688,615.3444505163703,593.8895624048945,594.8481739204929,1535240
2015-08-14,629.1076049804688,630.7737937673008,613.9750489490297,615.3445100247525,1466162
2015-08-17,616.7367553710938,629.9063935727573,614.066261964688,629.9063935727573,790168
2015-08-18,623.0819091796875,626.1860430731724,616.7595753660784,618.1290363678787,844484
2015-08-19,623.4014892578125,632.0975332652572,615.6640010922465,624.0177355695981,1065202
2015-08-20,609.2959594726562,627.7608344004627,606.0549132566111,625.3871245383323,1406780
2015-08-21,603.5899658203125,607.0364651314184,587.9552852914067,603.9323310873689,1548770
2015-08-24,567.5275268554688,592.5201929285329,559.1966381644474,586.5402236977634,2079760
2015-08-25,571.0424194335938,581.5416209681307,559.6530904931428,570.6087790509205,2133382
2015-08-26,554.85986328125,576.0865055211333,550.112388065694,572.9595811960875,2001506
2015-08-27,561.5703735351562,569.2393786321179,554.6317923320154,569.1024102211466,4865668
2015-08-28,563.2821655273438,569.2621903812079,556.4577065104895,564.4918673383742,3995432
2015-08-31,557.3250122070312,566.9568771557148,553.1252982013996,561.9355199506319,3746160
2015-09-01,537.3765258789062,556.1609788832137,533.6333544077112,551.2081056007795,3174664
2015-09-02,517.9074096679688,542.2609828665259,513.7761795377651,540.9371592645505,4493220
2015-09-03,520.69189453125,528.6119326363238,498.5522755909549,522.1982681590614,2712720
2015-09-04,506.9744873046875,521.07994775795,502.5922229360516,519.4822431437118,2989644
2015-09-07,507.11151123046875,512.3611126806319,498.82625953615917,507.15714879402685,1389426
2015-09-08,523.0884399414062,530.6204750885793,503.5051374140546,507.157033242987,2745142
2015-09-09,534.36376953125,540.4350700395121,525.5079089545336,531.8530905685661,3132170
2015-09-10,534.1354370117188,540.2752207045249,524.0927228339209,532.263851423286,1425516
2015-09-11,532.4921875,545.4564319280305,529.5478680754137,539.9785868787377,1622658
2015-09-14,535.3451538085938,538.5634095956334,526.3523817854608,534.3636955688679,1439596
2015-09-15,525.8275146484375,534.8887726629904,522.723380002204,532.309609339454,1468462
2015-09-16,533.1539916992188,534.089812377833,525.4394056547939,529.0684551674431,1953384
2015-09-18,547.4420776367188,554.5861108910858,533.9757100817609,536.3951136607017,5269170
2015-09-21,541.0740966796875,546.8486130061635,537.3080786979784,539.5676671975982,2274848
2015-09-22,542.03271484375,548.8800203477804,538.0840908583895,546.4149792216265,4025672
2015-09-23,551.5504150390625,557.5988677593336,535.4820950074445,536.3722223636652,3068924
2015-09-24,557.3706665039062,562.848510892151,546.6432212435935,550.0668739862465,4290468
2015-09-28,557.64453125,565.952628429674,553.6502698338625,559.1737516189044,1689472
2015-09-29,570.4717407226562,583.8924687054423,548.5147287411032,550.5232825418445,6506062
2015-09-30,576.9083862304688,579.2136125193371,568.6002880521511,571.1109669583672,5297210
2015-10-01,570.631591796875,583.3903810491963,567.4818203789026,582.9338940530702,2110700
2015-10-05,580.0580444335938,584.3033960851808,573.1194638944879,573.1194638944879,2226118
2015-10-06,577.1137084960938,588.8682491279105,574.8312734219546,582.9339179351487,2787718
2015-10-07,587.8867797851562,592.9537744092326,575.1736278072926,575.6529614532033,1427976
2015-10-08,580.9482421875,591.0365946196215,578.4603543871601,590.8996262183126,9205452
2015-10-09,581.2676391601562,587.7725781139743,578.1178681009751,584.3032884833054,1427498
2015-10-12,581.975341796875,585.4446321761787,575.1736737169475,579.8070283443706,1496340
2015-10-13,585.6500854492188,588.8683416990757,579.7385999673071,580.6972117044386,2852984
2015-10-14,588.0009765625,588.8683131296427,581.1080330341358,585.6500570359221,567184
2015-10-15,581.9525146484375,594.0722683257004,578.5060707952296,589.7812788365205,2148492
2015-10-16,588.34326171875,591.1278212878369,578.9396406168858,583.3903888889257,1478824
2015-10-19,584.8740844726562,593.3875798518309,582.454680604551,588.8683465129574,1646242
2015-10-20,570.905517578125,586.1293489469588,569.2621754080234,585.2163748831784,3016880
2015-10-21,573.6444702148438,576.9083638107879,562.3920531368423,569.6729993925104,1502156
2015-10-23,569.0796508789062,584.280637781815,566.226606521357,578.1865461787944,1629182
2015-10-26,568.4633178710938,575.1280173306571,564.514693936877,570.6087846118286,1165248
2015-10-27,570.631591796875,575.333374422868,562.9854346117623,566.9568491886556,1624822
2015-10-28,560.0639038085938,572.069478310799,557.0054075161879,566.9568462699108,3883340
2015-10-29,560.4747924804688,564.6744508277775,554.1752492359918,560.5660675962092,2387748
2015-10-30,540.2980346679688,560.0410986096704,535.5962517182732,558.0553911845142,1933272
2015-11-02,551.8243408203125,564.446218476024,547.807288348567,547.807288348567,2576854
2015-11-03,562.82568359375,563.9897478556633,552.5775716546178,553.2166646665797,1311030
2015-11-04,572.5717163085938,574.9454266261394,562.8256734300845,562.8256734300845,908280
2015-11-05,575.0594482421875,579.6243178452213,568.6001466091934,571.0651873395328,1734508
2015-11-06,570.4033813476562,579.2820316473293,553.7187583831445,572.8912133312831,2328754
2015-11-09,570.1978759765625,577.4560301083974,554.4262842405133,557.3706029741923,1149942
2015-11-10,575.6986083984375,578.825533297178,563.9897053538355,569.2849435673721,1205674
2015-11-13,571.247802734375,574.9453360294023,567.2763326798217,568.5088809271687,3279020
2015-11-16,583.3447265625,588.2519616284217,565.2221599082003,570.6087285955457,4053098
2015-11-17,588.3204956054688,592.5201539139124,579.5102738010106,583.8469005053113,3017600
2015-11-18,583.5274047851562,595.2590994089479,581.7014566274602,586.5858456598911,1383404
2015-11-19,589.8268432617188,592.4972810747424,582.0894108787379,586.6314342524742,921622
2015-11-20,600.3945922851562,604.845341020971,589.4617497312028,589.8269059369544,3969672
2015-11-23,604.16064453125,609.0907272369311,596.7198829098742,600.394626157708,1826316
2015-11-24,602.3574829101562,605.2789553242384,598.8197084265742,604.160584389802,2482202
2015-11-26,614.545654296875,618.0605820821852,601.1934088831824,604.8224584241652,1818860
2015-11-27,616.80517578125,626.3001271114091,615.9835326637506,618.9963355415967,3275350
2015-11-30,623.3330078125,625.29592423123,617.0334648289816,617.626920227252,4884086
2015-12-01,624.8850708007812,630.6367959053789,619.2246208075617,625.387195360383,2366346
2015-12-02,625.5926513671875,628.5598171731401,622.42008867946,627.669689720761,2032040
2015-12-03,614.294677734375,624.8167278424278,611.9666046328724,624.702606065653,1129668
2015-12-04,600.4174194335938,613.153363131466,599.0251116874176,609.6840728101188,1567306
2015-12-07,604.2518310546875,607.7668144553652,596.948038916359,601.8781208991354,1126844
2015-12-08,599.9380493164062,608.428696507093,594.3917210332643,602.5628496082604,1853618
2015-12-09,598.9566040039062,606.5799706237328,596.2405285415133,599.3674534640069,2248652
2015-12-10,589.1878662109375,602.4488384971969,586.129424989885,599.8240377232936,1494658
2015-12-11,576.041015625,591.5615752195242,567.8698863408266,587.042342310533,1292080
2015-12-14,586.4945678710938,591.7441688005687,560.7943253791277,561.9811805315233,2761612
2015-12-15,588.4345703125,595.4644253027985,583.4588510312234,591.1506455838872,1552806
2015-12-16,556.0239868164062,573.0052801383528,551.6645138794656,573.0052801383528,6682490
2015-12-17,569.4903564453125,572.5716435725237,545.7301867527468,554.6316828980238,4996832
2015-12-18,567.55029296875,574.4660262398519,563.7842753277104,568.3491451956372,2740974
2015-12-21,583.7783813476562,586.1293005123259,566.0438727689129,566.0438727689129,1876456
2015-12-22,573.5988159179688,582.8654694526705,572.0467488277504,582.8654694526705,1222278
2015-12-23,571.4533081054688,579.82983441193,569.353478799199,575.4019322721109,1002636
2015-12-24,574.1465454101562,580.1949983830718,571.6358668176252,571.6358668176252,693062
2015-12-28,570.3348388671875,577.9581490757558,568.3262850284096,575.1735896673061,1232286
2015-12-29,577.2734985351562,579.6929021319349,570.6087989086069,570.6087989086069,862010
2015-12-30,576.5430908203125,581.9752973575419,574.7399894290044,577.4789114756567,940950
2015-12-31,580.811279296875,583.3219580389103,573.0282086306751,574.7171884040924,1163700
2016-01-01,577.6159057617188,584.0523623361286,575.1737110697377,580.6287092940468,486818
2016-01-04,567.1851806640625,576.5431655361858,565.9069945872429,576.5431655361858,727368
2016-01-05,570.2435302734375,580.6058184651296,565.9069038330381,568.7827941829174,1466066
2016-01-06,559.7214965820312,569.7870006057373,556.9140906361723,566.0894673781819,1178150
2016-01-07,546.620361328125,556.4805255663274,536.3722499900607,556.4576789258587,1954754
2016-01-08,546.8715209960938,551.5961511220988,543.9956301071235,547.3280080753893,3530992
2016-01-11,530.7118530273438,542.3066356755483,526.8317129572746,542.3066356755483,2263750
2016-01-12,539.5220336914062,541.8272597664445,527.7218550714656,531.3509046825981,1162522
2016-01-13,550.0897216796875,554.3806552132102,537.2396005496425,541.8957459991527,1652518
2016-01-14,542.5577392578125,547.6932188892075,526.1469953571536,544.6347220301757,1620082
2016-01-15,537.3765258789062,547.5790558905783,534.089841451687,546.8714786830094,925828
2016-01-18,532.1040649414062,541.895688475311,527.7674385860948,535.7787517346964,1228894
2016-01-19,526.101318359375,532.6291053798349,517.4509111625254,532.6291053798349,2012000
2016-01-20,525.3025512695312,529.7989382391038,502.5923171390432,519.4823405124715,2616840
2016-01-21,519.8018188476562,531.0770832259029,516.8346528097262,527.2425805860275,1634526
2016-01-22,547.2822875976562,550.066847214788,520.7831943698129,521.536409081241,1505188
2016-01-25,537.878662109375,556.0240206198085,536.0070208037034,550.5233299014549,1650040
2016-01-27,537.1482543945312,546.7801750998235,525.0513483589025,538.3808027832126,2116716
2016-01-28,549.6788330078125,553.8784911246205,537.5134432951147,537.5134432951147,1347616
2016-01-29,562.9627075195312,566.0439953977043,548.8344542786506,553.2623567919496,2034158
2016-02-01,559.8129272460938,565.3136189264666,551.3679161479328,559.6531679105625,1027972
2016-02-02,550.820068359375,566.6373545900498,547.7844185618092,560.5432083547396,1032894
2016-02-03,549.1538696289062,560.5660448082268,543.2195385356596,545.4106984594937,1042488
2016-02-04,549.8387451171875,557.7816322810203,542.7631946403785,551.4364500635637,887888
2016-02-05,556.6859741210938,558.4206472523708,545.3422817340966,549.6104246345197,1290006
2016-02-08,548.5833129882812,564.9940001658424,544.9999007862336,560.5660980649964,1042654
2016-02-09,540.1154174804688,555.4534258661315,537.7417072759563,543.6760385107503,759394
2016-02-10,539.7046508789062,548.6745766559962,530.1868514949756,538.6547083951704,1233280
2016-02-11,514.2783203125,539.1112279877132,510.32969602461776,537.285279713411,1382986
2016-02-12,531.9215087890625,537.9928085441575,498.1414687543999,514.2326364736142,4933968
2016-02-15,560.0182495117188,561.9126259004477,530.2552649731999,530.8943578900822,1493674
2016-02-16,550.546142578125,566.2264591411615,547.8528582609152,561.0224964428,1198744
2016-02-17,547.9669189453125,551.4362084497996,541.1652525804946,551.4362084497996,1079510
2016-02-18,553.9925537109375,558.2606955667311,542.4662581748426,553.4904292085215,1406810
2016-02-19,561.5930786132812,570.0609339514755,548.446231967803,552.3492177379153,1361338
2016-02-22,564.697265625,570.1522629854566,562.3007088750612,562.3919839856545,1101500
2016-02-23,551.7559204101562,566.5461131908876,549.4734849724978,564.674527276712,1709506
2016-02-24,556.2750244140625,558.7400652584338,545.3649744134159,547.7843777043469,1284148
2016-02-25,561.04541015625,567.2536226598845,555.5675657606582,555.6588408778455,2585106
2016-02-26,561.5018920898438,569.6273277687369,560.5432247505097,565.1309416795596,1777842
2016-02-29,560.6117553710938,579.282087540548,554.6546325858164,558.8314446665727,3427866
2016-03-01,578.8711547851562,584.1663928517042,551.4819347269656,555.6588019305419,3171988
2016-03-02,547.3963623046875,579.7384530485614,543.0597360810959,579.7384530485614,4975766
2016-03-03,554.7914428710938,560.7029827268096,547.9441381356373,553.2622226248768,2128882
2016-03-04,555.2479858398438,561.0225578937047,552.600394509279,554.6317394962175,1402812
2016-03-08,556.6403198242188,563.3050196084321,554.6089190179389,559.1966361590999,1459818
2016-03-09,564.0125122070312,565.1308830221548,552.8970096301716,554.586044895603,1762268
2016-03-10,559.8129272460938,569.4220027039504,557.3707324786271,562.392090428885,1316558
2016-03-11,557.142333984375,564.0581225644414,555.0881426669398,556.2749976167568,1353850
2016-03-14,553.28515625,564.195152264939,550.066900228963,561.479076582261,1425720
2016-03-15,550.0897216796875,555.6588411956518,546.6888598480369,554.5861078122712,1281014
2016-03-16,553.3079223632812,554.631745905619,540.4806478619365,550.0212380102835,970990
2016-03-17,547.0768432617188,559.1965958530825,543.2195502572802,556.5033113079447,1315728
2016-03-18,558.0783081054688,560.2009284720895,545.5020666231991,547.8301396122006,1669452
2016-03-21,560.543212890625,561.4790335693124,555.1566994986207,561.0225465501503,986906
2016-03-22,572.0466918945312,577.8440544716817,557.8271107818628,561.4790067607947,1927934
2016-03-23,570.31201171875,575.9953081973589,567.093811862595,572.8911743655758,1591314
2016-03-28,567.80126953125,577.9124664033071,564.8113135064724,576.0865186421593,2335552
2016-03-29,562.506103515625,572.0694838382333,560.2693060798078,566.1351528618054,1942358
2016-03-30,556.800048828125,570.0838101129352,554.9512540871893,567.8698591860524,3656452
2016-03-31,552.6688842773438,560.0183708283454,549.6104431373333,556.457749322599,5135346
2016-04-01,545.59326171875,551.1624367734229,542.3065774779856,550.8428624266597,4983622
2016-04-04,568.7372436523438,570.334948374855,541.7131760546141,546.6204119880415,2898226
2016-04-05,554.9512329101562,569.5816637947291,554.266502398682,568.7371739752798,981922
2016-04-06,557.0739135742188,564.6287959071342,554.449113256987,556.9141542648288,1253168
2016-04-07,553.5590209960938,563.3050081693943,551.8928321529966,559.1509872441287,824062
2016-04-08,562.506103515625,565.4047848094087,551.7558124189228,554.586065241787,971094
2016-04-11,564.218017578125,565.7700847582379,552.3722004208075,565.5418412236189,998468
2016-04-12,566.02099609375,570.0609503565678,561.0681236145494,564.6743818218155,2127960
2016-04-13,608.2461547851562,616.1434031343703,571.1109439665472,572.4347675721433,5955162
2016-04-18,611.9893798828125,618.4029895552328,600.782600421496,607.1277816146534,3446600
2016-04-20,605.3245849609375,613.9521443446448,595.395993099314,613.9521443446448,3542876
2016-04-21,597.3817138671875,610.9393552547467,594.4145484160002,609.3872883355775,1693322
2016-04-22,605.3018188476562,609.455839793084,594.6428575413091,597.9980261617117,1421344
2016-04-25,605.5299682617188,608.930773913175,601.3074637713901,604.9822061848088,1211802
2016-04-26,618.0150146484375,623.5613437481487,606.2833191235501,608.9537573645904,2435670
2016-04-27,632.1204223632812,634.2202515817277,615.8922859630144,618.0834460226632,1671196
2016-04-28,613.7467651367188,637.7123323882455,612.1490606532836,634.2201957297495,3997186
2016-04-29,607.561279296875,614.2716708460971,601.7867640011028,613.518456239495,1806098
2016-05-02,610.1177978515625,613.9750911908264,599.4587805000303,602.1064277179926,1204758
2016-05-03,605.2333374023438,617.3074531753828,600.7369511542888,610.3231790982402,1916636
2016-05-04,603.0193481445312,607.0820937316913,596.1720429044344,605.2561456676655,1044784
2016-05-05,602.9508666992188,607.5842210775328,596.2861673798101,604.845298968994,1343540
2016-05-06,607.4928588867188,608.9535948458225,596.4002036477265,598.7739135121462,1092306
2016-05-09,616.074951171875,619.2247231642261,607.5386650770804,607.5843026403132,1891170
2016-05-10,616.2118530273438,618.5170790950555,608.0407240445053,615.1162730104886,1346258
2016-05-11,615.4357299804688,616.7139158259882,598.97940762958,610.7795850297352,2414330
2016-05-12,609.13623046875,622.2830219121429,607.6982853530722,620.0690712285158,1287602
2016-05-13,599.2533569335938,607.8581264235876,594.3461212931168,607.5842453464965,1207170
2016-05-16,600.8739013671875,602.5628810929664,595.9438191415665,602.5628810929664,1124564
2016-05-17,612.582763671875,616.896599652528,601.8781648272659,603.9323565160962,1869828
2016-05-18,605.3018188476562,609.3645646739161,599.1392437688905,609.3645646739161,1679064
2016-05-19,598.4772338867188,606.8081206657516,595.9437090425974,605.301691451922,1311608
2016-05-20,590.2833251953125,603.4986572041952,588.0922210418911,599.2761524782304,1558094
2016-05-23,586.5630493164062,593.9125358601656,584.3719447733926,593.8896892168291,732148
2016-05-24,591.0594482421875,594.7569821625272,574.8313115006483,580.5373995639861,1391044
2016-05-25,598.796875,601.6499190013341,593.4331522774919,594.3004887986006,1755228
2016-05-26,611.28173828125,616.2346111491469,596.1720295349814,601.6270269645225,2812820
2016-05-27,608.8167114257812,621.7353162780863,606.0093608539966,611.2361149018778,1473552
2016-05-30,607.5156860351562,617.0334284210553,599.2761294823382,608.9536311664954,4824894
2016-05-31,603.61279296875,614.1119941527664,599.9380502649395,609.2731872891495,2957786
2016-06-01,608.8395385742188,615.8009653507937,605.4158860611491,606.6712253159412,1890434
2016-06-02,608.6112670898438,614.3629919026384,607.4015654461449,612.6055281714384,1523970
2016-06-03,618.1746826171875,620.1832365927783,612.9479286762123,613.9750244420075,3376508
2016-06-06,625.2503051757812,632.9649476515514,621.3017366768606,621.9636206259177,2434724
2016-06-07,629.0162963867188,633.1246797591815,626.7567078212705,627.66968190404,3529094
2016-06-08,632.8279418945312,638.1688174334328,629.9292049046344,629.9292049046344,2266562
2016-06-09,626.9392700195312,635.977679373921,623.1960431073597,631.3215341662213,1386668
2016-06-10,628.0576782226562,641.3186489265855,622.4429211060378,624.8166314071832,2835080
2016-06-13,619.6126098632812,628.3543469388801,609.5242584454338,620.0234593023857,2380866
2016-06-14,618.8137817382812,623.9492606184328,615.8466161630826,621.2788227454564,1174906
2016-06-15,618.791015625,624.8394687707317,616.3487654364025,619.9093865587673,1365592
2016-06-16,613.4957885742188,622.7396519396627,611.3274749452875,619.4529672546909,1998934
2016-06-17,613.5185546875,620.7310718906422,611.3273947027822,616.3944452020029,1931630
2016-06-20,616.6455078125,618.0834531354725,607.1506107996244,611.7154812068287,2144048
2016-06-21,623.9493408203125,626.1176544039785,618.4487050579662,618.4487050579662,1986504
2016-06-22,620.5941162109375,630.2944655816491,615.846639962451,623.470006784366,1218652
2016-06-23,627.5556030273438,629.9750068014179,620.1376880979425,622.1233957189552,1998834
2016-06-24,634.0148315429688,638.0775771549077,600.2804297096407,610.7796311418246,2768948
2016-06-27,635.3386840820312,639.6753109587592,629.0391406453781,636.8679045201743,1746496
2016-06-28,643.007568359375,645.4726092707403,633.1018228827429,634.5625589735838,2010980
2016-06-29,647.1845092773438,650.8820432041598,642.7337605801446,645.7009263782774,2111922
2016-06-30,652.7534790039062,655.9717342274087,646.1572649957529,653.2328125813652,4694178
2016-07-01,667.8861083984375,673.2726772059257,653.9176175555651,654.1458610520941,2329862
2016-07-04,668.9360961914062,674.4367313971321,663.0245557958167,672.2684180328822,1728496
2016-07-05,666.3341674804688,677.4268257987925,664.3256689100165,672.2684995123989,970110
2016-07-07,665.01025390625,670.8988913619419,661.9061201568011,664.1885550538934,1597782
2016-07-08,663.4811401367188,668.9818318727785,660.5596673330825,664.5995669438023,1428498
2016-07-11,671.9260864257812,675.4182234794292,666.9275755514042,670.1001382380978,1316600
2016-07-12,673.3868408203125,675.7377601254256,671.0587681556767,672.5195043348759,940948
2016-07-13,668.5023803710938,675.6007756751941,666.585157216015,672.861853611646,1505342
2016-07-14,660.6508178710938,666.9503608284002,652.6166577291964,664.4396823013378,1832622
2016-07-15,668.6622314453125,677.9745223845101,661.4953515586177,665.5124597577533,2521152
2016-07-18,670.4424438476562,676.3767749294168,668.0687337043566,671.0358992452369,1474504
2016-07-19,664.9191284179688,673.3185025778827,658.8021898600138,670.2143678698084,1392118
2016-07-20,667.1100463867188,671.8346752206375,665.6036171476119,668.2969013236034,1445068
2016-07-21,660.4132690429688,670.1018997685742,657.7437574873983,668.3068494730989,2491952
2016-07-22,663.0367431640625,665.8443567899621,661.2186572878445,661.4027750732015,2033726
2016-07-25,673.6688842773438,675.8551495367581,661.9781072321352,662.7835733803405,1919612
2016-07-26,666.9030151367188,676.4535434713206,664.71674961434,675.6711130214684,2004548
2016-07-27,669.1353759765625,673.7610200085918,660.942610833509,667.6395100397875,1342568
2016-07-28,668.5369262695312,673.3697233269013,665.6142459527607,673.3697233269013,3059592
2016-07-29,675.0957641601562,681.1482787540108,668.5369677468054,669.2273673692634,3784502
2016-08-01,676.66064453125,687.522920098852,670.1708996688793,677.9263771038169,2556022
2016-08-02,671.04541015625,685.1986026891753,668.2608320029682,681.1943072757576,1498848
2016-08-03,665.7753295898438,676.5455742954662,663.0597466663314,672.771356206646,1345026
2016-08-04,660.804443359375,674.1982404530823,658.6872291712356,671.896908469265,1361794
2016-08-05,683.0353393554688,685.7969377625664,664.6246833081516,664.854816508743,1870776
2016-08-08,689.4100341796875,692.8160168664607,678.3176248842029,688.0982861420753,3560014
2016-08-09,681.5394287109375,694.5189178963881,675.6250170818378,693.621420947076,1546836
2016-08-10,666.9950561523438,687.6379926878271,660.4822754397804,685.3366607176537,6602056
2016-08-11,654.3147583007812,668.6290333135432,649.4359452854334,665.1770350218064,3344252
2016-08-12,667.777587890625,679.8135671581929,655.4424803694288,657.2605104278263,3848548
2016-08-16,664.4635620117188,672.6102543569574,658.8022631380037,668.4218415908468,3017988
2016-08-17,667.6163940429688,670.3549565704413,660.7814494360679,664.4635805304104,1181104
2016-08-18,672.1039428710938,675.4178381432023,668.6519452189567,670.1938262666064,1371966
2016-08-19,671.5056762695312,675.8552276836799,668.122729292882,672.9095113355252,1527874
2016-08-22,664.4175415039062,672.8863977718762,660.5052773552763,672.1730186086301,1207950
2016-08-23,664.0263061523438,666.8109403183863,658.641211800249,666.4197251192791,900824
2016-08-24,660.4132690429688,668.1227316660228,659.1935517790646,664.0954004450244,1003038
2016-08-25,650.7476806640625,665.0849911921327,648.055133286175,665.0849911921327,1965574
2016-08-26,655.8104858398438,659.2164680059433,651.3689044047525,653.0719235802303,1336100
2016-08-29,654.6829223632812,657.6286384872112,650.5865402678836,657.2604029023968,1113022
2016-08-30,660.942626953125,662.3003905164416,655.8796959667153,657.2374595300317,2720064
2016-08-31,661.21875,666.626880617106,658.3881001847114,663.7041999886648,2587538
2016-09-01,669.020263671875,674.2902915998529,661.8861343068254,662.3233649229954,2331330
2016-09-02,678.24853515625,679.3531857195956,660.7584124886723,671.9889235437735,2816632
2016-09-06,685.7278442382812,688.0982272950321,680.7799807309758,681.1942317034432,2300042
2016-09-07,685.2216796875,690.3996772670025,681.5395480754092,688.0983450094458,1940376
2016-09-08,686.7635498046875,690.3996659489926,682.3680389757335,687.6380672851967,1721426
2016-09-09,677.7192993164062,689.01886292924,672.4032556279734,687.6610994007549,1298158
2016-09-12,656.3168334960938,671.0683937054708,651.7372054094284,670.3779941234693,1374956
2016-09-14,649.6890869140625,659.2856305235889,647.0425550019584,659.2856305235889,2284122
2016-09-15,647.2496337890625,655.0051114974021,642.3248057161331,653.0720150650977,1365672
2016-09-16,647.4336547851562,658.733159658189,644.8561745325103,649.8960684534443,1548846
2016-09-19,652.197509765625,657.9508399505722,647.5948456176671,652.6117607759143,1107456
2016-09-20,648.9065551757812,656.6390529596769,646.9044076271413,654.9590694083402,1226474
2016-09-21,647.5488891601562,656.3169314492602,644.9253366460767,648.055171025546,2095174
2016-09-22,650.632568359375,654.7289505346664,648.1471185755573,653.5782845407566,1936070
2016-09-23,649.021728515625,656.8002429806106,647.6179495138,653.0720958656977,1472766
2016-09-26,635.259765625,649.0217444493956,633.3266689060671,649.0217444493956,1781186
2016-09-27,631.347412109375,640.1155096936308,629.9436332698241,635.167645786238,1958762
2016-09-28,633.6716918945312,639.7242055817753,630.5648940588399,633.1654101508714,2085302
2016-09-29,627.987548828125,651.7142503582063,625.2029143617805,638.3435438411717,5270206
2016-09-30,646.9964599609375,651.4380419850602,621.3596437981731,630.7951050558491,2137750
2016-10-03,664.5556030273438,668.3067852697903,644.395969248717,650.3563964092381,3603220
2016-10-04,651.4381713867188,669.5726824967805,649.4360233737463,667.6165498962572,3167876
2016-10-05,644.0047607421875,656.2939080264855,641.979633415816,656.2939080264855,2300598
2016-10-06,631.8997192382812,648.0090424082468,628.4937368168022,648.0090424082468,2127622
2016-10-07,632.4060668945312,638.8497968337768,630.5650011976039,632.866333318763,1374730
2016-10-10,633.7408447265625,638.8497907499092,632.8432914969381,634.2931419564345,729386
2016-10-13,630.4498291015625,637.4228754988833,622.7403677856646,625.9852680074927,1654226
2016-10-14,624.6275634765625,633.7868767080827,622.7864977490154,633.7868767080827,1595846
2016-10-17,604.375732421875,626.146353231865,602.0514210673127,625.8241330762311,1865522
2016-10-18,613.6962890625,614.409724567884,606.4241125175026,607.7358607254253,1576968
2016-10-19,611.1878051757812,616.1586489214008,603.8925934788514,616.1586489214008,2310602
2016-10-20,610.9575805664062,618.4598885611335,608.9323973352734,612.1542618714388,1040256
2016-10-21,610.658447265625,612.1543130682354,607.7357668574974,610.7274984627181,812896
2016-10-24,616.411865234375,618.2298953030255,607.7128177809141,611.4640007197066,1778610
2016-10-25,600.1414184570312,617.1482408306806,598.0242040837492,616.7570255961939,2905508
2016-10-26,602.4658203125,609.85312020478,594.9635099786424,598.3924729730131,1250544
2016-10-27,598.2312622070312,605.7566067208451,595.1244639612936,602.9489928764847,1908564
2016-10-28,603.7775268554688,605.1813057595535,593.7436961824693,597.425827631663,1498016
2016-11-01,610.474365234375,615.7444495432495,600.1874218107123,607.965935676981,1854896
2016-11-02,630.2428588867188,638.1594191822885,601.3381039752326,607.091434476335,6050492
2016-11-03,626.3995361328125,633.119470537082,622.7404407178393,626.4456077208154,2224808
2016-11-04,631.6465454101562,640.6907908717183,619.6336043182835,625.9622669436327,3198050
2016-11-07,634.22412109375,641.3122355354427,630.8411739830169,637.0087555409798,2123570
2016-11-08,637.284912109375,639.1259778997733,629.2072696649242,637.0087634777891,884762
2016-11-09,613.6962890625,625.502135303548,577.1051045469503,604.7901440683312,3743020
2016-11-10,608.1500244140625,634.4542045557631,602.9489915549483,625.0187432375368,2512840
2016-11-11,570.8223876953125,606.1708709828364,566.8641077474318,598.3463418964975,4555506
2016-11-15,569.947998046875,578.992189326069,538.1665754975722,571.6509615291724,4130936
2016-11-16,569.5106201171875,588.3815425607326,561.3179118892006,576.2535341297196,2696932
2016-11-17,561.3638305664062,573.0315705859445,557.382515646248,566.1275757596078,1058432
2016-11-18,570.6612548828125,573.9521707072398,561.985244934675,562.56057790451,1094450
2016-11-21,552.0436401367188,573.3539449434347,547.717123887523,572.7786118301075,1510636
2016-11-22,561.1107177734375,563.1819164286313,545.415645867718,556.9223050632395,1287998
2016-11-23,548.5455932617188,564.5168170592384,546.382307173969,563.8033815674002,1161412
2016-11-24,535.6119995117188,552.2276618813536,532.9885034453894,546.7964957626274,3266868
2016-11-25,539.8925170898438,542.4239824299922,530.8022551865834,538.4657024078243,1527176
2016-11-28,535.0596923828125,544.9323842328338,532.0679607694892,540.8130224084341,1327884
2016-11-29,545.8068237304688,552.7798699632291,533.9319859634043,534.369216509,2076356
2016-11-30,545.461669921875,551.3531019973998,543.3674916259793,548.6375191471991,1876180
2016-12-01,533.955078125,549.5581214534922,532.4822480121369,547.7170557199796,1331604
2016-12-02,527.2582397460938,535.7501330407041,525.4631894035714,532.988534416783,2193510
2016-12-05,543.7127075195312,545.6918192802945,529.3063470773085,532.9194269921246,1325654
2016-12-06,540.9971923828125,548.844701583697,539.4553110242116,545.8760054781051,1087404
2016-12-07,544.0349731445312,550.4326883804134,538.5117754476324,544.4492242087731,1875400
2016-12-08,556.5540771484375,558.8554090191883,546.3361861162479,546.3361861162479,1803138
2016-12-09,546.9574584960938,561.064632140872,544.4950449734632,561.064632140872,1954666
2016-12-12,536.4865112304688,550.202472593853,534.921594214164,546.4282543563106,1082646
2016-12-13,537.3150634765625,540.5829440255242,530.7332307858716,535.7501463139295,1501832
2016-12-14,540.3297119140625,544.9554116575671,533.4717875767349,540.7209832976865,1104776
2016-12-15,546.1290893554688,550.8468196959817,536.716608282261,538.5116583805013,1923330
2016-12-16,543.5746459960938,547.2337415879127,537.5451670869629,545.4157116895606,1602460
2016-12-19,541.7565307617188,547.6249267352706,539.4321632158984,544.6331954546363,1482614
2016-12-20,542.4700317382812,545.8990505333417,538.5117514687329,542.2398985111579,1064722
2016-12-21,547.9241333007812,554.4829297389264,540.813039636528,545.8759702203592,1676032
2016-12-22,544.7713623046875,549.051862789735,539.9155849385018,546.3362794812033,1711402
2016-12-23,539.2481689453125,543.942920510331,531.6077570079727,538.9720203085161,1540542
2016-12-26,528.7080688476562,539.8925664840624,527.3503052422119,539.4323000164716,2124360
2016-12-27,537.2459716796875,539.1790681443191,525.3480961161293,528.8461096251539,1161856
2016-12-28,540.3988037109375,545.3697036241463,538.5117225867097,539.0180044222536,2138830
2016-12-29,540.7899780273438,542.654079399991,537.7522310590236,542.1017822002466,1667556
2016-12-30,545.2776489257812,547.164786346657,539.4322873980609,542.3089527532127,1023018
2017-01-02,566.0357055664062,567.5085357399587,538.6268158553826,545.1856128012823,2106528
2017-01-03,562.6987915039062,567.1633537582637,559.2237572053483,566.1277542078835,1553022
2017-01-04,562.4225463867188,566.4729134786729,558.3031842775789,562.7447666013444,1130816
2017-01-05,564.9080200195312,568.4290696229958,555.7257267534153,563.3661386384995,2508486
2017-01-06,561.7320556640625,570.2700191019618,560.2361899965231,570.2700191019618,2254066
2017-01-09,554.1607666015625,563.3430591556073,552.7799673492331,561.202865262389,1042782
2017-01-10,558.533203125,559.9600175408409,552.7798738797899,552.7798738797899,558120
2017-01-11,567.0482788085938,569.6948109540073,558.6024005032483,560.2593485225331,1411696
2017-01-12,558.4872436523438,568.4980375414441,557.0143575071684,568.4289863466158,655710
2017-01-13,560.535400390625,564.7468490101915,559.5228368272243,562.3534863049566,787588
2017-01-16,557.3826293945312,564.6548612363002,555.7256815350382,559.2236950572712,980302
2017-01-17,554.3678588867188,558.9935588131739,552.6648956318802,556.9223599538414,957954
2017-01-18,559.03955078125,561.7091183397544,553.3783078473264,554.6670200392995,1958376
2017-01-19,557.2906494140625,558.6023975814321,553.5854819559156,557.8429466893117,787858
2017-01-20,548.6605834960938,560.0521768732996,546.3822311097347,556.922342885617,1537666
2017-01-23,547.2107543945312,554.3908992625778,541.8946548043687,550.4786347181761,1086802
2017-01-24,561.8472290039062,563.4581615673309,546.3362722243078,549.9723883901544,1587220
2017-01-25,572.4794311523438,574.596645578596,557.8429356152244,567.5085310343001,3701216
2017-01-27,576.1154174804688,584.4692636900165,572.3412555590903,572.4793579499371,1632060
2017-01-30,573.3078002929688,576.828849389771,567.991757235123,576.1154140161221,880280
2017-01-31,570.7763061523438,574.6655906349224,566.2426937087375,571.2825879152335,1846324
2017-02-01,599.450927734375,601.8442903692968,565.2070987859422,571.6508279251956,3047124
2017-02-02,582.2140502929688,597.2417618152034,579.31440523522,596.9656131694471,2895658
2017-02-03,580.2578735351562,586.2643730003929,576.3916804196916,582.6742723247555,2265052
2017-02-06,582.6512451171875,584.9985925126417,579.0151293319459,580.8561949260062,1710456
2017-02-07,579.4522705078125,582.5590682183068,572.9395469218449,581.8456891216244,2674292
2017-02-08,587.8982543945312,589.6012174824024,579.9816391530167,580.0967057450312,1681180
2017-02-09,594.526123046875,595.9299581273391,582.0068986692568,588.680761880569,1524034
2017-02-10,588.0594482421875,601.9594727275456,585.71210055557,595.1245270987681,3535424
2017-02-13,597.7249145507812,599.7040261709791,558.6713254749844,591.8794981177433,1752192
2017-02-14,599.1978759765625,604.7441092589164,591.442397410911,599.4510450019317,1834652
2017-02-15,598.737548828125,606.999364607052,597.4718161993216,598.4383644243441,2093830
2017-02-16,607.4825439453125,608.288010075228,598.5764011172183,598.8065342971942,1932262
2017-02-17,606.239990234375,612.085351910498,603.8235912746997,608.4722713696722,1750224
2017-02-20,605.6875610351562,609.645897117345,600.4635485076789,606.1708632406151,940842
2017-02-21,603.7084350585938,606.6080796689323,599.7271194598958,606.6080796689323,1125370
2017-02-22,603.5012817382812,605.7105829341749,600.3484681324734,604.9971475396004,1207634
2017-02-23,600.5785522460938,605.4804002467507,595.8148066282165,604.7900007025696,4754094
2017-02-27,595.5158081054688,599.6812424625967,589.6013947348385,599.6812424625967,1495124
2017-02-28,603.9385986328125,606.5391151617009,594.1579371366714,595.9990028300626,1350030
2017-03-01,620.7843627929688,625.4100630026487,597.5639432999799,605.7106368382183,5875460
2017-03-02,609.8529663085938,626.4225563366009,604.3297696325914,623.6149425966054,1599896
2017-03-03,608.4953002929688,613.0749291289551,604.951214814559,608.9325309591649,714316
2017-03-06,612.0623779296875,616.2968070049888,605.8027089524635,608.541328176217,2634892
2017-03-07,607.6668090820312,612.9829093025413,604.1917747477762,608.9785572890136,1357652
2017-03-08,599.9802856445312,608.9554804063941,598.3232816636815,608.9324446125468,1755722
2017-03-09,600.164306640625,603.7774425686492,597.4717596312529,599.2668096991207,1947556
2017-03-10,599.6121826171875,607.5517797387738,598.0472652808853,600.1644799429998,921202
2017-03-14,610.3132934570312,624.7426349726052,605.3423934798143,610.037144832712,1826798
2017-03-15,609.1856079101562,616.1356192186764,606.1248251548045,610.7735044946185,2281418
2017-03-16,607.9660034179688,613.5352165775345,606.8383168333654,610.4974690527598,1868436
2017-03-17,600.1183471679688,613.0518220461003,598.3463327272494,608.9324601524238,2367164
2017-03-20,598.4383544921875,605.917683538257,596.6893758723324,604.7900533252566,1482690
2017-03-21,595.7689208984375,601.1080006318534,584.9986744280901,598.9677503420935,7791312
2017-03-22,584.9295654296875,592.8231457266072,578.8540711927709,592.8231457266072,2647756
2017-03-23,586.632568359375,589.6012641946061,583.3416523300592,587.2999321719885,1991010
2017-03-24,587.2078857421875,592.3628468617559,585.1366869769366,586.4253991643975,1450556
2017-03-27,582.5822143554688,591.1661942258445,579.498451851195,586.8396786910706,2196248
2017-03-28,587.76025390625,590.8210370214357,584.5383887712902,585.5049370748043,1746870
2017-03-29,584.8375244140625,591.3042337560208,581.3164751447403,591.3042337560208,2308496
2017-03-30,589.0719604492188,592.5009789544982,580.3729139621234,584.8605115117897,8849392
2017-03-31,592.31689453125,596.0450414687139,585.6890465397207,587.7602455255194,2188282
2017-04-03,592.1328125,600.647742178391,589.1410804508356,597.2417590700602,1935486
2017-04-05,594.0889282226562,595.5847942050104,584.4923838497582,592.5930622403021,3975030
2017-04-06,593.2374267578125,595.5387589617105,586.9087631970929,592.7771603170329,1084388
2017-04-07,587.0929565429688,593.628718368952,583.9631218690505,590.982185993979,1710604
2017-04-10,589.5093383789062,590.4528509653002,583.3877716345507,589.1411027157594,1087208
2017-04-11,589.8544311523438,591.8105633648076,584.5613675186177,587.7601965450544,1414324
2017-04-12,589.1179809570312,591.9026152679692,583.9860553293112,591.9026152679692,1663874
2017-04-13,589.37109375,589.923390926583,584.1010662251643,585.9190959342053,1104418
2017-04-17,584.2391357421875,588.4275486888604,582.5361725590459,584.56135592877,2118848
2017-04-18,581.3855590820312,586.287407855758,579.2913243271239,586.287407855758,1951614
2017-04-19,579.6824951171875,584.0320463089394,576.7137993105637,581.7767297115342,1718390
2017-04-20,585.3207397460938,587.7601740622702,579.0151127410618,579.0151127410618,1324892
2017-04-21,579.107177734375,586.6785939309297,577.6803630925959,584.5383438758287,1331830
2017-04-24,582.0528564453125,584.9985725321714,579.2912581485438,579.2912581485438,1137378
2017-04-25,601.7752685546875,603.3632213095825,588.9798966358705,591.4423105830376,11584768
2017-04-26,622.6253662109375,625.7781797816123,605.020176591593,606.5160423762431,5752818
2017-04-27,615.46826171875,627.66532239113,613.074898702268,623.0626579864582,2318584
2017-04-28,614.7088623046875,619.1503884730874,606.470081846816,615.7444617877612,1052588
2017-05-02,617.1942138671875,622.625379925029,610.4513559757501,613.5811338216532,1634378
2017-05-03,620.7383422851562,623.2927873028289,613.9723919417451,617.6775592382464,1811584
2017-05-04,614.40966796875,621.8199462466329,611.9932692139056,617.2172819516911,1479754
2017-05-05,608.1270141601562,612.6146118048575,601.568217602516,612.6146118048575,1791334
2017-05-08,613.6962890625,619.3805687534128,604.3298775964374,608.7024090794276,1159430
2017-05-09,618.43701171875,622.2342098387772,611.5330151368822,614.7778598194393,1183118
2017-05-10,633.5107421875,635.0295877356147,620.4391639939766,622.2802297625047,2141724
2017-05-11,633.3955078125,645.3854117434092,627.2509636744874,637.791017459722,3489420
2017-05-12,629.5753784179688,634.2470935734979,626.7447288461073,634.2470935734979,3499498
2017-05-15,633.1654663085938,638.2283965639551,630.564949985913,631.9457491464661,1116380
2017-05-16,628.885009765625,635.3977908252547,627.3891439052976,633.7868583602866,1032024
2017-05-17,634.6152954101562,637.1697400607112,626.1463829387585,627.3430642675206,1841768
2017-05-18,622.6713256835938,631.4854375984148,620.2089119270146,630.1046385366108,2435692
2017-05-19,613.7192993164062,624.8577249986922,611.4639824610214,621.3597111948654,1953484
2017-05-22,601.222900390625,617.6543860842964,598.8525175272334,616.8259403918006,873594
2017-05-23,612.9597778320312,615.9975248332349,598.3463196408039,605.2503156366594,1560364
2017-05-24,602.32763671875,616.2046799415673,599.0136849216601,612.8447127413643,1251366
2017-05-25,611.003662109375,614.869911208283,600.1874014241996,603.4092663091456,2913396
2017-05-26,617.148193359375,620.8533603662664,611.0036481348783,613.9953797453315,670446
2017-05-29,625.9854736328125,633.2116351838572,610.9577612228388,619.0584403578324,2117528
2017-05-30,626.4685668945312,634.7073464428355,617.8155925466191,627.8033506512165,4447770
2017-05-31,652.1744995117188,666.6959279411672,640.6908744867826,640.9210077031931,7883572
2017-06-01,655.9946899414062,663.2438857783311,651.783241122982,658.1809553525422,3424678
2017-06-02,652.887939453125,660.3672690379775,648.5154083112112,658.1810034670206,2884778
2017-06-05,655.28125,659.3316167864906,654.0845685991752,655.8565829989411,2303902
2017-06-06,649.64306640625,658.111980427875,646.283154990653,654.9822022401218,1607632
2017-06-07,659.0554809570312,667.8925735180916,650.6096036058603,655.0281498863906,3809378
2017-06-08,652.427734375,662.7837301587301,649.0217511913764,659.7919980434303,1698402
2017-06-09,656.6619873046875,660.3441181508563,650.8626424589431,652.657692483422,1817262
2017-06-12,655.2122802734375,671.5056664843397,651.2769799348672,660.4823082731692,3822974
2017-06-13,652.4967651367188,662.7146581825208,650.8167813030288,659.5618441352477,1966036
2017-06-14,646.766357421875,659.4927352999808,644.8792763178485,658.1809872267469,1884770
2017-06-15,638.6886596679688,650.8166676621836,634.6382930105538,648.5153357397572,3134784
2017-06-16,638.527587890625,648.6764281200506,636.6865223232159,643.5444466139252,3300750
2017-06-19,638.9647216796875,646.6741825751565,636.8935232301585,641.1509867097459,2225100
2017-06-20,639.51708984375,643.9126561822692,637.468926956714,641.8874729029799,1879408
2017-06-21,638.4585571289062,642.2557549832179,635.6048716971717,641.0130019745247,2989436
2017-06-22,642.6699829101562,647.686841613885,635.9500486674384,637.4689502285704,2256732
2017-06-23,633.4185791015625,652.7728031423217,630.6109653787829,644.3729415824081,2441604
2017-06-27,630.703125,641.8415503704157,628.2636903948493,641.2892531165433,3336218
2017-06-28,624.144287109375,632.8663130959147,620.7843198459018,630.5649810482932,1655834
2017-06-29,623.960205078125,634.7534305262633,622.3492725524405,625.9623528373592,1873788
2017-06-30,620.7152099609375,625.4329402125159,619.1042776799108,623.6609259403583,1909516
2017-07-03,628.9310913085938,631.4855926741908,618.1378651322436,624.1213292027717,2047918
2017-07-04,623.7301025390625,633.7869134213746,622.1421495461477,628.2637159187918,860360
2017-07-05,637.468994140625,642.2557761639249,626.6527332292137,628.2636657053813,2433212
2017-07-06,633.3495483398438,641.4732046611936,630.5649143826776,641.4732046611936,1561776
2017-07-07,633.3265991210938,641.5423435485911,630.7491183848997,630.7491183848997,1316700
2017-07-10,629.3682861328125,634.2470987322417,625.0417707390307,628.2636355366545,866646
2017-07-11,639.8392944335938,642.0715750525394,632.3829456575522,632.405981449598,4146842
2017-07-12,633.6487426757812,642.577922245655,632.8663122545759,642.0716404328242,1472052
2017-07-13,636.761962890625,640.7579766365051,634.7407289857204,636.4366710021831,1589676
2017-07-14,639.1549682617188,642.3610361669074,636.111461226537,640.2700927224082,1307346
2017-07-17,643.3600463867188,653.0248742177647,640.4327596305393,641.2226489011423,2626156
2017-07-18,641.2922973632812,651.421721603812,639.8286257641722,642.1286406195829,1645736
2017-07-19,642.3377075195312,647.2630286258587,639.8982739945594,644.939758602076,3795788
2017-07-20,647.4722900390625,649.4935809286399,641.8267876027224,644.4752935180308,1804436
2017-07-21,644.0338134765625,649.5864070720017,634.6013129174438,647.7277907427543,1401986
2017-07-24,645.3812866210938,646.7752489148609,638.899384643265,643.9176715890151,1161322
2017-07-25,645.7762451171875,648.7035317075167,644.1499558824045,646.426715434727,1441876
2017-07-26,656.78857421875,659.9017340188993,645.4278040950189,646.1944379881578,2535586
2017-07-27,649.6793823242188,661.5513180420662,648.1925117953871,659.8088650533689,3867130
2017-07-28,646.8914794921875,649.5864962276747,639.4802685503129,649.5864962276747,803316
2017-07-31,652.049072265625,654.6975777486,641.2690639226511,647.4025316144639,1021808
2017-08-01,664.1067504882812,666.0350759933154,652.0490014953945,657.4854307790225,3883480
2017-08-02,657.2996826171875,666.1513659656069,654.3723958012051,664.7341482635755,952938
2017-08-03,658.1824951171875,660.5754749398222,652.4207732616551,659.065349200937,1126038
2017-08-04,658.9027709960938,661.8533131950728,648.2389253396324,659.8088238053845,4474648
2017-08-07,650.8641967773438,664.4553284965922,643.5226396903829,645.8691654617224,2987954
2017-08-08,650.515625,658.2056716837202,645.9852483258928,650.5388803890772,1705654
2017-08-09,646.9378662109375,653.5823851933641,643.2670878167619,649.3540446190078,1542222
2017-08-10,644.4984741210938,648.5641973827194,641.2226401192532,644.0105646415108,1632346
2017-08-11,626.376953125,644.0570067772416,622.6364651053958,641.2226282428703,2253020
2017-08-14,629.9547729492188,636.9942936498906,626.167830829144,629.4668634739415,1370684
2017-08-16,637.1336059570312,639.5730397014794,626.5162723371924,632.8123573562875,1489816
2017-08-17,635.18212890625,638.8761061630549,631.2790232806548,637.5053993119056,1223074
2017-08-18,636.5760498046875,640.9902632887346,632.2315457723763,633.7881254989735,1357710
2017-08-21,640.5952758789062,647.2397943311961,636.6457167097582,636.6689153784763,1405084
2017-08-22,638.7367553710938,643.9176598122677,637.0407566006014,642.4771867586768,584698
2017-08-23,638.527587890625,644.4751825591702,635.2053567310948,640.2932960104806,1578484
2017-08-24,638.9691162109375,642.6166396617415,635.5539198171334,638.899406749743,1580092
2017-08-28,637.9932861328125,641.4316808347247,634.9497793212782,641.2226091938265,2070446
2017-08-29,639.805419921875,640.7579834847137,635.2053898548141,639.0155306652302,1075712
2017-08-30,631.0700073242188,645.1955039812729,629.0719719108408,643.5459591594977,2110352
2017-08-31,624.8667602539062,632.0688976961048,619.3838200290797,631.0001707423033,3116004
2017-09-01,626.1677856445312,628.0496572328389,621.1960100040008,624.8667883384545,2174602
2017-09-04,617.2001342773438,626.3537984056146,615.2485528019536,626.3537984056146,814606
2017-09-05,615.5040893554688,618.6637033286785,610.299929196489,617.5485788207653,1547776
2017-09-06,611.7404174804688,615.5041045890094,608.6969102410734,613.9939786666556,1298532
2017-09-07,622.6132202148438,624.0304378661676,612.7161222094862,612.7161222094862,2328682
2017-09-08,601.912841796875,625.8192689518238,598.5672987486487,624.9596703404295,3938974
2017-09-11,594.8501586914062,617.9899556591636,593.8279423551962,604.0503325991824,3330838
2017-09-12,604.3988647460938,606.3271907461152,594.2693819376154,596.6159080022943,2122904
2017-09-13,607.4654541015625,613.3665945025717,605.444220350854,608.6967986643275,4776058
2017-09-14,599.7523193359375,610.0908737463382,598.5906840089261,610.0908737463382,1431844
2017-09-15,601.3784790039062,605.9088558015019,597.080429221572,599.4036993741851,1680374
2017-09-18,601.72705078125,606.9311539376564,599.8684344081805,604.5149753408542,1302442
2017-09-19,601.61083984375,606.2341250192017,598.5208790229541,605.9088898677351,975052
2017-09-20,600.5420532226562,606.931045867458,599.2178006367349,604.0966677473108,1676474
2017-09-21,600.0775756835938,602.4938112812005,594.8037624572297,601.0301393734975,970210
2017-09-22,598.0795288085938,602.6563602932495,595.4774772246676,598.4744734446456,1716992
2017-09-25,585.464111328125,600.3330411396329,578.9589545355902,595.9652816634093,2290416
2017-09-26,579.4933471679688,587.9964827989813,577.2629848959665,587.9268300633621,1314494
2017-09-27,572.453857421875,583.3267748241445,568.7366245814732,582.2115936279297,1420550
2017-09-28,571.7800903320312,580.3529352624122,569.2012375472018,572.4538160474715,3082168
2017-09-29,582.7924194335938,585.6965076308909,571.9892113396483,571.9892113396483,2433430
2017-10-03,587.462158203125,600.0774707158841,582.0953810538155,587.7873933610668,3570708
2017-10-04,598.8229370117188,600.2401546235807,583.7216796283001,587.3227486966538,2356486
2017-10-05,604.3988647460938,611.4848402889559,600.7977952079179,608.6969154852069,4212796
2017-10-06,605.4442749023438,613.9009565911495,603.7018220774137,608.6503994443088,1825894
2017-10-09,606.3038940429688,610.044382254678,603.585678888604,604.538242486509,835364
2017-10-10,606.4199829101562,612.8786854810778,604.5846221202145,612.4140314359822,1387442
2017-10-11,613.0877685546875,618.1060550235574,606.8381942197075,608.2321563810085,3285560
2017-10-12,621.77685546875,623.379889322976,610.6251577823981,613.459536266919,1648332
2017-10-13,615.8060913085938,625.2617907442667,614.7373642079503,621.7071755935281,1083280
2017-10-16,635.9254760742188,639.317473085181,618.1292612623325,622.1252744628827,2340580
2017-10-17,638.1327514648438,639.1317692093753,624.2628367377649,638.38833392989,2047488
2017-10-18,636.8316040039062,640.525580857117,632.9516974739946,637.5053296597493,1196844
2017-10-19,639.247802734375,640.7579283813942,631.9759555823279,635.0659163272447,350390
2017-10-23,635.2054443359375,647.7045949233666,625.7032334464081,641.2226925671278,1199328
2017-10-24,627.5850830078125,634.6710581626429,625.8658287740293,632.1851700261902,781906
2017-10-25,634.1134033203125,638.2488359961831,626.7951015253144,629.1416273287236,1328304
2017-10-26,637.94677734375,641.5478463559118,634.0204731735153,638.643758442878,3304178
2017-10-27,644.8004760742188,646.1944383832821,637.2963576868049,637.9468280546572,1549084
2017-10-30,638.7831420898438,647.1004607577469,636.5992907879786,644.9398081256252,1126068
2017-10-31,624.8667602539062,640.2932513128821,623.6121603446006,640.2932513128821,1599456
2017-11-01,627.6315307617188,633.4164516663366,620.7778827300805,626.0052413982792,3930716
2017-11-02,620.4757080078125,627.0041194007508,618.4777298386327,624.0303224544932,1740658
2017-11-03,618.3384399414062,624.007197239906,613.3898624613918,622.1718362438797,2168762
2017-11-06,634.787109375,640.1538293464974,624.1697762181179,626.2839180055095,5150692
2017-11-07,629.0254516601562,642.1519292294264,626.3536907389774,641.2226210829294,4427324
2017-11-08,635.18212890625,638.899361555299,629.1416258515453,632.3942044194632,1371018
2017-11-09,632.53369140625,641.2459563650862,622.6365357248221,637.9701220523738,968514
2017-11-10,647.2399291992188,656.1613222725581,625.9820033592038,632.9053610424507,5939800
2017-11-13,655.7198486328125,665.2685131546509,654.232978188754,654.232978188754,6476230
2017-11-14,664.26953125,668.2655454139557,657.5088477076177,659.3442088283581,3592110
2017-11-15,657.6017456054688,663.9907397775763,653.7683491022042,663.9907397775763,1994072
2017-11-16,656.99755859375,662.5966624760707,654.2328897379435,657.5087234152289,1744892
2017-11-17,658.2987060546875,662.1321024372188,656.0915990465635,662.1321024372188,2896880
2017-11-20,654.23291015625,659.8320142133161,650.562131773638,659.6925953084772,2529602
2017-11-21,657.9501342773438,660.7380585751291,654.3258100020367,659.8087504758673,1707526
2017-11-22,664.2230224609375,669.9382904630602,659.622935620262,661.6674249628367,2879234
2017-11-23,659.1815185546875,666.4998202771468,656.3471400253208,666.4998202771468,980022
2017-11-24,666.3604125976562,669.0554289814455,659.832056729386,662.1320717641685,1933116
2017-11-27,664.9200439453125,670.9605474891903,662.1553746268809,666.7786604203518,1735164
2017-11-28,666.778564453125,669.7755603995888,662.9684239158647,665.6866387752913,1487160
2017-11-29,666.0352172851562,670.5423394955496,664.4553819559915,668.614013581443,1383574
2017-11-30,653.5592041015625,664.4553193424529,650.7712796847411,664.4553193424529,5367350
2017-12-01,654.8834838867188,663.0381291102359,653.3036486412165,657.0208813504125,2154686
2017-12-04,650.9804077148438,659.8088357994848,647.1470113096707,659.8088357994848,2925628
2017-12-05,645.0328369140625,654.8602830518382,642.6166581399763,650.5157783051097,2599242
2017-12-06,635.39111328125,646.9842650453907,633.5324972120133,644.4751220078289,2369644
2017-12-07,641.0135498046875,642.3842566333672,635.6932266306693,639.7357511025235,3113720
2017-12-08,645.0094604492188,647.5650574452769,640.9437379554898,644.3356781179826,2399392
2017-12-11,658.99560546875,663.4562729982688,647.0307636983848,648.5873434195627,2646642
2017-12-12,659.413818359375,663.7583224615651,655.6733305008592,659.7158548414451,2812240
2017-12-13,656.3239135742188,665.3846684872788,655.1622783289546,660.6452193747896,3787148
2017-12-14,665.1987915039062,667.2432808673711,656.5562366752057,658.4148530564519,5505930
2017-12-15,689.2678833007812,692.3345889277768,669.5665386878701,670.2635198176631,7105514
2017-12-18,706.947998046875,715.1027006548127,676.0717540303784,689.5467236983378,8530702
2017-12-19,723.1411743164062,725.3017704327194,707.2035165316125,713.2440196294516,11347974
2017-12-20,716.3805541992188,730.1575614453783,712.3612843541837,724.8604926549579,9660028
2017-12-21,689.7325439453125,712.7793755121727,686.7122923541592,712.7793755121727,6803736
2017-12-22,693.4496459960938,700.1406749889318,690.4758490303369,694.1930810574181,2338232
2017-12-26,689.1284790039062,696.9346905113558,684.6213569571639,695.1225281913618,3887128
2017-12-27,693.9608764648438,701.5347607441778,687.1769381628802,692.1487141878989,2523905
2017-12-28,696.9346313476562,700.6518638031723,692.6597799915332,694.1931610676199,5643656
2017-12-29,698.0032958984375,699.7690039884538,691.31232290998,697.9103877760011,2055582
2018-01-01,692.0093994140625,705.2520417538781,690.4760181391576,697.9104840141418,2476302
2018-01-02,699.6762084960938,704.4156579125928,693.5427399753879,700.6984248893074,3020597
2018-01-03,701.5347900390625,705.3449310098201,696.9811571243281,702.4640982485615,2256643
2018-01-04,702.5570678710938,707.2036093252676,697.4458722715025,707.2036093252676,1663380
2018-01-05,702.8822631835938,704.8802985836551,700.3266655288738,702.5570279884552,1255982
2018-01-08,706.1812744140625,706.2741825393676,703.0680581297994,703.5327121972596,2309604
2018-01-09,708.551025390625,711.8500580492398,703.6721574992954,706.2742090305774,1947163
2018-01-10,706.1348266601562,710.9207866703745,700.8842692614754,708.1793160835642,1275821
2018-01-11,712.4541015625,714.591498920436,702.0922932101266,706.5529608963557,2291617
2018-01-12,713.2439575195312,715.102573695478,707.9004360136846,712.8722115961561,1363265
2018-01-15,705.53076171875,720.8178921930638,702.2317291168083,715.5672784358343,2127778
2018-01-16,693.9144287109375,708.6439406621823,688.6173607457226,705.344907970315,1611817
2018-01-17,692.6597900390625,700.6983280289071,686.6192872112271,694.2396251996666,1940533
2018-01-18,705.5772705078125,710.9207928066863,692.3346282888645,696.9811694183198,2810014
2018-01-19,711.29248046875,713.9874400705999,695.4012770765951,706.2741937721814,2005133
2018-01-22,705.9025268554688,714.6380471288487,702.5570398301816,708.2257974898279,934811
2018-01-23,714.6844482421875,718.3552269165798,707.5752746600947,708.0863828176878,2775928
2018-01-24,701.9994506835938,716.4966361986459,699.2115260291243,714.6844738291463,2080315
2018-01-25,704.229736328125,708.13284207737,695.4477625724414,703.0216470230058,2878048
2018-01-29,710.3165893554688,717.4258186664495,703.7649789099258,703.7649789099258,2074165
2018-01-30,710.827880859375,714.3127866877734,699.8619984763034,709.9914807723704,1648188
2018-01-31,709.1085815429688,716.6360116861016,703.1610433395156,710.7348708261775,2242045
2018-02-01,742.2848510742188,745.816210539618,709.0620862217577,714.5450267457346,6896060
2018-02-02,715.7996826171875,743.4466031726712,711.4319224794532,742.284967855214,3783976
2018-02-05,706.7388305664062,715.3349307409483,692.3345545982546,708.969192759339,2018332
2018-02-06,698.65380859375,706.1812381321425,679.0918847028181,691.2193438963534,5626253
2018-02-07,694.2861328125,717.3794755908569,691.1729730339139,713.151134629332,1909559
2018-02-08,699.0255737304688,706.9246926885706,693.2638520875248,700.6983169892677,3024010
2018-02-09,697.027587890625,700.0478394705368,689.5466683983221,694.1932092904941,2214895
2018-02-12,693.263916015625,715.5673127775218,690.4759914203879,715.5673127775218,2662221
2018-02-14,694.146728515625,700.6518855143541,689.5930959283276,698.6538503194146,1207191
2018-02-15,696.3770141601562,698.1891763307715,690.9405843687766,695.2153790149498,1652980
2018-02-16,691.1729125976562,700.4659937754399,689.5466233915441,699.4437775340701,1042980
2018-02-19,673.4231567382812,692.1486814600333,665.4310728159428,691.4052463027259,1185926
2018-02-20,658.87939453125,681.3686602443919,653.3035463405765,675.4210661528225,2981323
2018-02-21,658.3218994140625,665.3846184863454,651.4449965906817,665.3846184863454,2290218
2018-02-22,670.9140625,673.2837870523634,650.8874822485408,652.3743526718553,3325355
2018-02-23,667.8472900390625,672.8190656954491,663.5259846775562,671.4715576037615,1648932
2018-02-26,683.4132080078125,684.9000782982928,668.4048593162104,670.9604566232936,1525511
2018-02-27,687.5021362304688,689.5466254397472,679.324236113821,689.4537173158799,1429191
2018-02-28,676.861572265625,682.9950401232581,673.8413207607168,682.1121860315759,1814444
2018-03-01,680.7646484375,684.4354268365892,676.0716537998895,676.536307857484,1831321
2018-03-05,687.3162841796875,690.4759545738655,671.0999023591387,675.6070241927324,2170367
2018-03-06,669.0089721679688,690.4759681392934,665.3846476281751,690.4759681392934,1763292
2018-03-07,657.7643432617188,674.4918911324514,652.7925669994398,670.0312230443506,2343794
2018-03-08,675.2817993164062,677.6515237879073,657.1137793538044,660.3199038601734,2500680
2018-03-09,677.0009765625,687.4092390218989,672.3079818233531,675.5141062342148,2191343
2018-03-12,684.9931030273438,686.991138495738,679.5102182674412,683.088032418221,1867680
2018-03-13,681.182861328125,688.6173263903693,678.8131369336281,684.8536397967015,1823994
2018-03-14,676.7222290039062,682.3909862219595,671.9827232467339,679.2778265026216,1366237
2018-03-15,682.902099609375,685.7365349605865,678.209104601693,679.3242857719516,1249262
2018-03-16,688.385009765625,698.8397264174822,683.5525960580062,686.7587205086694,4929069
2018-03-19,690.1972045898438,696.0518348472688,686.7587529400956,689.3143504645682,2081202
2018-03-20,688.5709228515625,691.4053015204216,680.300057174756,688.0598146851241,1248986
2018-03-21,692.6597900390625,697.6780766149894,687.2233601821973,690.4759386279549,2788242
2018-03-22,679.184814453125,695.9588713371953,674.6776927749772,694.2396172888913,1877037
2018-03-23,681.0899047851562,685.1788262464337,670.2169890604735,673.7483483699059,2276332
2018-03-26,693.7284545898438,696.9810327426428,675.6534017966255,682.4373391712284,1890961
2018-03-27,692.24169921875,698.8397647348401,689.1749367896804,696.0518401414829,2422064
2018-03-28,686.6658325195312,693.2638978673463,683.0415079524122,691.4052815191765,3301815
2018-04-02,695.1690063476562,698.7003662584626,685.0860347948782,695.9589523711677,3567965
2018-04-03,715.6602172851562,716.8683633133513,692.3810583769036,695.1225288924319,2500384
2018-04-04,703.0680541992188,731.1331710610017,696.1446972886755,718.3551842772855,3295198
2018-04-05,719.8421020507812,725.78969716129,712.4076365228807,715.5673070604266,2224647
2018-04-06,717.3794555664062,719.8420881928319,710.0378983107513,719.8420881928319,1194886
2018-04-09,730.6220703125,732.4806865907203,715.567267114822,717.4258833930423,1813902
2018-04-10,722.6300048828125,729.5069079774113,714.080415159325,721.6077885916686,2193150
2018-04-11,733.2242431640625,734.7111137446454,719.2381646987546,726.2544309666855,1448946
2018-04-12,732.1553955078125,738.4282254536436,725.4644222753001,733.64232256429,1146053
2018-04-13,733.7816162109375,739.2645564136928,727.7876246434124,738.7999023870343,2183881
2018-04-16,744.7940673828125,748.0931001449476,727.8341927521972,727.8341927521972,2896629
2018-04-17,752.1356201171875,760.917594548341,749.4871142553122,758.3155427555298,4339790
2018-04-18,741.86669921875,755.5275406333359,739.4505206699799,755.5275406333359,1503151
2018-04-19,745.212158203125,747.628336478076,737.5918207445262,744.7475041717527,2590266
2018-04-20,742.9818725585938,747.5819592862586,735.9191532437227,735.9191532437227,2561105
2018-04-23,766.0286865234375,774.8571138311429,743.4929641853474,747.0708345475928,2751312
2018-04-24,779.271240234375,784.335980361608,763.9841117375003,765.656911574356,2872669
2018-04-25,793.4896850585938,801.5282226756424,779.2712827134839,782.4774069482793,3602302
2018-04-26,797.4859008789062,807.3365456833711,790.8413241744447,798.2757902066369,5461957
2018-04-27,801.7141723632812,805.5243131852113,791.0271283714873,799.1121208224166,1087577
2018-04-30,811.5648803710938,816.8154946523108,803.0152331587066,803.2940710090519,1137366
2018-05-02,802.1323852539062,817.6053325536278,800.1343499612851,817.3265514412894,1341643
2018-05-03,803.9444580078125,813.6092854575746,791.3987979807682,801.9929335806818,2126154
2018-05-04,793.9080200195312,807.1042084037331,792.0958576030274,803.8051754878011,961238
2018-05-07,822.9952392578125,825.1326932864838,797.811012173261,801.063590557194,1916654
2018-05-08,804.13037109375,823.8317162038009,798.7403948981014,823.3670621055472,1834833
2018-05-09,799.2979125976562,807.2435426115076,793.3968285667816,803.8515451950408,1630905
2018-05-10,795.9525146484375,811.0537736829233,791.9100464566263,799.2050935174036,1369399
2018-05-11,807.6616821289062,811.1001335924605,788.8431922859122,797.2999303957852,1304682
2018-05-14,792.3746948242188,812.2154030925815,789.9120052959888,810.356786609532,1492933
2018-05-15,787.17041015625,803.8515017977649,777.9237832712464,793.5362046362916,2060487
2018-05-16,792.7927856445312,797.1140913695814,775.2288950753733,785.7300661649444,1559853
2018-05-17,788.9825439453125,798.7402785877457,786.1946197617601,794.6048463713838,1065979
2018-05-18,776.9015502929688,793.4432226752095,769.5135397564967,788.2855742057544,1983383
2018-05-21,767.5619506835938,787.3561996554187,763.5194268684904,775.042868707724,1670673
2018-05-22,771.5116577148438,777.8309419565378,754.8305646406186,764.0771923197992,1937535
2018-05-23,772.99853515625,776.4369867769144,762.5438180991102,769.5600835355855,1315364
2018-05-24,783.4532470703125,787.8674609099049,773.0914949317615,777.8309439450308,1394760
2018-05-25,797.067626953125,800.0878784988046,784.336093708782,785.2654018766834,2069467
2018-05-28,789.865478515625,803.5263197525613,785.3118458631568,801.4353764016159,3096495
2018-05-29,808.73046875,813.7952098323161,789.9119775208273,793.6292103562196,4666224
2018-05-30,834.4722290039062,837.3066073962822,813.1910505894438,816.861828969292,8212884
2018-05-31,857.7050170898438,867.5092072849635,828.0136086672763,836.3773824921984,9417129
2018-06-01,837.8642578125,861.9333630927116,833.6359168093471,857.2868220517805,3431462
2018-06-04,849.8522338867188,853.4300472843331,841.9531152557323,843.8117314041997,3364222
2018-06-05,837.5853271484375,851.1532585977686,834.9832759741906,847.5289345447544,1836194
2018-06-06,849.6664428710938,852.2684943858018,833.4500040676813,838.6077097534674,2102493
2018-06-07,855.2423095703125,862.3515398592778,851.2462957270416,854.034220276366,2668799
2018-06-08,847.203857421875,852.7797067153562,839.2582268022866,852.1756336870402,1335422
2018-06-11,852.0361328125,854.9634760981968,845.6703948362599,847.7148840579794,1747134
2018-06-12,852.7330932617188,860.9110499506011,849.4340608376971,854.9634553987713,2032546
2018-06-13,852.7796020507812,856.2645074314926,850.0845858681784,853.1048371981282,1353228
2018-06-14,856.8685302734375,859.6100005381658,845.2521789148136,849.4805194652596,1385264
2018-06-15,845.1593627929688,859.0525318743336,839.0258945756699,857.3332776538264,2619109
2018-06-18,849.294677734375,855.9391964798407,844.741045450253,850.3168939350732,1496081
2018-06-19,828.3853149414062,850.3634188514502,823.3670281987344,850.316964787632,1878313
2018-06-20,840.4662475585938,844.6016231250284,829.3610046939334,832.6600370233147,2671370
2018-06-21,821.1366577148438,845.4845425611549,812.3082302999176,845.4845425611549,4202520
2018-06-22,843.9976806640625,848.1795673761742,819.6962496377147,820.3932307564,4589148
2018-06-25,841.5814819335938,849.8523475890237,837.3066869083765,847.5290770926075,2984963
2018-06-26,834.5186767578125,850.3169145138068,828.1064281568994,841.023833480869,2106484
2018-06-27,829.5469360351562,842.2319581471496,822.9488141915683,836.3773281938859,2168303
2018-06-28,843.5795288085938,852.8261568551343,828.0600703357707,829.5469975061355,4493297
2018-06-29,834.2398681640625,850.2239783577747,831.5913061247254,844.7410380409408,2441612
2018-07-02,823.9710083007812,843.5329314823135,816.5365438729904,842.8824045007893,2180118
2018-07-03,830.9873657226562,834.9833794555338,816.9083244493254,824.203427517473,1406654
2018-07-04,836.4702758789062,838.886511195795,822.9023990458417,831.7308268165198,1457165
2018-07-05,847.8541870117188,851.2461841235403,837.8641253530637,837.8641253530637,1935437
2018-07-06,859.5635986328125,861.4686690271283,839.0258541523116,850.2705169820345,2998570
2018-07-09,866.812255859375,873.5497405605066,862.0262957627957,865.1859664487571,2472960
2018-07-10,864.7677001953125,871.2264032756901,860.9111053490935,871.1334951475283,1617650
2018-07-11,865.1859130859375,873.270905572725,860.9575722232205,863.2808426665232,2732003
2018-07-12,857.9721069335938,872.2123195045849,852.5383574104965,872.2123195045849,2173358
2018-07-13,849.4466552734375,867.4342872695732,845.0434242209872,860.5015356396638,2296504
2018-07-16,843.4976806640625,857.8784444104876,838.4855274783962,847.8540808580431,1901810
2018-07-17,864.2022094726562,866.872224287245,844.2003138944596,845.9803618915929,1791101
2018-07-18,845.465087890625,871.0880578056239,843.1697809396229,868.0901093705054,1442856
2018-07-19,855.348876953125,864.1553395225668,848.7908899447222,848.7908899447222,2040980
2018-07-20,852.30419921875,857.4100725793944,846.9172806746359,855.3489792654232,1667834
2018-07-23,852.9130859375,855.3488868391876,846.9171891595022,852.5383209459591,1179253
2018-07-24,862.2816162109375,866.4974649397763,853.6625362624233,856.145168427408,1982289
2018-07-25,852.6319580078125,866.5911243975788,851.3203949390106,866.4974617430601,1433236
2018-07-26,855.9109497070312,859.0026178353589,848.7908725448815,856.6604796660849,2785063
2018-07-27,852.3977661132812,858.0657863851386,845.7929477288191,857.2225937483522,1658854
2018-07-30,874.3201904296875,875.9596871703807,854.4588470490678,858.1594368428542,2458481
2018-07-31,876.8497314453125,882.3303120902074,866.169558128824,875.9597074720868,2011316
2018-08-01,871.041259765625,883.8293581377213,867.6217148731267,880.1755994082331,2000884
2018-08-02,853.7562255859375,867.293796140968,852.5851564580129,867.293796140968,1652795
2018-08-03,862.5159301757812,866.5912282143977,856.33265034688,856.33265034688,1575164
2018-08-06,873.5239868164062,876.7092608275673,862.4222161577417,863.7338365736471,1702042
2018-08-07,868.4649047851562,884.391445649609,864.9985285725529,881.5340482836796,5202007
2018-08-08,869.6828002929688,879.660332531907,865.6543337690107,877.739790521997,2056171
2018-08-09,874.2734375,880.6440425417387,868.9333504866624,870.3386335332716,2452570
2018-08-10,886.2183227539062,892.5420963163508,870.4791644347114,873.1491792886319,3163115
2018-08-13,894.2283935546875,905.3769946181225,879.3323712505834,884.3914127979308,4285645
2018-08-14,890.4341430664062,901.1611478291217,888.1388361149083,898.3505818920491,1801054
2018-08-16,891.1837158203125,904.2996916641857,884.391514044021,885.3283694614406,1832039
2018-08-17,900.786376953125,907.6254092524806,890.1530920997053,894.2752211385107,2246030
2018-08-20,908.3280639648438,920.2261379636914,901.3484803954278,906.5480731657159,1877608
2018-08-21,897.3200073242188,914.9797642823257,895.1652515406151,911.5602195175495,1557070
2018-08-23,902.2852783203125,908.7496024888097,894.0409634659138,899.3810498858323,1978510
2018-08-24,907.1570434570312,910.9981847832172,900.4585618692968,905.1896700522116,1634893
2018-08-27,914.7923583984375,921.7719417378479,906.688537275983,912.7780966546039,1635797
2018-08-28,918.586669921875,925.2852085413281,912.5907728143458,919.9919529457228,1460036
2018-08-29,921.7251586914062,930.2974084391985,913.855607671889,919.3830202008745,1795568
2018-08-30,920.8818969726562,928.985660730923,916.1507893062185,922.7556075083629,1831626
2018-08-31,904.3463745117188,925.6130004315393,898.5847489492759,919.9918688499713,2243187
2018-09-03,887.9514770507812,913.3871223250219,882.5177275319239,913.3402909943902,2189450
2018-09-04,872.9149780273438,895.3526752416774,869.4954331052073,892.0736814953981,2067396
2018-09-05,870.71337890625,885.3282993887948,856.6605487572216,871.2754692397663,2133045
2018-09-06,875.9129028320312,884.1103869752617,868.9333191824298,875.9597341623416,2144816
2018-09-07,912.2160034179688,915.9165932339049,876.0065237414844,880.7376314995811,3132025
2018-09-10,878.1613159179688,914.5113482687872,875.5849637745072,909.3586439818641,2151834
2018-09-11,883.5950927734375,900.3179368868738,877.1775997054847,883.4545416069948,3909701
2018-09-12,878.9108276367188,890.9493954387095,854.7868035225791,888.5604258461526,2787531
2018-09-14,891.7926025390625,894.5094486600979,869.4485688343997,881.768239172561,2803861
2018-09-17,890.8087768554688,896.0083691518493,877.4585897637901,887.8108858499412,1978897
2018-09-18,886.7803955078125,900.3179663760154,881.0187695738023,889.4972988198932,2227889
2018-09-19,888.9819946289062,904.6743205082621,878.9576317354245,887.201946731342,2083160
2018-09-21,899.2874145507812,915.0265719656857,815.0641012190372,902.191643073486,4633394
2018-09-24,839.46923828125,897.6948220821491,829.1169979353422,894.6968734782506,4569708
2018-09-25,836.6118774414062,843.1698652824923,810.6141399285294,839.4224436590146,4269089
2018-09-26,836.9396362304688,859.8925904455259,829.3979627103145,845.9803124978223,2357565
2018-09-27,822.0438232421875,838.9072212848195,811.7852446633627,831.9276367698398,2588148
2018-09-28,806.5856323242188,825.3227394939265,786.5369047801861,822.0437457392277,4188699
2018-10-01,794.07861328125,809.8646610623,787.848559186873,806.1640708002071,3060818
2018-10-03,741.6145629882812,792.1110817903502,737.3050518852817,792.1110817903502,6680994
2018-10-04,744.5189208984375,749.4842425692367,717.1159032794998,730.8876876729314,5036305
2018-10-05,720.95703125,745.5026531317806,705.3584238060521,741.0525901693226,5157618
2018-10-08,725.92236328125,731.6372153682465,705.7331414186251,720.2075683753675,3874262
2018-10-09,716.5069580078125,733.042477756156,712.2911089459686,726.5781529888839,2933355
2018-10-10,715.85107421875,725.6880543515305,703.4846306538542,719.5048325690825,7578601
2018-10-11,684.0449829101562,708.7310994569991,669.8516009408518,699.8309732906521,6199047
2018-10-12,719.9732055664062,726.905956768309,689.1038159604875,691.8675501766962,4477653
2018-10-15,701.7046508789062,726.4844861011728,691.399242121005,726.0628897612181,5282462
2018-10-16,728.5923461914062,730.7471018503848,702.7351067403438,706.0141001460827,4357854
2018-10-17,711.4479370117188,740.8183277661728,703.7657121228473,739.3662134887842,2634539
2018-10-19,694.3971557617188,710.1363132740511,685.8717382725863,700.8614229854951,2985488
2018-10-22,687.4176025390625,701.7046464078471,684.841250366003,699.830935736531,1842855
2018-10-23,683.8575439453125,688.0265615047833,670.9757834521281,684.3728029288179,2967082
2018-10-24,689.7597045898438,701.8919919845558,679.8290614267663,694.0223847066051,3729119
2018-10-25,687.4176025390625,697.4887973973861,678.283263016397,682.030684359029,3966709
2018-10-26,682.2180786132812,694.959288525247,677.0653741784092,684.8412621620845,1813847
2018-10-29,702.1729736328125,705.3114156858813,682.0305867974483,682.0305867974483,1954444
2018-10-30,699.1751098632812,714.5863912249714,690.4623668735549,703.5783412782085,2756355
2018-10-31,717.5843505859375,720.5354105632184,688.7292178928939,701.7046413253303,3093083
2018-11-01,708.3095703125,729.5293696899525,703.5784616008092,721.8471433600845,4171044
2018-11-02,734.072998046875,745.6431959278943,716.741174072097,716.741174072097,4117317
2018-11-05,726.4844970703125,735.1035777796458,721.3786239451276,734.4945989259481,2168486
2018-11-06,729.2481689453125,732.6208250629288,720.3011553240182,730.7471145128957,1839552
2018-11-07,742.8325805664062,743.863098510539,734.1666691542872,738.2419667837592,731279
2018-11-09,745.0341796875,755.0117115365825,741.0525446498742,749.4842423766112,3085813
2018-11-12,731.5903930664062,756.6981059498121,728.9671522433442,747.6105972784997,2101138
2018-11-13,740.16259765625,743.6758054077807,724.9855287334145,726.5313630165343,3010295
2018-11-14,721.00390625,747.0485325946908,717.1628219116852,743.020008555584,4237768
2018-11-15,718.0996704101562,726.8124142704946,707.3258332154834,725.1260859718996,4315301
2018-11-16,719.130126953125,727.4681622453814,711.7758355002298,719.1770154644175,2373384
2018-11-19,732.0119018554688,734.1198263843455,721.4722792110853,726.3439384473784,2681651
2018-11-20,733.1830444335938,742.3642734900129,724.5171316140425,730.7472431621671,2902880
2018-11-21,720.5354614257812,738.054668748595,716.4133319964292,738.054668748595,1851514
2018-11-22,698.9877319335938,724.1423316041986,696.1771659713661,721.4722596314157,2578750
2018-11-26,700.6741333007812,707.3257833579275,692.5703117183416,700.767795962556,2676798
2018-11-27,704.281005859375,706.2952677243011,691.4929075230385,699.8309429690098,2179714
2018-11-28,701.1425170898438,711.2605427160859,698.4724452230284,707.0446939400592,2007876
2018-11-29,724.3765869140625,731.0282371997812,704.5152415407856,708.2626630383429,5038807
2018-11-30,740.9588623046875,745.7368013504442,727.6555059197519,728.8734063450322,5214780
2018-12-03,712.9937133789062,750.2337114886249,708.8246958649926,749.4842386861606,5839713
2018-12-04,693.553955078125,713.8837261703799,691.867627003708,713.8837261703799,7101096
2018-12-05,672.7089233398438,693.5539533499648,669.9451888236284,693.5539533499648,4837874
2018-12-06,666.0573120117188,676.4095520296904,661.8882943337621,672.1937030211951,3970063
2018-12-07,675.56640625,680.9064934676653,664.7925691470904,680.9064934676653,2716587
2018-12-10,665.6825561523438,679.6885550425795,655.798743666169,665.1672971471143,3150111
2018-12-11,676.7374877929688,683.8107919382552,650.177659585794,655.7051294201373,4383980
2018-12-12,703.3909912109375,705.4520844343522,675.7069268237403,679.2201344155449,3460143
2018-12-13,711.2606201171875,716.7880325830414,699.1283314385798,707.3258160618127,3510371
2018-12-14,709.4336547851562,715.7574278717192,704.1403996254419,705.545682533567,1760631
2018-12-17,708.590576171875,714.8206876060258,703.1099948208681,712.010121337588,2022203
2018-12-18,722.2686157226562,723.2523023660772,704.8899610851856,707.8878523449235,3600834
2018-12-19,733.2298583984375,737.3051562754183,718.6617120435313,726.0628921390713,3361238
2018-12-20,745.2216186523438,746.6737330457582,729.3419086275067,730.4661465124809,2707144
2018-12-21,731.8246459960938,762.6003241664831,728.592483308796,744.8000708996979,6125095
2018-12-24,738.8510131835938,742.4578834991249,726.0629144628666,733.464094785966,2034516
2018-12-26,737.9609375,743.3946868498259,723.2522977291311,736.0403955549465,1683700
2018-12-27,745.408935546875,751.3579437753962,738.3356323512344,744.3315290892173,3156130
2018-12-28,752.8101196289062,756.0422820851958,746.6737284038427,748.8753156465152,1820270
2018-12-31,753.091064453125,758.8527470718539,750.6084323670475,757.8222291766679,2232551
2019-01-01,724.5171508789062,754.964953486935,722.5966086121622,754.1686492142497,3442903
2019-01-02,694.8655395507812,724.0017145000497,688.6822606883143,724.0017145000497,10596260
2019-01-03,672.9432983398438,697.8168005811282,670.9759246502298,696.4584058426967,11084172
2019-01-04,679.7821655273438,682.3116862092647,667.5093842817644,674.5357988531514,5919404
2019-01-07,683.4828491210938,689.431915250117,677.8617166924132,688.1671261449942,2792255
2019-01-08,677.72119140625,686.902362513062,672.1937219007532,674.5358603045885,4764487
2019-01-09,680.43798828125,683.857532975212,674.6763625344805,682.9675090101018,2569424
2019-01-10,686.90234375,688.4481207456397,677.1590253837428,682.0306845668714,2550750
2019-01-11,681.93701171875,688.5886616321399,675.7069009553481,688.5886616321399,2215240
2019-01-14,678.7985229492188,680.5317396312391,669.195755745505,679.2201192870676,1713221
2019-01-15,681.0001831054688,683.9044118449679,677.6743008372225,681.5622734482384,2138402
2019-01-16,680.3911743164062,686.2465200506266,678.7985088404762,681.3748609635331,1288969
2019-01-17,688.2608032226562,693.2729564543066,681.9838609644826,682.967547642148,3318440
2019-01-18,688.5418701171875,691.3056049129707,682.0307138169157,688.1202737617097,1601885
2019-01-21,684.1854858398438,691.3992838418969,681.4217509790493,691.3992838418969,1341152
2019-01-22,663.7620849609375,681.7497210001959,660.6236420823346,681.7497210001959,5097285
2019-01-23,651.9107666015625,664.9330787226799,649.8028420828925,663.7620095456409,4714919
2019-01-24,653.269287109375,655.8456395702963,642.7296634056062,654.8619527941681,3891245
2019-01-25,640.3406372070312,659.0777443674418,637.99849881198,657.672461330411,3421228
2019-01-28,630.5504150390625,640.3405638449691,625.3508798339677,640.3405638449691,5762442
2019-01-29,627.3651733398438,634.1573742520943,619.8234424441123,629.5199290895772,4860919
2019-01-30,635.7968139648438,637.0615456315234,627.9740386179117,629.4730412692367,2738163
2019-01-31,637.1084594726562,639.8721941486127,630.269426959706,635.1879174710973,3496189
2019-02-01,644.9312744140625,670.2263699858574,637.5769252817419,645.4933647765451,8005192
2019-02-04,631.8621826171875,644.9313278483177,628.0210408849231,644.5565627882021,2652101
2019-02-05,641.6522216796875,648.8659617879398,630.1757441860552,632.6115451081781,3550741
2019-02-06,651.2081298828125,654.159247103091,638.9821790208676,644.4628171183689,2221744
2019-02-07,656.6419067382812,664.1367491850308,649.3343896078126,651.1144375613595,2710457
2019-02-08,639.0289916992188,662.0756669087252,635.7031667452791,657.672435462993,10858152
2019-02-11,606.66064453125,630.8783886024969,604.4590574252777,627.1309673626391,7931599
2019-02-12,607.7380981445312,616.2634592539655,603.3348664099747,606.1454325578472,3357448
2019-02-14,594.3410034179688,601.8358455433852,592.3735730513824,600.2431801555127,3530468
2019-02-15,587.9236450195312,596.6832780659317,579.7261595697856,594.9032297815388,5765467
2019-02-18,585.2534790039062,590.2188003323861,576.7280620237749,590.2188003323861,4750172
2019-02-19,592.6546630859375,601.461126122797,585.7687992340792,587.4082960731989,3526711
2019-02-20,593.544677734375,597.0578851913866,588.4856933049448,596.7768400310479,2369483
2019-02-21,594.153564453125,595.7930610122224,585.5344853919353,593.5445857158766,2813880
2019-02-22,605.7706298828125,607.644340531607,592.3267788501565,594.903130992249,4053346
2019-02-25,609.6118774414062,612.6566577772244,601.7422684702279,608.8624044872753,1863303
2019-02-26,610.1738891601562,614.5771208217789,599.587434948077,604.0843292739648,3862642
2019-02-27,614.7176513671875,620.1982322083666,606.2859533462279,613.1718171909001,3193418
2019-02-28,605.1149291992188,621.8377753125795,601.9295979485233,621.8377753125795,3955320
2019-03-01,608.6749267578125,610.8296826068597,600.5242738512225,608.9559719240166,3957539
2019-03-05,615.2796630859375,616.3570694567406,601.5078799750104,608.8153392233274,6039244
2019-03-06,617.2940063476562,622.8682498753079,612.7033923095892,618.3245243491266,7495708
2019-03-07,629.3794555664062,634.7195428613896,612.8908231556641,619.9172387592956,8703088
2019-03-08,627.8336181640625,636.7805750708008,624.3204106995493,629.566777640778,3877059
2019-03-11,638.0453491210938,640.6685327653502,629.0983916221103,629.5199879819817,4027884
2019-03-12,644.4628295898438,649.3344317515242,640.2000919267028,643.5259742231954,3876498
2019-03-13,640.9963989257812,645.8680578553466,638.2326643923741,644.9312025681652,1808059
2019-03-14,642.5890502929688,644.5564234805681,634.3915667094586,639.8721471471338,1901877
2019-03-15,650.7396240234375,652.988099462177,643.6195471026049,644.7906161475514,5208071
2019-03-18,640.9963989257812,659.7335046694105,638.9821371858975,652.0512798783008,2600716
2019-03-19,645.8680419921875,649.9901708458771,632.4709659696509,642.6827112215618,2331409
2019-03-20,635.7501220703125,650.5055962566498,633.4548718306687,645.4934421832634,2369729
2019-03-22,635.9373779296875,641.2774646743741,627.6930625738943,635.8437152704043,2770303
2019-03-25,622.634033203125,632.3773515663701,621.5098525452297,629.5667855594085,2337486
2019-03-26,627.3182983398438,629.9415389763011,619.2613654738984,622.6809102585662,2434715
2019-03-27,618.371337890625,630.1757491427323,616.9660549211677,629.6136016462832,2426853
2019-03-28,614.5302124023438,620.9008166633092,612.328568257152,617.4344408036186,3910004
2019-04-01,619.167724609375,645.4933371111283,617.3876765692795,635.328479420938,5458057
2019-04-02,626.3814697265625,628.5362827956794,619.6829882229616,623.0088133089145,3802792
2019-04-03,616.8723754882812,634.0168158132451,615.4202612288835,630.3162259914122,2745080
2019-04-04,612.0942993164062,620.8539294197648,610.0800950198692,619.2612642026903,3684739
2019-04-05,616.6382446289062,621.1351391776797,612.7034404558108,615.9824344032043,2694077
2019-04-08,624.8825073242188,626.1472391517557,616.7318544881153,618.6992849967536,3413270
2019-04-09,625.6787719726562,627.5056511934821,618.7460772525665,625.6319406451701,2401571
2019-04-10,627.92724609375,632.3773086360034,621.2287080261254,630.1288331106322,2499060
2019-04-11,630.26953125,636.8275196836678,627.037368371468,627.037368371468,4863931
2019-04-12,635.3753662109375,636.5932668378327,625.3978329752484,631.4405619554072,3302657
2019-04-15,640.0595703125,642.6827537897052,630.7846797104373,637.0616218323607,2408677
2019-04-16,644.650146484375,651.5828989793176,641.5585352511055,643.8538423055874,3002929
2019-04-18,641.4180297851562,648.2570623136791,638.232698764748,646.0554179615666,2996875
2019-04-22,630.87841796875,642.4485587129359,628.5362795848166,637.9984957834624,1483513
2019-04-23,623.7114868164062,633.1737035486848,621.8377760035894,628.6299777000504,3248237
2019-04-24,625.9598999023438,626.94358654422,620.4324306862995,625.8193487330284,2247998
2019-04-25,623.1493530273438,630.5036445827964,622.0719465125954,629.3794067372138,3169504
2019-04-26,617.8092651367188,626.1941318623785,610.3612537506609,624.5077465062053,3632433
2019-04-30,604.552734375,620.3856123601204,599.587412551034,618.0434740298429,5042085
2019-05-02,605.1149291992188,618.9803777624323,595.0905649255649,605.208591867309,3007579
2019-05-03,605.0211791992188,611.2981215385963,602.2574444548906,604.3185376802089,2330580
2019-05-06,598.1821899414062,604.2717502148896,594.9968586182142,599.5874730814409,1498420
2019-05-07,595.8399658203125,602.3042902087312,594.1536377306278,601.2268837502918,3160875
2019-05-08,582.3961181640625,596.7768240983852,579.9134287549457,595.4183724817195,3853705
2019-05-09,585.9561767578125,588.2983150795072,577.1965451260073,581.6934964485503,1366143
2019-05-10,589.0478515625,591.9520805228065,579.9135111207753,586.7057129876988,2093110
2019-05-13,578.6019287109375,589.0010589758531,576.1661273053471,589.0010589758531,1463136
2019-05-14,575.46337890625,581.3655559716304,571.9970027944835,577.9460683706383,2756314
2019-05-15,571.15380859375,588.7198439948401,568.6242880597721,578.9765268199268,2805369
2019-05-16,567.0316772460938,573.9644294231576,559.4900034252632,571.4817399754105,1940170
2019-05-17,580.5223999023438,583.1924145906769,568.6711576811902,568.6711576811902,2599966
2019-05-20,612.000732421875,620.6666440558625,592.3267708744439,594.9031229818456,4938702
2019-05-21,598.7911376953125,620.8540704100378,594.3410746500044,618.324549453324,2150188
2019-05-22,600.1026611328125,603.1942722389022,591.3899181316106,603.1942722389022,1458607
2019-05-23,599.1190185546875,613.6402770184837,594.996831989293,608.9560000946784,3161573
2019-05-24,623.4303588867188,625.3509007787313,597.5731187930454,604.0374431117409,3165620
2019-05-27,636.45263671875,639.8721814981757,623.0087857925137,625.5383065845851,2987573
2019-05-28,628.2083740234375,639.1695935871352,625.1167626544756,637.0616689472362,5411769
2019-05-29,629.7073364257812,634.7194895966459,619.1208253931544,625.8193639122649,5418102
2019-05-30,619.917236328125,625.3509862707336,614.9050255751879,618.324570694658,5394745
2019-05-31,606.1921997070312,623.898787436298,604.3653204681215,618.0434419148617,4226041
2019-06-03,612.1412963867188,617.3876633699215,594.9499667474934,606.1922307238804,4170532
2019-06-04,609.6586303710938,617.7624521720217,606.8948956008799,613.4528831730622,1640476
2019-06-06,594.0599975585938,614.1087263720975,591.4836451596261,612.9844884345064,3846513
2019-06-07,603.3817138671875,604.927548162273,590.2657381599478,599.5874609023879,2173168
2019-06-10,606.0986328125,608.3939400557748,597.9011477873165,602.7728074670777,2306052
2019-06-11,596.6362915039062,607.0354199314039,595.8399873492331,607.0354199314039,2274832
2019-06-12,592.2799072265625,598.5568489092175,589.7035552597428,593.0293799988705,1734002
2019-06-13,600.5711059570312,602.1169401448163,588.4388178337443,592.092576542448,2141936
2019-06-14,597.0110473632812,600.524254782053,593.4041772857864,599.6342307997421,1338649
2019-06-17,585.5814208984375,601.4142990727875,582.9582373733975,600.5242750604224,2647789
2019-06-18,586.3777465820312,590.0314478900258,580.9439401764706,584.597698665574,2252507
2019-06-19,576.3065185546875,592.4203827923027,569.6079807767295,590.078244713451,2316163
2019-06-20,587.548828125,591.1088668521516,572.6528058847562,575.97863078537,2283701
2019-06-21,587.8298950195312,593.4510270643154,582.9582358111625,587.40829867995,2713987
2019-06-24,594.7625732421875,596.7768350398053,586.4714265854287,586.4714265854287,2166403
2019-06-25,601.13330078125,603.9438670303366,594.9031893899947,594.9031893899947,3352119
2019-06-26,602.8663940429688,606.6138152957611,599.5874004467755,599.5874004467755,2124949
2019-06-27,616.357177734375,619.0740240292928,604.2717204528717,604.2717204528717,3744033
2019-06-28,613.9681396484375,620.6198470385099,610.3612693711074,618.1371574525826,3503838
2019-07-01,618.3245239257812,621.5566862825248,613.1249882289915,615.7950030734988,3547891
2019-07-02,624.1798095703125,626.2877338803061,614.8580884076753,619.261319513661,2275170
2019-07-03,626.9904174804688,632.3773355238199,621.4161169385181,626.7093723231246,2615478
2019-07-04,629.7073364257812,631.6278784267148,623.2898430710079,629.0983575854578,1777421
2019-07-05,601.5079345703125,632.6583733285358,598.1821096879872,629.5667622714603,3039710
2019-07-08,595.699462890625,604.4590948903914,586.6588428977857,599.9153120467685,3903971
2019-07-09,592.7484130859375,598.182162878683,590.2188921120912,592.0926028807011,1260744
2019-07-10,582.3961181640625,595.9336314587694,580.0070914121877,590.2188370203809,2081711
2019-07-11,594.1068725585938,595.5121556533335,584.2230023806983,585.9093878392785,1399434
2019-07-12,591.9989013671875,596.7768406411637,588.8135703971293,594.0599373325193,1806912
2019-07-15,591.9520263671875,597.7137096065292,585.9561864729053,592.1394088722521,2223638
2019-07-16,583.5671997070312,588.2514762910303,579.7728899291036,585.2535278410487,3177195
2019-07-17,578.9296875,586.892956771854,576.4469983251569,583.6607948664689,1881478
2019-07-18,567.4832153320312,585.5792111187623,565.2033801868897,583.1569225136844,4915489
2019-07-19,542.6902465820312,571.3778930402933,541.4553599883079,571.0454436422742,6294798
2019-07-22,536.6107788085938,547.8198430073157,531.8611704211168,542.6902427573934,4198301
2019-07-23,531.1011352539062,538.6055389706925,528.0138901010761,537.7505863523099,4805198
2019-07-24,522.4569091796875,529.9613134302605,518.6572225674715,529.1063607510654,3041526
2019-07-25,520.1295166015625,525.3066004805007,514.7624948015398,522.456835920932,4763735
2019-07-26,536.1832885742188,538.0356473930939,517.7073008296218,518.5622535086769,5063750
2019-07-29,525.44921875,536.7057678578719,524.4992970369773,535.7558461448491,2984154
2019-07-30,521.26953125,533.1910369521122,520.1296136178297,524.1667808302443,3186153
2019-07-31,522.4569091796875,526.0665998655693,514.6200555419922,519.2271523678573,2986522
2019-08-01,521.07958984375,524.1668356821938,512.292813226641,518.6573008585423,2737518
2019-08-02,528.5838623046875,535.6132470435276,514.9999956271807,517.612279910494,5848740
2019-08-05,518.1348266601562,526.4941264083992,515.1900344677218,522.8844353783195,3152495
2019-08-06,521.9344482421875,524.5942171953955,515.8074421676772,515.8074421676772,2811436
2019-08-07,492.3443908691406,523.8818019667617,489.2096609481093,523.8818019667617,8411409
2019-08-08,512.5302124023438,514.382571207401,490.49201862377345,492.53437335371643,5648169
2019-08-09,518.229736328125,520.8420208241209,503.4584665010347,513.8126355129738,4313483
2019-08-13,486.7398986816406,517.7073226818018,484.69754385025567,517.7073226818018,3618940
2019-08-14,497.3314514160156,499.51625954128787,477.3830974417123,490.0645858268309,4641413
2019-08-16,501.4161376953125,505.26336689831027,489.73211257813074,498.423919177959,3120580
2019-08-19,494.4817199707031,508.92054113286554,492.05943127732024,500.6087264153432,2998027
2019-08-20,501.36865234375,508.2081000523274,491.58447061136343,496.71407088745104,3175896
2019-08-21,494.8141784667969,508.77797942993806,492.15435163704376,501.84356343205326,2709407
2019-08-22,486.1698913574219,497.5214667286241,484.3175615240459,495.4316274922268,2516270
2019-08-23,506.54571533203125,509.4429647428954,483.7475959359342,485.4099588085663,2807785
2019-08-26,517.0423583984375,525.0217236952511,502.4135993257699,525.0217236952511,4036331
2019-08-27,526.3041381835938,531.0062624792689,517.2323969945652,519.6072013884796,4144339
2019-08-28,512.6727294921875,531.8611585448473,507.97060569785845,528.8213976490151,3322911
2019-08-29,501.55859375,516.9473349266883,497.9963878284801,509.15796638257575,4399017
2019-08-30,502.3185729980469,506.2132866748442,493.05683661417913,504.02842042703725,2929342
2019-09-03,489.6371154785156,495.7641215839758,487.30979589072194,492.67687628837183,3379359
2019-09-04,480.37542724609375,493.7218158676678,477.9531094571972,490.1596094039761,3431149
2019-09-05,491.1095275878906,493.4843318799017,481.32534550052907,481.4678279601877,2329699
2019-09-06,502.98345947265625,504.40834179410854,488.8296052214529,493.436759514648,2670087
2019-09-09,505.8807678222656,509.87045038513867,495.8591059171726,497.42649984571386,3061953
2019-09-11,518.4197387695312,520.7945428866615,506.49823369726073,506.49823369726073,3224627
2019-09-12,516.37744140625,524.309322825857,513.1952267272019,518.7522457872182,3726538
2019-09-13,523.6443481445312,525.1167152147917,514.3826113746279,514.857572234623,4358612
2019-09-16,510.06048583984375,522.9319137189455,508.82559918337074,517.7073441904183,2441611
2019-09-17,495.8116149902344,512.4827282907152,493.9592561838218,510.58288499770043,2445056
2019-09-18,500.6087341308594,504.7408703198088,492.2494347961249,498.7088907375734,2401637
2019-09-19,493.2943115234375,502.9360396631986,487.30981659951783,502.50856331607196,2336366
2019-09-20,540.410400390625,545.2549771705567,492.67684184912594,498.1863753188902,14378491
2019-09-23,536.7057495117188,572.0428476239662,524.3567676645464,547.3923684179255,9599883
2019-09-24,530.7687377929688,546.5849569293877,526.8265396362583,535.6608576280559,3615703
2019-09-25,507.92315673828125,530.7212780837485,501.5586696002808,530.7212780837485,5044376
2019-09-26,538.5580444335938,541.2178132275815,509.15796031589935,510.96283448607556,6270296
2019-09-27,527.3013916015625,539.3654060217679,521.6494051651024,534.6157986105536,4326078
2019-09-30,519.7495727539062,530.5786430841906,513.2425756812573,529.8187174786876,3381186
2019-10-01,528.8214111328125,537.7506401423879,509.72795056749266,523.4068459582107,5664019
2019-10-03,534.5208740234375,536.6581975358995,519.7020628832012,530.0562310905725,3797753
2019-10-04,535.9932861328125,546.2049437773454,527.6339872846389,536.7532118501708,4653685
2019-10-07,525.2592163085938,534.7109488318754,519.1322097397294,533.0010433867081,2367535
2019-10-09,547.6773071289062,549.8146308079114,523.3593364614495,528.1564291230491,4863273
2019-10-10,537.7031860351562,547.1549188859415,531.2437298384771,547.1549188859415,2156410
2019-10-11,532.0511474609375,545.5400478680597,526.3516169772482,540.0779978211909,3133395
2019-10-14,540.1729736328125,543.6876373820444,526.779043477273,534.7109241031584,2630640
2019-10-15,554.184326171875,557.1765446489972,536.8957401602382,539.5555092438859,4967499
2019-10-16,554.99169921875,557.5090146702378,546.5373737199927,553.3293364055145,2279203
2019-10-17,563.5885620117188,566.4858117500625,549.7672121613142,551.9995050797212,3744228
2019-10-18,563.5885620117188,565.6784014549678,554.3743094519083,559.5039100872814,2955289
2019-10-22,565.9633178710938,571.0929180667717,558.0314951393317,563.6835406563838,3494913
2019-10-23,562.2111206054688,569.6205560592695,557.7465351123041,567.0082714509371,2371317
2019-10-24,551.9520263671875,565.6784073778748,549.6247064623516,562.3536812220015,2212393
2019-10-25,548.7697143554688,556.3690870784702,541.6927869114511,556.3690870784702,2284548
2019-10-27,561.878662109375,565.2033879206731,550.9545630151099,555.1817259994837,851951
2019-10-29,581.162109375,587.0516357631705,562.8286313748843,565.6309121057241,6543163
2019-10-30,585.6741943359375,588.8564667192009,574.7026106376691,586.2916666131936,4296705
2019-10-31,576.0800170898438,590.5188382881903,573.5152169462857,586.6716090835441,4595842
2019-11-01,560.21630859375,579.2147421196083,551.9044939261869,578.5023008623887,7558094
2019-11-04,557.0341186523438,564.7759458672286,552.7594709211465,561.4037353638971,3128961
2019-11-05,551.0970458984375,561.0236803520336,548.1997386015477,554.0892641863825,2653917
2019-11-06,550.7645874023438,560.7387652041369,548.1997872290159,560.6912807150903,2763550
2019-11-07,551.2869873046875,554.2792635900641,543.3551649931734,550.7645420109939,3279435
2019-11-08,550.95458984375,566.628298003098,547.9623132764265,549.0547464304957,8374614
2019-11-11,546.2049560546875,557.5565315197214,541.4553477411685,552.5694427905264,3492576
2019-11-13,545.9199829101562,551.8095087257325,543.355182863852,545.2550261605786,3342543
2019-11-14,549.4821166992188,550.622034122798,539.3179448051006,546.3948717487713,2193683
2019-11-15,553.851806640625,561.2611839176287,550.7170767901945,554.516763391593,3063043
2019-11-18,544.9700317382812,553.4242991635393,543.1651575127227,551.0494951712849,3212994
2019-11-19,532.5736694335938,546.2050237924424,531.6237476530852,545.0176215668066,3208662
2019-11-20,532.383544921875,539.9829173308485,529.581264750344,534.093392118172,2876499
2019-11-21,524.166748046875,534.4734326022977,522.646896618118,532.4310778899534,3346254
2019-11-22,518.6572875976562,527.2065835470681,512.1978311427142,526.9691031040289,2798026
2019-11-25,520.3670654296875,525.1641581402409,518.8946984759594,520.0821005319685,3054435
2019-11-26,511.62774658203125,525.211671739078,510.06041074141166,522.4568759290977,4408905
2019-11-27,512.9102172851562,526.7315659872033,508.2080934231809,514.8575451128299,6630809
2019-11-28,514.8101196289062,516.0924908388678,509.3955538938897,514.76263513569,2426425
2019-11-29,503.9809265136719,516.5673885435456,501.7961182853418,515.8074628091634,3328894
2019-12-02,507.4006652832031,510.5828795737515,497.2839766639235,498.70885911854793,4087250
2019-12-03,496.7140197753906,510.34537132286255,495.8590671578116,510.34537132286255,3052238
2019-12-04,499.23126220703125,502.74598356028395,493.1517990352258,496.6189779277855,2612985
2019-12-05,498.4714050292969,504.5509270148129,495.85912039122053,499.2313307828317,2332044
2019-12-06,484.6500244140625,501.46364876338134,482.65518320475746,501.3686218137628,3409528
2019-12-09,487.9272766113281,492.5343734025283,484.50752389889504,484.65003533722745,2566094
2019-12-10,480.4228820800781,489.0671460402451,478.5230387500531,488.82966562399196,2462096
2019-12-11,482.32275390625,485.7899623905304,477.4781473305999,482.22775593627443,2148791
2019-12-12,486.264892578125,488.49721427984207,482.7501998252144,485.40996888089313,2994158
2019-12-13,490.3495788574219,496.6190387034161,488.02225916446633,488.7821849066144,4066433
2019-12-16,483.36761474609375,493.76923893250995,482.1802127392444,490.15954842741064,2346317
2019-12-17,480.5178527832031,487.07230610207364,479.7104136158892,484.3650237125186,3521314
2019-12-18,496.47662353515625,498.61394746278154,481.1353641520861,481.51532705246836,10092679
2019-12-19,508.5881042480469,511.8178032591426,498.23393446803544,498.23393446803544,10732682
2019-12-20,504.0284118652344,512.6252493096866,502.033599561734,506.783207883037,4746509
2019-12-23,499.5638122558594,509.06302862901805,498.42389469535726,503.41098329126555,2963573
2019-12-24,501.0836181640625,505.9757373432695,499.8487317434561,502.5085004905954,2372038
2019-12-26,501.8911437988281,509.3480644776909,500.65625709401843,503.45853791018664,4623580
2019-12-27,503.6009521484375,506.07072508127465,498.75631727133197,503.3634717518719,3017840
2019-12-30,510.0129699707031,512.8151925261565,504.7408582970194,504.7408582970194,4697710
2019-12-31,504.93084716796875,511.6753257463575,504.02840999454713,511.6753257463575,2502181
2020-01-01,509.7279357910156,511.057849296617,503.0309997333167,506.2132720579284,2611808
2020-01-02,512.815185546875,513.9076186485729,506.7832061904134,510.1079320042212,2776519
2020-01-03,506.07073974609375,512.0077498322751,503.83844714513526,511.96026534730845,1930883
2020-01-06,498.2339172363281,503.45848643518383,494.4342305462513,503.363517459379,2059404
2020-01-07,500.2762145996094,505.35827177279737,496.85646218390497,502.41353811744546,2111349
2020-01-08,498.37646484375,500.0863123826376,493.0093838131027,494.8142583133085,1612378
2020-01-09,514.1450805664062,515.2849981144243,499.37381086363945,503.3159508281575,2897598
2020-01-10,519.22705078125,520.1769722484522,512.2451511887564,516.8522471132446,2355888
2020-01-13,527.1589965820312,529.1063242406955,519.2271165391908,521.4119825733441,3442869
2020-01-14,534.3308715820312,535.5182735188802,527.1589754791855,527.1589754791855,2793249
2020-01-15,541.2178344726562,542.4052364789587,528.8213691225814,533.8559420335811,2564513
2020-01-16,539.0330810546875,541.2653738615278,535.8033240784825,540.7429285214821,2243200
2020-01-17,540.790283203125,545.254925723762,536.848143875735,538.4154795196591,2646260
2020-01-20,538.7955932617188,545.2550491471811,536.0882816625798,540.5054407051325,1847978
2020-01-21,525.1166381835938,536.6107240965384,522.5518383201359,535.7557714825151,3101684
2020-01-22,525.8765869140625,528.6313828101796,521.5069706429265,525.7816179432783,1862669
2020-01-23,538.130615234375,538.9855679116308,522.0294316559109,525.7816337726858,2113303
2020-01-24,539.318115234375,543.3552829838177,535.8508773875205,537.750721034317,2284717
2020-01-27,549.3396606445312,553.3293430398548,534.8058714702803,536.7057147081854,3654906
2020-01-28,543.8301391601562,560.216287457995,540.0304525983386,552.1419535141324,3689004
2020-01-29,548.8171997070312,551.6194799987915,543.4976619839642,548.5797193090619,1934080
2020-01-30,539.4130249023438,558.1264943609677,535.6133380266281,549.0547535409206,2901951
2020-01-31,538.7481079101562,548.1048133345587,536.9907180022417,542.2152872801274,2352196
2020-02-03,530.72119140625,537.418126862012,508.3980345679694,517.7072543345939,3818209
2020-02-04,548.0098876953125,549.8147042559585,530.8162690157484,533.8560302499067,2793702
2020-02-05,555.086669921875,560.3112387797911,548.4847611115813,551.1920145101468,3320830
2020-02-06,551.0970458984375,559.6463403987614,547.202332505566,555.7041425210554,2207104
2020-02-07,540.6004028320312,552.379454810495,533.1910253520509,550.0046506195642,4083215
2020-02-10,501.9386291503906,538.6055820944761,499.706278458596,538.4155861664442,9648880
2020-02-11,497.8064270019531,510.7728806615959,496.52405597127023,506.4982332544982,5404802
2020-02-12,504.40838623046875,507.5431160180989,497.66396583954884,500.27625032567653,3426829
2020-02-13,506.8782043457031,511.0578830865581,501.8436308478236,503.8859857281864,3392352
2020-02-14,496.8089904785156,510.06040822562494,494.57669793836504,508.4455299304503,3507540
2020-02-17,496.571533203125,499.0888487197519,490.159562186155,497.85390421507293,2652464
2020-02-18,496.9990234375,498.61390185304566,488.35470155598705,494.43422336323533,2868873
2020-02-19,500.03875732421875,503.1260025482528,495.66908314303316,501.70112013716016,1952880
2020-02-20,498.56640625,506.30829168770555,496.80907420763606,499.56387046830514,2077458
2020-02-24,487.4997863769531,495.8590850268944,485.5049451795582,495.8590850268944,1911411
2020-02-25,483.462646484375,493.4843085266813,480.7553639217374,489.73210632714563,2105613
2020-02-26,477.8105773925781,486.78734834488137,474.9608125174733,482.27522062596535,3058370
2020-02-27,468.78631591796875,478.7604928523936,463.13427072607186,478.7604928523936,6039260
2020-02-28,434.16168212890625,460.7120040617993,430.8844698028764,460.7120040617993,8613275
2020-03-02,435.3490295410156,448.79044250353695,422.09764147123934,430.8369022327034,9225488
2020-03-03,442.90093994140625,447.4130674796833,432.4518024843436,438.86377319663205,4582866
2020-03-04,450.88031005859375,453.1126317571458,434.5891593897153,442.71097798586527,5912943
2020-03-05,455.29742431640625,458.337185119137,445.5132431520731,449.02796476839876,4081050
2020-03-06,447.4130554199219,450.02533971377494,433.6391927796058,435.87151424675955,4502562
2020-03-09,440.0037536621094,442.37855796946246,418.91547981708953,430.836985844278,4540694
2020-03-11,428.9845886230469,446.13066143829576,427.17974343027953,439.67120633071596,5104905
2020-03-12,402.14935302734375,414.11837211230016,379.63619739160885,406.47148511862633,9408350
2020-03-13,407.3739318847656,427.22728986262075,328.34043387087587,380.44364555859835,6230411
2020-03-16,372.1792907714844,407.13642487541443,369.3295258222714,399.91701453954676,3156508
2020-03-17,354.70074462890625,387.5680401020925,351.4235322716282,372.3692934314222,4526913
2020-03-18,329.0528259277344,364.4849178691374,322.1184100650362,360.02027489607593,6595508
2020-03-19,298.4654235839844,315.18402308824966,286.876366710549,315.1365385967703,10486153
2020-03-20,306.4447326660156,311.7642997486314,292.81335107597164,300.1752439254081,8819518
2020-03-23,278.7070007324219,288.68117785773876,266.5480154515681,284.0265676637857,6001358
2020-03-24,255.5288848876953,294.3806686508262,251.15924016610447,284.97645154761557,6690908
2020-03-25,263.9357604980469,273.9099387393711,233.1107885279443,250.20937979878585,9393732
2020-03-26,271.20263671875,279.2769709117776,259.4236138114892,263.93574174288693,7557558
2020-03-27,279.751953125,289.7261314197793,266.73801365894457,282.1267574808998,9505126
2020-03-30,260.6584777832031,270.5851699671987,256.47882859652833,267.5929227647671,8942833
2020-03-31,270.6802062988281,272.8175301734798,263.88824279459794,269.6352866066919,6236559
2020-04-01,259.1861267089844,268.82782561058366,252.20419681840974,266.92798232004947,5980392
2020-04-03,266.6429748535156,275.47723314841585,257.7612030903526,260.27848925057225,6961905
2020-04-07,304.92486572265625,307.58463488713,278.08957769566234,280.7018623708564,10795407
2020-04-08,310.0544128417969,332.85253185941883,297.13547293394964,299.22531210628796,8451195
2020-04-09,362.30010986328125,372.03680673146874,315.75394922511657,318.9361925359956,11027315
2020-04-13,344.6790466308594,360.9701957187249,337.22215652670354,360.9701957187249,7717484
2020-04-15,335.4648132324219,360.87521648616695,331.8076092092551,354.3682476121129,11300538
2020-04-16,338.8370361328125,342.3992420257592,325.8230990081916,325.91809696319797,6155773
2020-04-17,345.01153564453125,352.1834321065413,337.7446122356483,352.1834321065413,6178483
2020-04-20,338.0296325683594,349.04872975455265,336.272271678393,348.6212534066956,4834154
2020-04-21,315.42144775390625,331.57011454789415,307.2996298738288,331.57011454789415,8003757
2020-04-22,323.16339111328125,328.43544523279024,304.5449190057655,310.6244124110554,9071476
2020-04-23,330.0977783203125,332.14010410054766,314.9465161801028,321.0735225101169,6738333
2020-04-24,317.558837890625,327.48553203834604,315.3740294031353,324.8732471562418,5754928
2020-04-27,313.75909423828125,326.15558856536137,311.71676858732906,320.6460258680013,5770537
2020-04-28,319.126220703125,321.07354867778366,312.0492921321063,317.70133809064964,4244512
2020-04-29,330.57275390625,334.1824447957092,319.4111738533809,320.1236151333513,7748491
2020-04-30,348.2887878417969,349.57118794325504,337.222205760477,337.8396490717539,7422465
2020-05-04,339.1695251464844,344.2516119458049,324.01829170394547,332.52007336887493,7125034
2020-05-05,349.713623046875,362.68004678515575,343.34916586960503,345.5339739026831,13401536
2020-05-06,367.76214599609375,373.3191932197453,340.3094172289408,352.8958785779526,7015473
2020-05-07,380.5860900878906,383.2458880093174,365.8148205379166,368.09462662106307,12971483
2020-05-08,367.3347473144531,387.47307074640855,361.63521689212996,384.7183035068145,9444781
2020-05-11,370.564453125,381.8685153178917,365.1024034656023,369.0445726393058,7658595
2020-05-12,373.3666687011719,375.4090233075471,361.1601994824525,369.42449990742364,4686856
2020-05-13,392.3651123046875,397.92215956197856,384.00581367084106,394.2174710535536,7361621
2020-05-14,380.3961486816406,387.09308493572524,376.16898560625077,381.39355485078204,4765875
2020-05-15,362.205078125,383.7208245846697,354.5107367039663,382.5809071204323,14226503
2020-05-18,358.3104553222656,364.29495007722437,348.8587233790369,362.96506557493444,7717665
2020-05-19,363.72503662109375,371.4194086858496,352.6109694069455,364.76995635643544,5950003
2020-05-20,384.7657470703125,392.98259241324917,360.68525678889364,363.72498863054244,10608175
2020-05-21,387.85302734375,391.5577452495356,377.87884926668784,380.11117111036856,6249309
2020-05-22,404.99908447265625,408.7987709150139,378.7337577377205,383.7683306781216,10016203
2020-05-26,407.6588439941406,413.4058869993791,400.53443207886625,405.6165183762899,5895376
2020-05-27,410.8410949707031,413.16841450325416,394.2174668505013,405.1415653294911,7591278
2020-05-28,418.345458984375,421.76518247800385,402.62426839538807,407.9913195367177,7449375
2020-05-29,414.4983215332031,427.46474637539507,409.5112328254902,412.26599983760326,9539035
2020-06-01,438.0088806152344,446.93813836819317,419.39041039225776,419.72288876913933,9668047
2020-06-02,439.6712646484375,454.8700118486302,437.7714212484134,441.80858847346457,8520940
2020-06-03,460.8070068359375,467.93141934425654,443.1384580174445,446.4631838546601,9873294
2020-06-04,454.49005126953125,461.899428971447,445.8932424472737,460.9969917561387,5829493
2020-06-05,459.9520568847656,464.9391453559913,451.5927292917936,455.0124528984955,6265829
2020-06-08,447.2705993652344,469.4037614556531,444.8007973620524,461.18694526273663,5955200
2020-06-09,454.7750244140625,458.62219579249387,440.0987222132266,450.0729002943705,7656301
2020-06-10,448.4104919433594,459.47710207735446,445.37076013384024,452.3051764076974,4849036
2020-06-11,450.7853088378906,455.9623934424922,445.9882160859377,448.3630202184507,4331683
2020-06-12,482.9876708984375,487.2148338048049,433.2592670978281,434.11419077852383,18368009
2020-06-15,482.7026672363281,494.8616814120391,473.7259252868581,479.8529023655172,17605860
2020-06-16,481.3727722167969,493.00931185104605,476.19568788583683,491.20443761428857,6712936
2020-06-17,472.6809997558594,479.61541592519563,467.8363937385732,479.61541592519563,9273745
2020-06-18,481.2303161621094,483.4151243726193,467.36145420294093,472.01606451401096,7114752
2020-06-19,475.00830078125,481.2303048683036,471.54109262015555,481.2303048683036,9811021
2020-06-22,473.7734069824219,477.0981326454564,469.3562772565374,476.6231718364515,5149581
2020-06-23,490.53955078125,493.8642764717309,472.68100682165414,474.96081292583665,9132472
2020-06-24,489.5420837402344,501.22616605066975,486.88231479960587,493.9592424652638,7568963
2020-06-25,481.8477783203125,490.49204252702134,478.1430895189645,484.3650650065291,5248401
2020-06-26,476.2906799316406,489.44709976491,473.7259090295131,489.2096193671589,4079405
2020-06-29,482.0377502441406,485.36247600090377,468.3588553677258,469.3562904883396,4459947
2020-06-30,485.1250305175781,489.68464314512585,481.70530655226224,483.51015200944533,5487685
2020-07-01,473.9634094238281,495.28916163733044,469.49876616202215,488.022237968111,8990865
2020-07-02,503.17352294921875,505.35833120645543,479.14048717307077,481.1353284888528,16513522
2020-07-03,503.93341064453125,508.6830186619161,497.9489161383491,504.78836327910597,7982179
2020-07-06,541.9777221679688,544.8274867833243,506.925652186262,506.925652186262,16728066
2020-07-07,531.9561767578125,539.5555507114955,524.0243533851046,536.7057854788644,9208254
2020-07-08,523.6443481445312,539.7930173843625,521.5070242745536,535.7558500744047,5172833
2020-07-09,532.240966796875,536.0406525251819,520.604429253935,526.2564733705121,4123902
2020-07-10,527.06396484375,540.4578938929633,524.3567115354195,527.4914411499633,5752443
2020-07-13,528.0139770507812,532.4311363421245,521.6970322542343,531.9561754711681,3165043
2020-07-14,517.8972778320312,526.2090919911797,511.057830585352,525.3066548581778,3097258
2020-07-15,522.5994873046875,531.6712286532169,515.5700429836588,522.4569758470979,5671780
2020-07-16,544.63671875,548.071083449349,517.5908783901191,521.8361751902418,11751032
2020-07-17,561.7132568359375,564.0505604443458,539.4851449154801,545.6384354021588,9124092
2020-07-20,566.674072265625,570.10843729145,555.3692340138886,561.8087121078162,5771917
2020-07-21,561.2362670898438,570.013048690037,558.5650878795258,565.576940585028,3850519
2020-07-22,564.7660522460938,583.845986443597,555.2260851473421,561.5224401415829,11559026
2020-07-23,575.5939331054688,580.9840381957588,557.611117118918,563.7644079866568,7605913
2020-07-24,571.1578369140625,573.3043294927402,562.9534303436029,566.7694171501411,3531702
2020-07-27,567.0557250976562,572.3980839233363,560.9501222448697,570.633213122177,3345182
2020-07-28,591.8118286132812,597.0111222654837,561.6655562321389,564.3844235318817,10289416
2020-07-29,577.02490234375,596.1525834779496,573.3520382019447,591.4779761817067,5182915
2020-07-30,570.8239135742188,586.5171712486525,568.8205437550736,578.1220117661628,4958267
2020-07-31,578.5513305664062,582.7488812566033,564.9091889254212,572.3026636086388,3962668
2020-08-03,569.67919921875,591.9550006919668,566.8648970784527,581.938034523932,5002825
2020-08-04,574.8783569335938,581.5563334712169,569.6791217825976,569.6791217825976,4889709
2020-08-05,585.9924926757812,591.4779738852004,575.4508404318435,578.0266432539083,3834812
2020-08-06,581.6040649414062,589.5699134585292,577.6926438477573,589.5699134585292,3857553
2020-08-07,572.8273315429688,588.1389669694554,571.1578373139395,582.0333647837847,7679198
2020-08-10,599.968505859375,611.3210308570891,577.1679630369013,577.1679630369013,12341769
2020-08-11,600.588623046875,611.1302751506731,593.7675814396356,601.0179332160685,5128836
2020-08-12,605.7402954101562,618.7623171292148,595.6278941332409,599.1100058338823,8891590
2020-08-13,602.4012451171875,615.6140764997544,599.4915667443028,605.9310446537716,5773589
2020-08-14,586.1832885742188,608.5067765935206,579.6006880014731,604.8339125605472,3622823
2020-08-17,594.912353515625,602.9259495537955,585.5631969559869,599.109962531303,5687622
2020-08-18,594.006103515625,603.6414474619315,590.1423700712933,596.2479726016709,3989439
2020-08-19,595.1985473632812,602.8305207445584,593.3859303942936,598.1559137575917,2762486
2020-08-20,583.8936767578125,594.3399524144164,581.9379951409213,591.4779622743791,3165784
2020-08-21,581.7472534179688,592.3843413292043,580.0300707749593,591.4780326981493,4191258
2020-08-24,574.25830078125,587.3757548482273,573.3519923093372,584.7999522223357,3707968
2020-08-25,581.3178100585938,584.2275462961844,573.8289599733162,577.1679481028367,4248590
2020-08-26,585.1338500976562,596.7249332429507,582.4149828054699,584.79997454505,5814785
2020-08-27,607.4573974609375,609.8900773954077,587.280344006989,590.6670788668116,7637436
2020-08-28,602.3534545898438,617.2357777168135,600.3977150492175,612.7042940318755,7809917
2020-08-31,578.9805908203125,611.0348550050536,574.4013603133484,607.6958667263375,5012805
2020-09-01,579.6007080078125,592.9566623739485,577.1680279651629,581.9380116673543,5572232
2020-09-02,613.1813354492188,616.1864481320853,574.3536608667109,580.029952474718,7887097
2020-09-03,614.9939575195312,625.821796097045,602.9258767276409,611.0348481709715,9194655
2020-09-04,602.9259643554688,619.9070953769739,597.4881710694525,600.0639740183384,5889085
2020-09-07,582.3673095703125,604.690797889608,577.4542031696825,603.2121146185658,9387992
2020-09-08,580.6023559570312,595.7709264547398,577.4541785595832,582.8919712791769,6825892
2020-09-09,585.6585693359375,588.6159356731832,569.9176245407875,578.8851581543508,6589023
2020-09-10,587.1373291015625,595.1986135271171,584.7046489613246,591.0010044098631,4699612
2020-09-11,585.9924926757812,593.2905909670748,583.9413764108887,586.6126138425644,2837723
2020-09-14,586.9940795898438,600.4454662025262,583.7505261787688,586.7078922634738,4918699
2020-09-15,585.229248046875,595.2939009120201,583.7982530927595,590.7624168906545,3805649
2020-09-16,610.033203125,619.9070457060066,587.6619688034905,587.6619688034905,18993356
2020-09-17,607.505126953125,613.8969169098536,598.7760915092266,601.9719573739202,6363964
2020-09-18,624.0570068359375,629.0654898499423,605.3586353139145,610.5579293263022,13518207
2020-09-21,593.8152465820312,635.9341651719354,587.1372698054935,626.7758203121897,9301954
2020-09-22,587.4711303710938,595.5324137769375,575.2599847937418,593.8152314379455,5369370
2020-09-23,584.4183349609375,594.673799132024,575.4984894146942,593.43361511029,4116481
2020-09-24,548.6434936523438,578.5036377482555,541.3931418280491,577.1680190413564,8991885
2020-09-25,565.05224609375,568.0573590552555,550.0744859314736,557.0387085753003,5415792
2020-09-28,586.9464721679688,589.5699631041116,565.8154218822826,567.6280389109165,5494528
2020-09-29,584.9908447265625,597.6789904196107,575.3554421872227,586.9465265054517,5747565
2020-09-30,579.9346313476562,594.3399585776228,577.6927041116422,587.6142933242588,4990827
2020-10-01,582.0811157226562,593.2905770617905,580.1731223032292,586.4217891063853,3842191
2020-10-05,579.0759887695312,587.900458120632,569.6313982812022,586.7079622623752,5977261
2020-10-06,598.5375366210938,603.8798947051177,580.9839745267246,583.4643425884494,9071955
2020-10-07,602.5442504882812,607.6004792282068,596.2478959974814,600.922502793035,6086867
2020-10-08,604.97705078125,611.4642169122295,598.7283256058885,604.97705078125,4683786
2020-10-09,604.0707397460938,617.6651931185415,599.3961324884917,604.9770482830581,4972397
2020-10-12,605.2155151367188,610.2716858789921,601.0179064672826,608.5545035059814,3247640
2020-10-13,599.0144653320312,612.4657935823951,595.6277309507636,605.1676965828882,3769222
2020-10-14,595.1508178710938,598.9191164807194,587.9481544331705,594.7215659380597,2776984
2020-10-15,588.9021606445312,603.8799207185637,585.8493595104388,592.3842719459292,3794955
2020-10-16,578.7421875,595.2463206510641,574.3537672419719,589.0930295872347,4274910
2020-10-19,569.96533203125,586.2309638916452,567.8188394864881,584.513781501303,3646287
2020-10-20,574.5445556640625,580.9840338720034,563.1442825986097,569.9176946129973,4377671
2020-10-21,573.2088623046875,582.7011405918727,564.9568262410014,578.9805886033787,3684706
2020-10-22,576.5479125976562,579.0283390841729,566.7694459097137,572.2072390304279,3818694
2020-10-23,596.3910522460938,599.1099195134606,577.501871259182,581.6994799734596,6421723
2020-10-26,569.67919921875,597.0588601628381,567.2464608532105,596.2002979991263,4800537
2020-10-27,569.67919921875,577.1680506343915,566.1970876884485,572.7796887469513,5712121
2020-10-28,576.3571166992188,584.7999640143644,566.8648381011528,571.4440105132206,6811118
2020-10-29,564.7183837890625,576.3571557017016,563.0965776801362,570.6808634341296,3680773
2020-10-30,566.674072265625,574.0675471142085,559.8052839866341,565.2907653259057,4209087
2020-11-02,568.6296997070312,572.3026217983811,561.9040348739561,564.7660248648251,4085120
2020-11-03,568.3912353515625,577.5973270102747,566.6740528973413,571.7302238787354,3669816
2020-11-04,569.34521484375,575.8801271284284,564.7660423619583,570.299211536929,2475177
2020-11-05,574.4013671875,579.4575960805055,571.6824999903698,575.5461748279415,3794240
2020-11-06,585.372314453125,590.8101069413902,574.0197893843847,575.2599733697316,5908936
2020-11-09,587.995849609375,593.3859543181521,582.128804772375,592.4319576070296,3819808
2020-11-10,591.4302978515625,598.8237726771084,582.8920152785283,593.3859795470452,7876161
2020-11-11,604.0707397460938,614.8985793167217,593.5290875483653,596.2479549319191,7561527
2020-11-12,603.59375,624.2954909362746,600.5409487816942,603.927625568593,6913788
2020-11-13,600.8748168945312,609.5562220709727,599.1576344265851,604.7862384226003,4107823
2020-11-14,602.3057861328125,605.3108989932172,600.8747910997316,605.3108989932172,295788
2020-11-17,607.9343872070312,616.2818581965354,604.5000224337128,609.603881404932,6173551
2020-11-18,673.2831420898438,677.2899397031143,607.695871783536,607.8866827608031,32986476
2020-11-19,671.5182495117188,694.8911668897686,660.4518536942829,666.8436427451755,15336768
2020-11-20,682.679931640625,685.4942332065049,665.3172404084113,677.337574065687,6730897
2020-11-23,672.9970092773438,687.5931476974619,666.843718682658,683.443285185437,4484068
2020-11-24,695.7974853515625,711.2045556906593,673.7601843816608,677.3376720863421,16121626
2020-11-25,686.8299560546875,699.2319135202335,683.0616573331499,698.3256049830527,5423034
2020-11-26,694.986572265625,702.9047329603153,686.8776005919698,688.7855939269475,6798860
2020-11-27,688.7855834960938,708.7718250227839,678.2916203126352,703.0001569173487,11302666
2020-12-01,700.7583618164062,702.618667285646,675.4774457497808,702.523290893314,5710611
2020-12-02,718.931884765625,723.1294935069964,696.9422726309655,700.2335728682524,6337698
2020-12-03,711.5383911132812,721.5553561213181,709.4873332147037,715.5451887619631,2957787
2020-12-04,716.0221557617188,729.2827321496607,709.010303853874,714.6388490090102,5356456
2020-12-07,717.6917724609375,721.0784494152,709.82129895452,715.4975914924958,3525945
2020-12-08,719.3134765625,728.8534430951592,709.3441998904042,718.6933554469432,4333519
2020-12-09,720.2674560546875,727.8517409129155,715.6882838735813,721.9846383441857,3213975
2020-12-10,702.2847290039062,720.2198562124813,697.419310654969,710.7275769288361,3814006
2020-12-11,694.0802612304688,712.3493206365486,688.880967766331,704.9081583030007,4197494
2020-12-14,678.95947265625,703.4771998391311,677.3376665978017,697.9917187364024,4183639
2020-12-15,684.9219360351562,686.8776176064852,668.7516804752029,677.337650695284,5495877
2020-12-16,698.27783203125,711.9199719419236,692.7923515104245,703.1908796482857,11262389
2020-12-17,697.0376586914062,704.4788207352898,691.981429987289,701.2828970989766,3630553
2020-12-18,699.85205078125,704.0019719256917,689.3103974614824,692.697074560501,6671658
2020-12-21,654.39404296875,696.4175856345161,629.876316322177,695.463588941866,9130116
2020-12-22,663.075439453125,667.1776138945914,636.6020292409303,657.1129596756036,7305751
2020-12-23,678.7686767578125,682.1076653293549,656.5882526754244,661.1197371653747,4383472
2020-12-24,678.1962890625,689.3103158735138,667.8930779422511,679.7226605179909,3373695
2020-12-28,678.2439575195312,685.732808235364,674.7618463146217,682.4892544299815,2484872
2020-12-29,674.5233764648438,684.015655576117,671.6136980831051,681.6306637505377,2808820
2020-12-30,687.5454711914062,690.9798362095657,671.9475893511914,677.3376942939032,3219036
2020-12-31,687.4500122070312,692.1723076100828,680.6766587951697,686.6391382870685,3723205
2021-01-01,698.7548828125,710.4890303797496,689.7396025036038,691.6475958715253,9543128
2021-01-04,714.6389770507812,716.4515942552806,693.7941703357561,701.1876455094957,4547027
2021-01-05,706.0529174804688,713.5895145210237,696.4175743320151,713.5895145210237,3551554
2021-01-06,702.2369384765625,712.1108391299781,696.8468921278317,706.9115455369046,3601608
2021-01-07,710.1551513671875,720.2674928769089,706.0529190642976,708.819532725223,4063641
2021-01-08,735.054443359375,737.2486240821446,710.7275279724003,715.4975113816109,5998381
2021-01-11,752.7987670898438,754.9930060654226,728.0902876796966,737.4871318139939,6643610
2021-01-12,743.9743041992188,760.0968717417196,741.6370588629625,753.6097058185098,5532160
2021-01-13,790.2431030273438,798.9721956800356,746.2638806814423,748.5057495216703,19610461
2021-01-14,791.721923828125,805.0301318702961,789.2891855407822,790.7679270808817,8576718
2021-01-15,781.943359375,799.44917420661,777.8411272930279,789.9092079272948,4996951
2021-01-18,771.7833862304688,783.0405364607971,760.478547807152,780.2739807667098,3955069
2021-01-19,770.8770751953125,781.8957261982088,764.6760962157134,772.7373805346606,3991167
2021-01-20,786.5703125,793.6775998618112,765.105385839903,769.8753695421467,4502291
2021-01-21,771.0678100585938,796.5872210317672,763.4835248715666,785.1392609690351,4455107
2021-01-22,761.6709594726562,788.6690534057748,758.4273475256376,770.829304151843,5588252
2021-01-25,757.9981079101562,775.5516714437751,748.1719530067314,765.2007717447018,3353172
2021-01-27,734.52978515625,779.4153191224224,728.2811182946775,760.3353847497805,6585102
2021-01-28,729.8074340820312,742.3047668518486,721.3168406429536,723.1294575610192,4622634
2021-01-29,715.1158447265625,763.1496095918322,711.6814801774971,737.0100788520205,8761073
2021-02-01,758.5704956054688,771.6402037500142,707.4362377978357,718.3595116051612,6592083
2021-02-02,779.272216796875,798.8768964616934,765.6777631992117,772.7373623934958,5334431
2021-02-03,794.8700561523438,819.3877828048044,780.3692947751139,783.2312848537512,8802838
2021-02-04,826.6382446289062,852.4438469675249,796.5873447953107,796.5873447953107,14706560
2021-02-05,825.6842041015625,841.1389634147897,802.5020942453925,839.4217808749515,15668083
2021-02-08,885.6906127929688,908.2526011673385,850.0111107780168,850.0111107780168,21179625
2021-02-09,853.8270874023438,895.8029442131852,844.4779309399426,886.7399751290262,9210613
2021-02-10,872.0961303710938,874.8149977492807,845.3364756246997,857.6430566811379,6465767
2021-02-11,872.143798828125,877.7246562580589,860.8389029443207,874.2902914130747,3640848
2021-02-12,866.7537231445312,876.2936905078024,863.3670463760379,873.8610104756362,2484145
2021-02-15,869.9019165039062,877.6770133369032,856.9275839455145,868.9956661698333,4178613
2021-02-16,870.2357788085938,879.3464354117649,860.6003774521663,872.9069578538267,4223635
2021-02-17,872.8593139648438,877.8201085733814,862.985412938484,863.3670349188866,3903522
2021-02-18,853.3024291992188,872.8593631361094,850.6312498679412,872.8593631361094,4616205
2021-02-19,838.8016357421875,863.9871730320929,823.1560658761341,849.0571007228284,5171996
2021-02-22,798.5906372070312,841.902111921462,794.7746502974722,839.5171201029876,5960870
2021-02-23,802.2635498046875,817.5274972576246,781.418686627867,803.3606110914642,7348084
2021-02-24,810.5155639648438,816.5257896894998,801.3572190381991,802.4065921055286,3184114
2021-02-25,819.483154296875,826.7335058285901,803.312898803524,813.8545505515146,6134649
2021-02-26,769.302978515625,817.2413137091278,761.7663811345666,809.0369069784135,12073749
2021-03-01,781.7525634765625,813.4729519668717,778.6520743760059,783.2312466328995,9223619
2021-03-02,820.48486328125,828.0691488127329,782.3249946723682,794.631575589668,9706013
2021-03-03,812.8529052734375,828.0691648208555,808.0829216051146,827.0674798959756,5028771
2021-03-04,806.36572265625,818.8153681307634,796.3964453476557,803.1221105371203,4574138
2021-03-05,801.7388305664062,821.1526396505976,799.783090796871,801.3572086047076,5179108
2021-03-08,811.8512573242188,817.9091135679572,801.357292775962,808.9415787994888,3474579
2021-03-09,812.8052368164062,825.8750040304012,803.2652692481386,813.759233573233,3536262
2021-03-10,824.062255859375,834.7470294822136,809.9431177490279,817.0027159178674,3971353
2021-03-12,816.4303588867188,835.8919147306527,805.3163323406486,829.5001252368965,4012449
2021-03-15,805.5548706054688,822.3451899397527,786.0933138171185,822.3451899397527,3069303
2021-03-16,804.0761108398438,817.098189337382,801.3572434832469,812.805204104436,2996797
2021-03-17,798.447509765625,812.18502662196,795.3470206457367,808.607539175935,2034583
2021-03-18,806.7473754882812,820.9618921367411,795.6332900521323,803.2652640574286,5033325
2021-03-19,811.1834106445312,820.43719060261,782.8020078300805,801.309567746238,7538327
2021-03-22,813.806884765625,819.8170524149112,793.8683883908601,810.7063954469027,2906300
2021-03-23,805.7933349609375,825.2071444912712,802.7882220686759,820.3894728076277,3925212
2021-03-24,774.0729370117188,806.1272024822066,771.4016996997306,797.7797314505862,4066262
2021-03-25,755.2792358398438,776.5533516410532,751.8448126160835,774.454547153312,4501404
2021-03-26,762.5772094726562,777.1734050021482,755.7084800791723,763.054207804278,4170972
2021-03-30,758.4273681640625,768.4920215929735,746.979407889888,768.4920215929735,5670999
2021-03-31,758.6658935546875,768.68285914076,753.7527871429638,758.5227707553794,3972382
2021-04-01,770.44775390625,772.5465584068863,743.878967644262,764.6283970078564,5678798
2021-04-05,738.82275390625,771.5925171692021,733.8619594345754,771.1155188205283,4176802
2021-04-06,745.1668090820312,755.1837745664969,739.3474524248485,747.9334228401048,2984229
2021-04-07,759.6675415039062,761.8617222133851,739.7290459105806,745.3575913629536,2271095
2021-04-08,758.5704956054688,773.6913199359705,756.5193794195125,765.1053496777414,3324494
2021-04-09,754.7545166015625,764.1513608567433,748.8874135737123,758.4273806256067,2065092
2021-04-12,716.9285278320312,743.1634373668028,704.574258787462,743.1634373668028,4628388
2021-04-13,773.9298706054688,779.4153519687741,716.2607548883819,719.3135561621244,12501628
2021-04-15,768.0626831054688,771.6879169737686,749.0304964335692,767.9673067309702,5256004
2021-04-16,783.8514404296875,799.3061409513851,766.2501890273767,768.0627478870705,6915568
2021-04-19,758.3796997070312,769.8753484693148,748.9827971344165,748.9827971344165,4317341
2021-04-20,773.83447265625,783.4221281699037,763.7220723579868,770.8293596587239,4830957
2021-04-22,762.9111328125,767.8241806246427,749.364368734156,758.4273369110808,4576665
2021-04-23,742.1140747070312,768.5397373734256,738.4888405748563,759.3813921162258,4796085
2021-04-26,744.5943603515625,756.805505416538,739.9675000451797,744.1173620425609,3528851
2021-04-27,742.5911254882812,751.7017831978802,741.2555066897947,745.071493854221,3624649
2021-04-28,746.120849609375,764.7237866015194,743.0203601106844,749.8414602987407,5214319
2021-04-29,738.9658813476562,755.6131367782311,733.2419006765595,751.7494614707093,3642323
2021-04-30,717.9302368164062,742.5910875427771,715.9268669483895,733.0511201191923,4466148
2021-05-03,718.3118286132812,731.2861604731028,706.0052478631725,710.6321668055435,3749870
2021-05-04,707.0546875,727.6133050304148,697.4669739474741,724.0835055450045,3820769
2021-05-05,713.1602172851562,714.5435241375656,703.4294393563735,708.9626667660108,3102424
2021-05-06,713.01708984375,724.5604255376834,711.8245940808506,716.9284526551272,3662506
2021-05-07,732.0971069335938,736.4854685589421,716.4515374193853,717.4055341403166,4833670
2021-05-10,744.5467529296875,747.742618655732,733.2896032616134,736.4854689876579,2095644
2021-05-11,740.3013916015625,743.831190810078,730.9522361881436,734.5774117695917,2938331
2021-05-12,724.7512817382812,736.199241776604,720.4106085358844,736.0084307971648,3480378
2021-05-14,707.3886108398438,728.5673509555004,702.1416285611936,727.9949179523331,4984389
2021-05-17,718.88427734375,721.2215811503542,701.569270351745,705.9576323429392,3479938
2021-05-18,761.003173828125,763.149666387873,719.3135066888854,725.9914835414346,8634396
2021-05-19,748.6966552734375,757.4734372242754,742.2094888671111,757.4734372242754,4360320
2021-05-20,766.2978515625,772.3080191449736,746.0254216269841,747.9811032223546,10092542
2021-05-21,781.275634765625,783.2313164193772,763.9128826100077,767.0133719868201,5721630
2021-05-24,772.7373657226562,786.0933201919368,769.8753754792391,783.7083283224224,3495533
2021-05-25,773.9298706054688,789.9093163159669,771.1632567139087,781.9434666706252,5044078
2021-05-26,783.422119140625,788.0012917571845,775.5993343808607,778.4613245446277,3084558
2021-05-27,790.481689453125,792.7713049605541,779.3199739795966,787.333511800916,6902630
2021-05-28,806.9381103515625,813.7592102583803,773.2143492548854,790.8632887505244,11638455
2021-05-31,770.7816772460938,786.0933132680434,753.6574241283425,786.0933132680434,17596018
2021-06-01,769.20751953125,780.3692924501486,763.4358512019944,775.5993089999644,7230033
2021-06-02,769.1122436523438,774.6454135321042,765.3916327840965,769.2076200428754,4244490
2021-06-03,765.1530151367188,775.7901012649093,761.3847166565286,774.6452936190199,5001405
2021-06-04,767.585693359375,776.5532853012077,766.1546983618913,776.5532853012077,5084092
2021-06-07,766.8701171875,774.4067133586702,765.6776214786015,770.7338498661948,2994862
2021-06-08,770.686279296875,772.7373956750979,760.812435865297,767.1087913539347,2960405
2021-06-09,767.442626953125,779.1767742588472,764.1513268213488,770.8293034602369,4176767
2021-06-10,769.82763671875,773.6436234593078,766.1070263557715,770.8293215926791,2264605
2021-06-11,771.7833862304688,778.3182408081088,768.4443975384951,771.7833862304688,1783272
2021-06-14,770.3046875,772.2603691922021,757.4734195659153,771.7833708171605,1598770
2021-06-15,771.4016723632812,776.0762792662678,768.9213043498609,770.2091765438801,1640381
2021-06-16,769.0645141601562,784.0422167647207,764.7237823045065,771.5925706469399,3863280
2021-06-17,768.6351318359375,772.6419295119371,756.0900522827408,765.1053324969059,1988175
2021-06-18,745.5961303710938,771.7356639828712,737.5348463821547,768.9213619926411,5793496
2021-06-21,741.1123046875,743.0202980658315,727.2793526945962,740.3014307926438,3024852
2021-06-22,739.5382080078125,753.2280365200261,737.1532164044768,744.2127566139501,2925669
2021-06-23,745.9777221679688,749.841397110667,739.3474335378714,745.9300339790143,2700327
2021-06-24,755.3745727539062,757.4733771319812,743.1634266823846,746.9794134689437,3251137
2021-06-25,757.7119140625,765.0100124463894,753.6574278997482,756.7102291265822,1763201
2021-06-28,756.9963989257812,762.2433808969115,752.9419128571807,758.4273940088168,1409432
2021-06-29,745.643798828125,755.565387817676,743.5450526660571,752.703397712306,3167773
2021-06-30,741.9232788085938,753.0850523491481,739.7767861364619,748.7920670048842,2393862
2021-07-01,743.5927734375,762.0048989433388,739.2520998996288,742.209466513825,5697553
2021-07-02,746.5978393554688,751.0816357625497,741.2554808027816,749.841451622891,1963778
2021-07-05,755.326904296875,756.9963985596088,748.410428065549,749.8414231478923,1320469
2021-07-06,745.9301147460938,758.4274494268441,742.877313367083,754.2298402522865,1420179
2021-07-07,743.0680541992188,745.9300443041421,733.1941534008303,742.0186228910109,3004815
2021-07-08,740.5399169921875,751.3677559336027,735.5314344618056,742.161722980826,2010027
2021-07-09,736.05615234375,740.3014493624948,731.7154789446308,736.4854625101109,1658120
2021-07-12,737.2962646484375,745.0713603941883,733.1464026414004,740.3013772930732,2681410
2021-07-13,745.214599609375,746.2162845716445,738.0596238398196,742.1141101092343,2189466
2021-07-14,749.9844970703125,750.7953709398598,741.3030925334632,744.1173943241305,2067565
2021-07-15,752.3964233398438,756.3035860973896,747.8621596348506,753.4576076849042,2109663
2021-07-16,752.2999267578125,756.3518233020459,749.1163147883145,756.3518233020459,845054
2021-07-19,748.44091796875,753.1681399695693,742.8454703581791,748.44091796875,1265906
2021-07-20,733.39111328125,748.3444966978811,725.8179128019075,747.6691708315547,2179910
2021-07-22,731.7028198242188,740.0477370815927,729.0015752720209,737.2500426421688,2182264
2021-07-23,737.2500610351562,740.7713063647699,731.5098794168323,731.7510630236299,1179241
2021-07-26,727.6991577148438,737.1535432086382,725.962647543774,736.0923589048499,1187498
2021-07-27,719.2576904296875,733.1981137103277,716.459996114894,729.339176269747,1732564
2021-07-28,703.0020141601562,724.2261723218681,699.0948513660212,724.2261723218681,4016758
2021-07-29,705.6549682617188,712.7939672857586,700.4936040412636,704.2560916456061,2489035
2021-07-30,716.8941040039062,733.1981388013915,706.0408420808593,709.2727376275731,4642619
2021-08-02,730.9793090820312,732.2816770445338,718.3412523788991,723.5508419943457,2260861
2021-08-03,743.6654663085938,745.4502602245148,728.8568172673004,736.4782423510429,3235393
2021-08-04,739.2276611328125,748.4408619681054,737.5876010379336,745.7396176909156,2659372
2021-08-05,732.571044921875,739.3241857387904,730.0145340851003,738.9865522510306,1451370
2021-08-06,731.5098876953125,745.0643947741851,728.3745007714618,736.8641520502679,4471604
2021-08-09,747.6209106445312,754.4222761659038,734.6452216116825,735.1275887959318,6700633
2021-08-10,758.5706787109375,761.9472492523417,747.8139250300943,749.550435246273,4724852
2021-08-11,751.23876953125,762.0920326938806,740.4337313172424,758.570728203583,3147983
2021-08-12,748.8268432617188,766.626204485442,746.4632322360924,753.457556544605,3551026
2021-08-13,751.1904296875,761.6577738947161,745.3537397288121,755.3387756408464,3391864
2021-08-16,771.1122436523438,775.5982824534536,752.7340639289246,752.8787976513031,7131928
2021-08-17,762.7672729492188,775.5982286259973,754.4222968794991,771.0639651930175,3835522
2021-08-18,763.4425659179688,768.8933389883505,759.1495448202547,765.9026858151335,2450964
2021-08-20,757.943603515625,763.4425424793144,748.8750766192592,760.9824815403931,3050982
2021-08-23,738.89013671875,765.4685589645513,736.7194842123879,762.1402133449193,2512960
2021-08-24,750.7081298828125,752.3964151569589,734.7417277554255,739.951317297307,1662376
2021-08-25,744.8231811523438,755.387034600503,743.3760795534922,753.4093408586155,1693443
2021-08-26,753.843505859375,755.2906075018877,740.1924901452518,743.8102442515335,2576883
2021-08-27,747.8139038085938,757.3165142237933,738.0218259633144,752.3963922704575,2907125
2021-08-30,763.6355590820312,766.1439040373747,755.3870911278685,756.3036006522686,3028708
2021-08-31,765.3238525390625,767.735688743259,753.7470387589198,760.2107715627101,3324467
2021-09-01,742.7490234375,774.1993407030038,741.7842890565616,765.3237726218285,6031309
2021-09-02,725.9143676757812,746.8491146812603,723.5507567604881,745.5949129300396,4879865
2021-09-03,723.454345703125,730.303936348286,718.8235735051809,729.3392019541668,4257842
2021-09-06,728.1332397460938,733.0051363640104,720.7047735859213,726.4449546589051,3682183
2021-09-07,726.5414428710938,731.943990764758,721.7177709389189,728.4709116439636,2273976
2021-09-08,728.1332397460938,731.0756676929376,722.5860173167595,729.3391576655142,2380939
2021-09-09,724.2743530273438,729.821575844403,721.1871911613069,723.5508022251187,3313559
2021-09-13,719.2576904296875,726.9273403693841,714.2410599803902,726.9273403693841,3139833
2021-09-14,723.7437744140625,726.0108767503365,718.3895101540312,718.5341849875522,3089381
2021-09-15,728.470947265625,733.1981695433994,720.174254689668,725.4802940745216,3336656
2021-09-16,730.2557373046875,734.1628999629008,724.8531891763819,733.053431817229,2686018
2021-09-17,727.554443359375,738.9865220070518,722.7307715447076,731.4616057527131,5504398
2021-09-20,712.022216796875,729.8215783697457,706.3785440730768,722.9719876380661,2933375
2021-09-21,712.4081420898438,714.7717531883012,703.8219822244973,713.9999185484421,2380834
2021-09-22,725.962646484375,732.2334201749377,712.4081397451635,712.8422820079762,2287017
2021-09-23,731.7028198242188,735.1276151787579,726.2038219498819,729.8215759615883,1890322
2021-09-24,751.9622802734375,754.4705662951683,726.0108999655021,732.7158161824246,4967824
2021-09-27,782.7371826171875,785.0525685845305,755.4352125922646,761.6577608571266,9210666
2021-09-28,777.6241455078125,793.0116708488805,768.1697602353055,791.0822020633601,3853344
2021-09-29,783.4608154296875,786.9338947444651,770.8228178146002,771.7875522549189,2291977
2021-09-30,774.72998046875,788.5739550160131,773.041695198307,779.5536526700158,3264689
2021-10-01,798.6553344726562,801.694271328612,759.2459585266157,771.7875054908418,7704216
2021-10-04,811.4864501953125,821.9537959925993,798.8966178336152,803.1414731969941,6544700
2021-10-05,813.3193359375,816.1653142353128,805.6014606255821,811.486375880549,2647442
2021-10-06,804.6848754882812,824.7513965185118,799.764753992677,816.1652374883049,3288323
2021-10-07,847.2780151367188,856.491217188306,807.6274535237148,810.0875145494472,9515673
2021-10-08,846.8438720703125,863.4373160662292,841.7790163056783,862.183173082006,3938358
2021-10-11,864.01611328125,870.6728042574681,848.0015456424537,848.0015456424537,5493159
2021-10-12,858.7100830078125,863.0996717215037,846.072085668923,856.6841642805058,3433345
2021-10-13,902.3643188476562,936.9018582913998,861.5078395935888,861.5078395935888,17519612
2021-10-14,898.5537109375,912.8799942962208,889.6781420169401,905.4033021368596,3354982
2021-10-18,878.8248291015625,924.2155716530748,876.2682593429639,924.2155716530748,2885649
2021-10-19,885.1438598632812,894.8876542770813,869.4187000695017,878.8730859241953,3476818
2021-10-20,867.6339111328125,892.2829236375803,863.0997062869955,880.8025600358332,3551282
2021-10-21,865.3667602539062,878.9694917951124,861.8937399531305,876.2682472408741,2614538
2021-10-22,856.5394287109375,877.7153609438587,853.886409063783,872.1199131009489,1999394
2021-10-25,859.2888793945312,873.9528529851448,851.860413277966,851.860413277966,2833933
2021-10-26,863.003173828125,868.2609882557728,852.8252373534478,861.8937645616504,3410657
2021-10-27,855.5264892578125,871.9269747309564,852.3428773836869,868.2609956370325,3362019
2021-10-28,852.6804809570312,864.4020275398146,846.9403583490719,855.719417888187,2171227
2021-10-29,853.0664672851562,869.7081371304137,831.6011250209835,852.3429164223189,2482056
2021-11-01,839.6565551757812,856.5876908746932,830.0574950741028,853.0663867880745,4146270
2021-11-02,831.11865234375,848.290912200079,828.7068164402568,844.1425662226131,3704926
2021-11-03,819.0595092773438,839.2224818809557,813.2711028513554,833.5305253423145,3288759
2021-11-04,842.068359375,844.1425617942078,822.9184059548106,825.5714254347353,973315
2021-11-08,829.1892700195312,847.2780411805159,824.1726390410079,847.036857565036,4481883
2021-11-09,860.6878051757812,873.4705357776987,832.1798569913714,833.5305086835275,15376349
2021-11-10,887.218017578125,892.3793230828696,863.4372909828846,873.9529195322986,17083220
2021-11-11,892.1381225585938,896.0452850414317,878.8730247644,886.5426749019493,4935551
2021-11-12,904.7279052734375,906.3679655240527,892.3793167746128,901.0619263432307,6239600
2021-11-15,895.6594848632812,915.0988486562275,888.616876288382,902.0267086654799,3757546
2021-11-16,926.4344482421875,931.8852212476386,892.9099272741038,895.6594556903243,7368780
2021-11-17,920.7908325195312,944.4750521319971,913.844732514846,926.0968721382503,5416608
2021-11-18,891.1251831054688,921.3213582538964,885.8191438694515,921.3213582538964,3463426
2021-11-22,869.0809326171875,897.4441466141934,862.1831172096032,893.7299428472413,3731367
2021-11-23,869.5633544921875,876.4612292163217,862.0866626634297,866.1867839888776,3195288
2021-11-24,861.7008056640625,875.6894549154832,858.6136437078952,875.6894549154832,2708554
2021-11-25,859.7713012695312,867.1997678587941,852.3428346802684,859.4818927286954,2288825
2021-11-26,823.6419677734375,853.7899168134609,813.2710733036695,853.7899168134609,3934155
2021-11-29,820.7960205078125,837.19650540301,799.1377213255528,815.3935313895394,3936245
2021-11-30,806.03564453125,830.4434146896442,799.330728231077,820.7960700513288,6067618
2021-12-01,805.2638549804688,812.9817305592771,794.2176337817556,806.5179979854815,5121634
2021-12-02,819.590087890625,829.6233490830945,805.6014392587917,806.3249900500934,4677008
2021-12-03,807.4344482421875,825.4267090354871,804.5402451124941,819.0112607609612,2933597
2021-12-06,793.1564331054688,810.9557361862948,791.1304554781316,808.4474502279343,1552749
2021-12-07,796.8223876953125,804.2508543354362,793.4940422461262,797.3529798375968,1976433
2021-12-08,811.1004638671875,813.9464421836155,797.7871406435913,805.0708737403128,2346456
2021-12-09,821.08544921875,827.1633232294733,806.5179828895023,827.1633232294733,4078098
2021-12-10,829.3822021484375,837.968303255134,820.1207162807475,820.1207162807475,3434165
2021-12-13,813.3674926757812,838.3059105158053,810.0874312728989,838.3059105158053,2683048
2021-12-14,807.3379516601562,812.2581323845241,796.8706070695321,810.3768885452868,1979863
2021-12-15,816.3582763671875,823.5937845028881,808.6404010224402,814.2358488708388,3208613
2021-12-16,823.2078857421875,831.8422707553332,816.3582947723833,822.8220272958804,3965285
2021-12-17,805.1672973632812,822.1948828791922,800.7295427277553,818.0947617266704,2675800
2021-12-20,785.583251953125,800.7295946157742,768.893357721412,796.870656810397,2907378
2021-12-21,783.5573120117188,797.8353697297342,779.0230484362278,793.3976149264039,1973119
2021-12-22,789.8280639648438,798.0283063535094,782.3995973185685,789.9245138516245,1979912
2021-12-23,797.690673828125,804.3955901784119,793.7352860499399,795.8094887157681,1495208
2021-12-24,783.991455078125,802.7072676185323,779.5054164427872,801.6943082474705,1071730
2021-12-27,789.683349609375,794.1211632816536,778.4924538636078,779.5054132304953,1492196
2021-12-28,809.122802734375,810.3769457548328,790.1657470573799,794.9411944071218,1677680
2021-12-29,803.3343505859375,813.7052454366652,801.5495566075786,813.7052454366652,1575343
2021-12-30,800.0542602539062,813.2711338739529,797.9801165351037,813.2711338739529,1874659
2021-12-31,807.62744140625,815.2005830328176,800.9225254260641,805.3602801948132,1528983
2022-01-03,800.5365600585938,810.3768623059948,797.1599897989854,805.5531905065543,1537088
2022-01-04,802.5142822265625,812.3063598803437,796.5329760889596,808.39919736055,1886453
2022-01-05,809.89453125,817.1300392718881,800.7295544222752,800.7295544222752,2634010
2022-01-06,810.232177734375,812.5475638916049,798.3177312203063,809.4121770318272,2962301
2022-01-07,799.7648315429688,819.7830706919634,793.4940578336451,811.341644544797,2531717
2022-01-10,812.2581176757812,816.8888308927849,800.4401215985015,806.4697114338483,3403434
2022-01-11,811.7275390625,818.8183132738476,806.0838075530163,812.3063561432456,2117911
2022-01-12,849.4969482421875,853.0182527038766,812.7888124646885,816.9371590188246,9022415
2022-01-13,864.4019775390625,877.4258912631443,837.3894157409668,849.4968200560709,5658001
2022-01-14,850.1239624023438,864.3537947579164,848.6286358635554,858.4206546633545,2027852
2022-01-17,869.03271484375,872.1198766260486,851.5228212344812,853.0181477419765,3617269
2022-01-18,860.6878051757812,878.0047402812644,856.9735424637089,870.1904153154419,3468168
2022-01-19,862.8584594726562,876.8953330300018,849.7380364769878,876.8953330300018,4215758
2022-01-20,849.4486694335938,865.945604707667,842.06842745783,864.4020531658148,2486026
2022-01-21,844.3355712890625,853.693506885614,834.6882271447238,844.9143883846365,1872843
2022-01-24,824.5584716796875,847.3744040307776,818.1429646138425,840.4765886662346,3386669
2022-01-25,824.3655395507812,827.9832935277449,815.4417464076042,816.2617470892969,4742388
2022-01-27,827.7904052734375,832.421118981236,811.5346529075321,815.7794492718808,2927566
2022-01-28,838.9812622070312,864.4019891150875,830.0574693506534,833.91640680206,4208702
2022-01-31,854.5616455078125,857.5040733956613,841.3447735994173,847.905014055702,2335040
2022-02-01,839.029541015625,863.1479016353525,833.7235016792849,860.5431069118787,2921070
2022-02-02,838.6918334960938,849.2556870333643,834.6399960913019,844.8179323125376,1341479
2022-02-03,826.0055541992188,851.2816056995102,822.0983918963265,837.3894076417697,2630289
2022-02-04,812.0170288085938,831.0223099632195,806.6627641867442,831.0223099632195,2080640
2022-02-07,800.2471923828125,814.9111671783053,793.2046429726232,811.3416380879389,1801701
2022-02-08,802.707275390625,808.1580485050297,788.3327676293462,800.7295815741238,2729631
2022-02-09,810.5698852539062,816.1171082633026,803.7685192537115,808.4474577172459,2165223
2022-02-10,822.9666748046875,827.5009382979316,800.874292195497,814.2358401905616,6949276
2022-02-11,823.5455322265625,831.5528158544475,806.1320294517259,822.9184313225277,5146850
2022-02-14,795.9541625976562,815.5865443893384,753.1682124115816,812.0652400211901,4202165
2022-02-15,824.4619140625,827.7420342548219,791.4680479151534,798.8000050850728,2728328
2022-02-16,833.7716674804688,847.5191320585384,824.4619573885508,824.4619573885508,4401342
2022-02-17,831.8422241210938,846.3614648502308,828.7068373673754,841.2483843822484,2041741
2022-02-18,821.9537353515625,839.0777715047201,817.2747969135047,826.9703661701576,1616856
2022-02-21,811.4380493164062,820.5065758833698,802.6589901645664,815.3934955350659,2255753
2022-02-22,823.15966796875,825.8126877014357,794.3140844130075,797.8353887022048,2768989
2022-02-23,820.3136596679688,839.0295308348661,815.875904920873,825.8126575990852,2265060
2022-02-24,767.735595703125,802.5625416007547,762.6225153464152,789.249160260833,5677898
2022-02-25,779.1195068359375,795.9059095727403,773.7170175482881,784.039687788381,3470318
2022-02-28,762.960205078125,778.5406897709906,759.0048174440234,778.5406897709906,5026913
2022-03-02,750.9009399414062,782.1583556923724,741.880697536151,757.7988139332206,5779175
2022-03-03,735.1759033203125,765.1791811661998,733.2464343482061,764.0697129541505,2763929
2022-03-04,706.4749145507812,729.3391291867489,704.256037442231,723.5507233995525,4829850
2022-03-07,666.197265625,694.4639691158033,657.7076154782436,694.4639691158033,7008637
2022-03-08,675.941162109375,678.256489275337,647.4814981010819,666.1973096108061,4000294
2022-03-09,708.93505859375,713.8070144770082,675.3140879128874,680.1377599694081,5490287
2022-03-10,712.7940063476562,735.6099990516565,709.0798023645475,735.0794068944576,4064470
2022-03-11,708.8868408203125,715.6399817677512,703.0019844049166,708.1150650600056,2364792
2022-03-14,716.9906005859375,719.6918450643279,699.866565398415,708.8868082680527,3563695
2022-03-15,734.3558349609375,742.0737101389133,718.7271259489936,718.7271259489936,4811450
2022-03-16,746.3668212890625,748.633923664599,738.0218448497658,741.7360488818706,2277631
2022-03-17,766.3850708007812,771.6911102769423,749.598667814021,757.3165434157098,3787641
2022-03-21,755.8694458007812,763.2014041086843,752.5893250993562,761.7543024255941,3008019
2022-03-22,757.8953247070312,761.2236701794722,741.8807571436229,755.3870388081363,5436875
2022-03-23,746.8009033203125,766.1921008126546,744.8714344484008,762.1402044050968,3277274
2022-03-24,738.64892578125,752.4928410343731,735.7547225465024,746.4150260179463,2248114
2022-03-25,737.7806396484375,745.7396985266324,731.4616410428985,745.7396985266324,3148869
2022-03-28,742.1219482421875,745.4502937482537,724.8049537279813,737.9253770928318,4719388
2022-03-29,746.0773315429688,755.387042141606,743.5208206891047,743.8102292352212,3519610
2022-03-30,765.3720703125,766.9639057454367,748.5375008711812,751.8175627485114,4407033
2022-03-31,778.1065673828125,784.3291164299258,769.8580995216245,769.8580995216245,7059986
2022-04-01,797.4011840820312,800.2471622584079,779.2159647073637,782.3995763611439,3406177
2022-04-04,804.2991333007812,806.5180107883682,781.4349147590649,789.152790460389,4163250
2022-04-05,807.0485229492188,821.9536806961313,804.2990535563133,807.4826651909177,2669967
2022-04-06,798.6553344726562,809.122737845504,793.9281713311532,809.122737845504,2049292
2022-04-07,804.8779296875,810.666336314354,793.3011164337921,796.8706456302288,2913537
2022-04-08,827.163330078125,830.2987169992895,797.8836045770055,800.7295829435288,4145522
2022-04-11,826.6327514648438,830.9740568130152,816.358364137138,824.7997912030269,2922901
2022-04-12,830.4434204101562,836.8107032449367,813.5605671768067,820.0242999055472,2961076
2022-04-13,835.5565185546875,844.1426790720514,831.9387642158073,832.0834979424507,3695363
2022-04-18,843.2743530273438,845.107372022031,827.8386019401834,835.5564774837635,3076843
2022-04-19,841.7307739257812,856.4911986432949,834.5917157285107,847.133263076402,3301212
2022-04-20,850.1721801757812,858.5171561924363,842.647263719279,842.647263719279,2208791
2022-04-21,878.873046875,881.7672501029089,849.6898309935852,850.1721981982367,3206906
2022-04-22,888.1828002929688,894.3570654805106,857.6971561597966,871.9269893829685,4924905
2022-04-25,872.1199340820312,895.2735606505807,863.5337740097739,882.1049119866312,5476626
2022-04-26,906.9949951171875,909.6480144989897,874.6281115530334,874.6281115530334,6384561
2022-04-27,894.1640625,907.5256693804037,890.4016336384365,897.2029994382804,3154605
2022-04-28,890.3533935546875,911.6740000558171,886.1085386785905,911.6740000558171,2869224
2022-04-29,889.5816040039062,906.1268232110464,885.6262163510679,896.1418453052733,3467791
2022-05-02,888.8579711914062,900.7724757619238,877.6188513261852,882.7319316125352,2740823
2022-05-04,864.49853515625,891.3664254798052,859.6266378584917,885.529793711888,2408261
2022-05-05,867.344482421875,888.5204150567191,864.0644206709484,877.9083362666822,2690817
2022-05-06,862.3278198242188,882.5390172792922,856.0088212812211,858.6136159375747,4247088
2022-05-09,863.7266845703125,870.0939668516769,844.1425882983339,848.9662602314672,1790691
2022-05-10,857.021728515625,878.824759957992,852.9216075652203,863.7266439640055,2436623
2022-05-11,855.7676391601562,866.7174099479122,845.5897029998499,857.2629657060888,3048794
2022-05-12,834.7364501953125,857.6488924861402,823.5937795104215,853.6935049490204,4908042
2022-05-13,858.1312255859375,873.0846083814205,839.4153551791511,848.7732903825444,4956950
2022-05-16,871.4927978515625,876.8471208848898,861.2184118074608,863.4372891538832,2856221
2022-05-17,878.6801147460938,884.6614800409072,866.4762594295763,875.0141356566007,3469290
2022-05-18,881.0918579101562,890.2086091682919,873.2775333361606,877.9082463756658,3203522
2022-05-19,851.4263305664062,880.8025047409354,849.1110033424992,869.2256919732562,2658159
2022-05-20,871.9269409179688,879.21067387792,857.3112500544999,865.2703088725235,3426756
2022-05-23,908.6834106445312,910.1787372796997,878.1495414587395,878.8730923031164,6613972
2022-05-24,913.458740234375,926.5309384197252,909.8409862456725,915.5329427409837,4546511
2022-05-25,895.6594848632812,920.163704507023,890.7875287958657,920.163704507023,1363358
2022-05-26,897.010009765625,900.5795387283432,882.5389941459945,897.2994183014749,2384886
2022-05-27,919.2471313476562,924.215536962702,890.4498336289915,906.8503181053652,3269005
2022-05-30,963.142578125,976.0700428184542,923.2990586256329,937.9630334867726,11690785
2022-05-31,997.8729858398438,1006.2179618086965,957.0165082590862,962.7566896164168,13301109
2022-06-01,1010.41455078125,1019.9654448990086,979.0124578224297,998.5001044885068,7889745
2022-06-02,1007.7135009765625,1020.6408494733756,998.5002391037746,1008.09930057642,4081658
2022-06-03,992.3740844726562,1019.2901983379538,989.528047275009,1013.0675906710328,2660682
2022-06-06,999.4165649414062,1011.620478781091,982.0996293879386,991.7469734880166,3443406
2022-06-07,1005.7838745117188,1008.1474266354587,982.1960482723314,998.3071830701639,2162861
2022-06-08,1008.1473999023438,1019.6759283261579,997.7765055971282,1019.6759283261579,4293398
2022-06-09,1008.2439575195312,1012.2959128984421,995.6059596851425,999.4648975133795,2757706
2022-06-10,999.9472045898438,1006.7003453830216,990.3963104864062,996.5706341932547,2425545
2022-06-13,968.8826904296875,992.7116405159917,963.33546794867,987.5503353258687,4047155
2022-06-14,983.3054809570312,988.852703439742,963.8178354151398,964.7343448192605,3614327
2022-06-15,989.3351440429688,1002.6485260957946,984.0291047526358,988.5151433420945,3333753
2022-06-16,969.7992553710938,1001.1048395375327,961.8401965729723,1001.1048395375327,3255301
2022-06-17,962.4673461914062,972.4040992353656,948.4786966868148,964.7344485925115,5318310
2022-06-20,948.0444946289062,972.4522628627071,944.5714155033395,969.5580596994253,3722583
2022-06-21,962.7567138671875,969.3168960625031,947.176229630937,948.0445141508867,6263423
2022-06-22,949.1056518554688,968.5450727679612,938.3488990681041,960.0554221741421,2629024
2022-06-23,991.45751953125,995.2200073344932,950.4563654314903,951.2281411934408,7303072
2022-06-24,1034.2435302734375,1036.6070823779007,995.2199542794344,1000.3330935555471,7273273
2022-06-27,1044.5179443359375,1056.3842252046852,1034.2436166319121,1051.3676531592027,6316257
2022-06-28,1072.7845458984375,1081.9012379637993,1041.3823972014482,1043.8425167824723,11020641
2022-06-29,1072.54345703125,1076.11292716458,1052.2357510354832,1066.996234294187,5052023
2022-06-30,1054.599609375,1078.0908723926127,1049.6794866648215,1070.1800960951061,4165189
2022-07-01,1068.298583984375,1074.0869902201855,1026.4773724837294,1053.875852219651,2839545
2022-07-04,1052.7181396484375,1063.1373183683834,1041.3343442852397,1062.1725839597007,2784613
2022-07-05,1043.7943115234375,1063.137282877978,1039.983657842523,1052.5252047367278,3675577
2022-07-06,1065.597412109375,1072.784636171801,1042.4919529282527,1044.5178715837649,4957228
2022-07-07,1093.33349609375,1098.7841510094256,1075.2928929223028,1079.5377476547271,4917004
2022-07-08,1093.6229248046875,1152.7611923892762,1086.4357004171545,1143.1620141645965,10482265
2022-07-11,1123.9638671875,1126.7133366924215,1083.059104806511,1089.1368609070591,4520273
2022-07-12,1106.212646484375,1123.384846952473,1101.7266082828535,1122.9507636087928,2452632
2022-07-13,1100.134765625,1115.715248550405,1097.964113390466,1112.5315781669203,3379695
2022-07-14,1113.63330078125,1122.1123233456078,1102.4739933936507,1105.982669322766,2423203
2022-07-15,1142.7252197265625,1146.038903006422,1111.4403995520145,1113.9743506588154,3879759
2022-07-18,1133.8563232421875,1149.5474516065299,1129.8116856929798,1149.5474516065299,3480683
2022-07-19,1156.1259765625,1159.2934449914385,1131.517183383825,1132.3943522813072,4056414
2022-07-20,1136.0491943359375,1164.653848751781,1132.979162488657,1164.653848751781,3028752
2022-07-21,1145.3079833984375,1150.0347975434072,1135.220837570003,1137.462359437194,2062279
2022-07-22,1151.106689453125,1155.7848440801413,1140.5810199979594,1150.0346470508046,1983433
2022-07-25,1107.005859375,1154.9077532732008,1103.2536512280703,1154.9077532732008,4380502
2022-07-26,1107.1519775390625,1116.898033679371,1096.57753042091,1105.2027663110007,2598868
2022-07-27,1109.19873046875,1121.0889914670363,1098.1857573705804,1111.0505051046757,1647876
2022-07-28,1119.9681396484375,1122.7457420390856,1106.5185336920931,1113.0971220243534,1929675
2022-07-29,1134.8795166015625,1154.1279784442754,1123.9639807650012,1129.3730897823864,2230572
2022-08-01,1206.3182373046875,1216.9901224157588,1154.176830965927,1159.1960742486965,12673841
2022-08-02,1222.642822265625,1227.7595020718381,1195.0614340077743,1206.2693992975746,5626351
2022-08-03,1221.8631591796875,1227.9544450074766,1199.739656641328,1227.9544450074766,3820503
2022-08-04,1229.7574462890625,1232.8761367543461,1207.5851679403183,1232.778699984259,3075648
2022-08-05,1204.51513671875,1246.0333132730696,1199.983196689454,1245.7408839923091,5766297
2022-08-08,1244.279052734375,1247.495299140641,1211.0937999480825,1213.3840995547641,5412651
2022-08-10,1235.8487548828125,1247.2028156466881,1228.2467831458357,1244.5714279525748,2530492
2022-08-11,1234.045654296875,1246.4718766148615,1222.1555126866558,1244.571443142631,3077633
2022-08-12,1227.4671630859375,1236.6772587969654,1217.575009909156,1232.8762725814822,3355489
2022-08-16,1255.5845947265625,1265.7203990225812,1242.2812028750072,1248.0800593118886,4085782
2022-08-17,1241.891357421875,1261.1398206818963,1237.7980609243702,1261.1398206818963,2197165
2022-08-18,1229.1240234375,1245.8871941769412,1222.837745182391,1241.6476831032874,2659857
2022-08-19,1207.92626953125,1240.331907477644,1204.1252836923265,1237.7491787043743,2513148
2022-08-22,1195.548828125,1215.7232385691816,1188.0931893001969,1207.9263925549112,2443323
2022-08-23,1240.7706298828125,1244.571616326605,1187.069873677216,1188.9703074138945,4449168
2022-08-24,1236.0924072265625,1250.9063656831038,1228.977738314292,1242.5734396947885,2570071
2022-08-25,1227.662109375,1245.0100196728474,1224.7869511412682,1241.647677553357,1769049
2022-08-26,1242.2811279296875,1266.0127519492798,1236.5797086145305,1247.3978076431083,4325600
2022-08-29,1244.3765869140625,1248.2750096563116,1210.606476115246,1217.2825012672633,2554692
2022-08-30,1275.4664306640625,1281.6064941557913,1251.39371748748,1251.39371748748,5078317
2022-09-01,1278.7315673828125,1292.0348411674029,1247.4954043955172,1247.4954043955172,4913035
2022-09-02,1282.5322265625,1296.8590006538288,1277.9028498367766,1285.163733136212,2316436
2022-09-05,1287.015625,1290.8164921135444,1268.0594724540938,1285.5049385530303,2271837
2022-09-06,1273.224853515625,1293.3017062465444,1267.5720931194478,1291.3524949334374,1930221
2022-09-07,1256.948974609375,1278.6339523126358,1248.6648258238597,1258.21600965886,3162428
2022-09-08,1288.331298828125,1298.1260147324228,1268.936621600969,1271.860438701432,4026323
2022-09-09,1268.2056884765625,1304.022448554575,1261.1885749065912,1304.022448554575,3415016
2022-09-12,1264.1124267578125,1282.1912919112306,1262.1144373961572,1274.7843120572768,3077887
2022-09-13,1266.8411865234375,1276.6846802307625,1258.2159499326235,1276.6846802307625,2460291
2022-09-14,1265.0870361328125,1280.4857355367392,1247.4953548300457,1251.3449999384204,2955136
2022-09-15,1264.1124267578125,1280.875597952046,1256.315580812508,1271.8604948277878,2555055
2022-09-16,1218.3544921875,1264.0635207008345,1203.150667929977,1258.4595382459156,9047956
2022-09-19,1255.9256591796875,1265.4767236580471,1218.3545618541073,1227.9057453028893,4476773
2022-09-20,1269.8624267578125,1278.6826557749157,1263.625045564515,1266.9873875818525,3780649
2022-09-21,1273.468505859375,1289.403284561574,1260.7498544439002,1275.7100274888342,2887754
2022-09-22,1277.123291015625,1287.0155623389353,1260.16512860001,1264.0635512716262,2010645
2022-09-23,1239.9908447265625,1284.6277131454103,1228.977753038997,1271.8604026295727,4639618
2022-09-26,1205.0025634765625,1226.9798515813975,1185.4130118519988,1218.2571777766873,3345338
2022-09-27,1204.3690185546875,1221.0835304476702,1190.188457739756,1211.0450439429612,3588217
2022-09-28,1210.85009765625,1229.7086934124184,1180.4911075060763,1201.7862174160239,3361451
2022-09-29,1226.3951416015625,1235.7513331591656,1214.066354870094,1223.1302360802154,3474302
2022-09-30,1235.9949951171875,1250.126778841543,1201.7376973341466,1225.0306801586357,3320684
2022-10-03,1219.5728759765625,1243.6943681804412,1210.5091139246347,1237.7005190508464,3150821
2022-10-04,1228.34423828125,1245.497274361428,1223.1301217158282,1232.8761784625679,3011962
2022-10-06,1224.98193359375,1244.5714844571348,1222.6428561092214,1235.8000331179694,3531469
2022-10-07,1207.3902587890625,1229.9036268726634,1201.6400613119326,1228.0031933283008,3501889
2022-10-10,1211.4349365234375,1214.8948344934734,1187.069792989177,1202.6634848511037,2230590
2022-10-11,1198.326416015625,1217.5260995957894,1194.379215573056,1217.5260995957894,1569478
2022-10-12,1216.21044921875,1227.3696366422919,1198.8624205643437,1204.2715296647375,2884899
2022-10-13,1216.5028076171875,1241.7938973399157,1208.9983911891088,1223.1301740768492,2137351
2022-10-14,1199.0574951171875,1239.6985070770615,1196.8158543165343,1235.5564326626925,1696759
2022-10-17,1198.76513671875,1207.2929374880907,1166.1158423447027,1195.841319312119,2158727
2022-10-18,1221.960693359375,1235.166529418658,1202.17614975178,1204.7588786912577,2722206
2022-10-19,1216.69775390625,1232.6813108418266,1212.409465122985,1227.9543781205982,1449579
2022-10-20,1218.257080078125,1222.155502734375,1192.478807851839,1209.680502646208,1831346
2022-10-21,1224.8358154296875,1236.677299464451,1212.5558063815906,1221.2784805344925,1750934
2022-10-24,1238.675048828125,1245.5460665014539,1228.9777698422013,1228.9777698422013,318933
2022-10-25,1248.8597412109375,1251.2474775369815,1227.6132898146789,1238.6750404803117,2809493
2022-10-27,1261.285888671875,1266.8410931254389,1246.5693675834827,1250.7114414742455,3279938
2022-10-28,1278.341552734375,1282.483626837982,1257.241316153681,1267.6208903485683,2111224
2022-10-31,1314.353271484375,1324.001892062723,1283.1658879392833,1284.7740111974124,4306893
2022-11-01,1319.6649169921875,1331.8474884389955,1315.0841987459332,1326.438379128443,3405472
2022-11-02,1318.0079345703125,1326.438297285424,1304.6071068056729,1319.6648355671,2298917
2022-11-03,1301.488525390625,1320.5907740477096,1294.812499884174,1305.9716879881407,1931917
2022-11-04,1304.3148193359375,1317.666869463487,1297.200150337205,1304.0223900459657,2204968
2022-11-07,1316.9847412109375,1321.1754743743638,1302.6579659167064,1310.8446776604922,2599224
2022-11-09,1303.583984375,1330.1906502917443,1297.2002690465913,1330.1906502917443,2459869
2022-11-10,1265.2330322265625,1304.9969911199535,1257.8260529343793,1304.9969911199535,2792546
2022-11-11,1254.4150390625,1285.2613348940426,1246.0822312687617,1271.9579425909114,5308986
2022-11-14,1245.6922607421875,1276.4409982444276,1235.8487672705544,1270.8857935143194,3794391
2022-11-15,1258.8980712890625,1263.3813524581456,1242.8658559248945,1251.929736063621,3192070
2022-11-16,1254.025146484375,1262.1144216398122,1243.5969127508884,1256.218009379116,2478281
2022-11-17,1227.36962890625,1252.368288180354,1222.301727001392,1247.6901333678552,2319979
2022-11-18,1195.9874267578125,1224.0559999628988,1186.3388063868292,1218.3059214216928,4525364
2022-11-21,1187.3134765625,1203.540686389638,1171.4761328365482,1187.0698251205622,4120736
2022-11-22,1197.2542724609375,1204.0765120639687,1185.071701741239,1189.652419714096,2469455
2022-11-23,1204.3201904296875,1208.8521306329185,1192.9173515690338,1203.2481479764463,2396267
2022-11-24,1222.2042236328125,1225.07926261961,1207.1952733118071,1210.362741572359,2133523
2022-11-25,1228.782958984375,1235.5076433834095,1214.358746509891,1226.0540153366314,1370326
2022-11-28,1218.9393310546875,1239.6984805578595,1214.3587317414251,1226.9311693713564,2126619
2022-11-29,1225.1767578125,1232.8761663609325,1216.843950758082,1224.1047153749653,2435651
2022-11-30,1272.4451904296875,1282.5811136017803,1225.7128942509835,1230.0498420697502,7536690
2022-12-01,1260.603759765625,1283.506994890921,1255.2922060162277,1281.606561266568,2613761
2022-12-02,1232.4864501953125,1260.9450104598197,1228.0032873846615,1253.7815627737298,2892150
2022-12-05,1227.8082275390625,1237.2130767479716,1220.790995579225,1237.2130767479716,2764806
2022-12-06,1230.9757080078125,1233.3146663804346,1216.7951482791086,1216.7951482791086,1686075
2022-12-07,1234.435546875,1236.6771875569148,1220.5961936235185,1229.952384481592,1731982
2022-12-08,1241.98876953125,1249.4445270475767,1237.2619556060051,1240.6242977357092,1906386
2022-12-09,1233.26611328125,1252.0272735646606,1224.5920984989905,1248.957241724199,1308941
2022-12-12,1231.901611328125,1244.863914794984,1224.59206853939,1231.804174551693,1723401
2022-12-13,1250.7601318359375,1253.2940827211219,1234.8253533200111,1235.7999589658832,2164600
2022-12-14,1253.781494140625,1258.215997801605,1244.0354368377466,1254.3175748804538,1436837
2022-12-15,1254.268798828125,1260.6525139589558,1249.2008966114354,1253.2455341920918,2417555
2022-12-16,1219.81640625,1254.317470011773,1218.2570610059954,1245.4972413019232,2136354
2022-12-19,1257.8748779296875,1262.0169521791559,1213.4328815412412,1219.1343011258366,2767603
2022-12-20,1242.865966796875,1255.2921899505,1231.0244832916883,1255.2434120754522,1286604
2022-12-21,1233.5584716796875,1251.8811076871027,1226.5413577455965,1247.3979449530761,1251993
2022-12-22,1202.6146240234375,1245.2049633658391,1198.0828028149972,1233.558354177551,1557590
2022-12-23,1193.5020751953125,1198.7649695875855,1177.3236449282954,1189.018912924272,1913648
2022-12-26,1205.635986328125,1215.7231311739174,1185.4129187650888,1193.5020744080523,1677560
2022-12-27,1202.9071044921875,1216.7952359396363,1192.8686180332302,1211.6785559326813,1304940
2022-12-28,1220.54736328125,1223.1300920505796,1193.89192251949,1198.6187361329328,1959508
2022-12-29,1230.2935791015625,1235.4102594320589,1207.098032985571,1216.015580670948,1289676
2022-12-30,1217.4774169921875,1233.2173231533657,1213.384120559194,1233.2173231533657,1372710
2023-01-02,1230.78076171875,1238.7238218211285,1211.044996658264,1219.2317081811423,1718385
2023-01-03,1217.5750732421875,1232.8763367104198,1215.041002986435,1230.9271251108776,1510751
2023-01-04,1204.8074951171875,1223.9098616387953,1199.7395931647732,1220.5474006575032,1344532
2023-01-05,1220.8399658203125,1223.1302656311925,1199.739726686851,1208.511178790979,2745160
2023-01-06,1232.77880859375,1242.5735247735442,1216.4541626570006,1220.8398884310527,2214972
2023-01-09,1277.0745849609375,1280.5344828647335,1239.3573910801722,1240.6243071374422,3634805
2023-01-10,1281.5089111328125,1292.7168753919923,1272.5912462107747,1277.2206227526099,3139930
2023-01-11,1279.2674560546875,1286.4795622431661,1267.4747505282103,1282.0938364627918,2041750
2023-01-12,1286.382080078125,1293.3017567156012,1276.7334599076394,1282.5810940751553,2448619
2023-01-13,1294.422607421875,1303.0478442271997,1278.2928352099505,1291.3525756178308,2600139
2023-01-16,1282.1912841796875,1301.3423107114475,1269.8624978089313,1299.1494478025534,1651972
2023-01-17,1287.307861328125,1290.2316783061062,1270.983216534396,1285.45608678132,1607137
2023-01-18,1288.574951171875,1291.352553625211,1274.8816934867746,1286.8206133221775,1179938
2023-01-19,1286.041015625,1294.958562718781,1278.9751242087846,1284.140463103212,2066881
2023-01-20,1281.36279296875,1291.3525009953175,1278.341539213335,1290.4266732054125,1332666
2023-01-23,1294.7149658203125,1311.7705665088206,1278.9751780755469,1287.7952887636322,1681075
2023-01-24,1290.280517578125,1301.196053893862,1287.502915110948,1301.196053893862,1408040
2023-01-25,1278.1953125,1298.1747283644681,1272.8837592851737,1291.2550520298819,1359090
2023-01-27,1286.67431640625,1305.7766820978754,1253.9763686156368,1284.6276683594087,1914769
2023-01-30,1297.784912109375,1307.920835072426,1271.8604245674485,1286.5769466821523,2402331
2023-01-31,1343.7376708984375,1350.316259677088,1301.3910988669986,1316.0101850417777,5265862
2023-02-01,1317.7156982421875,1354.7019373611072,1288.4287490585496,1351.3395952486321,3010838
2023-02-02,1318.0567626953125,1343.201518186508,1296.7128742295802,1313.8172517258502,2029111
2023-02-03,1352.752685546875,1356.6023303995644,1316.2537503729893,1324.6839943392906,1803085
2023-02-06,1341.057373046875,1356.5536266603226,1325.463682662609,1356.5536266603226,1504382
2023-02-07,1331.9935302734375,1349.8288617387307,1326.4383255064351,1347.7822136124887,1413825
2023-02-08,1338.182373046875,1344.9558349171668,1325.4637213676426,1338.669675885613,1241238
2023-02-09,1337.3538818359375,1350.8034879622583,1328.387557065338,1337.159008285872,1866387
2023-02-10,1330.7752685546875,1351.7292905233217,1316.4973906221628,1343.542698046795,3282665
2023-02-13,1318.6414794921875,1348.8542554450758,1291.4012984389608,1340.0828043619792,4401219
2023-02-14,1328.53369140625,1342.0319556189372,1315.7176035479777,1323.5144486060397,2373179
2023-02-15,1344.3223876953125,1348.0259370514602,1325.5125685191563,1329.5570871157383,2007214
2023-02-16,1333.4068603515625,1361.5242120168077,1328.5824905802706,1345.0533512985392,2646301
2023-02-17,1307.43359375,1337.6951494156492,1298.4672685744733,1325.4150219759833,2150027
2023-02-20,1312.06298828125,1320.5420107009131,1298.759596026597,1308.0183506328526,1497314
2023-02-21,1317.520751953125,1327.8028901461214,1306.9463034190253,1320.1034809702235,2118816
2023-02-22,1286.23583984375,1318.4952638987497,1277.8542548311234,1312.6964077194841,2196484
2023-02-23,1280.583251953125,1292.5709509620974,1271.8605775725068,1291.5963451555285,1847879
2023-02-24,1247.690185546875,1287.0156212223542,1245.7409741218867,1286.6744140466421,2824384
2023-02-27,1225.46923828125,1252.7581980439672,1216.697786928948,1237.7980242538479,2019964
2023-02-28,1237.3592529296875,1260.4086992934901,1228.0030629111136,1231.6090560632438,3407211
2023-03-01,1239.8447265625,1272.396582351606,1236.8234725366885,1243.5481570239879,2338935
2023-03-02,1219.7679443359375,1246.0823011032976,1218.2572577481558,1246.0823011032976,1563750
2023-03-03,1236.384765625,1244.5226994153784,1221.4245919434554,1225.9565322366718,1493291
2023-03-06,1238.187744140625,1251.6373501733265,1235.8000078020464,1237.3106942010136,1570410
2023-03-08,1257.1925048828125,1259.1417161739028,1226.3463313776408,1237.7491698423528,2370800
2023-03-09,1216.4542236328125,1261.9196068968956,1213.3354137660092,1258.2160573583267,3596577
2023-03-10,1195.548828125,1224.7870006785136,1194.2331341541776,1217.2825839779498,2664696
2023-03-13,1163.1431884765625,1199.7396820945055,1152.4225251922087,1191.6504067554124,3842775
2023-03-14,1131.322265625,1162.1197798133119,1127.4725019949522,1162.0223430441595,5379592
2023-03-15,1130.8836669921875,1144.57692426325,1123.9152126477336,1137.364818500951,2226887
2023-03-16,1137.4136962890625,1145.4054159082489,1111.196777631814,1130.5426781140768,3604480
2023-03-17,1141.75048828125,1156.1259212322943,1122.7456786171574,1143.114959948652,3683701
2023-03-20,1137.9984130859375,1149.2063790662023,1115.9235693394173,1140.2399348997344,2082268
2023-03-21,1130.8349609375,1145.1616161212341,1127.0339751835254,1140.873327551889,2209422
2023-03-22,1134.5384521484375,1150.5220091488245,1129.7142016042153,1137.8521352657795,2211909
2023-03-23,1135.3668212890625,1145.1616558056096,1124.5000633060502,1131.5171765023938,2594282
2023-03-24,1121.5762939453125,1140.824756636965,1117.9701814512048,1131.0786995779004,1839876
2023-03-27,1109.0037841796875,1121.3812282488702,1096.918650420949,1112.5123406979237,2446528
2023-03-28,1099.647705078125,1119.82199632718,1094.8721131534885,1114.559101532079,1903339
2023-03-29,1115.2413330078125,1123.184274164754,1103.2536354933472,1105.1540689910553,4003003
2023-03-31,1129.275634765625,1133.466487078161,1116.7519746741093,1118.457534736351,2343070
2023-04-03,1140.1912841796875,1150.034778404146,1125.9620641053828,1131.8096985718446,2546562
2023-04-05,1126.1080322265625,1143.5048379699397,1122.6969125075339,1142.2378030575633,2028469
2023-04-06,1141.5068359375,1145.161607023746,1119.1396844778396,1124.6948889407684,2029418
2023-04-10,1158.416259765625,1160.7553371358008,1141.5068754158744,1141.5068754158744,2586918
2023-04-11,1171.1834716796875,1173.6199856167514,1158.0262964195426,1169.526689790647,2443384
2023-04-12,1176.690185546875,1182.147953753709,1168.1623855454393,1172.937977340328,2469405
2023-04-13,1173.9613037109375,1191.162998556243,1169.088275376195,1182.6351989704442,4470196
2023-04-17,1182.14794921875,1187.995583483016,1172.8405360637141,1187.995583483016,1956198
2023-04-18,1174.107421875,1186.9722883074007,1172.0607737292878,1182.1966966537918,2075066
2023-04-19,1184.6331787109375,1187.0209149877164,1172.8404740291655,1174.0587311031175,1818732
2023-04-20,1187.6544189453125,1193.7944821163267,1183.7073374528743,1187.069679350553,2172677
2023-04-21,1181.953125,1190.91945032463,1178.347131308023,1190.91945032463,1015815
2023-04-24,1177.0799560546875,1186.1924949508232,1165.6283398397072,1179.6626847823618,1389756
2023-04-25,1179.126708984375,1184.1459522468315,1168.9421267775003,1177.080060762231,1360260
2023-04-26,1182.7327880859375,1186.3387815672277,1174.6922911067388,1181.222101671374,1708865
2023-04-27,1192.9173583984375,1193.8919640834035,1179.3216566813294,1179.3216566813294,1340045
2023-04-28,1195.7437744140625,1197.5467711910487,1180.7348226229547,1193.8919997632022,2333102
2023-05-02,1205.879638671875,1209.290758504408,1186.5823988882357,1198.7649697187105,2607580
2023-05-03,1204.07666015625,1210.4603755866874,1198.8625430410057,1205.8797760208688,1307304
2023-05-04,1200.4217529296875,1206.6105940939158,1196.815759548531,1203.6379992202249,1541188
2023-05-05,1180.4423828125,1210.8013743303138,1177.3724700167759,1201.4939612258386,4753718
2023-05-08,1200.519287109375,1208.3647912086528,1182.8788296702282,1186.0462980323357,3513667
2023-05-09,1213.8226318359375,1218.2571353969518,1202.712221937456,1207.5364726054586,1846359
2023-05-10,1216.94140625,1223.9098606567936,1203.6380149225613,1218.2571001240499,2108081
2023-05-11,1219.524169921875,1228.8315830503593,1212.5557153160858,1218.2571349133957,4100467
2023-05-12,1243.548095703125,1246.3258171253035,1219.5241603671934,1224.4946256446128,2427624
2023-05-15,1253.0018310546875,1255.0484792127265,1240.28317919261,1247.3978483286357,2647630
2023-05-16,1230.3909912109375,1258.898209623448,1226.8824342773298,1254.3176101504644,1571371
2023-05-17,1231.0244140625,1239.405999139896,1228.6853366298633,1232.8761886537716,1643851
2023-05-18,1213.8714599609375,1237.7005229275996,1209.729385529116,1237.7005229275996,1900447
2023-05-19,1228.39306640625,1230.3909367388123,1206.0257938751943,1221.0835235471648,1588996
2023-05-22,1233.412353515625,1237.2132207612467,1219.5242215892165,1227.2722897073572,917769
2023-05-23,1236.3360595703125,1238.480144437595,1224.6407916314959,1233.4122425856083,1803955
2023-05-24,1243.304443359375,1245.5460840565659,1222.6428501165587,1228.00318146422,1369297
2023-05-25,1245.3511962890625,1248.2750133544114,1225.6154310979582,1247.4952812154831,2040166
2023-05-26,1249.2982177734375,1259.9702209302034,1236.1410416130743,1257.2412775458138,3508112
2023-05-29,1296.371826171875,1315.7177259782857,1265.038228385048,1287.9414628742995,6185862
2023-05-30,1294.7149658203125,1301.3911104090143,1286.4795947903187,1296.176874450756,2493657
2023-05-31,1285.5048828125,1294.51998528863,1270.1548434612514,1291.3525168510707,5629378
2023-06-01,1285.407470703125,1303.729986326627,1279.462399777257,1285.5049074782203,2364455
2023-06-02,1307.3360595703125,1310.8446161614938,1286.771903884093,1291.2062882665523,2313841
2023-06-05,1359.96484375,1365.422611980964,1312.1603856567149,1315.5228467686873,5105293
2023-06-06,1375.363525390625,1378.9696378868398,1352.8014984620463,1359.9648266105596,2335838
2023-06-07,1370.6854248046875,1386.6689814319436,1359.574896480228,1386.6689814319436,2491079
2023-06-08,1345.9793701171875,1379.6032697784967,1342.519471984155,1376.82554810839,1776230
2023-06-09,1335.8433837890625,1351.7781638733688,1328.3876260702248,1345.6868779871336,1881329
2023-06-12,1346.3203125,1349.6339956118777,1334.5276075454656,1342.909192614036,1389300
2023-06-13,1338.2799072265625,1353.240081670607,1333.4555373896642,1348.0259647106864,2516583
2023-06-14,1343.64013671875,1345.930436259358,1331.3113511443034,1339.1081965389992,905086
2023-06-15,1357.3822021484375,1371.4652081025692,1336.671829292107,1346.710316429466,1720070
2023-06-16,1368.2001953125,1373.9991706401072,1358.0156132823597,1363.4733814368428,2132678
2023-06-19,1366.933349609375,1379.4082318942749,1360.5496343243378,1373.7068120201677,1476764
2023-06-20,1360.988037109375,1374.096554722556,1345.6379978426728,1366.9818857599805,1042428
2023-06-21,1339.3519287109375,1367.761709624851,1335.8433718658673,1358.649169814463,2008628
2023-06-22,1343.6888427734375,1356.651146285165,1339.741761036112,1343.9812720741684,1296616
2023-06-23,1338.3773193359375,1344.5660419301887,1333.7479421163155,1341.9346540461531,1258590
2023-06-26,1362.15771484375,1369.223606347424,1335.1610648888366,1340.0828713864626,2281046
2023-06-27,1366.787109375,1381.0163293412409,1358.2105313011532,1370.9778426618811,2737379
2023-06-28,1359.574951171875,1377.8488080424647,1354.8481373221002,1373.1706530954248,2611913
2023-06-30,1416.6868896484375,1423.8989959683038,1364.4480454179502,1367.0307744408626,4114865
2023-07-03,1430.6724853515625,1460.0082140586715,1422.2422406594312,1432.670474758275,3615176
2023-07-04,1427.26123046875,1449.2386359866412,1424.9709309309114,1449.2386359866412,1595700
2023-07-05,1437.884521484375,1440.4672504297716,1420.097967140435,1426.7739925110618,1456527
2023-07-06,1509.4693603515625,1513.4652199396642,1435.2531122761425,1440.3210143434292,5628945
2023-07-07,1524.4295654296875,1551.523533146924,1500.2106370071406,1507.6176167078806,6905845
2023-07-10,1512.0032958984375,1538.9023892308712,1506.6916234893904,1527.2071209149938,2276342
2023-07-11,1529.594970703125,1535.9786860537668,1511.0288022571317,1518.6794337203567,1563376
2023-07-12,1530.959228515625,1539.5358056389628,1502.5007917370824,1529.1562318960637,2658457
2023-07-13,1527.109619140625,1554.3011406117575,1518.87413000314,1535.9785067752568,1859405
2023-07-14,1523.072021484375,1543.113066050839,1519.2803717898435,1538.976753716034,2174792
2023-07-17,1512.9775390625,1535.3328831810268,1506.2807215044133,1535.3328831810268,1520990
2023-07-18,1511.40185546875,1518.7388300435014,1502.8339772111017,1512.6821684116985,1059058
2023-07-19,1521.0037841796875,1525.9771686341608,1500.864282025467,1506.9701122512997,1081196
2023-07-20,1521.8900146484375,1530.1625182757907,1507.3147656070655,1526.5187360697385,1538263
2023-07-21,1500.371826171875,1529.030036550234,1495.792393535268,1525.4354229659223,1668783
2023-07-24,1523.3673095703125,1533.3632468801777,1491.9515581180942,1498.8945804442071,2129706
2023-07-25,1541.9803466796875,1545.6734179235316,1524.5490984956086,1527.897386916297,1996604
2023-07-26,1521.397705078125,1550.1052048013298,1508.7428041649537,1546.313675453096,2100855
2023-07-27,1425.427001953125,1477.2284557582836,1416.5143421831863,1476.243636787778,11879512
2023-07-28,1445.5174560546875,1448.668828941724,1427.9876288004757,1437.8358193439274,4714146
2023-07-31,1452.804931640625,1456.54729190412,1435.4721413922978,1454.3807382045147,2460789
2023-08-01,1470.679443359375,1481.1677898508876,1447.8808592527453,1452.8049542987922,4184243
2023-08-02,1462.7518310546875,1474.2741662309459,1443.0061603673303,1470.6795525370485,3188395
2023-08-03,1446.846923828125,1478.755084925654,1425.6240253241049,1462.4562816460311,2222395
2023-08-04,1442.4151611328125,1479.6412469118986,1394.2574883653363,1458.516927613677,8066091
2023-08-07,1503.72021484375,1507.7579488606225,1458.270792145896,1466.395549218463,9257291
2023-08-08,1476.93310546875,1510.7124475257176,1462.4563132827188,1506.773171260983,3426948
2023-08-09,1511.4510498046875,1514.2085912549394,1469.5962398247564,1482.1526828187357,3713003
2023-08-10,1521.9393310546875,1532.4276776163488,1508.545816483294,1511.2047797390774,3600607
2023-08-11,1522.9732666015625,1535.9236602580781,1509.776788416712,1525.0414826374567,2402812
2023-08-14,1523.3673095703125,1527.2081278737544,1500.8642185262624,1521.4961293489262,1875450
2023-08-16,1546.7568359375,1549.1204257926972,1515.2426251139993,1535.382247598697,2361632
2023-08-17,1549.61279296875,1555.0785868458797,1536.4654825437171,1549.1203834380958,2377711
2023-08-18,1529.079345703125,1558.5254597975204,1521.151504140998,1544.9349086102084,2202570
2023-08-21,1515.193359375,1529.079283587498,1508.496541916479,1522.5302130261964,1487526
2023-08-22,1526.9619140625,1531.3935997208562,1511.4510142582535,1514.651676122622,975607
2023-08-23,1519.0341796875,1531.2459606270434,1512.7806024172023,1522.57962463753,1405076
2023-08-24,1518.787841796875,1531.3442842790548,1504.8527488629331,1526.5187672635573,2111147
2023-08-25,1496.9742431640625,1523.761273203638,1485.3040412624468,1507.6595057997429,1455320
2023-08-28,1525.73095703125,1529.4240285748144,1500.9627331689767,1504.8035516177183,2132512
2023-08-29,1537.15478515625,1540.6016518200543,1516.6213320738782,1531.2951599146502,1325882
2023-08-30,1559.16552734375,1564.877526123834,1536.1208569276223,1545.1811444230937,3140040
2023-08-31,1551.48388671875,1565.86222016869,1543.359129915988,1564.8281121251093,3512885
2023-09-01,1567.78271484375,1580.1422426094914,1551.0900792209093,1553.0597174167453,2147299
2023-09-04,1552.46875,1581.5209115172029,1540.453885649026,1581.5209115172029,2200142
2023-09-05,1547.2984619140625,1560.0518204213618,1541.4880055227075,1553.650496648228,1078759
2023-09-06,1553.0596923828125,1556.9005108462175,1535.0374550945448,1553.0596923828125,1301466
2023-09-07,1541.9803466796875,1553.9459215531747,1536.563842188716,1548.332381132234,1514369
2023-09-08,1543.753173828125,1554.0444849731766,1536.3177417985776,1541.3402949879464,1223910
2023-09-11,1558.082275390625,1564.8775512298348,1540.2570737089122,1543.8516874704019,1921950
2023-09-12,1534.298828125,1565.3206289534437,1490.0805478797813,1558.180690667532,3770868
2023-09-13,1513.61767578125,1544.7872245069625,1506.8716889534815,1540.2570806660856,2382637
2023-09-14,1542.2266845703125,1551.4840079975027,1514.9964128714698,1521.5454838193696,2220196
2023-09-15,1576.793701171875,1586.2479396742337,1547.9877449776664,1555.669381382988,5425897
2023-09-18,1616.53125,1644.6478831551813,1577.7786427846586,1584.327713787963,6887528
2023-09-20,1609.1943359375,1639.7237266437805,1595.5053270289918,1595.5053270289918,6116670
2023-09-21,1559.21484375,1631.0573491774594,1551.1885440226472,1612.9367738684903,2898266
2023-09-22,1582.751953125,1593.3879266868128,1542.3250832176439,1556.0140919944465,3827771
2023-09-25,1565.320556640625,1595.4068260458248,1558.3283655822524,1588.4638038085736,3231962
2023-09-26,1570.9833984375,1582.2103603510318,1557.9838342537325,1565.3206885468812,1479841
2023-09-27,1565.0743408203125,1575.316482686949,1559.2147157294808,1570.6385923350051,1991198
2023-09-28,1532.427734375,1572.6575686168849,1520.5606167082524,1571.7219183869247,2369699
2023-09-29,1530.655029296875,1552.5672534576313,1526.568006140311,1550.1052057991194,1254881
2023-10-03,1514.060791015625,1573.7407998058818,1509.776852306145,1572.9528965000889,3436776
2023-10-04,1498.9930419921875,1514.553230965569,1478.9519985014088,1508.545858843956,2580901
2023-10-05,1514.6024169921875,1527.2574380180095,1490.0805187054607,1509.7276107586022,1991367
2023-10-06,1525.3370361328125,1530.408878531742,1516.9660737985012,1521.5455066483535,1743027
2023-10-09,1492.19775390625,1517.852337857637,1491.0160191509892,1516.621314063754,2123175
2023-10-10,1514.50390625,1520.4128203715077,1496.1370074788806,1498.352850274446,1956653
2023-10-11,1532.6739501953125,1535.480660471103,1516.621351440599,1516.621351440599,1536986
2023-10-12,1542.8668212890625,1546.2152301731664,1531.9845224700173,1535.3329313541212,1731806
2023-10-13,1538.73046875,1550.4991284678724,1526.7650135271667,1536.8101196991468,1465554
2023-10-16,1550.6468505859375,1553.3058138780348,1534.8404570796747,1539.124395813461,1089610
2023-10-17,1552.6656494140625,1559.8548763771432,1544.7870972209507,1551.0899630188733,997962
2023-10-18,1550.9422607421875,1555.4724043401252,1538.0411551982374,1552.6656940840137,1212994
2023-10-19,1545.7227783203125,1554.9308123366302,1529.768637680068,1529.768637680068,1239578
2023-10-20,1534.59423828125,1551.0899568701868,1521.643844121726,1542.2265856880715,1435102
2023-10-23,1541.3896484375,1550.9916347249755,1523.0227480595606,1524.7461814957742,4069167
2023-10-25,1545.279541015625,1552.6656838605315,1523.515064142734,1550.1051783843977,2510769
2023-10-26,1483.2359619140625,1534.5450108859563,1477.228589692746,1530.408818921685,3343802
2023-10-27,1487.8646240234375,1510.6630881706817,1484.4177574522314,1485.451745293294,3341111
2023-10-30,1475.06201171875,1492.4439716660613,1440.987176633503,1479.2966614762959,2637486
2023-10-31,1436.45703125,1474.5696003224757,1433.453405300879,1471.5165651171974,2555737
2023-11-01,1432.5177001953125,1462.4562219816696,1427.9875568171185,1442.661384030603,2627536
2023-11-02,1447.3885498046875,1455.0701866944103,1430.4497097621868,1442.7599482282985,2091122
2023-11-03,1446.69921875,1465.5092390075356,1438.2789675859954,1457.5322285568413,2456723
2023-11-06,1465.7061767578125,1469.54687471283,1451.1800963990834,1459.304853209898,1271868
2023-11-07,1457.2860107421875,1474.2741396053757,1452.6081201856575,1465.6569727907151,1940908
2023-11-08,1464.8199462890625,1466.7895844795232,1451.623346369541,1462.505645458706,1342202
2023-11-09,1528.488525390625,1535.03747620253,1464.8199468175758,1464.8199468175758,4831782
2023-11-10,1500.9627685546875,1527.4544264285073,1492.2964325917815,1526.469607327006,4872228
2023-11-13,1516.8675537109375,1519.8712999239658,1490.0805234268025,1503.080086902333,1968032
2023-11-15,1520.7083740234375,1527.2574448093299,1510.269316041299,1525.4847224162324,2782942
2023-11-16,1545.673583984375,1559.904171952665,1515.144191755311,1520.757612562172,3224223
2023-11-17,1560.4951171875,1571.7712475369076,1548.775746122957,1551.090046911422,2035309
2023-11-20,1528.6361083984375,1565.665401508038,1517.2122312595309,1565.665401508038,2918577
2023-11-21,1536.071533203125,1547.5446993281853,1525.6324751808734,1529.4240045292213,2213144
2023-11-22,1520.0189208984375,1540.8971569747619,1511.697247978518,1536.3177243299597,1269475
2023-11-23,1522.382568359375,1537.2533125957102,1511.7957631270885,1532.9693735916617,1552635
2023-11-24,1529.6209716796875,1535.825380070787,1524.0075509198737,1525.4847795637377,1239270
2023-11-28,1542.2760009765625,1548.1356265397633,1518.7388004227582,1529.6209793568705,2596766
2023-11-29,1594.5205078125,1598.7552778356169,1543.4576638572123,1552.0748305879513,3581220
2023-11-30,1622.735595703125,1634.799629110719,1589.2024588384138,1590.5320607346189,5214960
2023-12-01,1600.8233642578125,1640.7085357450112,1596.5885942599582,1630.8603452543448,2489755
2023-12-04,1631.6973876953125,1649.571877153876,1614.5615125101017,1637.6063018821324,3001010
2023-12-05,1660.4542236328125,1682.070953905562,1615.694125240796,1635.6860002388369,3423953
2023-12-06,1676.555908203125,1684.483629110588,1658.5829612541622,1662.4729482603595,2279220
2023-12-07,1666.9539794921875,1680.1012896910606,1656.1209700041443,1677.146832557958,2461051
2023-12-08,1643.2198486328125,1682.2186583681807,1637.310934423903,1673.2075401561603,1942667
2023-12-11,1627.1180419921875,1649.0302666043767,1622.0954887087833,1648.5871461035838,2037178
2023-12-12,1610.5731201171875,1644.6478356629375,1601.8082064106393,1637.754102220039,2051527
2023-12-13,1640.8563232421875,1645.1402621681823,1604.8119691980103,1614.1184613550738,2247441
2023-12-14,1677.6884765625,1683.8927642099572,1645.681858661377,1650.5566646856053,3326228
2023-12-15,1698.7635498046875,1713.1911727403274,1672.222724844117,1701.6688380941696,3858594
2023-12-18,1684.8284912109375,1705.5588602355112,1672.9613734843424,1693.888778450666,1739425
2023-12-19,1673.55224609375,1697.680313071336,1665.6245247885595,1693.888783732578,1660221
2023-12-20,1621.94775390625,1685.960994824039,1615.6941767215624,1684.040645683375,3047660
2023-12-21,1609.046630859375,1628.0536872025862,1595.8008623116432,1610.179196845545,3211338
2023-12-22,1609.4405517578125,1626.9210901048837,1598.115132547034,1605.2550707451335,2751274
2023-12-26,1637.0155029296875,1643.6630316677085,1609.6867736733789,1615.9896397795296,1203594
2023-12-27,1662.3253173828125,1666.116967013145,1635.0458769637958,1644.6478629902358,1793638
2023-12-28,1708.119384765625,1713.5358896407663,1662.7685388049726,1663.3101171621838,2963938
2023-12-29,1703.1461181640625,1731.3119194310539,1688.9646995587357,1703.7369855607071,2273255
2024-01-01,1677.4423828125,1703.7370040951928,1673.207612692331,1703.1461366921203,1307485
2024-01-02,1631.0572509765625,1679.1164683632098,1624.4097224361217,1677.7376976595365,2857334
2024-01-03,1630.1217041015625,1652.7232528182788,1623.031055152011,1646.6174229015633,1927812
2024-01-04,1616.7774658203125,1649.0302912941872,1613.3305989757762,1641.5949792312783,2835768
2024-01-05,1617.0728759765625,1636.2768474025936,1611.6563712153743,1622.9325012222532,1709313
2024-01-08,1591.6153564453125,1628.2998666281358,1581.7178767520716,1623.1295665352548,1492195
2024-01-09,1605.1566162109375,1611.95189179493,1590.482788116153,1600.3309787546432,2542484
2024-01-10,1608.0126953125,1622.440199139895,1596.7364443417152,1620.027440400637,1954233
2024-01-11,1603.9256591796875,1626.1825469061716,1601.1681175991987,1618.9441505288587,2228002
2024-01-12,1599.789306640625,1609.0466300373412,1577.187756838365,1605.255100622251,3061539
2024-01-15,1610.7208251953125,1615.989583003568,1591.5660227817682,1610.1791266377109,1405514
2024-01-16,1595.75146484375,1615.1031825068535,1592.9940437356227,1613.133544479406,2236688
2024-01-17,1573.4453125,1590.4827297664076,1566.8470731011485,1587.5282726832502,2548169
2024-01-18,1592.6986083984375,1598.6568117370045,1556.654255216716,1575.710479788221,2328588
2024-01-19,1630.417236328125,1633.8148139846246,1597.6227136748387,1600.281677039302,2836976
2024-01-23,1570.9833984375,1622.5879439189223,1564.1389537000575,1594.4221413759753,2772880
2024-01-24,1603.3837890625,1607.5201009907494,1551.089924231831,1570.7863042220763,2543323
2024-01-25,1610.6715087890625,1617.8114466910624,1579.551251769986,1606.830690563864,2038472
2024-01-29,1615.103271484375,1620.0273668242664,1600.330985464701,1610.6715856784729,3075670
2024-01-30,1595.75146484375,1634.3071532744655,1589.9410086193473,1624.9020836065383,2569098
2024-01-31,1626.4779052734375,1633.1254336776694,1584.6230968023472,1590.5320109394422,3154787
2024-02-01,1626.0841064453125,1676.7530018460573,1620.5691434424768,1634.061117236662,4065784
2024-02-02,1635.538330078125,1661.439120649448,1624.9515246899932,1629.8756202193567,3304158
2024-02-05,1677.6884765625,1686.8472212469842,1639.8221134076418,1651.245989907379,3525423
2024-02-06,1701.4227294921875,1703.7370303165237,1680.1013720924793,1684.9761785143187,2219874
2024-02-07,1694.87353515625,1725.4029248075246,1689.6539462580367,1705.1648458389263,1213661
2024-02-08,1660.3065185546875,1717.4260254540604,1650.1136650738376,1702.7521970519936,2550690
2024-02-09,1621.4061279296875,1664.0980102294684,1603.2854331431126,1660.4049387464913,2033950
2024-02-12,1635.24267578125,1649.6211294896705,1615.6448736713983,1628.8906412586125,1197925
2024-02-13,1621.7508544921875,1653.905222181695,1598.804521353143,1644.647898589314,2075130
2024-02-14,1631.8944091796875,1654.151295042834,1599.2476345431962,1606.2398255589096,4368695
2024-02-15,1738.2548828125,1757.8035165800657,1642.7766054037938,1655.5300840153252,9887134
2024-02-16,1807.6846923828125,1836.342903282045,1749.8757408320787,1760.8564975081842,7188957
2024-02-19,1820.4873046875,1828.2672790161287,1792.3706726965193,1808.1770665508482,2682236
2024-02-20,1825.5098876953125,1831.763464727696,1792.8631115789087,1809.5065778556216,1830562
2024-02-21,1831.418701171875,1861.0124403758111,1818.665222825991,1821.8167157972066,4466234
2024-02-22,1881.3489990234375,1887.8980695784494,1824.8696520234048,1842.5471054226798,3360123
2024-02-23,1900.6514892578125,1918.2797744056634,1872.2394835323953,1897.1061646992407,3323441
2024-02-26,1900.5037841796875,1921.3818992212118,1895.973520534701,1905.6247949733702,2436063
2024-02-27,1920.988037109375,1927.2416141057852,1885.977791607163,1896.761512242546,2821465
2024-02-28,1872.7811279296875,1923.4993078524608,1868.250984446038,1922.317452889009,2010429
2024-02-29,1903.064453125,1921.2836064773126,1863.8194360284535,1873.9630006294358,5539065
2024-03-01,1942.9986572265625,1952.206811331151,1901.193137488317,1904.2460524380012,3384932
2024-03-04,1891.88671875,1944.968370343756,1889.9170806139148,1937.1391068396863,1645331
2024-03-05,1909.810302734375,1938.1238498291866,1893.8562825452088,1895.7766315656424,2208384
2024-03-06,1940.733642578125,1949.8432185918493,1892.8221727976443,1915.4730104533912,1673183
2024-03-07,1868.743408203125,1902.8181227752868,1855.6945559876153,1900.848484705021,18323831
2024-03-11,1865.5919189453125,1884.6481432703602,1844.8615503440096,1883.9588180312358,3250782
2024-03-12,1866.3798828125,1869.531255746691,1848.1607300344995,1863.2776787014602,3186510
2024-03-13,1825.55908203125,1872.5350243167215,1816.2525898043596,1867.216977236853,4270994
2024-03-14,1861.8497314453125,1866.8229955933207,1816.5972232777083,1825.5590527258835,2388133
2024-03-15,1772.181884765625,1853.5279144491378,1761.6443689919804,1846.535723220643,5504948
2024-03-18,1827.87353515625,1839.0512078764998,1773.7084847595386,1780.5036403628405,3404076
2024-03-19,1815.907958984375,1836.6876179103276,1799.0675764507234,1827.8735350694242,2189225
2024-03-20,1816.4002685546875,1830.8278915907963,1792.912358401855,1823.8355802055944,1550415
2024-03-21,1837.524658203125,1846.5357768375268,1816.9912044081264,1831.7142015819084,2072960
2024-03-22,1850.278076171875,1876.523407637306,1819.2069871088088,1837.5245973651308,3786990
2024-03-26,1835.6534423828125,1888.3905512356087,1832.8467320997686,1849.6871140152023,4092744
2024-03-27,1852.5924072265625,1871.057764685927,1827.134858452686,1841.5131927509437,4196597
2024-03-28,1892.1820068359375,1933.1504541717854,1841.9562366353764,1852.5923301764794,3790854
2024-04-01,1886.864013671875,1934.036870283092,1863.0807297514152,1908.5793218447473,2765845
2024-04-02,1942.0137939453125,1947.479587524345,1872.5840539096785,1886.8639295198443,3431715
2024-04-03,1959.1005859375,1972.8880526493629,1926.5029791807171,1937.1390730167363,3615370
2024-04-04,1972.297119140625,1984.4104418851553,1933.3967655652089,1968.6533366394171,3007920
2024-04-05,1982.736328125,1996.6714221179218,1962.0058381294218,1965.0587532744428,2767027
2024-04-08,2046.5526123046875,2055.317405882918,1986.2816128911861,1987.364889828332,2781568
2024-04-09,2059.157958984375,2066.7903062642426,2038.6739160516756,2063.1958130739067,2853137
2024-04-10,2044.6812744140625,2076.589556064624,2038.5754443584076,2066.593498393277,2280814
2024-04-12,2039.5108642578125,2055.8096668289986,2020.5038094309232,2052.3628003217405,4008660
2024-04-15,2022.276611328125,2052.2643030348668,2004.1067481114756,2024.049333688506,2024919
2024-04-16,2000.462890625,2042.2684092519355,1996.9667350744362,2015.9737899357742,1981730
2024-04-18,1994.2093505859375,2055.317422667299,1985.8876774358453,2000.4630479259133,3539862
2024-04-19,2051.279541015625,2055.317395369052,1967.8654140245067,2003.1219847535467,3253248
2024-04-22,2058.911865234375,2100.619048469854,2033.6513525973976,2092.2973755255125,2449171
2024-04-23,2031.287841796875,2081.9074441226217,2025.6251323343843,2064.1807014574338,2886136
2024-04-24,2027.2008056640625,2059.1090884082537,2021.7843006745654,2023.803227893884,1929834
2024-04-25,2065.01806640625,2081.858329085082,2010.9021836722873,2028.727385687563,3084498
2024-04-26,2013.8564453125,2071.0744065376534,2007.8490733122433,2067.6768289932525,2952484
2024-04-29,2030.7462158203125,2036.950624061746,1970.6229633784926,2014.4474120893087,2724604
2024-04-30,2123.614501953125,2136.0723658661677,2041.5790328996163,2041.5790328996163,5745143
2024-05-02,2151.977294921875,2170.541230567572,2132.2318649132335,2132.2318649132335,3347541
2024-05-03,2159.708251953125,2176.45017638687,2139.371834035285,2176.45017638687,3859227
2024-05-06,2191.173095703125,2205.9946704822955,2156.753718016173,2167.045028994725,2111447
2024-05-07,2158.23095703125,2202.9416459130557,2131.985625413572,2202.055404938113,1727823
2024-05-08,2149.26904296875,2161.6778594289585,2127.209191966538,2158.427908409919,1993202
2024-05-09,2178.96142578125,2222.4903794769825,2151.829613008622,2152.3713115701594,3998822
2024-05-10,2159.75732421875,2197.771192798124,2149.8598453276973,2178.271969232853,3045912
2024-05-13,2151.091064453125,2174.529806523734,2127.209201885659,2174.4805174831176,2575573
2024-05-14,2235.440673828125,2245.7322252867993,2141.9814418053866,2141.9814418053866,3830189
2024-05-15,2267.348876953125,2281.973295133852,2221.7517082579507,2246.6676775411493,2569084
2024-05-16,2335.74462890625,2357.5582751295924,2251.493309394092,2284.238543466458,7444517
2024-05-17,2476.426025390625,2519.1177860180997,2388.530927091648,2388.530927091648,9796445
2024-05-21,2484.353515625,2498.4364751933313,2429.5484352991753,2465.0019187490216,3747292
2024-05-22,2482.7783203125,2496.516499114245,2452.199638183223,2483.418356574427,2974921
2024-05-23,2569.58984375,2577.665311956656,2462.293855229622,2481.7440316682923,4715263
2024-05-24,2540.5869140625,2565.453594779654,2533.3483979572375,2550.4843934843134,2919241
2024-05-27,2510.40234375,2550.4351420739204,2502.425213248318,2541.965602045822,3328559
2024-05-28,2514.046142578125,2542.753521981959,2509.318963006786,2511.2886011253154,1549203
2024-05-29,2495.1865234375,2508.3339530518424,2462.638448353327,2472.1418553782437,2720451
2024-05-30,2455.646240234375,2493.0200741675185,2440.3815453381917,2479.7743063606,3367101
2024-05-31,2468.202880859375,2530.19719540596,2457.271292624771,2479.5283005620713,8769724
2024-06-03,2594.01318359375,2614.0543459353344,2531.37860052687,2535.9581530272917,2701157
2024-06-04,2533.8408203125,2598.937455247842,2411.033933700843,2594.259564792205,6372249
2024-06-05,2699.33984375,2711.8962871805334,2532.7577904119985,2533.840947153239,4242881
2024-06-06,2658.86376953125,2719.971598344896,2630.3530661021664,2703.3282528164086,4992660
2024-06-07,2814.0712890625,2824.067347187593,2627.842141522748,2627.842141522748,6447821
2024-06-10,2764.9287109375,2842.187715619287,2757.493279187111,2817.567239912259,2021106
2024-06-11,2792.503662109375,2811.6583442486503,2770.6897762287717,2778.174497066705,2298974
2024-06-12,2745.232421875,2805.3556736424357,2739.8159170389126,2792.5037368081244,2580846
2024-06-13,2818.256591796875,2835.3925873116177,2746.315513013741,2806.734257143888,2492637
2024-06-14,2884.14111328125,2901.2768682642704,2821.5065266724832,2831.354716992457,3515019
2024-06-18,2916.935546875,2967.7523077508945,2911.765246687281,2919.9885822072015,4887512
2024-06-19,2889.3115234375,2931.806370115794,2882.0237180620616,2929.83673197665,3512298
2024-06-20,2827.612548828125,2909.8942326325514,2813.923659526413,2900.3415354595736,4024418
2024-06-21,2796.8369140625,2876.5579709549406,2782.1632058608006,2840.9568571842437,8400461
2024-06-24,2871.535400390625,2879.5615793802335,2770.345244190196,2793.439202554911,2699784
2024-06-25,2865.232421875,2902.2617139924455,2847.1611367322216,2876.8533346463296,1910886
2024-06-26,2808.21142578125,2868.7285062632977,2801.4162707405717,2862.9181702392007,3282318
2024-06-27,2845.0927734375,2860.8991663158863,2750.648728458151,2798.8555699379513,6900180
2024-06-28,2823.13134765625,2852.0358820684874,2811.658302246385,2811.658302246385,2548169
2024-07-01,2832.19189453125,2850.115552732996,2795.1626029480753,2797.870855271904,1718501
2024-07-02,2821.654052734375,2847.1117199774294,2806.734141105387,2846.323816693061,1507890
2024-07-03,2834.260009765625,2851.051223086909,2821.605228908212,2827.4155652789345,1019710
2024-07-04,2858.732666015625,2877.641142892323,2841.252128614414,2846.126934619717,1502213
2024-07-05,2857.6416015625,2862.998466472152,2817.365088281674,2862.998466472152,1966103
2024-07-08,2828.624755859375,2895.338771436734,2824.8053435915176,2857.6416325231335,1631998
2024-07-09,2902.18359375,2916.5680279012136,2814.6369514158905,2832.5927902342946,2902129
2024-07-10,2710.225830078125,2906.647760662118,2676.3975118218455,2906.647760662118,14481615
2024-07-11,2676.54638671875,2735.9688823290912,2669.552527310803,2735.9688823290912,4314565
2024-07-12,2682.3994140625,2700.603261060401,2665.7332619714625,2668.2133369196877,3398732
2024-07-15,2709.283447265625,2717.1700369404543,2686.5164083194895,2701.1488501029403,2017720
2024-07-16,2734.778564453125,2744.7981638252827,2718.162062791897,2732.992862104299,1925983
2024-07-18,2796.978759765625,2803.4269543614964,2714.689924861889,2734.034508649503,4122844
2024-07-19,2727.387939453125,2797.4747572444453,2721.1381024449315,2797.4747572444453,2042568
2024-07-22,2782.39599609375,2796.532422849909,2703.2816077566517,2729.1240363358197,2208103
2024-07-23,2798.86376953125,2831.749465181179,2721.5348419127736,2801.4925519956732,2572524
2024-07-24,2783.14013671875,2807.8415865898132,2741.6235847626963,2800.500661542339,2276082
2024-07-25,2788.992919921875,2804.468684105085,2759.628978556941,2777.4855177553463,1857122
2024-07-26,2864.7841796875,2874.3075220290307,2767.763600728381,2799.1118444819404,2352661
2024-07-29,2909.623779296875,2921.5281384348095,2852.5820584276044,2876.8867916675545,2388937
2024-07-30,2898.810791015625,2926.488329525416,2881.450267026915,2921.5281798143556,2290006
2024-07-31,2884.624755859375,2955.8525551728085,2850.0524149985067,2913.5919821493057,4238740
2024-08-01,2805.857421875,2903.175657131394,2797.6237670218666,2903.175657131394,4971708
2024-08-02,2727.735107421875,2787.9018703594743,2712.0612276673046,2787.9018703594743,3041513
2024-08-05,2657.5986328125,2707.448138675949,2614.7926365957437,2658.293005350739,3731770
2024-08-06,2611.96533203125,2726.842454117056,2604.7731145533608,2666.874289240377,3069277
2024-08-07,2659.483642578125,2683.193061988776,2639.791750791065,2676.0008447045843,2479171
2024-08-08,2661.566650390625,2694.8493029577785,2635.3275071994617,2639.295626916683,2673182
2024-08-09,2727.239013671875,2742.9627851045575,2683.440988682759,2712.209856953295,2279076
2024-08-12,2695.990234375,2735.0267117783114,2687.111614308192,2727.239179395318,2321474
2024-08-13,2696.38720703125,2716.8228798438963,2682.5484368824914,2696.43685697053,1292521
2024-08-14,2723.370361328125,2749.857513926392,2693.659111225326,2707.051516244151,2609359
2024-08-16,2817.8115234375,2822.3749582480204,2754.0239469407784,2766.7716291304046,4376092
2024-08-19,2743.111572265625,2837.1064118408203,2738.002714802525,2837.1064118408203,2500718
2024-08-20,2749.212646484375,2761.0177060011893,2726.5943152050722,2757.5952511156265,1762399
2024-08-21,2747.32763671875,2758.7856310387847,2733.0425023683247,2751.891071350175,1497501
2024-08-22,2711.168212890625,2753.6271433380057,2702.3392431826874,2749.014300932306,2346622
2024-08-23,2737.0107421875,2746.9310420866937,2703.5793799661824,2711.1683125111367,1943539
2024-08-26,2770.839111328125,2776.6919914955047,2731.1579110209364,2742.9133212950455,2765969
2024-08-27,2758.636962890625,2777.683889695287,2751.8414607825516,2775.6501798370828,1604159
2024-08-28,2775.699951171875,2804.4688212876663,2758.637083542164,2759.728171229661,1851275
2024-08-29,2735.621826171875,2779.3205507418925,2719.7987550653484,2767.118776384046,2237121
2024-08-30,2783.040771484375,2799.0622007622155,2742.962857710759,2757.8433072100943,4895220
2024-09-02,2754.8671875,2826.094986771696,2734.530573404303,2826.094986771696,2270687
2024-09-03,2762.65478515625,2775.7991823839957,2750.502417907957,2757.8433428779776,1592710
2024-09-04,2727.685791015625,2757.7441063274014,2709.333235974329,2738.9948361631423,1697000
2024-09-05,2701.39697265625,2738.0027825449547,2690.286042971224,2734.2330201300224,2360312
2024-09-06,2676.59619140625,2717.070820917417,2658.739651729622,2701.2976410809906,2835519
2024-09-09,2687.260498046875,2692.667012978482,2638.8493867668367,2666.7252837826136,1269082
2024-09-10,2668.560546875,2693.3612954519053,2655.664157615009,2669.8005843038454,2034126
2024-09-11,2633.095458984375,2686.4170680718426,2623.0264520067117,2660.1282747543005,2034245
2024-09-12,2719.054931640625,2729.669846402413,2614.5943663381445,2643.7599514765034,3730285
2024-09-13,2717.269287109375,2736.564220872597,2690.1371715564014,2733.042466170512,2102332
2024-09-16,2735.42333984375,2762.1090913287017,2710.275525444641,2718.360472814659,1234752
2024-09-17,2765.43212890625,2771.2356008566667,2723.4198068179862,2742.962747939389,1387175
2024-09-18,2785.818603515625,2825.301446038983,2755.512038511881,2759.3314508979747,2526756
2024-09-19,2775.203857421875,2829.2694911053395,2769.946050110941,2789.588292071604,2807727
2024-09-20,2927.331787109375,2936.4087646220855,2776.1959215523334,2776.3942791109785,12492909
2024-09-23,3025.492919921875,3032.5361870869665,2932.589171937808,2939.1366663341864,3925490
2024-09-24,3049.7978515625,3073.854578858387,2995.93057458058,2995.93057458058,3697722
2024-09-25,3066.414306640625,3123.9023953274877,3010.364612980414,3020.731277793649,4218815
2024-09-26,3155.74658203125,3171.718118966089,3021.375931070653,3047.5160172239202,4753617
2024-09-27,3158.276123046875,3196.4198692208993,3127.424136238795,3145.7270407807223,6803795
2024-09-30,3070.2333984375,3153.6632141935884,3062.396458702613,3137.9394425924897,3554400
2024-10-01,3140.270751953125,3160.0617006714733,3071.126314083089,3080.74895599129,4028211
2024-10-03,3104.905029296875,3145.7269647748267,3047.9623649708187,3060.4123892558628,3237011
2024-10-04,2993.40087890625,3132.4340289017414,2985.514288835084,3102.127463923846,4281562
2024-10-07,3035.81005859375,3042.5062608754542,2959.126093654679,3003.8667420740658,2732276
2024-10-08,3140.6181640625,3151.579901428586,3041.563875100811,3049.5001148271017,6060165
2024-10-09,3127.870361328125,3178.7615450465446,3119.9341219083262,3139.5763629112894,2432656
2024-10-10,3168.84130859375,3194.6340872194346,3129.854483232118,3130.84651317926,2507231
2024-10-11,3109.369140625,3184.912123709856,3096.1254440425046,3174.4958093354744,1652856
2024-10-14,3129.755126953125,3148.7029954799664,3090.173229653464,3125.886307106923,2425178
2024-10-15,3130.648193359375,3167.5020094619276,3061.950118691862,3151.679180053283,2245701
2024-10-16,3043.5478515625,3122.8109467770937,3027.8240801580882,3112.9899472630786,1972106
2024-10-17,2940.97216796875,3040.86953825705,2928.670850931719,3030.6515810505507,3622197
2024-10-18,2940.624755859375,2965.0287893128716,2891.469623789534,2921.8754868316764,3407751
2024-10-21,2974.30419921875,2977.4786466748255,2869.843395233673,2936.16069541889,5059952
2024-10-22,2864.18896484375,2984.968617229165,2855.2606948522202,2981.050147171847,4195638
2024-10-23,2771.235595703125,2901.588230980345,2759.0832291209294,2853.226772132832,7913897
2024-10-24,2803.823974609375,2819.547504160087,2740.978779759051,2740.978779759051,3992102
2024-10-25,2699.164794921875,2802.5342676017467,2657.945901929289,2802.4846176651263,4532596
2024-10-28,2758.83544921875,2812.305769713308,2692.2701388771093,2708.2419188663025,2813985
2024-10-29,2725.007080078125,2775.650259458735,2681.010695380092,2739.986829790899,3156567
2024-10-30,2686.119384765625,2733.8857710651882,2647.7775249669007,2667.816481052345,5677865
2024-10-31,2706.803466796875,2730.066521530106,2650.307407531937,2686.1195447104064,3833325
2024-11-01,2795.193115234375,2818.257811765744,2757.8432841808585,2757.8432841808585,1061709
2024-11-04,2860.96484375,2948.065125387942,2782.148109413808,2782.148109413808,7559263
2024-11-05,2876.34130859375,2884.823213454667,2799.6079341167238,2852.5822387513394,3562624
2024-11-06,2911.16162109375,2930.2581981749395,2862.403202346185,2886.8072366889055,2902347
2024-11-07,2868.305908203125,2948.8586921364476,2835.171962378425,2948.0650197332257,4251557
2024-11-08,2951.18994140625,2967.1120712981915,2828.5255291464473,2886.8072914743225,4455563
2024-11-11,2907.2431640625,2985.613532692672,2866.0242698439965,2938.740116011968,2628672
2024-11-12,2875.448486328125,2922.4209595736393,2857.046282148242,2907.838167614137,2414528
2024-11-13,2776.642333984375,2871.9268644011395,2760.7202039655695,2853.0782943066242,3949602
2024-11-14,2784.826416015625,2819.7458216764066,2714.4419397847905,2792.564298033508,2478112
2024-11-18,2824.2099609375,2851.7884419196735,2777.733503209442,2821.3331709673917,2405351
2024-11-19,2925.44677734375,2974.105896572196,2822.3253087884914,2822.3253087884914,5230405
2024-11-21,2912.847900390625,2950.297030485047,2894.7433540535867,2938.888686217872,3821808
2024-11-22,2988.9365234375,3039.0836847420433,2873.6130442955828,2920.536108333793,4827125
2024-11-25,3021.32666015625,3124.547187739079,2998.3113704363586,3050.4922452327405,6299837
2024-11-26,2961.40771484375,3043.6471418088117,2928.9683843937446,3029.1634078734287,2144702
2024-11-27,2980.851806640625,3045.5321145098164,2962.2512440520063,3001.8331443626566,3593911
2024-11-28,2875.59716796875,2976.0402004182206,2868.9506157419205,2971.129700604098,4457143
2024-11-29,2942.460205078125,2967.806377177945,2879.8630167914685,2879.8630167914685,3542836
2024-12-02,2992.359130859375,3002.1307230274538,2938.2934970204665,2960.217456427566,2318823
2024-12-03,3003.17236328125,3017.457497907875,2963.8382298285637,3017.457497907875,2308865
2024-12-04,3007.5869140625,3027.5268136855943,2979.066051927002,2979.066051927002,3364025
2024-12-05,3047.119384765625,3074.3009093514693,2992.012070913794,3025.6417903724314,3797063
2024-12-06,3048.508056640625,3074.3008355122997,3041.514197007612,3050.9881315321322,2688767
2024-12-09,3026.931396484375,3048.5080479791836,3015.7710595043013,3038.984463544929,1879542
2024-12-10,3042.45654296875,3056.6922695645653,2981.347643642983,3023.657623940532,2061909
2024-12-11,3047.565673828125,3090.1733119862115,3023.50894740255,3027.6754247775016,2409385
2024-12-12,3043.002197265625,3061.4044011293927,3020.731173505833,3060.214013637909,1958999
2024-12-13,3056.841064453125,3068.448008902681,2976.0899214620486,3026.683450126903,2467964
2024-12-16,3060.263671875,3067.5052967156726,3015.7710319759826,3064.777214367668,2300493
2024-12-17,3017.259033203125,3069.0925970646617,3003.8666291432064,3030.750737134003,2564201
2024-12-18,3026.8818359375,3037.595808193738,3000.444333766322,3001.9820286790614,2014105
2024-12-19,2990.623046875,3020.731253288993,2946.825020655157,2982.042084527656,2372390
2024-12-20,2883.186279296875,3000.890533424168,2863.345680728781,2990.622926787257,8046336
2024-12-23,2886.11279296875,2918.9488391219534,2868.0578962489317,2894.7434051276664,2142508
2024-12-24,2905.358154296875,2926.6867988691497,2877.680614729851,2886.2119272418695,1858546
2024-12-26,2951.933837890625,2960.6637499311414,2900.0508650145143,2901.6876175618804,2162163
2024-12-27,3025.145751953125,3039.5798364955513,2954.3149087769457,2963.39188614965,2290315
2024-12-30,2978.966796875,3020.334641724635,2967.2113866652467,3003.916496748452,2336275
2024-12-31,2983.13330078125,2994.839060204899,2947.519280960648,2970.53432690849,1536411
2025-01-01,3057.436279296875,3062.3467790676855,2971.328031947151,2983.1333335663185,1686613
2025-01-02,3185.507568359375,3202.3720780336876,3060.4621408352887,3075.292940609911,4298090
2025-01-03,3165.121337890625,3211.2507324964145,3150.389595638589,3189.376422744382,2257218
2025-01-06,3080.947509765625,3209.217036671877,3065.4719871467905,3184.0195716544536,2657204
2025-01-07,3084.072509765625,3106.3435344467307,3057.188400346321,3085.213247368235,1978328
2025-01-08,3061.503662109375,3110.013828780857,3032.635494284874,3110.013828780857,2715102
2025-01-09,3101.581787109375,3132.7314321521985,3060.7598495911584,3079.06275460563,2434207
2025-01-10,3068.199951171875,3124.497651264405,3030.6515203996364,3085.2131680664056,2341303
2025-01-13,2975.74267578125,3042.40728515983,2969.5921382550227,3029.3122954780797,2207294
2025-01-14,3025.1953125,3053.914530923433,2975.742522941923,2976.089830300049,2851530
2025-01-15,2936.65673828125,3039.5301984174966,2927.4804609975404,3032.7349383945593,2440803
2025-01-16,2956.8447265625,2973.5106368724996,2921.5283615450107,2954.4140592970352,2598449
2025-01-17,2894.0986328125,2946.6762194594685,2879.962206214023,2946.279262167889,2002830
2025-01-20,2865.081787109375,2912.550274761421,2854.3678152416883,2886.807146073031,2905527
2025-01-21,2798.814208984375,2883.83112916227,2786.5128920123034,2876.9862192320716,3381309
2025-01-22,2803.923095703125,2829.1702103197313,2783.4874233797523,2825.3013902657644,3133157
2025-01-23,2863.44482421875,2876.2915637376304,2787.60418235832,2803.923026730672,2650506
2025-01-24,2779.07275390625,2872.9188890808114,2767.7637087484336,2852.0862590149627,2665366
2025-01-27,2809.0322265625,2824.210091707678,2732.199309807606,2750.204799507101,2022141
2025-01-28,2847.721435546875,2901.6877710606364,2761.8115400454058,2812.405070412617,2432787
2025-01-29,2901.04296875,2910.1199461886313,2833.5352801753156,2860.9648122430553,1808565
2025-01-30,2947.767333984375,2984.9188070153195,2895.7354117665523,2901.042868854463,3055352
2025-01-31,2966.02099609375,3025.5427961683185,2931.5479535505624,2946.3291036911505,2412370
2025-02-01,3052.228271484375,3074.2512888216206,2966.169669858871,2966.169669858871,2674573
2025-02-03,3148.0087890625,3162.5419314150686,3020.4832864883597,3032.2389386482932,3664084
2025-02-04,3163.63330078125,3244.4837452916513,3112.8414135277903,3199.2967306263213,3862456
2025-02-05,3153.415283203125,3192.997182329855,3116.958181619888,3163.6332403851457,2264208
2025-02-06,3114.924560546875,3155.498733000355,3096.373647923391,3144.7351105861917,2341341
2025-02-07,3172.958251953125,3194.2868965961334,3085.213248360736,3142.7509873976887,4790111
2025-02-10,3112.24609375,3244.880455298883,3103.863488752934,3183.622603266351,3852783
2025-02-11,3061.354736328125,3128.8624219949743,3046.6232370772786,3121.769504821768,2470280
2025-02-12,2963.391845703125,3050.492124560431,2931.54782932948,3044.093579762511,4609887
2025-02-13,2954.26513671875,3022.715202008741,2947.370577132125,3000.8408935749344,2481783
2025-02-14,2919.1474609375,2995.9304830625683,2883.8807473750685,2975.0978538757095,1959802
2025-02-17,2809.379150390625,2931.4484833918077,2769.995610067944,2917.3617066313914,4773279
2025-02-18,2767.813232421875,2822.3252301684147,2733.9352640433867,2821.333200210535,2301836
2025-02-19,2735.42333984375,2760.472096562841,2706.2577556309325,2728.082414950537,2671072
2025-02-20,2816.8193359375,2821.8291355223178,2668.6101612924717,2723.2214573709143,3799854
2025-02-21,2648.0751953125,2792.7626155477847,2632.2027164037945,2792.7626155477847,8940621
2025-02-24,2687.607421875,2695.14694617592,2610.179437861698,2647.7278673659985,6167313
2025-02-25,2755.71044921875,2781.602285180946,2706.406367739902,2718.162019336489,4916248
2025-02-27,2704.8193359375,2817.365086463056,2681.9529969200253,2814.3889965829894,2669767
2025-02-28,2564.496826171875,2677.488945249453,2551.699493973278,2673.6201251631455,7549863
2025-03-03,2591.0830078125,2674.463176068161,2574.317798028891,2592.9680100913397,4340806
2025-03-04,2592.521484375,2606.360253299035,2529.6762921604645,2540.5886212639016,1984876
2025-03-05,2704.868896484375,2715.0866109790786,2621.5877903369205,2640.7340163715703,3665710
2025-03-06,2720.54296875,2744.7982959490487,2673.520843738065,2726.0984336149177,3706264
2025-03-07,2706.109130859375,2743.905328521271,2686.5165383703697,2699.6112859240566,1886774
2025-03-10,2681.060302734375,2712.854669622974,2643.859178735405,2673.520778059323,2520931
2025-03-11,2624.5146484375,2663.6005333147295,2592.3230813832943,2663.352525816283,3616140
2025-03-12,2632.153076171875,2656.6561671385602,2615.0902097210746,2624.514494107862,3447155
2025-03-13,2622.43115234375,2664.939732247182,2597.432046237956,2655.763455281349,2446428
2025-03-17,2683.58984375,2705.31544595459,2613.99903648766,2613.99903648766,2527623
2025-03-18,2683.58984375,2683.58984375,2683.58984375,2683.58984375,0
2025-03-19,2766.870849609375,2809.329538007949,2757.396915082217,2772.723729477036,2438912
2025-03-20,2805.56005859375,2824.3093281726065,2778.675949494721,2781.4040319156816,2354374
2025-03-21,2779.519287109375,2869.9427226081257,2759.0833727113204,2816.4724037416436,3824316
2025-03-24,2752.58544921875,2799.6572218284987,2687.805845153216,2792.8619619992596,5395134
2025-03-25,2714.194091796875,2780.114437144424,2703.3314116886268,2752.5856045247733,3576766
2025-03-26,2720.394287109375,2772.7238699865816,2715.2357795111557,2729.372207113055,3111504
2025-03-27,2711.2177734375,2729.074312011183,2674.0663013439935,2713.2018332790203,4325599
2025-03-28,2644.553466796875,2717.8643826043176,2613.9988961561635,2713.995562709942,6074446
2025-04-01,2616.875732421875,2706.257728621197,2602.243290524088,2631.657124130426,3300417
2025-04-02,2616.528564453125,2638.7995877225744,2604.3761979307183,2610.1300199068187,2243574
2025-04-03,2590.63671875,2631.2602991825,2579.5260310873678,2586.966256155402,2361203
2025-04-04,2575.85546875,2610.52686778552,2536.6702849090243,2594.108723332173,3598415
2025-04-07,2471.39453125,2504.5282336069004,2405.672549234822,2405.672549234822,3937471
2025-04-08,2503.536376953125,2529.676463958626,2434.4415853154774,2489.995264523981,4253527
2025-04-09,2502.990966796875,2551.451486533107,2495.8978070453895,2519.756176764347,3347213
2025-04-11,2559.78466796875,2583.24608022962,2511.869571267462,2528.684431069624,3600209
2025-04-15,2624.911376953125,2668.560696902459,2585.230176999185,2585.230176999185,3287861
2025-04-16,2613.602294921875,2643.7599095829037,2597.432157730115,2638.799759658733,3070954
2025-04-17,2658.044921875,2661.4179689847347,2581.658616566358,2611.0227996408507,2638979
2025-04-21,2741.970703125,2751.891002340358,2644.6524709444143,2678.3814882766324,3120955
2025-04-22,2794.647705078125,2799.5085550179124,2734.0345774731986,2742.9628471383867,3193757
2025-04-23,2894.545166015625,2899.703673547391,2803.476764093373,2807.444884070858,3906215
2025-04-24,2878.275634765625,2904.6637286318046,2842.165841028046,2894.5450714587305,2488496
2025-04-25,2841.3720703125,2916.1712721735707,2808.5360250244426,2878.2755351818114,2299310
2025-04-28,2907.2431640625,2921.528298934882,2859.3280674610387,2895.6362195095176,1864672
2025-04-29,2886.410400390625,2945.8328967146576,2878.6725184462334,2926.4883129510827,2051228
2025-04-30,2905.45751953125,2925.397177263029,2863.9906169910637,2885.616919482819,2689753
2025-05-02,2893.94970703125,2976.089834913834,2887.005497416451,2926.48833766527,2868096
2025-05-05,2997.41845703125,3019.7391306315158,2914.2862998055202,2925.396986669802,4049197
2025-05-06,3043.944580078125,3134.516962308668,3031.643505663436,3125.489635144685,5683215
2025-05-07,3095.0341796875,3100.0936293685554,2997.815243470502,2997.815243470502,2942902
2025-05-08,3008.92626953125,3111.998088956338,2984.5222348183433,3102.4745041428077,3323894
2025-05-09,2958.332763671875,3032.735013767293,2931.4486537594676,2937.996148645794,2308852
2025-05-12,3079.955322265625,3087.3955468542435,3009.521196160035,3020.4335255566752,2166730
2025-05-13,3029.461181640625,3086.205247688247,3010.8109696990773,3025.691419302203,2681662
2025-05-14,3077.07861328125,3085.213210606587,2993.9464532510224,3013.291037690517,2236302
2025-05-15,3119.23974609375,3145.4292392734196,3048.507963900762,3060.4123230178493,3590003
2025-05-16,3110.609375,3124.398495166941,3090.173460055571,3110.0140601201333,2269659
2025-05-19,3103.06982421875,3131.8386940724404,3078.864389219781,3090.173434284337,2011149
2025-05-20,3039.083740234375,3110.311538811685,3024.798605886781,3103.2680293156227,2667772
2025-05-21,3066.06689453125,3107.037779591259,3023.8065643019713,3038.587713565781,1395136
2025-05-22,2982.33984375,3065.174348925289,2956.7454212568737,3052.0796013365434,3870830
2025-05-23,2988.688720703125,3006.6445605098133,2960.4158658153005,2995.9305881133573,1828093
2025-05-26,3055.650634765625,3076.284906375374,3003.5690618585927,3013.787018886935,2164190
2025-05-27,3015.57275390625,3060.4124601508584,2990.573647079151,3055.6506678516926,2599143
2025-05-28,2973.907470703125,3020.5328789513123,2969.1456784430707,3015.4734292634766,1491995
2025-05-29,2985.01806640625,3004.759365181861,2963.391765442311,2975.097767082866,2093429
2025-05-30,2953.074951171875,2993.351223837699,2933.432708741338,2981.0501487209067,3700191
2025-06-02,3001.783447265625,3014.283122006738,2938.6904852731127,2953.0749201156655,2967741
2025-06-03,3022.21923828125,3040.3734347788195,3002.8746542843737,3017.7551035127403,3204094
2025-06-04,3029.064208984375,3062.39651280439,3015.870404158985,3020.8305540015576,1584653
2025-06-05,3017.3583984375,3070.332700988586,2970.931348251763,3053.468191807066,3504632
2025-06-06,3081.740966796875,3088.089861448809,3002.8745876369358,3017.358321442344,2028071
2025-06-09,3062.793212890625,3115.966115820114,3053.4682281102546,3105.0537862199794,1364639
2025-06-10,3043.052001953125,3082.137886779174,3035.413419449941,3077.277036693918,1787253
2025-06-11,3056.146728515625,3099.10167533552,3051.4842360217863,3060.4125058931113,1749787
2025-06-12,2995.13671875,3069.340606015715,2983.034002032726,3063.388426430681,2278398
2025-06-13,2982.0419921875,2994.44236640651,2908.631776810961,2908.631776810961,2003184
2025-06-16,2999.501953125,3020.731297880782,2964.2848887326295,2977.0819786339007,1673726
2025-06-17,2983.232421875,3018.747142579605,2970.1376749534465,3018.747142579605,1455355
2025-06-18,3016.8623046875,3050.3927224287986,2962.7966737231704,2976.0897778529916,2161043
2025-06-19,3070.13427734375,3082.13769418589,3010.0171666776564,3013.78692885251,2482920
2025-06-20,3159.02001953125,3177.4718731499124,3065.67014821891,3075.292790123237,8315834
2025-06-23,3110.013916015625,3159.0200990264307,3097.8118991023425,3138.386069671237,1731432
2025-06-24,3124.99365234375,3190.9636442292385,3111.79960552769,3129.9538021095764,2834887
2025-06-25,3189.872314453125,3199.792613984934,3135.310667028177,3154.655251115204,2078771
2025-06-26,3190.169921875,3212.192938051462,3158.1273064505344,3200.189278928195,2907261
2025-06-27,3177.76953125,3215.6650262329417,3161.6986947822907,3179.4559336963066,5098406
2025-06-30,3157.829833984375,3194.138228706202,3135.806816518025,3179.852851450725,2083572
2025-07-01,3150.786376953125,3192.352334398161,3142.94919514098,3162.5914363148963,1407074
2025-07-02,3139.97314453125,3177.1742675997393,3128.5648001235795,3142.7508768259927,1559309
2025-07-03,3149.099853515625,3195.3285471955746,3139.5765110793095,3139.973226191099,2102806
2025-07-04,3162.5,3177.0,3134.10009765625,3161.10009765625,968006
2025-07-07,3160.199951171875,3173.0,3152.10009765625,3162.5,853459
2025-07-08,3157.89990234375,3168.0,3123.0,3150.0,1513129
2025-07-09,3176.300048828125,3189.0,3141.0,3145.0,1245661
2025-07-10,3162.39990234375,3192.60009765625,3137.60009765625,3172.10009765625,1701384
2025-07-11,3073.199951171875,3162.39990234375,3062.39990234375,3158.0,3041614
2025-07-14,3092.10009765625,3104.800048828125,3053.60009765625,3072.800048828125,2958843
2025-07-15,3128.60009765625,3148.300048828125,3082.89990234375,3086.10009765625,2826720
2025-07-16,3196.5,3210.0,3082.39990234375,3128.60009765625,2892812
2025-07-17,3195.0,3238.0,3171.0,3186.300048828125,3267180
2025-07-18,3192.39990234375,3252.0,3176.699951171875,3208.0,2040381
2025-07-21,3246.699951171875,3253.60009765625,3152.800048828125,3177.0,2436535
2025-07-22,3257.199951171875,3271.89990234375,3210.5,3246.699951171875,1854072
2025-07-23,3268.800048828125,3303.0,3248.0,3260.0,2159800
2025-07-24,3260.89990234375,3286.5,3243.699951171875,3255.0,1469406
2025-07-25,3246.39990234375,3259.0,3214.0,3256.0,1475856
2025-07-28,3209.800048828125,3256.89990234375,3199.199951171875,3246.39990234375,1939520
2025-07-29,3199.39990234375,3225.89990234375,3186.60009765625,3203.0,1824673
2025-07-30,3208.89990234375,3241.60009765625,3151.89990234375,3195.0,2199654
2025-07-31,3203.10009765625,3238.199951171875,3135.60009765625,3225.0,4465859
2025-08-01,3159.300048828125,3205.0,3116.699951171875,3205.0,3781457
2025-08-04,3200.199951171875,3223.0,3160.0,3170.0,2684012
2025-08-05,3212.199951171875,3222.0,3170.10009765625,3195.0,1805644
2025-08-06,3227.5,3240.10009765625,3178.60009765625,3212.199951171875,1866321
2025-08-07,3211.10009765625,3229.60009765625,3161.10009765625,3198.0,2374621
2025-08-08,3144.199951171875,3214.89990234375,3135.60009765625,3207.0,1721037
2025-08-11,3186.199951171875,3230.0,3130.300048828125,3150.89990234375,2046761
2025-08-12,3236.5,3253.0,3185.10009765625,3186.10009765625,3315978
2025-08-13,3282.199951171875,3300.0,3238.699951171875,3255.0,2436029
2025-08-14,3265.39990234375,3313.5,3262.0,3273.199951171875,1508721
2025-08-18,3383.10009765625,3432.0,3335.300048828125,3350.0,5787481
2025-08-19,3354.0,3403.89990234375,3338.10009765625,3400.0,2596242
2025-08-20,3395.60009765625,3404.199951171875,3335.0,3354.10009765625,2957816
2025-08-21,3375.10009765625,3410.0,3370.0,3410.0,1964795
2025-08-22,3403.0,3420.0,3375.39990234375,3380.0,2509867
2025-08-25,3398.89990234375,3429.0,3381.800048828125,3428.0,1859862
2025-08-26,3330.800048828125,3414.0,3318.10009765625,3395.0,3122442
2025-08-28,3295.300048828125,3375.0,3287.300048828125,3375.0,2936428
2025-08-29,3199.5,3280.0,3187.0,3271.0,3017625
2025-09-01,3315.39990234375,3324.89990234375,3191.10009765625,3191.10009765625,3525726
2025-09-02,3234.5,3330.0,3223.0,3325.0,3073407
2025-09-03,3286.0,3293.699951171875,3232.800048828125,3269.0,2672659
2025-09-04,3481.5,3550.0,3463.39990234375,3527.0,7600320
2025-09-05,3561.300048828125,3577.800048828125,3481.5,3511.0,3700943
2025-09-08,3561.300048828125,3561.300048828125,3561.300048828125,3561.300048828125,0
2025-09-09,3696.300048828125,3723.800048828125,3673.10009765625,3702.199951171875,2879258
2025-09-10,3604.39990234375,3708.89990234375,3591.39990234375,3702.0,2298202
2025-09-11,3595.699951171875,3647.89990234375,3580.0,3620.0,1949934
2025-09-12,3589.89990234375,3641.0,3582.0,3594.89990234375,2839264
2025-09-15,3530.300048828125,3603.39990234375,3526.60009765625,3590.0,2550444
2025-09-16,3608.0,3619.89990234375,3528.89990234375,3545.0,2465043
2025-09-17,3633.199951171875,3644.89990234375,3593.10009765625,3608.0,2237804
2025-09-18,3642.199951171875,3650.0,3603.300048828125,3636.10009765625,2480472
2025-09-19,3592.10009765625,3636.699951171875,3584.5,3601.0,4018342
2025-09-22,3584.800048828125,3616.60009765625,3569.300048828125,3600.0,1664133
2025-09-23,3614.60009765625,3679.199951171875,3606.800048828125,3610.0,2523224
2025-09-24,3574.89990234375,3626.300048828125,3568.0,3614.5,1320014
2025-09-25,3530.0,3584.10009765625,3521.800048828125,3579.89990234375,2106344
2025-09-26,3396.5,3547.5,3391.60009765625,3510.0,3046760
2025-09-29,3418.10009765625,3458.0,3405.0,3419.0,3175716
2025-09-30,3427.0,3454.0,3393.10009765625,3420.0,2611078
2025-10-01,3463.39990234375,3501.0,3415.5,3419.199951171875,2364844
2025-10-03,3462.0,3492.39990234375,3404.199951171875,3462.10009765625,2357702
2025-10-06,3472.0,3480.0,3425.10009765625,3462.0,1156082
2025-10-07,3492.800048828125,3521.39990234375,3465.10009765625,3468.10009765625,1508939
2025-10-08,3426.5,3509.699951171875,3422.60009765625,3500.0,1444911
2025-10-09,3442.89990234375,3475.0,3424.0,3450.0,1997853
2025-10-10,3454.89990234375,3473.89990234375,3395.699951171875,3425.0,1416272
2025-10-13,3459.699951171875,3470.0,3432.0,3432.0,1090517
2025-10-14,3459.800048828125,3487.10009765625,3428.0,3469.89990234375,1518505
2025-10-15,3497.199951171875,3500.0,3460.0,3461.0,1319445
2025-10-16,3560.800048828125,3573.199951171875,3498.300048828125,3503.0,2125552
2025-10-17,3647.199951171875,3656.0,3560.10009765625,3561.0,3339579
2025-10-20,3599.10009765625,3676.0,3593.0,3674.0,2827250
2025-10-21,3621.199951171875,3628.10009765625,3604.300048828125,3608.199951171875,286950
2025-10-23,3623.60009765625,3650.0,3600.0,3632.10009765625,3724956
2025-10-24,3625.0,3655.300048828125,3615.10009765625,3630.0,1654500
2025-10-27,3611.60009765625,3635.300048828125,3593.0,3626.800048828125,1440893
2025-10-28,3579.10009765625,3624.89990234375,3562.0,3605.0,2851093
2025-10-29,3534.699951171875,3583.5,3522.10009765625,3580.0,2526473
2025-10-30,3502.10009765625,3550.0,3496.0,3540.0,2103351
2025-10-31,3487.199951171875,3526.699951171875,3483.699951171875,3516.10009765625,1915577
2025-11-03,3548.89990234375,3590.0,3511.0,3511.0,1776510
2025-11-04,3581.199951171875,3632.800048828125,3537.199951171875,3548.60009765625,3494428
2025-11-06,3618.5,3674.699951171875,3586.300048828125,3625.0,4535984
2025-11-07,3690.199951171875,3718.0,3566.800048828125,3615.60009765625,2595934
2025-11-10,3663.89990234375,3715.800048828125,3645.10009765625,3690.199951171875,1620889
2025-11-11,3749.10009765625,3759.0,3670.0,3699.89990234375,3044040
2025-11-12,3754.300048828125,3781.0,3740.0,3761.0,1984901
2025-11-13,3699.5,3754.10009765625,3690.199951171875,3748.199951171875,1599079
2025-11-14,3698.60009765625,3716.800048828125,3660.5,3700.0,1847028
2025-11-17,3734.89990234375,3754.5,3682.300048828125,3710.0,2094008
2025-11-18,3694.800048828125,3732.699951171875,3688.0,3718.5,2613743
2025-11-19,3722.5,3746.5,3667.800048828125,3695.0,1626043
2025-11-20,3716.699951171875,3759.0,3711.10009765625,3744.800048828125,1815617
2025-11-21,3749.60009765625,3779.0,3726.0,3730.0,3184145
2025-11-24,3690.800048828125,3749.5,3677.199951171875,3745.10009765625,4059935
2025-11-25,3669.300048828125,3695.800048828125,3653.0,3687.0,1714176
2025-11-26,3686.39990234375,3708.0,3669.300048828125,3681.0,2116524
2025-11-27,3681.199951171875,3717.60009765625,3665.0,3701.5,1993274
2025-11-28,3757.300048828125,3768.89990234375,3690.10009765625,3692.0,2944457
2025-12-01,3741.60009765625,3795.0,3730.0,3790.0,1830158
2025-12-02,3716.5,3748.0,3705.5,3722.800048828125,2285922
2025-12-03,3649.39990234375,3740.0,3640.0,3736.0,2002476
2025-12-04,3671.60009765625,3678.199951171875,3620.199951171875,3675.0,1984001
2025-12-05,3717.10009765625,3721.5,3642.5,3659.300048828125,2393280
2025-12-08,3681.699951171875,3725.0,3671.60009765625,3720.0,1500195
2025-12-09,3635.89990234375,3674.39990234375,3604.5,3658.0,3901255
2025-12-10,3630.0,3694.89990234375,3626.199951171875,3660.0,1593915
2025-12-11,3665.199951171875,3669.10009765625,3615.89990234375,3623.39990234375,981456
2025-12-12,3679.60009765625,3695.0,3661.300048828125,3665.39990234375,1078982
2025-12-15,3608.0,3665.39990234375,3603.60009765625,3632.0,1704069
2025-12-16,3621.0,3633.5,3577.89990234375,3581.0,1394406
2025-12-17,3612.800048828125,3647.89990234375,3594.0,3647.89990234375,1209367
2025-12-18,3586.60009765625,3611.89990234375,3540.10009765625,3600.0,2446168
2025-12-19,3603.60009765625,3615.0,3560.0,3571.0,1647819
2025-12-22,3616.699951171875,3625.0,3576.89990234375,3600.0,1400786
2025-12-23,3625.10009765625,3637.5,3605.0,3619.199951171875,1413628
2025-12-24,3636.699951171875,3658.0,3612.10009765625,3624.60009765625,842897
2025-12-26,3623.10009765625,3647.0,3614.60009765625,3636.699951171875,829910
2025-12-29,3592.10009765625,3640.199951171875,3588.10009765625,3622.699951171875,1034692
2025-12-30,3660.300048828125,3666.0,3575.199951171875,3590.0,2063179
2025-12-31,3709.199951171875,3723.60009765625,3640.39990234375,3653.0,1868363
2026-01-01,3761.0,3774.0,3721.10009765625,3725.0,1498161
2026-01-02,3802.39990234375,3812.0,3743.199951171875,3759.89990234375,1478292
2026-01-05,3790.300048828125,3839.89990234375,3785.0,3805.89990234375,1574098
2026-01-06,3785.60009765625,3819.10009765625,3758.10009765625,3788.0,1299489
2026-01-07,3748.800048828125,3808.60009765625,3718.5,3800.0,1046776
2026-01-08,3724.0,3756.800048828125,3693.199951171875,3730.0,1261005
2026-01-09,3677.300048828125,3748.5,3667.10009765625,3712.10009765625,1235928
2026-01-12,3682.0,3717.0,3598.800048828125,3675.300048828125,1665237
2026-01-13,3661.5,3717.0,3631.5,3717.0,1700985
2026-01-14,3649.5,3682.0,3635.10009765625,3663.0,1573135
2026-01-15,3649.5,3649.5,3649.5,3649.5,0
2026-01-16,3658.199951171875,3729.89990234375,3650.10009765625,3650.10009765625,2089943
2026-01-19,3657.39990234375,3689.0,3614.0,3689.0,1715818
2026-01-20,3557.5,3677.5,3540.0,3646.0,1753439
2026-01-21,3553.300048828125,3586.699951171875,3517.10009765625,3543.0,1587467
2026-01-22,3573.699951171875,3620.0,3533.39990234375,3600.0,2107171
2026-01-23,3543.39990234375,3596.0,3534.800048828125,3573.699951171875,1922549
2026-01-27,3393.5,3497.699951171875,3344.10009765625,3437.199951171875,7139715
2026-01-28,3449.199951171875,3456.89990234375,3376.0,3379.0,3964878
2026-01-29,3384.39990234375,3479.60009765625,3321.0,3449.199951171875,5592638
2026-01-30,3431.800048828125,3452.39990234375,3282.800048828125,3283.0,5291090
2026-02-02,3463.199951171875,3472.10009765625,3343.699951171875,3355.0,2950641
2026-02-03,3527.89990234375,3643.800048828125,3513.0,3638.0,5492214
2026-02-04,3574.0,3620.0,3519.10009765625,3549.0,2395062
2026-02-05,3572.0,3598.800048828125,3528.10009765625,3592.0,1251428
2026-02-06,3578.0,3590.0,3530.60009765625,3577.0,1462031
2026-02-09,3609.60009765625,3619.10009765625,3557.10009765625,3593.800048828125,1294690
2026-02-10,3675.800048828125,3699.0,3601.0,3616.300048828125,1917432
2026-02-11,3674.89990234375,3787.0,3666.10009765625,3704.699951171875,4787745
2026-02-12,3593.10009765625,3699.0,3582.199951171875,3698.199951171875,2554236
2026-02-13,3533.39990234375,3596.5,3520.300048828125,3530.0,1632115
2026-02-16,3509.699951171875,3549.5,3469.0,3535.0,1562001
2026-02-17,3489.199951171875,3515.800048828125,3462.0,3509.699951171875,1991583
2026-02-18,3530.5,3545.0,3483.199951171875,3491.10009765625,1682427
2026-02-19,3431.800048828125,3546.5,3421.300048828125,3534.89990234375,2479531
2026-02-20,3412.800048828125,3449.89990234375,3402.5,3443.0,2260853
2026-02-23,3447.10009765625,3457.60009765625,3416.89990234375,3425.0,1789276
2026-02-24,3433.199951171875,3441.0,3390.0,3415.0,1929400
2026-02-25,3491.300048828125,3500.89990234375,3425.39990234375,3435.0,2273269
2026-02-26,3484.60009765625,3507.0,3461.60009765625,3505.0,1998012
2026-02-27,3397.39990234375,3488.10009765625,3381.10009765625,3460.0,3765500
2026-03-02,3334.300048828125,3374.89990234375,3283.0,3299.89990234375,2997529
2026-03-04,3264.300048828125,3278.10009765625,3207.89990234375,3240.0,4537215
2026-03-05,3348.0,3360.60009765625,3276.199951171875,3277.300048828125,2304760
2026-03-06,3332.5,3367.0,3315.0,3315.0,2084605
2026-03-09,3187.60009765625,3250.0,3142.89990234375,3250.0,3961149
2026-03-10,3293.699951171875,3309.39990234375,3228.89990234375,3278.0,2672336
2026-03-11,3168.199951171875,3292.89990234375,3156.0,3276.0,4574950
2026-03-12,3031.199951171875,3142.800048828125,3020.0,3115.10009765625,6968585
2026-03-13,2931.10009765625,3025.0,2922.60009765625,2965.0,7217643
2026-03-16,3036.10009765625,3043.699951171875,2896.0,2902.0,5378638
2026-03-17,3128.89990234375,3139.300048828125,3024.5,3052.0,3491894
2026-03-18,3214.60009765625,3236.199951171875,3140.10009765625,3140.10009765625,3746758
2026-03-19,3045.39990234375,3147.89990234375,3032.60009765625,3136.300048828125,3059501
2026-03-20,3066.10009765625,3106.60009765625,3043.199951171875,3059.199951171875,4471960
2026-03-23,2955.800048828125,3019.699951171875,2935.0,3015.10009765625,3978740
2026-03-24,3031.300048828125,3057.300048828125,2965.89990234375,3030.0,3944279
2026-03-25,3128.10009765625,3157.89990234375,3082.89990234375,3099.89990234375,3328790
2026-03-27,3041.300048828125,3105.199951171875,3030.0,3100.0,3155168
2026-03-30,2954.699951171875,3023.699951171875,2945.0,2980.0,5416854
2026-04-01,3031.5,3079.89990234375,3010.10009765625,3079.89990234375,3522875
2026-04-02,3011.699951171875,3028.800048828125,2928.10009765625,2975.0,3297975
2026-04-06,3021.60009765625,3030.0,2961.0,3006.10009765625,2554900
2026-04-07,3006.60009765625,3017.0,2949.5,3001.60009765625,2292715
2026-04-08,3210.10009765625,3231.0,3109.0,3125.0,4227961
2026-04-09,3166.800048828125,3199.89990234375,3131.0,3179.89990234375,3039565
2026-04-10,3259.800048828125,3270.0,3180.0,3180.0,2801451
2026-04-13,3220.199951171875,3249.199951171875,3183.10009765625,3194.60009765625,3183080
2026-04-15,3256.5,3301.89990234375,3225.0,3250.0,2591177
2026-04-16,3222.300048828125,3288.0,3201.0,3273.0,2678634
2026-04-17,3200.199951171875,3242.5,3185.0,3210.0,2180404
2026-04-20,3221.60009765625,3235.5,3162.60009765625,3207.0,3201466
2026-04-21,3247.300048828125,3262.300048828125,3212.0,3212.0,1972188
2026-04-22,3149.699951171875,3249.89990234375,3143.0,3214.10009765625,3096787
2026-04-23,3047.699951171875,3114.699951171875,3032.199951171875,3105.0,4540875
2026-04-24,3038.39990234375,3089.0,3035.0,3047.699951171875,2300917
2026-04-27,3102.39990234375,3114.0,3050.0,3050.0,1815815
