Price,Close,High,Low,Open,Volume
Ticker,POWERGRID.NS,POWERGRID.NS,POWERGRID.NS,POWERGRID.NS,POWERGRID.NS
Date,,,,,
2010-01-04,35.39626693725586,35.63245194114115,34.671967967188515,34.70345801965423,4353415
2010-01-05,35.50648880004883,36.0260949739499,35.34903212484937,35.585217137648556,4374738
2010-01-06,35.7584228515625,36.02609794005412,35.58522006745438,35.77416894750742,5549959
2010-01-07,36.073333740234375,36.29377481002615,35.49074528110138,35.868640901876866,4535147
2010-01-08,36.167808532714844,36.466973659791805,35.91587528375523,36.24653687214864,3809958
2010-01-11,36.34176254272461,36.76875529808919,36.24687717040433,36.689682724501736,3041300
2010-01-12,35.81989669799805,36.531550104317354,35.6775664457305,36.120374296651455,2569224
2010-01-13,36.357574462890625,36.531532384068804,35.36125889033467,35.81987932294906,3322262
2010-01-14,37.116676330566406,37.48040931941298,36.38920606291149,36.53153841461578,6747297
2010-01-15,37.527854919433594,38.41347040662624,37.11667921142558,37.43296953757393,11273753
2010-01-18,37.19574737548828,37.95484321009949,37.03760223119588,37.559480349368485,4085821
2010-01-19,36.768760681152344,37.60692922589755,36.57898561876645,37.164123606972,4992784
2010-01-20,36.97434616088867,37.30645357114394,36.65805584062385,36.76875831070895,3697700
2010-01-21,35.9463996887207,37.14830538169288,35.75662679902576,36.84782788595942,3555527
2010-01-22,36.1519889831543,36.35758111483935,34.712869801130026,34.791942377943705,4943166
2010-01-25,36.46828079223633,37.00597605269733,35.44033939630697,36.15199047195621,2912852
2010-01-27,35.835689544677734,37.13247810938084,35.48776945818311,36.468267815156636,8252922
2010-01-28,36.02547073364258,37.306448945876134,34.254246446745285,36.658051295744635,11600411
2010-01-29,35.64592742919922,35.962217751100475,35.12404925605456,35.70918506458327,3996285
2010-02-01,35.72499084472656,35.94639358426221,35.42451554500101,35.503588105190914,2078776
2010-02-02,35.96221923828125,36.531542270243484,35.58267126530013,35.867331708790694,3466800
2010-02-03,35.72499084472656,36.136168586710184,35.58266066538082,36.05709602652028,2006355
2010-02-04,35.42451858520508,36.136171687989766,35.32963107583765,35.58266371915723,2254939
2010-02-05,33.96958541870117,35.10823133915508,33.84307015864223,34.98171607909613,4391981
2010-02-08,34.317508697509766,34.45983891416253,33.77981557627652,34.317508697509766,1831316
2010-02-09,34.19099044799805,34.47565085650963,34.01703035613836,34.19099044799805,1113258
2010-02-10,33.93795394897461,34.364944513515375,33.85888138387662,34.317501832448826,1023345
2010-02-11,33.85889434814453,34.2384423769443,33.82726445200229,34.001224590821764,640478
2010-02-15,33.178863525390625,34.317509577782026,33.14723363422044,33.93796160864526,1575236
2010-02-16,33.76399612426758,34.00121383535197,33.14722835946357,33.21048813173734,1192982
2010-02-17,33.87470245361328,34.08029030206536,33.748185039581934,34.00121772266364,989784
2010-02-18,34.206809997558594,34.617987892651136,33.59004422741041,33.92214953286906,1713670
2010-02-19,33.89052200317383,34.20681238377337,33.6849341137767,34.20681238377337,1267093
2010-02-22,33.843074798583984,34.27006761354084,33.76400221396095,33.96959007598839,835164
2010-02-23,33.7165641784668,33.90633927784139,33.54260402820368,33.84308162637705,801182
2010-02-24,33.60585021972656,33.81143804000132,33.4160751971801,33.59003527701758,906081
2010-02-25,33.66911697387695,33.84307710087811,33.24212412987242,33.84307710087811,1650113
2010-02-26,34.01704025268555,34.44403098967696,33.52678972208225,33.8430801102158,1548385
2010-03-02,34.01704025268555,34.633806080549675,33.8430801102158,34.03285520108852,780476
2010-03-03,34.380767822265625,34.475655352470696,33.70074230994691,33.70074230994691,1578097
2010-03-04,34.412391662597656,34.633794430821865,34.254246521725975,34.475649289950184,1157814
2010-03-05,34.238433837890625,34.68123940355789,34.15936126223712,34.475651564851134,766252
2010-03-08,34.807762145996094,35.01335001620986,34.31751167281569,34.475656848358966,1998979
2010-03-09,34.412391662597656,34.918454826398595,34.317504149078495,34.79193957169355,1368556
2010-03-10,34.507286071777344,34.697058991757615,34.20680852809151,34.44402628680274,1572349
2010-03-11,33.779815673828125,34.85520191940019,33.55841073063884,34.475653958903045,4256779
2010-03-12,33.62166976928711,33.96958999883066,33.38445201595681,33.54259718484368,7813231
2010-03-15,33.09978485107422,33.684922715171766,32.95745465696368,33.684922715171766,2420100
2010-03-16,33.19468307495117,33.28957061664118,32.751875262058284,32.91002044988116,1690093
2010-03-17,33.63748550415039,33.795632821727786,33.24212257265986,33.24212257265986,2067076
2010-03-18,33.55842208862305,33.81145486292146,32.3090753126905,33.38446192223153,2257266
2010-03-19,34.22261428833008,34.55471949037864,33.40025875420798,33.526776145216324,3363560
2010-03-22,34.01704025268555,34.507290783288845,33.73237761637647,33.8430801102158,2178427
2010-03-23,34.14354705810547,34.444022423104826,33.7798140602085,34.08028942520786,1381649
2010-03-25,33.66911697387695,34.301697693894766,33.526786740869206,34.301697693894766,3128139
2010-03-26,33.76399612426758,34.00121383535197,33.47933358397786,33.70073635199381,2059990
2010-03-29,33.76399612426758,34.04865651957655,33.55840615433932,33.98539889228353,1977720
2010-03-30,33.74817657470703,34.001209194321916,33.68491895604843,33.763991515616794,1369034
2010-03-31,33.89052200317383,34.03285439042876,33.305383941072115,33.84307930407647,1719363
2010-04-01,33.73236846923828,34.032845972470454,33.684925781875776,34.00121608424152,928358
2010-04-05,34.01704025268555,34.23844309538274,33.76400751318241,34.159370498349354,1444077
2010-04-06,33.90633010864258,34.15936279105456,33.81144258461546,34.15936279105456,2818200
2010-04-07,34.965904235839844,35.10823445227208,33.874703049884694,33.874703049884694,3932498
2010-04-08,35.15567398071289,35.70918199648319,34.206803096535246,35.42452158922223,4525961
2010-04-09,34.68124008178711,35.25056306662224,34.57053976069587,35.17149048942239,2218499
2010-04-12,34.301692962646484,34.9500885402275,34.19099263890108,34.50728295528392,854787
2010-04-13,34.08029556274414,34.53891616507119,33.969593076501155,34.00122297113667,1196945
2010-04-15,34.04865646362305,34.44401931478065,33.93795615228736,34.31750406040251,1834504
2010-04-16,34.12771987915039,34.222607366970955,33.87468943826912,33.93794704848944,3410045
2010-04-19,34.01704025268555,34.12774060154341,33.684934916149025,33.96959540747663,1997149
2010-04-20,34.14354705810547,34.428209623616134,33.70073933786032,34.00121684784061,2663183
2010-04-21,34.807762145996094,35.17149519175314,34.127736604171275,34.159366497272416,4408329
2010-04-22,34.364952087402344,35.31382307770526,34.03284895678119,34.69705736300458,3257926
2010-04-23,34.68124008178711,34.79194254785928,34.28587719578784,34.47565223905986,1225052
2010-04-26,34.918460845947266,35.218938381387005,34.69705803955571,34.79194556943241,1204934
2010-04-27,35.80406951904297,36.262690017465246,34.82357089224031,34.87101357846368,11718037
2010-04-28,36.34176254272461,38.1129890490759,34.190990257130544,35.58266669427739,8993805
2010-04-29,34.934268951416016,36.02546996888152,34.66542350521823,36.02546996888152,5294606
2010-04-30,34.807762145996094,35.26638272607535,34.72868955822445,35.26638272607535,1318467
2010-05-03,34.586360931396484,34.776133863850646,34.50728833996192,34.776133863850646,1557313
2010-05-04,34.001216888427734,34.77612771855559,33.89051442198907,34.6021676191438,1045708
2010-05-05,33.922142028808594,34.0644722296679,33.59003679681635,33.84306945666667,1404451
2010-05-06,33.76399612426758,34.00121383535197,33.33700338632338,33.68492355390612,1322298
2010-05-07,33.52678298950195,33.76400073296595,33.22630546512939,33.36863782719262,5243780
2010-05-10,34.19099044799805,34.364948394876876,33.59003759839014,33.62166534101318,1121466
2010-05-11,33.76399612426758,34.44401937138386,33.669108610837675,34.44401937138386,838559
2010-05-12,33.795631408691406,34.04866195828089,33.55841151473436,34.032849157667364,1266616
2010-05-13,34.27006530761719,34.34913788691968,33.68492736278634,34.00121767999631,1612426
2010-05-14,33.60585021972656,34.285873451386784,33.368632514033834,33.92214049398354,1711958
2010-05-17,32.783504486083984,33.49515781670955,32.593729406591294,33.210497342451866,1851642
2010-05-18,32.89421081542969,33.19468627223844,32.60954816294118,33.19468627223844,1361316
2010-05-19,32.48302459716797,32.894202449534305,32.29324954377395,32.894202449534305,2450689
2010-05-20,32.92582321166992,33.0839683409626,32.024397261690005,32.34068752027536,2116627
2010-05-21,32.6886100769043,32.957457692191035,31.739739168806498,31.99277183996209,1432024
2010-05-24,32.49883270263672,32.91000832348464,32.29324274723216,32.76767813588493,3809046
2010-05-25,31.913705825805664,32.34069868023258,31.64485815524334,32.26162608830028,2621138
2010-05-26,32.64116668701172,32.89419935272172,32.38813402130172,32.54627916924786,1674436
2010-05-27,32.056034088134766,33.052349972112886,31.692301045639052,33.052349972112886,4522469
2010-05-28,32.59372329711914,32.8625709185099,32.05603019931857,32.05603019931857,1223573
2010-05-31,32.67279815673828,32.78350063092123,32.309065132961905,32.656985356124515,3962642
2010-06-01,32.91001510620117,33.210492630260475,32.530467146050675,33.210492630260475,2173677
2010-06-02,33.02071762084961,33.09979020202518,32.577912024258836,33.02071762084961,1067731
2010-06-03,33.4002685546875,33.510971036180116,33.02072056025475,33.1788657366835,855327
2010-06-04,33.44770812988281,33.57422339311962,33.14723062597884,33.52678070565104,730766
2010-06-07,33.036537170410156,33.19468235480212,32.26162619588581,33.0207222229747,1110289
2010-06-08,32.59372329711914,33.21049111737077,32.46720803115934,33.036531017940334,1369731
2010-06-09,32.40394973754883,32.84675530436145,32.309062217523014,32.59372263261957,2036943
2010-06-10,32.24581527709961,32.79932349162434,32.103485022361,32.514660837165515,2079894
2010-06-11,32.071842193603516,32.57790750085298,32.00858456644252,32.41976236046012,1791437
2010-06-14,32.59372329711914,32.688610819079464,32.1667326657691,32.56209555311966,1700881
2010-06-15,32.67279815673828,32.736057939117735,32.41976760714485,32.60954051933992,1047592
2010-06-16,32.46720886230469,32.95745928416576,32.38813628281036,32.67279671099756,1289944
2010-06-17,32.53046417236328,32.68860932005131,32.34069128212615,32.46720654228424,662067
2010-06-18,32.53046417236328,32.86256941150432,32.22998882075219,32.451391598519265,1111519
2010-06-21,32.70442581176758,32.81512827838126,32.53046571208077,32.64116817869445,1131800
2010-06-22,32.45139694213867,32.81513212870422,32.29325176840962,32.736059541839694,1139377
2010-06-23,32.356502532958984,32.53046261608966,32.22998727885345,32.26161716487021,1355354
2010-06-24,32.08766174316406,32.5146523965354,31.94533152537362,32.29324959719681,2329371
2010-06-25,32.056034088134766,32.324881742140256,31.913703860418234,31.976961501072115,1672844
2010-06-28,32.656978607177734,32.81512374048163,32.07184075596105,32.07184075596105,2401306
2010-06-29,32.43557357788086,33.13141387768472,32.29324338745939,32.81512361231229,1542276
2010-06-30,32.92582321166992,33.05234060209242,32.13509756520652,32.26161495562902,2708253
2010-07-01,32.656978607177734,32.91000910447946,32.419760907221885,32.79930879815512,1450319
2010-07-02,32.75186538696289,32.97327029914369,32.609535189832904,32.767680329973054,1534161
2010-07-05,32.29324722290039,32.862570197184894,31.62903887371922,32.57790978253309,1409644
2010-07-06,32.277427673339844,32.40394506345177,32.19835510888761,32.29324261522641,765539
2010-07-07,32.48302459716797,33.14723299408492,32.43557976132894,32.57791212386498,4099698
2010-07-08,32.261619567871094,32.894200175477906,32.21417473531204,32.894200175477906,2147848
2010-07-09,32.24581527709961,32.48303308332449,32.15092772561333,32.41977543066085,2076435
2010-07-12,31.92951774597168,32.41976819846783,31.850445161536207,32.309065722265714,4188571
2010-07-13,31.94532585144043,32.08765604395106,31.70810814892916,31.882066081452887,3777184
2010-07-14,31.85044288635254,32.26162072504141,31.77137030756549,32.2299908355342,2928502
2010-07-15,31.866254806518555,32.15091520514099,31.80299503350843,32.10347252036418,3552196
2010-07-16,31.73973846435547,32.08765864759507,31.62903814785621,32.08765864759507,1309829
2010-07-19,31.644859313964844,32.0718521840267,31.344383882616068,31.344383882616068,3056097
2010-07-20,31.581594467163086,31.834627141921736,31.53415177907499,31.787184453833643,2241425
2010-07-21,31.597410202026367,31.739740414832404,31.502522678495353,31.739740414832404,1373142
2010-07-22,32.08766174316406,32.483024650904774,31.629041199181053,31.850443998519637,5819774
2010-07-23,31.94532585144043,32.3881313714692,31.818808456446018,32.3881313714692,1826820
2010-07-26,31.94532585144043,32.08765604395106,31.629035581425402,31.94532585144043,1879489
2010-07-27,31.99277687072754,32.19836474181776,31.676486518292588,31.676486518292588,2785906
2010-07-28,32.0244026184082,32.45139325193276,31.8662574626626,32.103475196281,3199899
2010-07-29,31.73973846435547,32.24580379543473,31.54996557393638,31.69229577799591,2312762
2010-07-30,31.755542755126953,32.008575335781934,31.676470207733534,31.787172632076377,1285466
2010-08-02,31.802993774414062,32.07184136412096,31.72392120626271,31.94532611307106,778568
2010-08-03,31.597410202026367,31.882070627638434,31.534152567999353,31.882070627638434,1708893
2010-08-04,31.676475524902344,31.787177967827542,31.202040160903753,31.787177967827542,1886451
2010-08-05,31.249492645263672,31.882073329096144,31.154605113692572,31.48671040170085,1508701
2010-08-06,31.486709594726562,32.02440487818847,31.31274948213483,31.391822065587334,3922176
2010-08-09,32.30906295776367,32.388135535433356,31.818812547215455,31.86625738080583,3155186
2010-08-10,32.10346984863281,32.56209029490398,31.96113751618607,32.56209029490398,2033594
2010-08-11,31.676475524902344,32.13509594777155,31.629032846494678,31.945323089160407,1383082
2010-08-12,31.549964904785156,31.692295105825966,31.470890187561594,31.502520074451017,746648
2010-08-13,32.22998809814453,32.324875613626105,31.518334949503895,31.739737722307044,2838836
2010-08-16,33.30537796020508,34.00121838855253,32.38813687917403,32.38813687917403,10437835
2010-08-17,33.21049499511719,33.93796322177954,33.08397756940393,33.66911556899741,4272775
2010-08-18,32.87838363647461,33.60585172893166,32.46720583247882,33.416076697862586,2042150
2010-08-19,33.0048942565918,33.526774446215796,32.62534639276193,33.526774446215796,2150678
2010-08-20,32.64116668701172,33.242117391214734,32.577909056829434,33.05234450066787,1350531
2010-08-23,33.0048942565918,33.1788543197998,32.35649882735134,32.799306455969926,1558660
2010-08-24,32.59372329711914,33.194676172880555,32.43557814217892,33.194676172880555,1419761
2010-08-25,32.59372329711914,32.89420080749032,32.372320509199014,32.41976534266965,1708531
2010-08-26,33.35282897949219,33.59004676632407,32.57791797150432,32.86257845771001,6819779
2010-08-27,33.0048942565918,33.68491956822662,32.799306455969926,33.495144563821434,3318728
2010-08-30,34.39657211303711,34.63378979257584,33.21048371534348,33.33699895310528,12599675
2010-08-31,34.412391662597656,35.02915728300108,34.001213867335125,34.44401940378354,7251681
2010-09-01,34.22261428833008,34.697049678404994,33.93795391227737,34.41238930235228,4105554
2010-09-02,34.0328483581543,34.50728384496059,33.85888825066245,34.50728384496059,2077611
2010-09-03,34.15936279296875,34.50728299942734,34.09610515860746,34.285878061691335,2025354
2010-09-06,34.17517852783203,34.412396270906385,33.84307325853173,33.84307325853173,1657041
2010-09-07,34.06343460083008,34.63807577865811,33.91977484762751,34.63807577865811,2364772
2010-09-08,33.999595642089844,34.19114347700996,33.76016193094888,34.06344419872376,2119627
2010-09-09,33.36110305786133,34.15921536402852,33.249366468990644,34.127290005774555,4325702
2010-09-13,33.69630813598633,33.99959254111817,33.47283712564037,33.77611936575404,2223035
2010-09-14,33.536685943603516,33.951704774705284,33.37706348279654,33.55264862268785,2096762
2010-09-15,34.111331939697266,34.2549917321136,33.53668843999523,33.53668843999523,3700295
2010-09-16,33.728233337402344,34.44653440197886,33.61649675023874,34.127289484389294,1645185
2010-09-17,33.60053634643555,33.98362981579425,33.52072511677673,33.919781265070824,3999245
2010-09-20,33.728233337402344,33.91978115396335,33.64842210800496,33.77611920903352,1658444
2010-09-21,33.728233337402344,34.159214842155514,33.61649675023874,34.01555289722569,4168036
2010-09-22,33.79207229614258,34.09535661378088,33.616487208303965,33.760149112455814,2530696
2010-09-23,33.536685943603516,33.9197815815548,33.42495152004954,33.71227108349482,1296047
2010-09-24,33.69630813598633,33.77611936575404,33.345140024019294,33.5366856764509,2212027
2010-09-27,33.79207229614258,34.19113049487626,33.616487208303965,34.19113049487626,1731020
2010-09-28,34.12728500366211,34.207096222580724,33.71226623228176,33.83996548156227,3076594
2010-09-29,34.685970306396484,35.26061162777746,34.19114238453066,34.19114238453066,11684464
2010-09-30,33.999595642089844,35.05310440411374,33.88785904421672,34.733859455925796,5236368
2010-10-01,34.63808822631836,34.87752195603894,34.127295403573704,34.127295403573704,3875195
2010-10-04,35.021183013916016,35.27657943442635,34.43058109181812,34.87752320394726,4550532
2010-10-05,35.723514556884766,35.94698773424314,34.9892529684839,35.02117616166497,10282420
2010-10-06,35.675621032714844,36.28218538825606,35.42022471695412,35.915054672799705,5975746
2010-10-07,34.87751770019531,35.88313837630594,34.60615864028316,35.67563003520955,5825104
2010-10-08,34.95732879638672,35.34042228268513,34.68596973754045,34.95732879638672,2872678
2010-10-11,35.085025787353516,35.675629776996686,34.957328680682785,35.62774390324973,2923343
2010-10-12,34.94136428833008,35.16483529655882,34.54230814327228,35.11694942515914,1328063
2010-10-13,35.06906509399414,35.43619589756445,34.89347994945337,35.053102414487114,2785869
2010-10-14,34.14325714111328,35.37235111903339,33.83997485819046,35.24465183436904,6206210
2010-10-15,34.079402923583984,34.62211883950748,33.74419533389008,34.15921415136739,3825540
2010-10-18,34.079402923583984,34.701930067290874,33.77611852599258,34.60615616094717,2661071
2010-10-19,33.632469177246094,34.31884724801618,33.456883988676125,34.223073311976314,2506333
2010-10-20,33.28129577636719,33.91978569706347,33.121673296193116,33.776123732892046,1611212
2010-10-21,33.712276458740234,34.159220719273584,33.58457933574129,33.93574750649764,5077785
2010-10-22,34.12728500366211,34.73385156645428,33.744191585856356,34.143247680449406,7613777
2010-10-25,33.12165832519531,34.44652344579334,32.993959099765064,34.1911293249678,4373958
2010-10-26,32.626834869384766,33.32917317036452,32.499135618740695,33.201476084738346,3559839
2010-10-27,32.51510238647461,32.96204657243277,32.4352911566626,32.83434730572265,4326267
2010-10-28,31.90853500366211,32.786458451742476,31.669101336003823,32.786458451742476,12789477
2010-10-29,32.05218505859375,32.56297759415496,31.924488007212105,31.956411187548856,2557085
2010-11-01,32.13201141357422,32.46721903783952,32.02027481714634,32.179897289175685,3644082
2010-11-02,31.956418991088867,32.0681555620961,31.30196657165615,31.924495802956688,8722079
2010-11-03,32.06817626953125,32.116062165159875,31.621231861914016,31.924516417626126,5792586
2010-11-04,32.40336227416992,33.31320883525956,31.924494979380285,32.179889137920526,7578044
2010-11-08,31.397754669189453,31.732962368828012,30.74330195370824,31.046584285755,23828591
2010-11-09,33.137630462646484,33.52072610835573,31.413708717027806,31.509482628455117,37552410
2010-11-10,32.562992095947266,33.600538136796196,32.451255502463916,33.20148196723892,23142609
2010-11-11,32.32356262207031,33.10571238370255,32.17990065022437,32.56299635512213,9305659
2010-11-12,31.780839920043945,32.54702905612938,31.60525477437739,32.19585876479628,8655373
2010-11-15,32.30759048461914,32.818380999957014,31.924497056861252,31.924497056861252,6781511
2010-11-16,31.972381591796875,32.48317425087812,31.892570374129047,32.48317425087812,5839719
2010-11-18,32.37144088745117,32.64279992041478,31.748913760966584,32.27566698375707,11698558
2010-11-19,32.53105926513672,32.96204069528464,32.020266619407174,32.0841173238867,13151040
2010-11-22,32.38740921020508,32.53106900827493,31.50948557586677,32.24374941213522,16159489
2010-11-23,31.42967987060547,32.052207215203445,30.96677286806605,31.637188263798524,29650997
2010-11-24,30.998687744140625,31.365818520157504,30.64751748141468,30.807139934468644,29495589
2010-11-25,30.82311248779297,31.04658356065988,29.78556621053629,30.328282291789876,297127250
2010-11-26,30.791179656982422,30.88695139753377,29.83344493132414,30.56770648898101,108003635
2010-11-29,29.961135864257812,30.647511410417778,29.68977688181263,30.567700199700685,47311917
2010-11-30,30.312314987182617,30.360200861712602,29.30669213688827,29.72171098788189,56380039
2010-12-01,30.91887855529785,31.046575660149564,30.13672891679011,30.200577469215965,49377032
2010-12-02,31.605253219604492,31.637178577252715,30.82310360740461,31.09446265236003,69791050
2010-12-03,31.86065673828125,32.03624191472808,31.04658158567767,31.605260314814824,70133580
2010-12-06,31.82872772216797,32.02027338100115,31.541405986390835,31.924501634093676,35990183
2010-12-07,31.589298248291016,31.764881251108648,31.317939155724357,31.589298248291016,22324627
2010-12-08,31.23811912536621,31.525438653716474,31.06253400692197,31.349855700290156,8690959
2010-12-09,30.519819259643555,31.36581736362844,30.328271457034376,31.222157594180555,19659317
2010-12-10,30.6794490814209,30.79118568730474,30.20058162480761,30.455978034671737,12656908
2010-12-13,31.25408363342285,31.365818049874488,30.631556508849872,30.679442378040854,10228525
2010-12-14,30.98271942138672,31.44562401790743,30.88694553399885,31.286001593933552,12502825
2010-12-15,30.85502815246582,31.062536476659933,30.727328890254135,30.966762571255693,7532899
2010-12-16,30.6794490814209,30.88695744661258,30.440015353114255,30.870996930073623,10117565
2010-12-20,30.599632263183594,30.998688404317157,30.48789567765894,30.567706905885654,12117884
2010-12-21,31.0146484375,31.31793064588873,30.615592330404848,30.647515519961694,13693395
2010-12-22,31.270055770874023,31.381790221126003,31.01465933955438,31.0944705890281,11598882
2010-12-23,31.04658317565918,31.317942295430303,30.998697291002507,31.142357109991266,4611659
2010-12-24,31.206188201904297,31.285999408315682,30.80713216984737,30.80713216984737,4676656
2010-12-27,30.870990753173828,31.222158852081442,30.759254169647082,31.126384946918243,5508784
2010-12-28,30.69541358947754,30.950810014538767,30.615602341959573,30.807148036991507,6071879
2010-12-29,30.551742553710938,30.807136719934004,30.487891847137313,30.663476960179064,10314957
2010-12-30,30.839067459106445,31.142349708226423,30.216540281435282,30.551747889417673,31947999
2010-12-31,31.381790161132812,31.445638727585987,30.886959982337995,30.9348480309419,12208677
2011-01-03,31.381790161132812,31.52544997690713,31.2381303453585,31.429678209736718,5686478
2011-01-04,31.413713455200195,31.573335943315712,31.206202921638894,31.429676137015463,9878712
2011-01-05,31.317935943603516,31.557369648363004,31.19023883373911,31.41370985851097,6557909
2011-01-06,31.605253219604492,31.844689071929842,31.222159752916607,31.349859018491337,16916733
2011-01-07,31.23811912536621,31.892571567739502,31.014648140536234,31.605249874371317,15775814
2011-01-10,30.69541358947754,31.477563382149896,30.631565024466898,31.222166957088668,11747099
2011-01-11,30.663482666015625,31.28600985080496,30.392125772655277,30.90291636516677,8402847
2011-01-12,31.04658317565918,31.110433908559735,30.48790441791054,30.87100015523889,5356220
2011-01-13,30.8869571685791,31.11043037833516,30.791185410133366,31.030619136284713,5840003
2011-01-14,31.158321380615234,31.653151595691796,30.72733973667333,30.80715099184636,13619178
2011-01-17,31.206188201904297,31.285999408315682,30.53577536705918,30.80713216984737,10222664
2011-01-18,31.493518829345703,31.573330058527862,31.030614133092804,31.030614133092804,8525103
2011-01-19,31.25408363342285,31.605251725865482,31.09446118276219,31.238120955353175,8181638
2011-01-20,31.573333740234375,31.605256936618847,30.96676702870847,30.96676702870847,8113388
2011-01-21,31.5573673248291,31.605253196247894,31.254085087467743,31.36581950911764,7263505
2011-01-24,31.461591720581055,31.685062716849554,31.254083402264165,31.333894627004202,10580288
2011-01-25,31.413713455200195,31.748921113246492,31.301976847511916,31.605259141927682,5774233
2011-01-27,31.54140853881836,31.76487957471682,29.73767540582987,31.381786061031118,21308494
2011-01-28,30.82311248779297,31.541413756662973,30.392133025482227,31.445639821143217,12161301
2011-01-31,30.82311248779297,31.413716619315814,30.392133025482227,30.599641414926054,10372393
2011-02-01,30.535778045654297,31.1583050772676,30.487890018596215,30.96675729907071,5685819
2011-02-02,30.503868103027344,30.80715043419123,30.120774518135132,30.663490610484,9759510
2011-02-03,31.493518829345703,31.589292737367927,30.344236263115338,30.487896042639594,8272335
2011-02-04,31.06254005432129,31.988351693169513,31.014654178612904,31.429673039819466,13585721
2011-02-07,31.222156524658203,31.445627510035195,30.807137743233543,31.078496760131415,10075695
2011-02-08,30.551742553710938,31.605248901925723,30.471931335511762,31.605248901925723,6969251
2011-02-09,30.615598678588867,31.030617549026115,30.24846568492506,30.966766826637006,15914271
2011-02-10,30.455968856811523,31.046570576313194,30.344232284599325,30.535780075529413,15041071
2011-02-11,30.937360763549805,31.29037904505241,30.728756974256395,30.96945214745469,16032113
2011-02-14,31.627357482910156,31.852005909754453,30.825040118162576,30.985503591112092,9448315
2011-02-15,31.69154930114746,31.852012808853132,31.3866690717918,31.61131754729462,6653191
2011-02-16,31.64339828491211,31.707583226675983,31.515028401384363,31.59526012269539,3070813
2011-02-17,31.64339828491211,31.755723565317435,31.531073004506784,31.64339828491211,2410838
2011-02-18,31.482934951782227,31.771768278936534,31.19410162462792,31.64339839496234,7982842
2011-02-21,31.755739212036133,31.77178382306407,31.145976523774642,31.145976523774642,9078739
2011-02-22,31.595266342163086,31.739683033666132,31.38666251983632,31.611310948443855,6311548
2011-02-23,31.964326858520508,32.17293065080252,31.611306395535472,31.611306395535472,28541975
2011-02-24,31.53107261657715,32.09269683526934,31.097822632682767,31.93223121819678,14267832
2011-02-25,31.835956573486328,32.044558186757094,30.95340760339109,31.627352783790744,31955636
2011-02-28,31.755739212036133,33.50479116312609,31.354580407821654,32.18898941473228,128195783
2011-03-01,31.932235717773438,32.12479274425399,31.450845327997083,31.93223571777344,22095525
2011-03-03,31.8680477142334,32.38153161803069,31.627352542408065,31.627352542408065,12055696
2011-03-04,31.771772384643555,32.07665470722397,31.659449265757363,31.86805089827816,5797710
2011-03-07,31.466896057128906,31.73968484946019,30.841088907197157,31.73968484946019,6845096
2011-03-08,31.434804916381836,31.73968510196117,30.71271923538722,31.450849523708143,8299919
2011-03-09,31.466896057128906,31.611312756893877,31.322479357363928,31.450849273504954,4984092
2011-03-10,31.57921600341797,31.739679459557642,31.226195529340714,31.450843932651278,4963678
2011-03-11,31.466896057128906,31.643406324141775,31.29038579011603,31.29038579011603,6148250
2011-03-14,31.707595825195312,31.803874364308268,31.338530631092187,31.338530631092187,4743614
2011-03-15,31.370607376098633,31.53107080754019,31.145959007365363,31.402700932956773,7316083
2011-03-16,31.64339828491211,31.771768168439856,31.450841283195757,31.46688806274291,3548194
2011-03-17,31.563173294067383,31.627358249517926,31.3866630342595,31.3866630342595,4312518
2011-03-18,31.434804916381836,31.771776493039084,31.322479606545887,31.611313008373614,7614611
2011-03-21,31.258296966552734,31.48294542646266,31.210156611727093,31.386666893236843,3473055
2011-03-22,31.242244720458984,31.4187549711147,31.06573446980327,31.4187549711147,3536038
2011-03-23,31.274337768554688,31.56317113655137,31.162012471875393,31.24224420481059,5655111
2011-03-24,31.434804916381836,31.515036658714575,31.178062905632025,31.450849523708143,7807585
2011-03-25,31.49898338317871,31.579215108976086,31.306426370695075,31.51503016362316,8602591
2011-03-28,31.803863525390625,31.900142031691377,31.418751676612477,31.466889841550426,11509824
2011-03-29,32.02852249145508,32.20503278184832,31.691548696418078,31.803874020238936,8985339
2011-03-30,32.41361999511719,32.52594308481991,32.04455281814536,32.09269315066749,4832583
2011-03-31,32.70246124267578,33.00734138381049,32.18897729603048,32.41362788295341,15647437
2011-04-01,33.64919662475586,33.857800438919845,32.52595234924621,32.52595234924621,22114974
2011-04-04,33.98616027832031,34.4194123840016,33.44058508420551,33.44058508420551,10060811
2011-04-05,33.76152420043945,34.09849794110971,33.42455045976919,33.85780272297742,7752278
2011-04-06,33.713382720947266,34.30709844301009,33.58501281281618,33.69733811474974,5371783
2011-04-07,33.6812858581543,34.24290792369546,33.50477563084211,33.71337724175891,5888794
2011-04-08,33.66524887084961,33.841759149505954,33.24804335123246,33.7133870484716,3282029
2011-04-11,33.45663833618164,33.68128673294787,33.248034543422044,33.392451214455704,2761151
2011-04-13,33.77756881713867,33.954076891307786,33.071527814761886,33.08757459689319,5725109
2011-04-15,33.713382720947266,33.9219865421917,33.58501281281618,33.713382720947266,2726721
2011-04-18,33.440589904785156,34.06639689931809,33.32826462373512,33.69733184973898,3846832
2011-04-19,33.19990158081055,33.61710705527889,33.05548488714752,33.61710705527889,2130742
2011-04-20,33.45663833618164,33.61710178764678,33.0875710919569,33.61710178764678,3816903
2011-04-21,33.56896209716797,33.697334166683795,33.31222013456121,33.45663898481963,3804886
2011-04-25,33.552921295166016,33.82571008712316,33.376413204820516,33.376413204820516,1583736
2011-04-26,33.472686767578125,33.745475536830476,33.087574875311645,33.69733736645658,4390914
2011-04-27,33.48874282836914,33.697346702777885,33.29618791709842,33.5368831885061,2846797
2011-04-28,33.392452239990234,33.53687109188407,33.26408234544562,33.424545801838846,5158203
2011-04-29,33.552921295166016,33.85780365432704,33.264087896032215,33.392457811997176,3615042
2011-05-02,34.146636962890625,34.27500905494038,33.37641311629323,33.37641311629323,5731198
2011-05-03,33.37641143798828,34.17872881136058,33.24803935239361,34.01826533668612,3804669
2011-05-04,33.472686767578125,33.568965284751016,32.911064623232186,33.264085127391105,4044546
2011-05-05,32.68640899658203,33.47267939008463,32.3494353489596,33.376403070556464,5204752
2011-05-06,33.08756637573242,33.2640765824697,32.70245458239398,32.7666395185463,2973311
2011-05-09,32.959205627441406,33.31222396221659,32.89502067352093,33.10362231786876,3424009
2011-05-10,32.84688186645508,33.28013413448412,32.734558735931984,32.91106682338617,1276536
2011-05-11,33.4245491027832,33.536874403921466,32.78269521382204,32.78269521382204,5173641
2011-05-12,32.5420036315918,33.42455282725517,32.477818670828626,33.42455282725517,2199955
2011-05-13,32.52594757080078,32.959199741131826,32.42966906890225,32.509900791080234,3389298
2011-05-16,32.67036819458008,32.798740271476426,32.50990473077841,32.606183244344415,2643860
2011-05-17,32.57408905029297,32.8950159502397,32.525948709446055,32.670365379137124,2042475
2011-05-18,32.52594757080078,33.02338468358926,32.4457158486228,32.67036423543621,3314783
2011-05-19,31.723628997802734,32.71850318100459,31.563165560281444,32.54199296444624,2532955
2011-05-20,32.41361999511719,32.60617479593233,31.56316255147082,31.65944104009062,1959647
2011-05-23,31.964326858520508,32.188975254772416,31.771769846633244,32.188975254772416,1694918
2011-05-24,31.707595825195312,32.54200692894012,31.579225890661775,32.07666319572404,9876185
2011-05-25,31.145963668823242,31.916189560873264,30.953408828129415,31.771770709821762,5753045
2011-05-26,30.66457176208496,31.418750835419768,30.488061534663537,31.290378771647465,4935316
2011-05-27,31.33851432800293,31.434792817029376,30.712707413967742,30.712707413967742,4500032
2011-05-30,31.771772384643555,31.852004116601556,31.178058874009356,31.45084545681155,8167114
2011-05-31,32.4296760559082,32.54200136172789,31.771775357018388,31.835962489729763,7467651
2011-06-01,32.30129623413086,32.49385322034302,32.04455431132283,32.26920267762065,1794961
2011-06-02,31.851999282836914,32.4778084382784,31.771767563054638,32.09269661860843,4461069
2011-06-03,32.41361999511719,32.702453284552135,31.851995840905765,31.851995840905765,5649415
2011-06-06,32.57408905029297,32.65432077527965,31.996420195103877,32.34943847919039,4910297
2011-06-07,32.55804443359375,32.63827616391208,32.36548741025976,32.461765921926755,6516069
2011-06-08,32.52594757080078,32.57408790996243,32.20502068208883,32.26920562454627,14162904
2011-06-09,32.57408905029297,32.686412159419426,32.381532039754994,32.4136256003196,6989160
2011-06-10,32.477821350097656,32.67037624827205,32.253172880681426,32.57409988739764,7661567
2011-06-13,32.911067962646484,33.05548684127224,32.26921401826647,32.413632896892224,2849421
2011-06-14,33.28013229370117,33.376410811985096,32.782695096255175,32.782695096255175,4458752
2011-06-15,32.67036819458008,33.32826883145193,32.525951512443584,33.29617744454661,2533103
2011-06-16,32.734554290771484,32.895017749521834,32.36548702979071,32.606182217916235,2472762
2011-06-17,32.959205627441406,33.055484146534695,32.59013833365468,32.606185116241086,2524363
2011-06-20,32.718509674072266,33.280131816852055,31.787820245896416,32.75060106209034,6194464
2011-06-21,32.52594757080078,32.878968018953834,32.221067461809376,32.67036423543621,5126564
2011-06-22,32.83083724975586,32.86293081855201,32.429678521930896,32.52595705189397,2408781
2011-06-23,32.81479263305664,32.99130073211237,32.67037374993775,32.75060549548141,3746535
2011-06-24,33.26408386230469,33.42454732601513,32.67036817600604,32.734555302630234,5675164
2011-06-27,34.772438049316406,35.09336493877693,32.814783153037325,32.814783153037325,29869389
2011-06-28,35.01313400268555,35.26987377887964,34.69220710601812,35.10941033054593,13872282
2011-06-29,35.33405685424805,35.46242672764909,34.94894288119581,35.07731493102141,13356359
2011-06-30,35.14151382446289,35.78336779923478,34.67617012803835,35.30197731815586,30432762
2011-07-01,35.3822021484375,35.542665610762846,35.10941339191442,35.30197041727483,23953730
2011-07-04,35.44638442993164,35.751264550115586,35.20568925456144,35.41429304573718,5307022
2011-07-05,35.17360305786133,35.41429826872988,34.66011907077169,35.30197296642116,10665833
2011-07-06,34.997093200683594,35.205694848580315,34.83662972493991,35.06127815569604,3270036
2011-07-07,35.28592300415039,35.39824829633754,34.804532625791104,35.1415063259276,5856910
2011-07-08,35.04523468017578,35.542671937211104,34.93291154240999,35.06128146454957,12625687
2011-07-11,34.66011428833008,34.91685624644935,34.114536811167305,34.83662452056363,2848918
2011-07-12,34.72430419921875,34.981046194051316,34.19477342679688,34.563840724501546,2954427
2011-07-13,35.36614990234375,35.719170335482794,34.72429615221798,34.75638971029413,3819442
2011-07-14,35.01313400268555,35.3982458434015,34.756392050066644,35.141503890782595,10479376
2011-07-15,35.3822021484375,36.00800921622133,34.772441862171206,34.772441862171206,8242815
2011-07-18,35.0933723449707,35.59080738747465,34.99709382252873,35.4463906920243,2085379
2011-07-19,35.25383377075195,35.41429724000312,34.85267509762404,34.88476648561921,2972184
2011-07-20,35.02918243408203,35.446387880623455,34.93290609570136,35.18964589994988,4177419
2011-07-21,34.66011428833008,35.141504643644396,34.387325549748695,34.981041191872954,3008285
2011-07-22,35.157562255859375,35.350117151454754,34.45152328582528,34.66012496682665,3369044
2011-07-25,34.82058334350586,35.14151029869301,34.43547143256633,35.10941673260421,7429567
2011-07-26,34.98103713989258,35.25382584687586,34.41941512374726,34.66011027352383,5770592
2011-07-27,34.3873176574707,35.02917131724379,34.178716088614195,34.868707902300514,7214188
2011-07-28,33.87385177612305,34.339197666735394,33.264091347385175,34.05036206120785,13905358
2011-07-29,33.72943115234375,34.54779534185211,32.84688200563234,33.376412799514334,9768024
2011-08-01,34.48360061645508,34.884759205869244,33.7294215977866,33.7294215977866,4672455
2011-08-02,34.644073486328125,34.756398792521836,34.25896157090363,34.46756322363454,3239197
2011-08-03,33.58500671386719,34.54778737928729,33.087569601448514,34.194766931396686,12800281
2011-08-04,33.53687286376953,34.30709662458102,33.3122222718099,33.88989118063103,6939466
2011-08-05,32.83083724975586,33.28013633077504,32.14084510846708,32.25317042282823,12075758
2011-08-08,32.87897491455078,33.32827178240714,31.57922030738925,31.627358480221996,13716718
2011-08-09,32.70246124267578,33.28013013854549,31.771771861434303,31.771771861434303,7228990
2011-08-10,33.23199462890625,33.50478342332662,32.750604175052864,32.91106765967066,5126905
2011-08-11,33.05548095703125,33.45663960085809,32.83083037534828,32.846877156386334,6299073
2011-08-12,33.2480354309082,33.56896234240495,33.0554805898651,33.29617577348766,6421148
2011-08-16,33.2480354309082,33.66524085113896,33.087571975159825,33.39245210579676,4242848
2011-08-17,33.103614807128906,33.601051895895175,32.95919814946764,32.95919814946764,7430913
2011-08-18,32.94316101074219,33.32827293600982,32.622234043614945,33.21594980337046,5110388
2011-08-19,32.4296760559082,32.911066492692186,31.948285619124224,32.0927044912996,5245806
2011-08-22,33.119667053222656,33.248036953128654,32.01246959315217,32.413628250889666,3059716
2011-08-23,32.477821350097656,33.504787336304425,32.41363638403953,33.16781354396729,2837432
2011-08-24,32.7505989074707,32.97524949094323,32.188976801639306,32.862924199206965,6888368
2011-08-25,31.996421813964844,32.89501761456518,31.771771231496054,32.7505987611424,13758009
2011-08-26,31.274337768554688,32.092701879778694,31.001549006005,31.996423364971452,9286925
2011-08-29,32.07666015625,32.14084511743482,31.129923817178632,31.194110954788847,6345123
2011-08-30,32.15689468383789,32.44572812237024,31.85201228308915,32.41363672721419,3821904
2011-09-02,31.884096145629883,33.69733450647916,31.56316923324151,33.1196656288951,8166250
2011-09-05,31.17805290222168,31.93222973231822,31.03363624764359,31.819906634946193,7422597
2011-09-06,30.999242782592773,31.503163671309743,30.64162093775026,31.503163671309743,14848826
2011-09-07,31.470653533935547,31.77950757804579,31.08052199375455,31.11303387410013,11526455
2011-09-08,31.275588989257812,31.795763643280747,30.999244619613012,31.73074208712703,7049237
2011-09-09,31.243078231811523,31.519422611389473,31.03175761551776,31.243078231811523,6782680
2011-09-12,30.67413902282715,31.113038448049423,30.397794613643715,30.901715604322824,5271294
2011-09-13,30.755420684814453,30.999253241805857,30.641631276300945,30.83669820381159,4033213
2011-09-14,30.86920166015625,30.9992447731076,30.414046355240103,30.901711335997483,4248247
2011-09-15,31.210569381713867,31.34061471612052,30.527839644054545,30.95048312248755,8283475
2011-09-16,32.39722442626953,32.5922913382262,31.129293908138475,31.340616763557133,6853575
2011-09-19,31.84453773498535,32.59229128998767,31.714492392275506,31.990836816339506,3721222
2011-09-20,32.12088394165039,32.478505922504596,31.779517906252078,31.779517906252078,4399666
2011-09-21,32.26716995239258,32.41347119735652,31.909550321396196,31.958315933188835,2182138
2011-09-22,31.29183578491211,32.00707935835848,31.113027096343224,31.990823421726937,3792171
2011-09-23,31.226823806762695,31.60070164462193,30.787926612049734,31.04801285863813,3612112
2011-09-26,30.96673583984375,31.356869625416607,30.739159268121863,31.226824295294517,1880644
2011-09-27,31.421890258789062,31.633210882396774,31.064268367521628,31.356868698047712,1273121
2011-09-28,31.64946746826172,31.730744972041798,31.178058387295916,31.470656518986857,4398260
2011-09-29,31.68198013305664,32.16964516776431,31.25933666201797,31.47065729514058,9460952
2011-09-30,32.0070915222168,32.218412164358305,31.53568020471206,31.53568020471206,6946805
2011-10-03,31.64946746826172,31.90955592131666,31.275591832790695,31.844534359251274,7517061
2011-10-04,31.161813735961914,31.87705558741054,31.080536202733793,31.470667921269932,2740436
2011-10-05,31.178068161010742,31.5519439136845,31.04802279131989,31.226833796648506,3503641
2011-10-07,31.61695671081543,32.13713363545052,31.373124190791508,31.503169524347015,4435678
2011-10-10,31.87704849243164,31.990837895542214,31.405639345590455,31.405639345590455,8326437
2011-10-11,32.0883674621582,32.20215464667201,31.698233672986756,32.02334369410067,5044978
2011-10-12,32.218406677246094,32.44598322343847,31.8932966956018,32.41347354814994,4905765
2011-10-13,32.299686431884766,32.47849737525483,31.95832048632251,32.21840893078867,3531871
2011-10-14,32.15339279174805,32.52726847790604,32.039603389111946,32.10462495999242,5039179
2011-10-17,31.81202507019043,32.25092450831384,31.633214106332986,32.12087916878407,1605713
2011-10-18,31.90955352783203,32.08836446369457,31.53567571561159,31.53567571561159,2025955
2011-10-19,32.49475860595703,32.673569578434105,32.00709351999794,32.18590228768132,5145909
2011-10-20,32.18589782714844,32.478498161049636,32.08836658730809,32.21840971029081,2881549
2011-10-21,32.18589782714844,32.54351972254099,31.9420653179608,32.10462032408589,2127672
2011-10-24,32.75484085083008,32.9173958485058,32.54351803097569,32.592285853154365,3334756
2011-10-25,33.7789421081543,34.055286532374566,32.706078502961105,32.771100071955985,7605862
2011-10-28,34.136558532714844,35.11188852453032,33.56761603748915,34.29911353135076,8504582
2011-10-31,34.087791442871094,34.33162394606547,33.61638237765396,34.13655926638596,4561310
2011-11-01,33.697662353515625,34.185327395719085,33.48634171714485,33.8927292523144,2155435
2011-11-02,33.51884078979492,33.79518510817638,33.291264283076956,33.48633112014537,2429706
2011-11-03,33.84396743774414,33.990266535437144,33.50260140659788,33.64890270908476,2676760
2011-11-04,33.7626838684082,34.13656172308908,33.61638479692155,34.13656172308908,2070811
2011-11-08,33.7626838684082,33.811451695432744,33.61638479692155,33.7626838684082,923114
2011-11-09,33.66515350341797,34.02277544852121,33.6163878767192,33.81145479310164,3342820
2011-11-11,34.28286361694336,34.38039707422848,33.48634442456988,33.64889945178053,7747315
2011-11-14,34.25035095214844,34.786783852643524,33.9902624735563,34.39665003235851,8136060
2011-11-15,33.68140411376953,34.347880066946516,33.567616934559474,33.827703175492935,2602442
2011-11-16,33.876468658447266,34.25034425754984,33.38880368320399,33.38880368320399,5559879
2011-11-17,33.535099029541016,34.25034047324583,33.42130966597284,33.64888839310918,4564324
2011-11-18,32.81986618041992,33.64889720479241,31.974579213453165,33.486342188436765,6971425
2011-11-21,32.2021484375,32.83611462026643,31.990827846439863,32.3484474778334,5725408
2011-11-22,31.828279495239258,32.34845421416882,31.56819103337774,32.34845421416882,5742603
2011-11-23,30.901708602905273,31.763251315587016,30.609110522246876,31.649461948223745,4916261
2011-11-24,30.982988357543945,31.373119895207,30.771667751041136,31.17805522877206,10127464
2011-11-25,31.34061050415039,31.60069893321604,30.82043364601909,31.096778015300067,7728058
2011-11-28,31.56818199157715,31.779502566116584,31.275583933785185,31.56818199157715,5436096
2011-11-29,30.950477600097656,31.795762201348882,30.885453842099558,31.665719094938876,5379923
2011-11-30,32.218406677246094,32.47849510352016,30.98298830603915,31.031756126161696,13613461
2011-12-01,32.51100540161133,33.16122533326011,32.34844821390607,32.51100540161133,4222484
2011-12-02,33.61638641357422,33.811453321466416,32.47850126205477,32.527266886631025,5707744
2011-12-05,33.372554779052734,33.632643261642606,33.11246629646286,33.226255696593945,2957969
2011-12-07,33.535099029541016,33.99025207422782,33.11245565673587,33.177477205292135,5975381
2011-12-08,32.31594467163086,33.61638478166604,32.18589933775125,33.47008571024578,5809203
2011-12-09,32.03960037231445,32.1046219370726,31.568191271826027,31.71449034373023,4296964
2011-12-12,31.4056396484375,32.31594826771911,31.113041473036926,32.18590291936818,8160604
2011-12-13,32.218406677246094,32.47849510352016,31.080521741491072,31.340610167765142,3981949
2011-12-14,31.324365615844727,32.34846154842187,31.210576198983276,32.16965275734527,5776327
2011-12-15,32.299686431884766,32.624796436269136,30.85294735333297,30.869203294510854,12973287
2011-12-16,31.893295288085938,32.93364674247621,31.405630337141144,32.26717086855972,12589918
2011-12-19,32.23466491699219,32.46224147942046,31.29184458008457,31.405633963695372,4820722
2011-12-20,31.7144832611084,32.33219350034467,31.45439485536644,32.33219350034467,6670657
2011-12-21,31.828279495239258,32.13713357910267,31.5356791488475,32.02334418804029,10259801
2011-12-22,32.72232437133789,32.83611373563887,31.698226707007944,31.77950419442494,3456402
2011-12-23,32.91740036010742,33.14497694708603,32.364711528424806,32.67356783017458,3249611
2011-12-26,32.787349700927734,32.868627197716606,32.57602909119395,32.70607220413886,1273482
2011-12-27,32.169654846191406,32.7711072470719,31.58445618752311,32.75485350485971,4187065
2011-12-28,32.5760383605957,32.81987092034405,31.990839776240904,32.25092828093124,3375709
2011-12-29,32.51100540161133,32.673560384523526,32.2509169879932,32.51100540161133,2924882
2011-12-30,32.543514251708984,32.771090781067954,32.29968178351159,32.51100457882514,2087779
2012-01-02,32.51100540161133,32.59228289306743,32.03959418733151,32.39721603165557,1861469
2012-01-03,32.803611755371094,32.94991083590049,32.5110135943123,32.624800788149116,3372939
2012-01-04,32.99867248535156,33.25875871100412,32.299684690728995,32.77109373071576,3739279
2012-01-05,32.933658599853516,33.242514943819785,32.722337926944476,32.98242643538213,5389056
2012-01-06,32.42972946166992,32.933648168971935,32.137129155553446,32.90113849370999,7340405
2012-01-09,32.96616744995117,33.096210589780036,32.21841388395106,32.21841388395106,2368495
2012-01-10,33.356285095214844,33.58386159693898,32.8523642811732,32.8523642811732,3215986
2012-01-11,32.5760383605957,33.38881355975686,32.4785048957376,33.38881355975686,4377469
2012-01-12,32.689815521240234,32.966159885962234,32.332195866368814,32.966159885962234,4082544
2012-01-13,33.14497375488281,33.22625125703256,32.67356468337293,32.70607436135682,5766505
2012-01-16,32.55977249145508,33.144970897441766,32.429729381143886,32.771093096909055,4899595
2012-01-17,32.67356491088867,32.9173974190358,32.54351958366752,32.67356491088867,10428799
2012-01-18,32.218406677246094,32.91739446065722,31.958318250972027,32.787349145123606,6295415
2012-01-19,32.49475860595703,32.90114617758961,32.21841417532941,32.364713260158396,8276461
2012-01-20,32.982418060302734,33.226250561648875,32.478497116562046,32.51100899865885,6881600
2012-01-23,32.83611297607422,33.56761034590621,32.72232361440542,33.16122291822177,18551268
2012-01-24,32.689815521240234,32.99867176585653,32.52726053135509,32.7710930161828,10219894
2012-01-25,32.787349700927734,32.99867251545473,32.364706276666965,32.868627197716606,13171474
2012-01-27,33.535099029541016,34.120297376133294,32.88487913439246,32.99866849796064,9816649
2012-01-30,33.07994842529297,33.64889087552108,32.9173934395135,33.1612259181827,4243234
2012-01-31,33.84396743774414,34.071544056910355,33.031192223012035,33.1612375802455,10322025
2012-02-01,33.47008514404297,33.94149423499734,33.37255169648157,33.94149423499734,10757718
2012-02-02,34.16907501220703,34.47792913014565,33.37255580127257,33.551366776329786,11556658
2012-02-03,34.7705192565918,35.2094185927943,34.25034242885498,34.31536398112382,11926606
2012-02-06,35.43699264526367,35.59954761694299,34.57544997248752,35.01434927793885,9084488
2012-02-07,35.030616760253906,35.84339188649705,34.73801859672383,35.599559348624105,6079363
2012-02-08,35.01436233520508,36.00594847318162,34.510441294122536,35.30696271621772,11508450
2012-02-09,35.371978759765625,35.92466534223872,35.07937842448454,35.778366276994866,11499785
2012-02-10,34.90055847167969,35.5182664175607,34.46165921211661,34.91681220331392,8590813
2012-02-13,35.91596984863281,36.19438904610019,34.83505126381725,34.83505126381725,15608851
2012-02-14,35.83407974243164,36.11249892149824,35.621172526449115,35.86683572397368,5735198
2012-02-15,36.25990676879883,37.04603055857599,35.801336224106144,35.866845984584025,15930040
2012-02-16,36.25990676879883,36.76761129986058,35.78495822864979,36.128887247843075,3862429
2012-02-17,36.587459564208984,37.17705187975478,36.35817428075997,36.68572532035789,8544515
2012-02-21,36.21077346801758,36.68572198802325,36.1125077207946,36.53832447786252,6934289
2012-02-22,36.01424789428711,36.91501331944586,35.93236012836359,36.14526965257344,5872252
2012-02-23,36.898624420166016,37.37357509927489,35.899595748143746,35.899595748143746,18016976
2012-02-24,37.43907928466797,37.73387868273144,36.94775509950105,37.02964283392003,10958004
2012-02-27,36.538330078125,37.66838079102444,36.390932545372515,37.66838079102444,11266052
2012-02-28,36.62021255493164,37.14429284252061,36.276283547276314,36.685722313211826,9416477
2012-02-29,37.013267517089844,37.30806249375924,36.685716555747355,36.76760429608298,7991077
2012-03-01,36.84949493408203,37.209801908430386,36.52194394698254,36.636587681006276,2777389
2012-03-02,36.767608642578125,37.01327189262616,36.456435636786765,36.800364631123486,3172662
2012-03-05,36.12888717651367,36.80036721811818,35.75220216715137,36.65296748064954,3649302
2012-03-06,36.374549865722656,36.620213129135955,35.89960133405977,36.12888660230935,4557989
2012-03-07,35.57204818725586,36.128884440064255,34.98245594608041,36.03061869631045,15488701
2012-03-09,36.07975769042969,36.27628921733601,35.735830850365346,35.735830850365346,3852720
2012-03-12,36.30903625488281,36.63658723802178,35.98148527174384,36.35816801381475,5124092
2012-03-13,36.47281265258789,36.734851668531384,36.030617925825425,36.47281265258789,9731037
2012-03-14,36.88225555419922,37.144294599716325,36.538326530273544,36.7676118057748,4398722
2012-03-15,36.145263671875,37.11153870562038,35.94873217763808,36.783987696123816,4513645
2012-03-16,35.31001663208008,36.68573075803458,35.12986308932876,36.19440412581169,3682825
2012-03-19,35.32638931274414,35.522918603239106,34.52388749050983,35.44103084352929,3294232
2012-03-20,35.19535446166992,35.63754908801921,34.884181534887404,35.3263761612367,3413743
2012-03-21,35.621177673339844,35.83408492008525,34.949697725481435,35.17898296536432,3430274
2012-03-22,34.80229949951172,35.60479893293265,34.4911243004724,35.37551369786198,3948023
2012-03-23,35.277252197265625,35.44102770216881,34.6221501776529,34.91694519793965,3647743
2012-03-26,34.704044342041016,35.21174894531413,34.47475903708319,35.04797341015169,4778733
2012-03-27,34.63853073120117,35.09710129026624,34.32735547182029,35.04796952370484,5834802
2012-03-28,34.78592300415039,35.01520824909112,34.474750013063165,34.80230099764915,4875221
2012-03-29,34.65489959716797,34.88418705233833,34.392860599282706,34.78592131745778,12199593
2012-03-30,35.42464065551758,35.81770354392567,34.6548950906231,34.6548950906231,8544753
2012-04-02,35.57204818725586,35.817711435966686,35.26087296181092,35.40827268811531,8676278
2012-04-03,36.063377380371094,36.19439690093814,35.53929485540785,35.75220213166618,3566758
2012-04-04,36.30903625488281,36.4564337530259,35.784953793321556,36.04699502410218,3850338
2012-04-09,35.932350158691406,36.30903511023453,35.55566742849548,36.06337188062488,4475284
2012-04-10,36.16162872314453,36.45642587709089,35.735814314133336,35.932343528750785,4598397
2012-04-11,36.587459564208984,36.68572532035789,35.71945019781355,35.71945019781355,4023851
2012-04-12,36.60383605957031,37.27531388613494,36.39092878110068,36.57108006841457,5102969
2012-04-13,36.685726165771484,37.11154297133116,36.210777591678955,36.685726165771484,6602489
2012-04-16,36.6365852355957,36.931380215769416,36.44005376791513,36.66933899931103,4350870
2012-04-17,37.20980453491211,37.308068060900126,36.358171019801325,36.407302782795334,9477019
2012-04-18,37.291690826416016,37.7502613342186,37.078781345306176,37.24255684399958,4441325
2012-04-19,37.55372619628906,37.668369922767766,37.111533725615075,37.17704347445413,2496045
2012-04-20,37.291690826416016,37.78301732249622,37.111537333583804,37.40633456404035,2778756
2012-04-23,36.27627944946289,37.50459560851731,36.09612596853213,37.16066663971263,3854809
2012-04-24,36.030609130859375,36.52193549784309,35.78494594736752,36.39091602185281,3169871
2012-04-25,35.522911071777344,36.178013010563106,35.277247844732685,35.96510576899661,3380361
2012-04-26,35.408267974853516,36.29265510822056,35.12984877483654,35.817706668203726,4377198
2012-04-27,35.457401275634766,36.03061547132004,35.29362579115326,35.441023282917186,1965594
2012-04-30,36.44005584716797,36.702097078578305,35.40827113633966,35.40827113633966,3199398
2012-05-02,35.899600982666016,36.63659076569209,35.735825475326884,36.292661756010425,3811572
2012-05-03,35.58842468261719,35.86684392534761,35.424649180151626,35.70306842288205,1452253
2012-05-04,34.96608352661133,35.572053858581405,34.75317401097559,35.40827833332979,5666533
2012-05-07,34.65489959716797,35.047962536690214,33.803268411346515,34.85143106692909,4565509
2012-05-08,34.63853073120117,35.09710129026624,34.409243230321024,34.65490650582323,2959419
2012-05-09,34.14720153808594,34.802303555403846,33.98342603375646,34.40924056793514,2412310
2012-05-10,33.57399368286133,34.50751290295787,33.41021814726392,34.11445206179365,3946438
2012-05-11,33.19730758666992,33.73776817015689,32.820624755039326,33.57399263964832,3389145
2012-05-14,33.164546966552734,33.344698235841676,32.82061797921935,33.082659218204185,2233766
2012-05-15,33.70499801635742,33.85239548762526,32.787854986523186,33.115405909939206,3494080
2012-05-16,34.245460510253906,34.491123734084205,33.082656361201565,33.508470838763024,4435353
2012-05-17,34.310970306396484,34.98245018659016,34.016173123670306,34.39285804248481,4208594
2012-05-18,34.42560958862305,34.76953850232958,33.590354290006275,34.01617093453118,4935351
2012-05-21,34.04893493652344,34.68765894310568,33.81964968048717,34.360107942668904,1491370
2012-05-22,33.967037200927734,34.24545413664273,33.77050576990219,34.17994440008312,2362045
2012-05-23,33.934295654296875,34.37649045149728,33.49210307844414,34.03256141160226,3087547
2012-05-24,34.507511138916016,34.65490866914908,33.5576139695494,34.19633808145783,2135683
2012-05-25,34.098060607910156,34.39285778845896,33.98341911104145,34.22908231749196,1446600
2012-05-28,34.85143280029297,35.16260801311582,33.90153583234707,33.90153583234707,890739
2012-05-29,35.16260528564453,35.45740026073443,34.65489863266738,35.27724678869188,5201353
2012-05-30,34.753173828125,35.26087839800332,34.540266534957176,35.129858867030464,4048557
2012-05-31,34.7695426940918,35.0479619009788,34.40923574651417,34.441991731329274,8033660
2012-06-01,33.950679779052734,34.687669759853016,33.73777245091633,34.55665020736109,3787828
2012-06-04,34.08168029785156,34.21270199851951,33.442956448804196,33.73775360929695,3267896
2012-06-05,34.704044342041016,35.113483179947096,34.22909573433954,34.36011527393034,12393979
2012-06-06,35.91596984863281,36.3909205056474,34.72040976353726,34.72040976353726,9494285
2012-06-07,35.39189910888672,36.27628647029893,35.21174559308943,35.91597943870435,4231838
2012-06-08,35.04796600341797,35.539292505072574,34.63852725203913,35.3100072485699,3997879
2012-06-11,35.129844665527344,35.53928331098353,35.04795693643611,35.37550785280105,2205393
2012-06-12,35.26087188720703,35.42464738135639,34.73678941739016,35.015208645982995,3376544
2012-06-13,35.24449157714844,35.457398803591914,34.93331640125056,35.21173559399697,2496726
2012-06-14,34.62214279174805,35.40826638038888,34.392857578066256,35.0643374491927,6671985
2012-06-15,34.73678207397461,34.9660694943898,34.54025285535038,34.78591604464079,10286920
2012-06-18,35.0643424987793,35.21173999870511,34.622147777654554,34.8841890116045,3027005
2012-06-19,35.621177673339844,35.99786040876549,34.91694173920649,35.06434145609649,9746993
2012-06-20,35.50653839111328,35.99786491870916,35.375518872293384,35.49016261727143,8882639
2012-06-21,35.94873046875,35.99786222929994,35.01520924752243,35.211740732416864,4083003
2012-06-22,36.04700469970703,36.259912007356256,35.621187863060726,35.70307563082548,7332263
2012-06-25,35.32638931274414,36.17802068091763,35.12985780090152,35.91597940557669,5097127
2012-06-26,35.981475830078125,36.03060757611772,35.14622059797821,35.14622059797821,1992235
2012-06-27,35.96510696411133,36.48918719974673,35.73582172218663,36.030616715897345,5727518
2012-06-28,35.932350158691406,36.292657117324445,35.604799185878534,36.03061589480471,3083553
2012-06-29,37.193424224853516,37.537353208444465,36.12888350790606,36.14526150166703,7486892
2012-07-02,36.88225555419922,37.32445033086759,36.783989801456514,37.20980658244318,2634447
2012-07-03,36.571083068847656,37.177053405512076,36.39093176675346,37.11154363917348,4091332
2012-07-04,37.013267517089844,37.14428701308799,36.45643132707704,36.62020680774828,3061761
2012-07-05,37.43907928466797,37.60285475350593,36.84948937392888,37.013264842766844,2830305
2012-07-06,37.013267517089844,37.50459395910358,36.702094548083906,37.34081847843233,3797719
2012-07-09,36.9477653503418,37.01327511178271,36.71848007462481,36.96414334603892,2397364
2012-07-10,37.06240463256836,37.2589361263343,36.603834108911094,36.65296587167886,3199920
2012-07-11,37.22618103027344,37.50460028289874,36.91500800879941,36.91500800879941,2903254
2012-07-12,36.833126068115234,37.20981112943477,36.71848452702935,37.20981112943477,2728401
2012-07-13,36.70210266113281,37.01327569892397,36.60383690673886,36.88225617396378,1672753
2012-07-16,36.898624420166016,37.07877789624036,36.3909221985208,36.60382943847865,3148848
2012-07-17,36.767608642578125,37.02964988689884,36.652964904016756,36.94776213688282,2407572
2012-07-18,36.423683166503906,36.86587794784211,36.27628564650704,36.71848042784524,2516255
2012-07-19,36.685726165771484,36.94776744775803,36.521950642198355,36.669348169144634,2171498
2012-07-20,36.44005584716797,36.849494577075596,36.29265834867068,36.45643384063373,1581366
2012-07-23,35.80134201049805,36.35817839658,35.719454241328705,36.24353463120376,2728477
2012-07-24,36.341793060302734,36.8003658078643,35.67031304443051,35.75220079706499,8366909
2012-07-25,36.27627944946289,36.4891866951601,35.55566774708707,36.24352346334922,6131518
2012-07-26,36.60383605957031,36.84949932919568,36.0961315247417,36.34179479436707,10181302
2012-07-27,37.45545959472656,37.668366816231675,36.71846998303614,37.11153066500164,4785341
2012-07-30,38.70015335083008,38.814797073680325,37.340817775390754,37.48821748229738,10354713
2012-07-31,38.96220397949219,39.53541825695997,38.7001605013185,38.716540717720285,13034800
2012-08-01,38.97858428955078,39.14235981645902,38.52001370274683,38.81480876264255,5116745
2012-08-02,38.683780670166016,39.060463410167955,38.61826869682024,38.683780670166016,5172210
2012-08-03,38.749298095703125,38.99496139443975,38.225219945888185,38.43812724958746,3992386
2012-08-06,39.45352554321289,39.666432788110995,38.84755535181489,38.96219908143523,3989076
2012-08-07,38.831180572509766,39.58455058496487,38.58551730723648,39.38801908420724,5499481
2012-08-08,38.96220397949219,39.076843280829756,38.74929226513389,38.89669199927502,5783459
2012-08-09,38.994956970214844,39.38801998067621,38.76567391635833,39.0113371872229,4304923
2012-08-10,39.158721923828125,39.81382824549352,38.71653170967756,38.96219491429186,4906011
2012-08-13,39.27336502075195,39.38800873629962,38.68377511606949,38.978570068410725,2775124
2012-08-14,39.322509765625,39.600929040325795,38.863939194603574,38.863939194603574,3520379
2012-08-16,39.3388786315918,40.12500001831024,38.89668396322078,39.3061226482506,3368688
2012-08-17,38.5363883972168,39.63368528525628,38.07781782327809,39.42077799478781,4100386
2012-08-21,39.158721923828125,39.38800935854571,38.17606910537096,38.33984457511383,2904667
2012-08-22,38.96220397949219,39.17511125115551,38.716540717720285,38.831180019057854,1988035
2012-08-23,38.47086715698242,39.060457050318966,38.25795549962231,39.060457050318966,4652302
2012-08-24,38.356231689453125,38.76567043748391,38.0614366794099,38.32347570107171,5080546
2012-08-27,38.749298095703125,38.88032207585251,38.24159572205903,38.25797149822988,1296282
2012-08-28,39.797454833984375,40.288781327176906,38.716538326038695,38.81480184759931,4356311
2012-08-29,38.994956970214844,40.25602931585866,38.749293699350275,39.961234279360205,6345767
2012-08-30,39.879337310791016,40.28877600099022,38.71653320770291,38.96219642182243,9698034
2012-08-31,39.125972747802734,39.86296240617031,38.91306107011895,39.86296240617031,6414695
2012-09-03,39.81383514404297,39.961230426734375,39.322504206987446,39.33888442241631,3891463
2012-09-04,40.599952697753906,40.845615921041244,39.63367557574599,39.63367557574599,8607402
2012-09-05,40.61982727050781,41.19916450656938,40.470853042317316,40.71914042920084,5181748
2012-09-06,40.09014892578125,40.60327442553864,39.49425646880524,40.60327442553864,2059057
2012-09-07,40.354984283447266,40.66948343300326,40.2225652431635,40.55361508894837,1292419
2012-09-10,40.37153244018555,40.71913292167381,40.05703334539132,40.17290166927078,2343064
2012-09-11,40.04048538208008,40.35498000816703,39.79219802404545,40.139798529233765,1345773
2012-09-12,40.189453125,40.35497802221058,39.775640881973544,40.22255900247216,2846913
2012-09-13,40.106693267822266,40.58671729680899,39.89151178557495,39.95772354479743,2572173
2012-09-14,39.72598648071289,40.66947934437777,39.361830788929026,40.38808610571976,13519349
2012-09-17,38.93146514892578,40.0901394129316,38.71628368364044,39.990821781926726,12665195
2012-09-18,38.94801712036133,39.6597732935756,38.73283564801519,38.96457230448044,8408810
2012-09-20,38.65007400512695,39.13009802205219,38.40178664950709,38.40178664950709,6301939
2012-09-21,39.808746337890625,40.05703368107726,38.81559696514409,38.81559696514409,8707245
2012-09-24,39.096988677978516,40.22255702566236,38.89835791305784,39.79219411012589,7593484
2012-09-25,38.865257263183594,39.47770033314462,38.26936937844619,39.32872611688497,11733607
2012-09-26,38.73283386230469,39.04733295441518,38.50109721652326,38.73283386230469,9302273
2012-09-27,38.65007400512695,39.179754595146086,38.41833734382159,38.765942335779634,12478679
2012-09-28,39.891517639160156,39.957729408098395,38.89836804599357,38.89836804599357,8847242
2012-10-01,39.74253463745117,40.05703373530674,39.328722398246555,39.74253463745117,5138030
2012-10-03,38.94801712036133,40.05703485033022,38.832148792128706,39.725985049751465,12133968
2012-10-04,39.06388854980469,39.39493837666489,38.56731380951439,39.16320170180249,7257841
2012-10-05,39.130096435546875,39.42804035218069,39.0638846806726,39.31217202622582,11584935
2012-10-08,39.295623779296875,39.543911140309525,38.749387992948655,39.063887112958206,6807880
2012-10-09,39.79218673706055,39.89149985604424,39.01421900452447,39.42803115053843,5205666
2012-10-10,39.543914794921875,39.94117191516597,39.063890723207166,39.659778648648754,7436554
2012-10-11,39.44458770751953,39.92461166435674,39.26251213225015,39.725980906694794,5476615
2012-10-12,39.70943832397461,39.858408055031525,38.07073985129336,39.39493918593656,2847441
2012-10-15,39.345272064208984,40.04047742660867,39.2128530642637,39.59355937291248,7208908
2012-10-16,39.26252746582031,39.62668324872614,39.146659104420515,39.428052413490995,4006297
2012-10-17,39.64322280883789,39.72598525941939,39.2294105559304,39.52735447999373,2639928
2012-10-18,39.92462158203125,40.02393474045769,39.527359968023625,39.72599077502744,2525746
2012-10-19,39.52736282348633,39.8915185809415,39.39494377263479,39.725993644839264,3153069
2012-10-22,39.26252746582031,39.46115830105545,39.04734593187873,39.21287087954942,4657141
2012-10-23,38.88180923461914,39.279066294891805,38.83214817320361,39.11354139724064,3935245
2012-10-25,38.633522033691406,39.06388497314571,38.434891257731636,38.997673217775706,12050023
2012-10-29,38.0541877746582,38.25281407552581,37.789345223250436,37.789345223250436,2123473
2012-10-30,37.47484588623047,38.18660430317954,37.34242686427839,38.1038418531907,2570824
2012-10-31,37.739681243896484,37.90520612224559,37.42518442404814,37.623812931022165,1852024
2012-11-01,38.71628952026367,38.8652592540035,38.17005369276518,38.17005369276518,4524439
2012-11-02,39.06388854980469,39.16320170180249,38.76594460366064,38.93146951709074,4726469
2012-11-05,38.749393463134766,39.063892627541634,38.66663099778045,39.03078674336968,3632141
2012-11-06,39.61011505126953,39.69287749792436,38.56730912144876,38.96457066145196,4718509
2012-11-07,39.72598648071289,39.92461726624504,39.39493666820946,39.56046157446117,4694784
2012-11-08,39.345272064208984,39.494241755341356,39.1300906280292,39.37837793673269,3005197
2012-11-09,39.577003479003906,40.023921524653474,39.19629717720963,39.29561479299256,5518512
2012-11-12,39.72598648071289,39.97427384009047,39.6101181483066,39.6101181483066,5986709
2012-11-15,39.69287872314453,39.825297743849674,39.279066477097054,39.42804068173424,11277862
2012-11-16,39.42803955078125,39.70943276805211,39.16319702681746,39.65977170783069,7952790
2012-11-19,39.74253463745117,39.85840296245849,39.295621011230324,39.428040029745766,4682624
2012-11-20,40.42118835449219,40.53705667649154,39.759088788953086,39.77563948203154,5826060
2012-11-21,39.759090423583984,40.53705834310733,39.510803076298885,40.42119001634424,8050611
2012-11-22,39.42803955078125,39.94116492510155,39.29562053387441,39.80874590819471,3266009
2012-11-23,39.64322280883789,40.057035061745374,39.34527888477456,39.56046035825639,2809752
2012-11-26,39.858402252197266,39.9246140053502,39.411484143790155,39.72598323604148,2935121
2012-11-27,39.2459602355957,40.04048333276228,39.146647093524976,39.891509129506,7105541
2012-11-29,39.03078842163086,39.41149488060027,38.69973854597896,39.229419245052256,15583782
2012-11-30,39.03078842163086,39.345287599560685,38.832157598209456,39.130106078417214,9986088
2012-12-03,39.37838363647461,39.42804020737284,38.914910334357316,39.113541108100414,5791740
2012-12-04,39.87495422363281,40.057029794912076,39.29561714573553,39.37837958543514,8486828
2012-12-05,39.775638580322266,40.13979423114341,39.394932236797864,39.97426934351107,7991825
2012-12-06,39.74253463745117,39.9246147167913,39.27906582757204,39.8915088396249,3888336
2012-12-07,39.295623779296875,39.874960954993064,39.096992992456656,39.825299890670145,3172271
2012-12-10,39.2459602355957,39.44459100988735,39.063884645082645,39.328722684038034,2674532
2012-12-11,38.89836502075195,39.4611515425039,38.8321532569632,39.39493977871515,5034484
2012-12-12,38.81559371948242,39.179749357069745,38.66661952996722,39.04733034980612,6283865
2012-12-13,39.146644592285156,39.312169478593766,38.931463138113955,39.03077627383915,7727857
2012-12-14,38.48454284667969,39.13009166243368,38.319017969835045,39.13009166243368,6097530
2012-12-17,38.51765441894531,38.799047649244585,38.21971049457269,38.50109923472164,3910978
2012-12-18,38.76594543457031,39.030783505674755,38.43489560061439,38.73283955314457,4553554
2012-12-19,38.467994689941406,38.96456935319762,38.153495607152486,38.91490829475204,6136261
2012-12-20,38.33557891845703,38.69973464297802,38.236265761838055,38.69973464297802,2121800
2012-12-21,37.97142791748047,38.31902845793427,37.90521615256027,38.26937187931957,3053451
2012-12-24,37.87210464477539,38.38523452131205,37.690029053515744,38.00452366479607,2156093
2012-12-26,38.1700553894043,38.46800385042924,37.93832318545836,38.00453046223533,2963625
2012-12-27,37.557621002197266,38.401798725789945,37.44175488018315,38.186617181280944,7464142
2012-12-28,37.57415771484375,38.20315137712773,37.17689844155518,37.87210160854144,6441596
2012-12-31,37.987972259521484,38.0707347067529,37.541054146441795,37.57416002336439,1528669
2013-01-01,37.69003677368164,38.26937403382096,37.64037794719579,38.120399799438964,6397127
2013-01-02,37.44174575805664,38.0045277765704,37.37553399580763,37.772795589000275,10823940
2013-01-03,37.789344787597656,37.98797557632593,37.45829496976737,37.673476453326955,7768126
2013-01-04,38.0541877746582,38.120395044897215,37.59071667730755,37.90521355885693,7374977
2013-01-07,37.87210464477539,38.120391991120485,37.59071366596268,38.07073541988151,5751436
2013-01-08,38.55076217651367,38.65007532609576,37.73968832437468,37.756239019254856,7147399
2013-01-09,38.252811431884766,38.7162847422802,38.10384171652932,38.65007298646649,8208348
2013-01-10,37.70658493041992,38.63352717828405,37.57416589219672,38.30247733765061,5482985
2013-01-11,37.45829391479492,37.80589890781711,37.35898076830309,37.77279302893637,7053838
2013-01-14,37.09413528442383,37.83899500431097,36.994819906747246,37.44173798375442,10369465
2013-01-15,36.763092041015625,37.44174462288961,36.696882525849325,37.24311383231542,7333310
2013-01-16,37.09413528442383,37.21000135415077,36.54790182974007,36.746532585093235,12729863
2013-01-17,37.29276657104492,37.42518783283039,36.829297767483425,37.11069098433687,8720890
2013-01-18,38.0541877746582,38.21971268548159,37.077589004739984,37.309323430877676,11437257
2013-01-21,37.70658493041992,38.10384653524038,37.4748504909916,37.8555591547653,5767870
2013-01-22,37.57415771484375,38.153494809869755,37.34242332584833,37.772788474025496,5102821
2013-01-23,37.12724304199219,37.93831684564318,36.92861450962725,37.73968606820311,4125262
2013-01-24,36.729976654052734,37.259657128436196,36.647214220247484,37.14378882307897,7597320
2013-01-25,36.74653244018555,36.96171388674051,36.51479805657061,36.51479805657061,5876853
2013-01-28,37.04449462890625,37.16036300049627,36.33273818935612,36.77965648540219,4530765
2013-01-29,37.110694885253906,37.54105785733818,36.81274869872407,36.961720669451346,8933771
2013-01-30,36.91206741333008,37.34243266918766,36.696885907939034,37.07759233903872,6691139
2013-01-31,36.4817008972168,37.06103811718393,36.28307234027331,36.81275073719801,10621030
2013-02-01,36.564453125,36.812740435505084,36.38237531494798,36.465137751783004,6533829
2013-02-04,36.812747955322266,36.978272862804445,36.58101353386227,36.597566473625534,4150438
2013-02-05,36.28307342529297,36.729989375587074,36.15065213829527,36.663779854625965,2184943
2013-02-06,36.20030975341797,36.63067274782506,36.08444141180043,36.43204419157765,2852740
2013-02-07,36.94517517089844,37.19346257205815,36.24996954962099,36.24996954962099,5059086
2013-02-08,36.82930374145508,37.342431443322184,36.614122243127945,37.07759112186735,5162866
2013-02-11,37.259666442871094,37.32587595745188,36.53135729233198,36.912063684977916,3760946
2013-02-12,37.358985900878906,38.18661053584893,36.87896181653589,36.9782772217474,9796530
2013-02-13,36.38238525390625,38.070740324596436,36.1837566982856,38.070740324596436,7821046
2013-02-14,34.991973876953125,36.54790755399896,34.37953082292034,36.415488526406854,14843823
2013-02-15,35.51639938354492,35.71810246967966,34.79363417119673,35.16342012270949,8479053
2013-02-18,36.39044952392578,36.7770445146883,35.381938473448514,35.381938473448514,8321446
2013-02-19,36.44085693359375,36.524899481394286,36.03745316011116,36.39043231683343,8484570
2013-02-20,36.35681915283203,36.86107450575229,36.104691476371904,36.47447964710022,7964693
2013-02-21,35.9197998046875,36.625755933526904,35.75171240662061,36.23916107343392,6464828
2013-02-22,36.659385681152344,36.81066188037502,35.97023601824784,36.17193913707879,14054231
2013-02-25,37.66789627075195,37.73512988296771,36.72661886032815,36.810661445548114,15983553
2013-02-26,37.29808807373047,37.617449271127576,37.0459604526591,37.617449271127576,17614848
2013-02-27,36.608943939208984,37.60064787883595,36.508094700426696,37.48298739385644,9561570
2013-02-28,35.06257247924805,36.97874517123976,34.30618924182004,36.84427795206182,11505348
2013-03-01,36.28959274291992,36.642572015773645,35.06256977345705,35.53320956386227,9664596
2013-03-04,36.45768356323242,36.81066289097676,35.7349159340795,36.30640735985659,5835406
2013-03-05,36.50809860229492,36.64256578824281,35.802140176567555,36.49128963410134,4342564
2013-03-06,36.18873977661133,36.64257057816089,36.08789051386758,36.508103374635446,2348098
2013-03-07,36.37363815307617,36.57534126179784,36.02065885271372,36.02065885271372,3784471
2013-03-08,36.97874450683594,37.029169143171444,36.32321283546991,36.60895624103926,5865486
2013-03-11,37.11319351196289,37.23085397874367,36.64255620443935,36.96191739738745,3872022
2013-03-12,36.72661590576172,37.18044674136035,36.340020956770914,37.18044674136035,5729772
2013-03-13,36.911502838134766,37.06277899390818,36.575332589838105,36.67618412028718,4784709
2013-03-14,36.86106872558594,36.97872920140384,36.558516473196974,36.84426204029763,4923712
2013-03-15,36.6425666809082,36.995545902370964,36.45767258587529,36.7770338701319,4917271
2013-03-18,36.55852508544922,36.64256765088887,36.47448252000957,36.608949712792814,3593844
2013-03-19,36.00385284423828,36.77704278949331,35.31470092297865,36.62576659497824,5195989
2013-03-20,35.079376220703125,35.93661088458774,34.8944821120534,35.818950375501394,5025753
2013-03-21,34.15489959716797,35.398728863940605,33.902771950668104,34.961709433847545,4921271
2013-03-22,34.44065475463867,34.69278247126675,33.90278138057849,34.17171806760858,8653798
2013-03-25,34.928104400634766,35.146614196372525,34.62555202502849,34.76001924089775,4166875
2013-03-26,35.297889709472656,35.39873897303287,34.7936342724688,34.7936342724688,3767435
2013-03-28,35.56682205200195,35.768525127003315,34.99533304589885,35.281078688850684,4534130
2013-04-01,35.46596908569336,35.78533035455005,35.21384140820645,35.38192652653106,1691135
2013-04-02,35.80214309692383,36.188737997908575,35.331503348115696,35.61724899131351,4652635
2013-04-03,35.701290130615234,35.835757322150315,35.482778094620144,35.58362962817169,2361750
2013-04-04,35.129798889160156,35.78533039541463,34.894477899396726,35.55001168545153,3713922
2013-04-05,35.18022918701172,35.29788970087089,34.87767683680341,34.87767683680341,8205260
2013-04-08,35.01215362548828,35.63406974646955,34.793643788279354,35.29789936319347,3096875
2013-04-09,34.72639465332031,35.70128976116264,34.55830952574065,35.14660747226947,2293912
2013-04-10,35.16341781616211,35.230651413863264,34.591928816001484,34.81043857848037,1905585
2013-04-11,34.81044006347656,35.23065291678552,34.67597286233795,35.23065291678552,3329986
2013-04-12,35.46596908569336,35.583627300640394,34.64235018206253,34.64235018206253,1819318
2013-04-15,34.978515625,35.2978791298891,34.84404846068881,35.2978791298891,2619515
2013-04-16,35.936614990234375,36.27278530625824,34.961721985685514,34.97852867764602,2546545
2013-04-17,35.936614990234375,36.35682788526421,35.71810519673921,35.936614990234375,3775629
2013-04-18,35.97022247314453,36.27277475765949,35.381924591187506,35.684476875702465,5080676
2013-04-22,36.77703857421875,37.18044475308971,35.7181030541843,35.7181030541843,5577118
2013-04-23,36.87788009643555,36.97873161374433,36.541709891939696,36.64256140924847,2951714
2013-04-25,36.928314208984375,37.751930914933794,36.306398297254916,36.67618650635901,7103973
2013-04-26,37.079586029052734,37.21405320944048,36.81064938847696,37.06277706155419,3417359
2013-04-29,37.13001251220703,37.44937379148024,36.8274602012746,36.8274602012746,5263605
2013-04-30,37.718326568603516,38.03768798439093,36.810666968017735,37.04598578597681,5652599
2013-05-02,38.6259651184082,38.827668155190544,37.39894477074935,37.41575373711457,7787838
2013-05-03,37.65106964111328,38.72681605129363,37.53340916506232,38.2897920773329,3489204
2013-05-06,37.6846923828125,37.97043570716194,37.247670632854245,37.49979830246859,1570856
2013-05-07,37.88639450073242,38.23937370673123,37.11320249706846,37.617457854266654,4295563
2013-05-08,38.5755500793457,38.71001728406209,37.86959155508294,37.86959155508294,4623152
2013-05-09,38.15534210205078,38.72683349479765,37.92002332375554,38.659597604026736,3439496
2013-05-10,37.768741607666016,38.50831350001733,37.651081095818824,37.93682675041877,3388720
2013-05-13,37.718326568603516,37.98726333761447,37.44938979959256,37.51662570169633,3486486
2013-05-14,38.441070556640625,38.71000487989656,37.75192122374738,37.75192122374738,5187764
2013-05-15,38.23937225341797,38.86128808224621,37.987244584401154,38.52511785689046,7598979
2013-05-16,38.2898063659668,38.7436371946055,38.05448760585076,38.07129657724494,7843384
2013-05-17,39.012569427490234,39.298315085746644,38.23937958477417,38.32342215722598,4225774
2013-05-20,38.42427062988281,39.02937987484863,38.32342136885581,38.995761934639205,6051683
2013-05-21,37.88639450073242,38.62596856866305,37.600651166200315,38.35703420199761,3901355
2013-05-22,37.869590759277344,38.02086921115512,37.617463045881905,37.98725127078214,4300192
2013-05-23,36.84428405761719,37.9368378038407,36.64258091562463,37.70151671158227,5416658
2013-05-24,36.6425666809082,37.24767359201574,36.34001436525465,37.24767359201574,4295474
2013-05-27,37.70150375366211,37.886397856974064,36.64256832165814,36.70980191928052,1976291
2013-05-28,37.81917190551758,38.22257585261139,37.61746879207018,37.76874726705623,3947350
2013-05-29,38.15534210205078,38.30662057648436,37.71832021104476,37.970447962032736,4123634
2013-05-30,38.4578742980957,38.659577304897525,37.701491442288564,38.054470564291854,4814631
2013-05-31,38.088096618652344,38.65958555345959,37.869584601361154,38.642778865806655,8210037
2013-06-03,37.449371337890625,38.12171178906854,37.19724366869891,38.10490510162929,2337051
2013-06-04,38.05447769165039,38.27298970324489,37.38213724945234,37.38213724945234,6339450
2013-06-05,37.80234909057617,37.95362523036804,37.634263984185175,37.83596702377444,2941759
2013-06-06,37.66789627075195,37.85279041419608,37.550235739523586,37.550235739523586,3741327
2013-06-07,37.19725036621094,37.88639990871245,37.13001676494752,37.331719848538434,3373193
2013-06-10,36.97874450683594,37.482999989394564,36.91151089845497,37.31491482854169,4178032
2013-06-11,36.25596237182617,37.6006430335121,36.071068324884386,36.7602176199584,4988953
2013-06-12,36.306392669677734,36.777030063041614,36.03745603926971,36.306392669677734,1985386
2013-06-13,35.550018310546875,36.440868692783184,35.41554882279373,36.054273760069485,3320850
2013-06-14,36.67618942260742,36.81065662944601,35.634060590305815,35.71810316453012,5440747
2013-06-17,36.37363815307617,36.79385106307886,35.970234215433784,36.65938384379837,1761508
2013-06-18,36.44085693359375,36.877878638116556,36.0878800566715,36.30638976903289,2599492
2013-06-19,36.1383056640625,36.37362434839461,35.91979594571127,36.28958179829028,3158484
2013-06-20,35.58363342285156,36.07108217369939,35.48278187854509,36.03746423233032,3936637
2013-06-21,36.0374641418457,36.18874031802522,35.297889951789735,35.516399730737845,8100913
2013-06-24,35.60044479370117,36.474488530217236,35.31469911220145,35.835763559747534,7726193
2013-06-25,34.6591682434082,35.97023387820565,34.30618894635501,35.70129716236507,5865050
2013-06-26,35.634056091308594,35.76852328116995,34.440651232037375,34.558309453215955,9917951
2013-06-27,35.818946838378906,36.30639551662912,35.583628123244544,35.80214014999818,10124040
2013-06-28,37.41575622558594,37.68469286591562,35.97022377863912,35.97022377863912,13955319
2013-07-01,37.95363235473633,38.08810183297082,37.146824604531766,37.146824604531766,4880398
2013-07-02,37.43256759643555,37.92001400594205,37.1804399074011,37.68469528546999,4836103
2013-07-03,36.407249450683594,37.2308661479555,36.239164317370935,37.2308661479555,3203552
2013-07-04,36.18873977661133,36.81065572246804,35.718102284471584,36.474485433853744,5239017
2013-07-05,36.17192459106445,36.60894403978872,35.9029879673725,36.30639176301036,2878063
2013-07-08,35.398738861083984,36.13831532352461,35.230653715947604,36.13831532352461,5074736
2013-07-09,36.928314208984375,36.978738837589226,35.583630848515206,35.734907014130314,5626482
2013-07-10,36.35681915283203,37.3485231707488,36.25596990608823,37.1300111499365,6811029
2013-07-11,37.096397399902344,37.44937434123843,36.692991273003216,36.961927931002485,5779104
2013-07-12,37.079586029052734,37.23086217693901,36.323203009821036,37.21405320944048,3580274
2013-07-15,36.99555206298828,37.298104429023816,36.659381754148434,36.96193412018397,2918182
2013-07-16,37.04597854614258,37.281297318113694,36.40725583939228,36.40725583939228,2477162
2013-07-17,37.28129577636719,37.71831763755557,36.91150980136227,37.01236135083664,9890923
2013-07-18,37.31490707397461,37.55022579430589,37.06277938509101,37.16363091660454,5820812
2013-07-19,37.43256759643555,37.583843753896126,37.1804399074011,37.583843753896126,4552788
2013-07-22,37.36532974243164,37.58384176256416,37.0795864112126,37.21405359298623,2515956
2013-07-23,37.02916717529297,37.73512572527793,36.70980584260483,37.73512572527793,5415186
2013-07-24,36.97874450683594,37.19725430402431,36.55853160470375,36.67619212922113,2594203
2013-07-25,37.02916717529297,37.56704057335778,35.734910593587465,37.18044563586173,4206471
2013-07-26,36.42406463623047,37.2308725019036,36.323213083071096,37.146829920904274,5399927
2013-07-29,36.34001541137695,36.86107749446897,36.08788771447417,36.709801332287405,2056881
2013-07-30,35.48278045654297,36.3736330691143,35.18022811554931,36.340017408893125,1322467
2013-07-31,33.986812591552734,35.29787764763159,33.028726676718186,34.995323120936504,6050144
2013-08-01,34.57511901855469,34.944907216755446,33.280862604652505,33.885969529071716,4448345
2013-08-02,30.709157943725586,33.73468998238615,29.0955404004799,33.280859264666965,31014744
2013-08-05,31.36469078063965,31.8689461421393,29.482136519120797,30.910860043369816,15799229
2013-08-06,31.448732376098633,32.10426386997758,31.07894649022347,31.26383829326091,14382559
2013-08-07,31.36469078063965,31.91937304616948,31.11256309988982,31.600009493379417,5717703
2013-08-08,32.27235794067383,32.6085282646454,31.43193213074489,31.532783683896547,6778874
2013-08-12,31.969799041748047,32.74299108517376,31.801713914038128,32.44043648741564,9452703
2013-08-13,32.32278060913086,32.44043883917714,31.600013139701094,31.919376729342485,2256717
2013-08-14,32.64213943481445,32.99511865769182,32.12107508483363,32.272351243266655,9066232
2013-08-16,32.9446907043457,33.29766991600161,32.1042650955461,32.642138397097995,16654810
2013-08-19,32.4404411315918,32.843847319687626,31.85214310038629,32.64214422563971,5042098
2013-08-20,32.42364501953125,32.60853692296797,31.88577144643846,32.44045171635166,5439143
2013-08-21,32.81023025512695,33.23044314580067,32.49086891417509,32.59172046389695,17512680
2013-08-22,32.97830581665039,33.19681554430692,32.28915642048724,32.60851766852377,11299648
2013-08-23,32.87745666503906,33.011926128500775,32.47405283425462,32.87745666503906,19297499
2013-08-26,32.92789077758789,33.09597593386326,32.67576304317484,32.84384819945021,24410353
2013-08-27,32.17150115966797,34.70958696931687,31.868946570818213,32.94469090052757,13466053
2013-08-28,31.549589157104492,32.541291046877525,30.978100125692972,31.936184074876817,11398478
2013-08-29,32.709373474121094,33.112777328690406,31.5159685995115,31.5159685995115,15533827
2013-08-30,32.827030181884766,33.06234887986454,31.532773923295707,32.57490251694925,8242572
2013-09-02,33.280860900878906,33.44894602240152,32.67575628723779,32.843841408760404,15403306
2013-09-03,32.154701232910156,33.61704312404097,31.650445722837603,33.44895567421576,4877060
2013-09-04,32.390018463134766,32.57491259726305,31.650444206422552,31.801720396236266,4850453
2013-09-05,32.72681427001953,34.17264507446803,32.318577844261334,33.186076788350086,9746210
2013-09-06,33.6623420715332,34.15562491776012,32.35258891804671,32.64175591778194,7041237
2013-09-10,34.78499221801758,35.227244434799026,33.76440361293551,33.76440361293551,8723482
2013-09-11,33.67934799194336,35.00611129716688,33.356162857230345,34.665915932816866,5150080
2013-09-12,33.67934799194336,34.24067172737936,33.424201468680856,33.849445674118364,5409563
2013-09-13,33.93450164794922,34.087589122256986,33.49224714998404,33.509255074942175,6331674
2013-09-16,34.88705062866211,35.36332564085197,33.74739726037166,33.93450521847846,14084730
2013-09-17,34.54685592651367,34.88705138238566,33.526269558897724,34.71695365444966,5923058
2013-09-18,34.155635833740234,34.52985179921906,33.64534259377729,34.18965630591043,4635243
2013-09-19,34.155635833740234,35.43136893364759,33.76440963217631,34.972104094841605,10203659
2013-09-20,34.5638542175293,34.88703932751465,34.18964072963474,34.27468956421495,15290056
2013-09-23,33.76441192626953,34.325735912626435,33.62833464253977,34.053579038068406,3730187
2013-09-24,33.730384826660156,33.96852116367502,33.35616893485258,33.52626664802004,8304198
2013-09-25,34.18964385986328,34.30871085491837,33.40719404866877,33.679348498564686,5150528
2013-09-26,33.78141403198242,34.10460154046849,33.5262674560816,34.01955268183488,6791644
2013-09-27,33.6623420715332,34.15562491776012,33.526262533441134,33.78140907187895,4575709
2013-09-30,33.35616683959961,33.66234408832739,32.913912351724655,33.407197534603114,5763141
2013-10-01,33.67934799194336,33.74738891049134,33.30513447541683,33.424201468680856,4024187
2013-10-03,33.98553466796875,34.104604001487125,33.54328010974091,34.01955513671631,11166670
2013-10-04,33.3221549987793,33.849456130735255,33.23710613141889,33.849456130735255,16408671
2013-10-07,33.35616683959961,33.407197534603114,32.84587373215106,33.18606913711676,3643908
2013-10-08,33.4242057800293,33.611313715976124,33.237100151180236,33.543275095749394,7001377
2013-10-09,33.69636535644531,33.81543468201853,33.169061968632136,33.169061968632136,5815351
2013-10-10,33.76441192626953,33.866471042616105,33.42421640984662,33.69637328440465,4045318
2013-10-11,33.6623420715332,33.985527225468246,33.56028299473855,33.866457918024885,2594571
2013-10-14,33.86646270751953,33.98553203180202,33.44121841665054,33.67935475811759,3588795
2013-10-15,33.6623420715332,34.070576071614184,33.42420345664649,33.90047837932231,6566169
2013-10-17,33.203086853027344,33.95151645123438,33.01597887670102,33.59431073408381,7117518
2013-10-18,33.84945297241211,34.01955299835992,33.015974611467485,33.50925753471243,15690831
2013-10-21,33.84945297241211,34.00254276505534,33.696365486866846,33.84945297241211,2023039
2013-10-22,34.68292999267578,35.24425148300405,33.781410793330174,33.781410793330174,9232804
2013-10-23,34.22366714477539,35.14219431866134,34.12160805721076,35.00611707330707,3579487
2013-10-24,33.67934799194336,34.54684663245538,33.40719354614133,34.359741027740846,7207079
2013-10-25,34.087589263916016,34.27469720311322,33.441216592789125,33.883471092592195,5281406
2013-10-28,33.59430694580078,34.325728533124796,33.44121945774162,34.12161034431391,5287076
2013-10-29,34.155635833740234,34.34274381647965,33.33916526554052,33.543283484365034,7086272
2013-10-30,34.07058334350586,34.27470154066134,34.01955494776604,34.24068107210273,3289474
2013-10-31,34.46179962158203,34.87003592616083,33.62832139607923,34.342732621994536,8249061
2013-11-01,33.30513381958008,34.66591525018393,33.2030747508653,34.46179711275438,9616570
2013-11-05,32.369598388671875,33.3561640579616,32.16548023987518,33.25410498356325,17767298
2013-11-06,32.74382019042969,32.91391792169792,32.420634962439664,32.420634962439664,9564186
2013-11-07,32.33558654785156,32.74382064717012,32.16548881421065,32.62475361788038,9949028
2013-11-08,32.6757698059082,32.81184932623403,31.859301912342413,32.06341773218521,6427427
2013-11-11,32.64175796508789,32.79484543633277,32.046416004726204,32.62474773337229,7123880
2013-11-12,32.43763732910156,32.72680432495815,32.25052940867069,32.64175547995299,5714533
2013-11-13,32.65877151489258,32.74382038102174,32.16548855276307,32.2675476535377,4914428
2013-11-14,32.65877151489258,32.89691018573275,32.573722648763415,32.6927919841835,2329910
2013-11-18,32.7778434753418,32.89691282029761,32.556717328536244,32.76083323933406,4220710
2013-11-19,32.33558654785156,32.77784111673756,32.097450182173915,32.5226945162762,6280476
2013-11-20,31.893321990966797,32.47165594990818,31.825283380237646,32.18248897043749,5017948
2013-11-21,31.77426528930664,32.04642212746078,31.53612892108359,31.978381187598604,4281191
2013-11-22,31.944366455078125,32.046425568732715,31.706230061283044,31.706230061283044,7516975
2013-11-25,32.0294075012207,32.18249498072573,31.876320021715685,31.876320021715685,8325845
2013-11-26,32.06343078613281,32.19951036186057,31.757255778167288,31.893333046796798,7679212
2013-11-27,31.349010467529297,32.21650908969805,31.24695139896284,31.89332165472137,4670852
2013-11-28,32.216514587402344,32.31857136628723,31.17891810959087,31.38303397445846,21937834
2013-11-29,32.35259246826172,32.52269017921928,31.77426071242557,32.097445901825374,19972565
2013-12-02,31.842294692993164,32.21651052538076,31.332001634517816,31.332001634517816,12138526
2013-12-03,31.893321990966797,31.978370831152596,31.706216388235994,31.808273150780998,10819239
2013-12-04,32.522682189941406,32.62474125286445,31.74023245032776,31.84229151325081,21813713
2013-12-05,32.76083755493164,32.879906915572505,32.36961361070932,32.828876200827004,14177075
2013-12-06,33.6623420715332,33.985527225468246,32.64175591778194,32.64175591778194,25973812
2013-12-09,34.46179962158203,34.64890754333105,33.509252089394145,33.849447471811416,30640399
2013-12-10,33.4752311706543,34.529837691885746,32.99895629034763,34.46179677534379,28724268
2013-12-11,33.33915710449219,33.50925480950851,33.04999239022311,33.16905939947587,7491141
2013-12-12,33.3221549987793,33.4072038661397,33.13504702916677,33.23710613141889,9916532
2013-12-13,33.1690673828125,33.390195836814954,33.01597987287132,33.06701058091727,12252500
2013-12-16,33.67934799194336,33.81542752194184,32.93091865179283,32.99895726324334,21800566
2013-12-17,33.57729721069336,33.764402848744,33.28813017663675,33.47523812178527,18137305
2013-12-18,34.019554138183594,34.59788594023044,32.2335257233215,32.31857458559598,156704650
2013-12-19,33.76441192626953,34.35975638710813,32.743825377000796,33.16906977252943,508752991
2013-12-20,33.8154296875,34.104596688554906,33.42420360918468,33.61131153297917,55032517
2013-12-23,33.9174919128418,33.985530534964596,33.52626579821449,33.67935327476525,27772323
2013-12-24,33.52626419067383,33.91749028654235,33.492246034792466,33.849449360584195,16656973
2013-12-26,33.67934799194336,33.88346613339235,33.11802656360483,33.37317308686734,58569185
2013-12-27,33.951515197753906,34.05357429990011,33.407203831471094,33.67935836106341,17259233
2013-12-30,33.67934799194336,34.08758427484135,33.543270769042344,33.81542752194184,10546799
2013-12-31,33.98553466796875,34.01955513671631,33.628328974511724,33.713377839282536,12881038
2014-01-01,33.84945297241211,33.98553253175076,33.730385953476,33.96852229844619,3186233
2014-01-02,34.66592025756836,34.83601796096392,34.019549907504306,34.053568063924764,29730385
2014-01-03,34.257686614990234,34.95508766815198,34.07057867773741,34.66592064629781,10720086
2014-01-06,33.98553466796875,34.359750595799554,33.713377839282536,34.359750595799554,6603244
2014-01-07,33.6113166809082,34.01955305247558,33.52626782134799,33.98553258581231,12753362
2014-01-08,33.59430694580078,33.84945352826539,33.509258084979244,33.526268318563154,10653844
2014-01-09,33.62833023071289,33.849456364538014,33.509260892746624,33.59430976069447,12969982
2014-01-10,33.15205383300781,33.84945262750774,32.84587655793907,33.84945262750774,21668655
2014-01-13,33.33915710449219,33.47523665276391,32.93092307387258,32.93092307387258,11775173
2014-01-14,33.15205383300781,33.50925719327443,33.04999474131823,33.305141316993215,6262293
2014-01-15,33.1690673828125,33.8494583666385,33.03299010888664,33.18607761882782,8229009
2014-01-16,33.4242057800293,33.56028532758052,33.220089919349114,33.305138771406966,15169976
2014-01-17,33.08401107788086,33.42420649337276,32.89690544503856,33.33915763949979,11229974
2014-01-20,33.509246826171875,33.64532634202364,32.99895383269654,32.99895383269654,13050752
2014-01-21,33.28812789916992,33.59430283784881,33.237099511756014,33.39018698109546,11629511
2014-01-22,33.37317657470703,33.64533335604971,33.28812772473105,33.305137956145785,12315468
2014-01-23,33.35616683959961,33.49224638584454,33.20307936878459,33.33915660793178,5617086
2014-01-24,33.37317657470703,33.577294737488465,33.254107261901574,33.27111749331631,11973294
2014-01-27,32.84587097167969,33.64533102899902,32.60773466963698,33.13503796443712,12637443
2014-01-28,32.862892150878906,32.998969423926724,32.76083304254389,32.845881914973354,7516995
2014-01-29,32.55670928955078,32.98195354925009,32.45465020580339,32.89690469731023,5177129
2014-01-30,32.522682189941406,32.76081846536366,32.31856406409531,32.55670264661485,28308126
2014-01-31,32.488677978515625,32.65877573274191,32.38662117165861,32.65877573274191,15088682
2014-02-03,32.38661193847656,32.879894823681816,32.30156308561021,32.369601706483735,4482727
2014-02-04,32.43763732910156,32.72680432495815,32.25052940867069,32.33557825367585,8237100
2014-02-05,32.91392517089844,32.947945647484254,32.216526164776994,32.216526164776994,8121381
2014-02-06,32.72681427001953,32.8288710693608,32.403626715111244,32.65877332766098,8396200
2014-02-07,33.1690673828125,33.28813672782138,32.59073550798007,32.72681508900427,6497909
2014-02-10,32.998958587646484,33.339153965650134,32.896901819923436,33.118027892786785,3792896
2014-02-11,32.522682189941406,33.135034260382405,32.48866173326796,33.03297519745936,5013980
2014-02-12,32.55670928955078,32.77783538175532,32.437639973995864,32.624747909683116,5538187
2014-02-13,32.31856918334961,32.62474642061716,32.28455102838498,32.50567711049683,6549052
2014-02-14,32.40361785888672,32.437638320767874,32.30156108743856,32.38660993504379,14754417
2014-02-17,32.505680084228516,32.60773917265442,32.3525926051386,32.3525926051386,4752663
2014-02-18,32.5737190246582,32.6927883468308,32.48867016799145,32.539700866250236,4866082
2014-02-19,32.28455352783203,32.60773871405383,32.165484208493446,32.50567962706331,2804777
2014-02-20,32.35259246826172,32.539700411734614,32.06342543679472,32.182494757304156,5141168
2014-02-21,32.42062759399414,32.55670713233994,32.35258897837005,32.403617363313714,4456386
2014-02-24,32.33558654785156,32.403625179888294,31.995391080569735,32.403625179888294,5118446
2014-02-25,32.42062759399414,32.522686670979084,32.28455036274596,32.35258897837005,4052135
2014-02-26,32.38661193847656,32.72680734994195,32.26754262162456,32.488668716237946,21051173
2014-02-28,32.148475646972656,32.45465292385695,31.723231351659447,32.33558359833006,27401493
2014-03-03,32.216514587402344,32.42063045226993,31.927347561634324,32.01239641543694,15373777
2014-03-04,33.15442657470703,33.30959499074195,32.37858215607389,32.482028546250014,9410466
2014-03-05,33.223392486572266,33.32683888431843,32.895814175758325,33.17167045692853,5385763
2014-03-06,33.654415130615234,33.89578848491019,33.154426967048835,33.223390448496176,7952223
2014-03-07,34.13715362548828,34.29232434448247,33.53371921571353,33.53371921571353,13092149
2014-03-10,34.102691650390625,34.24061865527764,33.6889082972703,34.05096726971354,11546535
2014-03-11,34.085445404052734,34.17165035461746,33.844072010163295,33.930276960728015,7773473
2014-03-12,33.96474075317383,34.05094566113779,33.723367478566296,33.913018743778565,15253272
2014-03-13,34.06819534301758,34.48198087200229,33.82682201008207,33.98199041422215,12326297
2014-03-14,33.91302490234375,34.48197880130192,33.79233707389432,33.89578344992837,11859122
2014-03-18,34.98197555541992,35.15438544536214,33.964755333993786,33.964755333993786,15512927
2014-03-19,35.27507781982422,35.67162204682223,34.947499432971426,34.947499432971426,12921191
2014-03-20,34.24060821533203,35.24058688047734,34.13716182397789,35.068177007706616,6054665
2014-03-21,34.77507019042969,35.464709501082595,34.32680417081371,34.413009084645324,21508819
2014-03-24,35.58539962768555,35.930219305413694,34.82679680437524,34.82679680437524,9956813
2014-03-25,36.4129753112793,36.53366316499783,35.37851601126453,35.37851601126453,14139614
2014-03-26,35.86125946044922,36.723308741858254,35.723330172348774,36.55089888557645,6805235
2014-03-27,36.37848663330078,36.688823418785006,35.86125709852161,35.86125709852161,20892387
2014-03-28,37.05088424682617,37.326740464062226,36.13711067338538,36.3267619688888,6967406
2014-03-31,36.20608139038086,37.34398697922118,36.05091063945745,36.964684336788245,6602071
2014-04-01,37.24053192138672,37.7405199511299,36.24055352344242,36.3784827878785,13292951
2014-04-02,37.37845993041992,37.61983556556252,36.98191825289937,37.292255014571275,8823613
2014-04-03,37.48191452026367,37.7922536884787,36.86123852229213,37.27502407991217,6355761
2014-04-04,36.757789611816406,37.499153402989684,36.67158468296777,37.499153402989684,7240495
2014-04-07,36.861236572265625,37.32674413073271,36.48193394399922,36.79227309579675,6247841
2014-04-09,36.80952072143555,37.033652642154514,36.39573511632547,36.91296712271306,6654828
2014-04-10,37.17157745361328,37.30950441296861,36.61986493927496,36.86123828737604,9464658
2014-04-11,37.119850158691406,37.22329653926809,36.94744030388304,36.964681757055544,6290384
2014-04-15,37.188812255859375,37.3094977390926,36.82675112924355,36.981919515376596,9004170
2014-04-16,37.1370964050293,37.30950628209005,36.44745689678628,37.1543378604271,10220793
2014-04-17,36.964683532714844,37.068129918260745,36.60262235253341,37.05088846426003,10918544
2014-04-21,36.533653259277344,37.309497523926304,36.464689792333495,36.82675091686129,4950498
2014-04-22,36.533653259277344,36.72330454721648,35.98194084681041,36.61985817757167,8749084
2014-04-23,36.4129753112793,36.87848293166942,36.27504833999414,36.516421708972516,11101407
2014-04-24,36.4129753112793,36.4129753112793,36.4129753112793,36.4129753112793,0
2014-04-25,36.37848663330078,36.654340514416454,36.06814750935837,36.34400372893223,5635586
2014-04-28,36.58538055419922,36.72330984644841,36.137114446691584,36.29228519277922,4189566
2014-04-29,36.4129753112793,37.033651358979895,36.25780688396882,36.826760902052165,8984063
2014-04-30,36.481929779052734,37.206052045452736,36.171593001143094,36.464690665747405,9560866
2014-05-02,36.050907135009766,36.70606596839263,35.895738737628484,36.41296828787158,2642603
2014-05-05,36.24055480957031,36.41296464239054,35.84401312946698,35.96469860936634,1955739
2014-05-06,35.34403610229492,36.257807565774044,35.17162621571707,36.17160262248512,4306301
2014-05-07,35.34403610229492,35.740577906040485,35.17162621571707,35.41299958923431,6851875
2014-05-08,35.70608901977539,36.10263309563857,35.3440301893007,35.65436699783854,6511390
2014-05-09,36.843990325927734,36.981917252170064,35.706082661367795,35.79228757488374,19808139
2014-05-12,38.44740676879883,38.96463633043514,36.7060667769316,36.7060667769316,8560913
2014-05-13,38.91291046142578,39.75771585573613,38.654295706182914,38.7577397375136,14210275
2014-05-14,38.619808197021484,39.30944746207845,38.44739838075724,38.94738638023199,8786547
2014-05-15,39.46463394165039,39.86117574217434,37.326749494686815,38.46465520454772,17562208
2014-05-16,41.205955505371094,43.326595313351746,40.36114553359002,40.36114553359002,35379329
2014-05-19,42.15422058105469,43.17144063685456,41.481820248994865,41.481820248994865,25035487
2014-05-20,43.067989349365234,43.999004418798556,42.395593734255876,42.74041343746576,22538200
2014-05-21,42.91282272338867,43.39556936613558,42.412832289558644,42.75765198822308,10213784
2014-05-22,43.24040222167969,43.774875605142455,42.464557835258105,42.79213844695841,17055437
2014-05-23,45.119667053222656,45.51620876421773,41.395611568041325,43.44729060920024,22941667
2014-05-26,44.18865966796875,46.481709842283436,42.41283439035344,45.41276778809349,23747350
2014-05-27,43.75761413574219,44.309326411926385,42.75763826592301,43.30935054210721,11091241
2014-05-28,43.050743103027344,43.79210440672867,42.861094168446456,43.79210440672867,13246147
2014-05-29,43.11971664428711,43.792112268720054,42.89558009255952,43.39557053991346,14803509
2014-05-30,42.06801223754883,43.61970086850556,41.43009486499444,43.274881172737395,69911271
2014-06-02,43.171443939208984,43.567985716459724,42.13698468885896,42.171467599254065,13367356
2014-06-03,43.18867492675781,43.63694332368446,42.60248426804554,43.10247000545457,18372713
2014-06-04,42.843849182128906,43.41280064688011,42.68868315187802,43.18866881857396,23251745
2014-06-05,43.75761413574219,44.309326411926385,43.27486764792413,43.34383343629028,19424103
2014-06-06,44.171409606933594,44.274858313124724,43.4645311607498,44.10244380280618,14951210
2014-06-09,47.361000061035156,49.17130363804312,44.18866136080943,44.430032364927015,41900147
2014-06-10,46.87824630737305,48.61958380525688,46.37825590501391,48.0678760636531,22963428
2014-06-11,46.11964797973633,47.292038796619885,45.36104738418937,46.87825325220017,14529763
2014-06-12,47.050662994384766,47.42996562963448,45.58517915399207,46.06792583662041,15766959
2014-06-13,45.99897384643555,47.757551063150444,44.82658279940188,47.34377011441898,10439654
2014-06-16,45.4472541809082,45.86103506538852,44.70589267057852,45.86103506538852,11540459
2014-06-17,46.03343963623047,46.481708055617226,45.18863417128022,45.18863417128022,16756330
2014-06-18,46.1886100769043,47.067898441847866,45.343799940455376,46.20584919115162,13262126
2014-06-19,45.24036407470703,46.550677301732776,45.06795419341852,46.20585753915576,4904553
2014-06-20,45.619659423828125,45.98171824563168,45.05070784231542,45.48173247632756,9100975
2014-06-23,45.30931854248047,46.03343612087859,45.085182011445056,45.516206606642115,9955400
2014-06-24,45.654151916503906,46.05069372767858,45.48174202669599,45.843800924525574,10866416
2014-06-25,45.654151916503906,45.94724498764329,45.30933213688808,45.51622026312351,14393130
2014-06-26,45.70587158203125,46.033447549558275,45.378290937586875,45.87828146291411,19577916
2014-06-27,47.08514404296875,47.37824173485548,45.343801683475085,45.86103125377518,21315448
2014-06-30,47.99892044067383,48.34374019078929,47.34376385083788,47.51617372589561,33365772
2014-07-01,48.274757385253906,48.84371351429954,47.74028883138651,48.274757385253906,17681327
2014-07-02,48.72304153442383,49.22303202934449,48.48166584509998,48.48166584509998,15633096
2014-07-03,48.44718551635742,48.96441515510321,47.981682583020046,48.87821021531225,10773481
2014-07-04,49.723026275634766,50.447148789431424,48.11961514453222,48.412712909273466,11771805
2014-07-07,50.360939025878906,50.67127588015174,49.67129949330933,50.171290025189236,13259170
2014-07-08,47.498924255371094,50.48161847892474,46.89548976478894,50.343691530746426,14948074
2014-07-09,46.96446228027344,48.06788737701797,46.13689579617369,47.58513597411893,8629784
2014-07-10,47.429954528808594,48.18855494484321,44.826563391981935,47.24030091711311,17933570
2014-07-11,45.75758743286133,47.87822774601459,45.067948002442925,47.343759058207006,11319671
2014-07-14,46.1886100769043,47.136864252670165,45.430004865525,45.757585451556174,7915363
2014-07-15,46.6024055480957,46.86102037857698,45.89552220529636,46.36102983554617,9737615
2014-07-16,46.981689453125,47.309270010822296,45.96447423143677,46.671352685100054,6411041
2014-07-17,47.826499938964844,48.06787558118088,46.792040918466654,46.912728739574675,8924449
2014-07-18,47.27479934692383,47.63686290078093,46.8610184414094,47.533414166714344,5148178
2014-07-21,47.205833435058594,47.5851313909222,47.03342357260537,47.27479457388978,4656631
2014-07-22,46.80929183959961,47.516175154743145,46.42999384460057,47.240316540205185,6944595
2014-07-23,46.99895095825195,47.6541076436806,46.619648242398156,47.050672992932505,7269605
2014-07-24,46.42999267578125,47.06790547508494,46.20585609557486,46.96446142031062,5942240
2014-07-25,46.4817008972168,46.75755474595929,45.550685973108216,46.3782521962515,8230977
2014-07-28,45.929996490478516,46.75756285718309,45.58517678127522,46.55067009627779,5386124
2014-07-30,46.447227478027344,46.87825212774363,45.86103208364648,45.86103208364648,8577572
2014-07-31,45.89551544189453,46.42998881894357,45.654144441832194,46.27481807275457,19081582
2014-08-01,44.75761413574219,45.86103449078169,44.56796047376249,45.86103449078169,10682255
2014-08-04,45.671390533447266,46.447235029067514,44.25762851715576,45.17139998772498,23311942
2014-08-05,45.671390533447266,46.22310311016073,45.17139998772498,45.86103953938743,16126934
2014-08-06,46.22309875488281,46.51619647210632,45.29208357709453,45.46449344876517,9867110
2014-08-07,46.378257751464844,47.016175114622236,46.154125887900456,46.46446267413702,11406313
2014-08-08,45.48172378540039,46.25756797836917,44.981733434720894,46.11963638030882,5755079
2014-08-11,45.49897384643555,46.13689127178022,44.82657351327716,46.13689127178022,7165189
2014-08-12,45.60242462158203,45.826561216984,45.20588281550687,45.550702590688324,4457748
2014-08-13,45.619659423828125,46.292055046737104,45.1196689776074,45.51621070551525,7838517
2014-08-14,45.929996490478516,46.2058503870745,45.7058646148797,46.03344053247285,4598772
2014-08-18,46.4817008972168,46.65411072190981,45.63689088545472,45.72309579780123,5649943
2014-08-19,47.08514404296875,47.55065159162218,45.99896288072189,46.58515358757865,7522151
2014-08-20,47.27479934692383,47.447209226784175,46.99894540991421,47.13687237841902,11632976
2014-08-21,47.050662994384766,47.27479488164968,46.757565290922855,47.13686792617257,5097954
2014-08-22,46.2575798034668,47.205834059503125,46.17137487109986,47.0679024261825,3969492
2014-08-25,45.671390533447266,46.37826920313426,45.5162197635562,46.2748251411519,7109144
2014-08-26,45.17139434814453,45.86103381370652,44.964506250009485,45.49897496505326,7855848
2014-08-27,44.65415573120117,45.585170692460984,44.085204222393955,45.06794119774242,14179712
2014-08-28,44.550716400146484,44.930019004981034,43.94728192601949,44.671404230355186,24486863
2014-09-01,45.654151916503906,45.792078892966714,43.861087191734605,44.13694114466023,7250215
2014-09-02,45.68862533569336,45.94724014313785,45.25760065661922,45.4472543215621,8985537
2014-09-03,45.77482986450195,46.03344466964697,45.30932695677456,45.912761502112936,8220774
2014-09-04,46.718605041503906,46.8404909916068,45.46488117069861,46.00467665224637,8542895
2014-09-05,46.82307434082031,47.188741593503046,46.318100778992985,46.892727495392606,5566453
2014-09-08,46.352928161621094,47.25839556914902,45.88278116891152,47.014614247439226,6820385
2014-09-09,46.683780670166016,47.014621401654715,46.49223682438143,46.52706340757222,6490318
2014-09-10,47.41511154174805,47.571824052780606,46.579292588793024,46.579292588793024,5594235
2014-09-11,48.007144927978516,48.129035586776936,47.11909318614337,47.554413593617205,6309287
2014-09-12,47.06686782836914,48.02457297196392,46.89273962044282,47.815618177746344,7528757
2014-09-15,47.62406539916992,47.81560922614778,46.61412292697538,46.683776086518066,3929071
2014-09-16,47.345462799072266,47.98973800053288,46.84048919490686,47.449937816161395,6434969
2014-09-17,47.41511154174805,47.571824052780606,46.59670823903798,47.53699747581936,5122756
2014-09-18,47.55441665649414,48.024563671552784,47.06685871342663,47.293224395187,16935401
2014-09-19,47.658897399902344,48.45988993163586,47.275814425901935,47.275814425901935,17128011
2014-09-22,47.71113967895508,47.850446027799265,47.1713441095391,47.64149122806305,7010679
2014-09-23,47.53700637817383,48.19869729376757,47.27581408734353,47.885262765947566,10349414
2014-09-24,47.310646057128906,47.85044635375203,47.13651784341759,47.397710163984556,6457902
2014-09-25,47.36286926269531,47.72854123509502,47.10167702106496,47.36286926269531,16106351
2014-09-26,47.71113967895508,47.850446027799265,47.03204248422498,47.380298909275304,5236288
2014-09-29,48.59918212890625,48.79072121703869,47.536997510227366,47.711125671630924,8073293
2014-09-30,47.1016845703125,48.42506164079514,46.701190680328985,48.39023505829017,12952693
2014-10-01,47.345462799072266,48.05938643741593,46.910142355319024,47.362873727410744,7924373
2014-10-07,47.798194885253906,47.97232306535662,46.997207146193084,47.34546350639852,8847590
2014-10-08,48.024566650390625,48.3379964386946,47.64148369867272,47.71113213855732,4593053
2014-10-09,48.076812744140625,48.37283165620282,47.81562042000284,48.11163933206503,9248781
2014-10-10,47.380287170410156,48.007146690778995,47.25839650713596,47.8852560275048,11619666
2014-10-13,46.962379455566406,47.484763983528616,46.8579044393856,46.96237945556641,10406480
2014-10-14,47.380287170410156,47.58924191837607,46.78824950509489,47.06685741022574,14165351
2014-10-15,47.380287170410156,47.380287170410156,47.380287170410156,47.380287170410156,0
2014-10-16,46.64895248413086,47.41511839388492,46.143978854038956,47.362876159128994,11263977
2014-10-17,46.70119094848633,47.188748935767094,46.49223617578616,46.99720981618412,5532569
2014-10-20,47.04944610595703,47.537004080569226,46.492234967744814,46.492234967744814,7878465
2014-10-21,48.738487243652344,49.051917012176006,47.066858662506775,47.275808692503205,6706899
2014-10-22,48.68626022338867,49.27829330845346,48.39024131909125,49.1041650969291,11612786
2014-10-27,49.46982955932617,50.636489341637116,48.80814340210676,49.06933567918253,11023074
2014-10-28,49.626564025878906,49.76586567725773,48.68626961289268,49.36536693468855,7011349
2014-10-29,49.64395523071289,50.14892883023908,48.75589869949745,49.93997407445138,13392055
2014-10-30,50.30563735961914,50.566829602729996,49.31310589109216,49.45240747604554,15543181
2014-10-31,50.775794982910156,50.96733411192045,50.096693119092386,50.305647902077055,12145111
2014-11-03,50.44493865966797,52.2384624977226,50.34046365242517,51.01956537008942,13632949
2014-11-05,49.60913848876953,50.81062503016768,49.46983686512931,50.392715435717015,5298871
2014-11-07,50.462345123291016,50.67129982326537,49.487224764586635,49.487224764586635,4488647
2014-11-10,51.576778411865234,52.02951452367444,49.71361062480386,50.497187451577844,10354057
2014-11-11,51.420066833496094,52.551900048699245,51.1588745530646,51.890213882978664,8362310
2014-11-12,49.783260345458984,51.402651551097954,49.46983055138845,51.17628585113197,6309241
2014-11-13,50.37529754638672,50.61907417320483,49.800675476029795,50.13151619603924,10971261
2014-11-14,50.183738708496094,50.8106028262362,49.800660591770864,50.09667464132619,6123081
2014-11-17,51.10663604736328,51.21111106809148,50.04445129348991,50.28823263989476,4923950
2014-11-18,51.66383743286133,52.16881100551918,50.84543882849207,51.176279510984436,6475424
2014-11-19,51.071807861328125,52.238467599274635,50.58424990736621,51.80314715403558,5431984
2014-11-20,50.897674560546875,51.19369337822193,50.235988495085884,50.91508548719243,3590544
2014-11-21,51.03699493408203,51.19371222570372,50.65391189508599,50.65391189508599,5424821
2014-11-24,49.60913848876953,50.67132340652746,49.17381796268759,50.42754202250957,6633290
2014-11-25,48.442466735839844,49.10415282962253,47.310633643688526,49.10415282962253,55543705
2014-11-26,48.459896087646484,48.930038495407864,48.07681306498185,48.23352562639224,5741991
2014-11-27,49.017093658447266,49.55689386753931,48.52953568382138,48.52953568382138,4482174
2014-11-28,49.696197509765625,50.00962731177286,48.56436425774594,49.069337905751155,4619433
2014-12-01,48.18128204345703,49.76585145520543,47.98974291799045,49.43500599463994,2477146
2014-12-02,48.076812744140625,48.47730669644587,47.97233298036741,48.05939708841334,2350906
2014-12-03,47.78079605102539,48.42507142519154,47.676321005930504,48.059399320298674,8617759
2014-12-04,47.53700637817383,47.95491593291413,47.258403157366665,47.74596115554398,4516507
2014-12-05,47.62406539916992,48.12903899703173,47.36287313617845,47.46735287549248,5700055
2014-12-08,47.310646057128906,48.16387619372636,47.17134443086588,47.62407589710324,3081176
2014-12-09,46.997215270996094,47.65890152507183,46.87532457914609,47.15393254959325,4817465
2014-12-10,47.798194885253906,47.98973871748441,46.770841456765396,46.875316475415346,3714413
2014-12-11,47.345462799072266,48.05938643741593,46.9275532836575,48.02456458073897,3222482
2014-12-12,46.94496154785156,47.48475692374697,46.509641172604184,47.39769284869749,4812683
2014-12-15,46.82307434082031,47.08426658517333,46.30068985211427,46.579293023346004,2791969
2014-12-16,46.335533142089844,46.96239286522664,46.02210328052145,46.50966136779789,4811157
2014-12-17,45.62158966064453,46.788249336003105,45.13403173283869,46.17880074536358,6760384
2014-12-18,45.83055114746094,46.43999982772285,45.116627439994524,45.98726841179726,5750448
2014-12-19,47.2932243347168,47.415115001210076,45.447462856389,46.1962177833353,4845177
2014-12-22,47.658897399902344,47.79819901130351,46.92755803563422,47.32805666326577,3767407
2014-12-23,48.4250602722168,48.66883689580313,47.519592770325,47.64148344388281,6644017
2014-12-24,47.46736145019531,48.39024000143868,46.7011954509386,48.39024000143868,8715919
2014-12-26,47.74596405029297,48.66884258913986,47.53700926025427,48.23352207803002,2310253
2014-12-29,47.71113967895508,48.49471663531831,47.606664640852,48.0593961040054,1421574
2014-12-30,47.93749237060547,48.233506443384826,47.79818607338186,48.05937829538364,2146065
2014-12-31,48.059391021728516,48.808146035229996,47.86785189761811,48.16387077231293,3960548
2015-01-01,47.74596405029297,48.1290470447756,47.6763156026333,48.05939387358608,778837
2015-01-02,48.32058334350586,48.52953812127749,47.763376900820944,47.763376900820944,3612848
2015-01-05,48.37282180786133,48.79072660728143,47.415116814337615,48.23351548452543,7291352
2015-01-06,47.2932243347168,48.16386520462735,46.718602305281635,48.07680111763629,8288963
2015-01-07,47.972320556640625,48.233512813135626,46.49223110316892,47.014615616158935,3256180
2015-01-08,48.18128204345703,48.37282589245322,47.44994267830621,48.059391362010295,2436600
2015-01-09,48.21611022949219,48.58177756245422,47.69372562610085,48.16387271385901,2079643
2015-01-12,47.53700637817383,48.477300514574736,47.1887499904001,47.920089349430846,3660975
2015-01-13,47.310646057128906,47.98974798001505,47.101691255969314,47.55442744573678,2850708
2015-01-14,47.380287170410156,47.67630600306779,46.94496674695155,47.29322308571844,3939014
2015-01-15,49.783260345458984,50.04445262777267,47.53700482814953,47.53700482814953,6425406
2015-01-16,51.315574645996094,51.87278565386275,49.034497839342016,49.73101041829327,8222495
2015-01-19,51.48971939086914,51.8553914468271,50.28823763894095,51.24594274376026,5082702
2015-01-20,51.3329963684082,52.23846377288717,51.12404162529324,51.89020744220517,6145107
2015-01-21,51.15886688232422,51.55936070756342,50.86284806418093,51.29816846629498,2865190
2015-01-22,51.66383743286133,52.72602208346227,51.07180450041397,51.22851701626967,7016755
2015-01-23,52.081748962402344,52.23846620792597,51.2633456024449,51.82055670221565,4549463
2015-01-27,52.22105407714844,52.58672610018042,51.26334905856315,51.62902108159513,6048058
2015-01-28,52.04690170288086,52.83047817209756,51.8901892431538,52.39515791142161,5448999
2015-01-29,51.8205451965332,52.22103896185895,51.40263578361104,52.18621711372208,6923717
2015-01-30,51.54195785522461,52.412598795843465,50.84544510272952,51.716086043348376,3094145
2015-02-02,51.48971939086914,51.7857382770647,50.84544882645086,51.28076932864146,2427202
2015-02-03,51.26334762573242,52.029513508597745,51.01957100738741,51.855385328267374,1320013
2015-02-04,50.9325065612793,51.97727563596016,50.81061589119403,51.36782700906299,1740828
2015-02-05,50.02703094482422,51.15886392489084,49.696185568931845,50.93249827358319,2453418
2015-02-06,49.9573860168457,50.49718620721683,49.31311080822425,49.591718729440394,2422833
2015-02-09,49.260868072509766,49.95738071635623,48.75589451630962,49.80066820560798,2511094
2015-02-10,50.53200912475586,50.915092072261785,48.75590071252239,48.82555387517048,3982617
2015-02-11,50.75837707519531,51.8379679790773,50.497184813250506,50.845441162510255,5670681
2015-02-12,52.325531005859375,52.93497962124523,50.86285243952167,51.820557406556595,7776840
2015-02-13,52.76084518432617,53.17874992259513,52.01209506184018,52.8479092619066,8270115
2015-02-16,53.1961669921875,53.77078897485095,52.93497475247423,52.93497475247423,3789682
2015-02-18,53.892696380615234,53.97976048757812,52.673798883134864,52.96981779151469,4034642
2015-02-19,53.73596954345703,53.99716181790104,52.63896293549804,53.9100977264197,2708022
2015-02-20,53.37031173706055,53.9101073108004,53.03946624120056,53.59667747045048,4586215
2015-02-23,54.293182373046875,54.85039352067427,53.10911163654455,53.28323982495752,5857600
2015-02-24,54.58919143676758,54.92003210123335,54.17128197019877,54.29317262490872,3786009
2015-02-25,53.82301330566406,54.937435145113085,53.14391648272614,54.88519765466055,3842514
2015-02-26,53.1961669921875,54.48471254065575,52.51706527952155,53.6663139683771,7368101
2015-02-27,54.711082458496094,54.85038404044398,52.969800875325994,53.26581496564203,4870174
2015-03-02,54.571773529052734,55.372765852914135,54.119042228608556,54.93744547805306,3288237
2015-03-03,54.17127227783203,54.46729103672697,53.68371446975503,54.397637896918376,3773373
2015-03-04,53.7881965637207,54.79814360676503,53.31805434023331,54.38023415974473,4927543
2015-03-05,54.031986236572266,54.38024258855867,52.79567807643216,53.63149237649372,2511965
2015-03-09,52.55927658081055,53.99350698479392,52.36687709981768,53.626201472696486,2904210
2015-03-10,51.94709777832031,52.59425094648653,51.31743331282248,52.559268796520705,4007085
2015-03-11,51.73723220825195,52.47183869969946,51.57981483700208,52.26195045291001,3350372
2015-03-12,52.349388122558594,53.31137128863536,51.78968787700617,51.78968787700617,4034334
2015-03-13,51.28245544433594,52.61174404161411,51.07257201627625,52.559273184599185,3743353
2015-03-16,51.334938049316406,51.66725668550022,50.91516164667042,50.91516164667042,1546607
2015-03-17,51.6497688293457,52.12201610393996,51.09006853147954,51.45736933136943,4288235
2015-03-18,51.29995346069336,51.859653722821974,51.03759440762962,51.597294669758234,3493449
2015-03-19,51.10755920410156,52.20947113541592,50.72276968260867,51.299958709478354,2641643
2015-03-20,51.8421630859375,52.41935682970544,50.58283861396309,51.072579335297114,3763675
2015-03-23,52.19198226928711,53.13647693779537,51.96460532898128,52.29692875724957,4249360
2015-03-24,51.75471496582031,52.76917391784954,51.59730235730688,52.12202054161279,5170910
2015-03-25,51.24748611450195,51.96459901088369,51.14253963929938,51.6847512329372,6008163
2015-03-26,50.75774383544922,52.296920801022026,50.3904430450371,51.387408433537196,11848617
2015-03-27,50.635311126708984,51.0550827619441,50.09309957399761,50.75774155492558,3479176
2015-03-30,50.72277069091797,50.93265416331165,50.23302993631818,50.740259398740626,4359504
2015-03-31,50.810218811035156,51.229990459903114,50.54785975125644,50.8976718309614,4797950
2015-04-01,51.22998046875,51.36990432441726,50.75773330432255,50.75773330432255,2808077
2015-04-06,51.75471496582031,52.27943315012622,51.02010855886591,51.21250807322309,5315447
2015-04-07,51.75471496582031,51.84216799653796,51.07258417300096,51.49235587366735,2457023
2015-04-08,51.5273323059082,52.40186251585169,51.422390578567004,51.614785326902556,4009038
2015-04-09,52.821632385253906,53.031520558622304,51.56230808967294,51.614778946857676,2422269
2015-04-10,53.41630554199219,53.53874069494032,52.57675766333635,52.996533974978796,2200148
2015-04-13,53.99350357055664,54.46574602897328,52.73417927731023,53.45129206164097,2208671
2015-04-15,53.0140266418457,54.57069210723856,52.82163191899015,54.20338662092874,2330815
2015-04-16,52.71668243408203,53.25889390808452,51.597286824653075,52.87409973983772,2492100
2015-04-17,52.506813049316406,53.03153121587036,52.15699619365002,52.716696520233654,3666806
2015-04-20,52.4018669128418,53.38134367694347,51.99958393143863,52.54179080924762,2278982
2015-04-21,52.069522857666016,53.17143437336464,51.80716387671463,52.47181042416097,2312891
2015-04-22,51.43988037109375,52.3144105995034,51.28246303212796,52.12201584710533,4849646
2015-04-23,51.29995346069336,52.10451932557021,51.03759440762962,51.77220070513406,3515131
2015-04-24,51.020111083984375,51.754717527296364,50.39045112950599,51.072586700716585,2613457
2015-04-27,50.70528030395508,51.684757127740454,50.547867690143114,51.10756330987107,2052351
2015-04-28,50.53036117553711,51.24747871297784,50.19804258030024,50.47789031782913,3429520
2015-04-29,50.0406379699707,50.652809202822006,49.84824319464115,50.49539184509367,2061972
2015-04-30,49.743282318115234,50.65279454988647,49.11362255861248,49.708300166003,4099911
2015-05-04,50.4254150390625,50.58282759838526,49.32350340065775,50.02313217239889,3652050
2015-05-05,50.07561111450195,51.29995335972294,49.515910853474956,50.04062895856967,7999174
2015-05-06,49.183589935302734,49.935689719049485,48.99119518505083,49.935689719049485,6031578
2015-05-07,49.078651428222656,49.34101051103903,48.29157417977353,48.97370494831787,5448071
2015-05-08,48.97368621826172,49.743274464711796,48.86874452312243,49.32349819489747,2987105
2015-05-11,50.02314758300781,50.14557802976624,48.90374689692362,49.23606556540166,3927933
2015-05-12,48.72883224487305,50.04062746854953,48.48396190526822,49.98815660852841,4551824
2015-05-13,49.27103805541992,49.498414940723336,48.2915662058223,48.798790835402286,4097879
2015-05-14,48.7638053894043,49.253541233493024,48.36151779943931,49.253541233493024,3467677
2015-05-15,48.9911994934082,49.568388539552856,48.728840404739685,49.043670362215806,6305129
2015-05-18,48.9911994934082,49.30602945088433,48.53644089293779,48.798799981606315,14967798
2015-05-19,48.53643798828125,50.33797408503017,48.30906107396864,48.97370310989405,6595326
2015-05-20,49.25355529785156,49.463443503717144,48.64138413177789,48.658872838670774,5168468
2015-05-21,48.798797607421875,49.306027052021896,48.518949824309615,49.148609708627326,2628801
2015-05-22,49.306034088134766,49.655846239259425,48.06420284949461,48.72884498770527,5380668
2015-05-25,50.058128356933594,50.16307484714764,49.34101535797652,49.58588101254755,5557091
2015-05-26,50.0406379699707,50.23303274530026,49.515919770383874,50.163073165467104,2220470
2015-05-27,50.09310531616211,50.23302921061326,49.60336931326787,50.04063444882172,1137269
2015-05-28,50.09310531616211,50.46041087680557,49.16610417771402,50.46041087680557,3848527
2015-05-29,50.26801681518555,50.5303759249354,49.41097515881701,49.84824508636432,3473570
2015-06-01,50.058128356933594,51.38741735389544,49.76079182957097,51.299964317699164,15815832
2015-06-02,49.84825134277344,49.988175269942246,49.44596352829484,49.848251342773445,4635659
2015-06-03,50.09310531616211,50.28550482258402,49.2360637526244,49.725804500149025,6029264
2015-06-04,50.49539566040039,50.77524823477009,49.81326479617582,50.02315304079533,8566490
2015-06-05,50.687767028808594,51.17750283103121,50.02312524403302,50.37293720913895,8696044
2015-06-08,51.12504196166992,51.31743668217048,50.35545359040896,50.880171640460695,4215142
2015-06-09,51.54480743408203,51.82465987432194,50.82769474868555,51.07256504081687,2699663
2015-06-10,51.4748649597168,51.842165775140145,51.14254155937729,51.61478885394329,2875048
2015-06-11,51.07256317138672,51.544805547366195,50.670275599806246,51.28244656309821,2113307
2015-06-12,50.86268615722656,51.0550808899094,49.76077913127196,50.89766831170426,2614529
2015-06-15,49.39347839355469,50.72276717959962,49.20108364230232,50.72276717959962,3574132
2015-06-16,50.40791702270508,50.60031645949953,49.14859293912092,49.253539380452985,2705206
2015-06-17,49.603363037109375,50.49538190292272,49.131115801537106,50.26800501013008,3030212
2015-06-18,49.65583801269531,49.91819708257335,49.2710437612815,49.428461101060385,4549773
2015-06-19,48.97368621826172,49.81323875789038,48.51893254648668,49.65582147055286,9119658
2015-06-22,49.42845916748047,49.743289090092325,49.11362924486862,49.271041833859556,1849073
2015-06-23,48.7638053894043,49.60335322850338,48.67635239065171,49.32350078571779,4200054
2015-06-24,48.92122268676758,49.166093004883926,48.64137496145972,48.64137496145972,3101425
2015-06-25,49.42845916748047,49.63834736409837,48.571417674886554,49.043664931119324,11124905
2015-06-26,48.65886688232422,49.410961845367375,48.58890731868626,49.148602806308396,4184617
2015-06-29,48.798797607421875,49.0436679761178,48.16913772310416,48.20411988215076,3452315
2015-06-30,48.65886688232422,49.11362539680422,48.15164225358796,48.79879075422975,2588831
2015-07-01,49.795753479003906,50.05811250450875,48.41399879145602,48.67635781696086,1988394
2015-07-02,49.498409271240234,50.02313203475958,49.18357940883189,50.00563858735246,2965570
2015-07-03,49.498409271240234,50.00563858735246,49.14859725864672,49.14859725864672,3051297
2015-07-06,48.97368621826172,49.743274464711796,48.86874452312243,49.14859220657959,2083899
2015-07-07,48.48395919799805,49.49841316540302,48.36152403503222,49.32350714534598,3234495
2015-07-08,48.274078369140625,48.69385477899166,47.71438281551282,48.30906052739991,2440394
2015-07-09,47.92427062988281,48.46648227058792,47.889293213075895,48.309064916434366,2478234
2015-07-10,48.50145721435547,48.67636325088411,47.871792636074424,47.959245654338744,2901055
2015-07-13,48.97368621826172,49.11361480461889,47.94174373396342,48.41399085134739,1612390
2015-07-14,49.04365539550781,49.306014404111934,48.55391952837259,49.00867324543478,2264950
2015-07-15,48.886253356933594,49.218576769449776,48.798800326758865,48.99119983992159,1504877
2015-07-16,48.83377456665039,49.02617404860487,48.65886853467165,48.86875672197209,1827243
2015-07-17,49.39347839355469,49.58587314480706,48.79879594392536,48.85127155302157,1696436
2015-07-20,49.04365539550781,49.58586211543805,48.991184542712794,49.58586211543805,1668294
2015-07-21,48.97368621826172,49.288520792936765,48.85125582214208,49.02616181045995,1315889
2015-07-22,49.95317459106445,50.11059191619059,48.55392634862672,48.86875625424926,1890132
2015-07-23,49.760772705078125,50.12807341808591,49.236049944935644,50.05810911816584,1225377
2015-07-24,49.690818786621094,50.005648712777976,49.39347756678347,49.7432896502089,1692284
2015-07-27,49.1136360168457,50.0056550446793,48.991200823217596,49.44595469140127,1296310
2015-07-28,49.445953369140625,49.56838855949463,48.78131129317241,49.32351817878662,1547151
2015-07-29,48.97368621826172,49.42844463466535,48.798780229943844,49.21855649975818,1900932
2015-07-30,49.81325149536133,50.1105927004589,48.938721330150685,49.043663052124046,2942993
2015-07-31,49.673336029052734,49.97067731290023,49.11364037078811,49.97067731290023,1956499
2015-08-03,49.183589935302734,49.988160583242724,49.078648206916256,49.34100727251254,1508372
2015-08-04,49.323509216308594,49.8482320431409,48.9562084566186,49.148603188907714,1001510
2015-08-05,49.236061096191406,49.480931456742226,49.00868418689715,49.32351411858382,1107859
2015-08-06,49.34101104736328,49.638352293379945,49.04366980134661,49.07865196169512,1295185
2015-08-07,48.83377456665039,49.778269037187506,48.746321550661015,49.16609792526191,2213871
2015-08-10,48.29158020019531,49.49842928482805,48.06420324900054,49.008693218109066,2570753
2015-08-11,48.256591796875,49.25355725589765,47.43453239225526,48.973704722074764,3873211
2015-08-12,47.57444763183594,48.23909431335497,47.46950591613794,47.92425967700194,1472522
2015-08-13,48.204105377197266,48.483953076101386,44.07632097827399,47.50448138530812,2470225
2015-08-14,48.396514892578125,48.64138526255221,48.16913797453379,48.204120133762984,1304682
2015-08-17,48.309059143066406,48.78130640445866,47.906776196187835,48.44898302746373,813782
2015-08-18,48.06418991088867,48.51894368708122,47.80183086817074,48.309055503980936,1461999
2015-08-19,47.731868743896484,48.41400418404035,47.609433569430934,48.099169522663246,2417706
2015-08-20,47.609432220458984,47.906773422984735,46.99726111010646,47.2596201574004,2256015
2015-08-21,46.664947509765625,47.29460739305776,46.54251232561708,47.22464307507851,4024183
2015-08-24,45.86037063598633,46.35010656178902,44.67101060342848,45.772917622641934,7651174
2015-08-25,44.98583221435547,46.75238560522036,43.77897895470153,45.82538003885751,12357515
2015-08-26,45.80790328979492,46.455056587097886,44.77595575534182,44.98584395239008,2616303
2015-08-27,47.17216873168945,48.431493150074935,45.56303223845411,46.332620700975774,5402025
2015-08-28,47.277122497558594,48.099177204625754,46.76989301288976,47.43453510875776,2205183
2015-08-31,45.70296096801758,47.38205703326287,45.51056147963472,47.0497336635479,2305711
2015-09-01,45.1607551574707,45.860379397893375,44.77596087631212,45.24820818752353,3973158
2015-09-02,43.796485900878906,45.47558206745237,43.28925646273161,45.23071644650177,4507483
2015-09-03,44.49610900878906,44.7934502327027,43.761502674599505,43.866444403213684,3114461
2015-09-04,43.23678207397461,44.39116000135005,42.83449914441225,44.39116000135005,3868544
2015-09-07,43.240325927734375,44.159576506699196,42.62159219888323,43.41710562299009,3112256
2015-09-08,44.56616973876953,45.07882793283563,42.81604899084195,43.13425145534086,2951677
2015-09-09,44.548484802246094,46.139501774079505,44.053502703433416,45.75059035066223,3201416
2015-09-10,43.61155319213867,44.106535286951086,42.67462194205531,44.106535286951086,3984541
2015-09-11,43.94743728637695,44.47777628257398,43.523164171237205,43.84136660986435,1783681
2015-09-14,45.09650802612305,45.23793080849155,43.66458976657095,44.12421980358812,2400945
2015-09-15,45.37935256958008,46.015762269099135,44.54848714811259,45.07882616665071,3189547
2015-09-16,46.35163879394531,46.493061567101215,45.25560390994025,45.43238357524896,2668351
2015-09-18,47.20018005371094,47.6951669511083,46.493061395092205,46.66984105974689,2710372
2015-09-21,48.278541564941406,48.43764039468776,46.56377776352681,46.95269400644387,3040868
2015-09-22,46.3162841796875,48.43764026772306,45.69755532067713,48.33157438150351,2618545
2015-09-23,45.18489456176758,46.66984086127884,44.477775906155934,46.333962377136494,5775906
2015-09-24,44.33634948730469,45.98040424055901,44.03582788724827,45.2556047225063,9733917
2015-09-28,44.83134078979492,45.60916853008875,44.08886515029854,44.70759405063621,2407051
2015-09-29,45.37935256958008,46.13950420372693,44.33635058160624,44.49545420534989,2414852
2015-09-30,46.7935905456543,46.91733727730664,45.37935314495458,45.397033989736684,3047665
2015-10-01,46.15718460083008,47.34160935650765,46.0511139208774,47.023402112105096,2020545
2015-10-05,46.84661865234375,47.42999535626531,46.298603634335436,46.31627968183696,1811432
2015-10-06,46.75823211669922,47.553740628480114,46.56377639866828,46.97036867893188,1868486
2015-10-07,46.86430740356445,47.094120037140165,46.56378097713964,46.88198345404877,1403044
2015-10-08,46.82896041870117,47.02341619700978,46.528433928668576,46.98806408855871,1318938
2015-10-09,46.86430740356445,47.2001859309579,46.63449476998874,47.02340624429106,1421375
2015-10-12,47.12946319580078,47.27088594481976,46.59912429038871,46.8466129023083,1574616
2015-10-13,47.04108810424805,47.27090074277759,46.82895151658385,47.02340725792669,715400
2015-10-14,47.02340316772461,47.20018284282541,46.740557605745565,46.98805106906892,1722301
2015-10-15,47.74820327758789,47.889626060249896,47.094117512888495,47.200183401021086,2959602
2015-10-16,47.730525970458984,48.08408535104822,47.23554379672525,47.871953559059484,3651488
2015-10-19,47.30625915527344,47.85427429512524,46.9703758144248,47.73052754873594,1640198
2015-10-20,48.048728942871094,48.4729972842785,47.20018266914512,47.37696234359543,3296804
2015-10-21,48.048728942871094,48.50835417825968,47.69516959397046,48.08408104139669,3504240
2015-10-23,48.20783615112305,48.6321093617247,47.907309693234915,48.260869103584156,2367650
2015-10-26,47.99569320678711,48.3846094658964,47.81891352496068,48.26086272952675,1788557
2015-10-27,47.34160232543945,48.17246281999939,47.18249872686789,47.9249741944439,1680870
2015-10-28,46.33396530151367,47.35928645777283,46.12182873235008,47.07644089585844,4725765
2015-10-29,45.30865478515625,46.17487251909407,44.61921197233555,46.17487251909407,6657486
2015-10-30,45.520774841308594,46.61680975982674,45.34399517043326,45.43238500587093,3034065
2015-11-02,45.591495513916016,45.750599159916796,44.9550857253691,45.52078171670318,1507300
2015-11-03,46.54610824584961,46.72288794512257,46.03344519977551,46.121835049411985,2879807
2015-11-04,46.38700485229492,47.34161715177804,46.10415925009207,47.094123653258336,10212719
2015-11-05,46.29861068725586,46.84662578874631,46.10415495329623,46.599137108748224,9402139
2015-11-06,46.4223518371582,46.84662014985283,45.62684335596862,46.81126805371972,4219805
2015-11-09,45.980403900146484,46.28093029343339,44.77829832699885,45.60916372180782,5260832
2015-11-10,45.361671447753906,45.94504334381717,45.149534904970444,45.679873864201596,1531108
2015-11-13,46.03343200683594,46.45770508167912,45.0788199861662,45.25559963477505,1386876
2015-11-16,45.60917282104492,46.21022572753152,45.450073966120584,45.785952523487296,1462412
2015-11-17,46.227882385253906,46.59912248190747,45.679867455778,45.69754350042394,1602664
2015-11-18,46.28093338012695,46.52842205340354,45.874336282144526,46.19254354064481,1327429
2015-11-19,46.61681365966797,46.917340084388385,46.121831498899226,46.56378071305987,2523368
2015-11-20,46.28093338012695,46.91733830621612,46.104153701162666,46.66984483748383,2168468
2015-11-23,46.45771408081055,46.599136868001075,46.1395068153121,46.1395068153121,2177227
2015-11-24,46.61681365966797,46.88198318816436,46.298611184563484,46.31628723494755,1241516
2015-11-26,47.30625915527344,47.53607180116431,46.45771757289225,46.49306967575533,4171542
2015-11-27,47.20018005371094,47.37695971836562,46.846620724401575,47.25321778947159,1605635
2015-11-30,48.1547966003418,48.402290071856505,47.129475409912985,47.21786525038884,2006989
2015-12-01,48.084083557128906,48.79120229192622,47.854270927410944,48.119440452959935,2520479
2015-12-02,47.871952056884766,48.27854437271272,47.58910168401534,48.08408384221701,1390936
2015-12-03,47.30625915527344,48.08408694101612,47.12947945913334,47.73052754873594,1173194
2015-12-04,46.227882385253906,47.2708841102679,46.121816526469644,47.2708841102679,1376556
2015-12-07,46.369319915771484,46.616808571414374,45.85665696512026,46.3162821794966,1525844
2015-12-08,46.03343200683594,46.38699130405363,45.732905645109916,46.316277526428145,1469647
2015-12-09,46.01576232910156,46.56377739745665,45.626846089242036,45.856658705150444,2198948
2015-12-10,46.227882385253906,46.31627219939223,45.69754350042394,45.96271294283892,1086874
2015-12-11,45.255592346191406,46.31627006701836,45.043455842935195,46.31627006701836,1514970
2015-12-14,45.30865478515625,45.75060407659087,44.81366774238409,45.00812830788936,1552518
2015-12-15,45.785953521728516,45.892024222780336,44.99044484339388,45.30865215109289,1842404
2015-12-16,47.14716339111328,47.412332979645946,45.856672352679034,45.962738269909316,2623492
2015-12-17,47.5714225769043,47.78355914406105,46.58145352865798,47.12947339343422,1092627
2015-12-18,47.871952056884766,48.260863526964464,47.0410865794806,47.376965103227235,28017527
2015-12-21,49.303871154785156,49.4629748072134,47.871957464756576,47.871957464756576,6238035
2015-12-22,48.96798324584961,49.710458895737695,48.773527506918526,49.33922346852163,9652753
2015-12-23,49.51601028442383,49.67510914950833,49.074061000094694,49.074061000094694,3720080
2015-12-24,49.5336799621582,49.79884949862585,49.268510425690565,49.498323064871315,2224191
2015-12-28,50.25847244262695,50.47060900079794,49.37457411312727,49.65741966038503,5761043
2015-12-29,49.834197998046875,50.4175699208769,49.639742288921944,50.27614715101738,8576492
2015-12-30,49.85186767578125,50.08168504232343,49.586698217883,49.586698217883,8189382
2015-12-31,49.904911041259766,50.20543262446269,49.35689122242325,49.85187330732499,7159928
2016-01-01,49.85186767578125,50.1523940204902,49.763477856481835,49.993295223024006,3229824
2016-01-04,49.834197998046875,51.036298735035615,49.46296262773374,49.67509438479541,6809859
2016-01-05,49.19780349731445,50.18776789027895,48.86192015213566,49.869565392215804,4259054
2016-01-06,49.321533203125,49.480636810378684,48.7911942395528,49.00333078407269,5320149
2016-01-07,48.82655334472656,50.11704392220862,48.6144167905824,49.32153544075945,6787347
2016-01-08,50.08169937133789,50.20544131739754,49.10941108086018,49.49832256068648,10345830
2016-01-11,50.64738845825195,51.44289695152764,49.14475650883142,49.67509550434855,8283638
2016-01-12,50.47061538696289,51.88485289310916,50.22312190520491,50.735784919365315,6611338
2016-01-13,50.52364730834961,51.05398636238466,49.53367819687732,50.612037150688785,7462021
2016-01-14,50.50596237182617,51.08933912037822,49.99330420505573,49.99330420505573,10278564
2016-01-15,49.180110931396484,50.64738591501282,48.89726539950579,50.25846971207181,7430643
2016-01-18,48.844234466552734,49.86955555606035,48.5790649712255,49.49831538532904,7411237
2016-01-19,48.0663948059082,49.427598969800485,47.659802599928575,48.95029299084416,7282040
2016-01-20,47.60678482055664,49.60439439523467,46.15719037678331,47.58910397395759,15997901
2016-01-21,46.74055480957031,48.561384395089384,46.66984102557809,47.6598100241927,10416175
2016-01-22,47.05875778198242,48.01336989946094,46.70519844890969,47.09411467438077,8099084
2016-01-25,47.02340316772461,47.53606614369917,46.4046743048718,47.376962517926216,8893503
2016-01-27,48.87958908081055,49.23314842612628,47.16483009239369,47.306252871428875,14527719
2016-01-28,50.80649185180664,51.08934221880988,49.67509997470519,49.851879655786306,22594616
2016-01-29,52.27375411987305,52.46821461610736,51.089334277109074,51.19540015108779,11216960
2016-02-01,51.884849548339844,52.468221522926775,51.67271297700215,52.29144184605464,12278379
2016-02-02,51.70806121826172,53.15765528511869,51.266112100040374,51.79645104190599,18267134
2016-02-03,50.92595672607422,51.974690514781614,50.28604670509394,51.139255244569924,12098041
2016-02-04,52.18800354003906,52.43685828690735,50.78376070897018,51.49476876078593,8726120
2016-02-05,51.636962890625,52.401295414135134,51.31700548009578,52.27686806802165,6170693
2016-02-08,50.64155197143555,51.921367224580635,50.35715072488384,51.5658632554754,3820374
2016-02-09,50.46379852294922,51.72584046976021,50.1260678333642,50.4104738934966,7297377
2016-02-10,50.961490631103516,51.38809720600005,50.12605556799856,50.12605556799856,8119293
2016-02-11,48.597415924072266,51.13926895469097,47.67310441607482,50.78376489944829,7247688
2016-02-12,49.18398666381836,50.05497335103796,48.45520542728623,49.05955930538251,16065640
2016-02-15,49.30841827392578,50.00165302939233,49.09511490133364,49.45061891504329,8464543
2016-02-16,49.5217170715332,49.96609704761694,48.98846110023272,49.45061434662727,6766384
2016-02-17,49.62837219238281,49.71724819808546,48.82848814105908,49.71724819808546,7804863
2016-02-18,49.717254638671875,50.39271140514711,49.41507521577091,49.8061306558879,8779283
2016-02-19,50.126068115234375,50.48157207602567,49.432838284789995,49.69946625538346,6323086
2016-02-22,49.64616012573242,50.30383884080828,49.18400191138687,50.126086794175265,2293985
2016-02-23,48.7396125793457,49.87722739143522,48.5974119332925,49.770573290521355,3873885
2016-02-24,49.663902282714844,50.126055385646616,48.93512127690016,49.05954377411498,11387961
2016-02-25,46.83765411376953,49.85943762797004,46.58880424687504,49.806113000909136,19051305
2016-02-26,47.51313018798828,48.31301430729565,46.926544643030354,47.4598007225686,12511003
2016-02-29,46.23329544067383,47.76196030538142,45.931116156674335,47.76196030538142,11485783
2016-03-01,47.54867172241211,47.7619750961037,46.30440766801495,46.57103567967149,14281573
2016-03-02,48.135257720947266,49.13066704639096,47.655326330460106,47.993052255742285,13550709
2016-03-03,48.224124908447266,48.668504851382394,47.6553176171241,48.52629941217837,7057560
2016-03-04,49.2906494140625,49.468401436828216,48.15303453962905,48.49076531161679,29228314
2016-03-08,48.95291519165039,49.66392323259816,48.3841077945258,49.59282049977063,20131612
2016-03-09,49.68170166015625,49.84168041470259,48.561864843829,48.66851895413735,7284193
2016-03-10,49.64616012573242,50.09054024231496,49.09512588807037,49.80613407460242,3713460
2016-03-11,49.13066864013672,49.9127794368075,48.93514335188503,49.64615141364683,4685588
2016-03-14,49.27286911010742,49.41506975757963,48.95291644783696,49.27286911010742,4423191
2016-03-15,49.39729309082031,49.77057036751654,49.112891815416674,49.112891815416674,11655129
2016-03-16,49.32619857788086,49.77057865836929,48.88181849739242,49.557280077200815,6170234
2016-03-17,49.05955505371094,49.85943894626608,48.66850456370429,49.503934994019346,7509036
2016-03-18,48.65073013305664,49.45061408578819,48.526302776043245,49.23731073402684,9195901
2016-03-21,49.05955505371094,49.21953376095434,48.437423137279154,48.54407721605174,4674151
2016-03-22,49.13066864013672,49.53949731128335,48.88181388978728,49.059565905227736,6628643
2016-03-23,48.864036560058594,49.46839529111227,48.686284559375935,48.810711924220115,11545428
2016-03-28,49.45061111450195,49.77056371200366,48.52629986029512,49.02400925844336,8691695
2016-03-29,49.11288833618164,50.126070821676436,48.89958498382383,49.77056684169052,11478000
2016-03-30,49.68170166015625,49.895005058940576,49.1839969442144,49.379527068863524,5797932
2016-03-31,49.45061111450195,49.930542421670026,49.23730777555714,49.23730777555714,15715729
2016-04-01,49.16621780395508,49.77057173626617,49.09511507223293,49.69947382637582,3935188
2016-04-04,49.27286911010742,49.8061251545022,49.16621982996127,49.3261937501805,5649881
2016-04-05,49.4328498840332,50.05498196139906,49.308422504193594,49.699477917189995,7744995
2016-04-06,49.663902282714844,50.23270943989768,49.53947496367019,49.71722689892545,10418272
2016-04-07,49.8416633605957,50.09051804433328,49.62836003479645,50.001642060402816,12408704
2016-04-08,50.09052276611328,50.17939875842163,49.859441328646625,49.859441328646625,4133630
2016-04-11,50.570438385009766,50.81928819309765,49.9660798962555,50.001631246505106,12360599
2016-04-12,50.890403747558594,51.636963004048475,50.48157034916899,50.48157034916899,8901453
2016-04-13,51.548095703125,51.67251824864701,51.157040329369735,51.31701424011163,10239725
2016-04-18,51.885826110839844,52.17023223539342,50.74821607812195,51.548100166587155,7347390
2016-04-20,52.61460876464844,53.29006542979823,51.60142135600785,51.796946635819275,7716065
2016-04-21,51.95691680908203,53.16562929833915,51.58363476118799,52.7390226212691,6315086
2016-04-22,51.92137145996094,52.36575145759188,51.29923946327762,52.010247459487125,4320738
2016-04-25,51.121490478515625,51.93914779363568,50.67711045468259,51.93914779363568,3605005
2016-04-26,51.601409912109375,51.99246520683778,50.85485068068801,51.35255522769201,8964411
2016-04-27,51.31702423095703,51.90360981670737,51.06817426963302,51.65475503355071,3177289
2016-04-28,50.428253173828125,51.70806854240223,50.250501173243705,51.263688540941196,9408511
2016-04-29,50.97929000854492,51.13926392456949,49.94832449228232,50.5704613495952,4383214
2016-05-02,50.783756256103516,51.19258970751543,50.339376262683196,50.83708571277917,3383764
2016-05-03,51.61918640136719,52.18799369993695,50.837080584935926,50.837080584935926,4572397
2016-05-04,50.74821853637695,51.58364921177668,50.48158567214067,51.47699992354806,4435593
2016-05-05,50.92595672607422,51.299233955272754,50.51712331468499,50.837080736090655,2770226
2016-05-06,50.64155197143555,50.96150457926403,49.94831730294787,50.89040667854169,3714029
2016-05-09,51.014835357666016,51.245911979222484,50.35715203336583,50.659331379323355,5027038
2016-05-10,50.428253173828125,51.10371463351419,50.12607380846829,50.89041126844657,7758595
2016-05-11,50.28603744506836,50.552665365920305,49.59280292212125,50.054960878029384,4574270
2016-05-12,51.157039642333984,51.31701355092744,50.197176903446675,50.44603163481202,4877581
2016-05-13,51.459205627441406,51.61917949443213,50.623770471499626,50.94372302731148,6719824
2016-05-16,51.35257339477539,51.86805621407567,50.83709539730755,51.5303254260055,4500368
2016-05-17,51.51253128051758,51.903586555148216,50.69486937504798,51.903586555148216,4754541
2016-05-18,50.854862213134766,51.51254560952692,50.73043484270947,51.19259295831317,2573082
2016-05-19,51.33479690551758,51.761398860654204,50.943741496934905,50.943741496934905,6035130
2016-05-20,51.47697448730469,51.60140180997656,51.08591925397735,51.4058717823979,3055890
2016-05-23,52.667911529541016,52.93453943046112,51.54807531004255,51.76137377331479,10093334
2016-05-24,52.15243911743164,53.05897704965651,51.97468714897548,52.97010106542843,3545037
2016-05-25,53.21897506713867,53.32562918968681,52.276890171377936,52.6146209933643,7201959
2016-05-26,53.53890609741211,53.82330730635614,52.82789343139094,53.32560277978881,11348343
2016-05-27,53.62778854370117,54.178817760652876,52.89900252243959,53.823313795695356,7635493
2016-05-30,53.94776153564453,54.374363561715604,53.09455266166944,53.71668483546025,6049447
2016-05-31,53.325618743896484,54.161054175291156,53.16564000232849,54.036626800941825,4297008
2016-06-01,52.9345588684082,53.538917594483856,52.75680686918967,53.538917594483856,5018958
2016-06-02,53.39670944213867,53.538914891800125,52.65015011874137,52.93455619623295,3951078
2016-06-03,53.46781539916992,53.627794128794314,53.05898676125734,53.5389181282989,3453446
2016-06-06,53.05897903442383,53.574456869130636,52.81012434054404,53.39670489402534,2395810
2016-06-07,53.29004669189453,53.663323848221246,53.058970127414646,53.11229474662845,3771426
2016-06-08,54.232147216796875,54.35657457997021,53.07675922787446,53.32561395422114,3804592
2016-06-09,54.321014404296875,54.907594939154784,54.16104052487969,54.28546304603836,4520638
2016-06-10,54.88983154296875,55.156459545115,54.338802267265834,54.35657553867626,8988984
2016-06-13,53.965511322021484,54.65874594265935,53.80553744006487,54.65874594265935,7199310
2016-06-14,53.521141052246094,54.17882443277747,53.43226505006163,53.9477477914642,2914984
2016-06-15,54.88983154296875,55.01425890833666,53.73444353366836,53.73444353366836,5287666
2016-06-16,54.9609375,55.56529144725812,53.983301434716175,54.889834766519314,5385026
2016-06-17,55.8319206237793,56.15187328741872,54.35657985900774,55.10313928872106,8985642
2016-06-20,55.68971252441406,55.9918918747988,55.19200791180874,55.81413988302323,5237563
2016-06-21,55.45862579345703,55.92077895912455,55.12089514189427,55.65415102004779,5276594
2016-06-22,55.316444396972656,55.707494985932506,54.96094035476758,55.47641832286564,4797461
2016-06-23,55.68971252441406,56.11631923340798,54.338799315652274,55.28088390769652,5027803
2016-06-24,55.38753128051758,55.511958634873004,53.538913522348444,54.552095983366826,6010853
2016-06-27,54.74763107299805,55.81414308483253,54.392127069053224,54.40990034051781,5121198
2016-06-28,55.26309585571289,55.45862590452573,54.62319072937931,54.9431432925461,5842035
2016-06-29,56.61402130126953,57.00507662996451,55.29865469252218,55.387530684415076,9838712
2016-06-30,57.98271942138672,58.2493474287052,56.631801291207395,56.880656026770666,18696297
2016-07-01,58.711509704589844,59.15588978484612,57.947176930915546,58.30268099512057,9960809
2016-07-04,58.80038070678711,59.475837406814584,58.53375268136847,59.262538843945315,5753019
2016-07-05,57.32503128051758,58.9425724619144,57.16505256067336,58.764820471790294,5510329
2016-07-07,58.07158660888672,58.3559878447899,56.95174529066933,57.2361513484035,5911690
2016-07-08,58.462642669677734,58.80036853888789,57.44945541838517,58.124911978636526,7803900
2016-07-11,59.226993560791016,60.84453515244045,58.9959168793886,59.04924152558415,11133401
2016-07-12,59.226993560791016,60.08020236541745,59.03146342896393,59.36919422459,9182267
2016-07-13,57.538333892822266,59.88466109664203,57.129500463331254,59.31585377119613,11106820
2016-07-14,58.67594528198242,58.871475366901144,57.556108693198475,57.78718531916478,7428442
2016-07-15,58.39154815673828,59.15588081450998,57.982719509263354,59.03145344653976,6629943
2016-07-18,58.01825714111328,58.94256839027524,57.804958625163664,58.51596653654503,3891623
2016-07-19,59.155879974365234,59.369183341880266,57.947167320889,58.05381659373067,5987973
2016-07-20,59.849117279052734,60.43569794849191,59.33363452061207,59.369185887027264,7071425
2016-07-21,57.7694091796875,59.84910835376472,57.520554473724665,59.831330262292425,4189305
2016-07-22,59.13811111450195,59.742465075408674,57.89384700331327,58.12492365959619,7206087
2016-07-25,60.06241226196289,60.29348887862079,59.066998250606325,59.20919887456263,3967394
2016-07-26,60.93339538574219,61.50220271542574,59.44028156988308,60.16906279671334,8278821
2016-07-27,61.306678771972656,61.751058754415006,60.98672614898045,61.50220403551473,8851677
2016-07-28,62.639808654785156,63.58189310182928,61.20001484990884,61.46664279653438,31420184
2016-07-29,62.56871795654297,63.10197395220531,62.1065646890349,62.959773317728335,12377513
2016-08-01,62.99533462524414,63.9551926758453,62.44430044964999,62.5687278326443,11965659
2016-08-02,63.599674224853516,64.06183228251817,62.58649176000089,63.10196962737953,6487056
2016-08-03,62.533172607421875,63.670787436326,61.7510666316533,63.63523606882924,10713465
2016-08-04,63.35082244873047,63.759651040832715,62.693139154393236,62.853117866091594,9047354
2016-08-05,62.74646759033203,64.4173382425022,62.5864936907613,63.63522754960736,8816394
2016-08-08,63.457454681396484,63.99071048153015,62.39094308112914,62.92419888126281,9540514
2016-08-09,62.604278564453125,63.86631601180082,62.39097517032657,63.45748731912708,6314021
2016-08-10,61.99992752075195,62.74648708283185,61.71552617416575,62.604286409538744,3789657
2016-08-11,61.875484466552734,62.764244407775955,61.306677139803625,61.89325773664469,5017074
2016-08-12,63.29750061035156,63.63522649618663,61.92880933135868,61.92880933135868,4369997
2016-08-16,63.10198211669922,65.09280572245571,62.65760206281751,63.56414026583551,22372774
2016-08-17,62.088775634765625,63.564120819768725,61.946575025393116,63.261941511207944,11599079
2016-08-18,64.70175170898438,65.12835849866336,62.65760341695112,62.92423145504242,20664320
2016-08-19,64.32847595214844,65.05725734529297,63.7418952184184,65.05725734529297,16563739
2016-08-22,64.68396759033203,64.98614694720555,64.25736087217749,64.50621559473956,11335483
2016-08-23,64.75506591796875,65.19944590984935,63.99073329630043,64.50621601561453,7423678
2016-08-24,64.80839538574219,65.05724528813974,64.38178866472995,64.80839538574219,5319170
2016-08-25,64.79061126708984,65.76824715847195,64.16847933621031,64.87948725721549,12995397
2016-08-26,64.27513122558594,65.19943763390765,64.06182789219211,64.9328096726231,7097916
2016-08-29,64.07960510253906,64.47066043417715,63.137520545750405,64.41733580300632,2956326
2016-08-30,65.16390228271484,65.34165428741785,63.88408688448689,64.31068880267506,5212793
2016-08-31,65.30609893798828,65.59050019942995,64.64841559634405,65.09279558099131,6435761
2016-09-01,65.51940155029297,65.76825144576816,64.79061549065597,65.23499547025241,6116318
2016-09-02,65.3416519165039,65.76825381921289,64.80839592174404,65.60827991388385,3858397
2016-09-06,66.3370590209961,66.72811436880423,65.34164979187668,65.67937568447762,9001076
2016-09-07,65.67935943603516,66.47924320428265,65.37718015922006,66.15929066134969,5024999
2016-09-08,66.81202697753906,67.26006888005777,65.10946288640221,65.91593831093587,5980354
2016-09-09,65.8801040649414,66.90164065589127,65.73672675552895,66.6686549588791,5051740
2016-09-12,64.60765838623047,65.7367230337499,64.42844162117767,65.44997815429178,4144478
2016-09-14,64.21338653564453,64.89441419578341,63.98040569160213,64.50013630348363,6680869
2016-09-15,62.65420913696289,64.66143335501962,62.38538394401957,64.66143335501962,8920122
2016-09-16,63.10225296020508,64.69727956777852,62.06279162801018,63.19186136045865,21690721
2016-09-19,63.58612823486328,63.87287800466659,62.45706347402659,62.97679408946821,4266806
2016-09-20,63.83702850341797,64.30299015694052,63.44275064036334,63.67573146712462,4769662
2016-09-21,62.83341598510742,64.55389500294913,62.564590834721784,63.8370279352541,4957941
2016-09-22,63.99833297729492,64.62559174000786,63.1560130950528,63.47860234356329,4676363
2016-09-23,63.066402435302734,64.3029953204409,62.97679404384781,63.89079769206151,7599534
2016-09-26,62.976783752441406,63.90871184359407,62.67211429896921,62.976783752441406,6333433
2016-09-27,63.15599822998047,63.854940626981545,63.03054553465246,63.317290385488995,6069513
2016-09-28,63.96249771118164,64.19547859803437,63.15602204483717,63.15602204483717,4515648
2016-09-29,62.15238571166992,65.27075926681403,61.543051647243814,64.0700060076923,13380901
2016-09-30,63.28145980834961,63.69365741237578,61.48929208513489,62.40329567934796,11831869
2016-10-03,64.94817352294922,65.55750761974672,62.94094474067852,63.49651477916536,9403402
2016-10-04,64.87650299072266,65.48584211927354,64.67936643466831,65.05571980952381,7967290
2016-10-05,65.01985168457031,65.73671869749408,64.66141817810842,64.93024330795484,5347763
2016-10-06,63.76535415649414,65.32454136470898,63.62198168182812,64.98403234507306,5654229
2016-10-07,63.4248161315918,64.37466381113539,63.19183535910976,63.76532499550712,3980080
2016-10-10,63.81910705566406,64.15961598975699,63.5144375850587,63.5144375850587,4458994
2016-10-13,62.72589111328125,63.74742778906004,62.25992940369556,63.63989965963767,14897308
2016-10-14,63.693660736083984,63.980405642135025,61.8477288571603,63.01263793803799,4958871
2016-10-17,63.10225296020508,63.67574283257445,62.65421095893723,63.19186136045865,4534814
2016-10-18,63.227684020996094,63.7294948182534,62.725878085304345,63.353136720310424,7289895
2016-10-19,63.99833297729492,64.78688393347984,63.12016876487017,63.42483827907263,9020687
2016-10-20,64.03417205810547,64.60766675285454,63.747427141514194,64.28507750629772,4037879
2016-10-21,63.4248161315918,64.2850554477527,63.12014672377766,64.2850554477527,10350237
2016-10-24,63.120174407958984,63.92665003211927,62.779660533131185,63.29939121332794,2945373
2016-10-25,63.926639556884766,64.14170066040028,62.94094728887439,63.28146110790445,3002870
2016-10-26,62.90510559082031,63.9087224953222,62.65420501086964,63.80118950828643,3927291
2016-10-27,62.90510559082031,63.3889918785653,62.259927114871275,62.76173313633902,7017500
2016-10-28,63.04848098754883,63.44275890194673,61.66851557950607,63.01264151843079,4282450
2016-11-01,63.40690231323242,64.35675501569722,62.42121014857819,62.81548798675301,5277438
2016-11-02,62.7617301940918,63.26353619203506,62.528749358785944,63.06639968406076,4859666
2016-11-03,62.70796585083008,62.976791012254075,62.474985016575836,62.779649643603456,4078615
2016-11-04,62.20615768432617,63.030552872630835,61.38175763445554,62.72588339466921,4179894
2016-11-07,62.367454528808594,62.582515638860166,62.206162342444664,62.474987514617546,7660803
2016-11-08,63.44276809692383,63.657829250634656,62.33162285405733,62.45707559885259,3265787
2016-11-09,64.58975219726562,64.98403013536553,59.84050692756429,60.933727478981986,13247214
2016-11-10,67.54681396484375,68.10238398108268,64.93024632899052,66.31021636538833,18046820
2016-11-11,65.62921142578125,67.56475200284707,65.05571666105917,66.66866795220854,8770575
2016-11-15,66.29228973388672,66.8837040131959,65.4320503402038,65.4320503402038,11489252
2016-11-16,67.56473541259766,68.28160247708466,65.71880369385681,66.86579294166239,10203154
2016-11-17,69.141845703125,70.39636304528214,66.02347207942236,67.36759780316214,9392264
2016-11-18,68.80134582519531,70.00209935359703,68.60420929046425,69.44652922003363,12168642
2016-11-21,66.32814025878906,69.4106694975789,66.05931511927075,69.4106694975789,12187225
2016-11-22,65.86216735839844,66.91954808224861,64.78686690495023,66.63280323928853,11976002
2016-11-23,65.10945892333984,67.2242204637601,64.37467219256025,66.02346726578389,13625626
2016-11-24,66.32814025878906,66.99124324191406,64.62558104183974,65.21699537646688,18404432
2016-11-25,67.61849975585938,68.17406974861433,66.31021356245121,66.70449139355097,14716858
2016-11-28,68.2816162109375,69.8228836265276,67.0091788601672,67.0270985957573,10318399
2016-11-29,67.90525817871094,68.65796966811956,67.56474433349358,68.3353804188206,12406804
2016-11-30,68.78340911865234,69.07015398234168,67.24214210701665,68.38913128490528,7446808
2016-12-01,66.05931854248047,68.99847549814817,65.77256879519537,68.99847549814817,11056167
2016-12-02,65.8801040649414,66.63281549309217,65.41413753248324,66.31022140848029,9676372
2016-12-05,66.3460464477539,66.68656016626532,64.82270430142395,65.84424059539346,12282830
2016-12-06,65.55750274658203,66.88370868134788,65.41413031455573,66.45359138526901,4550359
2016-12-07,65.39620971679688,66.48942996576777,65.23491269442681,66.20268510551607,4265108
2016-12-08,66.54320526123047,66.65073337874348,65.07362677301181,65.93386629781399,5413273
2016-12-09,66.11308288574219,66.66865292730417,65.86217746348231,66.66865292730417,3451184
2016-12-12,66.2206039428711,66.47150933838077,65.73671774385416,66.04138719224004,3689403
2016-12-13,66.39983367919922,66.86580023890751,65.39622162401689,66.4894420720393,4417447
2016-12-14,65.21700286865234,66.45360059712431,65.03778608838489,66.3102232836573,7312670
2016-12-15,65.71882629394531,66.57906609484495,64.69728940344119,64.87650623119393,5253972
2016-12-16,65.8801040649414,66.75826334647881,65.12739263679065,65.7904956773417,26025533
2016-12-19,65.98762512207031,66.31021431058583,65.53958323203052,66.00554485304563,3627943
2016-12-20,65.21700286865234,66.11308676998962,65.14531421191884,65.95178972312239,5757036
2016-12-21,65.6829833984375,65.84428049158399,65.14533290337282,65.25286591932638,5279390
2016-12-22,65.14530181884766,65.75464070046449,64.91232102113487,65.59334368428198,2653684
2016-12-23,65.34245300292969,65.48582544916016,64.15961938300448,65.09154757585176,4805945
2016-12-26,64.08792877197266,65.36036578153934,63.89078742551045,65.36036578153934,5932940
2016-12-27,64.89441680908203,65.12739766250658,63.281465707820004,64.05209692833189,4555998
2016-12-28,64.5180435180664,65.59334400028925,64.19545434571263,64.89440160378365,3739977
2016-12-29,64.53598022460938,65.03778623820091,64.15962206824099,64.23131072513962,14737238
2016-12-30,65.7725601196289,66.34605467698772,64.60765127500476,64.66141532628973,4872601
2017-01-02,65.82633209228516,66.38190698659388,65.44997882643565,65.77256803453037,1811713
2017-01-03,67.40343475341797,67.56472690568008,66.13099295722417,66.274370241322,7819727
2017-01-04,66.9374771118164,67.69018850612129,66.68657655475874,67.40344362332226,7829503
2017-01-05,68.40705871582031,68.55043116380325,66.70449934980334,67.0450131676332,6362320
2017-01-06,67.67225646972656,69.1239100749987,67.47511514477667,68.51457609444962,6298387
2017-01-09,66.86579895019531,67.81564692368036,66.3460683371131,67.81564692368036,2956484
2017-01-10,66.86579895019531,67.49305768798665,66.32814860351704,66.88371868379139,4626997
2017-01-11,68.03070831298828,68.60420299077131,66.63281837821903,67.13462439819179,21835704
2017-01-12,70.9698715209961,71.59713031458587,68.10239788873318,68.10239788873318,26857806
2017-01-13,70.66519165039062,71.65088389606757,70.27091377980663,71.65088389606757,23933005
2017-01-16,71.4716567993164,72.06307108897353,70.52180901755614,70.61141739058192,8473484
2017-01-17,70.8802490234375,71.91970527374788,69.93039629282195,71.47166336744462,10193606
2017-01-18,71.13115692138672,71.56127914049284,70.62935090680715,70.96986473539667,21229809
2017-01-19,72.33190155029297,73.0129242632744,70.70103098539802,71.29244531873543,8756982
2017-01-20,71.4716567993164,72.61864105710725,70.77270954508911,72.61864105710725,12987134
2017-01-23,71.75840759277344,72.47527463636435,71.34621001502182,71.63295488783187,7334154
2017-01-24,72.88748931884766,73.37137565913977,71.90179690259468,72.04517423421228,7122776
2017-01-25,72.7978744506836,73.13838829067694,72.36775707873916,72.99501583336213,10336365
2017-01-27,73.3176040649414,74.17784365851385,72.6007369267033,72.94125076199298,11095330
2017-01-30,73.72981262207031,73.99863783874292,72.58282794787411,73.22800652326153,5832917
2017-01-31,74.26744842529297,75.00224012305668,73.28175615833393,73.65811430447619,7593736
2017-02-01,73.7656478881836,74.76926482398807,73.38929457573602,74.76926482398807,7325455
2017-02-02,73.10254669189453,73.83733846312855,72.85164609761219,73.80149413206917,7773806
2017-02-03,72.29605865478516,73.76563708230105,72.08099756707647,72.83370894327396,4479429
2017-02-06,72.08098602294922,73.19213074685058,71.59710473005794,72.49318840069371,6337200
2017-02-07,71.65088653564453,72.9770877799267,71.39998110105712,72.2781452605468,6562928
2017-02-08,72.08098602294922,72.65448054446911,71.07737425646317,72.04514656537583,9024346
2017-02-09,72.45735168457031,73.69394436286541,71.97346547933937,72.54696006103657,12790725
2017-02-10,71.65088653564453,73.76564355014463,71.41790569585123,73.55058244357917,16817238
2017-02-13,72.77996063232422,73.10254990289494,71.50752328557482,72.2960742956847,9508762
2017-02-14,71.99139404296875,73.10253901979513,71.72256888058654,73.08461928692945,9403263
2017-02-15,72.20645904541016,72.61865667768112,71.59712489470373,72.18853931157653,7302351
2017-02-16,72.45862579345703,72.92691212844305,71.72016825189252,72.04437174545858,6272531
2017-02-17,72.96292114257812,73.21507828074957,71.88225606896229,72.76480116674297,4966775
2017-02-20,74.3677749633789,74.70998747926618,72.69274529711849,73.44921172615122,9917513
2017-02-21,74.25971221923828,74.85407696862148,73.68335659815017,74.36777676064656,7428835
2017-02-22,72.62071228027344,75.25033369149364,72.36856001507893,75.16027826410567,26345564
2017-02-23,71.73817443847656,72.7648073224255,71.52204042830523,72.7648073224255,13404307
2017-02-27,69.43276977539062,72.0443777607747,69.12658027580213,72.0443777607747,14798634
2017-02-28,69.21661376953125,70.18920936548824,69.00047978626775,69.12655835032305,10051421
2017-03-01,69.39672088623047,70.13517332980709,69.10854062872772,69.70291027228136,10348326
2017-03-02,68.3520736694336,69.88302058845882,68.08190742827954,69.88302058845882,10629352
2017-03-03,68.74832916259766,68.8924168697994,67.72169630932827,68.08191802024245,8454072
2017-03-06,69.8290023803711,70.6755244761965,68.83839256066099,69.10855887512739,14858083
2017-03-07,70.08113861083984,70.58544793658358,69.72091696590594,70.08113861083984,11746802
2017-03-08,70.45936584472656,71.17980909840864,69.93704741729816,70.35130131100165,7938282
2017-03-09,70.04513549804688,70.53143583492522,69.34270602106274,70.53143583492522,9777769
2017-03-10,69.3606948852539,70.4953920825039,68.46014077857633,70.24323986412541,16388459
2017-03-14,69.75694274902344,71.57606017049604,69.37870707602906,71.48600475585245,11886293
2017-03-15,69.50479888916016,69.90104376632469,69.34270204337912,69.88303463428898,7772586
2017-03-16,70.27925109863281,70.4053296381358,69.43273423158041,69.93704350377412,5161993
2017-03-17,69.88301849365234,70.96368342587468,69.55881510533065,70.89163714273236,9522200
2017-03-20,69.73892974853516,70.04511913993878,69.43274524295056,69.88302232271498,9378518
2017-03-21,69.61286926269531,70.08115556003742,69.48679067931246,69.88303556173574,8126819
2017-03-22,69.19860076904297,70.45937665644783,68.96445765283163,69.00048079820705,8203222
2017-03-23,69.54081726074219,69.70291898120472,69.01849383775807,69.52280812994393,5875356
2017-03-24,69.79296875,70.2972781154912,69.61285791333748,69.82898700867719,6164329
2017-03-27,70.18919372558594,70.63947072129397,69.7569307411971,69.88300927715896,7104197
2017-03-28,70.8556137084961,70.9636831327632,70.1171612955218,70.1171612955218,6020578
2017-03-29,70.90965270996094,71.12578669319643,70.5134127741516,71.07175441884235,6451066
2017-03-30,70.40534210205078,71.2338548755868,69.97307902899725,71.0717531695548,13016042
2017-03-31,71.07176208496094,72.00833952279201,70.47739723131689,70.47739723131689,8522874
2017-04-03,70.6755142211914,71.8282256166512,70.60347281261235,71.8282256166512,9945512
2017-04-05,70.24325561523438,71.28789763606359,69.95507530498574,70.90966189495347,7061975
2017-04-06,71.03572082519531,71.30588704304552,69.55881119045053,70.74754548048249,7466431
2017-04-07,70.24325561523438,70.69353276954178,70.06314475351141,70.62148647052466,9205565
2017-04-10,70.35130310058594,70.47738165035118,70.0090905920544,70.26124769158487,5763232
2017-04-11,71.73817443847656,72.6207147250981,70.06314440983344,70.3693289646047,10668096
2017-04-12,71.17981719970703,72.58468561293634,70.60346643981907,72.04435311117709,6620702
2017-04-13,72.04435729980469,72.42258811869871,70.89164594137252,71.25186763015515,5910355
2017-04-17,72.87287139892578,73.17906083747619,71.68414167963572,72.02634938145812,11138596
2017-04-18,72.89087677001953,73.5933110407003,72.63872451102554,72.9449139337792,7675098
2017-04-19,76.07884979248047,76.90736274440624,72.74679862334506,73.0709972193942,29099215
2017-04-20,75.25033569335938,76.51111171033091,74.00756880801667,76.36702399984098,11822555
2017-04-21,74.06159973144531,75.80867601439519,73.41320260321346,75.43044517056322,7938078
2017-04-24,73.79141998291016,74.54788641836734,73.52125374780536,74.38578960879573,7520828
2017-04-25,75.14225769042969,75.61054388720946,73.77341247108619,74.20568041105126,6293621
2017-04-26,74.09762573242188,75.10624949783589,73.5753071606327,75.10624949783589,5977354
2017-04-27,74.83606719970703,75.70059818102912,73.89948993418359,74.2056793133111,13646716
2017-04-28,74.92613983154297,75.17829211255959,74.18768234913303,74.56591809938786,5477289
2017-05-02,74.2056884765625,75.23232128120145,73.66535593578617,75.23232128120145,5123042
2017-05-03,76.0248031616211,77.01541278173409,74.31375018142592,74.52988416661442,10859280
2017-05-04,75.88072204589844,76.63718861673694,75.28635719946094,76.00680062200813,12952295
2017-05-05,75.28636932373047,76.36703463158379,74.76404580393985,76.36703463158379,4993008
2017-05-08,75.64656829833984,75.82667912870903,74.45783388641173,75.32236978083907,6855459
2017-05-09,75.05220794677734,76.18690526763586,74.83607396046638,75.66458187453595,4729357
2017-05-10,75.8266830444336,75.98877986864525,75.28635052542298,75.53850276946974,4623710
2017-05-11,74.9981918334961,76.186926648906,74.27774826748546,76.00681575740333,4946190
2017-05-12,74.29573059082031,75.50247402621083,74.06158262310655,74.92611844213283,5386419
2017-05-15,74.45784759521484,75.28636049894615,74.33177389939952,75.25033734907612,5353854
2017-05-16,74.70999145507812,74.90811141535482,74.29573751988748,74.47584835134593,4077710
2017-05-17,75.21430969238281,75.53850825014749,74.25972315003477,74.7820465773031,3694898
2017-05-18,75.01620483398438,75.43045890164288,74.60195076632588,74.92614938945773,5797418
2017-05-19,74.11563110351562,76.27696120976803,73.5212614156408,75.53850382530689,17793954
2017-05-22,72.94491577148438,74.81806573079096,71.75618119775517,74.56591346544451,7423973
2017-05-23,72.54866027832031,73.30512673510495,71.08975963613163,73.10700189228433,6465473
2017-05-24,72.00833892822266,73.44922577889014,71.50402950765296,72.90889320988984,6650433
2017-05-25,71.66613006591797,72.38657352863855,70.47740030675696,72.29651809579848,9992276
2017-05-26,72.83685302734375,73.44923194461167,71.43198920717509,72.04436812444301,6466364
2017-05-29,75.3223648071289,75.9167295309362,73.16103009959747,73.17904411293627,14504778
2017-05-30,73.5212631225586,75.25033017919525,72.78281060677234,75.25033017919525,10884114
2017-05-31,74.90811920166016,75.39441947431014,73.82745410057998,73.82745410057998,7781359
2017-06-01,74.80005645751953,75.53850900681499,74.33177019003747,74.76403330944716,6369921
2017-06-02,74.2417221069336,75.05222597170935,73.95354664652208,74.9621705296032,6713770
2017-06-05,73.95352172851562,74.69197903646142,73.55727693959578,74.47584507106707,5093948
2017-06-06,73.287109375,74.07959893846522,72.872855465569,74.04357579724977,5324457
2017-06-07,73.86346435546875,74.09760744267098,72.83683171146969,73.44921044952349,7605903
2017-06-08,74.69198608398438,74.81805976369282,73.34114989426695,73.84546415637766,7487370
2017-06-09,74.63794708251953,75.10623818781387,74.38579484350177,74.70999337127839,6432439
2017-06-12,74.27772521972656,74.89010401514781,73.8454621457402,74.34977150830052,3684911
2017-06-13,75.73662567138672,76.78126753736925,74.20568357367223,74.36778039370348,15775215
2017-06-14,75.8266830444336,76.72723724278462,75.46646136509318,76.0067938841038,13639132
2017-06-15,75.77265167236328,76.4570718940996,75.4124299887316,75.64657310592834,5595511
2017-06-16,75.6285629272461,76.18690949669428,74.78204583641931,75.64657694383318,6127735
2017-06-19,76.51110076904297,76.7092207319075,75.62855572904125,75.64656974391379,6393073
2017-06-20,75.03418731689453,77.4476743272818,74.06158690713994,76.45706478934683,12876594
2017-06-21,74.09762573242188,74.92613863463552,73.75541802383307,74.92613863463552,13855413
2017-06-22,72.87287139892578,75.17828942514214,72.04436339891389,74.15165654803539,33713902
2017-06-23,74.2056884765625,74.5659101704134,72.90888940153539,73.12502339500982,9034020
2017-06-27,74.11563110351562,74.4578387721807,72.58468894492017,74.20568652460948,6947747
2017-06-28,74.78205108642578,75.26834650948508,73.26911787787276,74.20569534574749,7103873
2017-06-29,74.92613983154297,75.82669416193075,74.52989494900835,74.92613983154297,7577681
2017-06-30,75.84468841552734,76.02479924627201,74.85407884643168,74.89010198974441,7751039
2017-07-03,76.16888427734375,76.60115221038338,75.46645499342789,75.64656581789126,8768284
2017-07-04,75.89871978759766,76.72723253069019,75.556512144732,76.72723253069019,4530105
2017-07-05,75.6645736694336,76.1688829922588,75.466453720194,76.1688829922588,6062229
2017-07-06,75.59254455566406,76.00679853509061,75.28635513232462,76.00679853509061,5577232
2017-07-07,75.44844818115234,75.79066073462495,74.99817107701432,75.53850360197994,7641379
2017-07-10,76.13286590576172,76.36700900004561,75.64656570328363,75.64656570328363,2844699
2017-07-11,76.34900665283203,76.85332094628343,75.97077581856301,76.5471315212078,13833624
2017-07-12,77.08745574951172,77.44767741402684,76.34899840576432,76.34899840576432,9211263
2017-07-13,77.48370361328125,78.16812382568689,77.24956049927658,78.15011469607853,9596900
2017-07-14,77.51972961425781,77.89796043652153,77.26757247553574,77.89796043652153,4889330
2017-07-17,78.06007385253906,78.33024016202775,77.53775036653289,77.53775036653289,6302565
2017-07-18,77.5917739868164,79.24879481047627,77.35763085523632,78.15012056223614,7549621
2017-07-19,78.76248931884766,79.0686787256471,77.82591196868078,78.31221221644236,8521832
2017-07-20,78.78050994873047,79.2487962202209,78.40227421946236,78.88857450805297,10233967
2017-07-21,77.55574035644531,79.05066414194722,76.90734332804415,79.05066414194722,4948380
2017-07-24,78.07807922363281,78.25819008794736,76.81730317343103,76.81730317343103,6137724
2017-07-25,78.16813659667969,78.74449235396092,77.91597942605038,78.34824746546632,6113154
2017-07-26,78.27619171142578,78.51033972123001,77.64580374679471,78.47431657465863,5258903
2017-07-27,78.04203033447266,78.92457523286869,77.71783186279474,78.4202659562788,21380991
2017-07-28,77.32159423828125,78.09606979358975,76.38501698929062,77.84391757497374,8260545
2017-07-31,80.4375228881836,80.76172632558665,77.32160617238569,77.32160617238569,17403810
2017-08-01,80.83375549316406,81.2660234203635,79.48292432793924,80.61762152956435,15263765
2017-08-02,79.89717864990234,81.41011151701619,79.50093874806569,80.9238113178854,12014487
2017-08-03,80.31147003173828,80.88782099033715,78.97864744688175,79.6090355829424,5285543
2017-08-04,80.90581512451172,81.10393510710394,79.82515001403884,80.8337688294857,7975937
2017-08-07,81.39209747314453,81.50016200606062,80.32944172758965,81.04988497587948,4619568
2017-08-08,80.29342651367188,81.62624860889659,79.77110803859544,81.5902254657626,3229672
2017-08-09,79.9332046508789,81.12193905636634,79.53695984904975,80.18536176635716,4573769
2017-08-10,78.31221771240234,79.89719224693883,77.57376516696068,79.89719224693883,6813656
2017-08-11,78.8525390625,79.42889468924908,76.3670106133272,76.5471214413226,8860877
2017-08-14,80.23938751220703,80.67165542192264,78.88855640161894,78.97861180899147,4990789
2017-08-16,79.50094604492188,80.92381874533747,79.12271035051832,80.58161108181336,5221989
2017-08-17,79.0506591796875,79.8251347166112,78.79850208123858,79.4288899415423,2837686
2017-08-18,80.31147003173828,80.61765464631115,78.780527415591,78.88859199887308,7721084
2017-08-21,79.35684204101562,81.03187651572637,79.08667582068402,80.68966401564559,5203218
2017-08-22,79.06868743896484,80.09532032274706,78.5463639882873,79.95123261126284,6646897
2017-08-23,79.15874481201172,79.53697567466746,78.40227820088033,79.1047125296066,5312780
2017-08-24,79.59101104736328,80.04128820028112,78.90658586627232,79.06868759565067,5492256
2017-08-28,78.20414733886719,79.57298777012227,78.04204562835207,79.57298777012227,9753985
2017-08-29,77.55574035644531,78.72646074192774,77.01540787083803,78.27618367058834,12235532
2017-08-30,77.66381072998047,78.33022178083466,77.1775105098534,78.11408780679831,9313551
2017-08-31,78.97862243652344,79.2487886949952,77.46568943475386,77.89795740263637,8143692
2017-09-01,77.9880142211914,78.78050388125313,77.73585708776652,78.78050388125313,8803556
2017-09-04,78.38426971435547,78.97863459734752,76.65520246240956,78.02404798092758,6239751
2017-09-05,77.87994384765625,78.3842531909831,77.77187441891691,78.34823004807,3937595
2017-09-06,77.1955337524414,77.82592177524171,76.72724746126055,77.44769091588947,4800221
2017-09-07,77.77188110351562,77.86193652562935,76.92535915848286,77.62779340529755,5008597
2017-09-08,76.7632827758789,78.04206815616718,76.51112557247133,77.87997128468001,8588797
2017-09-11,78.90422058105469,79.05060956923562,77.09264258123837,77.22073480734154,6205180
2017-09-12,78.7944107055664,79.16038559100858,78.42843582012424,78.9042061495103,4307268
2017-09-13,78.22714233398438,79.08718420546653,77.95266120248058,78.7944013535516,3679773
2017-09-14,78.30033874511719,79.05058518048594,77.82456847549797,78.06245112838185,6793237
2017-09-15,77.76969146728516,78.11736963179693,76.15940278903334,77.84288347402006,9054445
2017-09-18,78.81269836425781,79.54464800452791,77.76966913410268,77.76966913410268,10470233
2017-09-19,78.99571990966797,79.19700416218,77.87949324760557,79.19700416218,5530915
2017-09-20,77.91609191894531,79.12381232837896,77.76970292006487,79.01401685632862,5687495
2017-09-21,77.4220199584961,77.91608714280366,76.98285298877506,77.91608714280366,5113744
2017-09-22,76.69007110595703,77.3488290154307,76.1594103897219,76.87305858683531,5195124
2017-09-25,76.90966033935547,78.26376974085605,75.99472289613975,76.4887901082469,13057600
2017-09-26,77.12923431396484,78.13566534485939,76.90964836899916,78.13566534485939,6570371
2017-09-27,76.1777114868164,77.97098790869119,75.68364426756177,77.58671616252279,7885119
2017-09-28,76.48878479003906,77.18413620576509,75.02488498267778,75.3908599345181,11633088
2017-09-29,77.22073364257812,77.82459131212426,75.42745243188863,77.22073364257812,13782560
2017-10-03,75.44574737548828,77.67819534341461,75.20786467418479,77.64159685924812,12296210
2017-10-04,76.50707244873047,77.09263329477136,75.04317281555446,75.04317281555446,12075908
2017-10-05,75.00658416748047,76.63517470848493,74.71380618799458,76.48878571874198,17352392
2017-10-06,74.93338012695312,75.33594854316657,74.4942082643629,75.02487385133841,13466622
2017-10-09,73.54267120361328,74.96997228535598,73.06690583098309,74.96997228535598,21446056
2017-10-10,74.93338012695312,75.39084874887952,73.56097426117393,73.57927102051009,14560236
2017-10-11,74.238037109375,75.4274557388125,73.7073763914763,75.17127624309168,11830976
2017-10-12,74.03675079345703,74.73210221074483,73.74397281686836,74.31123200795376,5518551
2017-10-13,75.26277923583984,75.79344498282619,73.2682134572815,74.07336046018759,11394674
2017-10-16,75.29936218261719,76.3423917325325,75.07977623044773,75.64703539002049,11521216
2017-10-17,74.98827362060547,75.7202233986237,74.64059549050597,75.11636582452908,4936452
2017-10-18,78.15396118164062,78.41014560838153,75.39085255138262,75.4640445562711,18484486
2017-10-19,77.09263610839844,77.95267816704852,76.69006270181195,77.8977829215714,559370
2017-10-23,78.15396118164062,78.39184884812254,77.22072713138196,77.93437523927021,14162373
2017-10-24,78.70294189453125,79.01402163838759,77.36713413264026,78.06248564229618,7050716
2017-10-25,79.08720397949219,80.14853029389795,78.24545865410968,79.05060549337074,16306452
2017-10-26,77.58670806884766,78.9591141103589,77.1292393883439,78.46504694264428,23524154
2017-10-27,77.49520874023438,78.15396160707913,77.00114160817455,77.71479468380012,9985329
2017-10-30,77.73309326171875,78.50164160024288,77.53180903765767,77.5684025592305,4118717
2017-10-31,77.53179931640625,80.11192023953198,77.11092423256343,77.84287399388727,16442260
2017-11-01,76.98284912109375,78.0990706973895,76.36068974043046,77.89778646686166,12417385
2017-11-02,78.75782012939453,79.16038854733358,77.51350150133915,77.58669846670203,16259892
2017-11-03,76.87303924560547,80.69747861927509,76.70835353256174,80.69747861927509,26293141
2017-11-06,77.1109390258789,78.0624748909173,76.671772063144,77.1292407517343,7985183
2017-11-07,75.99470520019531,77.6598889735559,75.57383506708956,77.44030800939788,9702210
2017-11-08,76.1777114868164,76.83646446992032,75.81173650423571,76.12281623219998,12777065
2017-11-09,76.122802734375,76.78155560067118,75.024877981313,76.78155560067118,9492091
2017-11-10,77.34883117675781,77.58671391577602,75.57385156987037,75.75683905586179,8999608
2017-11-13,77.22073364257812,78.08077576046644,76.59857424737733,77.5501101019803,7885278
2017-11-14,75.73853302001953,77.2390313125532,75.42745331876147,77.22073455053629,4927717
2017-11-15,75.75682067871094,75.95810487893253,74.80528498960919,75.6470252354384,8653007
2017-11-16,76.23259735107422,76.43388654501076,75.07977729072047,75.79343040438614,18027175
2017-11-17,76.34237670898438,76.8364387993224,76.03129708494995,76.5985561328908,9193722
2017-11-20,76.41557312011719,76.96453544231727,75.26275323626744,76.96453544231727,8277194
2017-11-21,75.61044311523438,76.4704802493195,75.31766018622743,76.4704802493195,15596732
2017-11-22,75.7751235961914,76.17769699320702,75.06147053039768,76.17769699320702,8665005
2017-11-23,76.50707244873047,76.78155362995098,75.59213517799546,76.08620229696284,6824919
2017-11-24,77.29393005371094,77.53181775379346,76.12281313540754,76.30580061925369,7734712
2017-11-27,76.90966033935547,77.53181978628348,76.12281513096062,77.51351805910717,14811199
2017-11-28,76.25091552734375,76.85477331172974,75.4640652708746,76.85477331172974,21546865
2017-11-29,76.39727783203125,76.76325272054201,75.95810598027748,76.34238259152505,7324543
2017-11-30,75.40914916992188,76.30578969797745,75.0797727389115,76.30578969797745,19256592
2017-12-01,74.27462768554688,75.88492132185276,74.000146492611,75.75682910571216,8172074
2017-12-04,74.2014389038086,74.64060585328028,73.52438427237202,74.4759201086732,7124561
2017-12-05,73.3048095703125,74.0916548189594,72.04219384854284,73.92696904906785,17485101
2017-12-06,73.2864990234375,73.50608000866409,72.70093814717713,73.08520983517629,5557173
2017-12-07,74.03675079345703,74.29293524586184,72.99372118559883,73.28650412604048,11119755
2017-12-08,74.32952880859375,74.58571326113142,73.15841193777877,74.29293528439092,14615599
2017-12-11,74.76869201660156,75.17126541055366,74.1465326837799,74.585704561519,8231500
2017-12-12,74.25634765625,74.84190865922167,73.89037264987442,74.84190865922167,8310332
2017-12-13,73.37799835205078,74.0916465361751,73.14011066015632,73.56098582959851,12105970
2017-12-14,73.23160552978516,73.78056797090551,72.64604956367258,73.67077746822267,12838407
2017-12-15,72.7741470336914,73.98186755182206,72.2800847384851,73.70738629277243,22654959
2017-12-18,73.15840148925781,73.23159349106312,70.77956463546579,72.81072334816268,16832008
2017-12-19,74.14653778076172,74.2929317259731,72.90222399343418,73.45118639641863,20133065
2017-12-20,74.27462768554688,74.42101666234215,73.17670291380337,74.32952293136353,14097971
2017-12-21,74.32952880859375,74.95168821398353,73.96355385574164,74.95168821398353,7881749
2017-12-22,74.31124877929688,74.51253306314791,73.87207675144396,74.29295201307555,7399925
2017-12-26,74.0916519165039,74.65891611640681,73.63418318941449,74.25634264379744,7946762
2017-12-27,73.63416290283203,74.84188298792716,73.487773943265,74.10993322623995,7831439
2017-12-28,72.8839340209961,73.94526043951957,72.64605128364909,73.72567446510187,15796200
2017-12-29,73.32311248779297,73.81717976663649,72.99373595651528,73.03033445195813,8561565
2018-01-01,73.26820373535156,73.83546790062789,72.84733352489046,72.84733352489046,6388017
2018-01-02,73.46946716308594,73.85373875001397,72.93880167270787,73.65245457854716,4383705
2018-01-03,73.79887390136719,74.09165190110221,73.41459719237993,73.74397864689854,8187397
2018-01-04,73.32311248779297,74.23805005459431,73.19502519952397,73.92697525296505,4204055
2018-01-05,73.65248107910156,73.94525906364206,73.41459338232765,73.67077784169042,4923559
2018-01-08,73.39628601074219,74.3844202524804,73.21329855589084,73.92695161535204,11797863
2018-01-09,73.56098937988281,73.70737837621559,73.30480491341052,73.59758290607607,7380366
2018-01-10,73.14010620117188,73.8903577916903,72.64604401299592,73.8903577916903,8710385
2018-01-11,72.40814971923828,73.30479020816827,72.20686551014082,72.86561834341639,12305664
2018-01-12,71.85919952392578,72.57285268388623,71.62131679189,72.49965570609687,9411915
2018-01-15,72.9388198852539,73.28649804698468,71.42002495045871,72.38985750179643,9962401
2018-01-16,71.80430603027344,72.93882943066302,71.12725134263343,72.8656324510818,13205546
2018-01-17,72.24345397949219,72.71921929715275,70.99914048696711,71.7310901841997,13012437
2018-01-18,72.09709167480469,73.1218196440567,71.63962294498621,72.6826476778896,24603506
2018-01-19,71.76769256591797,72.46304883529152,71.10893974255082,72.09707394145373,8082214
2018-01-22,71.47491455078125,72.07877213211992,71.3651240683023,71.78599420294123,9833311
2018-01-23,71.67620086669922,71.85918831878595,71.01744802472793,71.47491665494475,16134097
2018-01-24,71.71280670166016,72.07878164335222,71.42002873384763,71.47492398233088,11061376
2018-01-25,71.10894775390625,72.04218185279281,70.68807757134668,71.9872866053029,13143678
2018-01-29,71.05404663085938,71.73110119752224,70.99915138790884,71.18213884031219,11002896
2018-01-30,71.3468246459961,71.785996517778,69.79143129889265,70.92595449778563,22826262
2018-01-31,70.92595672607422,71.47491910112225,70.26720386155759,71.3468268875072,14372442
2018-02-01,71.31022644042969,71.42002189072895,69.16927224389633,71.18213919419243,17028230
2018-02-02,70.5965805053711,71.18214136661423,69.90122419047785,71.18214136661423,22083930
2018-02-05,71.9140853881836,72.07877110956571,69.53524365098268,69.53524365098268,21997294
2018-02-06,71.3468246459961,71.58470734160615,69.53524687971114,69.53524687971114,13495253
2018-02-07,71.54812622070312,72.04218845725812,70.77957779382962,71.65791672574797,14316750
2018-02-08,71.60370635986328,72.14110665962681,71.28867877127256,71.90020498370995,33536651
2018-02-09,71.60370635986328,72.01138882587195,70.78834142784596,71.1589659643665,15183068
2018-02-12,73.56800842285156,73.77184718578162,71.6407845519587,71.97434117623058,11747845
2018-02-14,72.4375991821289,73.54945769465144,71.78901504982409,73.54945769465144,13853923
2018-02-15,73.34561920166016,73.49386599841195,72.15963477394828,72.64144314695257,8833619
2018-02-16,72.47466278076172,73.47533746164741,72.17816918553198,73.41974051404915,6252218
2018-02-19,71.95579528808594,72.99352788111143,71.75195154623717,72.49319054892644,4332550
2018-02-20,72.27082824707031,72.77116058963495,71.80755383591855,72.23376528880836,8479558
2018-02-21,71.88166809082031,72.60437811624959,71.64076642462676,72.4931892517266,9258406
2018-02-22,70.51036834716797,72.08550610139147,70.13974888190319,71.64076073233446,25535938
2018-02-23,71.62224578857422,71.84461348977898,70.54744510745493,70.64009999190665,11567495
2018-02-26,72.6970443725586,73.08619289219894,71.52959378678817,72.27083289227407,8362326
2018-02-27,73.29003143310547,73.47534119625517,72.47466646450714,73.10472166995577,17333449
2018-02-28,73.27149200439453,73.4568017537954,72.41906916788993,72.93793546084267,5795018
2018-03-01,73.16030883789062,73.56799129568921,72.47466175343602,73.04911997111898,8106682
2018-03-05,72.9935302734375,73.03059323015641,71.99286060311977,72.93793835178354,6992551
2018-03-06,71.5851821899414,73.1973781703691,71.19602866261104,73.04912633509136,9525018
2018-03-07,71.65929412841797,71.90020081722353,70.88099219783876,71.43692645697979,9481007
2018-03-08,72.41907501220703,72.60438477656267,71.30721642607325,71.84461172659513,10429826
2018-03-09,71.49251556396484,72.511719116429,71.08483313760951,72.45612720075518,9887071
2018-03-12,72.27082824707031,72.51172993549942,71.52958918922751,71.7148989536882,14242997
2018-03-13,72.28935241699219,73.0120624611829,71.62223931993059,72.23376049671184,10581316
2018-03-14,72.02992248535156,72.71556962830283,71.71489990307724,72.14111136160939,8577503
2018-03-15,72.19670104980469,72.5487916067737,71.82608152745793,71.88167345044015,6132848
2018-03-16,71.25163269042969,73.0676675844452,70.91807105477712,72.04846376336153,10373796
2018-03-19,71.97431945800781,72.30787598162914,71.34426936380052,71.67782588742183,13496140
2018-03-20,72.2337646484375,72.67850506309101,71.45546263923258,71.93726601181946,9661410
2018-03-21,71.97431945800781,72.45612779377049,71.75194676664414,72.45612779377049,9675146
2018-03-22,71.41840362548828,72.15964271769586,71.25162784585116,71.97433294464396,11371840
2018-03-23,71.99285888671875,72.36347839137422,70.78834046973974,70.78834046973974,9062739
2018-03-26,72.2337646484375,72.45613736918877,71.99286296214406,72.04845488561962,15451169
2018-03-27,72.6229019165039,72.77114869847841,72.3078743630279,72.3078743630279,7563470
2018-03-28,71.62224578857422,72.56732359924206,71.27015521691801,72.45613974863967,14095921
2018-04-02,72.2337646484375,72.34494849538862,71.49252559716597,71.49252559716597,6821616
2018-04-03,73.58651733398438,73.93860785782105,72.10403938410113,72.19669425596884,6269850
2018-04-04,72.65997314453125,74.08685926560783,72.14110683509854,73.73476871982376,9689298
2018-04-05,72.73410034179688,73.54946026334706,72.64144546251738,73.34562153967174,8673501
2018-04-06,72.6229019165039,73.34561189054598,72.54878103894077,73.19736510857147,7948746
2018-04-09,72.58586120605469,72.8267679557862,72.34495948317299,72.64145816482338,4610445
2018-04-10,72.9935302734375,73.6235854571126,72.75262859503779,72.95646731671857,7562115
2018-04-11,73.0120620727539,73.45680245947935,72.56731665917975,73.38268157511614,5790314
2018-04-12,72.77115631103516,73.34561956319705,72.67850143425247,73.08618389746603,3537785
2018-04-13,73.1973648071289,73.38267454054596,72.78968238824174,72.8267453402948,3438013
2018-04-16,73.82742309570312,74.45747827013496,72.93793728174255,73.1047180711065,9628436
2018-04-17,75.93995666503906,76.7738505621439,74.93928197777375,75.30990148759811,23457958
2018-04-18,75.97702026367188,76.27351386329829,75.73611355877044,76.01407819348853,8814122
2018-04-19,77.12593841552734,77.42243200229971,75.95848297884562,76.1623267182442,10627620
2018-04-20,76.79237365722656,77.68186443429538,76.42175417573071,77.38536583298963,5446620
2018-04-23,76.64411926269531,77.05180165724599,76.05112714578961,77.05180165724599,4139986
2018-04-24,76.51439666748047,77.16298065516924,75.90287562731486,77.16298065516924,3594644
2018-04-25,76.84797668457031,77.83011738291545,75.56933736144724,76.49588613853676,5924775
2018-04-26,76.71826934814453,77.34831958666896,76.42177068279521,76.92210809625695,7950190
2018-04-27,77.05181884765625,77.34831245883343,76.75532523647907,76.90357204206767,7371596
2018-04-30,77.03328704833984,77.45949848379716,76.73678842122037,76.92209817810172,5644871
2018-05-02,76.03262329101562,77.49657259177008,75.86584247508425,76.71827049550632,7210903
2018-05-03,76.51439666748047,76.92207903654007,75.32841753467243,75.97700152236119,3782713
2018-05-04,76.86650848388672,77.01475528831799,75.79171286819869,76.71826167945544,22466426
2018-05-07,77.57068634033203,77.83012202412745,76.718263425317,76.718263425317,6003886
2018-05-08,78.84931945800781,79.31259383727111,77.40390440007607,77.64480607192324,19748071
2018-05-09,78.51575469970703,79.20140171468653,78.25631906370997,78.57134661403549,13934330
2018-05-10,77.08887481689453,78.49722688257866,75.86582747125965,78.27485418093153,13973187
2018-05-11,76.66267395019531,77.45950496609917,76.32911233841524,77.38537904640377,10688957
2018-05-14,77.47801208496094,77.75597666516296,76.34762480287856,76.34762480287856,13962128
2018-05-15,79.25701141357422,80.05384243601232,77.32978775418263,77.45950560128868,56040833
2018-05-16,79.10874938964844,79.68320756757552,78.77518783926665,79.46083487627045,18183776
2018-05-17,79.10874938964844,80.05382704413451,78.6825329701269,78.75665887617805,17900935
2018-05-18,78.92344665527344,79.68321971414494,78.6084240736563,79.20141633191355,18414996
2018-05-21,78.81224822998047,79.4793662822066,78.42309980298472,79.4793662822066,16669979
2018-05-22,78.10807800292969,79.31259135125941,77.6448036381875,79.21993647831098,9411261
2018-05-23,78.31190490722656,78.73811625316868,77.71891280437985,78.20072108718873,18219990
2018-05-24,78.47869873046875,78.71960039855828,78.34898090092865,78.71960039855828,17260447
2018-05-25,78.58988189697266,78.96050139143301,77.92276881768346,77.92276881768346,30090956
2018-05-28,76.6997299194336,78.7566713563994,76.4588282268653,78.66401647257703,17488299
2018-05-29,76.71826934814453,77.71893914821847,76.25499489620766,77.1815438000814,15749359
2018-05-30,77.64480590820312,78.55282067353532,76.71825715163024,76.71825715163024,36016623
2018-05-31,77.62628173828125,78.83079527422171,74.71691726917828,77.79306254630507,274352477
2018-06-01,76.32910919189453,77.05181928515995,74.25363882132247,76.68119975565955,17096388
2018-06-04,74.75398254394531,76.69973523916816,74.3463000214811,76.69973523916816,14456405
2018-06-05,73.69771575927734,74.5501437653228,72.30789240612121,74.42042591365833,13788817
2018-06-06,74.53158569335938,75.3284215132266,73.19735972683766,73.19735972683766,8130515
2018-06-07,75.14311981201172,75.58786017269942,73.4753321490239,74.66131147103951,7683528
2018-06-08,73.34561920166016,74.56866155842341,72.91940777593047,74.45747771757175,12429285
2018-06-11,72.53025817871094,73.84596050938528,72.08551776454489,73.60505379650685,19668041
2018-06-12,72.28935241699219,72.80821871768997,71.67783124021092,72.80821871768997,13416832
2018-06-13,73.43827819824219,73.88301861344974,72.30788562753544,72.75263106959204,10866676
2018-06-14,73.69771575927734,73.88302553969815,72.86382174738367,73.45681405010018,7205187
2018-06-15,73.32708740234375,73.75330386766363,72.73410019760968,73.69770691872701,9527937
2018-06-18,73.62358093261719,73.93860850509489,72.7340951602702,73.32708232393581,4303444
2018-06-19,73.6421127319336,74.01273223691923,72.93793667783062,73.21590130656985,8099053
2018-06-20,73.80890655517578,74.01274530817798,72.9379495592716,73.64212573773789,8160216
2018-06-21,72.4375991821289,73.62358360622576,71.82607800561125,73.41973986282072,10942576
2018-06-22,73.27149200439453,73.53092766429523,71.93726080333843,72.71556275619187,7677797
2018-06-25,71.97431945800781,73.4938603176698,70.97364486029548,73.27148762630613,8701812
2018-06-26,70.6956787109375,72.15962762254209,70.0470946409339,71.8631340584226,9869227
2018-06-27,69.37998962402344,71.34427605051472,68.8240603569342,71.14043230313936,13094540
2018-06-28,68.49050903320312,69.95445319890828,67.87898277121887,69.82474038149269,22542641
2018-06-29,69.2502670288086,70.54743522950501,68.23106344254711,68.65727484597767,8435793
2018-07-02,68.58316040039062,69.43558328723866,68.00869712721133,69.30586544962728,13100144
2018-07-03,68.39786529541016,68.73142193013157,67.15628862969979,68.21255549535935,9990760
2018-07-04,67.82340240478516,70.13977492268936,67.50837473698017,68.65729651123067,10626271
2018-07-05,67.32305145263672,68.10135346815058,66.91537399261196,67.87898074559675,7739370
2018-07-06,67.37865447998047,67.78633197677178,67.0265638852794,67.32305752419117,7229617
2018-07-09,68.37931060791016,68.56462035188675,67.45276188802717,67.52688779635722,10238815
2018-07-10,68.21255493164062,68.69435839705099,67.97164817208544,68.56464053271742,7258266
2018-07-11,67.78632354736328,68.47197065729044,67.6010137893748,68.11988513322167,3825437
2018-07-12,67.67511749267578,68.04573688701731,67.30449809833424,67.89749013465016,11523981
2018-07-13,67.36009979248047,67.95309191498403,67.1747900683761,67.52688055491359,4793733
2018-07-16,67.21188354492188,67.63809509856947,66.93391883251905,67.10069967070085,12191173
2018-07-17,67.2489242553711,67.54541783973372,66.71152397850918,66.97095963496292,4698206
2018-07-18,66.15557861328125,68.11986446817689,65.98880289779454,67.67511917318423,5845129
2018-07-19,65.76643371582031,67.00800978848882,65.63671591237477,66.37795475852342,5980121
2018-07-20,65.15493774414062,65.95176880499417,64.52488247173572,65.78498798969595,5273662
2018-07-23,65.61820983886719,65.97029539748277,65.09933844410841,65.21052732592075,6336970
2018-07-24,65.87763214111328,66.13706780553716,65.32170288321821,66.04441292922131,6260188
2018-07-25,65.0993423461914,66.34091892632874,64.74725676647168,66.21120106986369,7757736
2018-07-26,67.39717102050781,68.11988104401851,64.5619328988518,65.3217008502565,33869484
2018-07-27,66.6744613647461,68.4905009155129,66.0444112380411,67.91603768095551,19690254
2018-07-30,67.89749908447266,68.10133776749034,66.7300488437803,67.04507134901709,10288607
2018-07-31,67.56396484375,68.78700739837167,67.3971840286427,68.06429723537278,11713824
2018-08-01,68.45343780517578,68.84258626411466,66.76711608712725,67.82338265305239,10299992
2018-08-02,69.93592071533203,70.51037896223563,68.47197159640496,68.99084294736831,12305598
2018-08-03,70.4918441772461,70.76980879509294,70.0470987779517,70.34359738643082,7491196
2018-08-06,70.21387481689453,71.10336052855558,69.91738125529025,71.10336052855558,4944677
2018-08-07,70.08415985107422,70.65862306197965,69.54676462043827,70.36212446145957,3270258
2018-08-08,70.23241424560547,70.67715968113698,69.62089304188636,70.08416744271129,6225545
2018-08-09,71.3813247680664,71.52957657497,69.62088231614418,70.23240342565278,6328977
2018-08-10,70.62156677246094,71.84460916282427,70.08416646426708,71.78901724087119,4909902
2018-08-13,69.67648315429688,70.41772217635805,69.36146059139995,69.89885586628499,2537940
2018-08-14,69.63943481445312,70.04711231124742,69.13909740029251,69.5097169623597,2304692
2018-08-16,69.56529998779297,70.417722860708,69.34292727364374,69.4541161441428,3661689
2018-08-17,69.3429183959961,70.04709437827559,68.84258110992837,69.86178464468371,4022502
2018-08-20,69.54676818847656,69.9915085718011,68.78699519833471,69.4911712420684,2487784
2018-08-21,69.50971221923828,69.78767687182125,68.87965699597721,69.54677517828584,3655095
2018-08-23,70.4918441772461,70.78833775887664,69.50970353289027,69.50970353289027,9442607
2018-08-24,70.7697982788086,72.12255821260881,70.25093207463358,70.60301752214443,8393334
2018-08-27,73.30856323242188,73.49387300273473,70.75128940747435,70.84394429263078,14042229
2018-08-28,73.06765747070312,74.29069987597487,72.5487911480681,73.23443323859529,8224129
2018-08-29,71.54812622070312,73.77184364491585,71.19603561779626,73.01207553571636,6955827
2018-08-30,72.9935302734375,73.45680466530187,71.30721349779071,71.62224108962826,22347117
2018-08-31,74.67985534667969,74.95781999397231,72.2152314525392,72.2152314525392,11854651
2018-09-03,72.08551788330078,75.97702290462212,71.90020812038073,75.18018690258661,8999761
2018-09-04,72.06698608398438,72.80822515822142,71.02925339079218,72.0855200769498,5387824
2018-09-05,72.51171112060547,73.01204836019474,71.43691577098451,71.95578197147245,7334087
2018-09-06,73.86449432373047,74.77251423088931,72.4561420461467,72.64145182092611,16457730
2018-09-07,72.53025817871094,74.45748172064425,71.4739915264369,74.45748172064425,4580610
2018-09-10,72.54906463623047,73.31986607372316,71.49626889211319,72.62426651787413,6293799
2018-09-11,70.27427673339844,73.26346760590623,70.01107522772634,72.58667101962945,9560546
2018-09-12,72.86866760253906,73.41386851451206,70.34947077453505,70.34947077453505,13582243
2018-09-14,75.25625610351562,75.93305259520874,72.90626120205992,73.41386112073742,22816500
2018-09-17,75.91423797607422,76.5346354736185,74.22224201923662,74.22224201923662,15162744
2018-09-18,74.78627014160156,76.66626639002538,74.50427070433798,75.76386921074518,4937349
2018-09-19,74.56065368652344,75.199854314731,73.77105441044797,74.82385514515364,6025625
2018-09-21,75.35025787353516,75.91425666465969,73.3574590850059,74.82386002178202,11174973
2018-09-24,74.29745483398438,75.33145258659107,73.15065936647397,75.19985695247519,3992299
2018-09-25,72.41744232177734,74.6734369012905,72.06024623990957,74.07184242660496,10770907
2018-09-26,72.5114517211914,72.94385481951385,70.76305670994724,72.73705222905207,7286693
2018-09-27,73.15064239501953,73.65824219395013,72.24824558570631,72.56784583687107,8101331
2018-09-28,70.83826446533203,74.42905457281371,70.4434622688169,73.13186046950318,10284429
2018-10-01,72.34227752685547,72.90627642093722,69.89828231916786,70.80067952973539,4684738
2018-10-03,71.0450439453125,72.30464189107532,70.81944347595268,71.6278404829959,10349581
2018-10-04,71.15784454345703,71.79704504951123,69.39065184404899,70.68784567130369,11239097
2018-10-05,70.4246597290039,72.02265612954368,70.06745849366318,71.06385522933087,7035573
2018-10-08,70.18026733398438,71.08266435897843,68.61986663472709,70.12386337632229,4680183
2018-10-09,70.14266204833984,71.23305859845519,69.67266309571986,70.33066162938783,5552286
2018-10-10,70.3682632446289,71.0450597030069,70.01106199726465,70.01106199726465,3526073
2018-10-11,69.82305908203125,70.87585465588803,69.20266150815797,69.91705886897613,10016561
2018-10-12,70.8570556640625,71.34585250883863,69.97345666021508,70.02985551156391,6856067
2018-10-15,70.72545623779297,71.43985360084399,69.9734579398835,70.85705695989009,6926558
2018-10-16,70.38705444335938,70.9886540710487,69.59745525075554,70.66905379073113,6530627
2018-10-17,71.10145568847656,71.4774548390269,70.68785560290821,70.70665862032465,4151254
2018-10-19,71.12025451660156,71.98505047200116,70.33065532699369,71.06385056748955,9497796
2018-10-22,71.12025451660156,71.81584882429428,70.7818512211878,71.21425429870216,4377225
2018-10-23,71.79705047607422,72.43625103044046,69.8606559964088,70.68785101403121,4599675
2018-10-24,71.59026336669922,72.28586287078356,71.21426418609312,72.00385838551371,4510189
2018-10-25,71.92866516113281,72.24826550039299,70.19906782497387,71.3270654224929,7455415
2018-10-26,70.83826446533203,71.81585824760133,70.61266393872556,71.571459802034,6390862
2018-10-29,71.27064514160156,71.62784121356839,70.46224812631307,71.21424629863985,8374975
2018-10-30,69.99227142333984,71.27066770098477,69.78546880060212,71.06386507824705,5105532
2018-10-31,69.91705322265625,70.21785047666233,67.22866055310311,69.59745295289076,9622136
2018-11-01,70.8570556640625,71.17665595479217,69.76665917199782,69.97345666021508,5603131
2018-11-02,71.38345336914062,72.30465330620557,70.95105537616075,71.082656095715,6034462
2018-11-05,69.95464324951172,71.25183694249175,69.55984117788104,71.08264042591885,4872816
2018-11-06,70.72545623779297,71.06385445188926,69.55985785607032,70.34945708883824,7337064
2018-11-07,71.08267211914062,71.43986832437572,70.72547081408962,71.43986832437572,223308
2018-11-09,72.07905578613281,72.26705536476287,70.98865925004151,71.06385602160455,9231137
2018-11-12,69.91705322265625,72.53024912861507,69.27785268312527,72.00384628438277,3906667
2018-11-13,69.20267486572266,70.68786872623645,68.75147376137001,70.31186950588118,7750412
2018-11-14,69.91705322265625,70.31185025601604,69.22145383547593,69.29665569888466,9918943
2018-11-15,70.34945678710938,70.87585457342531,69.76666014865509,69.93585670507014,8814911
2018-11-16,70.72545623779297,71.43985360084399,70.01105887474193,70.31185615397979,5537047
2018-11-19,71.3270492553711,71.62784650660403,70.55625311170272,70.76305058444856,5155461
2018-11-20,70.83826446533203,71.85345918533828,70.49986112551471,71.85345918533828,2673334
2018-11-21,68.46946716308594,70.63146245331737,68.1686698582842,70.49986172003588,6426666
2018-11-22,67.60466766357422,69.07106337490451,66.85266933983405,69.07106337490451,6231287
2018-11-26,68.60106658935547,68.75146523889089,67.24746854390632,67.69866959232776,5022526
2018-11-27,68.63866424560547,69.5410611994965,67.79266614511732,68.41306373217897,6727512
2018-11-28,69.29666900634766,69.55986537919259,68.24386821552172,68.39426687140673,9281286
2018-11-29,67.86785125732422,70.87584398675943,67.41665540779736,69.54104925299818,16395530
2018-11-30,67.73624420166016,69.01464507160495,67.04065002807756,68.05584441914635,10573839
2018-12-03,69.1086654663086,70.87585849675021,68.0934656723628,68.0934656723628,11107638
2018-12-04,70.4058609008789,70.76306215747448,68.48826408616388,68.95826305546584,6304336
2018-12-05,68.99586486816406,70.57506346497637,68.61986568795307,69.59746457646472,5774768
2018-12-06,68.99586486816406,69.71026739041717,68.69506756392137,68.99586486816406,8600328
2018-12-07,68.67626190185547,70.31185929278658,67.92426357037587,69.10866502230829,8378029
2018-12-10,67.41667938232422,68.58227289963415,66.42027735650991,67.8678753923041,6431248
2018-12-11,67.79265594482422,68.16865504402274,66.60825470249755,66.85265819682792,6514193
2018-12-12,68.63866424560547,69.10866319032111,67.94306478746334,68.01826155872888,7396629
2018-12-13,68.63866424560547,68.80786080581413,68.09346342980935,68.56346237452499,4251108
2018-12-14,69.82305908203125,70.02985657338407,67.8678614736517,68.24386062143124,9276710
2018-12-17,72.39867401123047,73.90267101256813,71.32707512781414,71.43987286298797,23727234
2018-12-18,73.82745361328125,74.07185715450855,71.77826118933227,72.53025953202514,15507368
2018-12-19,74.82386016845703,75.01185976586707,73.33866130899155,73.33866130899155,11434466
2018-12-20,74.42903900146484,74.80503810054086,73.28224378920868,74.09064083225927,7938383
2018-12-21,74.03425598144531,74.86145109588192,73.56425701876027,74.44785608857119,8722621
2018-12-24,72.92504119873047,74.37263872221763,72.6430418798621,74.07184148868366,8563441
2018-12-26,73.43265533447266,73.80865449973194,71.94745659177245,72.79345471360585,4766041
2018-12-27,73.90266418457031,75.0118639105024,72.7558686169313,73.33866536117753,46486470
2018-12-28,74.09066009521484,74.57945701117113,73.54545921988127,74.25986177371576,5142112
2018-12-31,74.6922607421875,75.19986068407309,73.69586387837687,73.95906025948437,6317785
2019-01-01,75.1998519897461,75.38785156872231,73.73345119387965,74.24105107707841,3961625
2019-01-02,73.41386413574219,75.19986033419688,72.94386513614884,74.86145697463725,7876559
2019-01-03,72.58665466308594,73.31985504951444,72.19185759335667,73.2822541143462,7942863
2019-01-04,73.65826416015625,73.97786450663152,71.96626772568021,72.68066520027364,4017540
2019-01-07,74.61705017089844,74.7862518317576,73.63945134109936,73.73345113050668,3592512
2019-01-08,74.20346069335938,74.63586386634616,73.62066395558298,74.41026331953037,3990870
2019-01-09,74.29745483398438,74.72985797401759,73.54545646845223,74.20345503829286,4087529
2019-01-10,73.56425476074219,74.24105120630867,73.282255391787,74.24105120630867,3589725
2019-01-11,73.0754623413086,73.65826417317608,72.66186729266053,73.28226496544828,2995789
2019-01-14,72.3798599243164,73.0754543022376,71.81585607495543,72.96265659225446,5370460
2019-01-15,72.36105346679688,74.82385094931318,71.59025725231271,74.82385094931318,11498868
2019-01-16,72.19185638427734,73.00025352768829,72.04145264612339,72.379855957155,8515441
2019-01-17,72.90626525878906,73.15066372217647,72.19186778895832,72.19186778895832,5325531
2019-01-18,72.79347229003906,73.95907100374686,72.37987718824081,72.94387607231074,4366941
2019-01-21,71.90985870361328,73.20705791867339,71.68426327474654,72.9250585327747,4067143
2019-01-22,71.3270492553711,71.90984584206528,70.87584827870732,71.81584606357819,3577455
2019-01-23,70.04867553710938,72.00386849077003,69.82307497712115,71.27067304557829,6173490
2019-01-24,70.21785736083984,71.10145639335586,69.76666143559534,70.19905944305192,6157088
2019-01-25,69.87946319580078,71.10146051809443,69.65386267018353,70.5374617539589,3868441
2019-01-28,70.61267852783203,70.91347589224415,68.4318797864872,69.93587680818034,7440853
2019-01-29,69.78545379638672,70.61265390985432,69.05225346400341,70.23665478551713,17469350
2019-01-30,70.34945678710938,70.65025916487194,68.95825790201778,69.59745849242523,12711500
2019-01-31,70.9134521484375,72.00384860410655,70.23665575521245,70.87585121552175,25774313
2019-02-01,71.51505279541016,72.1354503480154,69.89825855530987,71.7970521465775,9474849
2019-02-04,69.40945434570312,71.25184902632991,69.0898540715563,71.25184902632991,3678667
2019-02-05,69.97344970703125,70.2930499660026,68.99585101480712,69.22145149759949,5500377
2019-02-06,70.23666381835938,70.96985914522133,69.46586245444993,70.02986121348921,4322649
2019-02-07,69.40945434570312,70.57505264563092,69.18385385219864,70.29305330370393,4309303
2019-02-08,68.05587005615234,70.66906651905704,67.86787045737692,69.40946818729854,7692145
2019-02-11,68.5634536743164,68.88305393613106,66.87145768804223,67.52945612714885,7913450
2019-02-12,68.14985656738281,70.08625613705449,67.84905930791909,68.8078550347974,11930402
2019-02-14,65.78107452392578,67.24747032030888,64.85987448398733,66.73987040237984,36962390
2019-02-15,68.24385070800781,68.50705211314555,66.77745526464608,67.07825249924856,16005610
2019-02-18,67.96185302734375,68.99585055847365,67.51065716455741,68.22505443882977,7973918
2019-02-19,67.47307586669922,68.80787102806582,67.2662732404123,67.77387319607837,10824411
2019-02-20,68.35665893554688,68.65745619408627,67.15345970176031,67.96185679642262,9658184
2019-02-21,68.35665893554688,68.80785482335597,67.99945772869367,68.69505712635731,9197823
2019-02-22,68.39425659179688,68.65745802489822,67.86785882540883,68.31905982506409,12182132
2019-02-25,68.41305541992188,68.61985289054468,67.11585645019176,68.05585422541233,29907322
2019-02-26,68.13105010986328,68.69504872551309,67.24745125871581,67.49184963886796,13683801
2019-02-27,68.22506713867188,69.2966657994616,67.62346744315701,68.16866828280192,13566494
2019-02-28,68.75146484375,69.46586224979873,67.90546670768346,68.7702627624032,69863939
2019-03-01,68.883056640625,69.0898541182521,68.46945658555632,68.84545570837976,7227772
2019-03-05,68.80787658691406,69.72907676976013,68.65747791007408,69.18387582892207,15733697
2019-03-06,69.37184143066406,70.08624371999638,68.31904610924845,68.84544376995625,20336766
2019-03-07,70.3682632446289,71.25185720422931,69.40946231214251,70.31185928991817,12295538
2019-03-08,70.3118667602539,70.85706764840566,69.65386815032657,70.68786596592668,6211299
2019-03-11,73.05665588378906,73.69585650215858,70.59385830107358,70.8758576739163,17678891
2019-03-12,73.82745361328125,75.95185301124074,73.1882580818814,73.1882580818814,26457157
2019-03-13,73.22586059570312,74.54185772375214,72.60545786977066,74.48545376698355,6930222
2019-03-14,72.71421813964844,73.54756214594299,72.57855626485785,73.2374823668731,8466765
2019-03-15,74.90419006347656,75.27240921489324,72.52043093113167,72.52043093113167,14301914
2019-03-18,76.37706756591797,76.66776934962776,74.90418063133248,75.25302172034549,14247336
2019-03-19,77.13288879394531,77.59800846032381,75.69875799392659,76.0475990580088,16995997
2019-03-20,76.51272583007812,77.46234845762233,76.16388475756814,77.22979124741131,9060589
2019-03-22,76.9391098022461,77.84997138297709,76.41584542665508,76.70654727340622,8782833
2019-03-25,78.29569244384766,78.87709594445465,75.62123213530099,76.4351980875894,14506515
2019-03-26,78.62516021728516,79.03214587376549,77.28793515020526,78.35384170349205,8371544
2019-03-27,77.59800720214844,79.34221775147218,76.93908637116431,78.68329692048805,11579885
2019-03-28,76.84219360351562,77.52049777504548,76.14450615848291,77.52049777504548,17034861
2019-04-01,75.79566192626953,77.40421070071446,75.62123875793483,76.82280714919025,10617688
2019-04-02,77.44297790527344,77.83058030256761,75.97009089843318,75.97009089843318,17946031
2019-04-03,77.88871002197266,78.50887483273465,77.57863024518831,77.67553083258258,15076661
2019-04-04,77.26854705810547,78.78020046334274,76.93908925884482,78.08251306311166,10130253
2019-04-05,76.08637237548828,77.79182193626643,75.98947177252141,77.79182193626643,9883976
2019-04-08,76.88095092773438,77.63677769158592,75.79566633793131,76.7452942969044,13511642
2019-04-09,76.88095092773438,77.26855331797745,76.37706992329592,77.113513413319,10655872
2019-04-10,76.99723052978516,77.38483289853647,76.64838944934769,76.64838944934769,8637199
2019-04-11,75.95069885253906,77.28792907164188,75.83442024965768,77.19102848350961,13713296
2019-04-12,76.37706756591797,76.60963004432455,75.60186280935851,76.22202766604481,11004111
2019-04-15,76.7646713256836,77.84995590152054,76.39644695681366,76.6677707293698,8965316
2019-04-16,76.29953002929688,77.4623369361744,76.16387342924864,77.13287918497991,4918434
2019-04-18,75.3111572265625,76.68714349716615,75.00107744245824,76.49334231780263,11593259
2019-04-22,75.50496673583984,76.24141024722901,74.9623244251949,75.27240424350799,7772049
2019-04-23,74.80725860595703,75.40804001730109,74.4390343492028,75.1173383168716,6686014
2019-04-24,74.4002914428711,75.44681992571576,73.66384800470321,74.84603310882585,7288151
2019-04-25,74.24524688720703,75.89255682631209,73.91578384794738,74.49718735586681,17599280
2019-04-26,73.95454406738281,75.34991351771743,73.78012091464358,74.03206137967229,8664580
2019-04-30,72.24909210205078,74.61346729490984,71.86148978378512,74.30338228598157,14290974
2019-05-02,73.72199249267578,73.95455497824142,72.26848352938286,72.50104601494851,8897549
2019-05-03,73.97393798828125,74.7879041141086,73.72199746907604,73.99332126341658,10782838
2019-05-06,73.8188705444336,74.7491149453866,73.1987058580675,73.64444741923329,5477945
2019-05-07,74.24524688720703,75.11735214908619,73.83826127734753,73.83826127734753,9450289
2019-05-08,73.64447021484375,75.09798444131256,73.21811178961157,74.40029698174426,10180731
2019-05-09,72.83050537109375,73.66384941596466,72.2297185426939,73.6057101118469,7921214
2019-05-10,71.91964721679688,73.0436931717908,71.72584600879122,73.02431515386793,5938686
2019-05-13,70.79557800292969,72.11343008802417,70.5630208182122,71.8808676461138,5504435
2019-05-14,70.4079818725586,71.39637102323388,70.17542466740521,70.50488246043695,11334983
2019-05-15,69.18701934814453,71.55139419127521,68.78003907704158,70.98936881004528,7616268
2019-05-16,70.4854965209961,70.8149595341794,69.3226895971911,69.5164907511586,8660893
2019-05-17,70.60179138183594,71.16381696074676,69.90410916963778,70.42737345738338,10183233
2019-05-20,72.88864135742188,73.21810440868398,71.33823194648807,72.1328146667143,6287120
2019-05-21,71.29946899414062,73.1018188408076,71.22194642252761,72.96615696908142,7748239
2019-05-22,70.58241271972656,71.8227424825133,70.46613410448765,71.2800949255479,6972640
2019-05-23,71.57079315185547,72.90802344638965,70.97001157442341,72.09405740872509,13966122
2019-05-24,71.95840454101562,72.30724564474684,71.4157569827738,71.95840454101562,7240775
2019-05-27,72.61732482910156,73.48943020947884,71.95840391824396,72.26848372838943,6424176
2019-05-28,73.72199249267578,74.14835617334715,72.7917478076071,72.96616572888591,11255911
2019-05-29,73.70259857177734,74.80726619694279,73.39251357220503,74.1871014549909,8310232
2019-05-30,74.10958099365234,75.15610935396586,72.927396027944,74.96230819518135,34989609
2019-05-31,73.37313842773438,74.57470667650895,73.02429738962381,74.22586038120544,11849847
2019-06-03,74.82666015625,75.00108333425656,73.64446971494806,73.74137031224197,12106965
2019-06-04,74.78790283203125,75.97009333602688,74.40030042230038,74.63286291957773,11447117
2019-06-06,75.75690460205078,76.80343315243151,75.25302360057493,75.58248668178322,26132949
2019-06-07,74.32276153564453,75.98945468623403,74.09020434657003,75.75689223996653,8783688
2019-06-10,75.3111572265625,75.95070006702343,74.57471379641979,74.78789299084228,11231885
2019-06-11,75.05921173095703,75.85379441039288,74.7685099813303,75.69875452869724,6589306
2019-06-12,74.0902099609375,75.03983257413299,73.76074690852543,74.80727536743589,7509749
2019-06-13,75.13672637939453,75.36928882228953,73.50879979351537,74.10958128523394,11041648
2019-06-14,75.42742919921875,76.33829571357653,74.94292629341068,75.19487201018526,34979466
2019-06-17,75.21426391601562,76.14450861554968,75.03984073483063,76.12513059861533,10860754
2019-06-18,76.66777801513672,77.07475845545261,75.25303022595011,75.46620945522143,17815522
2019-06-19,77.63677978515625,78.10190476886815,76.74529636643479,76.78405240074909,32722391
2019-06-20,77.88871002197266,78.5863974055274,77.24916719660912,77.77243141997685,11459458
2019-06-21,77.48173522949219,78.31507928956988,76.95847096849661,77.98561621729905,16601442
2019-06-24,77.15227508544922,77.81120125499966,76.57087149720844,77.52049946087926,9883389
2019-06-25,78.14065551757812,78.41197928258947,77.13289354969292,77.13289354969292,10375296
2019-06-26,81.2608642578125,81.76474528188272,77.92748252041096,78.08252243110995,31182825
2019-06-27,80.50503540039062,81.35776277316252,79.94301508136756,81.04768295971489,13741562
2019-06-28,80.1949462890625,81.24147473820211,79.3228410005106,80.29184687667937,12067819
2019-07-01,80.25308227539062,81.39651126491849,79.71044005858828,80.33060484515944,11211814
2019-07-02,80.369384765625,81.08644504488522,79.98178234129219,80.3887627839639,12203723
2019-07-03,80.98953247070312,81.2608562305194,80.11742714482827,80.6988306954115,13693989
2019-07-04,81.4740219116211,81.70658434470711,80.5050161547566,81.00890230264176,12324046
2019-07-05,79.7879638671875,82.17172262393402,79.14842101470163,81.41589590732752,12525923
2019-07-08,78.0049819946289,79.98175472768669,77.65613572741266,79.45849058405486,8948141
2019-07-09,79.3615951538086,79.53601304152592,77.36543902256497,78.27630551573168,6875651
2019-07-10,79.57478332519531,80.02052498714772,78.72205603148278,79.34222085807431,12675299
2019-07-11,80.85386657714844,81.06704575170805,79.88485551342458,80.00113936452406,7808266
2019-07-12,80.11741638183594,81.33836787979268,79.22593316024779,80.85386498606155,6349095
2019-07-15,79.43912506103516,80.13681249413077,78.64454229085831,79.7104488278824,6656137
2019-07-16,80.97016143798828,81.1639626382292,79.18718934433313,79.38099054457405,6627472
2019-07-17,80.6213150024414,81.6096989554911,80.02052816707143,80.93139479946265,6388864
2019-07-18,79.59415435791016,80.97014576763803,79.45849774975069,80.97014576763803,8419638
2019-07-19,79.7298355102539,80.48566233063184,78.60578954592319,79.76859680361585,10869152
2019-07-22,79.1096420288086,80.31121014608715,78.52823860985373,79.84609056523867,9061812
2019-07-23,81.57093048095703,81.78411492267412,79.14841585139834,79.34221702176305,14046808
2019-07-24,81.31898498535156,82.55931450190967,80.83448208938245,81.26084568927385,18181391
2019-07-25,82.61746978759766,83.10197277733646,81.33838399756478,81.39652330489466,28085772
2019-07-26,81.99729919433594,82.94692709091544,81.49341822300408,82.61746402941682,10950941
2019-07-29,80.5825424194336,82.36551414539676,80.0592782352541,82.30737484875303,5948953
2019-07-30,80.71821594238281,81.31899752313603,80.11742910443591,80.54379277006417,10050004
2019-07-31,81.70659637451172,82.92754801367796,80.21432623779233,80.42751069000566,26229893
2019-08-01,82.94693756103516,83.81904299186498,81.31900532060848,82.15234945862925,27069006
2019-08-02,81.60969543457031,82.92754765803815,80.75697340095438,82.5399400426938,20863783
2019-08-05,77.96624755859375,81.39653006215346,76.29955398121278,81.39653006215346,18063375
2019-08-06,76.7840576171875,78.50889052033803,76.06699733294195,77.75306368475647,11846580
2019-08-07,77.07475280761719,77.88871888579801,76.3964486186655,77.13289737242533,9432897
2019-08-08,78.5670166015625,80.87325275686354,76.37706430910312,76.764666670855,6595239
2019-08-09,78.29569244384766,80.95076948139155,78.00499069354416,78.87709594445465,9175926
2019-08-13,78.29569244384766,79.61353932711822,76.26078019172317,77.6949056722379,7558090
2019-08-14,79.51665496826172,79.92363539884965,76.64839816480006,77.92748402424287,8024154
2019-08-16,81.84225463867188,83.04382295248394,78.41197285432848,79.10965496831317,11894601
2019-08-19,81.21466064453125,82.3717899998495,80.86163984262896,82.03837939575916,8100095
2019-08-20,80.82241821289062,82.72481498399907,80.66552066191124,81.1950545516278,8711658
2019-08-21,80.37133026123047,81.43039796822168,80.13598129076756,81.05776165497342,5649369
2019-08-22,79.52799987792969,80.62628795982981,78.76311706791031,80.21443125916319,5059207
2019-08-23,79.03768920898438,80.25364907481064,78.72388882410702,79.25342265093845,7611285
2019-08-26,79.58684539794922,79.82219439253684,78.11592083200696,79.37110660283375,7846961
2019-08-27,81.01853942871094,82.13644309641144,79.64567658210638,79.64567658210638,18828020
2019-08-28,80.70474243164062,82.86209828257611,80.15559304980083,81.56768157990447,15756988
2019-08-29,80.33209991455078,81.11659289074112,79.88101751727804,80.70473620631458,8660979
2019-08-30,78.64543914794922,81.27348732596568,76.09583707245343,80.5478302865956,15630977
2019-09-03,77.29220581054688,79.39072602515304,76.89995924034702,78.99847945495318,9494810
2019-09-04,77.23335266113281,78.05707133884809,76.60575722476959,77.4490860985467,8565768
2019-09-05,78.19434356689453,79.74371910776986,77.4098506996529,78.05706157127345,14199248
2019-09-06,79.82219696044922,80.15560228330777,78.46894418817392,78.5866160291611,13782929
2019-09-09,79.58684539794922,80.35172298012859,79.15537312790262,79.72413275480736,4769289
2019-09-11,78.99847412109375,79.97909048038365,78.37087858711138,79.62606965507614,7723322
2019-09-12,78.31204223632812,79.2338226729977,77.52754915323644,79.2338226729977,11516235
2019-09-13,79.48878479003906,79.62607214867583,78.07669612440327,78.2532092026769,7223537
2019-09-16,79.29267120361328,80.01832848494331,78.78274742637741,78.84158867311679,6031015
2019-09-17,78.62582397460938,79.50837854304773,78.19435178822508,79.39070672866261,5823968
2019-09-18,79.25342559814453,79.62606190648631,77.76289100514484,78.64544564262238,7206830
2019-09-19,78.90042877197266,79.52802443550478,78.09631999925841,79.52802443550478,6306748
2019-09-20,76.95877838134766,81.94031086476045,76.64498332168311,78.52776432003724,51859153
2019-09-23,73.86003112792969,77.76288572097347,73.11476388207251,77.2725776223591,24586363
2019-09-24,74.703369140625,75.29173893100567,72.56562344083495,73.70314262505147,18234411
2019-09-25,77.9590072631836,79.78295228628352,75.74281044954846,75.89971329383584,48245282
2019-09-26,78.15512084960938,78.99844959271509,77.31178678632108,78.42969015284845,15826874
2019-09-27,77.70405578613281,78.35126682651307,76.89995251561402,77.58638395343684,10034452
2019-09-30,78.07669067382812,78.44932700408766,76.74305354056796,77.27258741823739,9111327
2019-10-01,77.07646179199219,79.48877680502528,76.88033853369383,78.25320134178237,7634447
2019-10-03,78.09632110595703,78.44934732932398,76.29199086298797,77.15493025741112,9432906
2019-10-04,77.09607696533203,78.3708782265438,76.7234406224426,78.07669332011031,19442087
2019-10-07,77.07646179199219,77.42948259289247,76.25274304310229,77.1549079032012,11655995
2019-10-09,77.54716491699219,78.01786292869798,76.64499993477145,77.46871879516429,8504262
2019-10-10,78.09632110595703,78.29244442107849,77.07648412347379,77.62562834177679,6982965
2019-10-11,78.84158325195312,80.11638462710958,78.01786437627663,78.07670029878538,10517558
2019-10-14,77.82173919677734,79.35149974575604,77.54716447149559,78.841581336158,11162487
2019-10-15,78.93962860107422,79.23381347307549,77.7824993097958,77.82172502343268,5013200
2019-10-16,77.88055419921875,78.93962177491584,77.13528698529787,78.8415601593951,6668842
2019-10-17,77.54716491699219,78.35127357697421,77.076472225471,77.95902700728091,7899823
2019-10-18,79.44954681396484,79.7241214888806,77.27258089207413,77.54715024680631,8795448
2019-10-22,80.43017578125,81.41079217516108,78.84157935118785,78.84157935118785,10675241
2019-10-23,80.90087127685547,81.19505618593226,79.35149529431065,80.41056309506081,5777589
2019-10-24,80.05752563476562,81.29310633443062,79.86140238976273,80.95969575388901,5428181
2019-10-25,79.60646057128906,80.56746680915607,78.90041886359653,80.56746680915607,3993616
2019-10-27,79.37110137939453,80.13598423142103,78.84157282665124,80.01831240196341,388417
2019-10-29,78.8611831665039,79.58684030328683,78.25320317957402,79.33188112554797,5943950
2019-10-30,78.4297103881836,79.95947076434824,78.1747512121868,79.95947076434824,6419057
2019-10-31,77.8021240234375,78.80235596698289,77.60600073884248,78.56700696143194,15582577
2019-11-01,77.3902587890625,77.99823877673354,77.17452532767831,77.8413412302556,8803683
2019-11-04,76.39002227783203,77.91978246611211,76.11544761729161,77.62559760989735,15175738
2019-11-05,76.64498901367188,77.0764612428912,76.0566192429684,76.39002984373714,8153818
2019-11-06,76.5273208618164,77.07647030182926,76.37042330189179,76.64499802189822,9183411
2019-11-07,76.1742935180664,77.21374574902455,75.95856005661275,76.88034045772055,15498054
2019-11-08,75.174072265625,76.6449968426324,74.86027183041946,76.58616092358898,11762251
2019-11-11,75.2132797241211,75.74281354477223,74.66413570722429,75.17405933162976,10089055
2019-11-13,74.23268127441406,76.23313989776771,73.86005021527964,75.31136469030878,9456977
2019-11-14,73.74237060546875,74.5857049812258,73.31090363763019,74.52686373998912,19380370
2019-11-15,73.60509490966797,74.09540316101999,73.2520687125465,73.74237696389852,18256039
2019-11-18,74.78182220458984,74.91910423585803,73.21283606269863,73.62469279687143,11766437
2019-11-19,76.66459655761719,76.88033532485117,74.60530243143549,74.91909750354209,22218922
2019-11-20,76.91954803466797,77.33141001087058,76.095834722629,76.86071212954849,9597590
2019-11-21,76.99801635742188,77.25297554902991,76.0958514270598,76.80189308384888,12107895
2019-11-22,77.9590072631836,78.92000792343593,76.88032946971572,76.88032946971572,16199814
2019-11-25,77.9001693725586,78.60621624153852,77.58637431091206,78.05707222356534,6529113
2019-11-26,76.25274658203125,78.2139792560367,76.05662331463071,78.07669190481948,21594044
2019-11-27,76.5273208618164,76.88034702187737,76.13507430191264,76.46848494186774,12155700
2019-11-28,76.9391860961914,77.56678168180461,76.17430314494648,76.9587962969168,6724188
2019-11-29,75.82125854492188,76.84110038712653,75.3505606730788,76.64497716055574,17547179
2019-12-02,75.07600402832031,76.48809256216816,74.68375750892835,76.48809256216816,19957065
2019-12-03,74.29151153564453,75.35057395367753,74.17383438685157,75.35057395367753,7451455
2019-12-04,73.8992691040039,74.526859318237,73.62469439513873,74.31112584711741,10311154
2019-12-05,73.4677963256836,74.0953918556939,73.15399590058632,73.93848898305318,4569931
2019-12-06,73.19322967529297,73.80121507323766,72.8990447369863,73.5266403360775,5388071
2019-12-09,73.7227554321289,74.07577625481275,72.78136479824393,73.35011909029451,5459781
2019-12-10,71.68306732177734,73.72275134904858,71.46733386435885,73.72275134904858,10563080
2019-12-11,71.29081726074219,71.89880252721439,69.9375700292724,71.78112538522768,39214905
2019-12-12,72.46756744384766,73.87965611459555,71.01625837350532,71.6830743290082,63493233
2019-12-13,72.8402099609375,73.56586721756345,72.56563521945151,72.8402099609375,12987237
2019-12-16,73.33051300048828,73.70314936320379,72.74214315631716,73.03632807840272,8479418
2019-12-17,73.7619857788086,74.07578090306616,72.80097956546994,73.48741105494483,17903634
2019-12-18,73.42855834960938,74.13459987789167,73.01670167814191,73.36972244228306,10099352
2019-12-19,73.1147689819336,73.40895386162205,72.5263992225567,73.38933834419925,5749401
2019-12-20,72.9970932006836,73.52662705804507,72.60484668710973,72.82058546168565,9690984
2019-12-23,72.87942504882812,73.54624096341024,72.46756299670166,72.82058913286266,17045076
2019-12-24,73.4089584350586,73.50702006773072,72.76174740327525,73.134383735503,3748896
2019-12-26,72.50677490234375,73.54622695367667,72.19297986351297,73.4677808540605,3925143
2019-12-27,74.15422821044922,74.33073596293536,72.76174978874259,72.76174978874259,7122947
2019-12-30,74.64453887939453,75.11523155524014,74.01694332474929,74.13461516366459,6925363
2019-12-31,74.62491607666016,75.40941443354427,74.23266955831005,74.33073118789757,11907723
2020-01-01,76.68421173095703,76.84110926630694,74.62491229382368,74.74258943547385,13620373
2020-01-02,76.5273208618164,77.15491642169934,76.23313594188858,76.7038339418469,5673692
2020-01-03,75.70359802246094,76.40963961529471,75.0171613069506,76.19390616197988,7358268
2020-01-06,75.7428207397461,76.0762313488781,73.74236240513808,75.31135381988771,7355290
2020-01-07,75.19368743896484,76.29198105455478,74.97795394814105,75.76244710776898,14023712
2020-01-08,74.74259185791016,74.89948939834518,74.07577066083154,74.6445302301153,9451757
2020-01-09,75.68399047851562,75.86050355541263,74.97794881129629,75.29174392557502,7714854
2020-01-10,75.37020111083984,75.97818118617948,74.91911328441746,75.97818118617948,4118638
2020-01-13,76.40963745117188,76.48808887934648,75.23289794965477,75.46824691399493,27682638
2020-01-14,76.5861587524414,77.01762569331771,76.1939122096926,76.40964568013075,5994314
2020-01-15,76.19392395019531,76.80190405706418,75.66438997185321,76.6450064798256,7114590
2020-01-16,77.05685424804688,77.54716244453084,76.13507377462014,76.13507377462014,8552344
2020-01-17,77.42948913574219,77.60599689101542,75.95856457421024,76.86072951054277,4698386
2020-01-20,80.27326202392578,82.76402822588527,79.72411801818419,80.17520040432251,49337827
2020-01-21,78.68467712402344,80.1359915271117,78.05708688286747,79.88103232661902,17283910
2020-01-22,78.46894073486328,79.37110566322076,75.72321491094227,78.6454538087605,56787054
2020-01-23,79.2142333984375,81.35197988619714,76.05664982092173,77.17455389873929,226059260
2020-01-24,77.25297546386719,77.7236734479972,76.19391297985108,77.0568521905104,16151679
2020-01-27,75.70359802246094,77.05684529542296,75.4290233362568,77.03723509791571,8213919
2020-01-28,74.703369140625,75.70360097638255,74.1738352652456,75.70360097638255,9174575
2020-01-29,75.46826171875,76.01740586314793,74.2326807436238,74.70337876464185,17600091
2020-01-30,76.25274658203125,76.586157200649,75.07600697762798,75.46825351242907,26386034
2020-01-31,73.29125213623047,76.68418753348256,72.60482098051527,76.6057361304709,63986362
2020-02-03,73.4874038696289,74.13460957524417,69.60416431575327,70.95741164200628,16329297
2020-02-04,76.2331314086914,76.60576774651499,73.7423648373788,73.87965218921822,14207381
2020-02-05,74.27191162109375,76.76267862486029,73.7423776407363,76.13508299333238,14550344
2020-02-06,75.66437530517578,75.99778591729556,73.99732756476094,74.50724592199069,9175642
2020-02-07,74.68375396728516,75.62514450514658,73.95809687678526,75.62514450514658,18058457
2020-02-10,73.19322967529297,74.95833930513305,72.46757243009954,74.80144173540644,30471811
2020-02-11,74.33072662353516,74.99754779185699,73.78158259560259,73.93848012927138,32456571
2020-02-12,74.27191162109375,75.27214365514342,73.95811646542232,74.54648637244505,16386952
2020-02-13,74.74259185791016,74.9779408286546,73.62468823701191,74.05616046334609,18581113
2020-02-14,72.21260070800781,75.0760034704004,71.93802601840035,74.72297734942397,23830630
2020-02-17,72.01647186279297,72.87941626016948,70.82012220842338,72.5656158792219,17670292
2020-02-18,72.56562805175781,73.09516196078457,70.93780592564063,71.62423739136824,30879880
2020-02-19,73.54623413085938,73.72274718254155,71.78112489477196,72.9578643854969,22313738
2020-02-20,74.23268127441406,74.80144094386232,72.91865948669697,73.54624975896225,25907657
2020-02-24,72.9970932006836,74.21305845679933,72.58523648950457,74.13460702601103,14921452
2020-02-25,73.0167007446289,73.62468064619995,72.70290037592832,72.99708522898203,17807428
2020-02-26,72.89903259277344,73.89926440849891,72.15376527058717,72.56562198753161,17113656
2020-02-27,73.13438415527344,73.62469232144834,71.11431557466967,72.60485027176773,28472046
2020-02-28,71.19276428222656,72.68330435379917,70.2709838322066,71.95764717739263,28010970
2020-03-02,71.97726440429688,73.42857889881138,71.29083287962902,72.07532605067799,19540018
2020-03-03,75.19368743896484,76.37042717840673,71.40850900779704,72.09494052247148,16039306
2020-03-04,77.29220581054688,77.66484218031059,73.95810996384807,74.80143902574085,16939245
2020-03-05,76.8607177734375,78.27280620091044,76.31157375169346,76.89994348645855,9715265
2020-03-06,74.76220703125,75.54670010582147,73.80120620701045,74.7229813134846,14371982
2020-03-09,70.97703552246094,73.977720743966,69.80029580264055,72.52641161496497,69609292
2020-03-11,71.15352630615234,72.1341425052929,69.5257044796157,70.40825905884219,42604599
2020-03-12,65.15216827392578,69.78067538572063,64.62263437312431,69.11385945005351,58418097
2020-03-13,65.85820007324219,67.7017606904795,58.640865775445626,63.8577419252191,44617540
2020-03-16,64.23554992675781,66.24863163050969,63.03583919247096,66.04529026714032,39669086
2020-03-17,65.88261413574219,69.27841579361845,63.340847253497564,63.666191208030014,35460792
2020-03-18,58.62332534790039,67.06199118550072,49.67630063060218,66.6959778668263,119909061
2020-03-19,59.84336853027344,61.775111154508416,56.976252483659046,59.13167387923949,44039786
2020-03-20,63.950870513916016,65.82161201929716,60.29072624877393,60.29072624877393,131485883
2020-03-23,62.22246170043945,63.3815083505947,57.565943173810254,57.565943173810254,39665620
2020-03-24,59.90438461303711,63.9305428152539,59.13168847580163,61.83612771411977,42302851
2020-03-25,61.10408020019531,63.82885044448047,60.331378809441404,60.39238561522749,23309603
2020-03-26,64.3982162475586,65.76059873276711,59.88403766144332,61.246425662638394,25329120
2020-03-27,65.06924438476562,67.61101109714083,63.70685632373515,64.49988974439093,28883749
2020-03-30,63.30017852783203,65.0285800254423,62.242802390802424,63.03583587257143,22364337
2020-03-31,64.70323181152344,65.80127173406827,63.60518637299176,64.41855173013023,24838523
2020-04-01,62.873146057128906,65.86225868045885,62.283454095309914,64.66254834970337,14182117
2020-04-03,63.52385711669922,65.25225875871521,61.71412223641626,62.852831700055255,21066826
2020-04-07,64.25588989257812,65.84195148586159,63.60519640108068,65.47593812064044,24741992
2020-04-08,64.3982162475586,66.16728138888585,63.137498910393205,64.21520684591054,21481260
2020-04-09,66.87898254394531,67.79401853376945,64.39821720166921,65.43525578374191,15607786
2020-04-13,65.04889678955078,67.06197791797305,63.95085705076348,66.69596467171063,14901247
2020-04-15,64.88624572753906,66.65531675570666,64.43889360883185,65.65894183294914,25249654
2020-04-16,66.45196533203125,67.79402148512389,64.05253862412164,64.33721319042357,31150756
2020-04-17,68.2210464477539,70.45780152643557,66.79765685222921,68.18037707039852,18536308
2020-04-20,67.3060073852539,68.81073567079076,65.94361915634688,68.81073567079076,24177042
2020-04-21,66.14696502685547,67.50935334862051,65.94362365094987,66.69598784499814,13915863
2020-04-22,65.96395111083984,66.18762991876685,63.6865322678602,65.06925242709426,19702407
2020-04-23,64.25588989257812,65.84195148586159,64.0932178987007,65.67927949198415,32128585
2020-04-24,64.72356414794922,65.10991490142551,63.34084413527583,63.849197486698905,33134279
2020-04-27,64.90657043457031,65.67926638831838,64.11353703815276,65.67926638831838,9762001
2020-04-28,63.93052291870117,65.23190954606937,63.767850969276694,65.08956952182814,26134701
2020-04-29,64.27620697021484,65.31325103401777,63.44250974675348,64.86589901723924,14509262
2020-04-30,65.90293884277344,66.47229345880903,63.93052685509072,64.9065696437078,18702868
2020-05-04,64.68289947509766,65.67927432265667,64.09321285420515,65.43526359305167,12598146
2020-05-05,66.55364227294922,67.44834645931365,65.15058468887484,65.65893808658478,18305545
2020-05-06,67.26534271240234,67.77369615305861,66.16729707418968,66.24863583108983,12853774
2020-05-07,65.78093719482422,67.10265584769785,65.47592519800723,66.55363315022993,8561359
2020-05-08,64.66255187988281,66.1266103868217,64.29653863214457,66.1266103868217,30898767
2020-05-11,64.5811996459961,66.04525784677472,64.39819581838927,64.78454090954911,9453421
2020-05-12,66.41130065917969,67.10266347022824,64.13387638771137,64.45922586419957,19986028
2020-05-13,67.77368927001953,69.90877350393845,65.90294769519787,69.72576959348063,27175817
2020-05-14,65.39458465576172,66.69597134602093,65.06924074119016,66.69597134602093,26454121
2020-05-15,64.98790740966797,65.780940851875,64.35755145426326,64.74389669545143,20009870
2020-05-18,62.832489013671875,65.15057692126143,62.34446760366001,65.00824239966248,32898286
2020-05-19,64.27620697021484,64.78456028110263,62.62914444933304,63.03582709804326,12276533
2020-05-20,64.43888854980469,65.33359271697687,63.34084854389768,63.544189898619784,24677051
2020-05-21,64.62189483642578,65.00824559802561,63.84919882921312,64.07287210214756,17176100
2020-05-22,63.38151168823242,64.255878324398,62.66981701665795,63.84919565492687,25080927
2020-05-26,63.991539001464844,64.54055622085137,63.2391749208409,63.50351756646904,18512685
2020-05-27,63.910194396972656,64.21520638688139,63.34083978567365,63.991533134009586,22655078
2020-05-28,63.950870513916016,64.39822258285302,63.4628490721689,64.39822258285302,25797051
2020-05-29,64.07286071777344,64.52021270014444,63.68651554080587,63.950858138938635,63844851
2020-06-01,64.6015625,65.49626110206945,64.13387299702366,64.47955438427213,45314328
2020-06-02,67.12299346923828,68.46504967868705,64.49989338365646,65.00824675481422,43626060
2020-06-03,66.91964721679688,68.11936329120694,66.6349726594022,67.30599795695922,13811685
2020-06-04,68.83104705810547,69.11572708640291,67.14331536001983,67.18398472348886,23992166
2020-06-05,69.72576904296875,70.88481586399965,66.91965394489797,67.91602878592163,22851633
2020-06-08,70.09180450439453,71.12884353081435,69.48178024979724,70.53915672763036,11723588
2020-06-09,69.3597412109375,70.78313602063734,69.13606795689145,70.7627985782781,8412588
2020-06-10,69.15641021728516,69.64443168302066,68.56672358850774,69.35975157534372,10101681
2020-06-11,69.54275512695312,72.51154201330927,68.26170578264275,68.34303900940031,22109491
2020-06-12,67.63134002685547,68.89205736351279,67.346665477279,67.52966936286676,20331770
2020-06-15,66.3909683227539,67.50934576459574,66.12662566697055,67.18400180609119,13833335
2020-06-16,66.16728973388672,67.6110166547826,65.65893634962491,67.38734337210231,13972830
2020-06-17,64.86589813232422,65.80126600520265,64.398214195885,65.41492080379042,28371013
2020-06-18,67.2856674194336,67.63134328083765,64.86590329368428,65.35391919471833,19720997
2020-06-19,69.70543670654297,70.0714555833681,67.12300021820957,67.44834971805551,21577413
2020-06-22,72.633544921875,73.10122890468728,69.40041538176132,71.7388408118096,33039735
2020-06-23,76.2326889038086,76.86304486616095,72.816555415086,73.8129246948038,34298071
2020-06-24,72.59286499023438,76.61902738385538,71.98284105374466,75.94799664092781,32910525
2020-06-25,72.93855285644531,74.54495157279752,70.90513955270157,72.55220212233935,40909792
2020-06-26,72.8775405883789,74.05691902379044,72.45052054929118,73.58923513753932,11954078
2020-06-29,72.49120330810547,73.32490610077356,72.04385126276976,72.38953263943766,7547198
2020-06-30,71.10846710205078,73.18254937310363,70.76278580421105,72.79619871387354,11889584
2020-07-01,70.53914642333984,71.33217452887816,69.90878480941186,71.16950252127964,15209917
2020-07-02,71.21015167236328,71.90151440323565,70.19344501871956,70.55945831083397,15481100
2020-07-03,72.22685241699219,72.95887894133256,71.21014584652715,71.57615910869733,22720042
2020-07-06,72.38954162597656,72.67422173998172,71.49484294022281,72.55221361284201,11724475
2020-07-07,70.39678955078125,72.59287491932255,69.82743490204638,72.59287491932255,20855578
2020-07-08,69.03440856933594,71.0271528028379,68.64805777725434,70.35612741510599,16818545
2020-07-09,69.76642608642578,70.1527712811618,68.93272337275828,69.33940600889278,16110083
2020-07-10,70.19345092773438,70.66113492458366,68.9327334678893,69.78676823204158,23809286
2020-07-13,68.77007293701172,70.84415613339581,68.40405955317641,70.19346260880637,10803798
2020-07-14,66.43163299560547,68.64805027754835,66.28929295533705,68.52604768073932,16288923
2020-07-15,66.5129623413086,67.63133963876683,66.32995845677097,67.12298632174036,15061461
2020-07-16,65.96395111083984,66.89932468619484,64.86591106497197,66.89932468619484,15458966
2020-07-17,66.41130065917969,66.63497945851293,65.74027529315447,65.74027529315447,13711930
2020-07-20,66.49263000488281,66.79764199321733,66.02494605930052,66.41129126826569,8390572
2020-07-21,70.6204605102539,70.94580995317384,66.73664325004655,66.73664325004655,33717545
2020-07-22,73.0605697631836,73.77226455893774,70.68148014445276,70.76281338294633,46076322
2020-07-23,73.91459655761719,74.23994602406074,72.16586317093626,72.3895364473767,18738194
2020-07-24,74.01626586914062,74.524619229863,72.65387775920723,72.99955914769585,14438899
2020-07-27,73.56892395019531,73.83327214700171,72.69455715241622,73.73160146084163,11938756
2020-07-28,73.9756088256836,74.3619596506157,72.67422731494133,73.28425144947336,11893746
2020-07-29,73.91459655761719,75.03297397179355,73.40624318753703,73.73159265398058,13335993
2020-07-30,71.92183685302734,74.52460444020045,71.4134835931894,74.21959248429768,23995122
2020-07-31,72.51153564453125,72.93855021646719,71.65750098467295,71.82017293988729,14354565
2020-08-03,72.61321258544922,72.99955782299514,70.80347244772352,72.79621648239616,12500988
2020-08-04,72.49120330810547,72.81655275743452,71.4134953234241,72.32853134143434,9628257
2020-08-05,71.55584716796875,72.36921265149942,71.23049766496386,72.00319928710816,10577794
2020-08-06,71.5354995727539,72.28786364148161,71.33215823071869,71.84051158580674,8564058
2020-08-07,71.55584716796875,72.36921265149942,71.27116704233794,71.49484585990149,8026904
2020-08-10,72.08451843261719,72.71487986870406,71.67783577036242,71.92184647091261,7766140
2020-08-11,71.92183685302734,74.1585911963143,71.39315166919023,72.45052203686446,21833550
2020-08-12,72.40987396240234,72.97922863425006,70.43746178136995,71.6575098707524,19435650
2020-08-13,72.69454193115234,73.3249033629482,71.73883657816201,73.18256332893066,10641012
2020-08-14,71.33216094970703,73.46724512246045,70.80347564665819,73.46724512246045,17130105
2020-08-17,72.65387725830078,74.21960670172832,71.41349727308464,71.57616924419689,17368089
2020-08-18,72.2878646850586,73.16223136523537,71.79984876672103,73.1418994371331,13890131
2020-08-19,72.12519073486328,72.9588880199915,72.00318813762053,72.59287471227636,12400644
2020-08-20,73.69092559814453,76.49703518601846,71.75918273110263,72.06419476274083,44062975
2020-08-21,76.90371704101562,77.47307172388798,74.2602794628344,74.4229514413712,49949864
2020-08-24,75.33797454833984,77.53406518624118,74.99229320600455,77.1273825519611,19724617
2020-08-25,75.13465118408203,75.96835409315518,74.42295640403759,75.84634596412646,10109220
2020-08-26,75.378662109375,77.12740116847024,74.8703086938219,76.04968751470759,18000615
2020-08-27,75.3176498413086,76.31402459717974,75.11430850468075,76.00901259223798,10363056
2020-08-28,74.13826751708984,75.94800201377849,73.93492619054146,75.84633135050431,12114955
2020-08-31,72.77587890625,75.37864676070643,72.38952818270369,74.62628275568736,24259718
2020-09-01,73.36557006835938,74.13827156421331,72.63354345921933,72.81655286949774,16505345
2020-09-02,75.3790054321289,76.16940206233261,72.90381019408422,74.02700926597822,30959608
2020-09-03,74.25579833984375,75.48299698427617,73.90219825226623,75.04619488467647,11884498
2020-09-04,72.82061004638672,74.04780311750733,72.25901053950686,73.71500633538695,17373558
2020-09-07,73.27820587158203,73.611008303588,71.98861407988689,72.82061169638436,13069001
2020-09-08,72.7582015991211,73.21580138042368,72.27980413599114,73.15340269259708,9597878
2020-09-09,72.90381622314453,74.02701538792579,72.13421721337556,72.79981650945535,20122483
2020-09-10,73.88141632080078,74.23501648376036,72.44621798269546,73.21581700976142,19635358
2020-09-11,72.86221313476562,74.17261400381767,72.42541660664521,74.08941197829691,31182063
2020-09-14,71.34381103515625,73.83980383194185,71.03181193555805,73.83980383194185,14143608
2020-09-15,72.0926284790039,72.34222330096046,71.13582763956806,71.48942782713466,7858789
2020-09-16,71.53102111816406,72.15501939034367,71.05262357129546,71.96781765175159,13201491
2020-09-17,70.01261901855469,71.30221654322231,69.8462206120304,71.28141885828627,10765947
2020-09-18,71.51021575927734,71.96781560768115,69.59661998380847,70.3454212745634,23788415
2020-09-21,70.92780303955078,71.42700379112199,69.74220548632726,71.13580241231477,13331596
2020-09-22,70.22061157226562,70.90701410088423,69.26381659653181,70.22061157226562,9039386
2020-09-23,68.1822280883789,70.67822121674295,67.72462821970971,70.67822121674295,8404497
2020-09-24,66.28943634033203,68.66062645491527,65.93583618116254,67.4958319048406,20770480
2020-09-25,66.871826171875,67.59982409522473,66.43502403245814,66.97582587521067,8761400
2020-09-28,69.95021057128906,70.32460834436908,66.97582042634151,66.97582042634151,16915185
2020-09-29,67.9326171875,70.47021093909302,67.59982041189701,70.30381255129154,13468026
2020-09-30,67.57902526855469,67.9118277267938,66.68462888878805,67.78702468907461,14349950
2020-10-01,68.47342681884766,69.05582406382135,67.72462552472831,68.5358255161046,14856837
2020-10-05,67.74542236328125,69.22221584040909,67.45422094751345,68.22381985288993,10360105
2020-10-06,67.89102172851562,68.39022257506315,67.32942782908111,67.84942635992431,8989183
2020-10-07,66.3934097290039,67.8910005160353,66.14380938371754,67.80780416250212,17614061
2020-10-08,65.8526382446289,67.01743850943437,65.72784083591753,66.64303499860826,12953710
2020-10-09,65.72783660888672,66.28943619666279,65.18703470710969,66.01903242460146,11980039
2020-10-12,66.47662353515625,67.72461994689078,65.95662503026686,66.22702312434036,20670634
2020-10-13,66.74702453613281,67.39182609568438,66.22702600859694,66.55982845162698,11179799
2020-10-14,65.33263397216797,66.89262965750869,65.02063483509983,66.74702893174113,13362234
2020-10-15,64.79183197021484,65.332628169496,64.31343446433613,65.14543208928868,15536883
2020-10-16,66.12303161621094,67.05902904098481,64.62544025044919,64.93743939204049,18673957
2020-10-19,66.4558334350586,67.5582292627476,66.31023270860635,66.53902981992736,18793008
2020-10-20,65.39502716064453,66.72622562356761,65.27022977327144,66.55982722628849,13701957
2020-10-21,68.11982727050781,69.11822336233999,65.41583479885855,65.5614355219549,36573148
2020-10-22,68.68142700195312,69.01422381925578,67.05902700115283,67.45422815875196,39056262
2020-10-23,70.78221130371094,71.30220980139786,68.51502123920278,68.68141962999364,29149043
2020-10-26,71.57261657714844,71.94701438293247,70.57421490526428,70.74061330312996,36760149
2020-10-27,72.17581939697266,72.94541841921344,71.34382167397628,71.57262443320768,23610507
2020-10-28,71.90540313720703,72.61260328039812,71.36460701053919,72.61260328039812,14060472
2020-10-29,71.38542175292969,72.09262206514543,70.82382216879903,71.15662463904285,17654072
2020-10-30,71.13583374023438,71.55183266896651,70.42863330445113,70.92783427586832,22904945
2020-11-02,71.98861694335938,72.5502108429576,71.53101710761494,71.78061753096146,13423596
2020-11-03,74.85901641845703,75.17101557336596,72.32142216339528,72.38382086590791,27441682
2020-11-04,73.67341613769531,74.87981170283628,72.65421667408644,74.85901401678126,19461431
2020-11-05,74.48460388183594,74.79660297525703,73.46540458638916,74.04780176563958,10248002
2020-11-06,74.23501586914062,74.6510147298028,73.67341627877755,74.15181384006992,8815864
2020-11-09,76.5645980834961,76.83499617019251,74.50540180337579,74.83819858048757,15228920
2020-11-10,77.3342056274414,77.72940113916815,75.5246095489379,76.25260751734255,13815795
2020-11-11,78.8941879272461,79.45578175113252,76.50218936480445,76.50218936480445,15502357
2020-11-12,78.83179473876953,79.43499529558632,77.8542020080147,79.24779356627208,26079694
2020-11-13,78.5613784790039,79.01897821200461,77.45898296928215,78.45737879615575,11968619
2020-11-14,78.20779418945312,78.99819645225786,77.7917953742275,78.62379300467876,1162700
2020-11-17,77.70860290527344,78.72779666843387,77.31340175399275,77.79179928709625,16872514
2020-11-18,77.12619018554688,78.9149825650814,76.85578648243735,77.70858731081317,16685757
2020-11-19,78.95660400390625,82.0349944419114,74.214212482218,74.25581349672056,64832376
2020-11-20,79.80938720703125,80.703789133864,78.66539051603984,80.49578973550193,27479934
2020-11-23,81.01579284667969,81.49419036169664,79.24779221753857,79.87179609051756,20909280
2020-11-24,80.91179656982422,82.24298946617236,80.39179802226353,81.1197959888485,15308572
2020-11-25,81.24457550048828,82.13897167695701,80.51657769414375,80.91177876023986,19854793
2020-11-26,82.22219848632812,82.84619679428725,80.22540051545143,81.18220130639625,24879552
2020-11-27,80.03820037841797,82.22219434630728,78.49900237268159,82.22219434630728,46793847
2020-12-01,80.01740264892578,81.72299918593677,79.72620681824083,81.05739984925616,18193922
2020-12-02,80.76618194580078,81.2029783936281,78.8525864916945,80.22538016401836,15836732
2020-12-03,80.47499084472656,81.16138776867544,79.45579147965285,81.1197924005868,21308517
2020-12-04,80.84939575195312,81.93099390646167,80.18380209595918,80.78699705199689,14838659
2020-12-07,80.49579620361328,82.05579181667979,80.0797973734622,80.28779678853773,22078115
2020-12-08,79.70539093017578,80.9533873739337,79.49739152288281,80.70379259905813,15896364
2020-12-09,80.16300201416016,81.01580308925047,79.49740268886538,80.24620404570169,18701467
2020-12-10,80.18379974365234,81.28619555169074,79.66379554635056,80.28779945464362,13612880
2020-12-11,80.32939910888672,81.22380118498376,79.93420357145257,80.70380260229744,14876364
2020-12-14,80.82858276367188,81.9517817196232,80.20458459755325,81.53578294221079,20316890
2020-12-15,80.20459747314453,80.994994148645,79.60139689212433,80.87019675232483,16084083
2020-12-16,81.61898803710938,81.88938614286327,80.10059346571119,80.99498980428723,35024972
2020-12-17,82.51542663574219,83.41187038121976,81.78973270133284,82.51542663574219,23058726
2020-12-18,82.77157592773438,83.15576455074265,81.98185133105804,82.5154482490965,20310375
2020-12-21,79.18578338623047,82.47274202740381,78.73756438511406,82.38737001237473,21609326
2020-12-22,81.23480224609375,81.55496034410662,78.97234821286504,79.16444538763123,23934507
2020-12-23,81.08539581298828,81.8324313919451,80.67985989702464,81.74705358124866,9836093
2020-12-24,81.10673522949219,82.06721530983337,80.87195494111963,81.21345459509719,12945145
2020-12-28,81.76839447021484,82.08855255019367,81.10673096432113,81.19210876827381,6879688
2020-12-29,80.97867584228516,82.23796669626202,80.67985929696637,81.78974187828383,8549660
2020-12-30,81.19212341308594,81.38422061168059,79.74074101337192,81.10674559373346,19132583
2020-12-31,81.04270935058594,81.53361730214762,80.27433219074125,81.32017855886893,23272111
2021-01-01,80.8932876586914,81.06404325691706,80.4664102429183,80.67984895080485,3074621
2021-01-04,80.44507598876953,81.27748934102983,80.25297881827991,81.10673372730749,7133203
2021-01-05,80.25299072265625,80.89330699940864,79.48461350651215,80.89330699940864,10478882
2021-01-06,83.73202514648438,84.35099391093654,79.82609225162814,80.25296965741393,54265234
2021-01-07,84.1162109375,86.14387854950668,83.45455329585589,84.52174677585941,40129922
2021-01-08,86.89092254638672,87.08301970767168,84.32965794203116,84.84191317886058,29487917
2021-01-11,86.89092254638672,87.50989714173093,85.99447877688311,87.08301970767168,12726089
2021-01-12,86.95494842529297,87.40317318139337,85.3541581318532,85.82372444257462,31454127
2021-01-13,87.50989532470703,88.19290036299932,86.48538487232078,86.9976400985139,23792586
2021-01-14,87.55257415771484,88.57708456004613,86.91225805120546,87.91542110938256,12024674
2021-01-15,86.65614318847656,87.83005614453299,86.44270446919357,87.06167328117675,13530190
2021-01-18,83.56129455566406,86.22927895528338,83.04903923497847,85.90912082732906,26118654
2021-01-19,85.22611236572266,85.3755206443002,83.34785257903823,83.47591350930672,19382828
2021-01-20,83.73202514648438,85.6316261282939,83.30514774069859,85.37550431673873,21158179
2021-01-21,83.30514526367188,84.39368030010057,82.87826787057902,83.8600835587345,12509109
2021-01-22,82.89961242675781,83.7960561426995,82.38736301043072,83.24111782753796,16720401
2021-01-25,81.19212341308594,84.00951618305838,80.93599574492538,83.0063528602027,9393599
2021-01-27,82.10990142822266,82.96365638429808,80.80792743616617,81.10673819685475,18874916
2021-01-28,79.95416259765625,81.51226404193135,79.31384645974356,81.51226404193135,16072463
2021-01-29,78.7375717163086,80.67986195518604,78.11859704770995,80.55180102577081,13415015
2021-02-01,80.63716888427734,80.87194915585464,77.90514868831042,78.73756199644029,9485240
2021-02-02,82.89961242675781,83.51858698511873,80.7652253839897,81.53360240342806,10803602
2021-02-03,88.15022277832031,89.64429395829887,83.02769301839383,83.02769301839383,73411707
2021-02-04,87.65930938720703,88.64113106897022,87.16840144127362,88.15022312303682,23523019
2021-02-05,88.40634155273438,88.91859100338505,85.90910738738796,87.7873669528987,28755118
2021-02-08,90.73281860351562,91.09566557704832,87.80870704960492,88.15021246759274,28436890
2021-02-09,89.96443939208984,92.8245204210151,89.64428132720548,89.64428132720548,27738169
2021-02-10,89.83638000488281,91.35179844262794,88.3636562604723,89.87906890832139,34189378
2021-02-11,91.24507141113281,91.69329038483133,88.93993450802012,89.15337321738046,20504448
2021-02-12,90.7755126953125,93.48618568919598,89.87906888293976,93.48618568919598,25066544
2021-02-15,90.69013214111328,91.97077025563328,90.3059436017052,91.35179564943994,8599603
2021-02-16,96.2822265625,98.13915035753568,91.05297796992087,91.09566687151292,80200957
2021-02-17,98.20318603515625,98.69409977366004,94.85220241776454,96.26089579896765,39034960
2021-02-18,100.95654296875,101.72492008474292,97.54152327118838,98.6087169266764,44291912
2021-02-19,99.1209716796875,100.78579840547245,97.64824212684577,99.67591006168507,36335681
2021-02-22,96.02610778808594,99.84666327895994,95.44982207299657,99.22768866092025,25800846
2021-02-23,96.51702117919922,97.79764781117336,95.89804652600333,96.36761290533508,18293559
2021-02-24,95.08696746826172,97.41345169884306,94.59605959838457,96.53834952307504,11421326
2021-02-25,97.135986328125,99.37708705722147,94.25455787095359,95.49250705621824,30696079
2021-02-26,91.47986602783203,97.00793178352674,90.15654466420162,94.55338624078676,38070699
2021-03-01,97.0079116821289,97.66956933189115,92.80316816134635,92.8458570590493,31441940
2021-03-02,96.06880187988281,97.90437280745181,95.34311360637963,97.75497031489593,18223787
2021-03-03,97.11465454101562,98.24588454946388,95.492522354779,98.1818482924599,19350542
2021-03-04,96.1114730834961,98.16048817277026,95.21502934380712,95.21502934380712,22865747
2021-03-05,94.0197982788086,96.47434405377122,93.63560966331559,96.47434405377122,17342685
2021-03-08,95.71539306640625,97.34579342964443,94.34585794068458,94.71541653575032,15749448
2021-03-09,93.91106414794922,96.56318267649513,92.7154374741531,95.8675441596156,12585004
2021-03-10,93.54154205322266,95.19368491119384,93.04155370163662,94.78064772245278,10661165
2021-03-12,95.67192077636719,96.04147939550717,93.65022537365046,93.78066094940174,18173078
2021-03-15,97.4544906616211,98.47620944260184,95.54148867209955,96.08495548145181,30092241
2021-03-16,97.58492279052734,98.78054972891161,97.17188567119777,97.88926065482991,14767699
2021-03-17,95.84583282470703,97.82404965980727,95.36758085117958,97.80231334614379,12571132
2021-03-18,96.10669708251953,97.17189444625075,95.71540213765653,96.0849607677465,14232655
2021-03-19,100.08488464355469,100.91094720888294,95.28063397851496,96.47626109153042,70334403
2021-03-22,97.19363403320312,101.91093343311816,96.60669454464467,101.91093343311816,29180881
2021-03-23,95.21542358398438,97.389291163802,94.99803682600262,97.19364072282112,38455903
2021-03-24,96.10669708251953,97.3458026554129,94.302388355601,94.36760319691273,24398959
2021-03-25,94.08499908447266,97.12841330226983,93.62848931060006,96.10669449261087,20272124
2021-03-26,93.30240631103516,96.51972863314249,92.23720900917215,95.36758018024496,25184863
2021-03-30,96.23712921142578,97.25884801198322,93.6502247905455,94.30238497426399,53328751
2021-03-31,93.75891876220703,96.12843647053943,93.32414530357667,95.60670596138603,20694060
2021-04-01,95.0849838256836,95.36758540175511,93.36762626056868,94.19369467408256,11229344
2021-04-05,93.10676574707031,95.21541836327353,92.75894931216774,93.56328145199694,14484908
2021-04-06,90.95462036132812,95.21540345522715,90.65028250268732,93.56326680262856,25301732
2021-04-07,91.54157257080078,93.99804731964714,91.10679911394195,91.69374446009986,22841720
2021-04-08,90.86766815185547,92.82414853720233,90.65028144237249,92.15024619960994,20468881
2021-04-09,90.5633316040039,91.93286680329348,90.43290192673533,91.04158358230931,11773021
2021-04-12,87.45470428466797,89.84595832552569,86.30255578983501,89.84595832552569,18544315
2021-04-13,90.75897979736328,91.04158135586235,88.01990356877664,89.19379422345553,19831072
2021-04-15,90.345947265625,91.91113291918725,90.01986716684088,90.38942579152805,10159348
2021-04-16,91.23723602294922,93.38936112766591,90.1068238391928,90.21551720499644,22020846
2021-04-19,87.4764404296875,89.99813004245304,86.95471581452365,89.49813584455637,18404990
2021-04-20,88.56336212158203,89.4329089264108,87.67207900542921,89.12857108291574,14467660
2021-04-22,88.45467376708984,89.08509759499508,87.47643355640434,88.69380269011927,11626459
2021-04-23,91.80243682861328,92.56329036986394,88.69380782518768,88.82423750203371,38318040
2021-04-26,93.82412719726562,94.10673464367882,90.51984795782312,90.51984795782312,19139358
2021-04-27,94.19369506835938,95.86757411408692,93.82413643795314,93.93282980589659,15270611
2021-04-28,96.0414810180664,96.38930332895363,94.04152189569064,95.1284555603522,16383579
2021-04-29,95.71539306640625,97.23710007209522,95.23714111379131,96.99797704428377,14761969
2021-04-30,95.67192077636719,96.65016105803583,94.1936921967997,94.67194418056954,16897105
2021-05-03,95.99800109863281,96.8892902289134,94.23717094623726,94.56325104090253,15528063
2021-05-04,94.80238342285156,96.38931142412827,94.21544391223475,96.25887583521883,20857434
2021-05-05,94.86758422851562,95.80234588278256,94.25889673551224,94.80236349927112,23178237
2021-05-06,93.65023040771484,95.38932433527552,92.86764049910964,94.9762930656755,18823613
2021-05-07,93.28067016601562,94.25891048346095,92.82416037667154,94.06326595816748,12509591
2021-05-10,95.5849609375,95.71539060440732,93.45457236373187,93.65021686409284,17845577
2021-05-11,97.12841033935547,97.91100608111132,94.95454310724301,95.65018180091745,22995780
2021-05-12,98.23709106445312,102.17178859198076,96.97624328936277,97.12841518259704,55645370
2021-05-14,99.49791717529297,99.99791133160474,97.32405594742328,99.01967112541698,18820793
2021-05-17,99.30229187011719,100.43269820886199,98.737082803752,100.41096189349874,10996347
2021-05-18,101.34571075439453,104.28044335583154,99.34575758839131,100.38921859307935,52885042
2021-05-19,101.62831115722656,103.47609820394035,100.60659833134308,101.82396155626363,28081040
2021-05-20,99.54141998291016,102.15006101465003,99.3022969137979,101.73702382582732,10707136
2021-05-21,99.10662841796875,99.67183151305466,98.25881787834787,99.1501010429815,21702883
2021-05-24,100.43267822265625,101.91091248898523,99.3022721088634,99.56313142928231,22028927
2021-05-25,101.2587661743164,101.93266267209552,100.49791262656923,101.30223880230804,9165363
2021-05-26,98.08491516113281,101.65005391561859,97.80231359781874,101.38919456301628,18322114
2021-05-27,99.25880432128906,99.82400747287201,97.06320065899462,98.56317148764623,51194207
2021-05-28,98.01969909667969,100.43268935700907,97.73709163990893,100.43268935700907,15307498
2021-05-31,98.10665130615234,98.51968844204966,97.28058293135003,98.25882319290358,13102261
2021-06-01,97.56319427490234,99.12838002969659,97.34580752831961,98.38926273251813,15733731
2021-06-02,98.8892593383789,99.19360314968932,97.43276692195285,97.4762454517105,7995532
2021-06-03,98.38925170898438,100.62833966551337,98.1066501494881,99.58487868123133,10291328
2021-06-04,98.32402801513672,99.19358072271051,97.73708273859546,98.2588131837414,6142487
2021-06-07,102.71525573730469,103.38915225610117,98.65012261887432,98.82403082724187,18058790
2021-06-08,101.75874328613281,103.88913782675196,100.88919641959181,103.88913782675196,22511761
2021-06-09,105.25868225097656,106.73690489533963,101.6500532033605,102.60655714617458,39865778
2021-06-10,105.06303405761719,107.8238407885047,104.45434650098798,107.8238407885047,32690784
2021-06-11,107.08472442626953,108.17165807626036,106.08474782707495,108.17165807626036,29142097
2021-06-14,108.1281967163086,108.60644285455045,105.25869629888513,107.80211658732928,18732629
2021-06-15,107.64993286132812,109.34554217656999,107.41079803757721,108.93250505570884,15026686
2021-06-16,105.28042602539062,107.60645941558529,104.7586954928839,107.32386373121716,30706682
2021-06-17,104.28042602539062,106.10646478914687,102.93262146882915,106.10646478914687,22261167
2021-06-18,101.30225372314453,106.51953596186581,100.04140579785894,106.08476244197237,49278209
2021-06-21,102.1065902709961,102.36744966140232,99.30229875119063,100.82400604786174,11719831
2021-06-22,101.75874328613281,103.04132727307764,100.88919641959181,100.88919641959181,10961545
2021-06-23,100.97615814208984,102.60655859237166,100.86746477873771,102.49786522901952,10721151
2021-06-24,100.49790954589844,101.28049938365186,99.17184111100063,100.9761556150854,12964208
2021-06-25,100.36746978759766,101.21528037376554,99.73705772038133,100.62834093394873,7736431
2021-06-28,100.80224609375,101.08485356180847,100.30226368854996,100.86746683068195,9989595
2021-06-29,102.60655975341797,103.43263404183544,100.71529992728438,101.12832527750824,61089570
2021-06-30,101.04137420654297,103.30219841854593,100.86746011562575,103.1065480147601,17437744
2021-07-01,100.3457260131836,101.2804935786351,100.08486668021207,101.10657949399825,15924813
2021-07-02,99.10662841796875,100.47615763367878,98.95445064245608,100.34572796465649,9549992
2021-07-05,100.12835693359375,100.3892281064796,99.2805462611899,99.69358343943648,6849185
2021-07-06,99.47616577148438,100.21528284060396,99.25877909197756,99.73703686328186,5343938
2021-07-07,100.41096496582031,100.62835171407545,99.47619723072883,99.47619723072883,7228897
2021-07-08,100.49790954589844,101.36745643095433,99.80226496146305,100.04138799605653,8740010
2021-07-09,100.10660552978516,100.62833600293672,99.99791217262792,100.45442191389151,2990856
2021-07-12,99.56314849853516,100.75877554440439,99.21533208035206,100.30226575841499,5578309
2021-07-13,99.41098022460938,100.82399397373204,99.25880243677443,100.17183378182928,8264289
2021-07-14,99.97618865966797,100.62834888610567,99.32402843323027,99.41098548888574,9228746
2021-07-15,100.17182922363281,100.62833897839485,99.69357136160902,100.43268857092986,5376823
2021-07-16,101.67179870605469,102.82395316307398,100.21531224362106,100.71530647077712,15903784
2021-07-19,101.3674545288086,102.01961468036282,100.65007364450524,101.67178649767985,13725925
2021-07-20,100.56312561035156,102.73699297700047,100.41095961228025,102.12831719072994,14178067
2021-07-22,101.41094207763672,101.95440895057168,99.43272501895062,101.95440895057168,10378326
2021-07-23,101.30225372314453,101.7152909258406,100.88921652044846,101.62833386306461,6660369
2021-07-26,101.17179870605469,102.32395296302123,100.88919127125652,101.49787876436783,12963701
2021-07-27,100.80224609375,102.10657827449418,100.2805273742343,101.30224029293501,10832912
2021-07-28,99.17184448242188,101.04137978403587,98.86750660050144,100.86746568351857,13828088
2021-07-29,97.04141998291016,100.60656402861409,96.89649552409278,99.12832983108382,28609665
2021-07-30,99.21529388427734,100.40366745426314,97.50518396985025,97.99792480589235,34142169
2021-08-02,99.12834930419922,99.70804725334659,98.14286161125021,99.4181982787729,9575755
2021-08-03,101.1282958984375,101.56306933186842,99.18631025457624,100.02687930226654,20959435
2021-08-04,101.59207153320312,102.37466145155193,100.78049199810651,101.82395308522868,23323277
2021-08-05,101.56307220458984,101.88191078238458,100.4326659632895,101.59206181856555,6621382
2021-08-06,101.44712829589844,102.31667510986328,101.18626896930238,101.73697723388672,5340311
2021-08-09,102.28770446777344,102.6065430762827,100.89643874260558,102.6065430762827,16415005
2021-08-10,100.05587005615234,102.08481300778806,99.3312475734253,102.08481300778806,11925263
2021-08-11,102.22972869873047,102.60653471608931,100.02688361737474,100.25875335668661,31279965
2021-08-12,108.40350341796875,108.80928721584367,102.20074082768909,102.606524625564,58107755
2021-08-13,107.09919738769531,108.5774318933198,106.43254237939438,106.78035879425157,26776843
2021-08-16,104.75141143798828,106.83833342525175,104.57750913503939,106.66441932831826,21308655
2021-08-17,106.22965240478516,106.51950138815428,104.92533197962409,104.95432159555513,15962459
2021-08-18,104.69344329833984,107.82381446416076,104.43258394868165,106.49050451394561,25227527
2021-08-20,103.53404235839844,104.37461138797991,102.63551769172244,102.78044216641057,18720467
2021-08-23,101.82394409179688,104.2876603022452,100.98337501419432,104.0557787707002,13112745
2021-08-24,102.37464904785156,103.93984048889641,101.70799408929454,102.78044466322655,11029463
2021-08-25,101.73698425292969,102.86739047147962,101.4761249083364,102.72246599248685,12001351
2021-08-26,100.34571075439453,101.67902072999155,99.47616384700119,101.67902072999155,12115246
2021-08-27,101.0703353881836,101.36018436365529,99.56312307452777,100.75150859155573,8051699
2021-08-30,101.73698425292969,102.22972512270827,100.1718045974014,101.56307016054464,14512401
2021-08-31,101.65003204345703,102.63552562389033,101.41815050723832,101.73698909378716,43248333
2021-09-01,101.82394409179688,103.07029700411472,101.24424615992667,103.07029700411472,11817591
2021-09-02,101.88191223144531,102.08480415020745,100.98337571323272,101.67902031268319,13545023
2021-09-03,101.76597595214844,102.49059836196442,101.09932097632084,102.02683530208837,12286475
2021-09-06,100.9254150390625,102.22973548217097,100.28774962567323,101.8529294398092,13950485
2021-09-07,100.2877426147461,100.9543975978607,99.96890403334812,100.92540798355738,12485031
2021-09-08,101.96902465820312,102.41147053783268,100.4057194841458,101.02514251541592,25370295
2021-09-09,102.35248565673828,102.7359411734542,101.40860346320831,101.7035673988185,5078350
2021-09-13,102.58846282958984,102.82443638683642,101.8805421578501,102.79493519138798,7522483
2021-09-14,102.70643615722656,103.29636400649508,102.35248184808802,102.588455388218,8434427
2021-09-15,104.94818115234375,105.59709947495128,102.49997784230607,102.64745982481298,20064238
2021-09-16,105.86253356933594,107.16038186513818,105.18412623524499,105.56756968421423,16214883
2021-09-17,105.4791030883789,106.42298523639067,104.26974620985237,105.92154897045748,21219226
2021-09-20,104.41722869873047,105.71506515854756,103.2963633913724,104.53520946703648,7833069
2021-09-21,103.768310546875,105.24313016237318,103.50283581481767,103.85680212422743,9481007
2021-09-22,104.26976013183594,104.6827048760668,103.70933340722058,103.70933340722058,9165634
2021-09-23,105.1546401977539,105.44960412537735,104.41723037869532,104.41723037869532,10295913
2021-09-24,103.91580200195312,105.89205806684473,103.70932963734305,105.18414938757765,7093411
2021-09-27,103.82730865478516,104.50572812880449,103.29637115328683,104.12227259982717,5205649
2021-09-28,108.51722717285156,111.43737733834784,103.8862957815182,104.32874168518916,38873626
2021-09-29,115.0654296875,115.80283948554316,107.63232932153485,108.25175835273615,53686662
2021-09-30,112.02729797363281,116.80571102420033,111.28988818181337,115.00642633131588,23618199
2021-10-01,113.17765808105469,114.15104145512566,111.87982158370211,112.5582410263645,16994903
2021-10-04,113.05966186523438,113.88556316078183,112.11577981408506,113.26613418859337,10757286
2021-10-05,112.05679321289062,115.09492411960828,111.70283889413325,113.05967778516852,17200858
2021-10-06,110.67047119140625,113.35464792638196,110.16903487885963,113.23665514559147,8929507
2021-10-07,111.08342742919922,113.0006930879467,110.67047070143151,112.67622794485162,6733699
2021-10-08,110.72943878173828,112.1747690345625,110.31649413928069,111.49634969157246,8165175
2021-10-11,114.12155151367188,115.09493498371971,111.6733602432762,112.08630498711989,12982042
2021-10-12,114.06253814697266,114.82944909062378,113.05966568414752,114.38700323900471,8539966
2021-10-13,117.63162994384766,120.6402599429808,114.53450835606942,115.0949350806312,33075614
2021-10-14,120.72874450683594,121.49564355887019,116.95320362861676,118.10355820772493,19185455
2021-10-18,120.22730255126953,123.85534928503107,119.25391918279884,123.76686970780803,38546365
2021-10-19,117.18913269042969,120.81719021938684,116.21574964576669,120.34524328800205,16174177
2021-10-20,114.6524658203125,118.13304224956087,114.06253801881655,117.98556029918689,21909934
2021-10-21,114.47551727294922,116.42227220081206,114.1510521172483,115.77335389152444,16946547
2021-10-22,114.71147155761719,116.2157924536751,112.82370714094094,115.56687418557475,7705870
2021-10-25,113.64960479736328,115.03593286998927,112.38125749606644,114.71146774566459,7862419
2021-10-26,112.32227325439453,113.82658218063486,111.90931652792788,113.62010981845839,8525850
2021-10-27,112.2337875366211,113.1776698145614,111.23091486670596,112.17479714464626,9862679
2021-10-28,109.6676025390625,112.73522291692002,109.28414699130175,112.49924934890461,11095238
2021-10-29,109.1661605834961,111.2898985819793,106.95393100130242,110.25752477695558,12988035
2021-11-01,110.75895690917969,111.20140280895005,108.87119253767142,108.90068172972155,5475153
2021-11-02,109.43162536621094,112.8237107886137,109.2251530017918,111.28990065021087,10946890
2021-11-03,108.51722717285156,110.49349514427246,107.95680049571367,109.43162017461685,13957727
2021-11-04,109.1661605834961,109.6380956930959,108.69421347178266,109.1071581929467,830214
2021-11-08,111.58485412597656,112.29276273814054,108.90067763413877,110.67046116666143,11947323
2021-11-09,110.05106353759766,112.29278253948961,109.31365360234739,112.29278253948961,10381150
2021-11-10,108.78271484375,110.02156112082699,108.2812784937563,109.69709595206447,13857851
2021-11-11,107.45536041259766,109.28413434946711,106.59995782775786,109.13665238678227,8851354
2021-11-12,107.36687469482422,108.36974729497442,106.364002094674,108.36974729497442,9590673
2021-11-15,111.08342742919922,111.34889018110337,107.36687688985862,107.48485766801296,24821341
2021-11-16,110.67047119140625,112.8827008074476,110.02155290445688,111.49637264848445,23206330
2021-11-17,112.70574188232422,114.32804377698041,110.31652883662088,110.31652883662088,18359498
2021-11-18,113.56110382080078,114.71145825346537,112.70571329416425,113.1776483425419,10742933
2021-11-22,114.5639877319336,116.21579057135655,113.2661512167536,114.68198050738567,25095721
2021-11-23,119.07693481445312,119.40139993468487,113.94456729045598,114.00355767537641,19671538
2021-11-24,119.9323501586914,122.38054140911545,119.16543906682163,119.28341984921043,18120478
2021-11-25,120.49276733398438,120.93521323606755,118.72298372565167,119.51938394897874,18537454
2021-11-26,119.16539764404297,120.90567959097088,118.45748919155602,120.37475425266068,12814537
2021-11-29,118.1330795288086,120.3453094825316,117.10070555040453,117.39566954423425,16066147
2021-11-30,121.96761322021484,123.58991520984284,118.1625824453882,118.1625824453882,37739647
2021-12-01,122.2330551147461,123.14744815337716,120.7582353763823,122.1150743365225,20332817
2021-12-02,126.53952026367188,127.42441201376748,121.8200975964953,123.29491717998799,33758843
2021-12-03,121.5841293334961,127.68988027342311,121.2301750185361,125.7431255400867,47614182
2021-12-06,119.16539764404297,122.70496391069771,118.78194223140004,122.32150849805477,11322446
2021-12-07,121.40715026855469,122.08555766048913,119.25391132315099,119.51937404155036,8049102
2021-12-08,120.8172607421875,122.49855316321361,120.07985073277989,121.02373314439842,8788449
2021-12-09,119.87334442138672,121.79061009546278,119.2244261321222,121.2301833915784,5755422
2021-12-10,119.54888916015625,120.49277138255896,119.07694204789809,120.49277138255896,6164402
2021-12-13,120.58126831054688,123.6783898664576,120.16831156849027,121.23018661707675,21648126
2021-12-14,125.21220397949219,125.74314152046418,119.87335137645837,120.40428891743036,48042035
2021-12-15,123.7963638305664,127.2179503523541,122.5870188718463,125.71362945005993,15207306
2021-12-16,122.82299041748047,124.94674057049758,121.70213695041691,124.71076699770518,13410737
2021-12-17,123.85536193847656,124.17982709515283,120.96472473367747,122.82298807901567,15209414
2021-12-20,123.7963638305664,125.44816670359084,122.41003570612457,124.32730132561808,22539246
2021-12-21,121.87911224365234,124.91724359091457,120.81724913340466,124.74026040481584,17566511
2021-12-22,123.06980895996094,123.95519826406392,120.90211456297861,122.00122966458107,14750231
2021-12-23,127.22198486328125,127.98525572569957,123.37510717050989,123.64987971176915,15932489
2021-12-24,125.42070770263672,127.43573592174593,125.0848634546025,127.13042748645374,8975969
2021-12-27,125.84809112548828,126.55030276900509,125.17641528417873,125.42066443275341,8648187
2021-12-28,125.54280090332031,127.40518695391917,124.13838983674782,126.18395345792767,15736206
2021-12-29,124.93220520019531,125.72601207551864,123.77203069896571,123.95522072343468,17172943
2021-12-30,125.39012908935547,129.08436486461707,123.13085240858531,124.93216659273764,87481206
2021-12-31,124.81008911132812,125.90919200940773,124.29106726309344,124.56583988185538,9842223
2022-01-03,125.17640686035156,126.36710429786122,124.65738521895061,125.42065599248934,7410054
2022-01-04,128.5959014892578,130.06138436103058,125.48175815113514,125.97025658273645,14784090
2022-01-05,127.40519714355469,129.05385752578826,127.03882955006173,128.22952733467147,9565107
2022-01-06,125.75652313232422,127.4357193075086,124.96272875787348,126.85563832529344,5615931
2022-01-07,125.29851531982422,127.31355497204538,124.87108868960806,126.36709431839056,11908249
2022-01-10,124.5658187866211,126.55032325258443,124.22997460009233,126.55032325258443,11085710
2022-01-11,124.47420501708984,125.6649149709228,124.26049166835918,124.90164413757905,7208789
2022-01-12,125.1458969116211,126.21447621531202,124.77952934924723,125.78704946304744,11018139
2022-01-13,127.0082778930664,129.1454364153055,126.12288861735037,126.7640287202047,20522807
2022-01-14,126.85562133789062,128.01579556999093,126.12288625605294,126.97773971052067,14183654
2022-01-17,126.00074768066406,127.95472848330016,125.66491596515255,127.71047933009214,7574539
2022-01-18,125.26802062988281,126.9166807788397,124.9321764699333,125.93969652675307,8475422
2022-01-19,124.96270751953125,126.6419034093238,122.76448993022666,125.78703756264193,13724367
2022-01-20,131.0688934326172,131.49632020653866,125.42068825549582,126.45873180532229,30170343
2022-01-21,131.34364318847656,133.87770485273484,130.06135066651092,130.61090815393274,29509593
2022-01-24,130.67198181152344,132.96179457691227,129.14543996793086,132.13746446597816,12850189
2022-01-25,133.63348388671875,134.45781408020852,129.4202254918447,130.36668649887073,27389035
2022-01-27,131.19097900390625,133.908230430838,129.66443744597615,133.11442385150355,28512473
2022-01-28,128.35162353515625,132.80913035061823,127.77154264766376,132.80913035061823,18932049
2022-01-31,131.52685546875,132.35118562819503,128.96225756677316,129.4507559546821,19907759
2022-02-01,130.03082275390625,132.53436119040288,129.0233151260313,132.503825385849,8622355
2022-02-02,130.67198181152344,132.99233038299585,130.21401925844566,131.19100355373905,9921099
2022-02-03,129.02333068847656,131.28260780710775,128.84014068511505,130.67199102660956,4594389
2022-02-04,128.0463104248047,130.27506374960177,127.67994290828291,129.45073373167077,7329263
2022-02-07,130.458251953125,130.85515526691162,128.22949865850262,128.87065112100623,7869237
2022-02-08,128.26007080078125,131.52686837425114,127.31360973997658,130.67200232304552,9074237
2022-02-09,127.83262634277344,129.23704997118313,127.43572293274194,128.5958973532068,9833985
2022-02-10,129.4812774658203,131.71001850411335,128.26004405392115,128.26004405392115,19180334
2022-02-11,126.88615417480469,129.4507393242819,126.4281916536103,128.35162430420397,20071130
2022-02-14,123.25297546386719,126.36711807481375,122.88660793723142,126.36711807481375,12109375
2022-02-15,124.22998809814453,124.47423731279225,121.5127481956453,123.34459867095654,19046061
2022-02-16,123.19448852539062,126.14412209393795,122.81792869263764,124.637921067534,20270061
2022-02-17,123.63378143310547,124.79480677617197,123.00619878623692,124.41825974169117,16405551
2022-02-18,122.81790161132812,125.6106516580314,122.53549456723671,123.5082526403513,14600643
2022-02-21,124.35550689697266,124.88894960546617,122.72379453114465,122.8179217157832,10682638
2022-02-22,124.35550689697266,124.5437740344517,120.37035955114214,121.8765477237822,13606058
2022-02-23,124.29273986816406,125.20272953696697,124.0103200353557,124.4810069885022,6493463
2022-02-24,119.93102264404297,123.00617968993119,119.17792869199673,121.75101459105433,13145037
2022-02-25,123.8220443725586,124.19859135545774,120.58999163029122,120.84102720829061,10920938
2022-02-28,131.2589111328125,131.94924948013846,123.0375811385821,123.9161866161598,31938385
2022-03-02,132.357177734375,133.76923863601868,129.4075317455764,130.38028991843362,20502615
2022-03-03,136.71885681152344,137.66023064236,132.23163899756256,132.23163899756256,19805555
2022-03-04,134.96165466308594,136.499227055976,132.38855557068774,135.52646883634236,12794317
2022-03-07,133.54957580566406,135.05576375687528,131.07061699691218,132.10613078951994,17635653
2022-03-08,133.26715087890625,140.20194310852955,131.66682305005443,134.30266463181013,28410490
2022-03-09,130.59994506835938,135.55785048703476,129.65857110664385,135.02440779570293,22830958
2022-03-10,131.0706329345703,132.67097378757725,129.94099183380212,132.41993817578378,16516553
2022-03-11,133.32992553710938,133.6751010932222,130.38029226345967,131.35305045381295,12992850
2022-03-14,133.92613220214844,134.3026792164047,131.54131316485712,133.32992105872512,12598659
2022-03-15,131.5727081298828,134.96165707089125,130.7254740866812,133.80061892732394,14528285
2022-03-16,131.38442993164062,132.92201514015656,131.13339430900515,132.57683956300752,11933774
2022-03-17,132.7650909423828,133.5181848802561,130.38027219211844,133.04749797703545,28464621
2022-03-21,128.5916748046875,135.55783897621396,128.3406392159063,135.55783897621396,17797415
2022-03-22,130.9764862060547,131.4785574036593,128.05823727060582,128.65443564558547,13285297
2022-03-23,131.85513305664062,132.16892443124863,130.72549176897405,131.47858596075176,9408783
2022-03-24,132.26303100585938,132.545438064428,130.53717888122776,131.79234406277803,11188958
2022-03-25,131.5727081298828,132.29443074749975,129.72133160919574,132.26304650700257,9842670
2022-03-28,133.2357940673828,133.51820113641918,130.22339241272374,131.57269758654397,12823578
2022-03-29,132.6082000732422,134.58507492324821,131.60405776239483,134.20852794078039,10470515
2022-03-30,136.24815368652344,137.25228309964686,132.92197420753973,133.73782376961577,54218485
2022-03-31,136.05990600585938,136.34231305450353,134.7733566327026,135.2754277949589,10326026
2022-04-01,141.23745727539062,141.67675995090428,135.62058582018253,135.62058582018253,39663961
2022-04-04,142.71231079101562,143.15161358068326,140.60991126640113,141.8336924434774,9907530
2022-04-05,146.25814819335938,147.23089368319287,142.39851217059476,144.3126316772878,17167487
2022-04-06,148.51744079589844,149.6470819363128,145.06573612515083,145.19124755135175,17153675
2022-04-07,145.19122314453125,150.55705915615252,144.34398923959102,148.07810037568308,11913911
2022-04-08,145.97572326660156,146.91709725082495,144.7205579543037,146.22675888270152,6746769
2022-04-11,144.90882873535156,147.8270904563584,143.3398721937566,145.91295836833214,12413822
2022-04-12,146.28952026367188,146.63469584521073,143.4653982015616,143.8733294975069,14769907
2022-04-13,144.0302276611328,147.70158385179568,142.8064465203127,147.4505482216216,11015439
2022-04-18,145.03433227539062,145.47364774410104,142.80642176823181,144.03020269693874,19069923
2022-04-19,142.99468994140625,146.4463941710431,142.14745600231728,146.03846293571866,15036942
2022-04-20,142.4612579345703,143.7164232027163,140.23333447633064,143.24573622716156,9814641
2022-04-21,142.61814880371094,143.49676701554782,141.36298357771568,141.89642624512348,11134333
2022-04-22,141.48849487304688,144.4695122822576,141.01780791369782,141.23747204262148,12032249
2022-04-25,139.85675048828125,142.398464591835,139.00951670982934,140.54708864967918,11042683
2022-04-26,145.34811401367188,145.72466098481777,140.79814058917702,142.46123687728746,15389155
2022-04-27,143.9047088623047,146.13261964155075,142.74367072821943,145.1912456527477,12680209
2022-04-28,147.85848999023438,148.2664213221158,144.37541346771627,146.47781307885478,18378146
2022-04-29,142.93194580078125,148.32915393380054,142.49264306147327,147.54467563632093,9026331
2022-05-02,145.3167724609375,146.38365789350212,141.77092781898716,141.77092781898716,12634353
2022-05-04,149.1136474609375,150.27467290614783,146.1640138684353,146.2267695850029,23124643
2022-05-05,146.69744873046875,151.0277716958321,146.13262177529927,149.6157106920094,16481935
2022-05-06,149.61572265625,150.0864096951634,145.25401510139721,145.25401510139721,17715186
2022-05-09,153.85186767578125,154.667717345715,147.88983333492732,149.9922323646411,54118806
2022-05-10,152.91050720214844,155.86014039508552,152.18878463888055,154.2598123824839,30997494
2022-05-11,150.11776733398438,155.6404998554923,149.80397600363057,153.13016921266177,15412618
2022-05-12,148.04673767089844,151.8122332652331,145.69330292443925,149.9922411743312,26538994
2022-05-13,148.2977752685547,150.52568586439475,146.289503263512,150.52568586439475,15074553
2022-05-16,147.60740661621094,149.30188711579305,146.22673015124712,147.79568648334205,7960529
2022-05-17,149.7725830078125,150.18051423228937,146.069843288115,147.41914836836918,15470937
2022-05-18,143.02610778808594,149.52158653842292,142.5240364930575,149.05089948741005,19181550
2022-05-19,143.27713012695312,144.1243641864382,139.103702775324,139.95093683480906,15085602
2022-05-20,143.747802734375,146.2895046582164,142.3043576159952,144.81468807008113,15148281
2022-05-23,140.95504760742188,145.59916134179153,140.7040120169856,145.59916134179153,11572501
2022-05-24,142.4612579345703,144.12435446850404,140.95505705915485,141.20609266642433,16336858
2022-05-25,141.11195373535156,143.96745984825773,139.66852132749466,143.3398772096587,11062614
2022-05-26,142.58677673339844,143.77918635348817,140.51576159469712,142.4612653073688,14150454
2022-05-27,141.017822265625,143.49678149807718,140.20197244730835,143.46539725697943,8430491
2022-05-30,143.2457275390625,144.28124137611755,140.76678139210705,140.8922928040286,9305758
2022-05-31,146.1639862060547,147.5760470184975,143.21434040358724,143.2457246400328,26351545
2022-06-01,143.84190368652344,146.22672229038426,143.18294972338725,145.69327971978868,10282009
2022-06-02,141.55123901367188,143.96742910263737,140.9236565090991,143.96742910263737,10071898
2022-06-03,141.8336639404297,143.15158481278476,141.2060813566225,141.8336639404297,16082518
2022-06-06,141.08058166503906,142.74366543570062,140.2961033701227,141.8336757208782,12693293
2022-06-07,141.2061004638672,141.99057879977755,140.39023788723958,140.54713355442163,9103195
2022-06-08,140.9237060546875,142.14748726157873,139.9823319668625,139.9823319668625,11240130
2022-06-09,141.11195373535156,141.64539642452044,138.6957631303856,141.01781378592142,9468041
2022-06-10,140.8609161376953,142.74366402691308,139.35472804088212,139.35472804088212,9019239
2022-06-13,139.54299926757812,141.5198871629627,139.00955657027157,139.22920794349173,10186775
2022-06-14,140.547119140625,142.6495310798138,139.32333816939038,139.54298952727856,17023962
2022-06-15,139.4802703857422,142.02198570702723,139.2606189702716,140.73543592352164,5898563
2022-06-16,135.77748107910156,140.76676997357941,135.33817840481024,140.1705588948131,11883333
2022-06-17,132.63955688476562,136.1226448161905,131.9492186984846,134.42816443001146,19675226
2022-06-20,130.69407653808594,132.35717298284698,129.50166704364213,131.22751919480535,7402273
2022-06-21,132.01199340820312,133.76922974292873,130.09787419637016,131.1961437135236,9459619
2022-06-22,132.2002716064453,132.57681859674872,130.66268664108958,132.29441154607122,10257637
2022-06-23,130.88235473632812,132.85922968758646,129.3761539611118,131.8551000935091,13114525
2022-06-24,131.13336181640625,133.04749360048527,130.38026790330574,133.04749360048527,9499105
2022-06-27,132.7650909423828,133.8947318491927,131.57268156725064,133.8947318491927,17545390
2022-06-28,131.98062133789062,132.76509956084954,130.75682764915453,131.50993440411526,6770087
2022-06-29,132.48268127441406,134.93025591204,130.81958486883488,131.22751610313927,41502918
2022-06-30,132.98475646972656,134.7733643392145,132.04338256281702,132.73372087424386,22260722
2022-07-01,129.59580993652344,133.61234122427382,128.77994743012692,132.4513159407103,11133663
2022-07-04,132.2316436767578,133.14164607302132,128.6858123363592,128.6858123363592,20178279
2022-07-05,134.3968505859375,135.52649189283272,132.38857809333945,132.41996233861596,20083997
2022-07-06,132.0747833251953,134.39684713817337,130.6627221516478,134.3027071729628,19203527
2022-07-07,133.39268493652344,135.118537063225,133.1102651094156,133.83198764331271,14069302
2022-07-08,137.31507873535156,137.69162574376278,133.45544317068473,134.30267713166018,17142257
2022-07-11,136.21682739257812,138.85266957208935,135.6833718937844,138.068191212925,10826079
2022-07-12,133.98890686035156,136.15406207470144,133.76925546831941,134.99303662978625,8503695
2022-07-13,134.5850830078125,135.99714385303963,133.95750040993377,134.6164672449867,10210005
2022-07-14,134.8361358642578,137.59750220211401,133.5809705077961,137.59750220211401,10898403
2022-07-15,131.3530731201172,136.18545513036483,131.03928174884908,136.18545513036483,22067479
2022-07-18,131.94924926757812,133.29855448911516,131.10201526230648,132.01200497756093,15155654
2022-07-19,131.7923583984375,132.73373238699776,131.54132278118104,131.72960268617385,14922395
2022-07-20,131.3216552734375,133.23578725567094,130.85096833697355,132.60820467371903,14181034
2022-07-21,133.2357940673828,133.80060820545552,131.44717340281593,131.76096470983455,12461554
2022-07-22,131.7923583984375,134.27130479436545,131.4785670689174,134.27130479436545,9272199
2022-07-25,130.47442626953125,132.4199297934248,130.1606349667032,131.79234718776877,6635194
2022-07-26,131.2275390625,132.41994873747322,129.97237367162347,130.47444493525512,11451315
2022-07-27,132.2002716064453,132.41992295343897,131.41579338989652,131.72958467651603,9209354
2022-07-28,134.4281768798828,134.80473662381834,131.82371951625987,132.4199178304917,13192642
2022-07-29,134.27130126953125,136.6875046579683,133.5809629163499,135.8088864047368,15433067
2022-08-01,137.40919494628906,138.16230167121566,134.3968063511818,134.96163320282685,12136557
2022-08-02,139.69989013671875,140.2019613453123,136.4050813468518,138.036793622479,17748747
2022-08-03,140.3274688720703,141.0491914263347,137.8485226728589,140.1705732197607,12406038
2022-08-04,138.57025146484375,140.70402221774506,137.50335332019165,140.57851079752785,9712267
2022-08-05,140.35885620117188,141.04919453289844,137.34645450319994,139.13506242528277,14099223
2022-08-08,139.26058959960938,142.0219557539809,138.75851838310493,141.20609321921157,8392041
2022-08-10,140.26470947265625,141.1433276561027,138.41334593141593,138.5388573426795,8585266
2022-08-11,139.85675048828125,142.398464591835,139.13502809619334,140.98640403834912,5040626
2022-08-12,143.12020874023438,143.465371489304,139.32332912306896,139.9509116866864,13279062
2022-08-16,143.62228393554688,144.312622282663,142.49264284977542,143.84193530487454,11298246
2022-08-17,143.40261840820312,144.940190609895,142.90054724085056,143.6222697558448,11225465
2022-08-18,145.19122314453125,145.41087448756022,142.93192847529068,143.05743988039296,11360485
2022-08-19,144.5891571044922,145.57145569976117,143.03647161866064,144.77927317441726,9829530
2022-08-22,143.19493103027344,146.26861003517342,143.00481492993597,144.55748777054902,9190493
2022-08-23,144.20892333984375,145.0327854944223,142.0858636911449,142.561173243493,8903751
2022-08-24,145.4130401611328,145.72991321695886,143.5434942891982,144.08217590538297,13007225
2022-08-25,143.41677856445312,146.39538072037124,142.65627534403134,146.0785076019289,12124365
2022-08-26,146.04678344726562,146.522093021809,143.60686354332893,143.60686354332893,7966045
2022-08-29,143.89205932617188,145.06448705008242,142.97311973119514,144.65254950016853,7517013
2022-08-30,145.5081024169922,145.92003996194518,144.55748326414565,144.6208552956159,7214498
2022-09-01,143.29000854492188,145.82499326183725,142.59289032648994,142.624582792891,13109081
2022-09-02,142.08587646484375,145.03279853305315,141.83238832901333,144.17724384063055,6897237
2022-09-05,141.57887268066406,142.9414292912508,140.50149664023883,142.59286380007862,18055474
2022-09-06,142.6245574951172,144.49410323479535,141.95911896751824,141.95911896751824,14103701
2022-09-07,142.21261596679688,143.82866065550357,141.3570613794114,141.3570613794114,7866745
2022-09-08,142.21261596679688,143.79698108921306,141.6105494841209,143.22660706642395,7187735
2022-09-09,141.2620086669922,143.32168349779923,141.008507647558,143.25831146634005,9162027
2022-09-12,141.92742919921875,142.40273875835024,140.81837356124532,141.67394108255957,8778919
2022-09-13,143.7335968017578,144.17721384075278,141.8323588170446,142.1492318144968,11278383
2022-09-14,147.37762451171875,147.7895490606588,142.4027085338414,142.59283747457854,25072958
2022-09-15,150.57809448242188,150.99003209098075,147.2509269337224,147.94804517473003,23606369
2022-09-16,149.34228515625,151.1167666677763,147.91635629650273,151.0850870959411,29399642
2022-09-19,147.7579345703125,150.8949732188274,146.80731523517466,149.53241625974317,13920046
2022-09-20,147.4727325439453,149.7225366650288,147.09248741049998,148.29660774440947,20162973
2022-09-21,143.89205932617188,148.51839818958058,142.149257524965,148.20152513481568,14468837
2022-09-22,139.48753356933594,143.4801397160203,138.88547984744508,141.95914628425487,26264530
2022-09-23,128.3652801513672,139.26570812103532,125.54510221662562,138.34678141601478,87162722
2022-09-26,127.28790283203125,132.6747447339052,118.0985842935404,126.74922122056336,167547134
2022-09-27,129.82289123535156,131.75582207564608,127.54140776217632,130.42495779076035,54127095
2022-09-28,131.62904357910156,133.3401655742319,128.365261881493,130.0446785244971,52877873
2022-09-29,131.81918334960938,134.4175396734544,130.58338366314553,132.42123696227702,36761869
2022-09-30,134.48092651367188,138.6002764470471,131.185451724411,131.185451724411,62897614
2022-10-03,133.59368896484375,136.03360897938083,132.45294077679105,134.98792528926552,11740863
2022-10-04,132.1043701171875,134.57598249955797,131.8191895280514,134.4175459736829,19179333
2022-10-06,130.7418212890625,133.65705067449952,130.29819129748918,132.3578660547736,20692745
2022-10-07,132.70643615722656,132.9282447139057,129.28420463235645,129.28420463235645,14282850
2022-10-10,132.4212188720703,134.32245683372872,131.53398480483915,131.78747288485084,16834226
2022-10-11,132.041015625,134.00562622809696,130.9002802233304,133.08669941339653,17807162
2022-10-12,136.60397338867188,136.85746150706953,132.6747399367463,133.371858049534,35288330
2022-10-13,135.58998107910156,137.71304095645925,135.1463639399034,136.22372721715504,16436903
2022-10-14,134.76611328125,138.15665240137147,134.06899513684334,138.15665240137147,23365190
2022-10-17,134.25912475585938,136.223735321993,133.7204430851839,134.3224967947155,9520537
2022-10-18,134.5759735107422,136.25540315156218,134.06898439796413,134.9562185687249,13256574
2022-10-19,135.55831909179688,137.45955775256934,134.95625244639234,134.98794491484514,11595367
2022-10-20,137.8397979736328,138.15667107242277,134.57600247737633,134.70275945305198,16371066
2022-10-21,137.7130584716797,138.72704984281148,135.62169079267053,136.47724560913798,11634491
2022-10-24,138.69532775878906,139.5825748541752,138.5368912379557,139.297394274114,1132859
2022-10-25,138.47354125976562,139.04391540431516,135.78011997668094,138.69534984553513,20622687
2022-10-27,141.895751953125,142.49780558043685,137.74470991135223,138.98052252147255,24298489
2022-10-28,143.7335968017578,145.1278328331094,141.45210090522573,141.8323588170446,11669879
2022-10-31,144.5891571044922,145.92002116835084,143.67021763893578,144.4624001642797,11755682
2022-11-01,149.025390625,149.50070017649782,145.6348517363683,146.17353331601313,15220278
2022-11-02,147.85296630859375,149.9126410781662,147.56777283511008,149.02539398332326,12884449
2022-11-03,144.5258026123047,148.0430857153241,143.67023506627544,147.66284063575407,9358215
2022-11-04,143.32171630859375,145.41307118710776,142.59290554597203,144.494144286585,8059667
2022-11-07,144.49411010742188,146.9657224642946,143.48011893100153,144.05049299698715,14862038
2022-11-09,138.63197326660156,146.39536376953126,138.18835610958791,146.39536376953126,22831150
2022-11-10,136.19204711914062,139.51921433104016,135.30479995058113,136.8891652895809,16217631
2022-11-11,135.65338134765625,138.06160920842626,135.33650824279707,136.8891812991672,12123886
2022-11-14,137.14581298828125,138.67073425007277,136.432021461696,136.88624883261897,18460862
2022-11-15,140.16322326660156,140.4876751723113,136.04268670448442,136.26980039808487,15258103
2022-11-16,140.87701416015625,141.10412785269492,138.50851261915182,140.13077214011625,9825807
2022-11-17,141.65570068359375,143.0508332512622,140.32544265165265,140.74723274973016,9449665
2022-11-18,141.68817138671875,141.9801860782881,140.71481548545623,141.68817138671875,5828998
2022-11-21,142.14239501953125,142.43439647410648,140.4876849049843,141.13658876135835,4712051
2022-11-22,141.33128356933594,142.23973852475459,140.74726738229216,141.78551104704528,4366445
2022-11-23,139.61167907714844,141.98018099244246,139.02766291691398,141.623278560637,13510578
2022-11-24,143.24551391601562,143.4077398660904,139.57920480392966,139.77388122481202,7622243
2022-11-25,143.148193359375,143.3428698042659,140.5525778380736,143.24553158182044,10989671
2022-11-28,143.60243225097656,144.18643517458287,142.2072862848416,142.2072862848416,4526153
2022-11-29,142.33706665039062,144.2188905852632,141.81795145586327,143.60243716614212,6476054
2022-11-30,145.35446166992188,145.97091504353256,141.23392488351482,142.337056142181,17317951
2022-12-01,143.99176025390625,145.90602124152198,143.08329226579053,145.3544556350888,13241961
2022-12-02,142.6291046142578,143.73223613449576,141.8179746134988,141.8179746134988,12880949
2022-12-05,143.99176025390625,144.21887395043967,140.94190437965938,142.56416392915813,16477957
2022-12-06,145.03001403808594,145.451804191345,142.36951082811945,143.7646567802918,11299945
2022-12-07,143.44021606445312,145.41936508915808,143.05086315285374,144.60823519329932,5813973
2022-12-08,141.33128356933594,143.95933660805616,140.74726738229216,143.9268993322109,11176439
2022-12-09,140.94190979003906,142.0774915182801,139.9685540229753,141.7206023248796,6020031
2022-12-12,139.87124633789062,141.46105567361232,139.25477968784722,140.1632478233957,8194429
2022-12-13,140.35791015625,140.68236208615167,138.24897261188923,139.87123226139752,8235450
2022-12-14,142.23971557617188,143.11574631639326,140.35790501328148,140.35790501328148,10055353
2022-12-15,140.39035034179688,143.0184163093379,140.09834887961813,142.43440018299734,5385778
2022-12-16,138.3463134765625,141.59083314723222,137.95697375647902,139.51434583879734,11166617
2022-12-19,142.04505920410156,142.23972244311787,138.54097567999548,138.89787808783316,7758862
2022-12-20,141.00682067871094,142.04506426305733,138.80054481073523,142.04506426305733,6541929
2022-12-21,140.19569396972656,141.6232772800724,138.76809745739698,140.84459787478988,7005861
2022-12-22,139.5143280029297,140.81213570528251,138.11918208250387,140.22811959882722,6961415
2022-12-23,137.08094787597656,139.7090139326171,136.56181947896644,138.4760938912057,4554651
2022-12-26,137.4702911376953,139.02766316712876,136.88627497640977,137.24317740885758,6864331
2022-12-27,137.98939514160156,139.6440919035919,137.43782955427145,138.1840583596102,13115851
2022-12-28,140.0010223388672,141.7206203869025,137.8920845747823,137.8920845747823,16815549
2022-12-29,140.0010223388672,140.48770028442524,138.54098850219302,138.8978909430626,22536873
2022-12-30,138.67074584960938,140.64990784985827,138.37874440130233,140.19568044094007,4643134
2023-01-02,139.54678344726562,139.83878490990375,138.216525224174,139.2223315101197,5959394
2023-01-03,139.90365600585938,140.29299564369938,139.09252625953368,139.6765423172845,2873110
2023-01-04,136.951171875,139.7739011686701,136.5942694531177,139.7739011686701,9954542
2023-01-05,135.49114990234375,137.50274950489128,134.06355329261174,137.50274950489128,21273509
2023-01-06,135.03689575195312,136.46449221933807,134.6800065365944,135.06934622697815,11510471
2023-01-09,135.68580627441406,137.5351797956969,132.5386249203736,135.75069402565515,52485126
2023-01-10,137.4378204345703,137.8595973132594,135.6208846418301,136.20490066106663,17248326
2023-01-11,137.53517150878906,138.24897633538404,136.33470197621693,137.69739747810917,9164361
2023-01-12,138.5409698486328,138.80053402504547,137.1782744249444,138.5734203214278,21179555
2023-01-13,138.8654022216797,139.7414196420278,138.4111748783823,138.6058380818038,6560245
2023-01-16,139.93612670898438,140.09835268170474,138.02185230969397,139.51433653951472,8362194
2023-01-17,141.72061157226562,141.9152748171908,139.44944796758824,139.93612588287624,13000571
2023-01-18,142.33706665039062,142.85619504690152,140.4228054419758,141.65572548220155,11171369
2023-01-19,143.24551391601562,143.56996581616514,141.88281857578394,141.9801567862251,11586815
2023-01-20,144.86776733398438,145.28955742686475,143.4077338446161,143.4077338446161,10112645
2023-01-23,146.06826782226562,148.14476826002868,145.06247468074105,145.35447616009054,14393610
2023-01-24,143.37530517578125,147.0416146913969,143.0833037143004,146.81450097669145,6150893
2023-01-25,142.3695068359375,143.56997631387168,141.33126331993992,143.21307391681816,5790331
2023-01-27,142.2721710205078,143.69975422886003,140.81213733842733,142.30462149423605,10458603
2023-01-30,137.4702911376953,142.01261852238562,136.62672397315745,141.46105283749858,24288177
2023-01-31,140.58502197265625,142.88862272273147,137.66495464288394,137.9569560950681,20997546
2023-02-01,140.5201416015625,146.00337414995641,138.60586721929528,146.00337414995641,20246369
2023-02-02,138.0218505859375,140.87703031055426,137.1458329845848,140.1632386798959,12820663
2023-02-03,139.41700744628906,139.61168390709676,136.52939022354192,138.34631331581525,10815686
2023-02-06,140.84458923339844,141.0392524717838,138.24897377239674,138.50852475691056,6948201
2023-02-07,140.7147979736328,141.59081553535268,139.5792162301486,141.46104004546183,10035526
2023-02-08,140.814453125,141.64472702314268,139.78490808587404,141.3790366730225,12432719
2023-02-09,141.3790283203125,142.10966660479727,140.81444480564573,140.81444480564573,7011082
2023-02-10,142.20928955078125,142.441763505184,140.71479675502988,140.74801311147482,10892159
2023-02-13,143.47129821777344,143.80340770438866,142.14286027131257,142.2092794659217,7710133
2023-02-14,142.8070831298828,144.16873746747945,141.31259039945382,144.16873746747945,6010681
2023-02-15,142.47499084472656,142.93993878937397,141.4786622374208,141.6447170053051,8107497
2023-02-16,142.54139709472656,144.06910622584957,142.14286839073765,144.06910622584957,3963115
2023-02-17,142.01002502441406,143.40488219634867,141.47864442864378,142.14286341657169,6491149
2023-02-20,143.33847045898438,144.1355278805453,142.2757092121423,143.2056185463438,6841917
2023-02-21,144.2683563232422,145.29790114247962,143.5045153109489,144.5008437759259,6701434
2023-02-22,142.57461547851562,144.33479858586927,141.4786513917807,143.47130845363674,9128659
2023-02-23,141.6446990966797,143.40488211642156,141.2129540520532,142.80708232490565,10345874
2023-02-24,142.84031677246094,143.07279074483827,141.08013352976693,141.08013352976693,9808830
2023-02-27,145.5968017578125,146.09496601589842,142.5081941685362,143.7701994781642,17763618
2023-02-28,147.62271118164062,148.12087556133122,145.29794407641793,146.52674684360662,36559278
2023-03-01,145.39755249023438,147.62268360107973,144.40122391699873,147.15773567233157,12896085
2023-03-02,146.3606414794922,146.79238649542785,143.33845339508068,144.79972966517317,79708558
2023-03-03,147.52305603027344,149.7481872616226,146.39388899155057,146.39388899155057,9951869
2023-03-06,150.87734985351562,151.9733139156786,148.1208382770361,148.78505728276272,15659957
2023-03-08,151.4751434326172,151.6744010179994,149.9142180224898,150.74449174550662,11591495
2023-03-09,149.9806671142578,153.0692748904073,149.7813959935386,152.10616267193055,13941653
2023-03-10,150.4788360595703,151.54158387129706,147.62268864658128,147.62268864658128,9605434
2023-03-13,150.179931640625,152.80360512097593,149.7149836889536,151.47516695783273,13209653
2023-03-14,149.58212280273438,151.27588676469392,148.78506535803047,149.54891995878813,9583405
2023-03-15,151.6412353515625,152.80361884874048,149.91425477346823,150.51205470330294,12228069
2023-03-16,154.19845581054688,154.69662010014787,151.67441800447327,152.4050562598405,18437817
2023-03-17,152.5710906982422,155.42723765023408,151.6411949590536,155.39402129659047,33711025
2023-03-20,151.10983276367188,152.37185165210468,149.6485562698472,149.6485562698472,9281411
2023-03-21,148.220458984375,151.24264704957696,147.75549761879623,150.94375393236618,11272787
2023-03-22,148.85145568847656,149.24998433353048,146.6595413838959,148.1208175869497,7589846
2023-03-23,147.55624389648438,149.1171557416227,146.95844413289095,148.78504626335626,17091298
2023-03-24,147.72230529785156,148.95110772014212,146.65955762218326,148.12083398703095,10371666
2023-03-27,146.19461059570312,150.27956046691017,145.82929822536275,148.05442934613646,19983733
2023-03-28,147.52305603027344,148.18727511506853,145.2647084392558,146.958472510912,8689166
2023-03-29,147.75552368164062,148.58579750208943,146.4935182854155,147.52304971462922,19743258
2023-03-31,149.9142303466797,150.61166573677667,148.12084436296007,148.78506339597783,10202058
2023-04-03,149.18357849121094,151.01018066522383,148.6854142619347,151.01018066522383,7643214
2023-04-05,149.8810272216797,150.51202989643315,148.58579200158516,150.51202989643315,12019382
2023-04-06,149.61534118652344,151.04341484839873,149.21681245877414,150.9105629301015,4282875
2023-04-10,152.13937377929688,152.37184773639873,149.44928131028348,149.58211971046433,4145643
2023-04-11,153.6670684814453,154.09881354970818,151.74083060935985,152.03973727826673,5106602
2023-04-12,150.97698974609375,153.79992060156155,150.81093498988977,153.700285045125,9118795
2023-04-13,153.5674285888672,153.86633524933387,150.77771417259962,150.9769852795774,11428621
2023-04-17,157.18743896484375,159.34615085097062,154.2980888353574,154.49734643978033,21815047
2023-04-18,152.9696502685547,157.75202194959832,152.53790518997843,157.35349322843985,13482833
2023-04-19,152.73716735839844,153.7002931030168,151.87369068901148,152.1061646571706,8264190
2023-04-20,153.36819458007812,154.69663279469367,152.53792069594343,153.3349782192838,7308750
2023-04-21,153.7999267578125,154.33129389079224,152.50469149943376,153.96598152066326,5030650
2023-04-24,154.0656280517578,154.29811556755297,152.73718973783508,153.43462525807385,5725067
2023-04-25,154.6966094970703,155.36082850434536,153.20211673070148,153.63386178814432,8338703
2023-04-26,158.28341674804688,159.08047426167442,154.09883101757188,155.46048557638878,13581018
2023-04-27,156.7224578857422,158.28338324940225,155.09512684250126,158.08411215638245,9794457
2023-04-28,157.5859832763672,158.05093124625316,154.82947127714303,157.38671213866044,10585487
2023-05-02,159.47900390625,160.1764393697356,158.25020126857885,158.54909445945995,6732907
2023-05-03,159.2133026123047,160.74101184935935,158.61551627165585,159.41257373490186,4789217
2023-05-04,158.64871215820312,159.87751465746803,156.0582552459115,159.18009278610884,9189783
2023-05-05,160.1099853515625,160.40887847745924,158.2169505089855,158.6154926949402,3896441
2023-05-08,162.56761169433594,163.56394026447487,160.14320947095032,160.6413737560198,8758321
2023-05-09,161.67091369628906,163.99568028822625,161.20595226975922,162.10265876607727,9166941
2023-05-10,164.4938507080078,164.69310831519556,162.4679771967197,162.833303080254,9689409
2023-05-11,165.09165954589844,165.5233911417651,163.79642421758263,164.52706251086306,12616726
2023-05-12,160.57493591308594,165.78905212213098,160.17640723400936,165.29088789489288,13853807
2023-05-15,161.5712890625,163.16541753602624,160.97348919573122,161.67092462589005,12187763
2023-05-16,159.8111114501953,162.4347849818797,159.41258269616932,161.7705658873123,11418509
2023-05-17,158.6155242919922,160.67460077080352,157.7188177085347,160.01038167998877,11560929
2023-05-18,156.52320861816406,160.07677753288124,155.82577326912806,160.07677753288124,14497723
2023-05-19,155.22801208496094,157.75205029511207,154.09884491985684,156.52324755342272,10071694
2023-05-22,155.65972900390625,158.74835023632295,154.53056204363693,155.89220296471805,12566129
2023-05-23,155.49366760253906,157.1210122858537,154.9955033448332,155.46046476016755,12458561
2023-05-24,156.62286376953125,157.98450476930344,155.991847538208,157.95130192359488,8877971
2023-05-25,158.05091857910156,159.6118441677003,156.95496795026756,157.884863815512,12502747
2023-05-26,157.61915588378906,158.01768453500293,155.95860857575744,157.98446818341486,6811801
2023-05-29,155.7593536376953,158.31659405440615,155.49366333815794,158.2169585028834,13638297
2023-05-30,156.15789794921875,156.68927860144245,155.22798856461293,156.68927860144245,9469926
2023-05-31,155.32762145996094,156.22431447082212,152.77038083136748,156.091476066832,48104157
2023-06-01,154.76303100585938,155.49366922205706,152.8035903105696,154.72981464957155,8804790
2023-06-02,155.82577514648438,156.15788464744173,154.82944664361227,155.42724644804957,6617781
2023-06-05,156.49002075195312,158.08414933026697,155.95865356823018,157.05460429684672,27428302
2023-06-06,156.29075622558594,157.41992326552167,155.72615919204617,157.05459736306324,6898603
2023-06-07,158.88119506835938,159.44579208491356,156.85533502664836,157.2206474045447,11153571
2023-06-08,160.50856018066406,163.0325848406402,158.91443151913677,158.91443151913677,19300834
2023-06-09,162.66725158691406,163.06578032287075,160.60817518982836,161.7705585526187,11037141
2023-06-12,160.50856018066406,163.69680399014547,160.20965345524277,162.7336916287921,8188909
2023-06-13,160.9070587158203,161.7041161399441,160.37567809069068,160.74100395966363,6443218
2023-06-14,163.72996520996094,164.19491305259422,160.80739923372255,160.80739923372255,10297426
2023-06-15,163.69677734375,164.02888686444217,161.9366076949382,164.02888686444217,9732749
2023-06-16,163.69677734375,164.29457718371012,162.40155561847885,163.66357449982337,9702361
2023-06-19,161.47166442871094,164.9256119407352,161.0067164528483,163.696795765035,10431647
2023-06-20,165.2244873046875,165.85548999147798,161.90339208248272,161.96981128421262,13426365
2023-06-21,171.5013427734375,172.06593974212504,165.22447854180027,165.25769489768905,31172093
2023-06-22,168.4127197265625,171.36848864071305,167.8481228097204,171.36848864071305,7430965
2023-06-23,166.12118530273438,169.14338745116493,165.75587292545944,168.4459520281205,5593393
2023-06-26,165.05844116210938,166.22082455057492,164.16174810800743,166.05476978079415,7305362
2023-06-27,165.755859375,166.08796888004824,164.49384055310264,164.7927337022179,11142907
2023-06-28,166.15440368652344,167.7153158041647,163.69678501016102,166.5861487863574,17808717
2023-06-30,169.47547912597656,172.49766744239204,166.85180598992198,170.37217206571367,17659979
2023-07-03,166.3868865966797,169.34265622260892,165.7226674885093,169.07697939019866,12467239
2023-07-04,165.78909301757812,167.7153312074275,165.52340266146567,167.7153312074275,8637967
2023-07-05,168.21347045898438,168.67841837762825,165.72264908002606,165.8554874814755,5340907
2023-07-06,174.49034118652344,175.08814104162735,168.9773311115174,172.663738776444,16705046
2023-07-07,169.6747589111328,174.3907251991779,169.17659460016228,174.3907251991779,13149183
2023-07-10,166.05474853515625,170.30575280037024,165.0584200439453,169.67473664779465,15319047
2023-07-11,168.3795166015625,169.64153540503776,166.08796645560835,167.38318810096155,7486045
2023-07-12,167.4164276123047,169.20981375600726,166.81862772654648,168.7116494368041,9390877
2023-07-13,161.47166442871094,167.51605568278777,160.54175496341315,167.21716248595786,30591450
2023-07-14,159.44578552246094,162.33513563586462,157.22064093367436,161.4052262796872,72085831
2023-07-17,160.07679748535156,162.70045743289856,158.88119774185802,161.0731261004056,11474161
2023-07-18,160.17642211914062,161.87017254100806,159.14687721507886,160.07678656172,14940593
2023-07-19,161.5712890625,163.53072991702768,159.77790297576522,160.0767961523638,22954874
2023-07-20,162.23550415039062,163.29825193545784,160.94028239883545,162.0362330285031,10249082
2023-07-21,162.1358642578125,163.59715424761484,160.87384538457394,161.5712807789763,18466409
2023-07-24,164.3610076904297,164.8259691595229,161.30560259261486,162.1026736052439,14825562
2023-07-25,166.818603515625,167.05107746146572,164.82594652801308,165.35731361656755,10500017
2023-07-26,166.71897888183594,169.80760011762,166.05475984246607,168.64521679872274,12898171
2023-07-27,166.5197296142578,168.31312936401756,165.85551048773334,167.38321988416874,10836773
2023-07-28,171.5013427734375,173.46079695875883,166.1211715015241,167.25035192532886,17518458
2023-07-31,176.71548461914062,177.34648731464438,172.13237044649736,174.0253920465799,24269734
2023-08-01,167.25035095214844,174.02537940127374,166.38686083976745,174.02537940127374,31395702
2023-08-02,165.09165954589844,168.5788097540556,163.79642421758263,167.9810098728,20825405
2023-08-03,165.1912384033203,166.45325704184668,163.46427193071133,165.39050948282335,10882019
2023-08-04,164.29457092285156,165.4237513583173,163.7964066607971,164.72631598601285,7406390
2023-08-07,164.69308471679688,165.35730367272436,163.39786315816593,165.25768164019064,6345966
2023-08-08,163.54188537597656,166.08135564578987,162.9662748703205,166.08135564578987,15171726
2023-08-09,162.76309204101562,164.89624956501711,162.35677960251684,164.55765357001707,18442141
2023-08-10,163.74505615234375,164.32066668486988,162.5599699711099,162.898566022891,9962450
2023-08-11,165.4380340576172,166.75855312977345,164.42224591672516,166.25065905932743,23866073
2023-08-14,165.57347106933594,166.11523026890987,163.03400065416207,165.81048555258374,9188486
2023-08-16,167.9774932861328,168.38380576008134,164.59153304071597,165.6411724502907,9191471
2023-08-17,165.03170776367188,168.48539846438538,164.01591962287577,167.97750439398735,15301142
2023-08-18,163.2032928466797,164.9978546314083,162.59381721332736,164.9978546314083,12292241
2023-08-21,167.40188598632812,167.74048204518195,163.67732933893603,164.08365563156775,9129526
2023-08-22,167.80819702148438,169.39959559790228,167.06327473772876,167.94362992170852,11107830
2023-08-23,169.0271453857422,169.29802498121384,167.40188159042083,169.29802498121384,8487619
2023-08-24,166.7924041748047,171.09257085298225,166.45380815640476,169.2980091999612,18982087
2023-08-25,163.88047790527344,167.53731777105793,163.4741654262991,166.69082769923318,12851343
2023-08-28,168.28224182128906,168.62083788129166,164.25295421826178,164.55768516126054,11908665
2023-08-29,170.0767822265625,171.3295847349331,168.3499370275198,169.0271290620452,12363321
2023-08-30,167.3341522216797,170.3815164361569,166.89397463519816,170.1783670883629,6748007
2023-08-31,165.60733032226562,169.02714209377692,164.93013823552974,167.84205594198912,20715819
2023-09-01,170.78782653808594,171.05870610889127,166.04748227026826,167.26643345013858,13120723
2023-09-04,172.95486450195312,173.69977305389503,169.8397836081452,171.7359132151329,10240031
2023-09-05,172.2099609375,174.03837414317573,171.32960567402122,172.88715305478863,10893186
2023-09-06,172.3453826904297,174.20766089238916,170.75398407334777,173.83519974099406,10018473
2023-09-07,174.0383758544922,174.51240483025177,170.7539968088489,172.00679948264985,13760453
2023-09-08,175.15573120117188,176.95029293746228,174.10607798442433,174.88485161838142,16781751
2023-09-11,179.11729431152344,179.45589033101592,174.44466648702573,176.30694459423438,17683806
2023-09-12,172.7291259765625,184.4219729111432,172.1422179186637,183.29331946615457,29826173
2023-09-13,174.44464111328125,175.70874100202198,172.72909370838954,174.44464111328125,10692151
2023-09-14,176.2053680419922,176.65682941414948,174.89613281823756,175.34759419039486,10941807
2023-09-15,175.25732421875,177.15345386716623,173.54176260064907,177.10830497083302,20516593
2023-09-18,180.67483520507812,181.0359987689261,175.25729908231725,176.29565466151035,25627043
2023-09-20,184.78314208984375,185.9569444636259,179.1850235889308,179.41075428475395,33369524
2023-09-21,182.0292510986328,185.59579358157904,180.94573266241335,185.09918326123,20332556
2023-09-22,179.81704711914062,183.20300718624097,177.33400973660034,181.08114714402882,21193988
2023-09-25,179.59133911132812,181.1714540087091,177.60491171012228,180.5845597006853,11951847
2023-09-26,179.09475708007812,180.6297232061866,178.41756492642645,179.77194923372977,7440011
2023-09-27,179.99766540527344,180.2233961049151,178.14667091271002,179.9525165098434,6736870
2023-09-28,181.26173400878906,184.60254527985063,178.59811477013895,180.6748397583687,50185120
2023-09-29,180.35882568359375,182.30010415366542,179.77193138636508,181.4423302663665,16293959
2023-10-03,180.17823791503906,180.58455039793284,177.78548435576175,179.45589695794575,10830728
2023-10-04,179.68162536621094,180.0427889514214,176.43109798928649,179.59132758115453,14120040
2023-10-05,177.51461791992188,180.13308838036264,176.3859644839547,180.13308838036264,14575590
2023-10-06,177.92091369628906,178.28207725088564,175.93448659099496,177.87576480758787,12857229
2023-10-09,177.19859313964844,177.78548742757908,174.94128622067203,177.42432383154608,7853369
2023-10-10,178.7335662841797,179.2753254775464,176.70198997531745,177.1986002729855,7440527
2023-10-11,179.2301483154297,179.81704253442726,178.19179276566277,178.19179276566277,10031916
2023-10-12,181.26173400878906,182.39038739614142,178.19180230619352,178.19180230619352,21872719
2023-10-13,182.20982360839844,182.75156902133702,179.95251661071637,180.99087231864672,13105921
2023-10-16,183.33847045898438,184.06081142755068,180.67485105380993,180.85543285157448,18336656
2023-10-17,187.04043579101562,188.71084833271482,182.9321484402279,183.78992226805698,19378328
2023-10-18,186.4535369873047,188.2142334914897,184.19623024411698,188.2142334914897,14923328
2023-10-19,185.821533203125,187.26620155817494,182.57100529362035,184.1962692483727,13192888
2023-10-20,183.1578826904297,185.27974285563158,181.39717233147573,185.27974285563158,22081120
2023-10-23,180.35882568359375,185.23460319482527,179.68163359717224,182.39040194285826,6988219
2023-10-25,180.13308715820312,180.99086100821685,178.59812125120368,179.68162578687932,16817158
2023-10-26,179.63648986816406,180.58456157191836,177.2437499383396,179.45590806209387,11070090
2023-10-27,181.44232177734375,182.20981161705004,179.81705809047062,179.90735587543875,9995487
2023-10-30,181.35205078125,182.57098830072857,178.46268678505945,181.4423347951881,7679981
2023-10-31,182.52581787109375,183.24815878492151,181.08114982094517,181.93892362845637,7474770
2023-11-01,181.44232177734375,182.70642187935957,181.03600930000238,182.70642187935957,5598615
2023-11-02,183.3836212158203,183.88021772034085,181.39718008770546,182.16466995788693,12924797
2023-11-03,184.5574188232422,186.45356225548798,183.38363017971835,183.65449600360301,8684015
2023-11-06,187.98851013183594,188.6657021811419,185.05401125151008,185.09916014363196,9804415
2023-11-07,187.80795288085938,188.80117352729073,185.77637646748468,187.98853469543525,10730361
2023-11-08,186.90499877929688,189.2526033087836,186.58897032349816,188.71084417813066,7435543
2023-11-09,189.43319702148438,190.06524019537358,186.09238557877748,187.17589013080297,13777877
2023-11-10,190.65213012695312,192.32254269895648,189.2526109086616,190.06523585976686,12066023
2023-11-13,191.69049072265625,194.2186770217659,190.24580890102018,191.41961115891112,11352269
2023-11-15,189.7492218017578,194.12840291336505,189.4332070867761,194.12840291336505,19182861
2023-11-16,190.71568298339844,192.23442153364775,189.33501923490158,190.2554617338995,27533260
2023-11-17,192.8327178955078,193.9372461675644,190.43956160201938,191.17591846500343,16705395
2023-11-20,192.64862060546875,194.39745576065033,192.23442428396135,193.3849774241698,11156900
2023-11-21,192.32643127441406,193.43095931445407,191.40598890024137,193.2928985762626,9608081
2023-11-22,194.76564025878906,195.68608276654356,191.6361273055209,191.6361273055209,13079580
2023-11-23,194.12132263183594,196.1463074198616,192.602598085655,195.1798399610018,11382709
2023-11-24,193.70712280273438,195.22586136629346,192.8327052299908,194.48950455167432,7250200
2023-11-28,193.4770050048828,197.38888551491547,192.83269808278612,197.38888551491547,15629209
2023-11-29,194.2593994140625,194.6275708093564,192.46453928353748,193.56906751425763,10062023
2023-11-30,192.32643127441406,195.87014003291327,191.6821244214604,193.66106990799724,60354322
2023-12-01,193.4770050048828,195.54800056901774,192.78667315017117,194.67358302868382,20719909
2023-12-04,195.9622039794922,197.06674622295733,194.8576757808651,194.8576757808651,27914088
2023-12-05,204.61436462402344,205.4887821646929,194.7196080360259,196.69855373569038,40709207
2023-12-06,206.54730224609375,208.25012657859452,204.79846702204324,208.0200159414911,29544730
2023-12-07,211.7017822265625,213.91083868403476,206.40923767089845,207.0995695694633,24534268
2023-12-08,210.41314697265625,214.83125943977294,208.43418730379145,213.35855996567972,22206320
2023-12-11,212.57618713378906,214.37104715395503,208.5262458552178,209.8608846371444,19106395
2023-12-12,212.94436645507812,214.73922642386054,211.2415423044062,211.70176352947027,14355329
2023-12-13,218.09884643554688,218.6050926168904,212.25404501774537,212.62221639790184,26878281
2023-12-14,213.6347198486328,218.69715383514222,212.7142773056311,218.37499332715618,29972018
2023-12-15,218.467041015625,219.1573729159758,209.07851593498305,216.30399544325704,41341690
2023-12-18,213.40460205078125,218.05282550106932,213.0364166190341,218.05282550106932,29051897
2023-12-19,214.96934509277344,215.75171277780075,212.48415319325767,213.680717187398,12612164
2023-12-20,209.07850646972656,216.67215702981113,208.20408891116924,216.25796071731955,20400245
2023-12-21,213.8648223876953,214.64719009272403,204.98254375709897,206.59331814636982,17755207
2023-12-22,213.3125457763672,215.56762705435582,212.16199267077727,214.46309888195708,9735375
2023-12-26,214.78526306152344,217.040344378276,212.66824250187983,213.54266006819145,6772092
2023-12-27,215.4295654296875,217.08636470401413,214.00287677554962,216.30398297743727,10231881
2023-12-28,220.07781982421875,220.86018756659757,215.47560706373605,216.39604961583257,39164340
2023-12-29,218.32896423339844,219.29543169411352,216.0738828549555,218.881235366618,12665999
2024-01-01,219.29541015625,220.44596320009182,217.5925860334293,218.9732496860395,5952776
2024-01-02,218.92724609375,220.9982416416608,217.36248266612523,220.906191777152,9128513
2024-01-03,218.19090270996094,219.7096272537495,215.93582133939924,217.22443525262355,8284439
2024-01-04,222.2408447265625,223.75958331885636,218.19090323678884,219.06532082607654,19663959
2024-01-05,222.05674743652344,225.50840672310153,220.26188741647036,222.74707929383905,16345257
2024-01-08,223.06922912597656,225.73850656219207,221.27435514679908,223.1152400117303,13585746
2024-01-09,223.02322387695312,225.18625535723046,222.28686705703055,223.29935944002887,8688409
2024-01-10,220.12384033203125,222.8391572152053,219.06533696881516,221.826664745733,16872195
2024-01-11,222.7010498046875,223.7595670578172,220.1698330463178,221.13630043575367,18812468
2024-01-12,220.44598388671875,223.34537221134363,219.80167693067304,223.2073114510618,11296498
2024-01-15,221.96470642089844,222.28686691842563,218.14487560938665,221.27437453605862,12597366
2024-01-16,220.0317840576172,223.11525802846788,218.78918105551264,222.4249261483738,7478450
2024-01-17,220.16986083984375,222.01074598740905,218.78919697916976,219.5255538471637,13620300
2024-01-18,214.8772735595703,216.94826894114755,208.0660054780952,209.17053353930245,25522629
2024-01-19,216.6721649169922,218.09885364069706,213.91083734008146,216.30399352467276,20931080
2024-01-23,219.01930236816406,227.1652245686489,217.454552839241,221.8266549598183,27492163
2024-01-24,226.61293029785156,227.34928707304752,216.30397757962012,217.36248078813864,28309825
2024-01-25,225.96861267089844,228.91402558717294,223.7595564949017,225.27828086029487,20651484
2024-01-29,233.74635314941406,234.71282051343678,225.64645692664965,225.92259246563285,26181011
2024-01-30,233.8844451904297,236.507711936982,231.49128906919466,233.79239532236758,16031367
2024-01-31,238.67074584960938,239.31506688092918,232.31969776955106,233.79241149136928,34369455
2024-02-01,244.6536102294922,249.3939116724396,237.750291339386,238.39461233833316,29929092
2024-02-02,255.05462646484375,259.0125180425485,242.95081301335696,243.45704516061815,33900724
2024-02-05,260.3931579589844,266.37603375696943,253.02961851531043,255.42277445243923,27440927
2024-02-06,252.43133544921875,260.39315681992844,250.63646148180516,260.39315681992844,29668277
2024-02-07,246.632568359375,252.56940537176393,245.57403705877903,250.4523989499213,27335466
2024-02-08,254.22621154785156,265.1334319207793,249.2557999317073,249.2557999317073,69776717
2024-02-09,251.28082275390625,257.2176885933039,247.69110233250035,256.4353067873066,24496638
2024-02-12,248.7955780029297,254.04211109844093,245.06779739115905,251.4648835260654,19140023
2024-02-13,248.7495574951172,249.3018285505987,243.22690311964743,248.7955683790437,22031847
2024-02-14,251.87904357910156,253.12164637012552,245.75810756663097,248.059213442723,13546941
2024-02-15,263.57696533203125,265.1678904812127,253.9379112427013,254.54619607292452,25475670
2024-02-16,256.93255615234375,264.7467557788312,255.76276664416642,263.9045130448063,25129188
2024-02-19,258.6170959472656,260.4419506262549,255.7627921273332,257.4473063225352,11429901
2024-02-20,269.42596435546875,270.2214270821199,259.88049731361417,260.4887822601169,43053543
2024-02-21,262.12646484375,270.8764969493412,261.33100218700224,269.09839387214606,24651085
2024-02-22,264.4660339355469,265.3082767212113,255.71600216603525,262.12645477574785,26793590
2024-02-23,263.8577575683594,266.89921057410527,261.09704264710945,264.4192337373513,14313526
2024-02-26,269.3323669433594,272.7949558513058,263.9513343665326,264.79360579122994,31012494
2024-02-27,273.7307434082031,274.57298613759633,265.8697636683432,265.8697636683432,36510093
2024-02-28,261.61175537109375,274.8069888125478,260.5355545660051,272.7949562535875,18824161
2024-02-29,264.6999816894531,266.7120139777734,256.7921930091932,261.6585288984785,35043015
2024-03-01,269.23876953125,270.8296661557682,266.33768578625074,266.7120127238247,15149735
2024-03-04,275.7427978515625,277.94200800386034,269.5195229128343,269.5195229128343,23131460
2024-03-05,276.0703430175781,276.4914786933653,271.15722674353646,273.3096281636759,13220556
2024-03-06,274.8537902832031,275.9767712226256,268.1157904093969,271.67193955654477,15969436
2024-03-07,273.87115478515625,279.7201031982995,272.3270381159501,275.13453335425885,14908694
2024-03-11,267.2267150878906,273.21606046966036,266.1505144068685,269.89384099081695,19020659
2024-03-12,266.85235595703125,270.1277663229479,264.60636598940795,266.61839807375145,17906155
2024-03-13,247.34031677246094,265.68262453746604,245.00073742894799,265.12111978315926,39389523
2024-03-14,249.2587890625,251.17723270116736,243.97134545605653,247.1063589300761,26005940
2024-03-15,248.88446044921875,254.54623100181877,241.117039941146,250.89649296034747,43817794
2024-03-18,247.9017791748047,249.53948443547537,242.84829436802633,248.88441946679507,12423655
2024-03-19,242.3804168701172,249.39915481037153,241.725323238633,245.32828109316046,20031514
2024-03-20,247.66783142089844,248.13574722881978,242.33360834618392,243.26943996202658,11308487
2024-03-21,256.1839294433594,256.88580322265625,249.96065431212384,250.61571937054396,23559105
2024-03-22,258.05560302734375,260.39518238389263,253.93794907168135,256.1839395421046,22097588
2024-03-26,252.7213592529297,256.5114950748403,249.02484087964217,252.76816797724123,28477120
2024-03-27,252.9084930419922,255.29485222791337,251.92588127351036,253.61036675071188,18094214
2024-03-28,259.13177490234375,261.5649428734951,254.2186588018577,254.54620558708646,26646830
2024-04-01,262.1732482910156,263.53021569655294,259.8336690120322,262.7347530298351,8945400
2024-04-02,261.61175537109375,263.6238164893727,260.62914345325595,261.3310172686597,13229425
2024-04-03,262.12646484375,264.9339599433418,260.6759085733707,262.1732450050164,14499308
2024-04-04,259.8336486816406,268.3029421444806,257.4004807100149,264.6531759073845,23722104
2024-04-05,260.5354919433594,261.9860479487941,257.4940394743239,261.9860479487941,9308711
2024-04-08,263.6705627441406,265.9633616699896,261.1438059099118,262.54755336019116,14473340
2024-04-09,263.1558837890625,266.1037479134396,262.96870602652683,264.7000003723727,5780865
2024-04-10,264.41925048828125,267.03959653328184,262.0328909409394,262.0328909409394,8809693
2024-04-12,257.5876770019531,266.1973401183883,257.02617226665217,263.4366251627604,17731780
2024-04-15,256.4646301269531,258.4766908482731,251.1771874726003,252.90848158756,13378690
2024-04-16,256.6518249511719,257.86839464845417,253.84433005653736,255.4820354117408,9662195
2024-04-18,262.12646484375,271.2976040786897,259.88047447594,269.42594067896187,51039603
2024-04-19,263.57696533203125,264.1384700058196,257.0729528253152,260.2547745643639,18755469
2024-04-22,265.4486999511719,266.43134053448637,263.6238449695679,265.7762468122767,14965203
2024-04-23,267.03955078125,268.7240362249676,262.6879395855513,265.44862564938376,11464036
2024-04-24,271.7655334472656,273.1225009032958,266.1505429687712,266.7120477284843,19324163
2024-04-25,274.47943115234375,275.6024406363888,270.68932412249734,273.26286134405956,22022414
2024-04-26,273.496826171875,277.14656424810477,272.7481722031729,275.36848965294854,15581578
2024-04-29,274.8537902832031,275.69603312759943,271.01687448171117,273.5436030149001,9804396
2024-04-30,282.4808044433594,284.82038369407576,274.2454683452475,274.8537817978874,33288857
2024-05-02,293.476806640625,296.89258639875555,282.48078492215257,282.57437379757704,44059506
2024-05-03,290.9033203125,295.8164372552484,288.47015192422725,291.97952116904753,27074447
2024-05-06,287.1599426269531,290.8564604459498,283.6505739991819,290.2949843129584,16855909
2024-05-07,276.3042907714844,288.5168822082761,275.6024170438684,287.30031250413447,13857464
2024-05-08,282.62115478515625,283.41661738962654,273.2628384015418,273.2628384015418,18754452
2024-05-09,277.14654541015625,284.82037658468664,276.30430261278497,283.3230401897397,11196567
2024-05-10,284.2588806152344,284.91397423297167,277.2401428222656,277.2401428222656,11786977
2024-05-13,286.87921142578125,287.9086320622395,278.5035344021713,284.68002966160225,11710605
2024-05-14,289.4059143066406,292.91528270971224,288.002166945412,288.2361248389501,9957875
2024-05-15,294.6466064453125,296.00354522861596,289.03161643609957,290.1078171426688,11397656
2024-05-16,292.4474182128906,295.34850231342614,285.70941827353835,294.3190816894531,19843532
2024-05-17,293.0556640625,295.7227898729001,290.80967390191046,294.6933693861632,9069551
2024-05-21,304.7535400390625,306.4380539729048,291.04361347624035,291.04361347624035,21976662
2024-05-22,304.8471984863281,306.71886202269854,299.6533435966279,306.71886202269854,10287081
2024-05-23,299.37255859375,300.12124109803216,289.1719986571884,298.9514514594513,35705284
2024-05-24,298.3431701660156,302.2268950322845,297.0330113414128,297.5945161403342,15058182
2024-05-27,297.54766845703125,300.8698592112212,294.31903801533144,300.8698592112212,12857918
2024-05-28,292.72808837890625,298.9981709940555,291.97943458574434,298.5302552335014,10935739
2024-05-29,297.3137512207031,298.24958294810943,289.2655926531455,289.2655926531455,16812268
2024-05-30,287.0195617675781,297.26690060285773,284.3056272931392,294.4126256602685,22768893
2024-05-31,290.1078186035156,291.51156611288746,286.08375383370947,288.75085125406304,36929443
2024-06-03,315.98358154296875,326.3245394135394,304.70682049099423,313.5036331419187,55218939
2024-06-04,276.9593811035156,313.4568145129152,261.7988973405007,313.4568145129152,73262478
2024-06-05,279.6264953613281,281.73211664736016,261.28421722823555,277.2869161546258,45312613
2024-06-06,281.170654296875,291.46480331203435,278.9714440226819,283.9313407608043,36508044
2024-06-07,289.49951171875,290.7160813773226,277.754807980975,278.9245974831848,38016104
2024-06-10,295.5356140136719,302.60115987646884,291.60513834737,292.91529690280396,25478964
2024-06-11,296.23748779296875,299.185380242482,294.9273292372487,295.9099695735247,12238518
2024-06-12,303.8177490234375,306.11054806183057,296.56505350765565,299.3725485460228,20346144
2024-06-13,300.8231201171875,306.9060263436846,300.0744375998741,306.0169747791617,11756503
2024-06-14,300.8699035644531,305.0811463826181,298.85787104097125,305.0811463826181,14159988
2024-06-18,310.5089416503906,311.1640352535985,301.3378025613796,301.3378025613796,21653702
2024-06-19,306.2977294921875,313.3632765511374,304.5196548259877,312.5678138280345,14235150
2024-06-20,303.7241516113281,307.23352031070095,301.61853039170444,306.4848664118943,11749507
2024-06-21,305.0343933105469,308.45017374344997,302.27367801639025,305.73626717591,17209541
2024-06-24,311.58514404296875,312.5677558036558,301.85247251181084,302.36719702971067,18044357
2024-06-25,306.3912658691406,313.50359187427057,304.8939295692215,313.50359187427057,13979671
2024-06-26,305.7362365722656,309.01164761609755,304.09853105034966,304.8004048454565,12946277
2024-06-27,310.27496337890625,311.16401484504655,303.53699282461736,307.4674685081239,27061015
2024-06-28,309.7135009765625,315.7028179211071,308.4501225168633,311.63194446621674,21676594
2024-07-01,308.45013427734375,310.46216672208163,304.37926066724054,309.76029294652307,11959181
2024-07-02,309.5731201171875,312.94212000543337,306.9995828991176,308.8712463304412,12684459
2024-07-03,313.64398193359375,315.28168737408174,307.98221169163327,309.853875052191,9369793
2024-07-04,313.5036315917969,316.96622043907536,312.47421097022885,315.3752950639867,12878827
2024-07-05,317.6212463378906,318.0891621482173,311.4915606463369,313.5035929188787,10894118
2024-07-08,317.6212463378906,319.11858264279897,315.2348871289504,319.11858264279897,7828162
2024-07-09,319.25897216796875,320.38198160856706,316.4046969654796,318.1827714469966,9214579
2024-07-10,323.84454345703125,325.48224890723014,313.9715305952731,320.9902682389827,10662609
2024-07-11,320.8031005859375,326.37131071578324,320.05444663741326,326.13735278695475,12642065
2024-07-12,321.0838317871094,323.7041488769677,318.27633695112644,320.80306516792245,11380570
2024-07-15,321.78570556640625,323.2362331415886,318.36992589374364,323.2362331415886,5277531
2024-07-16,320.4755859375,324.73360886634305,319.58653437422527,320.75632403152474,11363095
2024-07-18,319.3525695800781,322.5812003885706,315.32850466916955,320.054443359375,13908161
2024-07-19,310.88330078125,319.91407093422737,309.76029132251716,317.7616408982089,12937990
2024-07-22,316.87261962890625,317.62127356588127,308.35654543905974,308.82446128949834,10678640
2024-07-23,312.8017272949219,318.6506750753056,300.4955468768576,317.34051648436275,15954324
2024-07-24,315.5156555175781,317.05977212820784,309.1052025880914,309.66670732631604,12573882
2024-07-25,317.6680908203125,320.61595504540355,309.2456052861565,309.2456052861565,16271884
2024-07-26,322.11328125,323.37663119239386,316.7790291580287,318.5103235078311,11468068
2024-07-29,320.3819885253906,323.70417963996675,316.07715698924727,317.99560055242785,31849674
2024-07-30,327.3539123535156,334.0451317561641,321.27100639424725,322.8619316842441,25813219
2024-07-31,325.8565979003906,328.14936834914283,320.6159348528889,325.90337806001816,17976593
2024-08-01,337.9288330078125,339.2389916776005,327.6814644561692,328.6172961573488,26792459
2024-08-02,335.26171875,337.8820361818206,331.2844338799721,335.02776081646897,13771470
2024-08-05,320.8031005859375,332.0330811697064,319.58653077975623,330.11463757703956,13566586
2024-08-06,318.8846130371094,328.28970905585777,317.48086565763566,320.8030563653314,12273667
2024-08-07,329.4595031738281,329.927418973569,321.3645655501737,323.6573643926296,12441847
2024-08-08,320.6627197265625,332.2202466967493,319.3525610852555,332.2202466967493,15489731
2024-08-09,323.7977600097656,326.5584748786621,322.20683473628014,325.57583448292706,8720610
2024-08-12,319.25897216796875,321.7389204100306,317.71485560663336,320.990266489176,12521136
2024-08-13,315.3285217285156,320.475596388484,313.6440074314802,315.37530189260605,10435954
2024-08-14,312.0998840332031,316.6386736657895,311.16405229697165,315.3752951100133,12385993
2024-08-16,319.5072326660156,320.40364735948657,311.9583318530998,314.2229963376203,13013828
2024-08-19,321.11138916015625,323.94222725018443,320.16777646348015,323.32888475669984,5891370
2024-08-20,321.3000793457031,323.32884060718095,319.69592646168604,321.2529102360198,6393840
2024-08-21,317.6671447753906,321.7246958342311,317.1953385218116,320.82825243372366,10118601
2024-08-22,315.16656494140625,318.6579425986856,311.86392129681064,317.05378988117513,18370039
2024-08-23,317.28973388671875,317.95027421946645,314.55326313076745,315.7799479809891,7494822
2024-08-26,319.1769714355469,322.24371247668665,316.91230688759805,317.4784802237783,7993675
2024-08-27,316.44049072265625,322.1965333338851,316.1102205537682,319.8846709484401,9589690
2024-08-28,315.5912780761719,319.7903373003669,314.9307376694663,316.4405237442403,8790600
2024-08-29,314.50604248046875,316.95944080027215,310.2597861258444,313.7511639805764,17653536
2024-08-30,318.3749084472656,321.6303836708144,315.21380024987843,316.1102438032537,22713812
2024-09-02,316.62921142578125,320.7339321897805,315.35535739279237,319.31851322266164,9789776
2024-09-03,315.77996826171875,318.89390729167116,315.16662579721645,317.05385110139144,8434423
2024-09-04,314.128662109375,315.827182247649,312.3358037385088,312.5245377972418,9025610
2024-09-05,312.5716857910156,315.4496928131749,311.0147307003922,313.60966545035535,13912371
2024-09-06,311.2034606933594,314.3173999189676,306.6741311974606,314.270202005334,23755639
2024-09-09,310.02392578125,310.63729704342853,305.30586251386364,309.2218780632126,18597200
2024-09-10,315.30816650390625,316.3933153101741,308.5613417030864,308.5613417030864,15472387
2024-09-11,314.4117126464844,318.2333319488074,313.27936606969325,317.9030617975125,10134008
2024-09-12,319.1297607421875,319.884639227557,314.45886732325476,315.96865309076213,18410837
2024-09-13,318.2333679199219,322.007818540173,317.14821912595426,320.6395686716228,10417461
2024-09-16,319.1769714355469,322.24371247668665,318.04462476318645,318.23335880750386,7748570
2024-09-17,317.9030456542969,320.82825016515636,315.6383814124847,317.71434043226066,11451846
2024-09-18,315.4496765136719,319.7903001759544,314.31735868662264,319.4128609002713,6583254
2024-09-19,316.015869140625,319.27134428550585,314.31737789785313,317.2425828575359,10589610
2024-09-20,321.6303405761719,323.6119326729625,315.87429831283504,319.0825751950454,31236123
2024-09-23,321.9134216308594,323.1873043562893,321.0641760794962,322.7154980725575,6542941
2024-09-24,330.31158447265625,331.2080279759151,323.04578461278606,325.1217150884182,26145769
2024-09-25,343.23907470703125,345.5981061483167,332.4818970941238,333.89731595889504,40770462
2024-09-26,344.8432922363281,345.45663476666084,337.0584870210583,343.52221134419494,18733959
2024-09-27,334.2747802734375,342.8144632119609,333.4255346503048,341.77651233745024,33148043
2024-09-30,332.9537048339844,337.2943284642278,329.9813309643599,334.2747566875096,16356171
2024-10-01,331.0193176269531,335.92611509651056,330.2172698839451,331.302418709874,9856291
2024-10-03,324.7442626953125,330.17003501440104,323.2816747193099,323.6591139908489,19350466
2024-10-04,319.7431640625,327.85823891262373,318.7051843496748,323.6591509457837,20121706
2024-10-07,310.4013366699219,320.82824305035126,306.6740558569534,320.82824305035126,13851446
2024-10-08,308.7028503417969,312.3357645406724,304.17352146837453,308.8443864696968,21148292
2024-10-09,311.1562194824219,313.0906135738404,307.14586638825875,308.56128512737513,9228363
2024-10-10,315.4968566894531,319.0354036940527,311.4865034175736,311.5808704303834,20773976
2024-10-11,311.4393310546875,316.4404951760742,310.9203556368248,315.59124958467544,6098468
2024-10-14,312.05267333984375,312.8075518406612,309.3161739816506,311.43930216156457,5944216
2024-10-15,311.2506103515625,314.6476213452107,309.0331150642664,314.6476213452107,12415489
2024-10-16,308.7500305175781,313.8927015144062,306.62690233069713,312.9962868913401,22085298
2024-10-17,312.477294921875,313.1850043451301,306.2966441441553,309.9767273857277,17039729
2024-10-18,313.3265686035156,315.0250886498973,309.7408520557755,312.80759316523864,10569021
2024-10-21,312.477294921875,314.93069334851333,310.8731708405589,314.22298392525823,8745904
2024-10-22,304.55096435546875,316.7235610444044,302.94681142884616,314.12862641395503,11219831
2024-10-23,299.03082275390625,303.7488856840618,296.1528158852197,301.2011489798403,12541589
2024-10-24,301.1539306640625,302.71088556614893,297.4738475872849,297.4738475872849,8327779
2024-10-25,297.9928283691406,303.3714313614416,295.58662791281984,303.3714313614416,12979410
2024-10-28,300.3518981933594,302.380688450008,293.2276341282605,296.7661816036619,9610615
2024-10-29,302.4750061035156,303.08837732828067,296.4358912489805,298.27594732973336,15856332
2024-10-30,300.4934387207031,307.0515288976693,298.8892858101173,300.5877769416323,14498110
2024-10-31,302.7109069824219,304.50379393864205,299.92726712339487,302.3334677062385,9900390
2024-11-01,303.89044189453125,304.5038131534014,301.95604748404565,304.26790999130446,847672
2024-11-04,297.66259765625,306.3910139560511,294.02968349103276,306.24944903269204,9249409
2024-11-05,298.7477111816406,299.78569064903104,294.40708809776885,294.7373582187704,7518195
2024-11-06,300.5406188964844,302.28630799950747,296.1999950934131,299.50263925711073,11019250
2024-11-07,295.3035583496094,301.01240274503147,294.1240426648718,301.01240274503147,14504208
2024-11-08,298.41748046875,299.64416531244285,291.29321695966684,294.2655908476694,15740539
2024-11-11,311.2034606933594,313.65685950229397,295.16204459995373,295.86975413348637,22838987
2024-11-12,304.5037841796875,313.7511757352826,303.6545098395294,312.8075631766802,12069181
2024-11-13,300.0688171386719,306.2966662726025,299.26674064168265,304.4566101204961,12918639
2024-11-14,298.7287902832031,305.14172647630943,297.29305437592416,301.60026209776106,12500377
2024-11-18,298.680908203125,302.03095857840174,296.8144690915435,300.54737652482765,9408101
2024-11-19,301.5523681640625,304.6152829286182,298.87233965266626,299.63805373874516,13157158
2024-11-21,311.9375305175781,312.75111999232894,299.59020828645436,302.46167993137243,25406386
2024-11-22,322.51416015625,323.1363065519668,310.11896158181673,311.8418330176668,31523269
2024-11-25,328.0656433105469,330.60210414911484,321.7483996979914,327.20420763840764,29419152
2024-11-26,324.28485107421875,329.8363804184665,323.42341542721545,327.3477658303637,13997179
2024-11-27,324.715576171875,326.67773672409066,322.08339390371685,322.8012617950327,12177260
2024-11-28,319.35552978515625,327.10850981744056,317.96766921544275,324.7156165488419,16920231
2024-11-29,315.28759765625,318.2547910236072,312.5118474261887,317.15406600945965,13890537
2024-12-02,313.80401611328125,317.72836675357354,312.2247124633197,314.0911516095936,16003524
2024-12-03,315.5268859863281,317.15406501789136,310.35824260683535,310.35824260683535,23174488
2024-12-04,311.12396240234375,317.0583492266345,307.3432086697145,314.95259152508044,17880011
2024-12-05,314.2825927734375,316.29262886536577,305.8595913430051,311.07611010418543,19785053
2024-12-06,314.80902099609375,318.4940823362232,312.7032925232497,313.08614959011936,8802058
2024-12-09,315.00048828125,316.484070482891,312.7033164938183,313.70832002265587,9376929
2024-12-10,313.8518371582031,317.63261974756006,311.41109800464613,317.63261974756006,14994365
2024-12-11,313.5168762207031,314.9047660530107,312.8468836062392,313.2297407016649,5013051
2024-12-12,315.0961608886719,315.7661534003986,311.88967843718416,313.9475605683982,10414162
2024-12-13,319.5469665527344,319.9776698064118,311.12396488931114,316.4840515460128,14973536
2024-12-16,320.647705078125,321.84415173886424,317.3933760029389,319.5469799922696,12695136
2024-12-17,315.67047119140625,321.17412575942893,313.9475997063354,318.2548076291357,17360248
2024-12-18,307.7738952636719,315.00044986782,306.9124595997002,313.94757107402324,15037099
2024-12-19,307.86962890625,309.97538657645197,303.2752857114188,304.37601072579275,10234715
2024-12-20,302.2702331542969,311.6503912738322,300.1645048328565,307.5345977730774,13973399
2024-12-23,301.7916564941406,304.6631281228579,298.20231695824396,304.37599264403417,5984169
2024-12-24,296.8144836425781,303.08385225389713,295.5223154495999,300.64311283058913,4833589
2024-12-26,297.0058898925781,299.68594778092825,295.5223078046521,296.81447596420287,3775101
2024-12-27,296.1444396972656,298.9201898089065,295.5701395200005,297.436607793582,3981693
2024-12-30,294.3736877441406,298.6330490053482,293.17724123370255,295.7615773802968,12489142
2024-12-31,295.4744567871094,296.479460222459,292.0765310002142,294.18228864871605,8402716
2025-01-01,297.10162353515625,298.01093466478636,292.79441563503605,295.47447363229577,4239498
2025-01-02,301.6481018066406,303.6102916972374,295.5223012423458,296.57518006045615,10766571
2025-01-03,302.509521484375,304.3759897090918,300.2123500455756,302.7966861705497,7636948
2025-01-06,292.8901062011719,302.9402569041533,291.7415058653546,302.2702351732399,6722495
2025-01-07,291.9808044433594,297.3887662186675,290.01864378496816,292.8901155056114,10137739
2025-01-08,293.51226806640625,294.66086846296133,290.01864990788994,293.03368943619523,6907996
2025-01-09,292.1722717285156,293.7515754634019,290.64081417554706,293.5122861335669,8244909
2025-01-10,286.86004638671875,292.17225756753425,285.71144597513177,291.0236571559473,6540783
2025-01-13,275.2784423828125,285.7592971798324,274.4648528444749,282.3614004851616,19474228
2025-01-14,277.81488037109375,280.4949088766722,274.5126763105418,275.4219873446416,15954608
2025-01-15,285.8550109863281,289.5400722939113,278.62848532882623,282.3613928155499,12198882
2025-01-16,284.8978576660156,288.67864059433373,283.8928542091827,286.1900258320308,11694289
2025-01-17,289.6357727050781,291.9329441283263,283.0313939094448,284.8978329114067,7593230
2025-01-20,293.12939453125,295.5701337241153,289.01363022677754,289.6357765690648,9435937
2025-01-21,289.3965148925781,296.670916199409,288.5829253472529,293.8472904862575,13911546
2025-01-22,284.8021240234375,289.34862089660356,283.1270988596395,289.06148540971503,9723333
2025-01-23,281.7392272949219,286.7643025883743,281.02135939585725,284.7542666289694,12228286
2025-01-24,283.1749572753906,289.54004667430615,281.7392215067577,282.6485033008205,11142914
2025-01-27,274.70416259765625,282.3614214853958,271.59340117451205,282.3614214853958,13477947
2025-01-28,271.7847900390625,276.42697894433195,267.3818612161158,274.84767545624203,11298068
2025-01-29,275.5177307128906,276.7620235010742,271.1626475340035,273.1248374970589,4800024
2025-01-30,282.6964111328125,284.37143638847147,275.5177314657026,275.5177314657026,10969499
2025-01-31,288.72650146484375,290.4494021772343,283.2228468418883,284.27572574221756,14141459
2025-02-01,277.4320373535156,292.2679748674991,276.28343695870706,288.7264813252738,6945157
2025-02-03,271.6412048339844,279.48990564927925,266.08970469349185,277.5755912270239,14978897
2025-02-04,273.4119567871094,274.12982470929336,260.44248801036724,268.9611815115929,19836427
2025-02-05,272.9812927246094,278.29350442686774,272.35911706802307,273.36414982934537,15337191
2025-02-06,269.1047668457031,278.48492583483807,267.76475247871883,275.1827214928746,21418561
2025-02-07,269.3468322753906,272.9781486269869,261.4547773149336,264.45667140926554,17193482
2025-02-10,260.1959228515625,267.2648732583572,259.61490634717717,266.29652226829074,16709670
2025-02-11,253.17538452148438,260.29274083554617,251.7712637299914,260.19592937549373,22083955
2025-02-12,248.9146270751953,253.80481763807177,245.96116817566727,251.2870989826207,17861265
2025-02-13,250.9481658935547,253.0785500004455,247.9947070447423,249.10830482945542,12257226
2025-02-14,249.2051544189453,253.2238054594861,246.6874357200921,252.1586133693871,11339563
2025-02-17,254.87002563476562,255.64469470712518,244.21814857943667,248.76939587094347,8332653
2025-02-18,258.5013122558594,259.4212279783289,251.96494298094876,255.49941823407346,10483635
2025-02-19,254.72471618652344,260.00224090453156,253.99845294377334,254.19213496253084,14602009
2025-02-20,257.33929443359375,258.01715199691387,253.03012039190682,254.4342412509003,15312926
2025-02-21,253.61114501953125,257.3393026331229,251.19026729015096,256.9035328211424,10757038
2025-02-24,250.9481658935547,253.5142902370401,249.10830482945542,249.83456810884158,14599185
2025-02-25,247.65577697753906,251.72286314155656,246.8326726881869,250.60923581092982,21287363
2025-02-27,248.13995361328125,249.30198668016166,245.42856775033403,245.96116377667684,13614799
2025-02-28,242.91087341308594,248.8662266223009,239.47322413686564,247.80103452796848,38512868
2025-03-03,244.50863647460938,245.76749577598812,240.63523233243734,244.99281199238087,9873539
2025-03-04,245.96116638183594,249.01146627504443,241.55516615486243,242.0877621868464,11947033
2025-03-05,256.031982421875,258.74338278275224,247.65575270788688,248.8177856556522,14536637
2025-03-06,258.2108154296875,258.84023773562126,252.4491441040102,256.758288776734,11926868
2025-03-07,254.966796875,260.147480440195,253.32061796804607,257.58135629720346,10043068
2025-03-10,262.713623046875,265.5702704107263,252.7880249731833,252.7880249731833,30233763
2025-03-11,258.8402099609375,263.2462247331501,257.4361187447858,261.45476947639236,9255499
2025-03-12,258.6465759277344,263.77882476257304,255.2573471929502,262.1326456795726,11875548
2025-03-13,259.17913818359375,262.0841911717567,257.0971894524224,261.2610869147651,9270442
2025-03-17,258.888671875,262.0842186766507,256.5646351509149,261.454796373505,11987667
2025-03-18,258.888671875,258.888671875,258.888671875,258.888671875,0
2025-03-19,268.4269104003906,269.49207286448365,261.2610893221769,263.39147335381784,13089950
2025-03-20,271.47723388671875,274.57593964248076,268.2816575599182,274.52753390869157,13710249
2025-03-21,274.14019775390625,276.12530565514754,271.18670921706524,272.10665456743357,26003527
2025-03-24,282.61328125,284.64682451930895,275.44748884781086,275.98007014494203,19966817
2025-03-25,281.7901611328125,285.90565317684843,278.5461791406971,281.7901611328125,16983852
2025-03-26,281.6448974609375,287.35816251551717,280.3860234155954,282.4680017306367,20367015
2025-03-27,286.14776611328125,287.84238063341064,279.8534836099434,279.8534836099434,37203166
2025-03-28,281.1607360839844,284.9372993063308,279.1755986806343,284.5983705251023,10834900
2025-04-01,280.1439514160156,287.55186070814506,277.9167557861563,280.4344744666903,11603556
2025-04-02,277.6746826171875,280.5797359662775,275.49589260537,277.77152363917,11679536
2025-04-03,289.6338195800781,290.45692392445716,276.07690419600505,280.1923963661701,23478876
2025-04-04,284.598388671875,291.3768465217408,282.8553684740305,290.5053364228185,21020875
2025-04-07,280.24078369140625,284.59836335003746,273.3654854307757,274.62435950763955,22847548
2025-04-08,279.8050537109375,284.69521479748136,275.641126375719,282.71010692315673,20831596
2025-04-09,284.1142272949219,290.0211753407562,280.1439815885917,280.77343349031656,21342531
2025-04-11,294.4755554199219,295.3470654403839,283.9689407881724,283.9689407881724,19831004
2025-04-15,294.91131591796875,300.62461105387973,294.0882411237009,297.4774699763862,16563441
2025-04-16,296.0733337402344,297.2837725535632,293.21668632008675,294.8144891950639,7032401
2025-04-17,299.220458984375,299.9951279636436,292.44200198472896,295.78282475524543,8528993
2025-04-21,309.872314453125,311.809016418457,298.6878724240232,300.18880462646484,13369014
2025-04-22,302.6580810546875,309.6302197949195,302.2223408532518,309.6302197949195,10027268
2025-04-23,304.982177734375,306.095775541447,299.65624691194205,304.20747915643824,8225575
2025-04-24,304.4495849609375,305.8537058998339,302.9486525518255,304.9337605189389,8021180
2025-04-25,296.7995910644531,305.41790933183546,293.79769695737076,303.0938727672882,11475773
2025-04-28,298.78472900390625,301.10879535467075,293.9429733593657,294.57242523454096,7314824
2025-04-29,293.3619689941406,300.96350126565216,291.6673546186545,298.7847113543128,14678005
2025-04-30,297.71954345703125,300.18882682473674,292.3451773747768,294.8144902942112,17619987
2025-05-02,293.4587707519531,299.2204712586938,292.732507472199,295.83124261984125,5688285
2025-05-05,298.44580078125,300.86667836853553,295.00813687626754,295.153383621159,4342960
2025-05-06,297.8647766113281,300.62458290040513,295.8796393096251,297.8647766113281,9124804
2025-05-07,301.2540283203125,303.2391362229906,297.2837829632264,298.25213404779714,14679327
2025-05-08,298.4942321777344,307.3546389986981,294.3787399254866,303.4812345259943,19253478
2025-05-09,289.82745361328125,293.45877000278136,287.0192415157468,290.50531116001264,11981497
2025-05-12,299.2689208984375,301.25405855206003,294.42716498969895,294.42716498969895,7145884
2025-05-13,289.00439453125,298.97839893410884,288.5686247202087,295.3470823478646,17988336
2025-05-14,286.5835266113281,291.0379181347918,284.7436358366363,289.7306677604059,10359258
2025-05-15,290.1663818359375,290.89264511245915,281.8385570214769,286.53506545332925,22640626
2025-05-16,290.6990051269531,292.63570728089223,286.14774324450434,290.50532309086736,16763668
2025-05-19,294.4271240234375,294.86289381528456,289.5369630567162,292.4420161977535,12575289
2025-05-20,288.4717712402344,295.6375630838809,287.69710222265644,294.7660530511735,21339095
2025-05-21,286.7771301269531,292.6840768775061,286.2929546482476,288.32649756915606,11997632
2025-05-22,281.6933288574219,286.9708541689505,277.480995665399,286.53508435360214,26158839
2025-05-23,288.66546630859375,289.29488860777093,282.516430966752,282.7585187396455,9872024
2025-05-26,287.30975341796875,294.1850218741288,286.38980814760674,290.55370562542714,16469130
2025-05-27,285.227783203125,288.181271566729,282.9521819308902,287.6002550401406,17074710
2025-05-28,281.9353942871094,286.2929738883065,281.3059720328376,285.2277818532238,10099453
2025-05-29,283.8236999511719,284.59836897398986,282.12908560599465,282.12908560599465,9773818
2025-05-30,280.5797119140625,285.32462606714705,279.12718536403287,282.758501739107,21788566
2025-06-02,283.7752685546875,284.3562851056245,279.2724420004522,281.1123031186449,7255782
2025-06-03,279.127197265625,286.0509015389711,278.6430217283039,283.2426893328545,10989055
2025-06-04,279.4176940917969,280.62813294950126,277.96516746255156,279.1272005866398,8580196
2025-06-05,284.93731689453125,285.9056680139689,280.9186656592112,281.79017575635885,13110486
2025-06-06,286.438232421875,287.6002655173844,283.6784555355663,284.2594425315918,7935393
2025-06-09,290.989501953125,291.61892424999877,286.7771688098469,288.5686242330491,8666186
2025-06-10,291.5220642089844,292.2483274776183,288.81069316010877,291.0378886965617,7273892
2025-06-11,286.0993347167969,291.8610058374493,284.6952138482143,291.57051233788775,10941604
2025-06-12,279.8534240722656,286.4381987003345,279.36924859809216,285.8087764942542,14071159
2025-06-13,276.4642333984375,277.3841787453238,272.88132258098824,273.60758589114175,16028417
2025-06-16,279.5145263671875,281.30598173089703,277.2388954755418,278.8366983591143,11067299
2025-06-17,279.4176940917969,281.25758479689154,278.11044376686004,279.5145351107592,7286868
2025-06-18,278.207275390625,279.17562654694706,276.4642551299382,278.40095744258224,11904855
2025-06-19,277.3841552734375,278.54615874031805,276.270527984052,277.7230544814481,13573824
2025-06-20,283.8236999511719,285.17938551696784,276.02845623231923,276.5126317595127,33014151
2025-06-23,281.06390380859375,284.1626391165812,278.9819548759131,282.17750165149454,6833477
2025-06-24,276.9000244140625,285.37309701483883,276.31900781109147,284.1626580718708,15007849
2025-06-25,281.257568359375,281.88699061825,277.43256997188115,277.43256997188115,10838516
2025-06-26,284.2110290527344,284.9372923297005,280.5797126679039,281.59646943496506,10232220
2025-06-27,289.779052734375,291.183173582518,284.8404564516138,285.6635607573622,15523628
2025-06-30,290.4084777832031,291.4736698624816,286.87400231481786,290.8926533145361,8415241
2025-07-01,288.1328430175781,291.9578414845851,287.6002617609346,291.47366595973506,12349270
2025-07-02,285.518310546875,289.294873699044,284.1141897157614,288.13284062834805,10826029
2025-07-03,284.40472412109375,289.48856729295994,283.8237075625345,288.9559564677266,10373094
2025-07-04,284.6951904296875,285.80878815537665,282.41955969788035,284.40469695402146,14193884
2025-07-07,286.5350646972656,287.2613279718709,284.2110281288743,285.3730611889341,6220756
2025-07-08,288.3265380859375,288.9559603863584,283.7752761258537,284.84046823903606,6254288
2025-07-09,290.1663818359375,290.50531060865995,287.01924097101033,288.8106962967761,5650646
2025-07-10,289.779052734375,293.1198756893476,288.5686139176065,290.5053160244361,9307817
2025-07-11,289.1011962890625,291.37682718369206,287.5518582390185,289.77905384975355,7073217
2025-07-14,288.7622985839844,290.9410884740495,288.036035287296,290.0211431442192,5484223
2025-07-15,288.6170349121094,290.5053313868159,287.4550313176004,288.6654701983788,6173407
2025-07-16,287.648681640625,289.48857236693266,286.34143130061625,289.48857236693266,8144630
2025-07-17,287.21295166015625,288.762319381695,286.4382530235212,288.132867504513,8318287
2025-07-18,284.8404846191406,291.95787147591477,284.211062282524,287.1161157300455,8702106
2025-07-21,287.60028076171875,287.8423685401377,283.0006129717586,284.6952274206913,5298012
2025-07-22,288.37493896484375,289.3917253269252,285.2277979639942,287.6971109418524,7775653
2025-07-23,289.779052734375,290.16638724539513,287.697103879879,289.39171822335487,5310964
2025-07-24,289.8758850097656,291.81258705820005,287.11607868040096,290.36006052187423,6294709
2025-07-25,282.8553771972656,288.32655529161315,281.6933439950449,287.7455386905028,8202572
2025-07-28,282.6616516113281,285.90563337880826,281.5480538692244,282.7584926218866,7037396
2025-07-29,283.8236999511719,284.59836897398986,280.62812374065743,281.3059812994199,6586034
2025-07-30,279.8050537109375,287.1160924743307,277.52942278435324,283.72686372674167,10515572
2025-07-31,281.7901611328125,284.98570784043096,275.93164898493546,275.93164898493546,14283621
2025-08-01,282.0322570800781,283.53318946015554,277.2389073278963,282.4195916086403,6697683
2025-08-04,278.836669921875,282.32270972610723,276.65788026836685,281.98381053249784,10397121
2025-08-05,276.94842529296875,279.51454989670066,276.07691517966583,278.0136174544418,15561914
2025-08-06,275.786376953125,279.2724467665108,275.0601136399917,278.49777771986055,12985269
2025-08-07,276.51263427734375,277.2388975747471,274.4306854018,275.49587748167073,8893659
2025-08-08,275.8348083496094,277.1904939379996,274.6243695114522,275.78637306504544,6172968
2025-08-11,275.8348083496094,277.33574068823253,274.3338464592568,275.8348083496094,8755499
2025-08-12,275.64111328125,278.4493253426438,275.0116910255161,275.39902552506555,13184438
2025-08-13,279.0787658691406,280.2407693208184,276.99678760873013,277.916732865736,9928283
2025-08-14,279.56292724609375,280.96701837327413,278.0619655631729,279.9018264325586,8464495
2025-08-18,281.1607360839844,282.08065185962835,279.3692807132589,280.3376317729236,9836105
2025-08-19,280.0909423828125,282.13327810692135,278.6807504191529,282.03601837158203,7196772
2025-08-20,280.4799499511719,281.0634786801803,279.06978767553085,280.2854601611717,3106073
2025-08-21,276.2007751464844,281.5983488453277,275.8117659061222,280.4799361494731,7389271
2025-08-22,275.5686340332031,276.73566176535235,274.0611824031939,276.2007777647218,6824793
2025-08-25,276.3466796875,276.78433367976874,274.4502483065157,275.5686611229176,7426789
2025-08-26,272.21337890625,276.00627115142953,271.2408409111012,275.22825262711217,22905910
2025-08-28,266.9130554199219,274.255705157843,266.0863922167015,274.255705157843,12455072
2025-08-29,267.6910705566406,268.5177337494827,264.77345670861183,266.0863888761254,12841075
2025-09-01,272.1647644042969,272.89416790206815,268.4204871798367,268.4204871798367,10820878
2025-09-02,278.8266296386719,279.9936573186593,272.164739043884,272.5051332470267,16983677
2025-09-03,278.1944580078125,281.25797617588785,277.7568337548744,281.0634567215809,30178885
2025-09-04,274.0611877441406,280.0423199960402,273.18590950809545,278.9725222944279,5946090
2025-09-05,277.5137023925781,278.7779898212633,274.5960886222258,274.5960886222258,9695914
2025-09-08,275.0337219238281,279.79918164903796,274.3529631627289,278.53486449927703,5186605
2025-09-09,276.0549011230469,276.54117009466415,273.963950480993,275.2768529607576,7093190
2025-09-10,275.17962646484375,278.5835093101367,274.74197251293344,276.88156788749023,7767863
2025-09-11,278.92388916015625,280.77173512119623,274.79060262115405,274.79060262115405,7406625
2025-09-12,279.7505187988281,280.6744416683619,277.27055904513384,279.361509577788,7618852
2025-09-15,278.3890075683594,280.86896764170785,277.90273855950636,280.38269863285484,5420800
2025-09-16,280.43133544921875,281.74426767207285,278.4862594685472,278.6807492589119,8626429
2025-09-17,279.2642517089844,281.25797220925705,278.0972240381065,281.06345275769337,19010126
2025-09-18,281.1607360839844,281.89013956932183,278.2431221426345,279.1184003891387,16842964
2025-09-19,278.34039306640625,282.2305451445978,277.076075833291,282.03602566888617,14993879
2025-09-22,278.7779846191406,281.06345463250244,278.04858119016353,279.1183788218969,9456933
2025-09-23,280.6744689941406,281.06347825305374,277.5623355638277,280.72308402169074,13619147
2025-09-24,285.245361328125,286.46103373351167,279.06976925236245,279.99366247275503,14032389
2025-09-25,276.58978271484375,286.75281600507043,275.81176423882266,285.926152824609,16242837
2025-09-26,274.49884033203125,276.3466565276837,272.407889645385,275.7145127870004,8959035
2025-09-29,272.8941650390625,278.24312396660133,272.2620212835269,276.1035285237842,14600560
2025-09-30,272.5537414550781,278.14583427708243,271.3380691024685,274.2556827487316,18772881
2025-10-01,272.9427795410156,275.08237497971265,272.21337605230127,273.2831737716498,11812449
2025-10-03,281.7442626953125,282.0360122154581,273.33178548390373,275.5686406298664,19597461
2025-10-06,279.0211181640625,280.7230594926611,276.7356481583298,280.43130999384476,11702722
2025-10-07,281.0634460449219,284.3214538640417,279.2156300172049,281.0148310229427,11371062
2025-10-08,277.4650573730469,282.37639168858715,276.8329136594234,282.37639168858715,9989251
2025-10-09,278.2917175292969,279.069765666448,274.4988256091278,277.1733048666126,10714949
2025-10-10,281.2093505859375,283.2516862769683,277.4164584051681,277.4164584051681,10773268
2025-10-13,278.2917175292969,280.2854380562139,277.076045139531,279.8477841240975,8950161
2025-10-14,279.60467529296875,279.9936845574755,277.5623395549279,278.63213729194973,7667654
2025-10-15,282.9599304199219,285.19675584889626,279.16700864456936,279.2642683761559,8125514
2025-10-16,283.8352355957031,285.1967829286857,282.61956303419976,284.37011965096224,7824732
2025-10-17,281.7928771972656,283.4948186471197,280.09093574741155,283.0085496614471,14275188
2025-10-20,280.2854309082031,284.0783227316436,279.2156332965915,282.18186198017287,13536721
2025-10-21,280.6744689941406,281.6470069811754,280.2854597352275,280.3826897903278,398291
2025-10-23,281.69561767578125,283.15442463389456,280.09093595775727,281.0148589030305,21031287
2025-10-24,280.5771789550781,282.7653891895631,278.6807182133908,281.6955915834703,16350189
2025-10-27,283.0571594238281,284.75910084202894,280.2854500006463,281.0634684914512,13396182
2025-10-28,280.3340759277344,284.564622124817,278.92388396887213,282.57090143540813,13543174
2025-10-29,287.23907470703125,288.5033621052577,280.820318630994,281.06345310599914,14608714
2025-10-30,283.49481201171875,288.30888672900187,282.95992801179966,288.1629822931123,10329750
2025-10-31,280.23681640625,283.98109361064735,279.1184036515609,283.98109361064735,10088802
2025-11-03,280.0909423828125,282.1818931348389,279.2642791516846,281.06348037719727,8578207
2025-11-04,271.38671875,277.124716730008,270.46282545184107,276.68706275542957,26098629
2025-11-06,262.7797546386719,270.8518074040475,262.4393604349388,270.36553845000077,21919591
2025-11-07,264.53033447265625,265.3083529963624,261.36958599090576,262.77977795456536,11379131
2025-11-10,265.2225646972656,267.54645180953463,263.590858183498,265.6181180241124,10717941
2025-11-11,264.67864990234375,266.16199749773756,261.71195471155613,265.2719949762581,11154806
2025-11-12,264.134765625,267.24978951326466,263.5414205560963,266.0136665275419,16444701
2025-11-13,266.854248046875,267.4475931421342,262.7008625588455,264.1347773574899,12573141
2025-11-14,268.2881164550781,269.27701482782635,266.50811145564467,267.3486811082373,10308317
2025-11-17,270.5131530761719,270.908736590646,267.00257572610195,269.0792684619509,9884392
2025-11-18,271.15594482421875,273.7270564403353,269.2770137802799,270.95815307892525,16434280
2025-11-19,272.09539794921875,272.9359676534738,269.47482313612903,272.8865348033116,15765235
2025-11-20,274.1226501464844,275.9520880541015,271.4526123794352,272.1942861837506,15337345
2025-11-21,274.5181884765625,275.90264013323076,272.342600031239,274.1226351716262,12941485
2025-11-24,272.7381591796875,275.9520788916759,269.4748066205665,274.91374767162375,49791096
2025-11-25,270.4142761230469,273.8259574525211,269.62313930580683,271.94705655209975,12114606
2025-11-26,271.9964904785156,273.8754215651714,270.46371004338476,270.9581592390765,8352869
2025-11-27,270.6614990234375,273.9248516100949,270.26591552790507,273.9248516100949,9865039
2025-11-28,266.953125,271.30427175878066,266.4586758188026,270.7603595521937,12580231
2025-12-01,266.65643310546875,269.42536658301617,265.7664306293502,269.42536658301617,10428760
2025-12-02,264.48089599609375,267.64535285071713,263.9369837547472,266.01367648424736,11029817
2025-12-03,265.46978759765625,266.0136696462371,261.5636268454636,264.4808891974844,9063557
2025-12-04,266.1125793457031,267.20037367815644,262.6514347653062,263.5908701869996,5103204
2025-12-05,266.8047790527344,268.48591842191763,264.8269822319468,265.2225657391319,5535798
2025-12-08,262.255859375,266.4092144150703,261.81084303770024,265.8158693582651,10203843
2025-12-09,261.6130676269531,262.79975781465754,259.98139125294836,261.16808144065277,10686557
2025-12-10,262.5525207519531,264.2830929226346,261.3658306205438,261.9591756862485,7157092
2025-12-11,261.86029052734375,263.3931011913678,259.5858362243208,261.31640846581627,8336183
2025-12-12,260.6736145019531,263.7886383094003,260.37692688580677,262.0580661742871,5522827
2025-12-15,259.2891845703125,260.9208609701886,257.6080451408732,260.67363635872897,6400400
2025-12-16,257.459716796875,260.42641213885065,256.81693884187075,259.2397219305461,9241981
2025-12-17,258.2013854980469,259.83306186793055,256.421350220986,257.45971167730113,10944698
2025-12-18,255.0863494873047,258.7947184165903,252.96020891421256,257.8552528829912,10930748
2025-12-19,260.5252990722656,261.01974827894765,255.0863577987635,255.18522349707223,16657897
2025-12-22,262.0580749511719,262.651420024554,256.1741174232074,256.22358045027994,10054250
2025-12-23,264.0358581542969,266.31031227662237,261.46471642115773,262.05806146400255,10526826
2025-12-24,265.0741882324219,267.0519849144136,263.34361613567916,264.82696364717293,6131188
2025-12-26,262.5030822753906,266.3103168262234,261.9097372224092,265.02476102708283,6029003
2025-12-29,257.7069396972656,263.49200161145643,257.1135945970538,262.9975523910775,7270521
2025-12-30,257.459716796875,258.5475111246899,256.07526500637687,257.11359630455405,10929200
2025-12-31,261.66253662109375,262.255881728473,257.65747978037325,258.49804950092835,5145868
2026-01-01,263.83807373046875,264.5797475098971,261.1680662317967,261.1680662317967,4298196
2026-01-02,267.9420471191406,269.0792743009689,263.29421233227725,264.53033539487006,13348375
2026-01-05,268.6342468261719,269.7714739610066,265.7170146262727,268.2386934982447,11526602
2026-01-06,265.56866455078125,270.2659321506915,263.0469855949752,263.0469855949752,11777253
2026-01-07,261.1680603027344,265.96422333657813,260.5252824109122,265.5192070075106,14877056
2026-01-08,256.4213562011719,262.3547469055148,255.0863674357233,261.06919099108813,11762204
2026-01-09,255.1357879638672,260.87138662952566,253.4052157586859,257.41024221916314,14100782
2026-01-12,255.67967224121094,256.61913780372106,251.47686908140932,255.1357901863585,9698555
2026-01-13,255.92689514160156,257.0641524503751,253.2568875553814,256.17411974285073,9734559
2026-01-14,255.48190307617188,256.8169219278936,253.89965962890105,254.24578009842648,15435341
2026-01-15,255.48190307617188,255.48190307617188,255.48190307617188,255.48190307617188,0
2026-01-16,254.44354248046875,258.64636061822983,253.35577839960462,255.43244086582428,9648251
2026-01-19,254.7896728515625,255.92690000315432,253.80077442778094,254.0479990337263,10588722
2026-01-20,251.22964477539062,254.9874617616948,250.58685175347193,254.78967000763222,12452441
2026-01-21,252.96022033691406,255.97636355347535,249.25185124017293,249.25185124017293,14263346
2026-01-22,256.3719177246094,256.9652628177811,252.61410067643763,253.75134292345138,15520530
2026-01-23,251.32852172851562,257.0641505421909,249.79574128366247,256.37190959231805,18022018
2026-01-27,251.52630615234375,255.48189962773728,249.25183688611412,253.6524316096111,17375059
2026-01-28,256.9158020019531,257.8552675891323,251.1802031357224,251.1802031357224,16046343
2026-01-29,257.6080322265625,260.12971106552004,255.8774600331019,259.684724894472,26914029
2026-01-30,253.65243530273438,259.48692972813217,251.22963728165874,258.39913547080425,23292764
2026-02-02,267.39813232421875,268.1892691840343,247.224610170096,248.46073322094648,37109237
2026-02-03,280.0560302734375,281.3415860820884,270.2164794268213,272.9853827895078,52651170
2026-02-04,286.18719482421875,288.7583367350135,279.75935513662427,285.5938497403762,27775044
2026-02-05,286.13775634765625,287.76943266204506,282.97326941525415,287.76943266204506,9870342
2026-02-06,289.5,290.24167378309136,286.1871843997685,288.9561179639131,19951107
2026-02-09,289.75,292.54998779296875,288.0,292.5,13114576
2026-02-10,294.3500061035156,295.29998779296875,286.5,290.0,21823214
2026-02-11,294.45001220703125,297.6499938964844,292.20001220703125,297.6499938964844,10508852
2026-02-12,293.8999938964844,296.0,291.75,294.45001220703125,10482579
2026-02-13,287.20001220703125,294.29998779296875,286.8500061035156,292.0,10914157
2026-02-16,300.5,300.95001220703125,287.25,288.0,22196951
2026-02-17,300.75,301.6000061035156,297.0,299.29998779296875,11190989
2026-02-18,300.54998779296875,302.25,298.45001220703125,299.45001220703125,9147320
2026-02-19,294.6499938964844,301.6000061035156,293.1000061035156,300.1000061035156,7552362
2026-02-20,298.95001220703125,302.04998779296875,294.25,295.54998779296875,11762183
2026-02-23,303.3500061035156,304.29998779296875,299.0,302.0,11774742
2026-02-24,304.79998779296875,306.20001220703125,300.79998779296875,304.0,15863867
2026-02-25,307.25,311.70001220703125,305.1499938964844,307.0,14240500
2026-02-26,303.25,307.70001220703125,301.3999938964844,307.1000061035156,14249515
2026-02-27,298.6499938964844,305.79998779296875,297.8999938964844,305.79998779296875,21400679
2026-03-02,296.79998779296875,298.6000061035156,289.5,290.0,15690227
2026-03-04,291.95001220703125,296.0,288.8999938964844,296.0,28191826
2026-03-05,299.45001220703125,300.1000061035156,291.8999938964844,292.0,19467441
2026-03-06,299.1499938964844,302.75,297.0,299.95001220703125,15887540
2026-03-09,295.20001220703125,296.25,285.5,285.5,21591866
2026-03-10,298.6499938964844,300.04998779296875,293.75,298.1499938964844,14627316
2026-03-11,298.79998779296875,302.8999938964844,298.04998779296875,298.6499938964844,12618289
2026-03-12,303.6000061035156,304.8999938964844,295.1000061035156,295.79998779296875,15284297
2026-03-13,300.95001220703125,309.5,298.70001220703125,308.6499938964844,23615092
2026-03-16,297.75,303.0,291.3999938964844,300.95001220703125,25911819
2026-03-17,298.5,302.0,292.1499938964844,302.0,12300000
2026-03-18,299.3999938964844,304.20001220703125,297.54998779296875,299.54998779296875,8691698
2026-03-19,296.70001220703125,300.5,295.95001220703125,297.6499938964844,8594078
2026-03-20,297.6000061035156,305.0,296.6000061035156,300.1000061035156,28392470
2026-03-23,302.1000061035156,304.3500061035156,293.1000061035156,298.0,23771660
2026-03-24,299.0,309.0,292.3999938964844,309.0,24123621
2026-03-25,295.0,302.25,294.20001220703125,299.8999938964844,16423641
2026-03-27,295.5,297.29998779296875,290.29998779296875,294.45001220703125,27444747
2026-03-30,296.1000061035156,297.8999938964844,292.0,292.04998779296875,23105779
2026-04-01,292.79998779296875,305.8999938964844,290.20001220703125,305.0,18635698
2026-04-02,289.95001220703125,292.0,283.5,290.20001220703125,17222200
2026-04-06,295.1499938964844,295.6000061035156,287.29998779296875,294.8999938964844,9291741
2026-04-07,295.3999938964844,296.25,291.0,292.5,9318575
2026-04-08,294.8500061035156,301.75,293.6000061035156,301.0,10887876
2026-04-09,298.1000061035156,300.70001220703125,293.8500061035156,295.45001220703125,17644642
2026-04-10,302.75,303.5,299.75,301.1000061035156,13245074
2026-04-13,300.3500061035156,302.3500061035156,297.6499938964844,299.95001220703125,15681799
2026-04-15,312.45001220703125,313.3999938964844,301.25,303.3999938964844,21897202
2026-04-16,312.25,317.0,310.5,315.0,21510277
2026-04-17,318.1000061035156,318.95001220703125,311.3999938964844,313.29998779296875,13609827
2026-04-20,319.70001220703125,323.04998779296875,315.54998779296875,319.0,10955277
2026-04-21,319.3500061035156,322.0,318.0,318.95001220703125,8342335
2026-04-22,319.75,322.0,316.0,319.75,7112538
2026-04-23,319.1499938964844,321.8500061035156,318.04998779296875,320.0,7294961
2026-04-24,316.3999938964844,317.8999938964844,314.5,316.0,9980241
2026-04-27,320.8999938964844,324.95001220703125,316.95001220703125,318.0,9331186
