Price,Close,High,Low,Open,Volume
Ticker,RELIANCE.NS,RELIANCE.NS,RELIANCE.NS,RELIANCE.NS,RELIANCE.NS
Date,,,,,
2010-01-04,218.59307861328125,221.76374994808987,207.68884283111072,221.76374994808987,76646086
2010-01-05,217.61749267578125,233.71474007258507,216.54028253029978,233.71474007258507,21392825
2010-01-06,221.13369750976562,222.45481176562942,217.60733879271046,219.4873823501729,23691760
2010-01-07,224.8023223876953,226.62139340272083,219.1012188293531,221.13370761104912,26197920
2010-01-08,224.21290588378906,226.37750201850946,222.75968421181614,225.19865717290486,15110149
2010-01-11,219.81259155273438,233.67410930703483,213.41028925193103,230.62536937487172,188649642
2010-01-12,220.39186096191406,231.15384260372159,218.89799076969248,222.55645724374628,32790509
2010-01-13,221.25563049316406,221.94666711176538,217.19066690840523,221.13368524886295,15360176
2010-01-14,227.98316955566406,228.6132200478534,220.72720970976556,220.72720970976556,24545629
2010-01-15,225.757568359375,231.47899564545537,224.5990613837743,228.81644302775993,18766617
2010-01-18,223.47105407714844,226.91610246583943,221.93652203173963,224.9954104505233,14172193
2010-01-19,220.52394104003906,224.8022951490161,220.04629504097605,223.57265349183442,13064666
2010-01-20,218.99960327148438,222.98327052941065,217.8817445892042,222.55644855293414,19331024
2010-01-21,214.23341369628906,218.89795497442623,213.4610802468286,218.49145725849675,18611321
2010-01-22,214.19277954101562,217.6784898858188,209.2436990295434,211.58105087607228,39869565
2010-01-25,211.79444885253906,214.30455639995986,210.70707658005333,213.339129376524,13393277
2010-01-27,208.8473663330078,213.4102869421013,207.31284784645905,210.15831851992124,24843485
2010-01-28,210.79856872558594,212.6887746538866,208.32910920548184,211.37782231738936,33223459
2010-01-29,212.63792419433594,213.77610695282752,206.92665905919426,209.9347231834662,23333042
2010-02-01,212.47535705566406,214.42653549523686,210.47335452328508,210.86969018774147,12132865
2010-02-02,208.79653930664062,214.70088438197942,208.1461375330761,213.8167542227251,17248998
2010-02-03,210.14817810058594,213.08510801786986,209.56891094753982,209.56891094753982,15052266
2010-02-04,207.1400604248047,210.97128203834302,206.09333661455236,210.97128203834302,11974603
2010-02-05,199.5284423828125,204.82304801268222,198.16669325955817,198.16669325955817,29882876
2010-02-08,202.0995330810547,204.1320081977571,198.16669020266932,200.19916531937173,25894932
2010-02-09,201.87596130371094,202.84138837955754,199.73170295459522,201.97758235010258,14292031
2010-02-10,200.219482421875,203.22754657324077,199.58940484671183,203.22754657324077,18261247
2010-02-11,206.32711791992188,207.2722208740192,200.9105528348456,201.06299798611445,23450102
2010-02-15,205.2803497314453,208.73557365402837,204.79255516876518,208.73557365402837,13498617
2010-02-16,206.85556030273438,207.51611073086357,204.2641419828251,205.30070388376316,10068256
2010-02-17,209.8636016845703,210.93064978385672,207.72950548599746,208.32908321437446,15630122
2010-02-18,202.80076599121094,211.04247812756063,202.23167449080978,209.34535216473597,19834114
2010-02-19,199.83331298828125,202.23163738876866,198.60365769201903,202.23163738876866,17754534
2010-02-22,198.76629638671875,203.24790710305322,197.1504673121244,202.29264203328506,12692045
2010-02-23,198.2378387451172,199.79268150367918,197.15045281381083,197.96344834416468,12976934
2010-02-24,198.9390106201172,200.34142161470803,196.46955161612675,197.15042612251236,12487589
2010-02-25,195.748046875,200.19918463378352,194.94522699563592,199.20327118781512,18954063
2010-02-26,198.9695281982422,202.23165892802314,196.38828564940778,196.94721500085288,22579233
2010-03-02,199.83331298828125,203.04463285022405,199.0609659431424,200.19916230269237,18210596
2010-03-03,208.28843688964844,208.93882514666367,200.80891087994064,200.80891087994064,26623966
2010-03-04,206.0933380126953,211.3777811855786,204.87385843225547,211.3777811855786,20781218
2010-03-05,205.2397003173828,208.53231699135682,204.28443540479657,207.71933510255045,11774505
2010-03-08,204.08119201660156,208.73557130151778,203.65437008312156,207.55672654058208,11941298
2010-03-09,201.28652954101562,205.6461941900098,200.81905919750244,204.568984049433,17459521
2010-03-10,205.0263214111328,207.08928305088494,201.07315392119236,202.23166105692414,24807175
2010-03-11,206.59132385253906,207.3128604530913,204.67063170953352,205.280371585907,14583772
2010-03-12,207.63803100585938,209.95505862955105,206.09335044591913,206.29660609996225,22333253
2010-03-15,208.94900512695312,209.7416764826626,205.9104542093401,207.7193632393846,18131701
2010-03-16,217.05856323242188,217.84107236504852,209.14206724163006,209.75180704101234,33998717
2010-03-17,217.41427612304688,220.01584285733585,216.62160479290122,218.45083797473674,21599472
2010-03-18,218.8878173828125,219.83292026872806,216.2760885992673,218.28823962926478,15292424
2010-03-19,221.9568634033203,222.8613042834732,217.5057258971921,219.2638242694445,19737747
2010-03-22,218.27806091308594,223.36941072970242,215.8492502016269,215.8492502016269,20468483
2010-03-23,221.82472229003906,222.3430031468678,218.88779291215573,219.09103498637808,20005544
2010-03-25,221.8348846435547,222.96291885944416,218.9792520921446,222.7596632174312,22967888
2010-03-26,223.66415405273438,225.80842612563114,222.5869437473782,222.9629552139841,18075516
2010-03-29,222.21090698242188,225.59498266147548,221.7434366206211,224.32467893096666,20249784
2010-03-30,221.16419982910156,224.73119365377326,220.11747587993494,222.75969101532817,18938795
2010-03-31,218.33905029296875,222.55644591531754,217.73947253903802,222.1296239438995,21647708
2010-04-01,221.9568634033203,223.26780203646985,218.89797493499128,219.10121702770812,12519976
2010-04-05,228.83677673339844,229.59897525750677,222.8612966027089,222.8612966027089,19912935
2010-04-06,228.2880096435547,230.27983623635902,227.67825628724023,229.2635987325838,12481837
2010-04-07,229.60911560058594,233.674092845396,228.2676907476292,228.65385069670225,20218574
2010-04-08,224.90396118164062,230.99123839999768,223.87756145078205,230.27986392129446,14723428
2010-04-09,228.59288024902344,229.87335962575452,225.23929094958652,225.23929094958652,16826518
2010-04-12,229.13148498535156,232.71882980697578,228.17622007381053,232.71882980697578,12699784
2010-04-13,227.820556640625,230.48310957301382,225.86939176547077,229.263629830097,13971281
2010-04-15,221.68247985839844,230.666024850119,220.94061906193988,228.65387379981482,24286918
2010-04-16,220.3715057373047,222.55642592238522,217.70896666700688,220.74751715067603,18193722
2010-04-19,215.80860900878906,219.46706157076156,213.61352661755546,219.46706157076156,16389189
2010-04-20,216.09312438964844,219.4568755571443,214.29437783409116,217.44472483214312,16748550
2010-04-21,214.24359130859375,218.2272583590216,213.03427374453653,217.47523549498064,19187549
2010-04-22,218.64393615722656,222.33287534645342,213.42046480061413,213.5119237481252,25598349
2010-04-23,221.17434692382812,222.75967589747378,219.50770754821187,219.50770754821187,23235165
2010-04-26,217.7292938232422,223.12552033205765,216.15411342084116,219.5077027396491,16652152
2010-04-27,215.69677734375,217.06870192003544,214.42648736269936,216.05246450817077,13970196
2010-04-28,206.75389099121094,214.21307823532132,205.68682945511785,214.21307823532132,40110291
2010-04-29,210.3717041015625,211.3574552887709,207.14006017437265,208.12581136158104,23447044
2010-04-30,210.0770263671875,212.8411866984806,209.34532768967017,211.37780291100904,15821019
2010-05-03,208.0750274658203,209.8737743086741,206.92668247360976,208.5323357552312,12535244
2010-05-04,207.54656982421875,211.17454956919443,205.99172717675592,208.16647174884858,17348783
2010-05-05,207.4449462890625,208.03436189396623,203.91860119617002,205.2803502796352,14976570
2010-05-06,204.84341430664062,207.9835864053887,204.0609050246223,207.27222543156117,23863448
2010-05-07,209.91441345214844,215.442761100498,198.36993714036723,198.36993714036723,72063684
2010-05-10,221.00863647460938,221.54098854577592,212.94142985537545,215.19369913179267,38050844
2010-05-11,218.63352966308594,222.97425831057194,217.72238463473963,222.97425831057194,26325489
2010-05-12,221.73553466796875,223.06640815712126,217.86573420188253,220.32274928606998,15294301
2010-05-13,219.45252990722656,223.87515658709722,217.4459689414643,217.4459689414643,11947698
2010-05-14,213.6887664794922,219.28872069293303,211.91766298820707,218.61303311377273,18161695
2010-05-17,208.1400146484375,211.85625561571985,206.59414478734567,211.85625561571985,20611809
2010-05-18,208.96925354003906,211.6003020208283,206.34842866813733,208.84640621827296,15445191
2010-05-19,204.47499084472656,208.38574040605863,203.74811676679863,208.23216756727035,26097480
2010-05-20,204.7411346435547,207.4131458922038,203.47167131833777,204.95613112398257,18577281
2010-05-21,203.84024047851562,204.7206736763766,199.85783020113797,202.6834007890944,19167407
2010-05-24,209.38902282714844,214.77398147973042,208.11955933312416,208.43692862361226,24726303
2010-05-25,201.81320190429688,209.87017150581855,201.21942615211037,209.87017150581855,25245934
2010-05-26,206.39962768554688,206.79888147928548,202.90860696611472,203.70714188944442,13726569
2010-05-27,209.30709838867188,210.42298890280918,205.0789800320911,207.00364275441586,27405100
2010-05-28,212.25550842285156,212.7366740859537,207.72025825714425,210.88367236899694,17535288
2010-05-31,214.0880584716797,214.68183423967747,210.6379865812999,210.92464402167505,16548811
2010-06-01,206.9115447998047,213.96522119040972,205.5908948408533,213.61715371385466,19466130
2010-06-02,207.01390075683594,209.05117372864078,205.4373189580052,207.822673045995,19728249
2010-06-03,211.0577392578125,212.53194830841485,208.82595795966722,208.82595795966722,17106958
2010-06-04,211.13963317871094,212.12243912879103,209.34805499148666,211.09867040185796,14088022
2010-06-07,206.3382110595703,207.8226710107822,204.7513919983894,207.8226710107822,13503377
2010-06-08,204.0142822265625,207.35173026349415,203.74809935189475,206.73746629669992,15226706
2010-06-09,206.1949005126953,207.822682442502,204.75140326116713,204.7923523745783,15242486
2010-06-10,207.89434814453125,208.3243275131083,206.21537978457053,206.79891833195057,13962908
2010-06-11,214.25184631347656,215.16299131804038,209.05115916060993,209.87016867058506,23307069
2010-06-14,217.7530975341797,219.08398461216817,214.8046796083736,215.9922448014475,15892958
2010-06-15,218.2854461669922,219.06350658003294,215.00943541338077,218.10117517502692,18992836
2010-06-16,216.6167449951172,219.62658676094165,216.03320647609866,219.08399735428034,11833071
2010-06-17,219.37063598632812,220.5172383698061,216.68838734950307,217.71214240644989,21047804
2010-06-18,215.87962341308594,223.13807192150352,215.10157664721774,221.1724462818056,38277934
2010-06-21,218.19332885742188,219.43208052155276,217.2412346503902,217.2412346503902,11792906
2010-06-22,217.81454467773438,220.06681430880406,216.41199650610562,217.65074822017613,12908863
2010-06-23,216.7703094482422,218.57212510757506,215.80797794854328,216.97506868294548,11659191
2010-06-24,215.40866088867188,218.22399379196568,214.4360923342922,216.83168325429557,18805263
2010-06-25,217.64048767089844,218.67448003453526,213.55570460386508,214.98896445803817,20325423
2010-06-28,223.20973205566406,223.588511325657,218.09094292477477,219.90299572590988,31472648
2010-06-29,218.56187438964844,223.38376886997864,217.8964376706199,223.38376886997864,14213976
2010-06-30,223.14828491210938,223.98775525223826,216.52457567193542,217.03645316437533,26637611
2010-07-01,220.3636932373047,222.43167803724282,218.36736938240412,221.95051230977708,13310905
2010-07-02,218.8690185546875,221.9402840457428,218.1216699045161,220.31251579571057,10948784
2010-07-05,218.73590087890625,219.7289441197264,217.58929847752435,219.08398197743995,6399512
2010-07-06,219.88253784179688,221.52054338054933,218.16262040836773,218.16262040836773,9255011
2010-07-07,215.71583557128906,220.06680173799998,215.19372072471796,219.90300528979822,13738578
2010-07-08,216.44271850585938,218.99186917498548,216.06392553595944,217.03649432282424,11977911
2010-07-09,216.55531311035156,218.26497949018423,215.71582900302283,217.84525110444739,12974909
2010-07-12,216.26866149902344,218.66425288527446,215.40870281310197,217.03648468315214,12563614
2010-07-13,219.96441650390625,220.6708023147101,216.4734092237647,216.4734092237647,15043285
2010-07-14,219.17611694335938,224.09016041664103,218.52091752528779,221.13149158815523,15970199
2010-07-15,219.79037475585938,221.31577004141545,218.6949451067771,219.48324277616572,13877250
2010-07-16,217.64048767089844,219.90299433865246,217.03647463030626,219.29898129806028,8779539
2010-07-19,216.2277374267578,218.24453609348265,215.76704619651713,216.64747954034863,9808534
2010-07-20,215.59300231933594,218.24452583745975,214.80470452501137,216.42224922838608,6845092
2010-07-21,216.70884704589844,217.65070382058207,216.14578316997526,216.81121981098886,9824712
2010-07-22,216.83172607421875,217.21051902837516,214.49757201709903,216.70887873814465,15879834
2010-07-23,217.12863159179688,219.26827747310202,216.38128292436016,217.84526842368925,13790021
2010-07-26,215.62368774414062,218.55163109595384,215.0401492628489,217.75309612075853,9113728
2010-07-27,215.70558166503906,217.27192608400648,215.21417869038694,216.80099766380124,12133425
2010-07-28,209.10235595703125,219.83133733450165,208.43691923950072,217.6507288477035,52927114
2010-07-29,206.8296356201172,210.5868123877581,206.3894189904392,210.5868123877581,46281590
2010-07-30,206.72723388671875,208.91807959495574,206.23583090246981,207.81242629737744,19242072
2010-08-02,207.73052978515625,209.21498979312526,207.08556759182014,208.02742452033567,12676917
2010-08-03,210.43324279785156,211.07820495920618,207.61790943008896,208.6723763663089,20104173
2010-08-04,208.03761291503906,211.09864037948793,207.32098994282333,210.48439016502803,18318233
2010-08-05,206.1949005126953,209.6040098796722,205.78539571065542,208.83620033528476,18308022
2010-08-06,204.7718505859375,206.81936065591688,204.4442577222138,206.5736660081241,19955917
2010-08-09,203.4409942626953,205.97992134711478,203.11340134955367,204.75140691904775,22253619
2010-08-10,202.27391052246094,205.2428032077536,201.94630395216325,202.90863543873002,19989721
2010-08-11,201.32180786132812,203.70716192119468,200.67684569393958,202.6629322528789,21917268
2010-08-12,199.14120483398438,201.32181339844152,198.60885270741556,200.6563766572125,24910354
2010-08-13,200.47207641601562,203.48193160470154,198.71122372424176,198.71122372424176,30512197
2010-08-16,200.02163696289062,203.09291603643518,199.6326203991377,200.65637553434325,14028775
2010-08-17,198.741943359375,201.66988677705004,198.60884508189707,200.65636895308003,14788743
2010-08-18,197.50318908691406,200.04210225131808,196.2234883932292,199.22310638185286,24859327
2010-08-19,200.0830535888672,201.65964901608865,197.31892028826786,197.31892028826786,20662946
2010-08-20,202.427490234375,203.4000590978207,199.12075336507368,200.08308494928164,20996195
2010-08-23,200.02163696289062,203.1236278704157,199.75546773505968,203.1236278704157,13543428
2010-08-24,199.10025024414062,200.86111669214267,198.0560205758334,200.0216325792182,19276160
2010-08-25,198.15838623046875,200.21614732773455,197.68745780208894,198.60884010404627,18620473
2010-08-26,195.83448791503906,199.223122727419,195.54783045305425,198.60885869001274,27834839
2010-08-27,194.4319610595703,196.7456408937208,193.8074596754438,196.33614971452948,24315870
2010-08-30,194.09410095214844,197.54415952409036,193.49008784537696,194.94382241383553,11908601
2010-08-31,188.2074737548828,194.50357685621262,187.34751514238593,193.41839814745197,46605039
2010-09-01,191.68826293945312,193.2443702195015,188.5760347114283,189.4052815760831,27886811
2010-09-02,191.94418334960938,193.8278970845688,191.64730230159708,193.49006692648587,17699285
2010-09-03,189.53834533691406,192.7938951005972,189.2312270267068,192.46630223637612,14440305
2010-09-06,195.05641174316406,196.0904041101724,188.8422065956506,190.61331028111815,33928353
2010-09-07,197.0322723388672,198.54743050535657,195.12808393564706,195.53758872863057,28379708
2010-09-08,196.47946166992188,197.5236914597993,194.92335426406672,195.55807922757612,11632859
2010-09-09,196.26446533203125,198.03556926569448,195.5785539730592,197.16537321731903,10114309
2010-09-13,203.21575927734375,203.83000961250372,197.65675342375962,199.01835237324084,27474309
2010-09-14,202.3250732421875,205.36562651914028,201.54702652216025,203.8299939651619,19472955
2010-09-15,207.5974578857422,208.58026398718647,202.49914269204436,202.49914269204436,33554695
2010-09-16,204.82302856445312,207.8943072112959,204.17806647254136,207.22885689831574,18540979
2010-09-17,210.35134887695312,211.18059572131062,205.7751489840906,205.7751489840906,31955142
2010-09-20,213.22813415527344,213.75024906423707,209.07167577410678,210.68922056510704,30419766
2010-09-21,211.94839477539062,214.68182984281316,209.8804100733762,213.35094277992403,21351925
2010-09-22,208.85665893554688,213.6990279057469,207.82266656505456,211.71294138532767,25872625
2010-09-23,204.2702178955078,209.66541341656261,203.93237407437906,208.8566548364255,23030491
2010-09-24,205.08924865722656,206.59416959019006,203.13387380542414,204.75140480111526,22669074
2010-09-27,206.83985900878906,208.82594551409827,205.79561570074333,206.3894051311793,16465376
2010-09-28,204.4442596435547,207.20839279683318,203.31811816014144,206.450820624426,19682506
2010-09-29,204.54666137695312,206.59417175608934,203.72765175812717,204.7514069476953,17790040
2010-09-30,202.14083862304688,205.16091788933534,200.26736192304358,205.16091788933534,28981699
2010-10-01,206.36895751953125,206.79892323036412,202.70390235519025,203.11340717629346,19104034
2010-10-04,208.40621948242188,210.03398773263032,207.81244367428874,207.81244367428874,21163057
2010-10-05,209.6347198486328,211.2625017639496,206.59416619735066,208.02742615776765,22938984
2010-10-06,213.9549560546875,214.37469809557632,210.269440519046,210.89392810772105,28137687
2010-10-07,212.76742553710938,216.16629764124363,211.4058265061901,213.95497716730867,31547758
2010-10-08,214.9172821044922,215.97176265307073,211.00653289590392,214.31326908566155,20865341
2010-10-11,218.92022705078125,219.54471475674038,215.6237274368229,216.21750330484616,25796876
2010-10-12,216.13558959960938,218.96116049503678,214.2006892764285,218.6745030268909,13979878
2010-10-13,219.70846557617188,219.9029875106123,215.95128917381643,216.23793293499435,23967306
2010-10-14,216.83172607421875,221.43863785627696,215.84892004977007,220.1077507116904,24414709
2010-10-15,213.01312255859375,218.67450159084933,212.04055376410062,217.03649602515037,11601973
2010-10-18,214.4668426513672,218.04999923239868,211.5593737424261,213.40213842205054,22209315
2010-10-19,213.8423614501953,218.8178289679986,212.78789446707324,218.0602430506116,18579617
2010-10-20,214.87637329101562,217.9374154035853,212.5319680480655,212.81862552949917,18232837
2010-10-21,221.4693603515625,222.73882388922246,214.82517525472062,215.39847651859242,37273145
2010-10-22,221.5000762939453,223.95709151890088,219.97468076552795,222.2474249740852,19627279
2010-10-25,223.25067138671875,225.615550740829,222.36000094151694,222.76950569420154,18019151
2010-10-26,224.99105834960938,225.42103767344292,222.5852297924022,223.36329021989667,15444185
2010-10-27,223.74208068847656,227.27403706995798,221.7969433091205,224.8170221522413,21946562
2010-10-28,221.54098510742188,225.41078509124947,220.0258271333209,225.10366678645448,36188021
2010-10-29,224.45872497558594,226.70075727948498,221.2339002797006,222.70810936957264,29722655
2010-11-01,223.83421325683594,230.32482473207244,223.02544101627745,229.52628976878873,30509287
2010-11-02,220.07704162597656,224.28468595041073,219.14542197992475,224.28468595041073,20360675
2010-11-03,218.12167358398438,222.13479608019537,217.57908415815407,221.5410202621102,19939993
2010-11-04,226.26051330566406,226.65978078200334,220.10773206220784,220.70150780418402,24311819
2010-11-08,227.65283203125,229.11680371752084,225.33913897663095,228.0725740766741,22364112
2010-11-09,226.9771728515625,229.42393700532892,224.6634796460466,227.73474510389227,15410057
2010-11-10,225.67701721191406,228.68685926337758,225.0627668003342,226.5983996632485,11899060
2010-11-11,221.11102294921875,227.6425974217011,220.31250162693883,226.45503221401006,12690058
2010-11-12,217.41525268554688,222.64665147862874,216.4222094998869,221.1621916706135,19131902
2010-11-15,215.9512939453125,218.654003521484,212.5728967241528,218.49020708290604,16084932
2010-11-16,210.99630737304688,216.83171967960917,210.18754876648228,216.83171967960917,19833309
2010-11-18,211.49794006347656,214.94799820157675,207.61790260929013,214.94799820157675,22776798
2010-11-19,203.98358154296875,212.12244970248676,202.11010504450488,212.12244970248676,24826481
2010-11-22,207.2595977783203,208.11955646668838,204.1780950909172,205.46803312346935,18956753
2010-11-23,203.85049438476562,205.77515737693204,199.63262638162257,205.70349642883005,33113827
2010-11-24,203.94265747070312,208.3959968464952,201.89513333131947,204.5466705995549,19703855
2010-11-25,200.55398559570312,205.36564284817587,199.22311214385738,205.16089729186965,29112802
2010-11-26,197.04249572753906,202.78577236673712,196.21324892189895,201.68011907116838,30639363
2010-11-29,204.4237823486328,205.2530291729059,197.05273743267037,198.50647186059328,23409097
2010-11-30,201.80299377441406,206.5327532562737,200.8816113471464,204.71046295932527,30483669
2010-12-01,202.4581298828125,204.21899595556295,201.2808158543995,201.68008327023708,18726828
2010-12-02,207.0343780517578,207.50530650885239,203.7378788520958,204.54665115195525,24834141
2010-12-03,205.9594268798828,209.6654170270388,204.3418823559,207.61790684612248,19641270
2010-12-06,208.8771209716797,210.89391920393453,207.4131493630348,207.99668781751603,17790259
2010-12-07,211.04750061035156,212.88002805059344,208.84643116079636,208.84643116079636,22397973
2010-12-08,208.95904541015625,210.43325448076064,207.03438242898432,209.8497159530496,16997335
2010-12-09,201.5777587890625,211.68223924021717,200.4004308107733,209.77805085321845,31716183
2010-12-10,209.6449432373047,210.89393210626264,200.52326921986747,202.04867825150484,26529301
2010-12-13,213.2997589111328,214.169954834369,206.79889634853495,209.67565333320744,16834458
2010-12-14,216.0639190673828,217.0364878251306,213.35095835664296,213.55571758707453,20081132
2010-12-15,215.78750610351562,217.85550469357133,212.12246473668978,215.8079806604504,21436026
2010-12-16,216.3915252685547,217.0365011659423,212.95170393156022,216.5655726753091,15530788
2010-12-20,216.37103271484375,218.67448858265243,213.8833058447815,213.9652040680053,15858100
2010-12-21,219.72898864746094,220.0873070959781,216.67819736516694,217.0160412547934,16089753
2010-12-22,216.2277374267578,220.10777557277038,214.65115543194875,219.65732162169218,15132141
2010-12-23,216.9136505126953,217.99882937997359,215.09136025048133,216.5860439296207,14589936
2010-12-24,216.9750518798828,217.95785786014838,214.98896536425974,215.6032156849439,9452996
2010-12-27,216.0639190673828,218.8383034468737,215.2244349252623,216.68840670094656,5782048
2010-12-28,214.55899047851562,216.97505636898293,213.40213708810694,216.27889414560065,8857349
2010-12-29,214.70230102539062,216.01271351294253,214.23137260548344,214.64087736208884,11184510
2010-12-30,215.23468017578125,216.16629985553595,214.2211622679916,215.48038852781468,14561753
2010-12-31,216.7703094482422,218.36737954080013,215.64418149512332,216.6372248298385,9973432
2011-01-03,216.13558959960938,218.3673846695153,215.52133921692953,218.06025264421106,10411256
2011-01-04,220.5377197265625,221.11102093598458,216.48364848257395,217.03647513694264,22021878
2011-01-05,220.27154541015625,223.17901416797392,219.08398024077786,221.13149037041242,25943243
2011-01-06,222.27810668945312,223.46565819228732,220.01560006617487,220.72198586790904,21763180
2011-01-07,218.14212036132812,222.7183199254385,216.62696233974756,221.3976701696566,17875107
2011-01-10,211.60035705566406,219.17616255510947,209.0921552442863,218.14216999212903,18478415
2011-01-11,207.56671142578125,214.7227731379617,204.46473445675636,212.9414322507603,21147094
2011-01-12,211.0577392578125,212.0507825696503,205.36564861746123,208.97951713121077,23195000
2011-01-13,207.89434814453125,212.76742943116616,207.0241521287903,210.89395277805502,24336418
2011-01-14,205.0585479736328,210.8530118951518,204.34191110871822,207.62817333889456,19111808
2011-01-17,204.32139587402344,206.38939415724457,203.1236071352008,205.3656254586192,14046519
2011-01-18,203.69696044921875,206.38944698337406,202.7039169951922,205.7444710346842,14871527
2011-01-19,200.68707275390625,205.77513622543103,199.6326058615085,204.66948294679327,23491557
2011-01-20,198.57814025878906,200.1649730234624,195.44545117737462,200.1649730234624,41343304
2011-01-21,202.04869079589844,203.2157678487209,199.22311999988503,199.63262479657325,19528676
2011-01-24,198.93643188476562,203.91188501174076,197.40079938477925,203.74808858547857,22242712
2011-01-25,196.2541961669922,201.66987987778572,195.7935050202275,200.06257266879962,20325555
2011-01-27,193.01913452148438,198.0764861904314,192.46630787897732,197.7898424258343,28105152
2011-01-28,186.93801879882812,193.6743387865094,184.68574939524967,193.4900677903687,33855702
2011-01-31,188.2279815673828,190.1833565112415,184.91100752447545,186.0883219351837,25332450
2011-02-01,183.35487365722656,189.94785800771035,181.93185109013316,189.41550591322047,37898873
2011-02-02,188.63746643066406,189.98881443987582,185.77094663112987,186.32377330179426,28465716
2011-02-03,193.2648468017578,194.0019581709399,187.34753596353283,190.00929664573871,17047728
2011-02-04,188.3712921142578,193.98148463477256,186.9687439841291,193.98148463477256,20715343
2011-02-07,190.22430419921875,192.2206282437416,187.22469949301703,189.53837918142196,14586353
2011-02-08,187.39874267578125,191.5859129416006,186.57973299186276,191.5859129416006,19685333
2011-02-09,187.20419311523438,191.89298903600266,185.02358475440403,185.99615341426542,38228022
2011-02-10,184.20457458496094,188.53506579175328,181.2254449535791,186.83563679637732,28347803
2011-02-11,186.31353759765625,187.3475300029194,181.82947319164057,184.266013675032,20012347
2011-02-14,187.30657958984375,188.01296542899345,183.06822355116242,185.52523857331224,30145949
2011-02-15,192.8143768310547,193.44911536496082,186.58993449613814,187.22467303004427,27266420
2011-02-16,193.3160400390625,194.6776390970712,192.07730199222067,192.11825110663338,11041551
2011-02-17,195.3225860595703,195.62970437218442,191.6984806273104,194.07359725115955,14091434
2011-02-18,191.55516052246094,197.17557604255433,190.82828650668785,195.75255351048085,15747939
2011-02-21,195.81399536132812,196.74560127431727,191.27874478576598,191.6677749955871,25629860
2011-02-22,201.6494140625,206.67605411760508,200.50279795058512,203.11338578470145,88922943
2011-02-23,203.8607177734375,205.22231669839033,201.68012297233432,201.96676674521237,31184499
2011-02-24,197.4212646484375,204.4647156651749,196.22346233397928,203.93234996902098,32903650
2011-02-25,197.84104919433594,201.11707394557965,195.44545771805548,200.79970464843845,15101417
2011-02-28,197.43153381347656,203.58431546226058,196.56133786350048,198.64979720910097,22487428
2011-03-01,202.46841430664062,203.25671204629688,198.03554993365822,199.36643707372846,12622459
2011-03-03,200.12399291992188,201.68011371583387,198.2198183694171,199.67355272607307,19518684
2011-03-04,201.10679626464844,203.68665823314254,200.26731227178524,201.60843647152024,15419957
2011-03-07,200.0523223876953,201.33202297173122,197.38032484448692,199.4483093978876,11821324
2011-03-08,201.6698760986328,203.19527139264704,200.24685357577522,200.24685357577522,12057689
2011-03-09,203.4921875,205.65230787031112,198.2198388836991,202.4377068423973,32473255
2011-03-10,201.62893676757812,203.31812857735545,201.06585916305832,203.2567049116829,9853822
2011-03-11,203.12362670898438,203.70716521920505,199.04906707951898,200.41066604865242,15000438
2011-03-14,208.5085906982422,208.99999371988838,203.16458112934856,203.307903024183,28811267
2011-03-15,212.37838745117188,214.90706346215873,202.4786525777512,204.3316545713813,56447390
2011-03-16,214.39517211914062,216.01271661435223,212.55240752192222,213.96519280192786,20605120
2011-03-17,211.06796264648438,214.74325458699695,210.48442416509084,212.79811720373368,12381790
2011-03-18,203.318115234375,211.91767388686935,202.00770278224238,211.91767388686935,40501886
2011-03-21,202.76531982421875,204.75140652806186,200.8816059055369,204.55689823625545,15546778
2011-03-22,204.67971801757812,205.7546594528839,203.14408544315174,203.32835643162926,9793572
2011-03-23,207.46434020996094,208.16048872594303,203.8914211316745,204.72066791888807,11419987
2011-03-24,206.86033630371094,209.2456903307608,205.53968648586755,208.00693873394445,11233928
2011-03-25,210.19778442382812,210.88369569265402,206.7988989087925,209.6449440962044,15392440
2011-03-28,210.01351928710938,212.1941279637137,207.67935143184584,210.12612935145947,19079527
2011-03-29,209.4095001220703,211.30345127576442,208.7645379224404,208.84643614868824,18101992
2011-03-30,211.40579223632812,212.42954724617994,209.68587507230436,210.38203722647634,12257428
2011-03-31,214.8046875,215.9922527367034,211.8153203543931,211.8153203543931,31502965
2011-04-01,212.20436096191406,218.24451921581806,211.09869389408408,214.7944607293647,18772571
2011-04-04,215.1220703125,215.9717917650108,210.68920570462436,212.94146164939653,13111730
2011-04-05,214.50778198242188,216.83169846563754,212.94142397520537,215.5008251584353,10756797
2011-04-06,213.93447875976562,215.85914155601267,212.9414355298675,213.9651905915402,9083271
2011-04-07,213.33045959472656,214.48729922746602,211.93814892389787,213.97542171135967,10163661
2011-04-08,209.6449432373047,215.17323714747383,208.97950652645574,213.3509470659176,11995738
2011-04-11,205.8365936279297,208.73382557156495,205.4987634233714,207.41318925425156,11296579
2011-04-13,209.2149658203125,209.66540600866645,204.0552278610657,205.13016928276355,19116564
2011-04-15,209.04090881347656,209.83944371917153,205.77512192286753,208.56998042487393,14174275
2011-04-18,206.62486267089844,213.90377199272123,204.87423354658986,208.6826101202245,14793743
2011-04-19,207.13673400878906,208.3242991670632,204.49544815312592,205.71371147505496,12022958
2011-04-20,210.054443359375,210.99630021205695,206.43035149956972,208.02740777101553,10315413
2011-04-21,213.06431579589844,213.80142720829645,210.8939580099258,211.87676411450377,14934401
2011-04-25,206.6658172607422,209.0511713212629,205.80585859203657,207.61791142939606,18138998
2011-04-26,204.98684692382812,206.59414041410074,204.24973564512476,206.59414041410074,17652410
2011-04-27,201.90536499023438,206.61464987783881,200.67686420872906,205.77516568745523,24710243
2011-04-28,199.10025024414062,203.31813169637368,198.6088472432944,203.1133861409909,35712321
2011-04-29,201.4241943359375,202.29439034135012,198.87504365842022,199.63262960071393,14936357
2011-05-02,197.53390502929688,202.04868118848051,196.8275191978463,201.45489174415678,13609544
2011-05-03,193.2648468017578,198.07650425413792,192.68130827411346,197.60557578714054,22028515
2011-05-04,194.0326690673828,195.89590836988103,192.4663245003555,193.4900796553248,11668233
2011-05-05,196.2989959716797,199.10932156980874,194.99715092384957,195.2761226462747,19582976
2011-05-06,197.3528594970703,198.3757327959106,196.12333690703576,196.92924293391866,12916462
2011-05-09,198.2310791015625,199.62591002703235,196.5986035709383,198.3757239430791,8012908
2011-05-10,196.46429443359375,199.18163391812874,195.59639777895134,198.23108306668067,8143376
2011-05-11,197.4355010986328,198.04508957028204,194.96613809535708,197.13587964695165,8197011
2011-05-12,195.37940979003906,197.29084306480576,194.44952258641797,196.61925019880712,9218985
2011-05-13,195.89605712890625,198.78903713744884,193.81931500238827,195.32779566188776,13906027
2011-05-16,195.27613830566406,196.59863321570097,194.56321817679245,196.30934348904626,7008149
2011-05-17,190.244384765625,195.6480545589951,189.5418103062013,195.41042374572098,17384039
2011-05-18,186.3595428466797,190.90566194485203,185.63630477757061,190.1100876541487,24814804
2011-05-19,189.18016052246094,190.52333241889392,186.95877411113884,187.71300734779746,18072585
2011-05-20,190.7713165283203,191.3085825887748,188.10564977475408,189.78977037658956,13873483
2011-05-23,187.91964721679688,190.52333688521247,186.6591432703914,189.9034166854378,14836682
2011-05-24,189.2318572998047,190.2960577393352,187.2171059485573,187.2171059485573,11107409
2011-05-25,187.2170867919922,188.89087559443965,186.1838817839494,188.89087559443965,13112272
2011-05-26,192.97203063964844,193.59195082169506,188.27093592341143,188.58090291147957,30001792
2011-05-27,195.3690948486328,196.9085706157672,193.023713090503,193.023713090503,15134521
2011-05-30,194.0052490234375,196.92922378770677,193.0546982409992,196.0923225176253,7564463
2011-05-31,196.6915740966797,197.52846149228654,193.6849316363065,195.27607983283278,14083332
2011-06-01,195.6480712890625,198.0967848171759,194.99715564642923,196.72261731020112,8042814
2011-06-02,196.52627563476562,197.28052273254588,193.5299783800347,193.5299783800347,9418728
2011-06-03,193.12705993652344,199.8222438706741,192.4864760334111,198.4790716146445,19110238
2011-06-06,193.77798461914062,194.40823673072006,191.79421471494766,193.13738693777162,6149800
2011-06-07,198.0140838623047,198.37570973428583,192.9100497363138,192.9100497363138,17612490
2011-06-08,196.14402770996094,197.53885889148205,195.0591636112536,197.39421402341276,14205061
2011-06-09,197.13589477539062,197.93145524361836,195.68940489468594,195.79272264457367,9152117
2011-06-10,195.1727752685547,197.5491523246356,192.6000945010526,197.3631803874997,11068775
2011-06-13,191.26724243164062,194.91446888199636,190.31669166787287,194.91446888199636,12923374
2011-06-14,188.32261657714844,192.5381046497757,188.0436586702936,191.20526437919563,18967099
2011-06-15,186.09088134765625,189.88275253645662,185.687928391149,188.45692642563324,20156715
2011-06-16,183.40452575683594,186.1838553867534,182.69161964411705,186.1838553867534,24969151
2011-06-17,179.51971435546875,184.59276778849213,178.78614451135917,184.17948298030547,22029696
2011-06-20,172.1839141845703,180.81119325604345,171.1197139375653,180.81119325604345,30300033
2011-06-21,175.3662109375,176.6783738504727,173.02082922115918,173.5580952742196,17413744
2011-06-22,174.77728271484375,177.32931386274666,172.3699102086721,176.33743589075013,20107599
2011-06-23,179.88131713867188,180.33592898976573,174.797932584457,174.93225944084415,20713868
2011-06-24,180.0673065185547,181.78243634888827,176.80236905236185,180.63556793896055,31670322
2011-06-27,180.09829711914062,182.21637991393462,178.09387764071982,179.09608737993022,14349371
2011-06-28,180.00531005859375,181.61710829257424,178.12487188857068,181.61710829257424,10219645
2011-06-29,182.9292755126953,183.49753688510015,180.21194994048508,180.95585147345966,12430639
2011-06-30,185.66726684570312,186.39050478526107,183.2908899687154,183.64218406203275,21744714
2011-07-01,178.11453247070312,187.42372315504088,177.02966858657896,187.42372315504088,28677893
2011-07-04,179.44735717773438,181.72041628553325,178.74476900164657,180.68721136219466,16499512
2011-07-05,174.80824279785156,179.63331861228696,174.4053036606605,179.63331861228696,33805768
2011-07-06,176.2444305419922,177.40163066873734,173.72340859250926,175.40754301306023,26877909
2011-07-07,179.9226531982422,180.79054984757607,176.73003830751102,177.29831349525708,20137982
2011-07-08,176.64736938476562,180.60454905546845,176.05844449113255,180.3979135819447,20937538
2011-07-11,176.32711791992188,177.70127166825702,175.0252728069753,176.47176277888494,9598807
2011-07-12,175.18023681640625,177.17432454762738,174.75662025159417,175.1285779419282,13066390
2011-07-13,178.83778381347656,179.7160122104854,175.87248184736234,176.27542104200046,17029770
2011-07-14,179.27174377441406,181.4104763536073,177.5772775156145,178.39351532033564,13312532
2011-07-15,180.4392547607422,181.01784792586085,178.74478856922525,179.30273197947008,10206245
2011-07-18,179.28208923339844,180.58392055744983,178.57950089887234,180.17063573609795,6582763
2011-07-19,181.73077392578125,182.13371314384608,178.95144373406492,179.26141077282205,9822813
2011-07-20,181.05917358398438,183.24957872734055,179.5300295904409,183.08425654284173,11180149
2011-07-21,177.88722229003906,181.00750068166877,177.20529764428298,181.00750068166877,7886175
2011-07-22,180.47024536132812,181.22449246700447,178.22818138681467,178.95143316985425,15303807
2011-07-25,182.43331909179688,184.3240887567866,181.66875408372525,184.3240887567866,21905216
2011-07-26,180.0879364013672,183.94179811753858,179.653988137398,183.54917694593885,20462017
2011-07-27,177.88722229003906,180.8111969832758,177.5359281935614,180.8111969832758,13675826
2011-07-28,173.0311737060547,176.67838682907762,172.2149358952476,176.67838682907762,31299376
2011-07-29,171.08876037597656,175.0769362293596,170.096882300585,173.57878734036387,21393442
2011-08-01,171.68798828125,173.16547336979906,169.72489601263112,173.16547336979906,14242019
2011-08-02,173.0208282470703,173.35144501995936,169.13597081289618,171.00606331682278,16570663
2011-08-03,170.48947143554688,172.79352618560088,170.08653221848772,170.84076557271595,14085375
2011-08-04,167.86514282226562,171.8533185114404,167.3898673559555,171.09908510708965,13737415
2011-08-05,163.65997314453125,165.209794521102,160.9736427603859,165.209794521102,26222826
2011-08-08,161.31459045410156,164.5691960156124,158.4939470144899,160.4983664656395,22242669
2011-08-09,158.14263916015625,160.97362792280208,155.6009538556406,155.6009538556406,32649029
2011-08-10,159.68215942382812,163.2467189099282,158.08069266834755,162.285836097821,17746463
2011-08-11,159.56846618652344,162.20313746886714,158.0806493810663,158.772892017889,10890149
2011-08-12,157.23342895507812,161.8002112695574,156.63417223413884,161.8002112695574,17222470
2011-08-16,156.87181091308594,159.58915053385712,155.95225533933728,157.04746488419607,11286937
2011-08-17,156.0142822265625,160.02312190202102,155.1877125099813,157.15080524129093,13545843
2011-08-18,153.16258239746094,157.04743956860173,152.29468583920817,156.57216419566237,17126872
2011-08-19,151.37513732910156,152.7079775477298,149.05041922546874,151.06517031725363,20399978
2011-08-22,156.4275360107422,157.01647480035243,149.93900169640062,151.05486103465407,15542731
2011-08-23,158.13229370117188,159.5271244143503,154.46440399680384,157.11975237648042,17536780
2011-08-24,157.3160858154297,159.01055205502018,156.2208901010164,157.87401544741206,12987792
2011-08-25,155.70428466796875,158.9072175533443,155.03269173187044,157.3780735327397,21214238
2011-08-26,148.65782165527344,156.2415656274866,147.1286774889681,155.18769693139055,19501819
2011-08-29,156.02459716796875,157.026806978694,150.50726352714196,151.07552497319026,18316877
2011-08-30,161.71755981445312,164.54854910909964,157.87402891720942,158.08067822444755,34217075
2011-09-02,166.43931579589844,168.14411392053555,163.13305109515736,164.63119991682098,34086257
2011-09-05,163.00906372070312,165.1064692341234,161.78987288142122,164.17658189059597,19981247
2011-09-06,169.75588989257812,170.58245940731706,160.45703113108323,161.84153024033913,31333473
2011-09-07,172.23556518554688,174.30197494486455,170.2104825178884,170.27247315537724,31438175
2011-09-08,176.1514434814453,177.50494731539496,168.3094059758174,172.2355906158515,35284258
2011-09-09,170.63412475585938,177.41196192822142,170.21050820832534,176.0894534132482,29564130
2011-09-12,166.6149444580078,169.95220425432922,164.33156706638667,167.45184579929352,18579499
2011-09-13,167.4311981201172,170.4274958402779,164.64153591413594,168.0407866810397,25400442
2011-09-14,170.56179809570312,171.46067624671176,166.38763716503638,168.1854210552358,20539026
2011-09-15,172.81414794921875,173.28942326902427,168.11306740674314,172.13223718344932,20407052
2011-09-16,170.61346435546875,175.64517655818042,169.65258172345187,175.64517655818042,26810791
2011-09-19,169.76625061035156,171.33672192083472,168.536727902702,170.47915693764241,12796090
2011-09-20,176.01712036132812,176.4614004309782,168.68135401631284,170.06585309451415,18437927
2011-09-21,173.08282470703125,175.83114569446138,171.98762902185916,175.83114569446138,17030216
2011-09-22,162.49244689941406,171.07839951317035,161.18027019986667,170.26216176699876,27298045
2011-09-23,159.2378387451172,163.783957234641,157.8946667462083,159.91976341559112,38513013
2011-09-26,156.8821258544922,159.25850284726485,154.47475353968926,158.94854962696243,27202137
2011-09-27,164.73451232910156,165.45775032026256,159.52714637519614,159.94043113904146,22046959
2011-09-28,164.73451232910156,166.6149366237566,163.0607097252325,165.2614466096293,25034598
2011-09-29,166.9042205810547,167.94775724584863,162.0998081785166,163.34999409811587,31511671
2011-09-30,167.03854370117188,170.04517260039205,163.76328868682583,166.03633406809848,34944185
2011-10-03,162.87469482421875,165.29239832997183,162.02746197153144,163.4946149094128,21109422
2011-10-04,159.44448852539062,163.41200009679017,158.13231184423415,162.00683744957104,26251892
2011-10-05,158.4939422607422,160.7463242350304,157.4090645767165,159.6407967964911,20734666
2011-10-07,165.91238403320312,166.9662527330624,162.19283446278885,162.56479217864887,19911027
2011-10-10,171.35736083984375,171.69832318775718,166.18100394544908,166.1913357198073,14846381
2011-10-11,170.89239501953125,173.86802841304709,169.96250785979637,172.54553387865525,15716423
2011-10-12,175.57286071777344,176.03780438921535,170.69612495220554,171.3883676747962,17269967
2011-10-13,175.00460815429688,177.29833130245484,174.01273011089228,175.64519203405192,18353721
2011-10-14,179.13742065429688,179.71602764858645,173.88872716390068,173.99205870908312,17871109
2011-10-17,172.297607421875,179.54038931552367,171.75000949930924,179.1580998091005,22052401
2011-10-18,169.4252471923828,170.768419109103,167.65847256864362,170.47911566143915,18299531
2011-10-19,174.19866943359375,174.61195417326195,170.2931486451602,170.582452101155,11872557
2011-10-20,173.31011962890625,173.76473149019355,169.8592104692793,172.51455921722183,9971735
2011-10-21,172.7005157470703,175.47984553812043,171.73963323894444,173.57874406853418,10342733
2011-10-24,174.92190551757812,176.47171280702784,174.3123033392415,175.23185869901462,9081569
2011-10-25,181.00750732421875,182.04071231027842,174.02303499729175,176.67836988029242,22735907
2011-10-28,185.9772491455078,186.8038187435327,182.69166189183886,185.91525849476977,24528852
2011-10-31,181.33816528320312,185.83261178983577,180.30496014104108,185.56398562580193,15872042
2011-11-01,177.83555603027344,181.53442738382842,177.21562205188283,179.88130229432934,16384499
2011-11-02,180.1499481201172,182.04071799362748,176.67837539622803,176.67837539622803,13751121
2011-11-03,183.0635986328125,183.77651867658707,178.33152166481685,179.31306785127796,16042287
2011-11-04,181.83409118652344,187.0104620935664,180.32561068425434,187.0104620935664,18251373
2011-11-08,182.60899353027344,182.87761966264068,179.46803757780256,181.6377791558402,10120202
2011-11-09,178.73446655273438,184.45843545770774,177.94923785509363,183.9211693611876,11664515
2011-11-11,182.94993591308594,183.6628559054312,175.6658283504861,177.50493929411218,21739364
2011-11-14,181.16249084472656,185.150679899491,180.39792574704003,184.2001290690008,15996247
2011-11-15,178.01121520996094,181.4311290536325,176.93668309717597,179.98463927285545,9897941
2011-11-16,175.25254821777344,177.52560752229894,173.03116157856795,177.52560752229894,13313254
2011-11-17,167.36917114257812,175.3661983053514,166.60459231786064,174.62228302756733,24227745
2011-11-18,166.9868621826172,167.78243623460438,162.62673014325048,165.37506432821672,21690327
2011-11-21,162.49244689941406,165.3131040073924,161.49023721851066,165.3131040073924,17715656
2011-11-22,164.32125854492188,166.2326923167643,162.54413786357176,162.85410494341698,19171804
2011-11-23,159.81642150878906,163.22600325758583,156.17954074731443,163.22600325758583,23710270
2011-11-24,159.76478576660156,160.7669955102842,155.63196549428346,160.14707522825486,27857321
2011-11-25,155.76626586914062,159.3721515386806,155.18767273347203,159.05186654602144,16185464
2011-11-28,161.96551513671875,162.37879990329316,157.57438690726391,158.08065764264705,11033484
2011-11-29,158.08065795898438,161.5935577907597,156.87179897977836,161.5935577907597,21013969
2011-11-30,160.8186492919922,161.86219989591874,155.6216287917602,156.36553034782156,19988986
2011-12-01,165.10647583007812,167.53451203648967,164.3212471001044,165.10647583007812,20626920
2011-12-02,167.8031463623047,168.41273488879798,162.53378931331483,164.69318549090104,19598467
2011-12-05,166.70790100097656,167.83409174269616,164.9721081200801,167.03851770660393,13827937
2011-12-07,167.33819580078125,169.3426152689942,165.97436015807475,166.7596026234762,15373615
2011-12-08,160.94264221191406,166.90424153094216,159.54781129473398,165.72639166883872,19435800
2011-12-09,156.1588897705078,159.093196389445,155.53896952830598,159.093196389445,22070197
2011-12-12,150.33163452148438,157.46076705112063,149.60838259521555,157.16113174553604,22298377
2011-12-13,153.38987731933594,154.154456122649,148.9884177989212,149.58767443730488,22873371
2011-12-14,153.30722045898438,155.78691494876247,151.55076387310058,152.50131457702295,23206895
2011-12-15,155.0120086669922,155.91090053075456,149.5050217723996,151.240814860229,28922246
2011-12-16,149.16407775878906,174.5293153659323,147.965564322804,154.77439686854675,25499308
2011-12-19,151.9434051513672,152.89395598109857,147.77957593558727,148.6164772473074,20623197
2011-12-20,147.4282989501953,153.26591712769493,146.55007052110233,153.26591712769493,24282464
2011-12-21,154.56773376464844,155.7559152138197,149.33970504129903,150.22826508204594,19963870
2011-12-22,155.9212646484375,157.1094602046814,151.46814529308796,153.1936069655656,19571514
2011-12-23,154.2371368408203,159.0622136856387,153.4105672562511,157.0474623930819,15360163
2011-12-26,157.2540740966797,158.0393164626077,154.0614595601006,154.3714265559332,10396517
2011-12-27,155.6112823486328,158.84521021801086,154.02013405359835,158.2872806550351,13449406
2011-12-28,152.71829223632812,156.73746219632886,151.95371346321596,156.57215383201884,12376536
2011-12-29,147.10800170898438,152.70798913030058,146.13678729816576,151.60244785417473,23840441
2011-12-30,143.192138671875,148.89544343920625,142.37590093908997,147.33530418560323,29146195
2012-01-02,146.00245666503906,146.66370396096124,141.9936182074613,143.98770566278407,18808107
2012-01-03,149.74273681640625,150.2076668329035,146.78775170843838,147.18037307202127,20489219
2012-01-04,147.98623657226562,151.04452478342182,147.40764336935666,150.31095495315128,18541902
2012-01-05,144.545654296875,149.80467942005382,143.42978123302342,147.74858725854241,28959200
2012-01-06,148.27552795410156,149.6083683467666,143.9567355366949,144.0393897388895,20575210
2012-01-09,145.9404754638672,147.63492780418164,145.1552330414709,147.63492780418164,18386646
2012-01-10,152.12937927246094,152.70798623336552,147.12866246730923,147.12866246730923,19720278
2012-01-11,154.61941528320312,155.600961422106,151.15816056740672,152.4806690495984,21183286
2012-01-12,152.27401733398438,155.59061306311227,151.38545725775825,154.4644084111096,14225123
2012-01-13,151.22015380859375,155.17733339382102,150.45557498489012,153.32789076937013,20530513
2012-01-16,147.324951171875,150.83785037804756,146.92199825056713,150.83785037804756,17794345
2012-01-17,153.33822631835938,153.82383347669816,147.95522048180328,147.95522048180328,22738488
2012-01-18,161.12864685058594,162.8127815849624,156.64453173335835,157.46076965947296,40461227
2012-01-19,162.3478240966797,164.4762250371945,161.6142404441533,163.04006685289684,23989114
2012-01-20,163.79429626464844,165.3131084884004,159.53748105191545,163.24668463157914,31725274
2012-01-23,159.43414306640625,161.12859524037756,156.05555669749415,156.07622024373444,28250482
2012-01-24,161.95518493652344,163.57731490155982,159.1965184038381,160.06441504267073,22291662
2012-01-25,163.4429931640625,164.27989443526266,161.7588588477978,162.9780495460725,16786908
2012-01-27,169.528564453125,171.07838562645244,165.10644132830086,165.31309058865313,24347771
2012-01-30,164.22821044921875,169.20827684352312,163.70127622437138,168.18540371328467,21126187
2012-01-31,168.8466796875,169.61125861888894,165.60240580768914,166.24300344017996,27405612
2012-02-01,171.7603302001953,172.33892341348005,168.61938773145383,169.218644495424,16522676
2012-02-02,171.35736083984375,174.13669090675992,170.30349226711996,172.545556273316,21445055
2012-02-03,173.2274627685547,173.57875688189029,168.547031162415,171.5123468864403,19989261
2012-02-06,172.1322784423828,175.54186067666055,170.29316735612755,174.797945304702,17430906
2012-02-07,174.51898193359375,176.20310255152336,172.39056742605078,173.99204764245678,21068816
2012-02-08,177.3809814453125,178.6828127261631,174.6119828900083,175.02526769764546,15957543
2012-02-09,176.44073486328125,177.69090707302638,174.11601680314345,177.03999153382398,18851741
2012-02-10,174.2503204345703,177.50492554268635,173.16545666322818,175.71747360740233,14952871
2012-02-13,175.49020385742188,177.4636280388524,173.78540582327736,173.8060693730686,15284147
2012-02-14,175.41787719726562,176.9676847764601,174.19868640674733,175.00459241732875,13711512
2012-02-15,172.88650512695312,176.8333670854696,172.14260357777798,176.51306828571722,31421021
2012-02-16,167.8858184814453,171.71901781483223,166.28435178380363,171.71901781483223,27747347
2012-02-17,169.07398986816406,170.76845624104493,167.42086439172996,169.86956417666215,35922700
2012-02-21,174.3123321533203,175.38687807552472,168.43338697787433,168.92932594424124,36457910
2012-02-22,172.21495056152344,177.1743409103559,171.53303956134394,175.23191187422208,25146771
2012-02-23,173.49609375,175.62449428035993,170.80974985905212,171.92560899204761,19105924
2012-02-24,169.43560791015625,173.93006802257537,168.3094168353209,172.2356017286766,18746068
2012-02-27,161.4799041748047,170.60312276681714,158.15297636545503,169.81788034927445,27772012
2012-02-28,164.58987426757812,165.38544857197553,162.7714265970085,163.0503983305522,23140014
2012-02-29,169.6009063720703,171.07839138787344,166.17066095796477,166.35663288386394,27846970
2012-03-01,167.5758056640625,169.17728571870617,165.54039112627098,167.75145960609328,12960682
2012-03-02,168.2267608642578,169.03265310820717,166.501299263195,168.67104098327124,12687228
2012-03-05,164.79653930664062,168.20612211744867,164.1249462445442,167.80316903900965,13074509
2012-03-06,160.46737670898438,167.17289178227753,159.94044239138506,164.69318302474974,35129404
2012-03-07,157.4193878173828,160.6636613311044,155.1876695126799,160.46735763000035,28202989
2012-03-09,159.8990936279297,161.09760695034066,158.94854287122158,160.20904683505827,17249418
2012-03-12,165.01344299316406,165.93299833724868,161.1182543935218,163.24665471276282,15041933
2012-03-13,169.43560791015625,169.84889270852406,165.99503024091655,166.02602556623722,16117008
2012-03-14,168.30941772460938,171.5123645833139,166.6976194171418,171.09907978276246,17623820
2012-03-15,164.62088012695312,169.6939339743501,163.9493008801022,169.0326727096017,20258209
2012-03-16,159.59945678710938,164.8378176696275,158.5662518522769,161.18025950975766,25168501
2012-03-19,156.034912109375,161.80020773996577,155.20834257115726,161.3869229708569,15978638
2012-03-20,157.16111755371094,158.36996285495994,155.04304843564756,156.24156196157125,10455362
2012-03-21,158.71090698242188,159.8370979515519,156.03490851044816,157.04744996406967,14211666
2012-03-22,152.16038513183594,159.4134975959412,151.26149318028013,158.26662926729463,29243875
2012-03-23,153.7515106201172,154.87770153917842,152.5219881701876,153.69985175172818,26956646
2012-03-26,150.8688507080078,153.72050277529613,150.22826699808277,153.72050277529613,23135333
2012-03-27,151.06520080566406,152.66668126365465,149.8356918722359,152.50135905339428,27194700
2012-03-28,149.9596405029297,152.067377526082,148.88510844383597,150.8482006343654,18072694
2012-03-29,149.74273681640625,150.78627399718158,148.36856894091432,148.36856894091432,23976904
2012-03-30,155.10504150390625,155.60098052134074,150.24896908442406,150.74490810185858,17276879
2012-04-02,153.0282745361328,155.15668910204408,152.71832129407665,154.84672206589613,11220694
2012-04-03,155.5389862060547,157.6467235319987,153.79286101361606,153.79286101361606,17515593
2012-04-04,154.36114501953125,156.42755554669088,153.62757507590928,153.94786015528044,11813695
2012-04-09,153.35888671875,154.56774559998183,151.69542980372069,152.9249384378532,11411688
2012-04-10,153.46217346191406,154.36106516266207,152.52195467553048,154.1544297344843,8370104
2012-04-11,150.9102020263672,152.70798596481373,150.08363247860694,152.70798596481373,16304095
2012-04-12,153.59649658203125,154.0717856862429,151.53008698813412,151.53008698813412,11779103
2012-04-13,155.30136108398438,157.46077135141277,152.3980491115482,154.1648380763447,14214624
2012-04-16,154.5884246826172,155.69395214590693,152.08805248091087,154.38177539785153,10518035
2012-04-17,154.2371368408203,155.97291641550513,152.9869506890117,155.97291641550513,13893966
2012-04-18,154.69174194335938,156.38619434385384,153.47255116992665,154.98103162939697,14998238
2012-04-19,153.25558471679688,155.786938453485,152.6046553315831,155.786938453485,18399192
2012-04-20,151.0238494873047,153.12126865160096,150.43492455504162,152.92495114478575,14922257
2012-04-23,152.15005493164062,154.10281546932964,149.64968276264645,149.99064511188953,22106609
2012-04-24,151.90208435058594,153.01794361640674,149.5463707273373,152.70799037261864,16664900
2012-04-25,152.15005493164062,153.51387674043033,150.44525697951653,151.69544306401363,13586437
2012-04-26,153.95814514160156,154.7743828452811,151.59210001356448,152.31535175471882,15180399
2012-04-27,153.32791137695312,154.39211177382504,152.1913885561898,153.18326652917028,12501799
2012-04-30,153.96849060058594,154.54708376848308,152.39801948941047,152.39801948941047,12147744
2012-05-02,153.64822387695312,155.27035405385212,152.91464020967138,154.54710216233227,12520177
2012-05-03,152.677001953125,153.8341883704518,151.91242299568563,152.60466573221117,8299657
2012-05-04,150.11463928222656,152.91463314897527,149.19508369369012,151.55079742909788,16529947
2012-05-07,147.8932342529297,149.19506536709312,145.70282919114115,147.7485756226187,20084811
2012-05-08,146.3744354248047,148.5544951170864,144.44233833148942,148.36852316786155,16997816
2012-05-09,143.6363983154297,146.3640690233058,142.7994971537263,145.06222430444373,16058311
2012-05-10,143.4401397705078,146.38477862766774,142.69622432734863,144.08072366193872,14838445
2012-05-11,144.0703582763672,145.2688715735228,142.23124744313088,143.20246172651522,13310297
2012-05-14,140.78477478027344,145.2275620050984,140.21651338318176,144.23568405531506,17853868
2012-05-15,140.8571014404297,142.169278236384,139.2969620466149,140.3095035760625,16170682
2012-05-16,139.7102508544922,141.0947501146336,139.07998497862295,139.48293800582508,13569502
2012-05-17,141.58033752441406,142.55155184619022,140.0615253991799,140.5677961075913,15576334
2012-05-18,142.2829132080078,143.9050430853797,139.4829197289921,139.87554092954002,10341793
2012-05-21,143.71908569335938,144.7936178710614,141.75599328614115,141.85931103513326,10211280
2012-05-22,142.80984497070312,145.5995066270694,142.3242378139619,145.5995066270694,12853294
2012-05-23,141.931640625,142.57223828927638,140.4231600312818,141.59069203611284,11301566
2012-05-24,143.677734375,144.64894863999902,141.77663293763257,143.40909447881126,10498664
2012-05-25,142.83050537109375,143.67773838182822,142.2829075843771,143.61574774115348,13496281
2012-05-28,144.9899444580078,145.2689023977366,142.99585660135284,142.99585660135284,11265492
2012-05-29,145.03126525878906,146.6740588814268,144.1427050122961,145.1035876844653,15024360
2012-05-30,145.9404754638672,146.43641441640935,143.64675263557564,144.57663989585353,15403723
2012-05-31,147.7324981689453,152.6422587242454,142.86462468841867,145.93191300707136,39482174
2012-06-01,143.47177124023438,148.53855494873352,141.96429805482143,148.09887352261325,17921568
2012-06-04,145.0420684814453,145.93189969476705,140.99073476638432,141.74446444586079,14269847
2012-06-05,147.0939178466797,147.81625673958754,145.53410301774,145.7225319586719,13284608
2012-06-06,149.88902282714844,150.32870430836405,146.24595169031426,147.49171821648082,23252900
2012-06-07,151.00917053222656,153.23898297333886,149.96231508686301,150.96729743251882,27944820
2012-06-08,152.77833557128906,153.23895355598418,149.13526478539748,150.3286898269708,12717493
2012-06-11,151.21853637695312,154.18115602240331,150.34965557969332,153.40647572336658,9954345
2012-06-12,151.36508178710938,152.00366043244534,149.57495115391686,149.70057043306502,11961991
2012-06-13,149.97274780273438,151.57443541579485,149.15619459937096,151.21850017633753,9950023
2012-06-14,149.9832305908203,150.91493488124928,148.87356565160516,149.90995267661424,7479627
2012-06-15,152.16070556640625,152.79929827635544,150.4333983103339,150.4333983103339,9936719
2012-06-18,150.51715087890625,153.7833505608621,149.07248697884265,152.91445577052636,10034412
2012-06-19,154.40093994140625,154.80921650899683,150.11929108198646,150.11929108198646,7804051
2012-06-20,154.39053344726562,155.55254000924447,153.4692972277557,154.51615275637985,10313366
2012-06-21,150.47528076171875,153.6786708562716,148.7374911465927,153.6786708562716,22609240
2012-06-22,148.8631134033203,149.67965279727892,147.30329856116302,149.39700938348597,19130296
2012-06-25,149.9518280029297,151.36508686980076,149.0724650666988,149.53308308204197,11114641
2012-06-26,151.48023986816406,151.898984794549,149.58542641384724,150.22400508900924,16084241
2012-06-27,151.27088928222656,152.75742623022458,150.3287165992089,152.08742869152968,7708056
2012-06-28,150.7265167236328,152.38054597712542,150.0460509475984,151.6686753784741,11903391
2012-06-29,154.48472595214844,155.12331863530534,151.8152461315499,151.8152461315499,16771028
2012-07-02,154.39053344726562,155.10239017524904,152.87259153312698,153.99272499206776,6831968
2012-07-03,154.17068481445312,155.48971538584297,153.1133471355222,154.92441457291378,10294922
2012-07-04,153.73098754882812,154.93486697461145,152.60037206246633,154.93486697461145,9347118
2012-07-05,154.66270446777344,155.43737075952757,153.27038202592118,153.87755592515214,7805552
2012-07-06,153.85662841796875,154.51614372862173,152.73649502447287,154.51614372862173,9259557
2012-07-09,153.21804809570312,153.63677909735057,152.02462281200243,152.6317967407264,7798797
2012-07-10,154.8720703125,155.35362491843952,153.0086615360817,153.14474910531789,5974354
2012-07-11,151.93038940429688,154.22301123430444,151.16617746884987,153.56348203622457,11937173
2012-07-12,150.99868774414062,152.79928676384995,150.1402613299691,151.1452435790316,10066480
2012-07-13,150.43341064453125,152.10837666438835,149.70060340211288,150.7474728879014,11373177
2012-07-16,150.8207244873047,151.61632726790148,149.71104554183182,150.74744657112254,7307313
2012-07-17,150.6113739013672,152.411973235125,150.18216061942093,151.75245788675377,11396875
2012-07-18,149.8681182861328,151.13480765433985,149.1143744498361,150.32873641357264,8552746
2012-07-19,152.38052368164062,152.8202051102796,150.3286863322134,150.78930430620034,11681226
2012-07-20,151.30230712890625,152.60040126622462,150.12981832344343,151.22902919912784,12406980
2012-07-23,150.53810119628906,151.96182867625086,149.34468976708257,149.7006111548206,10221032
2012-07-24,151.68963623046875,152.1816451516303,150.401996486509,150.95682903351556,8035118
2012-07-25,150.59043884277344,151.7001180119212,149.10390174301241,150.83122316366817,8748220
2012-07-26,148.6851348876953,150.93588374652347,147.95234170949598,150.93588374652347,14016845
2012-07-27,150.9568328857422,152.1711807599272,149.94138224008105,150.5380879019881,13466410
2012-07-30,152.75741577148438,153.21803380667473,151.13477738608626,151.3755616659133,6963876
2012-07-31,155.68862915039062,156.21205687294625,150.95682912120623,153.17617328685665,13479810
2012-08-01,156.34812927246094,157.21702395952585,154.64174472005635,154.98721173536737,14431906
2012-08-02,154.84066772460938,156.5261018815668,154.25443036463872,155.37456371104108,7974567
2012-08-03,155.46876525878906,156.60984903607974,152.9563096561158,153.88801398032246,10943814
2012-08-06,164.57643127441406,165.2778196073511,156.6203194289173,156.6203194289173,37384710
2012-08-07,164.09487915039062,166.6492079211933,162.8386443250939,164.57643373697096,19670296
2012-08-08,165.57093811035156,167.28777689784863,163.8436170729939,164.3670447256983,18370923
2012-08-09,163.34117126464844,166.74345893890612,162.60837793817942,165.1731755453265,12750067
2012-08-10,163.7494354248047,165.19409939008324,162.08493767139797,162.81773094149443,10678248
2012-08-13,165.01612854003906,165.4034547143117,163.20506106309972,163.20506106309972,6183560
2012-08-14,167.4029541015625,167.91591351817988,164.77533339639257,164.9637763099736,16508712
2012-08-16,170.8785400390625,172.07195140789267,167.30874625548054,167.9264024673922,21632112
2012-08-17,170.8680419921875,172.71050010231266,169.5175927486127,171.24489984741757,14330179
2012-08-21,170.48072814941406,172.5011612009789,170.07245143368635,170.84713176366566,11057384
2012-08-22,169.1302490234375,170.74240507641747,168.69056755874604,169.4233746586762,8748439
2012-08-23,166.3456268310547,169.88401557266485,164.97425486077572,169.70604092228893,16661033
2012-08-24,163.7494354248047,166.34563766152166,163.03757870595854,165.76986852580245,15117604
2012-08-27,164.84861755371094,166.70155807875062,164.04254642643292,164.5659741371464,9154343
2012-08-28,165.44532775878906,166.21999401796825,163.00615001356616,164.7439254419235,8774153
2012-08-29,163.7598876953125,166.9737458324779,163.3725475587028,165.6128282052102,8842299
2012-08-30,164.02159118652344,165.79077133612677,160.92288439776098,163.25737926874424,27245709
2012-08-31,160.4622802734375,164.23097086832144,159.68761399146013,163.30973476840163,14781765
2012-09-03,159.76089477539062,161.20555859756413,159.13278432376484,160.79728191229026,9790138
2012-09-04,163.22598266601562,163.55051313702316,159.58292547211596,159.94931506287662,8754970
2012-09-05,161.45680236816406,163.29927466014058,160.00167022471317,162.3152288646079,13179587
2012-09-06,160.83914184570312,162.17912281231517,159.95977889960355,160.4413334675787,5302686
2012-09-07,165.7698516845703,166.76436572059475,162.99568904406422,163.03756214231078,13821905
2012-09-10,165.8326416015625,168.1985412526756,165.2254677728932,167.49715296416102,8776096
2012-09-11,165.6128387451172,166.62828939880845,163.97974587426364,165.2987765107342,13658914
2012-09-12,167.099365234375,167.43436399818842,165.28829782172926,166.1362560177042,7772894
2012-09-13,167.31919860839844,169.2768218609709,166.30374802106772,167.0993648421315,11677889
2012-09-14,176.2384033203125,177.06541084433806,169.49663999704788,170.21896479351733,36312698
2012-09-17,182.93832397460938,184.58189910145813,177.56794500795735,177.56794500795735,42430663
2012-09-18,179.13824462890625,182.96974554872563,178.2379588946876,182.19507912956027,17296128
2012-09-20,174.30174255371094,177.60980108830958,173.41191128613607,176.01858146676835,15310116
2012-09-21,178.028564453125,178.94980063887925,174.1970638548447,174.4064433386992,35935601
2012-09-24,175.10781860351562,179.59883418925577,174.354088856765,177.9657414243506,14905003
2012-09-25,175.81968688964844,176.8770105617543,173.83065883883518,175.4532833075685,13838236
2012-09-26,176.86656188964844,177.90294912771867,174.58440792497038,175.45330275327925,16657879
2012-09-27,173.7469024658203,177.54699798488684,172.57442774913008,176.9607606265417,30420370
2012-09-28,175.28582763671875,177.52609474363894,174.6891079154014,175.24395453014733,14117613
2012-10-01,174.51112365722656,176.35359600302414,173.62129231001737,175.872041366115,8712229
2012-10-03,177.14915466308594,178.68804664295962,174.66810417144399,174.70997726190782,21902919
2012-10-04,178.57289123535156,179.82912594556842,177.7772884975803,178.08086841970817,12626615
2012-10-05,179.59884643554688,180.47820951366245,142.86463414880257,180.03852797460468,15714795
2012-10-08,171.55897521972656,178.91838188099769,170.8994599460607,178.91838188099769,20893020
2012-10-09,170.70054626464844,173.0873827113924,170.2399282143528,172.8361441255953,11601732
2012-10-10,170.8471221923828,172.16615276765617,169.04652302444163,169.80025278512142,9380939
2012-10-11,171.6741180419922,172.10333125482407,169.4443197616793,171.47522083483457,11857119
2012-10-12,171.4542694091797,173.02455231106276,170.8575638631507,171.43333286287455,10626525
2012-10-15,172.3231658935547,173.757361259935,171.4752078063786,171.4752078063786,11181159
2012-10-16,170.10386657714844,175.86158609536568,169.59090707661778,175.641738322946,22171959
2012-10-17,168.57540893554688,171.14020571678745,167.8216653225977,170.8575623441809,20915414
2012-10-18,169.86306762695312,170.8471133583017,166.86904335960813,169.01510946074117,26601633
2012-10-19,168.08343505859375,169.69559150809255,167.36109605453262,169.10935406975995,12648708
2012-10-22,170.76333618164062,171.04599353433935,165.75936182931548,166.49216890589275,14165351
2012-10-23,169.5803985595703,170.59584904366355,168.50213843435787,170.32365995581392,9493730
2012-10-25,169.6746368408203,171.4124263944081,169.00465326516093,169.61182719088367,18056661
2012-10-29,169.84214782714844,170.51213142099374,167.98920719838094,167.98920719838094,10986118
2012-10-30,168.17762756347656,169.9677584491699,167.3192010822161,169.59088658223425,9337388
2012-10-31,168.64874267578125,169.0360828835389,167.07845926803793,168.15671970277478,9422473
2012-11-01,168.9836883544922,169.33962362073137,165.1312519942547,166.45029635055326,18379112
2012-11-02,169.1616668701172,170.61679893216265,168.02059701455906,170.00962504419908,11547717
2012-11-05,168.78477478027344,169.37102602560276,167.88447534244546,168.2613471497764,5066549
2012-11-06,168.6382598876953,169.04653661336997,166.7120412675228,168.33466591826135,15450143
2012-11-07,167.6751251220703,168.60682946383798,167.07841952575106,167.91590940120525,10418019
2012-11-08,166.78530883789062,167.14124416333786,165.3511132374629,166.0315790634357,12414461
2012-11-09,164.91140747070312,168.22994798395447,164.35657500231088,166.10483257130124,10595311
2012-11-12,164.70208740234375,165.27785657631765,163.1003991962701,164.53459498121296,12661154
2012-11-15,164.27284240722656,165.1626736755015,162.6920910587347,165.1626736755015,15252390
2012-11-16,162.29428100585938,165.9582887846509,161.4253862950373,164.85907806521303,14357871
2012-11-19,162.11631774902344,162.94332537349234,159.40495091802072,162.31521495553693,20723808
2012-11-20,160.24244689941406,163.45629100618814,159.5829316342446,163.45629100618814,9434023
2012-11-21,161.46725463867188,162.0325693812085,159.3526074082705,160.4832089406765,8612899
2012-11-22,160.34713745117188,161.99071252141178,159.41543302922742,161.85461097091306,10486909
2012-11-23,162.0011749267578,162.43037418356954,160.37853646518033,160.37853646518033,7469469
2012-11-26,161.980224609375,163.19458638847888,161.4253920808395,162.2419454499553,4542818
2012-11-27,164.73348999023438,164.9847425948493,162.05354140691625,162.68165195394857,10808581
2012-11-29,167.1412353515625,168.33464658833847,163.86456762313807,164.56596996208035,19614256
2012-11-30,166.17813110351562,169.17214153542145,165.40345082053702,166.67015399234398,18244916
2012-12-03,168.33462524414062,168.96274958248515,165.35108355416824,166.45029415810484,10320168
2012-12-04,172.66864013671875,172.87801960410087,168.7533936434522,168.78479846710934,15279225
2012-12-05,174.32269287109375,175.26486558455076,171.81023696065347,173.41192498299628,13516432
2012-12-06,176.6885528564453,177.09682950215185,172.1033232441767,175.02405542923134,11534903
2012-12-07,174.7414093017578,177.90291172941582,173.87251465610578,176.0918445242455,13188809
2012-12-10,173.42239379882812,175.4428268085997,171.9463250733213,174.74143839704766,8177837
2012-12-11,171.69505310058594,175.52655318431619,170.53304673723622,174.19704046111096,16253418
2012-12-12,174.32269287109375,174.7833109527024,171.54851610632196,172.7314591475355,10123422
2012-12-13,174.6681365966797,176.08139559118607,173.8620654792806,174.32268353622345,11603084
2012-12-14,175.71499633789062,177.29576174065704,173.46426134681082,174.72048227756818,8950431
2012-12-17,174.64720153808594,176.79326772272657,173.98768625888815,174.7204794606263,7246381
2012-12-18,174.07142639160156,175.75687445664886,172.94082481627018,174.72047337353857,7996183
2012-12-19,175.76731872558594,176.51058007456763,174.6262350554795,174.86701930745875,8718992
2012-12-20,175.42189025878906,176.28031677396618,173.67363240297726,176.28031677396618,9577572
2012-12-21,172.7838134765625,174.7204862912751,172.14522074536168,174.4064380395388,9402708
2012-12-24,171.83116149902344,173.22346994530457,170.763355582438,172.8570803417223,5704037
2012-12-26,173.4119110107422,175.0135989040328,172.10333479719057,172.10333479719057,5823779
2012-12-27,171.20303344726562,174.19704371667453,170.65866921431254,173.84112239503898,16101867
2012-12-28,175.92434692382812,177.12822628282174,172.00910097432538,172.41737760149977,14550602
2012-12-31,175.77781677246094,177.92386897641225,175.2020337152858,175.93484089187163,9730755
2013-01-01,176.01861572265625,177.25391425864265,175.68361690374965,176.70954991313002,6831351
2013-01-02,177.53652954101562,179.22197766802813,176.4059279241179,176.70952186584722,13441898
2013-01-03,180.21646118164062,180.47816800402134,176.83511120215582,177.67258701010635,17266808
2013-01-04,180.44680786132812,181.02257698945,178.70903220147548,180.45727613681515,13306377
2013-01-07,179.3475799560547,182.3625266327565,178.3425977304874,181.25286167042876,15307180
2013-01-08,178.10183715820312,179.66166604882167,177.5260680530741,179.03354159201257,13973797
2013-01-09,178.5310516357422,180.02805690986983,177.68310737300928,178.46824198489793,17071824
2013-01-10,177.97621154785156,179.83962034940984,177.33763281494726,179.58836778032642,9239813
2013-01-11,175.85108947753906,178.59384723021097,175.08687749974447,178.48916448704298,8050294
2013-01-14,177.4527587890625,178.5938285227362,175.66262816306724,176.08137306821033,7060887
2013-01-15,177.3690185546875,178.3425959495042,175.45326858576863,177.15963910692412,10387846
2013-01-16,180.3421173095703,182.34161374648824,177.13872731468672,177.13872731468672,19551254
2013-01-17,186.34060668945312,187.08388216984417,180.00711859891257,180.49914150204876,22117537
2013-01-18,188.47621154785156,189.0519806722779,185.42984556633135,187.38746897518226,22754714
2013-01-21,192.61126708984375,199.94973684941422,192.21345869931108,196.41136238351922,43957346
2013-01-22,192.63223266601562,194.8620452580239,191.69005990616265,192.6217643903803,18664413
2013-01-23,193.2603302001953,194.4642237464087,191.8261346054725,193.06143297648262,11701950
2013-01-24,191.69004821777344,194.3700104750256,189.89991728793967,193.66860809755389,13438049
2013-01-25,190.98867797851562,192.06693835841676,189.50214085857027,191.83662231024516,14088477
2013-01-28,187.92132568359375,191.1875247656208,187.38742977254117,190.81065295301522,13400981
2013-01-29,184.84359741210938,188.85305847531535,184.26782832118184,187.3874580728022,15439403
2013-01-30,188.3086700439453,189.14615987400546,185.81715107703272,185.81715107703272,17641932
2013-01-31,185.63922119140625,188.0155895439785,184.89594569938055,187.7329321371842,16733589
2013-02-01,187.1781005859375,188.39244846861914,185.00062945044786,186.62326802089024,8152817
2013-02-04,185.64968872070312,188.64369927451014,185.10532443604143,187.60731208098736,13697044
2013-02-05,183.14768981933594,185.48217094190528,182.7812862349158,185.0843765102694,9708430
2013-02-06,183.33612060546875,184.85406235467283,182.32067001445867,184.34110292185676,9876509
2013-02-07,182.76036071777344,184.6656427001645,181.80771972657791,182.48817158757387,8542570
2013-02-08,180.80274963378906,182.99067519372466,179.43136356721396,182.1427308727863,9584217
2013-02-11,181.81817626953125,183.20003042898873,180.18508352271846,181.10630565268903,8329895
2013-02-12,183.2942352294922,184.32015402640585,181.14818317037697,181.86003977333053,9728703
2013-02-13,184.03750610351562,185.92183729192362,182.6765885982765,185.08436142252006,10533233
2013-02-14,179.23243713378906,184.96920511001227,178.1751134915381,184.24688021703247,12284945
2013-02-15,177.08641052246094,179.51512054927684,174.63676394266977,178.9916927485582,14390520
2013-02-18,177.4423065185547,178.92884337889367,176.54200698775304,177.54698926019816,5310071
2013-02-19,177.63072204589844,179.01257606029125,174.66811682300306,177.75635530272174,9677020
2013-02-20,183.1581268310547,184.0060708985111,179.3475637467035,179.6302210867437,14873246
2013-02-21,179.89195251464844,183.5768968303498,178.72994612999673,181.94379015573944,16214530
2013-02-22,180.60382080078125,182.57189824707447,179.64071163752405,179.74539437780552,9725304
2013-02-25,178.87652587890625,181.09585620325007,178.1751374399618,180.89695896758494,9878487
2013-02-26,172.41741943359375,177.90294960777553,171.42290529528026,177.90294960777553,13474915
2013-02-27,174.0504913330078,176.07092419243654,173.1815966073361,173.77831619929597,17709146
2013-02-28,170.39698791503906,175.77783538288872,168.7010713405104,175.2858124469745,27667849
2013-03-01,169.6746368408203,171.37055329445033,168.64871793918482,170.84712556864312,13906688
2013-03-04,170.13525390625,171.3182109020366,168.5230976384453,169.36058758529697,14948007
2013-03-05,173.01409912109375,174.7100014486546,171.49615745264097,171.49615745264097,13159371
2013-03-06,174.87753295898438,175.53704829626884,173.08740193106618,174.17613054308163,10778102
2013-03-07,175.1392364501953,176.18609193961717,172.53256600200817,174.0400395839359,10529882
2013-03-08,178.23793029785156,178.94978694527862,175.8720303622537,176.50014081308166,10131948
2013-03-11,176.814208984375,180.18509134541247,175.88250456314714,178.4054287023777,10569010
2013-03-12,177.51559448242188,178.9079169540663,176.6152949006768,178.07042702086136,8552523
2013-03-13,176.91888427734375,179.34759383986696,175.91390197397791,176.33264692976942,9401899
2013-03-14,180.06991577148438,180.78178637743252,174.87751194892553,176.70951585902634,14790357
2013-03-15,176.63623046875,182.02754567817345,175.51609712333814,181.053968178541,12793329
2013-03-18,174.67860412597656,176.60482254200403,173.94581093361887,174.82517394551567,8023328
2013-03-19,172.73146057128906,175.66266148701928,169.98870258560467,175.1601703007894,17970333
2013-03-20,172.2498779296875,173.73641469627165,170.2922548790849,173.65266850823872,20179135
2013-03-21,170.13525390625,174.36456276388242,168.4916928136635,172.73145596988815,16660114
2013-03-22,169.71649169921875,171.8939625446581,168.40792951351588,169.23493712512803,11876985
2013-03-25,169.43385314941406,172.38599032155298,167.9682528375082,171.81022126622102,14058667
2013-03-26,164.01112365722656,168.5440118879968,163.30972137723296,168.02058423455372,19465627
2013-03-28,161.82321166992188,164.5555153794081,160.04354896476974,164.35660417250557,26513604
2013-04-01,163.04800415039062,165.570927794983,162.01161718307807,163.51909040610835,8326610
2013-04-02,166.2200164794922,166.76438078219695,162.95381668692792,163.35162513253334,11110756
2013-04-03,162.5874481201172,167.28783021912773,161.42542745919144,167.03659157438977,9321547
2013-04-04,160.70309448242188,162.88055186850266,160.0016920143196,161.73948179371388,11915658
2013-04-05,163.33067321777344,163.81222782213806,160.73447125454732,161.00664639212957,12989770
2013-04-08,165.27783203125,166.3142191857587,162.89099550291624,162.91193205244835,8878601
2013-04-09,162.67115783691406,166.5759360418117,161.44632778961588,165.84312887306893,13081885
2013-04-10,163.1841278076172,164.13676880273098,161.5510349487087,163.33068366030074,12190258
2013-04-11,161.4463348388672,164.37753568915463,159.9912026886959,164.14723363976142,11428531
2013-04-12,162.3361358642578,163.3934593917934,160.16914744409402,160.58789234116733,11349794
2013-04-15,166.1571807861328,167.48669349617873,161.85459444000008,161.85459444000008,16184406
2013-04-16,168.53355407714844,169.59087772321624,164.4403330810402,166.86904257527212,17774606
2013-04-17,161.99070739746094,169.50713820854227,161.0485347303828,168.72198966053233,32105722
2013-04-18,163.6447296142578,164.398459329419,161.77085263600424,162.5769376982513,13793320
2013-04-22,165.3511199951172,166.38750721255775,162.95381504644746,164.5659853636533,12790893
2013-04-23,168.27183532714844,168.71151682498754,164.5764366573036,165.71750651102042,12356228
2013-04-25,171.61131286621094,173.06644492757152,169.08838887016387,169.08838887016387,25921526
2013-04-26,165.90594482421875,172.73145573625735,165.34064400257574,170.21899987543563,20852076
2013-04-29,165.95828247070312,167.26684464791472,165.07891951914212,166.05249693487033,20968563
2013-04-30,165.02658081054688,166.79576103965258,162.71302238258772,166.16765062541194,17548959
2013-05-02,168.10435485839844,168.96278136630517,164.02161577281237,164.85909175425618,27236264
2013-05-03,167.6018524169922,170.82617875434812,166.42937773595418,168.12528011134853,12917135
2013-05-06,172.0196075439453,172.72099597402723,167.95780486678913,167.95780486678913,9358282
2013-05-07,173.39097595214844,175.01360040793514,171.61131340453224,171.99865353242137,16529868
2013-05-08,173.70506286621094,174.38552880422773,172.11384287916815,173.79929133282644,11858396
2013-05-09,171.28677368164062,174.12375973986644,170.63772672960994,173.44330796643106,8182539
2013-05-10,172.26168823242188,173.8615217831208,171.4670828767367,172.63251160903545,9081731
2013-05-13,170.15333557128906,174.92102482489284,169.263365024626,172.34646414099032,9087230
2013-05-14,169.12559509277344,171.42468275989742,168.5852589936204,169.63414754756008,8828077
2013-05-15,173.5436553955078,173.92507328696405,169.94140988601453,169.94140988601453,11255447
2013-05-16,178.13124084472656,178.7987116159195,172.80202679002812,172.90798643118703,15197535
2013-05-17,177.0399627685547,178.9894163558897,174.45482209902246,178.13122960072207,12484982
2013-05-20,176.11819458007812,181.17193547490504,175.60964212616423,177.4425555278446,13237846
2013-05-21,175.577880859375,177.9935088595704,174.87862645046945,176.1076224770127,10594235
2013-05-22,173.49069213867188,176.7221144819042,172.3782220490223,175.89572550764424,12579289
2013-05-23,166.2226104736328,172.90796862648415,165.30085646146998,171.9862146143213,12798137
2013-05-24,166.64642333984375,168.3945664584781,165.11017121319196,168.11910816890074,7975390
2013-05-27,175.51429748535156,176.46783513873956,169.72950427412096,170.10032761597728,18956469
2013-05-28,178.71395874023438,179.45560551832943,175.06933458353024,175.87454866061753,21734556
2013-05-29,179.66749572753906,180.0701027643182,176.6055859699426,178.09945992449124,25752389
2013-05-30,177.31544494628906,179.26489879644117,175.87455780436775,179.0530077887842,18225094
2013-05-31,170.85260009765625,177.09297469663963,169.96264364363984,176.74334035885528,17159386
2013-06-03,166.95367431640625,170.65127102788324,166.3921349149766,170.30163675688047,14165128
2013-06-04,165.32208251953125,169.4752737770576,165.09959695061107,167.52581983156983,14752690
2013-06-05,169.94139099121094,170.42875431362773,165.38559418714755,165.38559418714755,12748842
2013-06-06,167.82244873046875,170.3440222911735,166.99605970649318,169.51763326719794,17113393
2013-06-07,166.0425262451172,169.94143380675382,165.49159549987635,168.2886274261047,9420701
2013-06-10,167.26095581054688,168.56412811441888,165.70351426392656,167.18679394807862,11361378
2013-06-11,166.46630859375,167.7164936807024,164.2837607487592,166.02132338544945,13242164
2013-06-12,167.56817626953125,168.98788834063504,165.74585717155833,165.92597865840622,12774566
2013-06-13,167.35629272460938,168.01318316974505,165.39624422994953,165.9154055134942,9726275
2013-06-14,172.62191772460938,173.72377916429247,168.69122669416942,168.71241579320463,17575615
2013-06-17,174.9315948486328,175.4295528055277,171.86967111800203,172.8020197366468,11089648
2013-06-18,174.47601318359375,177.4637608923433,173.21521940887268,174.53958047804477,15658352
2013-06-19,176.23475646972656,176.56320164661417,172.67488885075645,174.1793573029074,17331546
2013-06-20,169.09381103515625,173.3105543368538,168.45812400445755,173.3105543368538,17422410
2013-06-21,168.00254821777344,171.71073915259115,166.0425001944639,169.49642196902923,20486223
2013-06-24,167.96017456054688,168.70180710957015,164.96183242871433,167.39863519330848,16311628
2013-06-25,170.3228302001953,173.7343741682706,168.45814704544082,169.45406299255296,19232377
2013-06-26,170.28045654296875,172.5795445802443,169.75071490664982,171.52006130760643,16661304
2013-06-27,175.87454223632812,177.34722704396611,172.56894379499494,173.01392901661242,25751492
2013-06-28,182.78237915039062,184.9861019260097,179.2648757167348,184.24445520484062,48133694
2013-07-01,187.67721557617188,188.16457904731055,181.30970679965986,182.65525715680792,20497553
2013-07-02,184.74240112304688,188.96975321060077,184.08552498173017,187.1262452216732,17779689
2013-07-03,180.29258728027344,182.94130958110617,179.80522384799255,182.33740610184915,12816463
2013-07-04,182.5810546875,184.47753539733174,179.55092902902408,180.7693303633726,13233510
2013-07-05,186.5435333251953,187.47588188001592,183.57697488528405,183.57697488528405,12756629
2013-07-08,183.7041473388672,185.08148135811476,181.8394639897319,184.35044321835576,14253091
2013-07-09,185.3675079345703,186.8507871367531,183.72529636238355,184.15968698919218,12922258
2013-07-10,181.38385009765625,186.43759125761224,177.78159039393773,185.25095937294415,22237458
2013-07-11,184.3610382080078,185.0496981468077,182.07254453757898,183.29094615505437,11368001
2013-07-12,188.57777404785156,189.85975705659993,184.26566481289083,185.25098627116608,14371976
2013-07-15,190.0398406982422,190.68612232461388,187.74075286748698,187.74075286748698,12913233
2013-07-16,190.83447265625,191.65026711808696,187.1156725976765,187.95267030358002,12974694
2013-07-17,193.8751983642578,194.50029095031127,191.34303022556873,191.34303022556873,23132227
2013-07-18,194.36256408691406,194.9346839304445,192.65678496137036,194.52148233652625,12303560
2013-07-19,195.72926330566406,196.6192194658042,193.47255389960407,194.74394207039853,14298611
2013-07-22,192.62498474121094,193.88577851445632,190.4848292508305,193.88577851445632,16958736
2013-07-23,192.73094177246094,196.00474225817052,192.24357837723386,193.26068336336647,12430954
2013-07-24,192.68853759765625,194.28837096596183,189.67960101973435,192.40248479439512,13788582
2013-07-25,188.74725341796875,193.29245609711631,185.92903283984003,191.96809512216143,15831296
2013-07-26,188.6201171875,191.49132462703443,187.6242013641498,189.05450780980266,9565406
2013-07-29,187.67721557617188,190.42128904331705,187.00974474534644,187.96328258648413,9151355
2013-07-30,181.66990661621094,189.0121411610282,180.9388685988545,187.96325253247218,11393034
2013-07-31,184.78480529785156,186.40581373078294,178.54443204837455,181.94538129427582,15795755
2013-08-01,180.1124725341797,187.07328944652073,179.0212056674816,185.44168642111848,11071339
2013-08-02,181.66990661621094,184.76359975749995,180.11246549669062,182.2314318515543,12821918
2013-08-05,182.55987548828125,184.96490878764857,181.33087953909154,182.23143033094652,12559130
2013-08-06,178.21600341796875,183.121421512812,175.90633494034472,181.9030199740573,12415511
2013-08-07,184.8695526123047,186.8613843076212,176.08641730766496,179.0529757536651,18794821
2013-08-08,183.4286651611328,184.8695662968429,181.62753520526383,183.78889398129172,11367214
2013-08-12,179.19068908691406,184.95429269500943,178.0888278515203,184.1384842435558,8728866
2013-08-13,180.72695922851562,182.22083301966828,176.93401180564896,178.62918202071077,11537003
2013-08-14,183.29090881347656,183.9266100143187,179.57212326969562,181.3838476457239,11260259
2013-08-16,175.1752471923828,183.71469321745377,173.15163197469633,183.29089715881454,27321905
2013-08-19,173.80853271484375,176.72211865404034,171.1174464568001,174.3912612186236,16150138
2013-08-20,174.88922119140625,176.04405537303424,170.58770680394352,171.86967557916157,11418893
2013-08-21,166.0425262451172,176.87046753967834,165.32206855485308,176.5102386945463,15711357
2013-08-22,170.81019592285156,171.3505321018604,164.0506893379341,165.79883247121535,22293762
2013-08-23,173.64962768554688,174.75148919101738,171.31875592787708,172.42063157827437,14332191
2013-08-26,174.30648803710938,176.18177982230503,171.29755119941964,174.28529893874222,9916035
2013-08-27,170.20626831054688,174.79383497922632,169.51760853355913,172.48416689507027,13094883
2013-08-28,172.01803588867188,173.44834268818968,161.86815913099875,168.47935689031584,25813146
2013-08-29,179.10592651367188,180.83289428484704,172.1663000772558,172.9079466701927,30837833
2013-08-30,180.92828369140625,182.23144156242543,175.51431333318467,178.79870852925944,21443760
2013-09-02,187.89971923828125,188.58837918474234,180.7905634823828,180.7905634823828,21052445
2013-09-03,176.08642578125,188.9485760318578,175.51430599047816,188.20692931220617,17326878
2013-09-04,179.9747314453125,183.1955590851347,176.51021504307775,176.6691332718742,13323596
2013-09-05,182.7717742919922,184.2974459624226,180.3455659360625,182.86713938008825,14254145
2013-09-06,183.92660522460938,185.09203382092957,178.31132491797302,184.3504012991597,15048312
2013-09-10,188.66246032714844,189.34053957765002,183.55574758047382,184.96486466785686,18493766
2013-09-11,188.111572265625,189.20283906676326,185.22977016238193,188.376450126882,14860857
2013-09-12,185.49464416503906,190.91920855685518,184.59407925839326,188.16454109475328,17979275
2013-09-13,184.98609924316406,187.25340342493877,183.72530549343196,183.9266160667955,9825959
2013-09-16,182.60226440429688,188.10099114197715,180.96006681105715,187.73016776772116,12050423
2013-09-17,181.8394317626953,183.07902225887878,180.6633944142194,181.45801386197542,10930099
2013-09-18,184.7636260986328,185.40992196204803,181.55339246203752,182.33741748047396,13704245
2013-09-19,188.7154998779297,189.8491591639459,186.58593874590068,188.17516368241377,18935509
2013-09-20,186.8719940185547,190.91922502849653,184.4563660428208,187.74076120993058,18362492
2013-09-23,185.2721710205078,186.68127434603358,183.29091960662348,184.78480761512338,8875005
2013-09-24,185.32513427734375,187.43350602803648,183.95839507343288,184.77418946040046,12352943
2013-09-25,179.9111785888672,185.38871624170918,178.45968288129257,184.85897462495956,17472523
2013-09-26,177.6226806640625,180.14425409037892,176.98699356913139,179.40262150378018,19874983
2013-09-27,177.97230529785156,181.06599835663695,177.35780733451674,178.41729048369393,12006474
2013-09-30,174.26412963867188,178.94706235910124,173.5648751681872,176.30893444311687,15922812
2013-10-01,174.0627899169922,175.85332506709554,173.26817054560257,175.09048933896761,9108666
2013-10-03,179.46620178222656,179.8794033745487,174.47602731441438,174.47602731441438,9108321
2013-10-04,181.04481506347656,182.16786554021675,177.5697039990016,178.11004013950586,9909849
2013-10-07,178.8516845703125,180.62101665428773,177.14590563419793,179.60391167986754,11265723
2013-10-08,179.0424041748047,181.1083979745821,177.8239885076755,180.0489147000771,12119312
2013-10-09,182.42213439941406,183.8524408267576,177.46374444259277,177.98289144407977,11954619
2013-10-10,182.23141479492188,182.82473776628348,179.699247125984,182.01952383723827,9371240
2013-10-11,182.94129943847656,183.9266207981353,181.02362946484772,183.2909195600213,9773103
2013-10-14,184.41400146484375,185.40991746685953,182.9095329116907,183.2909367163486,12156983
2013-10-15,183.88424682617188,190.42126767835768,183.07903278335527,190.1352007001417,23041721
2013-10-17,186.5435333251953,188.16454167520354,183.2167460925296,184.3504052131209,17613513
2013-10-18,191.90457153320312,192.40252956263205,186.8084511808391,186.8084511808391,22177371
2013-10-21,193.50436401367188,193.99172742407404,189.89152370511653,191.90454464222208,15143599
2013-10-22,191.5972900390625,193.02759663349428,190.1775779939615,192.27536948608352,10246173
2013-10-23,190.01864624023438,192.65675956060835,188.09038181946497,191.80918152949874,8945093
2013-10-24,187.42294311523438,193.03821041414582,186.75545815104633,189.02276265833967,11717100
2013-10-25,187.9526824951172,189.18167861483948,186.33167387094096,187.33818443525604,9945744
2013-10-28,188.74725341796875,191.73501505908942,188.1327554704,188.1645391153644,15374364
2013-10-29,190.02923583984375,191.54429868171627,187.2957716534621,188.3976329666559,14450634
2013-10-30,190.31532287597656,191.3218333606912,189.58427067617183,189.9656886002036,9614780
2013-10-31,193.82223510742188,194.5214895766685,189.85976011019451,190.70733828459984,19779731
2013-11-01,192.45547485351562,196.3331930282682,191.41718073988278,192.8474873196649,11890914
2013-11-05,192.76275634765625,195.30551922096947,191.41720598419954,191.41720598419954,10955587
2013-11-06,190.41067504882812,194.92408043502425,189.6372446463566,192.82630305670824,9619806
2013-11-07,187.71957397460938,191.93633196088524,186.9143740713225,190.49543080061957,9792601
2013-11-08,185.61122131347656,188.16457872100995,184.59411617068378,187.74078255402506,8755784
2013-11-11,183.05784606933594,186.91437525370964,182.27382111506788,185.19800165190557,8901228
2013-11-12,180.66339111328125,184.68943273251128,180.15483863658824,183.29090988537433,12169801
2013-11-13,178.92587280273438,182.5281189397121,178.43850934123537,180.09130163221707,8391536
2013-11-14,180.46209716796875,183.07902142741275,180.19721930494472,180.377340778177,8031378
2013-11-18,185.35694885253906,185.99263601941462,181.41566295704183,181.8288645662354,12073167
2013-11-19,186.11973571777344,187.507663990175,185.40988683146662,185.40988683146662,8434885
2013-11-20,182.76116943359375,187.10506168177315,181.59574079295345,185.3781078180998,13090661
2013-11-21,179.60391235351562,182.2314311898021,178.72453651016602,182.2102420921274,11465699
2013-11-22,178.78811645507812,181.47921691974858,177.8027950536291,180.3243827249065,7482129
2013-11-25,180.4727020263672,181.5639688971251,178.8516935442241,179.55094794487633,10078405
2013-11-26,178.2583770751953,181.55338105274086,177.47436625095528,180.21842535318467,13965988
2013-11-27,177.55911254882812,180.0065241196714,176.98699275154047,178.94704091803865,11421820
2013-11-28,179.67808532714844,181.46862077129046,178.65038573640592,178.65038573640592,12546701
2013-11-29,180.79052734375,181.48979584615316,179.8158005757954,180.31377265337255,9884161
2013-12-02,181.2355194091797,182.85654199766444,180.5998323196334,180.7481560067116,7221751
2013-12-03,182.63406372070312,183.39689963347772,180.25021917444136,181.17197334199105,9184625
2013-12-04,181.3944549560547,183.82067746166175,180.7905373582742,182.42215452431188,8761077
2013-12-05,184.5623016357422,185.83368992395214,183.93720911287832,184.7741926113147,12534404
2013-12-06,183.65115356445312,185.33574350464806,182.48572483652552,184.38220576546152,7301066
2013-12-09,186.24688720703125,188.16455721739797,185.6641728483679,186.9143721053458,12704841
2013-12-10,187.45472717285156,188.31291404585295,186.15155503773565,186.15155503773565,8718563
2013-12-11,187.02032470703125,187.51828268989556,184.88016907916702,186.99913560754453,4977570
2013-12-12,184.3927764892578,186.469364490305,183.92660222933662,186.04556842265626,5690033
2013-12-13,183.2273712158203,183.94782892155072,181.733497198119,183.71473467148726,8926111
2013-12-16,179.06356811523438,182.70819176483616,178.67155568106622,182.23142294380452,10046119
2013-12-17,177.82398986816406,180.72698141787956,177.30484277678622,179.83702507903644,10089421
2013-12-18,182.22085571289062,183.047258898548,177.823990180875,177.823990180875,12009855
2013-12-19,180.9706573486328,183.16378560747077,178.7775149448694,183.16378560747077,13450539
2013-12-20,189.67962646484375,190.28354408703555,182.67643109067745,184.77420850903505,20508621
2013-12-23,189.9127197265625,192.6144006082957,188.5883585873221,190.49543410145193,16191974
2013-12-24,190.29412841796875,191.7668131805975,189.66902172996473,189.96568325028488,7306775
2013-12-26,188.06918334960938,190.70729653850913,186.91434932238587,189.54186796323634,14619868
2013-12-27,186.2257080078125,189.41476654336373,185.8125205615614,188.29171596370017,7744563
2013-12-30,187.97384643554688,188.55656076663993,185.5900022220526,186.68126904236274,10315527
2013-12-31,189.69021606445312,190.33651186854013,187.97385662465712,188.16455851410362,5706010
2014-01-01,188.3341064453125,190.3365330874365,188.07982308611025,190.16700613299255,5849398
2014-01-02,185.409912109375,189.85975033947824,184.37161793684353,188.1009984891129,6023632
2014-01-03,183.13197326660156,185.0602374939524,181.1719253967069,184.68941418601804,12833897
2014-01-06,181.16136169433594,182.92011346090413,180.1124730219564,182.67642468165374,13315857
2014-01-07,178.43846130371094,182.22081377856372,178.0040707109558,181.08716890535104,17311470
2014-01-08,179.9111785888672,181.66991623009963,178.9258572014233,178.9258572014233,12726430
2014-01-09,180.26080322265625,180.9176935939766,179.06359081658002,180.20783047415077,8309185
2014-01-10,181.8394317626953,185.68535198143564,179.68866763733797,179.76282947874256,14839980
2014-01-13,186.5541229248047,187.10505357532475,183.9266042504188,183.97957699134147,12058586
2014-01-14,186.7872314453125,187.43351307902495,184.86956149724296,186.15153021567133,12075547
2014-01-15,187.62423706054688,189.64785273693593,186.68129379894097,187.4653188068808,12660424
2014-01-16,187.77255249023438,189.2876154290777,186.90377118406542,188.3128886331138,18038361
2014-01-17,187.4758758544922,190.05042177350566,186.52233823338733,188.40822437934688,15463211
2014-01-20,184.2974395751953,188.37645405108233,183.52400921754386,187.93146885344964,16576057
2014-01-21,182.87774658203125,185.11325320628717,182.65524688764717,184.91195675677793,9806364
2014-01-22,184.8695526123047,185.48405056949446,181.83942687538058,182.97307185337414,8517726
2014-01-23,183.46044921875,184.62587793107696,182.35858780219442,182.35858780219442,13767334
2014-01-24,183.85244750976562,185.33572673149175,182.4645192243436,182.65522109695178,11879019
2014-01-27,178.6609649658203,182.40095377580818,178.0676561001221,181.3838488217756,12345838
2014-01-28,179.02122497558594,181.3838804466551,178.56564516206402,179.47680478910786,11573795
2014-01-29,177.27304077148438,180.64220631408372,176.93401520890583,180.0700865323074,12374165
2014-01-30,174.81504821777344,176.69034008530025,174.22173929251932,176.17119300758716,14102043
2014-01-31,176.11819458007812,176.60555793778408,175.05871147983453,175.23881879760177,11038353
2014-02-03,173.9462890625,175.83216142214266,173.63903296352262,175.0693396671592,8227762
2014-02-04,174.08399963378906,175.16467192254606,172.304058820595,172.59012578876022,12362252
2014-02-05,173.17283630371094,174.073401239423,170.97970812761744,173.77673972880228,11298451
2014-02-06,172.87623596191406,174.6243794200498,171.24461842707282,173.75559789434587,10826505
2014-02-07,172.57952880859375,174.56076602504663,171.76372025655138,174.20053721889383,8459052
2014-02-10,174.1687774658203,174.94220792852792,171.8802838735637,172.74906528908886,10345205
2014-02-11,170.63009643554688,174.81505691438926,170.10035478183173,174.39127490735856,12609169
2014-02-12,173.3105926513672,174.15818497629567,171.0856804795889,171.21281508485,9828890
2014-02-13,171.0856475830078,173.52246443992738,170.58768966322262,173.52246443992738,8657303
2014-02-14,174.18995666503906,174.6031582486881,171.21280332673544,172.03920649403346,9218744
2014-02-17,172.12393188476562,174.17933073810752,171.0114760756762,173.25757678945962,9058505
2014-02-18,172.30404663085938,173.29996245708872,171.02207800162702,171.02207800162702,5741275
2014-02-19,172.11338806152344,173.75558588963366,171.63661912498463,172.27230632539377,6130140
2014-02-20,170.67250061035156,172.42065823510683,170.17454253138106,171.91210560434823,8041497
2014-02-21,171.9544219970703,172.90795960507972,170.70422290070894,171.02207348502006,6256274
2014-02-24,172.13455200195312,172.6854827144336,170.64067810515255,171.22339246576115,6800627
2014-02-25,171.75315856933594,172.90800705076975,171.11747137120605,172.54777817569413,7039336
2014-02-26,171.784912109375,173.08808407478628,171.26576506200144,171.84847940355232,13608048
2014-02-28,169.5070037841797,172.7702092985027,168.05550833533414,171.78488808669235,18949872
2014-03-03,170.2380828857422,170.95854058311116,168.9137216871467,169.53882843352096,11635479
2014-03-04,172.26168823242188,172.62191705955865,170.06855991102267,170.15331630683698,8997053
2014-03-05,171.00091552734375,173.3317730869813,170.60890303579242,172.8126259965246,11827655
2014-03-06,174.2747039794922,174.68790554160503,171.48826682613958,171.49886137529822,10172590
2014-03-07,184.22328186035156,185.1980087432872,174.81505277351556,174.81505277351556,33597187
2014-03-10,187.62423706054688,191.4807665089257,182.9519130984219,183.3121419516586,32869474
2014-03-11,185.35694885253906,188.12219722265036,184.79542353822416,187.52888825723804,12780183
2014-03-12,184.63648986816406,187.08390171047157,183.8524790015584,185.19801517861765,9431389
2014-03-13,186.37403869628906,189.59486661297436,185.3463391052149,185.40990640219772,17221827
2014-03-14,187.77255249023438,188.57775235760116,184.14910357984562,185.19799221866597,16540547
2014-03-18,189.955078125,192.57200233687064,188.48239344436618,188.48239344436618,19034847
2014-03-19,191.343017578125,192.8051077955089,189.70080588027704,190.7073163393143,16376397
2014-03-20,191.97869873046875,192.29654934003696,190.31531213072768,191.04635014433202,29711945
2014-03-21,187.69839477539062,193.5361615705167,186.9249784796682,192.19061128435237,22050970
2014-03-24,191.85157775878906,192.56142672512289,188.82145171128332,188.85323536000305,28815466
2014-03-25,186.32107543945312,186.9991407867345,184.8801741996694,186.25750813923236,31299573
2014-03-26,188.84263610839844,191.3324259207486,186.71306097256974,186.73425007118863,13811011
2014-03-27,190.86624145507812,191.74561729084502,189.03332794232244,189.61604226827674,55407935
2014-03-28,194.12945556640625,194.93466959507953,190.70731716193302,190.70731716193302,18667646
2014-03-31,197.22315979003906,199.14081559843132,193.50435992268453,194.15064155816563,18751896
2014-04-01,199.73414611816406,200.24269863537012,196.9159111022229,198.335623159616,15640608
2014-04-02,203.0397186279297,203.84493262717615,198.78059684777466,200.2426870180327,26780181
2014-04-03,201.86367797851562,204.04621142405207,199.2679430202505,202.74305374343518,26550895
2014-04-04,200.083740234375,201.9908154621727,199.5116204950205,201.72595176104744,12513877
2014-04-07,200.06259155273438,202.35108511737275,197.9860031367269,200.03080790217876,12905249
2014-04-09,203.87672424316406,204.8408565122163,200.69827460701362,201.3021780575926,13438946
2014-04-10,205.33883666992188,206.3665363454115,203.88734083481015,204.41708249810603,10649501
2014-04-11,202.0968017578125,205.7626292811232,201.42933095125142,203.9085264190985,11691621
2014-04-15,201.11146545410156,202.14977373032858,198.46275737883573,201.3021814882732,9264526
2014-04-16,199.45864868164062,203.20923186639416,198.78058345868516,200.56050997328973,12381278
2014-04-17,203.23043823242188,203.80255802305174,199.98840722561903,200.242690546413,7845800
2014-04-21,203.33639526367188,205.52952360972174,202.59474850210867,205.52952360972174,11817203
2014-04-22,205.06333923339844,209.51317714993408,202.5947385739042,203.4211416917363,19331824
2014-04-23,204.93621826171875,208.08288441613027,204.3217202295146,205.32823074852917,15288495
2014-04-24,204.93621826171875,204.93621826171875,204.93621826171875,204.93621826171875,0
2014-04-25,200.93133544921875,205.32820025964207,200.4545666349578,205.11630929549239,13252156
2014-04-28,200.24270629882812,202.57356384068635,199.46927587153382,201.2598113721657,16610579
2014-04-29,199.2467803955078,201.67300290983115,198.75941698278314,200.46518185485664,8396497
2014-04-30,198.2932586669922,203.42116239115845,196.8735465114755,200.00961822684184,14391181
2014-05-02,196.66160583496094,200.75122876021192,196.21663480884905,199.1831931858069,9070553
2014-05-05,200.6346893310547,203.10328997721192,196.00474410522943,196.00474410522943,15199246
2014-05-06,204.13104248046875,204.9044588508714,200.78306533926067,200.85722719649797,12392211
2014-05-07,203.60125732421875,205.83677799513904,202.7960574166478,203.44233908159143,10571569
2014-05-08,203.48471069335938,205.56129890951277,201.46109522303382,204.0780195915567,11949181
2014-05-09,211.3884735107422,211.68513503626264,202.53117568146405,202.53117568146405,18452114
2014-05-12,217.97845458984375,222.27996866664432,210.6468288600238,210.8163416392347,30847764
2014-05-13,225.33128356933594,226.47553726382145,219.2074646810438,220.37289332800654,26863271
2014-05-14,221.538330078125,226.30600416788758,220.6059815280118,225.45842614999557,19375695
2014-05-15,223.21234130859375,224.6108643226451,220.21399883347453,221.5383599986251,20864719
2014-05-16,230.94638061523438,245.06957557813908,227.27649374196167,233.26815394252677,52633579
2014-05-19,239.6770782470703,240.68282094407036,232.58336965123445,233.4607233106161,23797958
2014-05-20,231.0747833251953,241.5922865594903,230.18674475731203,241.356906628954,22509088
2014-05-21,230.76451110839844,236.01790606965412,229.76946737277603,231.07478465498184,21991587
2014-05-22,235.5578155517578,238.25407121073826,232.112609510502,232.39080005988717,18745180
2014-05-23,241.26060485839844,242.23426471465612,235.81462625069761,237.85820918570238,16566818
2014-05-26,235.7504119873047,243.9461269326116,230.0369280903498,242.34123530659548,16073584
2014-05-27,232.80807495117188,237.0985230888469,230.05832390140677,236.02858582616238,11273379
2014-05-28,233.01136779785156,236.7989590152077,232.12331497424032,233.16115502152232,11351815
2014-05-29,229.72666931152344,233.97432141772558,228.6139213337421,233.7817378385211,27659174
2014-05-30,227.83287048339844,233.1825571209224,226.8271276814044,232.1768286034245,17293884
2014-06-02,231.57762145996094,232.87225374538133,227.96123032804738,229.9834147605385,8806299
2014-06-03,234.4022979736328,235.8146204004956,230.53981304623827,231.81304733329907,10874352
2014-06-04,230.57191467285156,235.77182851177793,230.3044374758626,233.81383829183292,8826406
2014-06-05,233.22535705566406,234.29529433408143,227.73656824685625,230.78589377569443,19974435
2014-06-06,240.17999267578125,242.44825655186835,236.26401205006792,236.97016616812402,29319340
2014-06-09,240.2334442138672,242.38403213703697,237.9758797045116,241.80625286636752,13497804
2014-06-10,239.30262756347656,241.90257734134306,235.48293891354535,241.90257734134306,15760599
2014-06-11,235.83602905273438,239.66640260276367,233.7817469894904,239.66640260276367,15164409
2014-06-12,234.13478088378906,238.27545592231033,231.98420735797598,235.07632906536261,11767348
2014-06-13,231.51345825195312,236.88455738737233,229.5447689842934,235.4508367872726,14646904
2014-06-16,227.9933319091797,231.96280724591807,226.21724071044048,231.96280724591807,14371376
2014-06-17,233.25746154785156,233.9529165150331,226.4205446997379,226.4205446997379,15824961
2014-06-18,228.27154541015625,235.73972274826073,226.96621388242605,232.81878615548044,19212704
2014-06-19,222.9967041015625,230.02620349473847,220.7498389329097,229.82292086339146,23126286
2014-06-20,221.79840087890625,224.55883673913732,221.31692768084912,223.80988636687914,12855084
2014-06-23,222.1086883544922,223.59590438996702,219.12355719590238,221.9054056893286,14768300
2014-06-24,226.79502868652344,227.4262891337208,223.61729970653792,223.61729970653792,11890148
2014-06-25,224.90122985839844,226.68803458401266,224.29136759489086,226.32425132958002,10564797
2014-06-26,216.53428649902344,219.7441124851101,215.42155291856454,219.33753290796304,24480677
2014-06-27,216.5771026611328,219.0165660627167,215.52856350463128,216.12772669627557,9225499
2014-06-30,217.2832794189453,218.2676240877594,213.98786031067738,216.67341711608145,20656550
2014-07-01,215.69976806640625,218.38531054412448,215.475072936651,217.66845737237384,9653273
2014-07-02,217.89315795898438,219.84044926563968,216.55572900063927,217.62566645351623,12293489
2014-07-03,215.3787841796875,219.33756102312555,214.73682461398036,218.26762365211474,11575392
2014-07-04,220.8247528076172,221.8625928003436,214.69400463284242,215.0577735854922,12957117
2014-07-07,219.808349609375,221.90542813697434,218.48161975429286,221.04947247017955,14019093
2014-07-08,212.92861938476562,221.37044258127804,211.84798293698015,219.55154049878985,17484768
2014-07-09,214.19113159179688,216.10631097513854,212.38292879154994,214.41581241373535,14903156
2014-07-10,213.388671875,218.58857089356326,209.9327668545698,214.0413304528909,18600100
2014-07-11,206.81927490234375,214.4158418101303,206.20941258897506,212.9607229579279,17783841
2014-07-14,205.80282592773438,208.6167574575688,205.10735664779892,207.26864381813343,13764770
2014-07-15,208.0389862060547,209.70810100037863,206.08099604813347,206.155903945414,15345123
2014-07-16,211.78378295898438,212.48993702729024,208.42416945059844,208.42416945059844,13957671
2014-07-17,210.24307250976562,213.60267175001036,209.77229836710455,211.42000072417022,9426887
2014-07-18,209.01263427734375,210.46775305401485,207.41842736095668,209.70810354491604,9332698
2014-07-21,213.48497009277344,215.6997525448616,212.92860327910037,213.98784147094867,16987269
2014-07-22,220.61077880859375,221.2420535643164,214.22325191196495,214.84381329528037,28489939
2014-07-23,221.1029510498047,222.5045744190395,218.4923021781477,221.48813249893348,13721398
2014-07-24,222.77206420898438,223.23213926996357,219.12356098462655,220.40749437713745,9673900
2014-07-25,218.66351318359375,223.25355069343578,215.49648300793453,222.95396193205676,13532588
2014-07-28,215.18618774414062,219.02726010546652,214.33023218465203,218.48159236452886,9372911
2014-07-30,215.30386352539062,216.34170350200756,212.48991802248378,214.8437885138033,18616706
2014-07-31,215.3680877685547,218.2462281887352,214.41584035392995,215.68907469764628,17722817
2014-08-01,208.9163360595703,213.7738645574459,208.63815978869837,212.91790900115606,15826199
2014-08-04,210.77804565429688,211.78378848708883,208.86285177992775,209.92209005228347,14672155
2014-08-05,210.53195190429688,211.38790750450713,207.78221489402907,210.79944338604878,12233949
2014-08-06,211.45208740234375,213.68826803916906,209.60108818741355,210.75663245309894,16358373
2014-08-07,211.69821166992188,213.2817196533278,210.4249772592692,211.63400285313048,10844144
2014-08-08,209.81507873535156,210.45703823208092,208.2315710250217,209.61178180031558,9118453
2014-08-11,209.81507873535156,211.259498316364,209.1517067803859,210.8101223833049,6696796
2014-08-12,210.64964294433594,211.19531067701092,208.9270327640617,210.99201373535044,9556263
2014-08-13,211.88006591796875,213.26029101865782,209.70809408090062,210.41424811977876,14113750
2014-08-14,214.6190948486328,215.05777168980939,212.22244227902664,212.91789720216318,12062077
2014-08-18,216.7803955078125,217.2939659887159,213.45287932711767,214.2232421907207,7643510
2014-08-19,215.97793579101562,218.90957145803657,215.29317991001275,217.1976746132814,14559347
2014-08-20,213.634765625,217.93592736685034,212.99280608955084,216.3417204734953,13022078
2014-08-21,212.9393310546875,214.84382595297788,211.86939363159115,213.98787030070184,16449220
2014-08-22,213.62408447265625,215.48578299470654,212.98212488331026,214.00926594006273,8571614
2014-08-25,213.08908081054688,215.80673452889678,212.58620945308,213.98783265889085,7455233
2014-08-26,212.5648193359375,213.3351821735704,210.35005117560996,213.13188523485,9548209
2014-08-27,212.63973999023438,214.3730494531137,211.17393630698072,213.3887047489963,8391614
2014-08-28,213.7096710205078,214.84380285290806,212.83231728548307,212.83231728548307,15914040
2014-09-01,217.0050811767578,218.48159812780122,213.04630446531516,214.9187019444021,16197464
2014-09-02,219.0807647705078,220.73918052243488,216.25613416040943,217.94663289133572,16556769
2014-09-03,220.6749725341797,221.6807152980185,218.502986414318,219.36964104482684,21922291
2014-09-04,219.53013610839844,221.24204726333662,217.86103558838025,220.19350810896023,9346763
2014-09-05,219.4766387939453,221.14573929969347,218.39600238599,219.91531566653532,9078852
2014-09-08,222.05519104003906,222.4082752136781,219.9795109173961,221.24204610175917,13886787
2014-09-09,221.04946899414062,222.82557483213557,220.0223279239379,220.85688540016412,9166689
2014-09-10,217.3795623779297,220.21490630069871,216.68410739899394,220.01160935167408,9459033
2014-09-11,218.1392059326172,220.4074838658629,215.6997568868282,218.33180378878183,10619105
2014-09-12,217.3260498046875,219.12353923438795,216.43799703435297,217.94661112144738,8749882
2014-09-15,214.5762939453125,216.5556820897033,214.2018259170724,215.93512078698214,8738403
2014-09-16,209.57969665527344,214.87590209182014,208.95913529641123,214.28743799542517,13242995
2014-09-17,211.55909729003906,211.96567692277998,209.48341705838456,210.75665139716574,10887270
2014-09-18,215.03639221191406,216.12772772411626,210.49985047575262,210.77804103989055,9089107
2014-09-19,213.01417541503906,217.36883200469657,212.06192818610063,215.2717539976163,17169819
2014-09-22,212.1796417236328,213.13187470984255,211.35578349136185,212.4899152331804,7900222
2014-09-23,206.68016052246094,213.01419136216091,206.0809830888719,212.21174556257816,17694403
2014-09-24,206.5089569091797,208.4455487333003,204.44397604509393,207.2472224579691,15393998
2014-09-25,198.9766082763672,207.09744453032891,197.43589676794943,206.73367554235975,33092058
2014-09-26,199.70416259765625,201.50165210520663,196.2910537809115,198.79471161440668,15904980
2014-09-29,199.68275451660156,201.72633721347304,198.92309079221215,200.4958993899749,12481132
2014-09-30,202.36831665039062,202.95678076116712,197.94946484894714,198.58072531072585,17642155
2014-10-01,198.40951538085938,202.34689346232346,198.15273730658714,201.91891572070853,8656245
2014-10-07,198.18482971191406,200.0572126444409,197.60705048996343,198.42020960756534,12404189
2014-10-08,200.44241333007812,201.46955426989544,197.11491150511574,197.11491150511574,9827783
2014-10-09,204.28346252441406,204.83982924128887,200.76336348962425,200.76336348962425,11164671
2014-10-10,205.5674285888672,207.3542333724506,200.31403368409136,202.64650622477893,15465656
2014-10-13,204.9789581298828,206.44477595260713,202.87118078066115,205.81351551347646,13881865
2014-10-14,205.69581604003906,209.49409187103433,205.1287501513325,209.49409187103433,19077913
2014-10-15,205.69581604003906,205.69581604003906,205.69581604003906,205.69581604003906,0
2014-10-16,199.22271728515625,204.76500237405776,198.58074339267517,203.64156948896232,19017182
2014-10-17,200.69921875,201.28768286852358,197.98156471860509,200.29263912563025,15313270
2014-10-20,200.08932495117188,201.2769664583965,195.06061123002792,200.8275905211352,21187302
2014-10-21,198.86961364746094,200.5066169159427,198.3881404173785,199.91815280906334,17621790
2014-10-22,202.3576202392578,203.45965486113377,199.68277684375846,200.10004127154906,13384016
2014-10-27,201.43746948242188,206.2736000394973,200.4638239182916,206.2736000394973,10072622
2014-10-28,199.8753662109375,201.57656408850457,198.1741683333704,201.3839805008733,22023470
2014-10-29,203.63084411621094,204.01602557210214,199.89676237982644,200.4210319809434,17516848
2014-10-30,209.547607421875,210.03977974972648,202.66790820434963,202.860491786532,32745121
2014-10-31,214.10552978515625,214.77960083624455,210.10395696467742,210.10395696467742,14086084
2014-11-03,214.49070739746094,215.9137287990214,211.88005878904298,214.84379154726793,12376151
2014-11-05,212.1261749267578,215.80677571585218,211.50561349760733,214.4158513312409,15730002
2014-11-07,209.81507873535156,212.99279324288185,209.29080919419846,211.94425416057564,11633677
2014-11-10,207.4291534423828,211.80520942954385,206.97977741724782,210.30729410725996,10482542
2014-11-11,209.2159423828125,211.37721534546756,206.76577975315544,208.08179617578335,10100100
2014-11-12,208.4348602294922,210.35005397752533,207.29002932935333,210.125358861683,9286081
2014-11-13,207.40773010253906,209.665309043398,206.15590826506232,208.42417200918973,7041533
2014-11-14,207.38633728027344,209.2266375613117,206.5089834919183,207.35424001615044,8424014
2014-11-17,210.82083129882812,211.32370268968438,206.71226747302305,206.71226747302305,10224348
2014-11-18,211.55909729003906,213.49568937624164,210.82084592583587,210.8743413663943,13410579
2014-11-19,209.3122100830078,212.2759428915704,208.95912592720384,211.5590754929531,8099318
2014-11-20,209.8686065673828,210.49986707469006,207.63242564375582,209.28014241416435,11342020
2014-11-21,213.4956817626953,214.20185012187733,209.7509010656712,209.7509010656712,11739875
2014-11-24,210.85293579101562,214.87590705581212,210.07187381727755,214.0306505556566,12426216
2014-11-25,212.48992919921875,212.89650879880887,208.27437455095813,210.7994305619179,14606201
2014-11-26,211.21669006347656,212.4899098982986,210.26444281667972,212.26522908668096,13155281
2014-11-27,211.55909729003906,212.48994652474946,210.36077085253652,211.8479869535514,12279963
2014-11-28,212.19036865234375,217.7005560708987,210.39286474043985,211.78378902612772,20881173
2014-12-01,205.77069091796875,212.26522175649563,205.11801810920096,211.63394711952392,17382184
2014-12-02,205.9954071044922,207.83570733302744,205.00036337607426,205.85631896392735,9453044
2014-12-03,207.21514892578125,208.4241744262194,205.1180562770753,205.1180562770753,9789854
2014-12-04,205.1180419921875,208.6274425668179,204.5081797404962,207.1616390591282,10775294
2014-12-05,204.8612823486328,206.9262634913185,204.37980909930994,205.64233006495857,10048267
2014-12-08,202.1329345703125,206.03821610968458,201.63007741584798,205.42835378679425,10238784
2014-12-09,201.11647033691406,203.43824368359043,199.2226890475604,201.36256362720027,10598750
2014-12-10,199.5543670654297,201.35187091128202,199.00869931604512,199.31898713939935,13242754
2014-12-11,193.9051055908203,198.7947317946796,193.30594236081393,198.7947317946796,22620658
2014-12-12,188.8121795654297,194.94292802589848,188.17022004046066,194.08697246960926,17874849
2014-12-15,188.052490234375,188.6944639565802,186.5973717002671,187.8706057742967,12647964
2014-12-16,185.01388549804688,189.00475927063732,183.96534639106824,187.62454846286664,20886278
2014-12-17,186.0624237060547,187.21796796316897,184.98178734293023,185.1529870205557,20779949
2014-12-18,188.33070373535156,189.33644650045176,185.02458580135385,188.640991548434,14970699
2014-12-19,192.70677185058594,194.38657150570504,188.84428683965666,189.40065369539354,20073537
2014-12-22,193.6376495361328,194.04421493642766,190.66321695329975,193.01707377721183,8305143
2014-12-23,191.25161743164062,193.47708444021953,190.83433879640862,193.0919030627366,10583206
2014-12-24,189.19735717773438,191.9791912528157,188.30930437733522,191.25163904379303,22479751
2014-12-26,190.20310974121094,191.01625468915324,188.33071225976465,189.72163651125322,4890141
2014-12-29,191.94708251953125,192.38575934995018,189.79650899787515,190.1281949634345,6931660
2014-12-30,188.34141540527344,192.24669676745944,187.68875675842335,191.9685061973696,11627412
2014-12-31,190.69528198242188,191.28374608891298,188.10603134316327,188.30931400894332,8464992
2015-01-01,189.99981689453125,190.8771706719807,189.0903658533578,189.65744608147511,2963643
2015-01-02,189.49691772460938,191.74379727869467,189.229440566084,190.04258541249558,7331366
2015-01-05,187.42123413085938,190.64175904729098,187.04675183183352,189.37922403053025,10103941
2015-01-06,178.9152374267578,186.81139240746566,178.03788369901343,186.16943288485805,18627980
2015-01-07,182.80984497070312,183.77279153113093,179.10786025660138,179.12925843418876,20720312
2015-01-08,180.18844604492188,184.65009337577894,179.78186650077416,184.0509160030909,19872227
2015-01-09,184.09373474121094,184.45751798649138,180.8197283871731,181.54728059323858,13392787
2015-01-12,181.9539031982422,184.24357979749664,180.09221875242656,184.13658890138635,10100113
2015-01-13,180.42384338378906,182.94889929466348,179.85677749808573,182.53162062437363,9948711
2015-01-14,178.66917419433594,181.24772588423613,177.86671400685174,180.39177025551925,11380041
2015-01-15,184.93899536132812,186.4048131781008,179.74979516459382,179.74979516459382,16927085
2015-01-16,186.105224609375,187.23935634856096,182.3283327949327,184.02953040371162,19136963
2015-01-19,188.2344207763672,189.59323348253545,183.76207355968455,186.21223606415992,13339962
2015-01-20,193.24172973632812,193.77669838636558,188.06321434843136,188.63029454489703,13361320
2015-01-21,194.0334930419922,195.0285368158152,190.8878753971637,193.6590249541533,17084297
2015-01-22,189.1117706298828,194.12978549981565,188.20231962566118,193.69110862891478,23721627
2015-01-23,189.78582763671875,192.11828584647952,187.66735117666227,190.44918534529805,18080494
2015-01-27,190.24591064453125,191.88291395176273,188.41630947001002,191.06975469986517,17939876
2015-01-28,194.05487060546875,194.6861453126213,189.6146209037031,189.6146209037031,19298126
2015-01-29,198.88031005859375,199.97164555622763,194.06557782256655,194.10837417270935,36117653
2015-01-30,195.85238647460938,199.2761945456081,194.51495765255618,199.00870306739893,21746801
2015-02-02,194.31167602539062,196.84743125784271,193.80880461402253,196.0235729278048,19302710
2015-02-03,200.63502502441406,201.33048002463076,195.41371298308377,195.41371298308377,17092333
2015-02-04,198.75192260742188,201.96173460093706,198.13136124086165,200.9559917954961,14072894
2015-02-05,197.66058349609375,201.1271735293087,196.3552519765529,200.2926304255329,12365643
2015-02-06,194.70753479003906,199.00868188305802,193.2310179844294,197.74616109413523,9045844
2015-02-09,191.88290405273438,196.4408438375023,190.87716126992885,192.84585048601593,8839692
2015-02-10,188.7373046875,193.5520230294048,184.30775352810963,192.1611129679973,13651008
2015-02-11,192.7388458251953,193.60550041005428,188.9512548872894,189.59321436872443,9781008
2015-02-12,194.54705810546875,195.57419911515908,189.86072903431875,194.30097908321838,8709626
2015-02-13,196.33384704589844,197.04000107625566,194.52564419502826,195.58488238281177,7393680
2015-02-16,193.188232421875,197.76757030685985,192.58905496930115,196.59062786062142,12266698
2015-02-18,192.94215393066406,194.30098096364335,191.39074331319028,192.58906974126074,9835036
2015-02-19,193.0277557373047,194.21539741784883,189.92493435604038,194.07629498243546,9550637
2015-02-20,186.83279418945312,191.73311911328037,186.44761275465314,191.57261851615772,18717199
2015-02-23,182.199951171875,187.61384629636035,181.26910203852032,186.15872761812142,14104463
2015-02-24,180.06007385253906,183.34479374629717,179.10784076900913,182.79912599269178,19946218
2015-02-25,180.42384338378906,183.2805852704313,179.97446745305348,181.63288304739757,15274116
2015-02-26,180.17776489257812,181.88966164130656,179.02222065980368,181.05510429838532,21459750
2015-02-27,183.07730102539062,184.24354442256953,180.73414371246815,181.36540416281517,18659378
2015-03-02,184.93899536132812,187.34636143153838,183.0772970290994,185.9554372260285,14579511
2015-03-03,192.76023864746094,193.9692639704592,185.61304900366935,185.95541976586668,20636925
2015-03-04,189.9890899658203,194.65403445507957,188.31998964327022,193.87297258325813,14476047
2015-03-05,189.36856079101562,192.3215948287122,187.91344194847687,190.98416595587585,10716702
2015-03-09,186.0945281982422,190.82366771217244,184.91760000575078,189.40064622299883,14065391
2015-03-10,183.84765625,187.41055224966092,183.04519614763234,185.94473446187305,15234060
2015-03-11,183.1629180908203,186.08384057706047,182.40325426348716,184.2328554743766,11635873
2015-03-12,184.84271240234375,185.613075295397,183.08800485955376,183.6015896445869,11782380
2015-03-13,181.9110870361328,186.0838458061595,181.2477292679663,185.95545674480417,12936157
2015-03-16,180.19915771484375,182.73491264434313,179.81397631535776,182.2106431199992,13839990
2015-03-17,183.35549926757812,184.00815792038017,179.96378837851435,182.00737132545729,19070082
2015-03-18,185.8805694580078,186.65093242137806,182.89543797281914,183.38761034261188,9269885
2015-03-19,183.20570373535156,187.6031429821561,182.76702686252392,187.35706396918957,13934612
2015-03-20,182.7670135498047,184.27562763376545,181.59007115481376,183.58015842661288,10405717
2015-03-23,180.16705322265625,184.88547875233576,179.34319502411947,183.28057298414848,13251683
2015-03-24,181.4510040283203,182.80983105517825,180.19918216575178,180.19918216575178,9238431
2015-03-25,180.79835510253906,181.78269981857528,179.96379762627,181.6757089330273,10264941
2015-03-26,177.4601287841797,181.72919342066984,176.34739507256452,179.98518495338175,20621346
2015-03-27,173.6939239501953,178.67984101772635,171.5005398332376,178.44444683431152,23326922
2015-03-30,173.49063110351562,174.9778469896794,170.4306066386598,174.7424670852265,17330588
2015-03-31,176.7539520263672,178.23046882202829,175.04204104238607,175.04204104238607,20235395
2015-04-01,178.90452575683594,179.5357861477442,173.99350218572226,176.5185580338501,14588531
2015-04-06,176.46507263183594,179.32181460987394,175.7696176820999,178.89383683907658,12334096
2015-04-07,178.2197723388672,178.91522725845928,176.76465369502523,176.76465369502523,21275454
2015-04-08,185.29209899902344,186.0624476517458,178.23050064066481,178.35888970203567,24821205
2015-04-09,191.54052734375,192.37508476493576,183.77277529820066,185.20649592340592,27276420
2015-04-10,193.5198974609375,194.47214475854375,190.25659026826017,191.50841199734114,25323219
2015-04-13,197.40377807617188,197.88525126306965,192.32156903919247,194.04416485460746,20177342
2015-04-15,197.64987182617188,201.0629662049741,194.12977229541912,197.08279165966744,22231264
2015-04-16,198.6556396484375,200.72062078921024,196.65485303624877,197.83178129594916,20177302
2015-04-17,198.33465576171875,202.06873755641382,197.4252046905088,200.08934909007345,23958678
2015-04-20,189.51834106445312,200.6029102446017,187.98832866102612,200.57081298131627,37628162
2015-04-21,187.5496368408203,191.6261175138616,186.69369560355148,190.48127236104125,17707007
2015-04-22,188.25582885742188,189.75374406692976,185.5274756448377,188.7159039369812,14761313
2015-04-23,187.67803955078125,190.32078543125138,185.96612851288523,189.13315821919477,13337818
2015-04-24,188.0738983154297,189.26153976493833,185.88052845506303,187.66733303030404,12709854
2015-04-27,187.3035888671875,189.91423792805554,186.47973046968715,188.32003086096182,11042925
2015-04-28,185.14227294921875,188.7372659054619,183.7192516305092,187.17515646609112,14687371
2015-04-29,181.8896942138672,186.28714825521908,181.33332731378465,184.45754693905502,16387960
2015-04-30,184.53244018554688,185.29210405504773,181.4510169215807,181.88969384439847,34802149
2015-05-04,190.6524658203125,191.2837262118975,184.1365364063222,185.35626084324878,15078502
2015-05-05,190.9092559814453,192.97423695637238,189.4006418273927,191.24094197032065,17846755
2015-05-06,188.36282348632812,191.89362267292785,186.59741675077962,190.44920287597833,22438208
2015-05-07,186.3299102783203,187.97761249745054,184.02953519601593,187.23936122445218,16735535
2015-05-08,192.78370666503906,193.66128055427376,186.5865489273437,188.73171668816587,17104443
2015-05-11,194.13796997070312,194.89635656004143,191.41857742185712,193.4662400168806,14214007
2015-05-12,188.2333221435547,193.91043813383442,187.4641016894681,193.91043813383442,16650201
2015-05-13,191.7869415283203,192.55617645946668,185.7414588105762,189.24090567753933,16701434
2015-05-14,190.29180908203125,192.02528880195328,188.580011599853,191.9819387909339,12329713
2015-05-15,189.37088012695312,192.1877771471206,188.53665647798914,191.09352578137913,8331715
2015-05-18,193.18455505371094,193.71542999490362,188.99172496056983,189.57676933816288,9847540
2015-05-19,194.05126953125,196.04476238737783,192.1119461044227,193.1195264183467,14513036
2015-05-20,196.9331817626953,197.3990533812929,194.51715257126492,195.10221141468998,8708891
2015-05-21,194.31129455566406,198.35244994187525,193.7370841058482,197.45320843211144,10759523
2015-05-22,195.84976196289062,196.22896247890162,194.36547602487633,194.36547602487633,8349048
2015-05-25,193.82376098632812,196.74899721981475,193.35788938775943,195.0155174676145,6617337
2015-05-26,191.6785888671875,194.14878732879998,191.26688671284074,193.9320951328168,9510249
2015-05-27,191.83029174804688,193.04373061801746,190.72520622438222,191.98196618261687,8078236
2015-05-28,189.77175903320312,193.76957872815927,188.94835475895533,191.94942800170307,26538868
2015-05-29,190.0318145751953,192.07947720989407,189.18674240502867,190.6601945267315,29277517
2015-06-01,195.50306701660156,196.07729197792483,190.24848698121735,190.6818569418261,19594976
2015-06-02,194.72300720214844,199.08917941915018,193.16288406635942,196.2614625637377,20178960
2015-06-03,194.22463989257812,197.2798829353339,192.52367617228163,194.7988503909652,15546279
2015-06-04,197.7674102783203,198.52579681682707,193.40122372899853,195.9255916692109,15931395
2015-06-05,196.69483947753906,198.68833263238542,195.97977397468765,197.16071110380008,13066337
2015-06-08,191.86277770996094,197.18237548189444,191.35357054253797,196.48897776595527,10846953
2015-06-09,191.4835662841797,192.98950534785817,190.10761938637174,191.45105016212818,9153355
2015-06-10,196.27232360839844,197.1607314024522,191.76529577100675,191.98197354298534,13509379
2015-06-11,190.0643310546875,197.0740594508063,189.30592992706445,196.31565832318324,14676438
2015-06-12,192.81617736816406,193.43372337219535,190.30264334093474,190.46516610528792,21543824
2015-06-15,195.3947296142578,196.09896122972717,192.84869373291542,193.91044363539274,12858570
2015-06-16,195.87142944335938,196.0989555384121,193.54208584379182,194.7988456845262,13929305
2015-06-17,201.7760467529297,204.19207561771526,193.7154042560621,196.1097653491665,26232634
2015-06-18,212.1227264404297,212.78360803283346,202.0577558092228,202.068589696566,49366799
2015-06-19,215.95803833007812,218.0707042204091,212.8919614243679,212.8919614243679,45710935
2015-06-22,214.88546752929688,218.56909070062144,213.75869978387632,216.02305469824756,19394187
2015-06-23,215.60049438476562,217.26895634278375,214.73375451317278,215.09128724148678,16007498
2015-06-24,214.71206665039062,218.08150637598823,213.7911574310453,215.60047421242734,18603004
2015-06-25,217.6698455810547,218.63409052655854,213.4336797251095,213.86704970264185,27175118
2015-06-26,216.83563232421875,219.73918672562928,215.68719676520973,216.6622756460732,20966796
2015-06-29,214.7012481689453,215.35131029069248,210.61675722503782,214.062034398213,20168946
2015-06-30,216.70559692382812,217.3014752085528,214.08372379235777,214.4954259871854,23184864
2015-07-01,217.908203125,218.94828527358297,216.90062263953092,216.90062263953092,14824266
2015-07-02,219.03494262695312,220.9634323752079,218.22237217117024,218.63407434257397,15931202
2015-07-03,218.24404907226562,219.6741656127278,217.34480748267924,218.7965917980968,13831096
2015-07-06,220.05332946777344,220.77921427228134,215.6438078189642,215.83883222553163,12237733
2015-07-07,217.38816833496094,220.28088875806586,216.68393668486337,219.06746437113128,11294999
2015-07-08,215.94717407226562,218.56904676358798,214.8745904469277,215.78465132046466,15190654
2015-07-09,213.95372009277344,216.9006243586044,213.03281070164255,215.8171921861465,16245867
2015-07-10,217.07394409179688,217.5506495696996,214.5712439489247,214.7554200222971,16110573
2015-07-13,218.20069885253906,219.3924697883684,215.6329953706103,217.07394570167386,9860248
2015-07-14,216.2071990966797,219.17577076031304,215.64382253879955,218.6123942024329,9942927
2015-07-15,219.09996032714844,219.8041774944296,216.58642605014992,216.62976160109218,13532911
2015-07-16,221.81930541992188,222.70771301080396,219.09992768113648,219.2841037451987,14854295
2015-07-17,221.3859405517578,223.4336029331818,220.5842184960577,222.1551754128217,10195142
2015-07-20,222.0468292236328,223.17358229766833,220.56254344678067,222.70771073474583,6348354
2015-07-21,218.37405395507812,222.8485796273808,217.2798023997473,222.75107464087057,7923338
2015-07-22,227.60479736328125,228.37401782070467,217.68066737606725,217.76733847386492,17309440
2015-07-23,226.49972534179688,231.3859389495307,225.61131760785625,228.2765263452083,18642915
2015-07-24,222.11184692382812,227.44226383091117,221.25594094462815,227.0847455694087,13099664
2015-07-27,217.84317016601562,223.1627677677505,217.06311584112788,222.07935014378677,20118553
2015-07-28,218.90493774414062,220.30253811049852,216.70558633810427,218.4824016823122,13382878
2015-07-29,215.81719970703125,219.43583407091552,214.97214196545457,218.74243629922108,14790821
2015-07-30,216.71641540527344,218.4173935018678,215.0154517731475,216.7055815184026,11701228
2015-07-31,217.0847930908203,218.39573686243116,214.51708944918366,216.68392479169393,16634259
2015-08-03,217.2147979736328,219.68499660837472,216.55391638172432,216.90061524091573,9887787
2015-08-04,214.08370971679688,217.90818751837557,212.35024441479956,217.42064814211562,12006872
2015-08-05,214.02952575683594,216.8572568401307,213.23862313577925,214.1378646187704,14345010
2015-08-06,212.1227264404297,214.95045782381723,211.8085437074771,214.73376561248432,8708037
2015-08-07,213.2928009033203,215.38379873645135,211.73266347841655,212.13353172052467,8608888
2015-08-10,209.94505310058594,214.2570558941865,208.991642104184,213.3253271365139,9288894
2015-08-11,209.316650390625,210.974278334469,207.58317078065951,210.4000679146198,8762464
2015-08-12,204.31124877929688,209.31664869254163,203.80204167928224,208.79660770666425,9650325
2015-08-13,202.24192810058594,206.70561946323085,201.38602214880487,205.199665865074,9340350
2015-08-14,209.52255249023438,210.61680420448243,202.44782049452263,203.73709667458354,12739366
2015-08-17,206.0013885498047,209.3166590389366,204.993808185834,209.3166590389366,10857430
2015-08-18,204.5712890625,207.14982656076893,204.15960134533572,207.14982656076893,6630334
2015-08-19,206.84646606445312,208.23323248887783,203.5636971480745,204.54960976520962,8877298
2015-08-20,198.5474395751953,208.00569636037514,197.9948969549715,208.00569636037514,19008087
2015-08-21,196.73817443847656,197.59408047605146,194.36548076434084,197.18237828844065,20050521
2015-08-24,179.7501220703125,190.68183120316894,177.24742209558053,190.68183120316894,35635706
2015-08-25,183.7804718017578,186.48903049306983,178.37421723569062,182.19868081612418,49504268
2015-08-26,184.91807556152344,189.5551096965712,182.01450685907002,183.70463674068475,18955515
2015-08-27,188.33084106445312,190.95271427782035,185.7089678510859,187.82163386495085,26997546
2015-08-28,189.03506469726562,191.33190670939808,187.66995147632863,189.59844131277868,10770215
2015-08-31,185.4597625732422,189.13255133754114,185.00472487707225,189.13255133754114,20708942
2015-09-01,181.98199462890625,185.02640369526745,180.95274642396473,185.02640369526745,21645696
2015-09-02,184.0838165283203,185.719776786823,182.5778629081036,184.1813215070348,19652369
2015-09-03,185.01556396484375,186.51068373301473,182.96790150674747,185.05889951193842,11659978
2015-09-04,181.12606811523438,184.11630740753597,178.7858764407692,184.11630740753597,16199949
2015-09-07,180.54104614257812,182.88123810648506,179.3492896184002,181.63529768169096,10234633
2015-09-08,183.87796020507812,184.82053727176375,178.785888839222,181.1477484492565,12900468
2015-09-09,189.392578125,190.4001585674475,184.2896725893102,186.5648612324831,17340694
2015-09-10,187.8649444580078,188.62334544474885,185.37307823145125,186.56484914426318,11074406
2015-09-11,186.55406188964844,189.83681711867106,185.52481348212984,188.94840927137858,10634833
2015-09-14,187.18238830566406,187.58325655747512,184.59301719481002,186.7273506231309,7964072
2015-09-15,187.8649444580078,188.51500657934812,185.3947460045314,186.78152687506463,11509788
2015-09-16,189.0675811767578,190.10766338913294,187.47495619308776,188.97007618143584,13424811
2015-09-18,194.018798828125,194.90719207485822,190.064314142537,190.34599521984015,34261453
2015-09-21,190.27012634277344,192.45862912934345,189.82592256109464,190.68182846709527,12732187
2015-09-22,183.72628784179688,191.74359547691992,182.98956907753552,190.6818456453404,15745524
2015-09-23,184.25718688964844,185.65480185835267,182.0145141783895,182.66456193369393,15221260
2015-09-24,181.44027709960938,183.7479528023893,180.87690053215917,183.7479528023893,29076982
2015-09-28,180.76853942871094,182.2094896773973,179.56594913935103,181.9711441825383,11624639
2015-09-29,182.17701721191406,184.23551376433852,179.00260128034913,179.84767346283888,15853471
2015-09-30,186.84654235839844,187.3882511851364,181.68946738490803,184.39802598306673,17292020
2015-10-01,187.36659240722656,189.37091950173732,186.0448291708866,189.37091950173732,8663393
2015-10-05,192.41529846191406,192.8486683687886,186.74901694329932,186.9548752429101,16015412
2015-10-06,194.5929718017578,195.1238466556728,191.92774918221727,194.07293083334176,12330294
2015-10-07,198.00576782226562,198.926677182794,193.0653849737483,193.8671071080723,11515191
2015-10-08,192.6536865234375,198.24413165514807,192.0361404634542,198.24413165514807,10753149
2015-10-09,192.2744598388672,196.19644234705987,191.00686622839362,193.7262439786472,9327873
2015-10-12,193.22789001464844,195.3622236602024,192.41531954217825,192.41531954217825,6212395
2015-10-13,193.62872314453125,194.21376741410015,191.31019937234865,191.7760709038411,6162561
2015-10-14,195.65472412109375,196.09892789694618,193.70456684738716,194.1054350806654,8002587
2015-10-15,195.81727600097656,197.3990670504932,195.0372215965088,196.68401597435857,9048478
2015-10-16,198.22242736816406,198.22242736816406,195.81723243263124,195.99057460295188,15246935
2015-10-19,208.77496337890625,209.20831886207756,203.89956954854145,203.89956954854145,33505855
2015-10-20,207.30149841308594,209.46833355166953,206.49976189028675,209.09996694948063,18091895
2015-10-21,206.93316650390625,211.2235019547477,206.4997965106401,207.04150538610523,14404450
2015-10-23,207.07398986816406,210.8442983715975,203.93207575828222,208.8724730213134,12153422
2015-10-26,204.30043029785156,208.6666023454749,203.96456534631585,208.42825683852374,10938775
2015-10-27,203.58538818359375,205.4705425397982,203.11951653850335,203.42287986477263,11601798
2015-10-28,203.02200317382812,204.74464914016312,201.4943816465048,203.01116928635355,11958727
2015-10-29,203.89956665039062,204.76630653335124,202.58862293902442,202.81614902892414,13280382
2015-10-30,205.35137939453125,207.12818049030489,203.70458495990604,204.13794049706752,13366359
2015-11-02,207.97320556640625,208.3415721539504,204.80962407553048,205.63301387393435,7222044
2015-11-03,209.57669067382812,210.28092228034726,208.28742915054943,208.7207991089145,11373522
2015-11-04,206.1313934326172,211.26681465082518,205.02630810046563,209.7500271745764,10033187
2015-11-05,202.9461669921875,206.06641338752812,202.16611262558703,205.6330434218748,10767454
2015-11-06,206.36976623535156,206.8789733878841,203.22785222431574,203.56370272069833,8367190
2015-11-09,208.28741455078125,209.09997050934973,200.09675039429194,202.2744339208214,17031699
2015-11-10,199.94508361816406,207.90822199595746,198.5474688015308,207.3665131814007,11486238
2015-11-13,202.17691040039062,203.36866674471437,198.15742312911317,198.2765958706522,13682323
2015-11-16,202.44776916503906,204.11623103579066,200.37843903980746,200.64930065968883,15346549
2015-11-17,201.0285186767578,203.4445480099674,200.6926681505844,203.26037191496908,8588142
2015-11-18,197.61573791503906,201.79773396818385,197.17153408830822,200.99599740979772,11249222
2015-11-19,202.5452880859375,203.4011940849081,198.7533263978005,199.11085913202984,12183206
2015-11-20,205.1671600341797,206.45643596971328,200.55179403088277,202.38277877631685,11304265
2015-11-23,206.6622772216797,207.56151875272354,205.02631692564594,205.84972124928316,10499517
2015-11-24,209.6850128173828,210.53008489199325,206.07722736726578,206.499763404571,14806176
2015-11-26,214.2245635986328,214.93962910943114,209.8042217404734,210.40010002315907,23805828
2015-11-27,212.1443634033203,215.05876546216638,211.07177978318794,214.30036452935474,10891864
2015-11-30,209.55502319335938,213.3036639365756,208.51494107761053,212.02522183438018,29919205
2015-12-01,209.2949981689453,212.09021327421635,208.2874177717434,208.88329600776646,12981379
2015-12-02,211.90606689453125,212.28526744858223,208.99166416207524,209.37086471612622,7573628
2015-12-03,211.74351501464844,214.289550731529,211.07179956949327,211.2451417580576,11361395
2015-12-04,209.19747924804688,211.52683722866837,208.3199199541801,210.68176513068136,13443688
2015-12-07,206.2939453125,210.83347449574848,205.79557200760317,209.19749957472837,14483909
2015-12-08,203.87791442871094,206.62979423999667,202.83783227560627,205.61137986239547,7532164
2015-12-09,198.46078491210938,204.43042983888188,197.79990338313576,202.85947293148928,9174419
2015-12-10,205.92555236816406,206.6731049978237,199.3491952536844,199.890904040755,18592203
2015-12-11,206.48895263671875,207.79989644134054,204.31128335194933,206.22893933201533,18155513
2015-12-14,206.95481872558594,208.77496966760688,204.9829933598863,205.32969222133534,10563900
2015-12-15,211.4618377685547,211.90604159922327,206.6406134175519,207.36651277418173,15718833
2015-12-16,212.05770874023438,213.98619841445978,210.94178949059952,211.4618305122864,12097338
2015-12-17,218.78575134277344,219.9341867743403,211.9168788500212,212.36108268774072,19369032
2015-12-18,214.92880249023438,218.63409342736946,214.5171002828927,217.5073401495175,16016139
2015-12-21,214.97213745117188,216.46725738037426,213.2928414269805,214.0620619352278,12331769
2015-12-22,213.93203735351562,217.2472935723345,213.21697188041995,215.1237938560502,11579277
2015-12-23,217.50732421875,218.17903968818098,214.51708457113767,214.90711897397162,12919467
2015-12-24,216.80308532714844,218.24403566657762,215.88219048364215,217.52898467250333,11901877
2015-12-28,218.9374237060547,219.66330855496184,216.68390302605337,216.81390966207238,12885935
2015-12-29,220.0208740234375,220.73592509246083,218.2332246541743,218.93745629971977,14913870
2015-12-30,217.65899658203125,220.15086293148974,217.1172877638419,219.9341851900015,8151610
2015-12-31,219.84751892089844,220.9526188928689,216.48892684629652,217.42067014539538,18483713
2016-01-01,220.01002502441406,220.7792454803435,218.46073576088267,218.8074201514001,5416562
2016-01-04,215.66551208496094,219.6741661777694,213.8020255761289,217.76734411891513,30170947
2016-01-05,217.79983520507812,218.85075117102275,216.03386823402062,216.74891923913347,14946239
2016-01-06,223.66114807128906,225.00459348881043,216.77059325149128,218.33071641483755,26759864
2016-01-07,219.5549774169922,222.7510607850581,218.42822426957886,221.2451071381122,19739943
2016-01-08,222.26353454589844,223.81282383121436,220.3025430765852,221.0176085710197,21313199
2016-01-11,227.8647918701172,229.8582848129841,219.06743027298785,220.1400139487418,29016443
2016-01-12,226.53219604492188,230.85503242835276,225.58961900047527,228.60152620236326,23373377
2016-01-13,233.33607482910156,236.13130442423247,226.9113918866168,228.18983392878874,71802356
2016-01-14,230.04248046875,234.23532501627102,228.17900846765409,230.51918597239523,27823189
2016-01-15,232.5668487548828,236.07712947998945,230.89838672268309,231.79762829460677,28767318
2016-01-18,220.33505249023438,234.87454930310864,218.43907874282425,232.9352255402803,27254669
2016-01-19,226.13134765625,227.47477861500693,219.73916608917565,222.9677657669591,21489315
2016-01-20,217.6698455810547,224.24620352988683,214.51709743670557,224.24620352988683,45114225
2016-01-21,213.26028442382812,222.26350393724823,211.63515815082172,220.48670326214534,31768619
2016-01-22,217.5831756591797,219.06746169288306,215.39467244845827,215.39467244845827,23682648
2016-01-25,217.53981018066406,220.74672734037276,216.68390422652828,218.85073936338725,13099564
2016-01-27,216.54307556152344,218.8507513478874,216.0230345216206,218.43906364233527,17251028
2016-01-28,220.34585571289062,221.4076199567766,216.05552105029935,216.90059310512933,23074633
2016-01-29,224.35450744628906,225.3512538999465,220.58421381889255,220.79005765552003,19177163
2016-02-01,223.24945068359375,225.741317136433,222.2202024398864,225.34044883358007,9918809
2016-02-02,216.93312072753906,223.7911595696479,214.62543036213773,223.24945072887465,14771279
2016-02-03,212.65357971191406,215.3838058309592,211.266813344381,214.0836960888709,15691478
2016-02-04,210.8442840576172,216.900600232485,209.2516593361559,214.0837029334668,18203784
2016-02-05,210.37841796875,212.7835987114515,208.3199216058435,212.15521880860464,20998404
2016-02-08,208.24407958984375,213.39032037829412,207.57234969056293,210.42174865802698,12078110
2016-02-09,207.47486877441406,209.92339975651325,205.84974219975453,206.47812216097438,19603494
2016-02-10,208.5907745361328,210.83346150218782,205.55719934236797,206.21809538853444,16883350
2016-02-11,200.33511352539062,209.3058321222605,198.37412216414094,208.6341022142668,17114833
2016-02-12,196.43479919433594,202.3611088437634,192.4369792519477,202.3611088437634,29319458
2016-02-15,205.14547729492188,206.14222374674068,198.9158192032881,198.9158192032881,19283523
2016-02-16,201.63523864746094,207.58320203914346,200.8660037002,206.08808215941897,13024856
2016-02-17,206.41311645507812,207.46403249578233,198.56915029245238,202.6211400267671,15442221
2016-02-18,203.70455932617188,209.90171630139076,202.81615165784507,208.65577589542633,14433087
2016-02-19,204.62547302246094,206.445624074882,203.10868530026673,203.6829102965322,10235503
2016-02-22,208.51492309570312,209.81503286050489,204.5712727200524,204.5712727200524,12770834
2016-02-23,205.77389526367188,209.576690979438,204.27877541414327,208.6882832867176,18989787
2016-02-24,206.4239044189453,207.70233181798636,204.11621451921457,204.7446087978616,15186204
2016-02-25,204.5712890625,207.26901378546972,203.86707192393416,206.75980661819221,24826958
2016-02-26,205.92555236816406,207.74570314998078,204.6146087140618,206.49976281459084,8349402
2016-02-29,209.45751953125,215.5138361788657,202.59946628479443,206.13141483861767,31032353
2016-03-01,212.63194274902344,213.44451326362557,209.02415685739308,209.03499074520192,16453192
2016-03-02,217.0089569091797,217.92986627345962,213.9212121921017,215.14547040567058,20105967
2016-03-03,219.4683074951172,220.58422676177284,216.14220300422977,218.85074702006418,15880459
2016-03-04,218.07069396972656,219.93418036350587,217.44231406873183,219.71748816230425,8987660
2016-03-08,222.53439331054688,223.3794509778336,218.30904711623754,218.30904711623754,13222993
2016-03-09,225.71963500976562,226.196340494976,220.71423464729082,221.0175979431405,11854901
2016-03-10,219.2299346923828,226.6296958929992,218.6340564902166,225.795457731286,20706353
2016-03-11,219.82583618164062,223.08693750650843,218.98077850873437,219.91252174441087,15319044
2016-03-14,220.96343994140625,222.4043758939567,219.4899878621999,220.82258494079457,11880095
2016-03-15,221.1259307861328,222.71855550089293,219.95584211089437,221.88431730838946,10487788
2016-03-16,221.3968048095703,222.27437865470074,217.86487058227974,221.2342964917572,11064129
2016-03-17,222.6295623779297,227.2092463615364,221.7530637763548,225.03992621859783,16832997
2016-03-18,225.08377075195312,225.73018158313377,222.56384800707525,223.12261189536045,14030979
2016-03-21,227.29689025878906,228.2172123154116,224.10864528800602,225.24808467843135,12708074
2016-03-22,229.60865783691406,230.57278876055884,226.93533852407495,227.2311615604986,15333442
2016-03-23,225.5220184326172,229.40049801845998,224.0319765323896,229.40049801845998,16806372
2016-03-28,223.59371948242188,226.069818652217,222.5528828244483,225.6973045331758,18070240
2016-03-29,227.0668182373047,228.32677216786368,223.54988262023096,224.33871965334234,15871250
2016-03-30,229.43336486816406,230.46324569087028,228.48017511967453,228.48017511967453,14453294
2016-03-31,229.02798461914062,231.3945252040898,226.2889445284382,228.10767709524688,30833349
2016-04-01,226.67239379882812,229.26900737044363,224.6016764616243,227.6913186672086,12381116
2016-04-04,226.8038787841797,228.37061172134196,224.66742610871532,227.88853892319,8632568
2016-04-05,225.0289764404297,228.41442714847713,223.98813980814438,225.99312200278408,10259495
2016-04-06,226.51902770996094,227.16543852512137,224.07579610066784,226.15746945215102,6990781
2016-04-07,227.2859649658203,229.64154975769242,223.9662491481989,226.77102453479034,8789163
2016-04-08,227.0887451171875,231.05487153542248,225.96026151232513,226.99012768256125,13411752
2016-04-11,227.9542694091797,229.09372348952124,226.35466890257615,227.23116754058466,10308361
2016-04-12,229.5100555419922,231.7122580915777,227.4612497678992,227.9542784429017,11164859
2016-04-13,233.59669494628906,234.4403259570733,230.63853772971424,230.63853772971424,16038542
2016-04-18,233.3118438720703,233.76104904769346,231.26303822784993,233.54191707973482,19065716
2016-04-20,227.29689025878906,234.28693798965375,226.9681996307595,234.28693798965375,21687934
2016-04-21,228.1405487060547,230.5180305732545,226.7929330590013,228.19532804609827,11380697
2016-04-22,227.65847778320312,229.53197511028492,225.54393673059408,227.6694336513031,11705087
2016-04-25,222.8267822265625,228.86364076735003,221.81881315850842,228.86364076735003,61157544
2016-04-26,222.8377227783203,224.36063214326785,220.76700544684903,222.4980909080174,26429236
2016-04-27,223.37457275390625,224.80983517093364,222.62955919235577,223.0458967535128,14502641
2016-04-28,218.40049743652344,223.33076953535365,217.14052877213814,222.191330042699,61949033
2016-04-29,215.33277893066406,218.80589157120033,214.48914781735994,217.68834912321512,23479680
2016-05-02,216.26402282714844,217.45824153721475,214.30286420299032,214.5219815342593,10620873
2016-05-03,213.82080078125,218.01701487683874,213.15247826437871,216.49410547606095,17571826
2016-05-04,214.32479858398438,215.5518850234082,213.20727082177217,213.43734404391662,13546285
2016-05-05,213.70028686523438,215.49709294728052,212.74709717518041,214.74112349187703,21665684
2016-05-06,212.31980895996094,214.03992401484658,211.89251550624383,213.20726346942527,14748329
2016-05-09,215.42039489746094,216.0558497944642,213.1634278441311,213.64550060707418,15347096
2016-05-10,215.29989624023438,215.77101317120005,214.30288304067054,215.4204107830258,7248302
2016-05-11,213.733154296875,214.9054613274706,212.54987677188865,212.94430261355078,12339923
2016-05-12,217.54591369628906,217.8526926229648,213.65647822397045,213.86463971281432,12786216
2016-05-13,214.3357696533203,217.05289817751307,213.64553531060585,216.70229575824285,14648291
2016-05-16,213.8536834716797,215.28894603739437,212.79093503899387,214.08375669578973,9327335
2016-05-17,212.36363220214844,215.4204069516321,211.7500890042506,214.79590788640263,12157600
2016-05-18,212.67041015625,213.09768898025803,211.25705939486033,211.65148524434775,8228838
2016-05-19,208.43035888671875,212.9662196095892,207.20327249048017,212.9223961402468,9134784
2016-05-20,204.7052764892578,209.1534905969558,204.080777378384,208.60568256300877,18544619
2016-05-23,203.78492736816406,206.1295559751392,202.8317377120166,205.39548365266916,18365734
2016-05-24,206.0747833251953,206.85266451230396,203.3576405355201,203.3576405355201,12283217
2016-05-25,208.43035888671875,208.78096126878384,206.22817104296016,208.1345504686578,9240115
2016-05-26,207.4771728515625,208.69331802934883,206.8745855100975,208.16742176059233,14190024
2016-05-27,213.5797576904297,214.06183046897164,207.89350177891004,207.9592369813486,13401594
2016-05-30,212.26504516601562,215.0698205479212,211.45428166858792,213.9522927424172,9633652
2016-05-31,209.88754272460938,213.20727307042165,209.59173429301813,212.33077438883083,23332727
2016-06-01,208.95628356933594,211.69533853976958,208.56187229160506,209.90947341184196,9042808
2016-06-02,209.53692626953125,209.73414650468828,207.09370939654212,209.15347092097073,10253825
2016-06-03,210.28195190429688,210.99409788448816,209.4492767601411,210.35864297306702,8643295
2016-06-06,209.2191925048828,211.0159984745846,208.7261638900718,210.5777491917165,8672842
2016-06-07,209.2740020751953,210.5668237504996,208.51801793049998,209.75607489327328,18954268
2016-06-08,209.0658416748047,209.9204140083773,207.98116685797325,209.9204140083773,12135516
2016-06-09,212.8018798828125,213.96323106566854,209.52597318461522,210.3586483500551,15643495
2016-06-10,214.0180206298828,215.70528277589165,212.17739096240973,213.42638914293337,16316760
2016-06-13,214.98214721679688,215.49708758376502,211.02696228306516,212.527959916766,10214469
2016-06-14,213.91940307617188,215.92438524934602,212.39649367901382,214.94928383029816,10923848
2016-06-15,215.74911499023438,216.16543798239593,213.37161845099064,214.74114585982002,11129082
2016-06-16,213.9303741455078,215.54093059324074,211.90348009426714,214.9602549728195,9372207
2016-06-17,213.62359619140625,214.4453155343643,212.571803623723,214.08375726818355,10534878
2016-06-20,216.9761962890625,217.5020925781057,212.11165927224468,213.02101093962258,10758608
2016-06-21,216.2969207763672,217.84174206054942,214.67540841547998,217.8307861924487,13933068
2016-06-22,214.85067749023438,216.03394036310115,214.1056492907808,215.8367347600652,12788710
2016-06-23,214.8397216796875,215.17935355167174,212.54987237387576,214.73016301130548,9837526
2016-06-24,208.48512268066406,211.4323385381779,204.52995247609346,211.4323385381779,24985097
2016-06-27,209.40545654296875,210.00804386284267,206.0857410364307,206.0857410364307,9163399
2016-06-28,209.87657165527344,210.698290938163,209.26302847352994,209.5698073780646,7604977
2016-06-29,211.87060546875,212.31981066075218,210.35865188127661,210.7969012058477,7523987
2016-06-30,212.36363220214844,214.19332055583646,211.90347114689354,212.9881312673779,12758283
2016-07-01,213.30584716796875,214.0399048415443,212.54986313434435,213.15246503890143,6610193
2016-07-04,216.20924377441406,217.72119734639324,213.755070985688,213.755070985688,7803505
2016-07-05,217.61163330078125,219.75904175156415,214.8068581997706,216.07776803203262,11359882
2016-07-07,216.47218322753906,219.23313472457954,216.08871327237853,217.48015220107092,12029091
2016-07-08,214.39051818847656,216.7132204856403,213.9413130172721,216.2749858086854,7140617
2016-07-11,217.4801788330078,218.0170309850437,215.94631345185854,217.15148817014477,8266601
2016-07-12,219.86863708496094,220.2192248656451,217.15149402069494,218.08277206779184,9767494
2016-07-13,221.04092407226562,222.78295083064842,220.03295504007122,220.26302825016242,14915296
2016-07-14,220.1973114013672,222.2132496337903,218.74013706735187,220.89851621188743,10758372
2016-07-15,221.79690551757812,223.7251967489848,219.89054064897658,221.09571535494237,13992989
2016-07-18,220.4931182861328,227.61463678538598,219.50706097840077,225.2590521886203,32106850
2016-07-19,223.02401733398438,224.15250102015793,218.09373034048267,220.43835928629463,16649300
2016-07-20,224.16342163085938,225.3247727391712,222.7500709647109,223.49509914435163,12265316
2016-07-21,220.51502990722656,224.60168541038658,220.21920686412867,224.38255343804434,6711097
2016-07-22,222.37757873535156,223.02398950979676,220.24111155315876,220.43833178469038,6899519
2016-07-25,224.10867309570312,224.32779045669432,220.73416334514877,222.19133767772163,8241568
2016-07-26,224.3935089111328,226.74909350254921,222.45427652916797,224.16343569927,10516399
2016-07-27,221.99411010742188,224.82079692140954,221.0847438945503,224.17438614305985,11030767
2016-07-28,224.89749145507812,225.80685768195997,221.98315766045846,222.39949523892582,15610838
2016-07-29,222.3885498046875,224.57978184384848,221.75308022637645,224.38256159883497,9629597
2016-08-01,221.20526123046875,223.57180166181095,220.23015980345846,223.06781714764807,7978251
2016-08-02,221.9283905029297,223.50607933896524,220.50408381520506,220.87659794557266,7710138
2016-08-03,217.79791259765625,222.2789795462148,217.2610604481601,222.2789795462148,11872282
2016-08-04,217.5897216796875,219.1235869492327,215.4861366960056,218.9044696081516,10187608
2016-08-05,222.6843719482422,223.28695933339728,218.47720149315316,218.68536299131176,12109001
2016-08-08,225.53297424316406,226.57381093677031,223.21025713749887,223.4841684592869,13556347
2016-08-09,225.85069274902344,226.68336794872005,223.72519590631683,225.03994391204938,13290768
2016-08-10,219.9233856201172,226.6943013414047,219.5618273946043,225.97119951770418,13471958
2016-08-11,222.2132568359375,224.1305923179597,219.0359672314781,219.550907674334,14169454
2016-08-12,226.9682159423828,228.52400763349493,222.84869275222752,222.84869275222752,16365425
2016-08-16,224.5797882080078,228.94034067460092,222.5200265222684,227.06684337150415,13367575
2016-08-17,222.0379180908203,225.43432437753373,220.70125853214506,224.4044436998523,15486572
2016-08-18,223.0787811279297,224.30586754298648,222.6295759329554,222.6295759329554,7749690
2016-08-19,222.3885498046875,223.94432689286407,220.67937594209448,223.06782822626903,8177802
2016-08-22,221.72021484375,223.44034459121778,220.70128988751082,221.75308244702694,6684236
2016-08-23,221.41343688964844,222.41045004887354,220.2192034955994,221.75306876922838,7320433
2016-08-24,223.61563110351562,223.93336588537835,221.53395778862702,221.68733993219632,8719596
2016-08-25,221.906494140625,225.47820966144988,221.09573061730305,223.769035666842,14960746
2016-08-26,225.23715209960938,225.87260706066425,222.3228034947576,223.04592002572252,9639663
2016-08-29,231.71224975585938,232.21623428045746,224.84271615613008,225.09471573209223,16193208
2016-08-30,233.67340087890625,234.13354729180816,230.7371407659588,232.70925533055558,18170724
2016-08-31,232.27102661132812,235.33875739986632,229.42241318168823,233.34473092458379,23295502
2016-09-01,225.5220184326172,235.06484256195037,224.75507843327753,230.73715776975035,42621045
2016-09-02,222.04891967773438,226.25609018435216,219.6275996118064,225.93835537173308,28124615
2016-09-06,223.4841766357422,224.60170444468378,222.41047229951775,223.4841766357422,11510431
2016-09-07,222.9911346435547,225.0508962477473,221.98316557651037,223.94432437296902,12927438
2016-09-08,226.44232177734375,227.00110027853464,223.5498995998095,224.17439867914888,12206479
2016-09-09,228.88555908203125,230.0578661968393,225.6973137731643,226.792929813009,15269894
2016-09-12,229.31285095214844,231.394524338763,225.51106244283108,225.78495913721363,33684893
2016-09-14,228.9293670654297,232.0518769559346,228.08575067057987,229.641527682277,18604842
2016-09-15,233.36660766601562,234.50604701607628,229.42237877868652,229.42237877868652,31371009
2016-09-16,235.67837524414062,239.6883396913364,232.07379251404612,233.80487805536353,39324529
2016-09-19,237.17941284179688,238.40651406680698,234.6814161698973,235.0210481130558,16678060
2016-09-20,235.382568359375,237.69431488217413,234.25408476638174,237.52997687173615,11531268
2016-09-21,234.9552764892578,237.727184087301,234.24313047856486,235.33874647685846,10943394
2016-09-22,238.61465454101562,240.11565236203208,236.4343782662475,237.31087697435294,18761415
2016-09-23,241.64950561523438,243.10667989017782,238.62559838918483,238.62559838918483,31085948
2016-09-26,242.6136474609375,247.51106648279213,241.09073800389322,241.78097228034986,38213411
2016-09-27,243.3367462158203,246.72221160461515,242.48217393863686,244.76105284756102,19374535
2016-09-28,238.98715209960938,242.78894048138756,238.0339623804813,242.767028746572,24820234
2016-09-29,234.9990997314453,243.39152821682944,233.89252786678682,239.94034221374443,21260295
2016-09-30,237.4642333984375,239.84172966994748,233.65147467043676,234.02398877511715,11199883
2016-10-03,238.9980926513672,242.77796905610504,235.8317594094729,238.187329260496,18125170
2016-10-04,240.2361602783203,242.8546858348367,239.28297051935803,239.51305837186285,13113580
2016-10-05,238.71324157714844,242.46026526161546,237.92440449385236,241.9124572620879,10789932
2016-10-06,243.4025115966797,246.7879625744269,239.2829735805642,239.2829735805642,21111045
2016-10-07,243.00804138183594,246.08671286635916,242.46023345417325,244.10365723716134,15280380
2016-10-10,240.2361602783203,245.8566960213034,239.72121986130952,244.10369865349747,11553662
2016-10-13,231.6465301513672,238.63656413514386,230.51803185819767,238.62560826707409,21938040
2016-10-14,236.13851928710938,237.0917089274334,232.6325396151943,232.92836263807334,15265659
2016-10-17,232.41343688964844,236.82878301333292,231.9970993090854,236.65347451095974,9826781
2016-10-18,236.89453125,237.2560895145031,232.7202286021685,233.58575678515973,11073137
2016-10-19,238.26402282714844,239.87459375908222,236.96024542084314,237.62856792422673,17073242
2016-10-20,238.30787658691406,240.5977114122487,237.54093660440458,239.71025688679038,10125508
2016-10-21,233.19131469726562,240.3785678014394,231.9203903193938,240.3785678014394,43608816
2016-10-24,232.99411010742188,235.33873879895182,232.41343452491034,234.4622401779821,10513017
2016-10-25,232.457275390625,233.4214210203844,231.00010107808697,233.36664168088976,7658966
2016-10-26,230.9672393798828,232.15051702520236,230.53994589357248,231.4054887343722,10945927
2016-10-27,229.79490661621094,230.93434603448048,228.63355546402568,230.32080285751425,12842476
2016-10-28,231.1644287109375,231.83275120778364,228.7211972972101,230.07976865165466,8127969
2016-11-01,230.2989044189453,231.38356456504383,229.51005269778642,230.36463962448744,10223897
2016-11-02,224.32777404785156,228.5130469825886,223.72518672187593,228.1076652670801,7039997
2016-11-03,224.37159729003906,226.73813774988278,223.63753955782738,224.3496855555649,7311872
2016-11-04,220.33973693847656,225.01802391976943,219.12359178665108,223.56084968743372,11535892
2016-11-07,219.3756103515625,222.75010553476847,218.9154492579749,222.19134162698222,9506040
2016-11-08,219.89053344726562,220.37260623932875,218.75107935772692,220.37260623932875,13432073
2016-11-09,220.13157653808594,221.0957221835673,203.78495329186768,208.16743216884407,21640144
2016-11-10,221.40248107910156,225.46722478662258,220.65745286260037,223.19928716318674,9764091
2016-11-11,219.50704956054688,222.95824995809178,218.04987540925788,218.65246270434423,14775330
2016-11-15,215.92442321777344,219.1236247128609,214.642542669553,218.35669925957976,14487470
2016-11-16,216.17637634277344,218.42240228153716,214.89451061080626,218.0279764304218,16550762
2016-11-17,214.24810791015625,218.71821896735528,213.51403551681352,216.05586996950544,12628378
2016-11-18,216.38455200195312,217.52399145630736,215.1793627164438,215.83674400938568,18163751
2016-11-21,217.2610626220703,217.71025320633922,215.44233003986872,216.39551980260552,13232434
2016-11-22,219.44134521484375,220.8327697343284,217.65548018453205,218.61962584316345,17646355
2016-11-23,221.095703125,221.42439376632126,219.0249857275257,220.21920449969392,13107911
2016-11-24,216.3516845703125,220.33973729101714,215.22320098237498,220.33973729101714,18913793
2016-11-25,217.74310302734375,218.22517580329654,215.69431201370156,216.93235424096343,10454964
2016-11-28,216.19825744628906,219.25503176152608,215.63949366442765,217.58969628171707,8312777
2016-11-29,218.61962890625,220.0658474144601,216.5050877995012,216.7132492987309,9885281
2016-11-30,216.94329833984375,219.11261840029326,216.19827016863738,219.11261840029326,27596098
2016-12-01,218.6305694580078,222.4104608030963,218.0279821119677,219.1235981279182,12627845
2016-12-02,217.97320556640625,220.21921696514627,217.32679474163294,218.22519052473288,12481430
2016-12-05,217.77597045898438,219.05783606720723,216.16539960801623,218.02795538319108,3987213
2016-12-06,220.26303100585938,220.55885404986077,217.94032863228978,218.2470929162493,6726369
2016-12-07,218.9373321533203,220.78891752467385,218.32378898513616,220.00008048767293,4930865
2016-12-08,223.5170440673828,223.90051408068845,220.0767990704576,220.23018122484893,8750556
2016-12-09,225.4672088623047,226.10266373573887,223.5717854809896,223.94429956293024,8239158
2016-12-12,225.08377075195312,228.26106019587357,223.6156405764741,223.6156405764741,9023848
2016-12-13,227.8447265625,228.10768202309808,225.16046575289036,225.25906856536696,10365823
2016-12-14,232.1614532470703,233.24611335966333,227.49412215181422,227.8447099038759,24139260
2016-12-15,230.7261962890625,233.9363532348296,229.78396242814503,230.60568174640076,19331986
2016-12-16,231.6465301513672,232.70927860879075,230.51803185819767,230.51803185819767,14942206
2016-12-19,232.8297882080078,233.7939338323073,231.03296737345144,231.17540828265783,15009634
2016-12-20,231.81085205078125,232.49013045119372,230.77001540188377,231.1096619157531,11688169
2016-12-21,232.98316955566406,233.87062410205024,231.6574802973112,232.29293525698972,20367894
2016-12-22,230.8138427734375,232.85169263645457,230.28794650644363,231.83276770494604,28892834
2016-12-23,231.67938232421875,234.23217255108227,230.51801650419446,230.51801650419446,10265033
2016-12-26,229.52101135253906,233.58575529653402,228.90746813270198,231.03296498034834,15321770
2016-12-27,233.30087280273438,233.8267690133107,229.42237910765607,229.6086434623825,17442849
2016-12-28,230.01402282714844,234.363633634018,229.44430312080814,234.0020753988561,9637310
2016-12-29,233.4652557373047,234.19932817654473,229.9702313179137,230.07980462950772,8772325
2016-12-30,237.17941284179688,237.74914729142967,232.95033033738787,233.32284451527744,15711974
2017-01-02,237.7710418701172,238.844746222433,234.9772076785653,237.52999813923313,7097888
2017-01-03,238.71324157714844,240.3785919379455,236.8945236994614,238.811859011471,6434204
2017-01-04,233.83773803710938,239.50208214267252,233.21323899453438,239.4801704088041,10392483
2017-01-05,236.083740234375,236.63154818744917,234.18833144530785,234.68136006580713,8734164
2017-01-06,235.54690551757812,237.74910798611037,235.1415237993049,235.38256750773473,7845839
2017-01-09,236.1494903564453,237.96822282216377,234.68137489601304,235.9961082155429,5228980
2017-01-10,238.8118438720703,239.80884237359842,236.65346498579555,236.65346498579555,11349916
2017-01-11,237.9791717529297,240.09371257161257,237.52996658319685,239.94033043518084,11475958
2017-01-12,237.3765869140625,238.92140804330162,236.609646969281,238.18733569952568,4371992
2017-01-13,238.93235778808594,240.48813474446288,237.65047749973726,237.65047749973726,7234429
2017-01-16,235.83175659179688,239.71023575054647,235.32777210203164,238.83375179723862,12013154
2017-01-17,228.16246032714844,234.0240106094572,227.55987295964547,233.36664390193826,39234251
2017-01-18,226.25607299804688,229.64153848580435,225.4233978038085,228.45826090020353,15867619
2017-01-19,226.50808715820312,229.04992174768148,225.9164410136627,226.8258073398082,15284274
2017-01-20,224.77696228027344,227.32975229320368,224.36062472891584,226.56282701634493,8784907
2017-01-23,222.607666015625,225.91642579269003,221.9283875975284,223.90050227358637,13708502
2017-01-24,225.10568237304688,225.43435840873732,222.84870045800457,222.84870045800457,9419288
2017-01-25,222.9144287109375,226.28892344795148,222.662429147312,226.13554131281234,23856654
2017-01-27,224.62359619140625,225.4562713535853,223.2869365105033,223.5608478179369,21861796
2017-01-30,228.94033813476562,229.30189640075304,224.55787398087153,224.59074158438614,15678126
2017-01-31,229.02798461914062,230.91245239284694,227.9542803184922,229.38954288440448,15125194
2017-02-01,230.00306701660156,230.2769783165975,226.8367337165789,229.22518583889223,11312284
2017-02-02,228.6554718017578,230.25507229179027,227.50507649336802,230.079778416935,9099129
2017-02-03,226.49713134765625,230.1784054991747,225.71923544128683,229.20330396279314,13219481
2017-02-06,228.25010681152344,228.96225285762426,226.14652164983733,227.23118183462378,9991907
2017-02-07,225.89450073242188,228.40346739986748,225.083751951033,228.32677633123987,9905562
2017-02-08,224.63455200195312,227.5050769727125,223.94431774093013,225.89450598478214,16230826
2017-02-09,226.2998809814453,226.5737922806795,224.99610356850937,225.25904437354157,9861688
2017-02-10,225.7301788330078,226.91344180233384,224.722209747337,226.79292725732088,12518554
2017-02-13,225.66445922851562,226.57382556750173,223.94434399424435,226.35469357045574,8565757
2017-02-14,230.0359344482422,230.71522745061657,225.67538240393077,226.79291008225553,18244623
2017-02-15,230.3646240234375,231.7231953946146,229.03892025280555,230.71522638991155,15236663
2017-02-16,233.91444396972656,234.3417374346383,230.63855178428076,230.63855178428076,19655195
2017-02-17,235.66741943359375,236.2590655221144,231.93136629510505,233.69531943872084,14847356
2017-02-20,235.64552307128906,236.40150721853405,233.69533468378376,234.58277461980435,11650581
2017-02-21,238.4503173828125,239.05290476157148,235.13058692454322,235.60170388480802,14186476
2017-02-22,264.5917053222656,265.5010568060167,239.28292409646645,239.50205603859223,127323130
2017-02-23,259.16845703125,267.76906249696856,258.42342871611294,265.92841807352676,62249698
2017-02-27,271.47222900390625,275.3945172115851,260.8337748164993,260.866627790657,83422197
2017-02-28,271.2859802246094,273.4662710516185,269.1933363399269,269.96027633993856,36111716
2017-03-01,270.508056640625,272.6773766329457,269.5219994391475,271.73514289577173,24385665
2017-03-02,271.0010681152344,274.93432617917864,268.8755717215396,271.2530383917314,18063590
2017-03-03,275.77801513671875,282.18738823080196,272.0529321604447,272.0529321604447,84305639
2017-03-06,286.0329895019531,287.49016380859985,277.2461494453081,278.0678541617324,66724743
2017-03-07,285.9453125,290.77698136192043,284.01702145098284,288.9911312073668,42071555
2017-03-08,282.9324035644531,286.5479276923552,281.81487579730856,286.5479276923552,43336972
2017-03-09,281.957275390625,284.42241866995744,280.8068946967048,282.66945064716174,31094457
2017-03-10,280.8397216796875,283.98415769531164,276.35864072240764,282.72418919033964,24785585
2017-03-14,282.5599365234375,289.0241047019568,281.6286729322915,288.9693107238141,27765035
2017-03-15,285.9453125,288.43236737819194,282.75708215282054,282.8994937926333,24107889
2017-03-16,284.3457336425781,287.1395528565999,283.4582645360172,287.0519059208385,15924023
2017-03-17,285.01409912109375,289.2322109317713,284.43342345681197,286.6136851945283,22727289
2017-03-20,280.65350341796875,286.23020059316633,280.11665131037563,286.1754066311194,12869337
2017-03-21,276.9284362792969,281.33281251947153,275.9423788407116,280.96031298332053,22596181
2017-03-22,276.0299987792969,277.3885556210907,273.1485324538092,274.34273665370296,20291685
2017-03-23,279.01007080078125,279.9413341381721,275.65748768059166,276.78595662717277,11807911
2017-03-24,281.957275390625,283.1076853391976,277.9473109398877,279.1853678268675,16282523
2017-03-27,274.1455078125,280.20429225842906,273.29092095445947,278.527971515153,32452615
2017-03-28,272.9732360839844,276.9722301267818,272.1734138717025,275.65749676752216,21707345
2017-03-29,275.3616943359375,276.09575214330283,270.2561134074738,274.2770194864363,18924345
2017-03-30,278.42938232421875,279.3277926458154,274.5618589984057,275.0000936652086,27862325
2017-03-31,289.44036865234375,293.11068679847307,277.4104746149594,277.4104746149594,45390562
2017-04-03,301.2182922363281,302.50017278951555,292.97924472262855,294.0639196340926,44886623
2017-04-05,310.05987548828125,310.71725677243865,302.4124754291378,305.7212350749376,40323877
2017-04-06,315.2093200683594,317.4881992411718,307.25515470066495,308.74518208145594,50620850
2017-04-07,308.2192077636719,314.22319803599214,307.33176796427006,311.4403494809205,31875272
2017-04-10,302.6864013671875,312.2292107880125,301.79893220247726,308.9642744530204,30768410
2017-04-11,300.71429443359375,306.8716677610684,300.22126574758386,304.1107012684822,32249647
2017-04-12,296.6933898925781,303.8039683500523,296.068890726405,303.0041460235815,27448279
2017-04-13,299.05987548828125,300.9443137881553,295.2361464191974,296.69332055125864,12713918
2017-04-17,304.9871520996094,305.79791545686555,299.1036910220129,299.1036910220129,11837502
2017-04-18,300.24322509765625,308.96433142262816,299.54202018167473,306.7621577292982,16016414
2017-04-19,299.93634033203125,302.94930597735765,297.4711972602732,299.9801637975447,11572557
2017-04-20,300.1007080078125,303.88058448922004,298.90647463069365,302.1714399938152,8393496
2017-04-21,307.3208312988281,311.3746189168726,302.0728103519453,302.50010377218473,30230907
2017-04-24,310.58575439453125,314.44233625590385,306.8168194614036,308.75605163079604,25512511
2017-04-25,313.9602355957031,321.6186050365415,312.49212035514495,319.9204019917631,36764315
2017-04-26,310.3775939941406,315.54890929511157,307.342745813705,314.4423521427872,16763153
2017-04-27,308.854736328125,312.0649081656167,307.2551502845792,310.4981750999944,12571594
2017-04-28,305.72125244140625,311.2212443406213,304.8009302931679,308.90951235689823,11848658
2017-05-02,300.31982421875,307.21125464576164,299.3885609060489,307.21125464576164,18591411
2017-05-03,300.2212219238281,302.55486534292913,299.1036942992869,301.7112490049999,9500038
2017-05-04,297.5589294433594,302.30295212389257,296.7043424503725,301.2949829727436,14365934
2017-05-05,291.0509033203125,299.6186546877648,290.33875733120516,298.3586860887891,15598448
2017-05-08,289.5499267578125,293.5160679573816,288.8816041883912,291.43439454646835,16066733
2017-05-09,291.5111083984375,292.234195700262,289.29793525616185,290.11966925385366,21106150
2017-05-10,297.8108825683594,298.79693992560635,291.57683288581313,292.48618454108714,22906024
2017-05-11,297.90948486328125,300.14454029152614,296.1783993285229,298.9064834103308,13783848
2017-05-12,295.91546630859375,298.88457954809815,294.51308600904184,298.0190513852481,7523427
2017-05-15,294.5240173339844,297.21924842162235,292.2013149847593,297.21924842162235,6738085
2017-05-16,297.19732666015625,301.7112608002777,293.84471440081353,294.95130082956985,12655992
2017-05-17,296.4961242675781,299.31185519395035,295.3238026287817,296.47421253380577,9844573
2017-05-18,290.8536682128906,295.8168071537038,290.14152229601194,293.6803694030678,9790379
2017-05-19,288.9912109375,292.6834414263189,287.051978114088,292.0918244611388,12813204
2017-05-22,290.1524963378906,292.22322838132334,288.1913522214276,290.6674367251093,8801430
2017-05-23,286.0768127441406,291.4015400451478,285.29893149975817,290.49215913196133,9223001
2017-05-24,284.3567199707031,287.86271497568447,283.7870147979201,286.504128746659,14326531
2017-05-25,285.39752197265625,287.57778334996533,284.0827594460683,284.86066987160564,25922008
2017-05-26,293.0339660644531,294.58972832932193,284.86065579047096,285.72618385305856,21430443
2017-05-29,297.3287658691406,299.20226277733525,292.6614208288198,292.9682143216796,24022633
2017-05-30,297.86566162109375,299.0379832996835,295.4881652894662,297.10969215296217,9658309
2017-05-31,293.77899169921875,299.7501295143908,292.7052874525053,299.54195340901197,16423338
2017-06-01,291.0509033203125,293.6256052264595,289.90052264703195,292.0260193745756,9534069
2017-06-02,290.28399658203125,293.34078624517196,288.5857931045776,292.5300227320339,11495005
2017-06-05,291.29193115234375,293.8447213133778,288.33378853750685,290.6126673947768,10835031
2017-06-06,287.66546630859375,292.29993019582696,287.27105505401613,292.29993019582696,9591064
2017-06-07,293.406494140625,294.0638754355538,286.8327982099465,287.3148563728158,11199223
2017-06-08,291.8069152832031,294.6774406466213,291.0071222407612,293.6256479967469,7903123
2017-06-09,292.68341064453125,296.4632876936214,291.6535297439835,294.7431724456267,13836547
2017-06-12,289.12261962890625,291.37961607434136,288.5857674996751,290.67841130699674,8432435
2017-06-13,288.00506591796875,290.7769732531378,287.27100824201744,289.37459309961963,6025338
2017-06-14,297.4602966308594,298.0080900245633,288.34475126774106,288.34475126774106,52939271
2017-06-15,303.256103515625,305.67742338758796,297.8108764274351,298.0080820438874,28290813
2017-06-16,304.3188781738281,305.8527289483489,300.04594338092875,304.3846133818224,32710880
2017-06-19,308.7999572753906,310.23521998933904,304.62566881555745,304.62566881555745,15236956
2017-06-20,309.4791564941406,311.6156234270032,308.40545240856045,308.74509887015887,10142474
2017-06-21,311.59375,312.90848329087913,307.70428558022826,308.4821960169735,19992472
2017-06-22,313.92742919921875,316.7212484697732,312.84275446524657,313.22622444428765,22118609
2017-06-23,314.6286315917969,315.9762472535587,313.4782508109989,314.66151382350904,31143289
2017-06-27,314.9134826660156,316.1953631129135,312.2511335868611,313.78501362683903,32591540
2017-06-28,306.44439697265625,315.52706085745007,305.79798608719454,315.52706085745007,15567803
2017-06-29,305.1734619140625,308.9643095837712,304.60375672950687,306.77307728770523,12898245
2017-06-30,302.3905334472656,305.1076467400709,301.30585882510167,305.01999981157064,7814271
2017-07-03,302.6205749511719,305.6116286089343,300.41840211474727,304.187307591784,9195278
2017-07-04,311.582763671875,312.71126179426693,304.3626575512641,304.58177487950036,18816782
2017-07-05,316.11865234375,317.1704448195307,312.0319823490559,313.2262157216902,27209010
2017-07-06,316.09674072265625,317.72920877134305,315.0997129536283,317.4443269775344,13590313
2017-07-07,326.7461242675781,328.19232790036995,315.5379656631537,316.19531765321807,35845310
2017-07-10,327.1186828613281,328.88265082349596,326.29697809788433,327.6117115703255,3504540
2017-07-11,327.4473571777344,329.6495304160742,325.8368007814019,328.90453142984273,20995547
2017-07-12,331.1176452636719,334.163463902192,328.13756182388346,328.55388474918436,17104482
2017-07-13,336.1794128417969,336.81993408746405,332.6566049650539,333.23086844260513,23010262
2017-07-14,338.75250244140625,339.2494504545176,334.73274649033704,335.71561429862214,20530867
2017-07-17,342.72802734375,344.4618162375709,339.47025104560674,339.47025104560674,18749450
2017-07-18,335.6935119628906,342.7390980071215,333.72780592964097,341.6347724194457,19640167
2017-07-19,338.5757751464844,339.69115836182624,334.08115763520374,334.08115763520374,11790198
2017-07-20,337.6812744140625,342.3415214996898,336.5327475955056,340.07764097351,13626050
2017-07-21,350.07183837890625,351.55162454929496,341.2261765195144,342.34153025566445,97142371
2017-07-24,356.7530517578125,358.8843875143297,350.07186852073573,353.38484536428825,43429394
2017-07-25,353.85968017578125,358.8954175643232,352.8547265465519,358.84018801860725,20063064
2017-07-26,358.4095153808594,359.98870302942044,353.6277805913232,354.312473658256,21954323
2017-07-27,352.236328125,360.3420676547318,350.8117419699547,359.5690604090265,18409364
2017-07-28,352.1590270996094,354.69899661558736,348.52578969054815,351.45224810162387,14331863
2017-07-31,356.7419738769531,357.5370965308563,352.501359039085,353.81551558707315,16567422
2017-08-01,354.17999267578125,358.4095503425228,351.5075074003494,358.4095503425228,12311920
2017-08-02,359.8341064453125,361.2697208771726,355.17382941970163,355.59349142919575,20786240
2017-08-03,364.4501953125,367.7190298688552,357.15060608629403,359.3150855170393,19707381
2017-08-04,358.27703857421875,367.29938929768093,356.7199366792824,367.29938929768093,18579866
2017-08-07,356.9959716796875,360.36414834799587,356.1566771950295,360.36414834799587,9537088
2017-08-08,353.94805908203125,358.03407279367644,350.4694229976509,357.36043739728524,10961296
2017-08-09,353.1197814941406,357.8021444660546,350.07186523694463,353.7161308845041,10436651
2017-08-10,349.9282531738281,354.8535607450106,348.51472481375475,351.8497871785464,10188164
2017-08-11,341.5133056640625,348.96749581420147,338.58681786909625,342.55137345857304,16996281
2017-08-14,347.4324951171875,349.96140694888464,344.77106775114976,344.77106775114976,13440617
2017-08-16,345.89752197265625,348.08408734717625,342.3857422297132,347.20062093063217,13576650
2017-08-17,346.1183776855469,352.86581883158635,344.80422103571016,346.53801022271176,15828719
2017-08-18,347.9515075683594,348.4815991602277,343.03725744731616,345.4336535968152,7935890
2017-08-21,345.52203369140625,349.88413624643516,344.6054531285766,348.30494849574853,7573558
2017-08-22,344.5612487792969,348.9454073569074,343.67778244122997,347.2005900892563,9533641
2017-08-23,349.4202880859375,350.4141840834896,343.03727957403726,345.62142096255786,8320052
2017-08-24,346.328125,351.8608100273209,345.5440601123143,351.1761465212219,12654347
2017-08-28,345.996826171875,349.39814614579814,344.81518527932263,348.75765449737827,12316426
2017-08-29,338.3990783691406,346.2066721977142,337.92421634830305,344.9587734941719,15164812
2017-08-30,345.4557189941406,346.4937867079667,340.40895364676396,341.8003960760341,10334911
2017-08-31,352.17010498046875,352.82165446664675,347.6423432316171,347.86320246638684,25104625
2017-09-01,355.6155700683594,357.0511844708178,353.1639737771299,353.35168936859463,15431918
2017-09-04,356.3333740234375,361.36911157787165,352.46821979952165,356.80823608083756,21560532
2017-09-05,360.58502197265625,361.0819699176619,358.03402448744083,360.0107585638277,25216776
2017-09-06,363.4120788574219,364.98023815687617,358.4205429725565,359.2156360951094,48745984
2017-09-07,361.380126953125,367.74107855025056,360.01077037712145,363.54463565188126,16205339
2017-09-08,360.85009765625,363.655098312809,358.72979009353804,362.21945435673086,13248413
2017-09-11,361.2918395996094,365.2453379857186,360.6955196453876,362.79374142170957,12690592
2017-09-12,363.8759460449219,364.42809409734394,360.8942581002054,363.43419811577184,6500191
2017-09-13,375.0296325683594,379.84448116849643,363.1028816956903,363.9863479996521,29377106
2017-09-14,372.75469970703125,380.55126562556444,371.93752063969015,378.03341168690326,11867640
2017-09-15,371.84912109375,376.73022679261004,368.7349182757741,371.93746476343387,28595395
2017-09-18,373.5056457519531,375.93518546398866,372.42340616228984,375.4713516471557,5061995
2017-09-19,370.4355773925781,374.9191662343736,369.72882800841904,374.8970803161186,7718697
2017-09-20,374.21246337890625,385.41035056814684,373.3069110592952,378.16596149847163,24942703
2017-09-21,371.6504211425781,376.2223547492776,369.3975979681299,374.14621896306625,12950541
2017-09-22,361.0709533691406,371.0099134021045,359.21567689802566,371.0099134021045,12294087
2017-09-25,362.9041442871094,365.73123084181907,355.68184118572685,360.01079996459333,14229631
2017-09-26,362.26361083984375,365.3336424397479,358.7739467246368,362.9703898265132,10564143
2017-09-27,353.0093688964844,364.7373480702568,351.3970670008224,364.69317622345005,18448855
2017-09-28,347.3994140625,354.66588963136644,344.6385850391673,353.2302750520742,29547622
2017-09-29,344.9477233886719,350.46935044215985,344.15260083655147,349.74048564544887,16666208
2017-10-03,352.6559753417969,355.0854857612182,346.91345863943957,351.1761890653594,18345748
2017-10-04,361.7114562988281,364.4059976915527,351.4412079471208,353.0314237795595,18907611
2017-10-05,364.0526428222656,365.95209114606996,361.6231323544488,364.4281035076078,10631751
2017-10-06,369.7510070800781,370.766989062976,363.3679686858266,363.98640403997894,12997688
2017-10-09,366.92388916015625,370.9657308241419,365.75330581009024,370.6123265858795,8850408
2017-10-10,372.46759033203125,374.2786948439745,367.0784781257912,367.0784781257912,14732024
2017-10-11,371.1203308105469,379.1819281847069,369.2871403222968,373.39523973586347,15420644
2017-10-12,385.5207214355469,387.3097398794139,371.9816695243942,371.9816695243942,18642942
2017-10-13,387.1551208496094,393.44978498836514,385.78576431902826,388.4140772671283,21509701
2017-10-16,387.3097839355469,394.0240811128242,380.4629417397284,388.28159398583864,32009221
2017-10-17,386.2275390625,390.4902398782278,383.06913432627505,387.83984082578587,13898844
2017-10-18,403.9629821777344,405.464854135265,386.51460513703927,387.5747587209455,36671941
2017-10-19,401.9310607910156,407.2318292658565,398.8831152320808,404.5372584428407,8014767
2017-10-23,415.1167297363281,417.3033244832035,401.57767617174875,403.2562652237301,27455320
2017-10-24,412.687255859375,418.6285463461597,410.01480007757374,418.6285463461597,13857773
2017-10-25,415.1830139160156,417.83338351959236,410.58899472275726,415.271357603654,10011782
2017-10-26,418.49603271484375,423.09002288249707,411.25164319008775,415.2272274821343,16840049
2017-10-27,410.7435607910156,422.60405368125015,408.91037045602155,419.64445193869324,11498547
2017-10-30,416.3315124511719,417.6787831784575,411.0749155866277,412.5767877676922,7823263
2017-10-31,415.6026611328125,417.76714053093895,411.78167855844833,417.4137657678859,9504986
2017-11-01,420.7708740234375,423.0899546574313,417.76710036464516,418.65056667454996,17571371
2017-11-02,418.1426086425781,422.51576884908997,417.10454077046126,420.8813515665171,10277678
2017-11-03,417.568359375,422.2727787685376,415.2934504061956,422.2727787685376,4798537
2017-11-06,411.9141540527344,416.33148559755836,410.3681101274537,416.33148559755836,9757496
2017-11-07,400.51751708984375,413.01850266325226,398.90521531277113,412.2896672445481,20447574
2017-11-08,392.16876220703125,400.208272800916,390.53437467718555,398.6622289490507,17752793
2017-11-09,397.7787780761719,401.9310490507787,394.0461395882117,395.23880877431213,15007224
2017-11-10,390.4239501953125,397.97754117206864,388.3699006809376,397.97754117206864,13923102
2017-11-13,386.6250915527344,393.97990996497236,385.8520547980707,390.9319642773842,9088619
2017-11-14,391.6829528808594,395.349304735962,385.63123276595854,386.5146992154525,12481463
2017-11-15,390.35772705078125,393.4056432257304,387.81775758870765,390.7111017986682,15272059
2017-11-16,399.2585754394531,400.20829952837727,391.1528065457484,391.1528065457484,15160866
2017-11-17,402.81451416015625,408.55700087016976,401.31261260639195,405.92871738189723,12219276
2017-11-20,406.76800537109375,408.31407885291696,399.7665913214557,400.2966534382785,9231195
2017-11-21,411.9362487792969,415.07253802520114,408.8220454544086,409.39630888803543,13082246
2017-11-22,411.14117431640625,414.63083845723384,407.91651175260876,414.1007468415369,11058315
2017-11-23,418.31927490234375,419.60028777338545,409.33003991022065,411.2515739603883,16031638
2017-11-24,420.13043212890625,423.8409854333389,418.49604421126116,419.6445417847246,13987125
2017-11-27,420.2407531738281,422.95740967603604,416.9940346149211,418.42967832623117,10237135
2017-11-28,416.70697021484375,420.2408061667508,414.38788944992933,419.57822851232504,10153618
2017-11-29,417.8775634765625,419.64449623806036,415.66891226829654,416.04437294804944,8038351
2017-11-30,407.0772705078125,415.86770388331234,406.1717181648465,415.86770388331234,20637767
2017-12-01,402.0194091796875,411.36201925477985,400.95925547231275,408.3582455026828,11114967
2017-12-04,398.26470947265625,403.65382203086733,396.3873470745318,403.5213064950769,10103208
2017-12-05,403.6096496582031,406.723853206849,395.5480814976589,398.0217638036081,18306627
2017-12-06,409.330078125,410.94237995272846,401.44516790450166,401.97525953106214,24078081
2017-12-07,411.4945373535156,413.46024333177405,407.71772684673874,410.8319302245619,12095301
2017-12-08,406.8342590332031,413.8798743420738,405.97290810205186,412.51051773354504,12224184
2017-12-11,404.69183349609375,409.04290708437816,403.54333619205,407.47474782158963,10792248
2017-12-12,404.4489440917969,410.36814827100136,401.09179539545335,404.60354554997406,15782031
2017-12-13,404.0292663574219,408.5790838521436,402.2844196930765,405.0231622502856,9147866
2017-12-14,407.0551452636719,408.5570173909573,401.4230584401265,405.9508197175826,10983157
2017-12-15,406.2821044921875,412.11296454830597,405.3765522457077,411.25158414374175,24408414
2017-12-18,406.8342590332031,411.980426134856,381.0592811695271,402.8366188141747,18581421
2017-12-19,409.0208435058594,409.4846478418375,406.3925304736846,407.98277574288807,8891691
2017-12-20,405.5753173828125,409.66133062672145,405.0673412109932,408.99875301130504,10443493
2017-12-21,403.2783508300781,408.1374011184208,401.97525194157225,405.7078612306433,9071450
2017-12-22,406.56915283203125,407.452619008416,401.66593177105904,404.02921337623025,10658428
2017-12-26,410.72149658203125,414.7412521846172,405.5753295123395,408.534931411343,11596338
2017-12-27,408.049072265625,414.12284848786203,405.9508506196122,412.1350859433566,9520350
2017-12-28,408.247802734375,412.7534484736515,405.9949798647367,408.7116070657433,15511891
2017-12-29,406.85638427734375,411.82586448880625,405.72997269437417,409.26383839462045,11089700
2018-01-01,401.86480712890625,407.5852081610255,400.8709111867806,407.5852081610255,9453202
2018-01-02,402.48321533203125,406.19376806809856,400.38499382911994,403.30042390928554,9499419
2018-01-03,404.0955505371094,409.04294440475746,403.3225137949618,408.60119648615387,13507800
2018-01-04,406.5249938964844,407.18760092159874,404.49303047248765,405.57526993827673,9008932
2018-01-05,407.8281555175781,409.44048674987306,406.50297074992386,407.18766379869743,7441284
2018-01-08,410.1694030761719,411.25164284479007,407.93866576660463,409.0871633075537,8827020
2018-01-09,415.6468200683594,416.949918953857,408.15948609823374,409.9926471118475,14294571
2018-01-10,416.2652282714844,418.4959652231692,413.2393686921782,416.55234523885497,11727682
2018-01-11,414.2333068847656,416.3977862956731,413.0185221551711,416.02229612049877,7849171
2018-01-12,419.20269775390625,420.88128662363533,414.4541070749141,416.5523284184709,15071161
2018-01-15,419.26898193359375,423.3991671219498,417.52416468209697,419.6444720789422,11120925
2018-01-16,407.6956481933594,418.6285038363339,406.39254932082434,418.6285038363339,10825151
2018-01-17,408.38037109375,410.368163174072,400.6500620064502,409.0429782829287,13204016
2018-01-18,406.2600402832031,410.6331708154021,404.22807647207054,410.36813974974456,9381821
2018-01-19,411.3841247558594,412.75348142595635,407.32019710296487,407.7177437044474,9973533
2018-01-22,429.14166259765625,430.37850360430576,415.22714967023234,418.76098533026095,45700733
2018-01-23,434.33203125,437.7333516251692,430.6877657381498,430.6877657381498,22526810
2018-01-24,426.8668212890625,433.6694626437357,425.23240397722265,433.6694626437357,14289485
2018-01-25,426.66802978515625,429.36257130907364,422.3611274544124,427.5514666866288,13669901
2018-01-29,426.049560546875,431.7037037022086,423.752565811496,426.8005113405526,9897064
2018-01-30,419.8211669921875,426.623837213525,419.20273170398895,426.623837213525,9182956
2018-01-31,424.6360168457031,426.049545211856,415.91181306733864,419.64445149338667,12551686
2018-02-01,416.9278564453125,429.6276161578227,413.72530911312856,425.4974600493438,16524809
2018-02-02,399.47943115234375,416.97198169010886,397.999644973091,413.0184839222284,28965593
2018-02-05,398.5076599121094,403.07959339364197,389.5184533839458,394.9075660137017,19191099
2018-02-06,394.0682678222656,396.6744951650226,384.74774304894396,387.39814223714365,24062503
2018-02-07,395.084228515625,399.9432786891704,393.14060844620684,398.6843516745189,15532284
2018-02-08,399.5677795410156,402.26235036914375,394.17866737197033,396.6302930686932,13825894
2018-02-09,396.6082458496094,398.44140696176265,391.3737051298124,392.6989194957626,11580639
2018-02-12,404.40478515625,405.59745450176007,398.46349486478744,398.88315689473524,11877059
2018-02-14,412.4221496582031,416.33147544800437,406.8342349735693,407.71770126099653,22247829
2018-02-15,413.30560302734375,417.767076677833,409.99259718124074,414.1890692871573,13363743
2018-02-16,406.9668273925781,416.375695795918,405.55326937313083,415.0504814667845,9628162
2018-02-19,409.48468017578125,411.6933314006896,403.54339009870563,406.8342810135634,8941900
2018-02-20,406.87847900390625,410.61111809592666,405.86252650340094,410.3681729327623,8458450
2018-02-21,410.522705078125,411.9141475375905,407.3422441084825,410.80982204065396,11917390
2018-02-22,408.3140563964844,411.25157226062186,406.39252235425874,407.27598865425296,11196908
2018-02-23,412.687255859375,414.3437591358946,407.60734589689184,408.7779293575835,10610664
2018-02-26,414.65289306640625,417.39163565172885,413.7252549243972,414.7854085885204,8435611
2018-02-27,419.8653259277344,422.2064925053509,414.49829974095985,414.78541671116307,14021366
2018-02-28,421.6543273925781,422.7807387941539,416.6406761416063,417.8554312227402,56650480
2018-03-01,418.93768310546875,424.017592265509,417.8554435118435,419.53403244723427,8956590
2018-03-05,408.2036437988281,419.71073312398624,407.0993182496366,416.5523579250889,12325694
2018-03-06,402.3507080078125,413.5485947211846,399.81076802606185,410.3681335199396,16019726
2018-03-07,393.0301818847656,401.6439272474934,392.27923105957655,401.6439272474934,15853546
2018-03-08,402.6157531738281,403.9630534254239,394.5983568680487,396.5198616194217,13283967
2018-03-09,403.3446044921875,406.1054331827107,402.4390522099005,404.1397271653191,10638527
2018-03-12,410.9423828125,412.17925345401096,405.31032510667376,406.392564802586,8315150
2018-03-13,411.62701416015625,413.4602044376182,406.98885315542566,411.64910007947003,11148731
2018-03-14,410.39019775390625,411.71538247925685,406.0391534398378,410.27976815072793,14724464
2018-03-15,402.77032470703125,410.56689069499276,401.97523155334886,408.6011847573007,12711836
2018-03-16,397.5800476074219,401.8427486428174,391.3958123202465,401.53351623740934,30814962
2018-03-19,395.5701599121094,400.60586811883854,394.0240863848267,397.99967032673925,12630833
2018-03-20,393.05224609375,399.3248244347961,391.8374909798561,394.5983195021315,15192983
2018-03-21,396.1885681152344,398.5959926221546,394.5983522212361,395.2830158130466,14715126
2018-03-22,401.1580810546875,402.8366702631736,395.68062443379796,395.79105405445955,22129723
2018-03-23,394.8633728027344,397.55791422821034,392.7430653422368,393.40564299413484,23469999
2018-03-26,398.0438232421875,399.4573516819354,394.2449268584004,394.88544805847977,13227705
2018-03-27,397.46954345703125,402.30650742234764,396.23270243722345,400.73837759916535,15179544
2018-03-28,389.91595458984375,395.72472856594,388.72328540357233,395.702642645587,19160609
2018-04-02,394.4436950683594,397.9775603530314,391.59455230442575,394.46578098920827,12494499
2018-04-03,397.3591613769531,398.30888554741597,391.0424105139204,393.5823801051813,13922126
2018-04-04,395.30511474609375,402.77036314525293,394.0461876454072,399.6340736114515,14214534
2018-04-05,401.18011474609375,401.97523739854904,399.103979173534,399.8107581409622,8527915
2018-04-06,402.4169616699219,405.72993836820274,399.7665921061819,401.09177688805187,9664888
2018-04-09,404.6256103515625,405.95082461261825,403.10165228472334,403.10165228472334,7813897
2018-04-10,405.0894470214844,408.11530674208717,403.8084340815711,405.68576690463857,8455132
2018-04-11,411.185302734375,412.02456768250596,404.6476640963641,407.18763332207226,13140816
2018-04-12,410.235595703125,413.7473455406373,408.2478038744319,410.7435718769946,10822592
2018-04-13,414.71917724609375,415.97810427358496,410.235617180111,412.0025204080658,12616816
2018-04-16,413.924072265625,415.2272006795392,410.1472910217412,412.77557479784633,8934275
2018-04-17,417.10455322265625,418.4076816978869,413.46028734351694,415.2272202173379,9599816
2018-04-18,414.34375,418.8493963511984,413.04062153665893,417.5462973750717,7360987
2018-04-19,416.2431640625,417.4358333225374,413.0185015426797,414.82960609806076,9802587
2018-04-20,409.8822021484375,416.0443510802386,406.9226297362246,414.34370566235674,7326696
2018-04-23,413.46026611328125,417.14870365051263,410.14728926039163,410.8098669386417,7674482
2018-04-24,428.501220703125,430.9970185853443,413.0185456177093,413.3719498901384,19921115
2018-04-25,428.6999816894531,433.6915179925618,425.6299500807275,430.09142425772006,14079382
2018-04-26,430.8423767089844,436.4302624121801,425.05568822053596,429.8043088875614,34096999
2018-04-27,440.09661865234375,446.5900562795913,435.3259123317311,437.22536049167144,25518647
2018-04-30,425.51953125,438.4622356704007,424.06180139183044,433.77990215558435,19406069
2018-05-02,429.6717834472656,432.54301221606227,426.2925195096566,427.1538999351803,13381914
2018-05-03,424.7685546875,431.9687713909612,423.7304869065152,431.9687713909612,8634812
2018-05-04,421.38934326171875,426.1379345154058,419.64449642179534,425.3207259013143,8302649
2018-05-07,428.9208068847656,429.91470277960525,422.44945535182814,423.5537808475155,7683268
2018-05-08,427.1981201171875,433.77993187798836,426.3588255181898,431.79213974407304,10792648
2018-05-09,431.4387512207031,434.79590025201674,425.0557420300824,426.66807351494595,9831044
2018-05-10,433.40435791015625,434.92834534562013,430.3564125264377,432.89638175647445,8781584
2018-05-11,436.9824523925781,437.8879752205467,431.90254275083504,433.4485868223848,8774740
2018-05-14,435.8117370605469,438.17501868835745,431.4386074583948,438.17501868835745,5642499
2018-05-15,432.4325866699219,441.73102509162663,431.41660478439,434.24369122395944,10501479
2018-05-16,422.361083984375,430.2459934161951,420.7266963976513,430.2459934161951,18840763
2018-05-17,417.59039306640625,424.0617444069953,415.8897182894804,423.77462745332514,10353948
2018-05-18,412.5105285644531,421.19053176549426,411.69331996725697,417.70086764500707,11440117
2018-05-21,411.40618896484375,413.32772307835273,407.3201756052975,411.1411579111766,14491208
2018-05-22,409.37420654296875,412.57675342343515,408.6011698512121,412.20129278122664,11310073
2018-05-23,402.9691467285156,409.0429521991626,401.5997605906833,409.0429521991626,9991028
2018-05-24,404.5592956542969,406.83420421729545,402.0414419896049,403.7420871886662,11632489
2018-05-25,406.74591064453125,407.8944080266636,403.94093969597446,404.625603248716,17782410
2018-05-28,406.56915283203125,409.4845823679392,405.55317115226967,408.55694435709546,11369679
2018-05-29,405.26611328125,409.92636044455554,403.91884264673007,407.05513181193413,17878384
2018-05-30,404.6697692871094,407.80605849373967,400.473326397776,404.11762126862374,13105124
2018-05-31,406.9888610839844,407.4084935591212,403.98508753716635,406.83423015856675,37080158
2018-06-01,411.0528259277344,413.34982076599186,405.707855936696,406.3925489987045,19174278
2018-06-04,415.6026611328125,416.99410374954715,411.05284310965135,412.31177019024113,12250151
2018-06-05,418.6064147949219,421.85313373477703,415.66889875775433,416.46402142330567,17436812
2018-06-06,421.58807373046875,422.294823173803,416.39773506993396,418.3192690934185,9164022
2018-06-07,429.075439453125,431.12948915232346,421.6101914837833,421.8089647797292,14999572
2018-06-08,434.81793212890625,435.7897126334314,424.32679550483186,426.86676483056283,14289325
2018-06-11,434.0670166015625,441.7089521456387,432.4767712178357,436.0327226652633,15018718
2018-06-12,440.4720458984375,441.7309727735924,433.02888475573377,434.39824122632257,16285583
2018-06-13,442.83538818359375,444.3372899610448,437.09290061831894,441.7310625176865,12962502
2018-06-14,445.2427673339844,446.94341264998974,436.16518888890295,440.6045767284937,11997529
2018-06-15,448.0036315917969,452.1117312323721,441.3997636694587,444.3814517460582,24705890
2018-06-18,448.59991455078125,450.76439366581286,444.82310431577235,445.61822691585996,12363932
2018-06-19,439.9862060546875,448.26866255819596,438.9260228427197,447.87108648190514,13881382
2018-06-20,450.23431396484375,451.84664512729813,439.45608994533615,439.9640661141688,15735681
2018-06-21,455.8443298339844,457.63334841904106,451.13988119959373,452.08960529491947,22988909
2018-06-22,447.2526550292969,454.6295588363348,445.4636365066074,454.27615462354066,35370008
2018-06-25,443.6967468261719,449.0196015812494,442.74702267208113,446.7667785132994,11369371
2018-06-26,432.4325866699219,444.38142415757517,430.798198976717,444.38142415757517,17649122
2018-06-27,429.4979553222656,438.1915151045293,428.09718161759685,435.1231946488491,19595831
2018-06-28,420.20404052734375,430.67634407128054,418.13626009040524,427.78589223467634,18770484
2018-06-29,432.4328308105469,433.78913734978505,422.00499424589475,422.04946136624187,17425606
2018-07-02,427.163330078125,432.38836515827825,425.5624840558685,432.38836515827825,14570004
2018-07-03,431.92144775390625,435.1009358294562,427.0521497802258,429.1199301915295,11084063
2018-07-04,440.2815246582031,441.1264296476073,431.78806701149483,432.1438039820538,10938521
2018-07-05,428.8975830078125,448.4192118099807,426.2739636774319,443.34981193687685,40946479
2018-07-06,434.70074462890625,437.1242620655491,428.8976072959262,429.00877509721016,20039239
2018-07-09,443.394287109375,444.68386323899347,437.34658084618684,438.9474564917528,11309207
2018-07-10,456.1122131347656,457.35732207415697,444.6838377303352,445.90671311160025,22846197
2018-07-11,461.93756103515625,462.87140011542743,452.621433473813,455.8009211844155,18953870
2018-07-12,481.3035583496094,488.7075411717945,463.62737458584877,464.405578823077,52736376
2018-07-13,489.0633239746094,493.1544176396645,480.25856729725484,480.4809325754795,39301408
2018-07-16,478.5688171386719,493.1099814730018,477.16804344052815,489.0633546727231,14427529
2018-07-17,485.75042724609375,487.35127318235175,475.63386103299104,479.5026190457951,14150770
2018-07-18,485.8393249511719,491.19776070205023,479.0578821591465,488.44071053360994,10241565
2018-07-19,491.30889892578125,495.82242954019955,483.0822457145649,486.1727990577823,11885426
2018-07-20,501.89251708984375,506.2726177218478,494.4440365747556,495.11107309852804,17538801
2018-07-23,498.1793212890625,502.40381631461236,494.97762936510736,502.40381631461236,12779803
2018-07-24,494.02154541015625,501.0475281307351,492.4429033591059,498.9353103502395,9775749
2018-07-25,495.8891906738281,499.37997813581995,491.0199225689629,493.59907475330965,13014255
2018-07-26,493.88812255859375,498.71298302734516,492.62077999556044,493.6435534065623,14053674
2018-07-27,502.4260559082031,505.783412274329,494.55513877231033,497.8235609049751,14610585
2018-07-30,512.0089721679688,514.6325913491372,501.60337030558236,502.4927126149122,30344461
2018-07-31,527.39501953125,529.351632016895,510.11909958563047,511.8311132473274,30350826
2018-08-01,530.2188110351562,534.910240584873,527.1282571632015,529.351672516729,21227054
2018-08-02,519.5464477539062,529.840913329401,518.4792367942981,529.840913329401,13668930
2018-08-03,523.3706665039062,526.2833517301588,520.0799810975606,522.5035280351705,14536058
2018-08-06,530.3299560546875,531.8418379748372,522.6591708754345,523.2594472476418,8785462
2018-08-07,526.5946044921875,534.2431858687016,523.3928534238551,531.3527046103314,8879612
2018-08-08,541.4915161132812,543.6259970843528,526.9503533662355,526.9503533662355,17307566
2018-08-09,541.602783203125,547.7171609592524,538.9569003653997,543.1813957338118,14976885
2018-08-10,535.48828125,540.2909079972662,534.6434060260635,538.512163946647,7833494
2018-08-13,528.1510620117188,533.5984326141039,525.9276466509217,532.5311623692227,10211072
2018-08-14,538.3343505859375,541.2692399802731,526.6391413928889,529.1738266928132,11592139
2018-08-16,533.976318359375,540.7355573527685,531.6195018821965,535.0658517360988,13086024
2018-08-17,535.2882690429688,540.4688371828257,533.6429261586562,537.6228226346489,8379864
2018-08-20,549.1400756835938,549.9849508674034,537.022400966974,537.1335984386398,16639535
2018-08-21,554.6096801757812,556.5218255922935,545.6270849879666,550.1851129422862,15923396
2018-08-23,564.5039672851562,566.5272509074617,550.6965407791934,554.2095025896118,17429373
2018-08-24,568.0836791992188,569.1731533495449,560.3239587837522,562.6363084475881,14550512
2018-08-27,574.3092041015625,576.2435533831324,568.639498239739,568.9285048170726,12188510
2018-08-28,586.5379638671875,588.316707760197,575.8655598777733,576.3102310088651,19018790
2018-08-29,575.5098876953125,590.9849213431612,573.7312027874266,585.337418654658,24230135
2018-08-30,566.7273559570312,576.8216884553461,564.9486118914537,575.2430167338491,21545859
2018-08-31,552.1416625976562,564.7484154702348,549.895984372119,564.7484154702348,33479841
2018-09-03,546.5831909179688,559.3678738414986,545.2046508263741,553.6314372432969,26686176
2018-09-04,552.275146484375,557.9893196942645,546.5165061555106,549.251263656787,19333815
2018-09-05,545.6270751953125,557.0332171292616,537.4004211508131,552.5196563733415,22584608
2018-09-06,560.9241943359375,562.8363397708051,544.8933530973064,547.0278341212693,24487897
2018-09-07,568.57275390625,569.795629282917,557.855882086477,562.4805808966339,23389269
2018-09-10,558.4562377929688,567.8613003399703,555.8992894737322,566.9718986178387,15440786
2018-09-11,550.3851928710938,564.0370136791685,548.851047615597,559.8569858494014,23787332
2018-09-12,556.966552734375,559.7235733645063,546.4497530077666,556.6552235458823,17642490
2018-09-14,557.2555541992188,567.2386890601483,554.8098034113691,560.0348380467377,17233514
2018-09-17,545.1378784179688,556.188282233426,543.2257332409533,556.188282233426,14773803
2018-09-18,541.2469482421875,551.1412088051937,540.0018689028976,545.182436718355,16660044
2018-09-19,538.4009399414062,544.2929810817415,534.0653071897559,544.2929810817415,24642640
2018-09-21,541.4026489257812,550.2518437229493,526.2834117890841,542.0696557591392,41713856
2018-09-24,547.8727416992188,551.3634993287706,535.6216654482612,540.0462918745893,22098277
2018-09-25,547.22802734375,553.6314711353804,531.397256671615,549.406975730444,21250513
2018-09-26,556.4773559570312,557.6112971297255,545.6938128793007,550.9633146880527,13992341
2018-09-27,557.5223388671875,561.6356954516958,550.2962248448159,558.078207492442,23642923
2018-09-28,559.39013671875,565.5045741670033,554.6542395074927,560.2572753363884,24220992
2018-10-01,547.7171630859375,559.2789711752496,535.399413912335,559.2789711752496,16039441
2018-10-03,535.8885498046875,551.2301819824413,533.6429304390846,546.7388838825808,16135428
2018-10-04,499.0464782714844,529.3516817175322,491.8203634047585,528.9514776332984,50774608
2018-10-05,466.4066467285156,495.95587659737083,461.648516874642,488.9298941335185,47998260
2018-10-08,493.3323059082031,496.71189612404964,456.04555667950297,466.9180941850017,53983473
2018-10-09,484.7276916503906,499.51342515544076,480.79223265348634,498.77968796508736,24042005
2018-10-10,490.0860900878906,496.20049693497,482.17070558841056,486.43966766497186,20784941
2018-10-11,483.72711181640625,495.71132662023854,463.8052789913624,473.14364091100714,28926389
2018-10-12,500.9585876464844,502.0480617036656,489.99714639878323,491.3534231595213,19814528
2018-10-15,506.8284606933594,510.0079488528521,497.22329553432496,502.4483009152021,19406012
2018-10-16,517.5230712890625,519.1238874418267,506.9395416228051,509.6076872813694,16358598
2018-10-17,511.964599609375,524.4379543290318,506.9396365276437,524.2823490804824,27967162
2018-10-19,489.7303466796875,494.0438057632177,475.92291995334614,489.1522741167524,55606079
2018-10-22,472.5433044433594,495.73355945369144,470.1864878290243,493.5990784285721,28798142
2018-10-23,469.0080871582031,473.45491775221717,464.0943221349092,468.1409486618189,23128845
2018-10-24,465.0281677246094,478.45762361338166,458.64695801624043,477.99068917766,29869514
2018-10-25,458.3800964355469,462.76025581761445,451.9766535752421,460.6924755387042,30833933
2018-10-26,464.650146484375,470.03084576750143,454.4669094942622,459.3139440027393,20085933
2018-10-29,483.72711181640625,486.41743181850205,465.1393222129333,465.1393222129333,16781215
2018-10-30,470.03082275390625,482.70430673781397,467.8518450664481,482.70430673781397,19263668
2018-10-31,471.9207458496094,473.9662926855967,465.5840033067991,470.92020599104325,35999348
2018-11-01,469.69732666015625,474.87789438563414,466.9180723860056,474.87789438563414,20552752
2018-11-02,477.9906921386719,480.70327547846847,472.76565718095645,474.47770064866603,36739798
2018-11-05,484.8388671875,485.90610780670613,473.58835872138576,477.34594929191405,16585905
2018-11-06,490.9754638671875,494.4884552638269,485.4168959769588,486.4841364998654,18886485
2018-11-07,493.91033935546875,495.82248475692427,492.1316249894632,495.82248475692427,2808599
2018-11-09,486.23956298828125,495.28888863484895,482.482002474835,491.9315321822815,23712291
2018-11-12,480.2585754394531,488.61863138641775,477.8350580562082,488.12949307154554,12690610
2018-11-13,488.9076843261719,490.4862967119038,475.8339656351982,477.59047617865275,14899604
2018-11-14,488.24066162109375,494.7775063085712,482.70435680899146,491.397916165827,17034346
2018-11-15,487.7514953613281,490.4862824288341,483.1490003245572,487.7959624783827,14943663
2018-11-16,501.3366394042969,502.4705806953958,487.86271559228567,488.2406861278763,24131016
2018-11-19,511.38653564453125,512.1424767598558,502.93754452803955,503.7824198922258,15987574
2018-11-20,505.78338623046875,514.010039876598,502.49270102455944,509.1630056652597,12511640
2018-11-21,494.8887023925781,509.38542947633,492.2873163785177,505.82794096752576,16422494
2018-11-22,490.41961669921875,500.42501559270096,489.1967412087544,495.6001846268527,12670591
2018-11-26,493.4878845214844,496.93417502494316,487.9960473368308,493.1543811553079,13969873
2018-11-27,501.69232177734375,502.4927298832469,491.5757558178303,492.66522986852226,14896607
2018-11-28,512.5648193359375,514.8327014984241,500.8474083735428,503.582165544558,17507771
2018-11-29,519.6131591796875,524.6825297903242,515.833335098231,516.2780063151897,27640198
2018-11-30,519.1906127929688,527.3950032870343,516.8560002063974,521.3028304362663,23443212
2018-12-03,514.2546997070312,522.4590910850749,510.71941526791136,522.4590910850749,12182825
2018-12-04,512.4092407226562,514.9439259920243,507.91794275776755,514.9439259920243,11358720
2018-12-05,513.676513671875,515.2996524235381,506.62826814892566,508.60714382085075,12729759
2018-12-06,499.6690673828125,510.9417493566612,497.26775387222006,510.9417493566612,12831451
2018-12-07,504.18255615234375,505.5833000677131,492.86534798030004,502.24820681562403,15779984
2018-12-10,484.81658935546875,495.5112281320951,481.6371013493278,493.599082679723,20521072
2018-12-11,488.0627746582031,490.08608789212525,469.1414816662142,474.0329833745023,29518062
2018-12-12,493.8214111328125,495.1554840289615,483.7048747236817,488.7075441891058,27572962
2018-12-13,492.2872314453125,501.6033590860705,486.95102928707627,501.6033590860705,20337275
2018-12-14,494.577392578125,495.7780344633259,485.50583323480475,490.5307660526879,15795834
2018-12-17,502.44830322265625,503.826843329135,494.2661452465646,496.24499148080645,11077711
2018-12-18,505.3387451171875,506.494890161356,498.26823602633556,499.51337467331854,12841994
2018-12-19,505.5166015625,510.1857674825031,503.91572601692445,507.60661538435954,16118419
2018-12-20,501.8035583496094,503.60450641252686,496.33392442719014,498.49060945378,12609700
2018-12-21,489.2411804199219,503.04860635781375,487.3735021084379,500.26932244943106,18115814
2018-12-24,484.32745361328125,490.5752622459267,483.1712787781089,489.5524887743134,9065704
2018-12-26,488.4185485839844,489.152285769515,473.87738434318686,482.8377764410723,15771193
2018-12-27,498.1348571777344,501.15874001330144,490.93100577885446,492.35398327412855,27294221
2018-12-28,500.51397705078125,504.82740668429824,498.57956816290175,500.4917138051331,16768547
2018-12-31,498.601806640625,504.2048419210655,496.356157690136,502.9152360598734,15799099
2019-01-01,498.4905700683594,501.29211717323517,493.64353558398005,500.380511591524,9746670
2019-01-02,491.9981994628906,501.15869228234436,489.5968862076428,495.60012481927885,15628818
2019-01-03,485.9283142089844,495.6446470445033,484.74990584992383,492.48739248563277,16288287
2019-01-04,488.5519104003906,491.13109227912537,480.74772345630646,487.9960714293212,18516544
2019-01-07,491.26446533203125,497.3566382099471,489.5968891462382,492.2650051066426,12060290
2019-01-08,491.22003173828125,493.57684836932714,487.3735072802789,491.4201337699942,12304389
2019-01-09,493.9326171875,496.7119013047195,488.5741806820127,494.4884858846745,12614237
2019-01-10,492.48736572265625,494.04377419977465,490.4862860716892,492.59853351611844,8925160
2019-01-11,488.28509521484375,495.2888738615876,484.08283396366215,492.5318235825745,14139060
2019-01-14,487.7292785644531,489.3745916363414,483.10454981021815,486.92884074563796,8994060
2019-01-15,502.337158203125,503.38216520660575,491.3756866044057,491.3756866044057,22011407
2019-01-16,505.116455078125,509.16308183489446,502.6484408044837,504.7161916196349,13961606
2019-01-17,504.4716796875,510.452656222767,502.492803637814,508.9185107769511,16379077
2019-01-18,526.6613159179688,529.1293300822731,504.8273667420513,510.85280980484947,56181172
2019-01-21,550.3851928710938,551.3857327105305,528.5734481188317,530.9525279850722,48206814
2019-01-22,549.251220703125,554.4985184377442,542.3363764530338,548.2284770466869,36207430
2019-01-23,545.3158569335938,553.275709031057,543.4037113706246,548.4286147581106,19313542
2019-01-24,554.7208862304688,557.2778345730263,542.5588029080949,544.7377510626503,28775487
2019-01-25,554.0759887695312,562.3915759058096,549.3623563202608,556.0548642393167,18703992
2019-01-28,546.7610473632812,558.5007230218457,543.5815592935013,556.0771759770403,18744303
2019-01-29,538.3564453125,547.6948357987028,534.2208851047477,547.405769882575,20405845
2019-01-30,531.70849609375,544.7377779138919,529.6629491926045,540.2909471494282,17164298
2019-01-31,545.6937866210938,546.8277277392239,534.0653095076366,534.5099806581494,22279301
2019-02-01,555.8325805664062,558.0782591486003,545.6493727513893,548.7399266020019,20187323
2019-02-04,574.0424194335938,576.7327691603633,552.3196086388238,554.5207606926173,25528059
2019-02-05,574.3314819335938,580.0457150170757,568.572841095863,574.5316136709903,20479210
2019-02-06,582.6470336914062,585.9377193107048,575.5321163811374,576.4214587816766,20586783
2019-02-07,573.820068359375,587.5162967228948,571.9079229435836,582.6469989486654,20150710
2019-02-08,568.1725463867188,578.3113456353781,565.7489995219256,571.3297709781081,14230054
2019-02-11,557.300048828125,567.4166449072653,556.2995089683704,567.3721777883574,16457901
2019-02-12,558.7008056640625,565.7935190840021,556.5218574185877,556.5218574185877,13998153
2019-02-14,544.3820190429688,551.8527332372782,541.6249980277621,551.8527332372782,14496604
2019-02-15,553.3867797851562,555.810326626612,539.8461572542001,546.8499357176113,20994460
2019-02-18,542.5588989257812,556.9666633139243,540.2910161337148,555.8549257965359,21106139
2019-02-19,540.780029296875,551.274565434073,538.6010812612611,541.6249044942708,13658461
2019-02-20,548.8954467773438,551.4079276865402,542.0695372183914,544.2262812275901,13776558
2019-02-21,554.4762573242188,559.3233510379694,546.6720707342224,549.6292229791139,23142949
2019-02-22,548.0061645507812,553.764804671846,545.1824135447996,553.4535348502544,19152470
2019-02-25,547.98388671875,552.7420462566317,542.8033192614208,549.6292293862924,17176522
2019-02-26,542.6255493164062,549.0957236865192,536.2888356877302,537.8451850368259,22160532
2019-02-27,544.0706787109375,553.5869387145924,537.6227685570489,546.0940216134371,24308835
2019-02-28,547.427978515625,551.3412031944829,545.4268990632237,548.6286499345227,24688859
2019-03-01,545.2046508789062,552.453028929686,543.5149003151358,550.0739489514001,17329606
2019-03-05,550.363037109375,551.319109914387,541.8917832299436,544.0262644494293,15577500
2019-03-06,562.4361572265625,566.1270468840365,549.2290665171735,551.3190805032713,26332276
2019-03-07,564.8597412109375,569.1064404556395,559.4790412913804,562.0804570063062,17738092
2019-03-08,563.4589233398438,566.7273454629021,561.1910410246052,562.991988931222,13211934
2019-03-11,579.9122924804688,583.4252544303251,563.8591867487826,564.7707924193708,21258869
2019-03-12,592.02978515625,593.2081933069102,584.4256715403995,585.6040796910597,24561597
2019-03-13,599.12255859375,604.7700011248371,590.5846347537425,594.5423268583403,24577591
2019-03-14,596.5656127929688,605.6594053107309,594.1420658815271,600.2120350971369,22753310
2019-03-15,587.7164306640625,604.2364100965389,583.0694684590887,598.0997697695152,34764353
2019-03-18,600.3455200195312,603.8585414627295,590.9849234986921,591.8742659558787,22104063
2019-03-19,612.129638671875,613.6637840318997,597.2549414208606,604.770062981689,21448030
2019-03-20,611.6404418945312,617.2212140144412,606.5488081067413,612.6854489247503,21639437
2019-03-22,596.654541015625,614.0639216497333,594.4089219621295,610.3285651498567,25078643
2019-03-25,588.9616088867188,594.4757104943625,585.5153176451882,591.6964261280339,17394088
2019-03-26,607.9940795898438,609.9284290452625,591.4295723187786,591.5629736823022,20734876
2019-03-27,599.98974609375,612.7521657804966,597.7663307190293,612.7521657804966,22079870
2019-03-28,604.77001953125,609.1279751855097,597.1214971568348,600.4343864888832,22930248
2019-04-01,618.933349609375,625.5813333057491,605.9041256014686,609.2170155104245,22088854
2019-04-02,617.9772338867188,623.9360064078156,613.7082713893142,621.6681237916105,17526740
2019-04-03,611.529296875,623.8915126137143,610.1062896471476,619.3334843305834,17169813
2019-04-04,601.6796264648438,615.3091862738775,599.1004144585554,613.2191720148456,18320845
2019-04-05,602.0574340820312,606.5042643677637,597.2103997569392,605.1924547766507,14717266
2019-04-08,591.0960693359375,603.6584176039115,588.6281143007074,602.9914107523164,19081843
2019-04-09,593.4083862304688,596.1876106976699,587.4273512674519,590.940372210303,20774977
2019-04-10,592.0520629882812,599.4338419665922,589.8731148625114,594.9647482369978,16651949
2019-04-11,598.9002685546875,601.6572893551589,590.9848837435666,592.7413646626808,12558520
2019-04-12,597.2548828125,603.3915230190657,594.3866647342375,600.3231732314594,12948769
2019-04-15,595.9430541992188,599.8562790788998,593.6529087106474,598.0997389733817,9285737
2019-04-16,597.5438842773438,604.7699383783045,595.876278529146,598.0996934914357,17360317
2019-04-18,616.3095703125,617.9993206473149,606.9934427550846,611.4402728997795,39286534
2019-04-22,598.2554321289062,607.8828302001219,596.4544248221322,604.770013246378,23607922
2019-04-23,606.482177734375,610.5510086407193,598.5445882957199,599.4339307773283,19807450
2019-04-24,617.8883056640625,620.2451225482408,607.5493730542112,609.3503805860372,16101112
2019-04-25,610.2840576171875,628.071437245519,605.926161778818,617.7103030089116,30469914
2019-04-26,619.3556518554688,620.7564551251317,609.528181305051,611.4403267472761,15069884
2019-04-30,619.3556518554688,620.9565274717629,607.7939043347865,620.9565274717629,22348580
2019-05-02,624.8030395507812,628.7384682810313,614.597510131298,618.9998732533446,18992003
2019-05-03,626.492919921875,630.3394745889589,623.7358988512833,626.0927158038522,14240262
2019-05-06,615.8427124023438,623.8025642845884,612.8188295325302,621.668083175341,15832114
2019-05-07,597.4327392578125,620.3339569377828,595.9652650685441,620.2450227062299,19417647
2019-05-08,577.844482421875,595.8764047390747,574.6205270752714,595.8764047390747,31958919
2019-05-09,558.7230224609375,573.108520460313,556.6330086290789,573.108520460313,42670173
2019-05-10,556.3662719726562,568.1726192629694,553.6314549463908,562.5251167243712,24557430
2019-05-13,547.8727416992188,560.6573639690338,545.8493988853006,554.9209873160831,17603659
2019-05-14,560.5018310546875,564.4595235931789,547.6282135242501,549.8516289609847,28438234
2019-05-15,558.9230346679688,568.3058920280824,556.1215472776911,566.0824770867141,24419559
2019-05-16,562.6807861328125,565.593471669986,559.4568307423665,560.2795021817708,14451308
2019-05-17,563.5924072265625,567.8391065367374,556.7442327926992,563.4145387341147,17276949
2019-05-20,589.6063232421875,594.8536213108704,579.6453918934102,584.1367489505126,26979100
2019-05-21,595.7874145507812,607.8828266181661,591.4517815790188,592.4078542813324,30343560
2019-05-22,596.0543212890625,604.6367138649781,593.6975043019173,598.3889343980982,24689918
2019-05-23,593.163818359375,618.9999268330204,589.2061260447321,610.1062655891104,38766006
2019-05-24,594.4756469726562,602.0130316473468,585.4263208404058,599.4338793034989,22269265
2019-05-27,582.8248291015625,594.7646352281193,581.2017497397413,594.5867667703112,16076686
2019-05-28,588.6502685546875,593.5640337021803,584.0255693695124,586.893787642564,42594251
2019-05-29,583.8921508789062,592.8970095110765,579.934458605217,587.4273758435999,15558515
2019-05-30,591.3184204101562,596.7657910486324,585.3151810856352,585.3151810856352,23494381
2019-05-31,591.4962768554688,596.7213117869429,587.071650070184,594.9425676489825,25724066
2019-06-03,604.8590087890625,607.9940296272227,587.516298638274,593.6529389620333,18556942
2019-06-04,601.0569458007812,611.1068116046075,599.4783333814987,603.6360980885171,15442761
2019-06-06,590.2510986328125,605.6149325640446,587.4718148138544,605.6149325640446,16764835
2019-06-07,584.71484375,590.2066814942485,580.5792828507242,589.6286089339727,14722419
2019-06-10,586.604736328125,590.0954943640182,582.5803728426142,587.3829406264767,11768468
2019-06-11,591.051513671875,593.4305934724914,586.0933410981103,587.8053547784031,11492074
2019-06-12,592.3856201171875,595.1649041263249,589.2061320343628,593.5195613436267,10297599
2019-06-13,590.2066650390625,593.5195544412555,581.935543471113,591.4295404898774,15686169
2019-06-14,585.8931884765625,589.206077611282,582.2690295355039,587.8275376717066,14942768
2019-06-17,570.2180786132812,586.9826557986509,568.5282688866099,586.9826557986509,14908257
2019-06-18,569.6400756835938,572.7306295845631,564.3483102839548,568.7062067925273,16797371
2019-06-19,568.0169067382812,578.97837779512,561.4578584462031,572.2636649065373,14492763
2019-06-20,576.643798828125,578.0890692931227,568.3060059684988,569.1953483758955,10748848
2019-06-21,568.9729614257812,576.3102730992397,567.2164806453644,576.288009856738,23236832
2019-06-24,561.3688354492188,567.616612929062,559.012019211633,565.7044677988246,11267228
2019-06-25,576.24365234375,577.1997252115926,557.7447941029602,559.8126044598255,14966899
2019-06-26,575.4876098632812,580.1345720095973,572.0190560013318,574.0868659940008,11593027
2019-06-27,566.593994140625,576.7105312192405,565.1931907910755,575.0429845151868,24905533
2019-06-28,557.2333374023438,570.462690213797,555.2544617015469,567.9057420091402,18942165
2019-07-01,564.2371215820312,565.9268719949085,554.2761907260495,559.4344949342307,13478857
2019-07-02,568.5283813476562,569.6401188033373,561.7692004725765,566.5050975449429,10146746
2019-07-03,570.329345703125,572.0858861834106,566.9942519788366,570.48501032405,8806492
2019-07-04,570.9741821289062,574.0869997804111,569.1954376664265,569.8180368179243,9351405
2019-07-05,561.7913818359375,573.8645912734532,560.3017035746956,571.4632479644022,10926753
2019-07-08,556.7664184570312,563.9035985122777,555.0544047714505,559.4123009664904,14009219
2019-07-09,569.2398681640625,570.7518097651783,553.8538275119722,555.3879729910013,17535754
2019-07-10,568.6839599609375,573.3531259576268,564.1703991885711,569.2175653620112,12018196
2019-07-11,569.8845825195312,573.5532681405218,568.8840426899244,572.3081294799662,8608376
2019-07-12,569.417724609375,578.089050270766,568.3281911431877,570.5294025820405,15692436
2019-07-15,567.461181640625,573.4198950425914,564.9042329367624,571.4188150775958,10659498
2019-07-16,574.976318359375,575.8212531123789,567.88360405312,569.1732100610424,10070773
2019-07-17,570.0180053710938,576.7549817270252,569.1953339807314,575.5543101387531,9482233
2019-07-18,561.1243286132812,572.0413326152861,559.4123148851044,570.084720053663,11942908
2019-07-19,555.4100952148438,566.0602359835875,552.6085483463659,563.9480184225731,16336536
2019-07-22,569.417724609375,571.1964093656397,545.7605049272529,556.299508951372,29092589
2019-07-23,566.3272094726562,575.3764765784953,560.4795751467659,571.4187839881948,20316348
2019-07-24,559.9014892578125,568.6617495471938,557.433474995596,566.3049327715216,15189179
2019-07-25,547.6281127929688,564.3260184263826,545.6270333311229,562.0803401577128,21805071
2019-07-26,539.7572631835938,552.5196824605647,538.0674533045859,547.6281806669657,20387504
2019-07-29,538.4899291992188,543.4036943148075,535.888513661204,541.1358118566359,17626045
2019-07-30,525.127197265625,542.5143760427064,522.9260450730362,539.824026146295,20853117
2019-07-31,518.612548828125,526.9503408040927,516.9004758223577,522.8370435528417,21229950
2019-08-01,524.8381958007812,528.3734210380151,511.54211079766753,517.3452186160949,22628222
2019-08-02,529.822509765625,536.0407184639276,519.8689203633062,525.9529269855664,23766807
2019-08-05,511.4811706542969,522.0610382541031,504.61428752999774,522.0610382541031,30399133
2019-08-06,504.74847412109375,514.2771215118842,501.9301703949488,507.6339087573893,29067994
2019-08-07,496.29351806640625,509.3338769283476,493.4751843934342,503.9432766269725,25349369
2019-08-08,515.50732421875,518.0348268120429,489.9858131797809,495.8237534899631,31198568
2019-08-09,519.8690185546875,525.8635582584843,515.4849637925847,519.7572133327016,21970009
2019-08-13,570.263427734375,582.8116539527516,548.4549569719392,551.6535302947624,104827144
2019-08-14,576.3026733398438,583.5497663510162,572.7685650438011,583.3484930514089,31688983
2019-08-16,571.71728515625,577.8907613008839,569.4805236306593,577.6223570848148,21977767
2019-08-19,578.2486572265625,580.1275465408661,572.6119892836517,573.0817265434819,16317602
2019-08-20,570.8001708984375,578.2485964535656,569.3015509257864,576.9960435256826,14969299
2019-08-21,568.5634155273438,572.0080555654605,566.5727211691215,570.6659748321008,10677848
2019-08-22,557.7374877929688,568.585759842969,554.2257765227104,568.5634226883876,14031953
2019-08-23,570.7554321289062,574.4013453869694,548.6785598455581,554.2704931165212,21307915
2019-08-26,566.7069091796875,578.8748646445653,563.2175351947169,578.8748646445653,19202504
2019-08-27,570.3080444335938,574.8486379698815,564.2016404304748,574.8486379698815,28401906
2019-08-28,565.14111328125,573.0592753026816,561.8978065959892,569.8159686174208,11605488
2019-08-29,555.5006713867188,563.7767057901501,552.6152368804542,562.0767529347145,18890222
2019-08-30,558.542724609375,561.1597553095268,546.2181691725724,557.1783066454112,24735240
2019-09-03,539.686767578125,556.0599009833398,536.8236700987924,555.724365883025,18730619
2019-09-04,537.3381958007812,539.1723510117648,530.5831771530227,537.0697915833224,32949395
2019-09-05,536.1973876953125,542.7287354271208,533.8264243161294,539.8656977046184,22995486
2019-09-06,546.8892211914062,549.7970532093376,534.6988669384035,538.1658445876508,23186819
2019-09-09,546.7549438476562,551.5863388996204,542.7064242418458,546.0615364682053,11747929
2019-09-11,552.2125854492188,554.7177506352324,546.8890571695634,546.8890571695634,12127900
2019-09-12,541.453857421875,554.9191609506446,539.3736948324291,552.4811260640912,11880005
2019-09-13,548.2760009765625,549.5732880390341,539.9104972253901,542.1919928188903,12947715
2019-09-16,541.6327514648438,545.3681328630463,530.6054836798681,531.9028303810459,20547730
2019-09-17,535.6829223632812,541.7445926965229,533.9158982485218,541.7445926965229,15640772
2019-09-18,539.3737182617188,544.1156458544061,535.571205489745,539.0381831060973,14933909
2019-09-19,527.4517211914062,541.1630927089793,524.5886828970018,540.3354831037566,13766222
2019-09-20,561.1372680664062,568.0936185993667,525.326692461689,531.4330367203619,48165560
2019-09-23,554.3599853515625,573.0593493887246,552.4810961684015,569.994978423035,21610844
2019-09-24,572.0304565429688,581.0222372021885,555.9481217276539,556.328390918286,34958974
2019-09-25,572.4107055664062,579.32232332458,567.6240441545225,574.4014000766002,18192270
2019-09-26,580.1275024414062,581.0221831301985,574.1776966858998,577.9802090632921,18350457
2019-09-27,585.6075439453125,588.2693084591403,574.4013403478185,578.203852549714,19058663
2019-09-30,595.9862060546875,597.5519570913995,584.0418596982262,586.0326139534781,25263770
2019-10-01,583.7510986328125,600.3479037772651,578.5617712854157,598.1111422538224,17920384
2019-10-03,586.5023193359375,588.1351414776207,573.1935556971858,575.296115069358,13524851
2019-10-04,585.1825561523438,594.3533316552545,583.2813298639416,590.4613512863376,14992253
2019-10-07,586.0772705078125,590.8639313350587,582.3194924065126,585.1825301515461,10061584
2019-10-09,592.6310424804688,594.9573319134045,578.2039269700573,585.4510800476256,17588647
2019-10-10,609.6304931640625,612.4264003120319,590.9534655095318,592.7428866972427,35006390
2019-10-11,605.0897216796875,610.9053244795671,597.9097011668562,610.0553182247747,16597126
2019-10-14,607.5054931640625,610.6145980694955,604.3069201919269,610.6145980694955,13394275
2019-10-15,610.2567749023438,612.8738056514717,605.8503229501799,609.5186334301526,9672791
2019-10-16,613.925048828125,617.1906930560849,610.0554055497727,612.8290351255885,19403660
2019-10-17,624.7285766601562,625.8469872240627,613.768439813928,615.1105205456134,16038940
2019-10-18,633.6085205078125,638.7754504466981,625.7127549286956,628.0837183177501,28121951
2019-10-22,632.6244506835938,642.7793159767306,627.7929955153656,637.4781832827847,27786502
2019-10-23,622.8944091796875,637.9031250769546,618.756421570499,633.586201337099,18446160
2019-10-24,642.6004028320312,644.8148273290326,620.2775203328073,626.7417382194742,22642488
2019-10-25,640.251708984375,644.8370366166074,631.327001295776,644.6804973751445,13539957
2019-10-27,641.6162109375,646.4252690742446,639.7149248380822,644.635847926269,3014841
2019-10-29,656.2893676757812,662.0825743744294,645.1278977377407,646.6489146143203,25768505
2019-10-30,661.679931640625,664.1180259398081,653.2696948361131,662.0825379232862,16341366
2019-10-31,655.0814819335938,666.3995507299683,653.8960001863959,663.8719882562208,19463741
2019-11-01,651.7487182617188,653.9407456609271,644.6358276540866,650.8987716125406,13904301
2019-11-04,652.084228515625,658.0563711617599,646.4699581291821,655.7748757812135,14063434
2019-11-05,647.4541625976562,657.1393502221374,644.6358585848789,654.5223792352792,12685356
2019-11-06,641.9069213867188,647.0738515591739,639.0438835228734,645.3962954434453,14625505
2019-11-07,652.5092163085938,654.4775136905121,640.6990736670325,641.9516862714436,14084039
2019-11-08,646.64892578125,652.9789409956463,644.7700366012668,648.2146767187381,12019353
2019-11-11,638.7307739257812,646.0897317907238,636.3821474784538,643.7858393788213,11357841
2019-11-13,658.637939453125,660.248424410004,639.7149054535805,639.7149054535805,25225749
2019-11-14,654.36572265625,662.7982967967988,651.2566178185523,660.2931312586918,14258133
2019-11-15,657.9893798828125,665.1246679644767,654.5447395149349,655.6631501873038,15691605
2019-11-18,652.7776489257812,664.7666684900898,651.0776959332642,658.7945257246133,14076051
2019-11-19,675.391357421875,677.6952498210799,655.3723092919387,656.2669899955055,30176255
2019-11-20,692.3460693359375,703.4180720863752,690.3553748079881,695.6565075554682,43538120
2019-11-21,687.85009765625,696.0813988250823,683.8015779854442,691.1605356274156,14897371
2019-11-22,691.83154296875,702.1206693826493,687.8500945047838,689.8631857536991,22352865
2019-11-25,698.5642700195312,700.0181560781981,693.8446798240759,693.9118107417911,15146156
2019-11-26,697.9827880859375,705.1851478113239,696.0815017692834,701.4944998672602,35330983
2019-11-27,702.2772216796875,704.8047840125307,696.1260833946722,697.8484331714806,9642739
2019-11-28,706.9521484375,708.6744386628012,699.6379246125003,703.5298454170753,13747479
2019-11-29,693.9118041992188,707.6902457553092,692.4355212735608,707.6902457553092,18559594
2019-12-02,709.7257080078125,722.2291992065935,705.4758552570175,715.7649818734178,31225364
2019-12-03,706.3258056640625,713.0808241214206,703.5075017351681,712.5216785466492,12990426
2019-12-04,694.605224609375,705.6995644648412,686.1278557937455,703.6864730649567,20987607
2019-12-05,693.777587890625,706.7060824908307,690.7132168735769,704.1337858639256,19942460
2019-12-06,695.5892333984375,701.4495702694635,689.4157583299145,694.7392868623745,13085234
2019-12-09,703.5074462890625,705.6547395239869,691.8315057288436,696.148489076925,12642677
2019-12-10,698.7431640625,703.9548283487694,695.2537899519466,703.2614209575684,10173333
2019-12-11,698.9444580078125,704.357395282487,693.6656631029554,695.902424408401,12364641
2019-12-12,701.5391235351562,704.0666860237436,696.3721933363692,702.4562010874308,10326606
2019-12-13,708.115234375,711.2914703427954,703.4180412015133,706.8178876216022,12668303
2019-12-16,700.8233642578125,713.0360538117269,699.8168186594121,712.1861071903043,11892718
2019-12-17,699.07861328125,706.3704391201239,695.8800406479394,700.8903713025642,20324601
2019-12-18,704.9613647460938,706.8178569998239,698.7655517905632,699.212892125798,14742077
2019-12-19,720.2161254882812,722.4305498496976,703.1496428791409,703.9995895600298,20507816
2019-12-20,715.3623657226562,723.6160040571339,714.0202849737523,722.4752563243196,21271510
2019-12-23,702.9706420898438,705.7218149032799,696.8866346005615,697.9155173301782,25107772
2019-12-24,691.8092651367188,703.2614774131188,690.0421810600255,701.8523253630461,18048449
2019-12-26,677.9189453125,694.7170240868594,675.570318790412,689.6619584729085,29761019
2019-12-27,689.97509765625,691.6973879397483,680.5583141243674,683.1082139531873,17677571
2019-12-30,690.8026733398438,692.3460274000547,683.5779176956529,691.5855488098815,17123749
2019-12-31,677.31494140625,690.5789702805088,674.6308397260912,689.8184320015399,22203005
2020-01-01,675.3241577148438,683.1528519736394,673.4900624593615,679.0819357370663,14004468
2020-01-02,686.8212280273438,689.3487905881979,676.397899264457,676.397899264457,17710316
2020-01-03,687.6488647460938,689.6619561224467,681.3187895160008,685.7923126356704,20984698
2020-01-06,671.70068359375,683.5107670428088,670.13493269889,679.9767186772816,24519177
2020-01-07,682.0345458984375,686.4633346701793,677.0688889990518,679.5293205694625,16683622
2020-01-08,676.9124145507812,686.4410035098094,675.5032624964547,677.7400241132464,16047902
2020-01-09,692.5025634765625,693.3972440896104,685.0094043047601,688.2974451452224,14982742
2020-01-10,692.3460693359375,696.9537946408119,688.7672268918529,694.2472957890357,12478359
2020-01-13,690.5789794921875,697.2892636445985,688.2080160085029,691.182918802657,18282382
2020-01-14,684.181884765625,693.3973351908096,680.8043754201078,688.9238120878065,15816535
2020-01-15,681.6990356445312,688.8790573291237,679.1938699492092,687.0672990416617,15817859
2020-01-16,687.9843139648438,690.4224084594933,683.55552505049,684.0029251254354,12847975
2020-01-17,707.2652587890625,709.0322829800654,694.8288390890643,694.9630411899628,29463471
2020-01-20,685.5015258789062,719.7911481994419,682.839761284159,719.7911481994419,32545850
2020-01-21,686.1950073242188,691.5408742450458,680.8714775601642,683.8240435553602,18922720
2020-01-22,685.9488525390625,691.9433921150559,684.9423069375898,690.7131763493682,10322817
2020-01-23,683.0411376953125,689.796156393504,680.2899048582964,687.3580618125278,11247739
2020-01-24,680.670166015625,687.2909825261135,679.3280852091012,683.1082008428737,14628445
2020-01-27,673.9598388671875,681.9674704241261,673.2664314282462,677.6952802850295,13387750
2020-01-28,658.3919067382812,675.5031818296184,654.7459935025485,674.8768456496997,24532236
2020-01-29,662.0154418945312,668.5243925324733,654.9472262974796,659.4207487202938,24746565
2020-01-30,645.8660278320312,661.9483606637074,644.1884717288344,661.6352224321117,22402689
2020-01-31,631.5060424804688,650.115939458839,629.5153479649114,650.004074503463,34750310
2020-02-03,619.8076782226562,626.2719547408867,609.7646194987522,612.8289902103342,30712290
2020-02-04,638.1044921875,640.8333280510134,625.3101998110101,626.2943485822723,25383901
2020-02-05,647.990966796875,649.9145900708021,639.8491930659694,641.9069587229454,18472100
2020-02-06,652.1513671875,656.267018049872,644.2332634474068,650.496207815146,15538577
2020-02-07,641.3478393554688,649.7133433335028,638.9544787429636,649.1094039600182,12209212
2020-02-10,642.22021484375,646.6490042608419,630.969275278225,638.8203083482963,15142476
2020-02-11,649.8922729492188,655.9091502920886,646.4476326193693,647.4989123607826,13999816
2020-02-12,657.7433471679688,659.7788355859949,650.8988598376147,651.4133311627777,13533565
2020-02-13,659.465576171875,661.076061195236,654.2986456938107,661.076061195236,13565659
2020-02-14,665.482421875,671.6782343336056,650.0487037471439,660.8523004641426,21227841
2020-02-17,661.2997436523438,673.7808982963232,659.5327193324579,666.108801931165,13149130
2020-02-18,656.4458618164062,660.248373884015,651.9723392868693,660.248373884015,11127161
2020-02-19,672.7294921875,673.9149738050373,659.8904676603004,661.7916937337079,14084409
2020-02-20,664.744384765625,674.6085086758875,663.7825731086709,669.6876451612479,16892268
2020-02-24,646.40283203125,660.7404777544862,643.9871345353313,657.4971707893623,21370214
2020-02-25,633.6309814453125,649.2883120922913,630.7678836964259,649.2883120922913,27745062
2020-02-26,622.7155151367188,631.8191601622372,620.6353526146177,630.7678804610105,29362748
2020-02-27,620.143310546875,623.520820005058,612.4264202255112,620.9261263497503,25054993
2020-02-28,594.3756103515625,607.0580958283585,592.7427884250544,606.1186214911856,39315769
2020-03-02,588.7837524414062,612.4263145698782,582.0510718430629,606.2081051825395,29500495
2020-03-03,600.7280883789062,605.6713484615526,591.4007735026032,594.8454135797672,27398798
2020-03-04,599.3189086914062,605.6265863851147,585.0930684252744,604.8213738082619,22105261
2020-03-05,586.547119140625,607.4832471398267,584.2432264899035,604.9109502487335,30510390
2020-03-06,568.5857543945312,576.2579099445863,555.2099199542964,568.1384140570675,33734039
2020-03-09,498.41845703125,555.1651920392663,489.85165057435484,554.7401888514859,88187018
2020-03-11,516.044189453125,527.183262933386,495.6672390040311,495.6672390040311,59578576
2020-03-12,475.53631591796875,492.5357258130127,469.1391701914128,485.37810154536595,55970485
2020-03-13,494.4593505859375,509.982477758339,421.5855519763993,446.45836059532905,73297403
2020-03-16,454.3765563964844,483.00714524632815,449.58986531183916,474.4403385952524,38482258
2020-03-17,450.9319152832031,474.19426900063905,448.78462201274766,468.49050072051966,45445979
2020-03-18,433.2615051269531,463.41311163950786,429.9063628131876,458.6711544738802,44730415
2020-03-19,410.53594970703125,432.5904563115507,399.128442171934,411.60959642106957,61404010
2020-03-20,455.3830871582031,462.9657149231966,416.03836966442924,420.2882223245293,63360475
2020-03-23,395.4825134277344,424.98544483853334,391.72473514239124,409.86489349215907,40670949
2020-03-24,422.032958984375,433.93254185914833,400.7389591466198,416.03841857668414,45734887
2020-03-25,484.1478576660156,515.1494078462537,430.912866475202,431.15890365113535,73130298
2020-03-26,476.9678955078125,499.64870950698065,466.29852893357656,490.209558827126,45744488
2020-03-27,476.699462890625,495.3540929516579,468.0208212280606,489.8516573515531,41657940
2020-03-30,460.9749450683594,480.81505447823497,456.3001195499544,465.5155983611795,30229866
2020-03-31,498.239501953125,505.4194933506304,468.8260394087323,480.43484934010263,44292810
2020-04-01,483.3426513671875,503.093264271414,467.5734569491014,502.0419846435416,41597459
2020-04-03,482.0006408691406,507.4997897099809,472.5391228402064,507.4997897099809,41367807
2020-04-07,539.5526733398438,543.0867222762461,492.0884825342907,493.02792725045947,54373624
2020-04-08,533.31201171875,549.7970116946221,518.9296308909336,527.8766770166352,49880330
2020-04-09,545.7483520507812,551.4968241624882,533.692202595293,543.0865877041133,33032857
2020-04-13,531.969970703125,543.534047096568,527.8766572382242,538.590786977077,23673784
2020-04-15,514.3888549804688,552.9283228822885,511.3244846445434,535.5039122780124,35321842
2020-04-16,522.53076171875,531.2094028193618,512.2192985890305,514.3889290016788,37455706
2020-04-17,547.5601806640625,550.2443422338717,533.5356723756136,543.9813981126731,33269335
2020-04-20,556.4177856445312,562.3227974116861,537.7184224485133,548.4548889228998,36030932
2020-04-21,553.5324096679688,560.0860954670951,520.719067459836,541.2972622124873,61371628
2020-04-22,610.0106201171875,619.5392672425052,581.5590002828025,590.506045286382,142683366
2020-04-23,613.2764282226562,619.964375961398,605.4029986108286,611.6883400063555,65464502
2020-04-24,633.8992919921875,668.7704533015283,602.6740436590786,603.9937273862114,134986308
2020-04-27,639.6030883789062,659.8458058753123,636.5834515375906,641.5043146604703,58482901
2020-04-28,638.887451171875,651.1001429639149,622.7827186460784,648.662107872108,78453401
2020-04-29,638.3504638671875,650.294808910519,635.2413590168171,646.3804914740855,37494672
2020-04-30,655.8197021484375,668.7705945819996,643.3162098274911,650.4291011653437,71345899
2020-05-04,642.0411376953125,655.372237059235,634.100578563775,644.1884308722197,53456868
2020-05-05,653.4262084960938,661.6351717003255,647.4093321949724,650.3171635725639,44903763
2020-05-06,653.4710083007812,664.2969422025669,646.6488596777011,654.9248941405343,40489094
2020-05-07,674.1387329101562,677.1360326646604,646.4252520396666,650.8987749292127,50026966
2020-05-08,698.6761474609375,706.7731874423821,687.6264818225529,691.1605902433332,84262770
2020-05-11,705.3864135742188,722.4752932861393,703.3733222103791,706.8179027396051,67085063
2020-05-12,661.7470703125,701.6062908611085,655.372320874391,700.0181429966896,100683202
2020-05-13,675.7872314453125,689.5834112989287,656.6170544616783,689.5834112989287,66430125
2020-05-14,648.4656982421875,675.9000219142658,645.8013059494067,663.390858072304,49266771
2020-05-15,659.0556640625,662.3523056062347,639.0500542508714,652.101104371265,62152260
2020-05-18,650.6334228515625,669.2616544401022,644.875632962838,663.842565100716,62796089
2020-05-19,636.2501220703125,660.0943173105137,633.6986696085636,657.9718098763932,42315854
2020-05-20,647.44970703125,653.3881649537279,629.0698124523583,636.7469251931129,55320985
2020-05-21,650.8591918945312,659.9813507786306,643.5207801115246,648.0367074472184,39167981
2020-05-22,646.4788208007812,658.4234659784153,644.1982807272651,655.6236168765307,37828973
2020-05-26,643.0918579101562,654.6752261523151,639.5919719683144,653.9752489639468,33216635
2020-05-27,652.8010864257812,656.61703698639,637.6501047337907,646.2303793438942,35667956
2020-05-28,664.8585815429688,668.2455271815335,654.359044090917,657.0685886567666,40126278
2020-05-29,661.3135986328125,664.7456963541632,656.007389810822,662.9393134152917,40022527
2020-06-01,686.580322265625,694.7090163146383,666.5295595380629,668.3585186853417,39943702
2020-06-02,693.51220703125,695.4541060723005,686.7834677262479,689.1317954741431,22153960
2020-06-03,696.19921875,704.4859445214847,692.4509368094127,697.712053268636,25381289
2020-06-04,713.4275512695312,717.8080227909754,695.9057249087699,697.2604674305974,34202350
2020-06-05,714.2855224609375,730.6783659768879,710.6727564801458,720.291708575871,33076685
2020-06-08,708.7760620117188,730.8590266524802,706.7439184964705,730.8590266524802,31414953
2020-06-09,694.1670532226562,714.8726404733965,692.29294201313,704.6214390965813,25857161
2020-06-10,709.9728393554688,713.3146329578219,695.4766830422209,696.8540015463917,22132647
2020-06-11,694.4154052734375,708.0760679196416,691.3897362648564,707.1954823716251,20385805
2020-06-12,717.4918823242188,719.3885695925972,676.0355556331963,677.3903578499011,38548899
2020-06-15,729.1204223632812,734.7201801016447,704.9827364804711,706.7439674657269,53107403
2020-06-16,730.5429077148438,744.474543171046,715.9112353938917,741.9682427707079,51187003
2020-06-17,729.4816284179688,738.5586354119855,723.4980185831051,726.2752912652263,41782053
2020-06-18,747.793701171875,751.9031997400788,725.0785489207035,725.7107978465832,40471557
2020-06-19,794.5337524414062,807.8105634275437,750.5485488531187,754.1612552518901,105804173
2020-06-22,788.5501098632812,814.7650899304879,783.5148135515716,800.8560305108304,60198705
2020-06-23,777.1473999023438,796.4981855618333,774.9797401799827,790.2887548472605,37962078
2020-06-24,780.2859497070312,800.539956785878,772.9927488541816,783.9212919679801,51586221
2020-06-25,775.7925415039062,789.8371168459703,773.6023058840819,779.9020403666149,39679374
2020-06-26,786.5179443359375,791.191964274281,775.3861571652835,780.7150021666101,30921913
2020-06-29,778.1634521484375,785.6598967514907,774.7313543352946,780.3762638421109,25621946
2020-06-30,769.560546875,786.2243018289918,765.6993848508981,784.4179786955026,30276420
2020-07-01,784.6889038085938,789.8370801059237,771.3443062214384,776.7408788298266,28464103
2020-07-02,798.1976928710938,801.485081567038,786.725864305351,790.3306639056832,28789533
2020-07-03,810.6897583007812,813.0023064997346,801.6664846343106,807.0169546549783,29434266
2020-07-06,839.6640014648438,842.4752438841282,812.5941218966552,818.4434059167284,47016185
2020-07-07,826.8092651367188,845.3546275122593,819.032966945957,843.3822180562978,35189589
2020-07-08,815.2694702148438,832.0237061429656,811.6420023700266,827.0813186844387,26204095
2020-07-09,827.1719970703125,832.0463807901345,809.9416146203339,820.257200151335,36418942
2020-07-10,851.5665893554688,854.5365672443328,827.1719444149811,829.0990778284718,43759967
2020-07-13,877.3895263671875,883.1480789947044,861.519399808991,863.0383906975433,69608392
2020-07-14,869.2277221679688,880.4274760561808,855.7608159923657,876.9360759259316,67331128
2020-07-15,836.1272583007812,897.2498214760561,815.2694681656544,878.7271275560773,139669773
2020-07-16,835.8551635742188,847.4629995747565,821.8214399496038,837.4874939607755,60961724
2020-07-17,866.8245239257812,870.5879989548259,833.4066071401047,836.5806561826539,49726765
2020-07-20,870.5426635742188,876.0292010321696,861.3607145700907,869.5904907729887,36592938
2020-07-21,893.96240234375,896.4336259674744,878.0696681167741,879.2032442811862,42173371
2020-07-22,908.67626953125,911.3968402873401,889.0426683207968,899.1541819328522,59771457
2020-07-23,933.07080078125,943.0009104541319,902.9402730055884,908.6534892544267,58333751
2020-07-24,973.1314697265625,980.771759562493,933.0708309814001,933.161502678431,120597372
2020-07-27,977.6885375976562,997.0047292904097,964.8564523008031,987.9361194684092,80304827
2020-07-28,987.437255859375,994.8281988813131,975.1719293046234,977.688488793748,55114422
2020-07-29,950.6866455078125,989.7497164572247,938.806733983119,987.5279599955765,72663399
2020-07-30,956.218505859375,970.2068340349582,939.5095470108182,951.7522051350378,72857444
2020-07-31,937.2877197265625,965.3551074174673,930.8036739652497,958.7803899595893,74958061
2020-08-03,910.943359375,932.7080438678015,908.2680646839153,930.1234808378756,46715383
2020-08-04,975.1492309570312,982.5855095976556,906.9758674005031,916.2032119273854,92041055
2020-08-05,964.1989135742188,995.7350350128565,960.5034420662862,983.4924363615606,74549993
2020-08-06,967.667724609375,982.9030303554318,955.7424759421041,978.0513143571136,49322975
2020-08-07,973.2674560546875,978.4139143017511,961.3649370691895,965.7178380803712,32984416
2020-08-10,961.2062377929688,981.6786719644749,955.8784359553779,979.0034370833714,26958997
2020-08-11,967.5316162109375,979.4115277857607,952.3643158271037,967.9850346750636,46828306
2020-08-12,964.7202758789062,972.6100326976989,955.2889203298892,961.7276301780031,30264617
2020-08-13,962.2037963867188,969.8440862641454,956.7399270901238,964.901699164418,24830322
2020-08-14,958.4630126953125,978.0512181796919,947.331262509623,962.4304992398274,33224635
2020-08-17,948.2835083007812,954.4728113825545,938.6480809006554,954.4728113825545,30979066
2020-08-18,960.6168212890625,967.7583570068861,944.2026051100721,945.4041850307872,30547672
2020-08-19,966.5114135742188,976.6909912734272,961.8864371354927,970.7963711289713,34087543
2020-08-20,950.8679809570312,963.0426353692126,946.7644269706007,961.2742374165047,22537845
2020-08-21,943.975830078125,962.1811114690666,941.7766816436981,960.3673777103614,25280895
2020-08-24,950.2785034179688,954.2459896740781,938.8293431473724,948.3060942515586,32717218
2020-08-25,944.0891723632812,957.3293988551819,942.2301027513665,954.926179130093,19388008
2020-08-26,969.11865234375,973.9477001185352,928.1738418761494,945.404223995661,59870421
2020-08-27,957.0120849609375,974.8772893855145,953.6793600760861,973.9703924276448,28085062
2020-08-28,959.528564453125,967.1235185049004,955.0395957954092,961.2742345079785,27166900
2020-08-31,943.4544677734375,985.7595929976718,934.2271229260566,985.7595929976718,62076132
2020-09-01,946.4244995117188,962.362570645799,935.1566809280985,952.2057203430994,38616258
2020-09-02,964.992431640625,969.4360647157956,945.4042254030269,948.5782147606872,26949439
2020-09-03,957.692138671875,969.7760610777761,953.5659168770757,964.9016778588206,18586429
2020-09-04,941.8900756835938,950.8226774812872,939.6002554209449,944.7467140146105,28475945
2020-09-07,944.338623046875,954.8128835439741,926.9268380792043,944.950776960414,21926473
2020-09-08,955.425048828125,961.7276915670202,943.3637335909106,948.578195976428,27397082
2020-09-09,980.0236206054688,982.948262646231,943.7944599093832,945.4041824088742,55310877
2020-09-10,1049.239990234375,1063.2737150092375,986.3716977544623,989.8858259136236,140304404
2020-09-11,1051.84716796875,1060.0542764084548,1037.042733630043,1048.3331597240744,59470807
2020-09-14,1044.0482177734375,1070.0978626809967,1034.7301409572988,1054.2277957192978,44063445
2020-09-15,1051.43896484375,1054.5676178127158,1037.51858200073,1048.3103118747842,27178393
2020-09-16,1054.0234375,1074.3371332294498,1047.6754600565869,1051.9602968564543,33952295
2020-09-17,1042.3251953125,1058.17259404091,1039.1964218842008,1051.9605029718427,25828669
2020-09-18,1045.4764404296875,1051.7110790333331,1032.2588818564082,1049.3532551234189,33074915
2020-09-21,1022.8729858398438,1059.2154272970997,1019.0187188937507,1042.8918823662696,33627381
2020-09-22,1002.6045532226562,1032.4629482711289,998.2515919553894,1032.4629482711289,34792254
2020-09-23,1011.5143432617188,1032.3495230627832,999.9519032941756,1024.7545693680095,42988708
2020-09-24,989.0242919921875,1009.3379310241465,986.6890759494188,1001.1308828752752,29826318
2020-09-25,998.3196411132812,1003.3527603033637,982.7216491326262,992.5610883137335,28374935
2020-09-28,1004.9170532226562,1014.7792199657465,1000.7454952765087,1009.7914367963479,19666849
2020-09-29,1017.9758911132812,1026.5683543037608,1004.9170669476492,1008.8846136182149,25842539
2020-09-30,1013.1242065429688,1027.928640481229,1008.8845849148897,1024.7546512095244,24465159
2020-10-01,1008.9979858398438,1026.4777157574597,1003.8968628083494,1026.4777157574597,20783227
2020-10-05,1003.08056640625,1019.834800547557,1000.2693241023752,1017.4996446075226,18922799
2020-10-06,1002.24169921875,1012.919969980946,998.2968209963519,1008.997819649436,18412175
2020-10-07,1023.6212158203125,1046.9728986337418,1006.617512051414,1013.4189695717491,53170865
2020-10-08,1015.345947265625,1028.3821636698403,1007.5696492243518,1024.3012173405473,21077808
2020-10-09,1012.7161254882812,1021.5807240113821,1005.3025141380299,1013.4189511481339,18545499
2020-10-12,1014.3483276367188,1022.8274503983472,1009.4513365004996,1013.4188228288398,14226473
2020-10-13,1034.1407470703125,1036.4305673579886,1009.2699549272937,1011.423767661742,23112012
2020-10-14,1037.2239990234375,1044.7056133384592,1028.608748631058,1033.3245163972065,26742011
2020-10-15,1000.49609375,1038.3575863716283,995.2816312959982,1038.3575863716283,20036197
2020-10-16,986.5757446289062,1012.285249528179,985.1474254749343,1004.3502763795697,21583600
2020-10-19,986.7570190429688,1010.5621766967382,977.2123240387696,993.0370533155368,31200385
2020-10-20,977.552490234375,994.3747895538761,975.8974318290545,988.0267509433463,18482288
2020-10-21,963.3600463867188,993.9213260213652,951.1853919731954,983.0389831777511,34082321
2020-10-22,955.35693359375,966.9421018379,948.1247264007278,964.6296137675083,30802210
2020-10-23,958.1229248046875,968.0757029274415,950.5733065108839,954.9262077062731,23422125
2020-10-26,920.057373046875,953.0898169372152,915.2509933655792,953.0898169372152,37324416
2020-10-27,922.5059814453125,934.0004191107241,909.129746090359,922.6873248555474,36478896
2020-10-28,912.0543823242188,933.0255722059666,910.2179804673768,925.8159723353803,29924017
2020-10-29,919.059814453125,925.9066672658702,902.7816655110513,905.5022363151312,30655304
2020-10-30,931.574462890625,936.3808421846666,916.7472424236149,922.0523759951716,34021563
2020-11-02,851.2946166992188,919.1052420515431,842.9968359392284,919.1052420515431,99366895
2020-11-03,839.0292358398438,865.6003029117848,832.0917710410919,856.9851117444604,88691623
2020-11-04,867.5046997070312,874.6689636295238,832.9532636853438,832.9532636853438,80180117
2020-11-05,886.4581298828125,889.1560327894556,876.0292050636682,886.4354619573483,37205373
2020-11-06,920.0800170898438,924.9997362683603,896.955016187128,902.3282137896616,66674086
2020-11-09,929.8513793945312,938.1491583754546,923.1859307154127,935.0205053076455,35838510
2020-11-10,945.2001953125,947.6714191097801,925.5439844404845,941.776798653631,36934242
2020-11-11,905.5928955078125,949.9384928452779,896.9323689240059,947.2179220787752,56724780
2020-11-12,897.7938842773438,910.6940326424576,890.9924272689508,898.247362719015,40046527
2020-11-13,905.2301635742188,923.4807818666762,898.5874420075651,898.7007816340105,45388670
2020-11-14,907.9053955078125,913.8000155522184,904.7540741586882,913.6186721505104,5226220
2020-11-17,903.8018188476562,945.4041769988106,900.0610116001939,945.4041769988106,46542562
2020-11-18,901.0586547851562,909.80991365708,888.7706596628595,903.8018936710494,30402290
2020-11-19,894.6879272460938,911.6008986042735,892.4434427638029,901.0586339089177,27796343
2020-11-20,861.292724609375,899.5169641211087,859.2522514859126,895.5267495451352,57471248
2020-11-23,884.5083618164062,893.2595600473776,873.4219475565428,884.644369365096,45327567
2020-11-24,890.5617065429688,895.0733434410346,876.0292271989675,890.5390386169317,30936268
2020-11-25,883.1934204101562,903.6658556142215,880.6542529167381,897.7939033535697,32637879
2020-11-26,885.3698120117188,890.9923565552566,875.1449593853476,885.5738832910803,25838637
2020-11-27,875.0315551757812,886.9568018403075,871.2227443709401,879.8832703592948,47336811
2020-12-01,886.4127807617188,891.5592393178523,875.1450229329691,879.8153351253683,19750687
2020-12-02,887.886474609375,889.6322047606417,877.3895457117752,888.0451500921909,22188887
2020-12-03,890.5617065429688,898.2927286508155,888.1131507545629,894.1665064634373,27785372
2020-12-04,882.71728515625,892.8061306985533,879.6566356036066,892.8061306985533,18464552
2020-12-07,887.9090576171875,890.9923750186222,879.9286890581647,879.9286890581647,18242188
2020-12-08,904.028564453125,913.3239128258733,884.1909519390108,889.2467387240156,43403061
2020-12-09,919.08251953125,922.1885651259229,906.5225094998519,911.3742252800819,29175254
2020-12-10,910.0365600585938,919.7853272816659,907.3159891974719,916.6566737897788,16065507
2020-12-11,909.4924926757812,924.0929759507371,895.1866924423914,912.7571538037538,26944202
2020-12-14,902.9176635742188,913.6639990942831,900.6731791916262,910.4672819578382,17312747
2020-12-15,895.2320556640625,902.1921882018914,889.2240359631435,902.1921882018914,18551265
2020-12-16,896.2295532226562,904.5727289498443,891.3098338764274,901.4213476389596,18561011
2020-12-17,900.3331298828125,909.1297243018021,896.5016507528353,899.8343755485606,20252358
2020-12-18,903.031005859375,909.0843613071538,890.9924186751066,897.8392714360722,18466344
2020-12-21,879.5206298828125,916.8380330457733,841.228385961526,911.396891229463,44135540
2020-12-22,878.160400390625,888.2265790134423,856.2823129435187,883.7376098965668,28140001
2020-12-23,881.40234375,884.8484079017386,870.8826879671385,875.1223093610237,19501410
2020-12-24,904.2100219726562,906.3184389463692,882.3319351071959,882.8306894509022,20776988
2020-12-28,908.35888671875,915.0243362502358,904.7314189530317,909.900545527166,17221499
2020-12-29,902.3509521484375,912.439798429375,898.9501635431251,910.9434754302608,18611939
2020-12-30,904.8220825195312,910.1272165991579,895.7761410801606,904.7087428928894,22043630
2020-12-31,900.1970825195312,912.2583374556028,897.1591008607796,903.9152218564029,18781189
2021-01-01,901.1946411132812,905.5022064134912,898.7007496438623,901.421320358103,10015175
2021-01-04,902.7136840820312,906.3637598470406,892.352762889534,904.6407576146281,24513534
2021-01-05,891.4911499023438,899.4261822629604,886.9114498823324,892.806069337439,24123091
2021-01-06,867.9808349609375,891.4458559107388,863.8546128646693,891.4005200596658,46401468
2021-01-07,866.5751953125,881.9238397966232,863.8546244352824,870.814757093236,32325918
2021-01-08,876.800048828125,878.9311936650147,867.0059456976594,869.6811807226603,27540187
2021-01-11,860.2724609375,879.1125050229124,858.1186482532938,879.1125050229124,33307825
2021-01-12,887.3876342773438,888.725221692781,861.4739994731104,862.8796506283604,41161546
2021-01-13,879.112548828125,895.5040980209848,869.8852636562669,890.3349713085404,26619458
2021-01-14,888.9973754882812,891.8540138996398,879.2259402439199,881.9238432057263,21553242
2021-01-15,878.5004272460938,894.9826476255291,870.6107298685408,888.9973558240713,20593268
2021-01-18,899.5849609375,905.5022489944743,872.1070575050039,883.7828981720585,35100458
2021-01-19,914.2987670898438,920.918820254768,904.4366011613523,904.4366011613523,32006615
2021-01-20,931.6651611328125,933.1614839760485,907.4972564349495,916.5659251576317,30924537
2021-01-21,951.9335327148438,961.2742166156673,940.869846715687,944.0438358240183,39087742
2021-01-22,929.3527221679688,959.165840987856,922.8006124178714,957.1933717044934,30532660
2021-01-25,880.1100463867188,922.7099125187834,876.0291603627637,922.7099125187834,54207104
2021-01-27,859.252197265625,872.8551706594984,856.0782081201552,872.8551706594984,42370131
2021-01-28,850.8864135742188,872.084340959147,847.9164357485394,852.5187439949068,34067814
2021-01-29,835.1976318359375,867.4592430478045,829.7790987970316,858.9347248586931,43712383
2021-02-01,859.3883056640625,863.7865428347654,837.9409701152957,843.110096652801,34180952
2021-02-02,873.2179565429688,879.6566667876373,841.0923491274965,867.9808262438378,41470034
2021-02-03,875.4171142578125,885.0978176672972,861.5193971120666,874.3515418529886,30301696
2021-02-04,872.537841796875,879.6567100873364,863.7865829635437,872.4017742702679,25626981
2021-02-05,872.2883911132812,881.7651430554548,870.5880568440388,875.1450294447208,20248046
2021-02-08,884.8484497070312,892.8061507159327,874.691600163488,876.5052740367894,21183400
2021-02-09,886.9795532226562,902.1468540671391,885.2338830875444,889.6095123241837,19604141
2021-02-10,895.2092895507812,899.9476653520371,873.8980223594517,885.8913333557456,21234156
2021-02-11,932.11865234375,935.9728593397923,894.2798277886045,897.7938959649373,42539278
2021-02-12,925.7252807617188,942.2301692248576,913.8453687465834,932.027983547643,30497029
2021-02-15,921.6443481445312,934.6578356915304,918.1982839074868,928.6498762091927,15791099
2021-02-16,933.8416748046875,942.8649480322981,922.7325927047402,924.8864053509033,21421660
2021-02-17,944.6106567382812,950.3692089797069,929.8061035808391,934.0683329596526,23742994
2021-02-18,937.5598754882812,956.0145057624479,933.6603325517267,945.4042372455169,18646877
2021-02-19,943.2730712890625,954.4501576444582,931.030412526974,932.7081388605912,23403483
2021-02-22,910.5352783203125,947.6260001116775,904.5727145749872,943.1370313830363,23804335
2021-02-23,917.4955444335938,930.8491120696507,913.0292432704871,928.6272954514131,25644108
2021-02-24,934.5219116210938,936.4489852163127,918.7197882041789,920.46551838717,10807663
2021-02-25,972.3153076171875,975.7840397521635,939.9629623775807,941.3232777095965,34855693
2021-02-26,945.7669677734375,967.57699044691,938.9201148180857,959.9140321981981,37481215
2021-03-01,952.9764404296875,957.6468123803251,935.2019094636117,956.8305872083303,17680764
2021-03-02,954.92626953125,965.8086131763628,947.2633111177078,962.1812052733643,17150760
2021-03-03,998.5010375976562,1006.5721385998736,955.4704174620584,961.7504524591252,31924461
2021-03-04,986.5984497070312,992.9918242849485,978.3686732860034,988.4801874020635,21435754
2021-03-05,987.890625,1002.9672532884404,976.260120871694,977.5977682721734,25511666
2021-03-08,993.5133056640625,1012.0132716669716,983.039044773577,983.2657240329895,19506841
2021-03-09,993.4905395507812,1003.8061245628406,973.3355758572837,997.5487577867862,15154484
2021-03-10,989.3642578125,1004.3955499162571,984.0591241137868,1000.7227465962088,11519358
2021-03-12,969.2547607421875,1000.4508052727284,963.0427293609322,995.2816784252693,16864952
2021-03-15,956.2411499023438,974.378367439583,943.3636702802955,970.3655452396614,16698099
2021-03-16,952.477783203125,963.9949488326658,950.165294900262,958.5537469717594,13873801
2021-03-17,931.9599609375,953.5659717866566,922.7779520359184,951.321487384943,19210236
2021-03-18,910.98876953125,945.3135252330827,907.3159659802869,939.9176595322679,20647480
2021-03-19,944.0438842773438,950.3239190123003,899.0635245309819,902.7816639429236,41787429
2021-03-22,935.1566162109375,940.4164143959771,921.9164490477823,939.0561589834671,18572478
2021-03-23,946.5377197265625,956.6038970524451,932.2546489163942,934.9525516306611,17421165
2021-03-24,928.309814453125,943.0236364808284,925.1811610696235,943.0236364808284,16822814
2021-03-25,902.985595703125,931.3477251906348,900.0609538666973,931.3477251906348,22001648
2021-03-26,904.4366455078125,913.0745041101142,894.937285828174,912.3036747318539,20180202
2021-03-30,920.1480712890625,929.035337372419,903.0310289019577,910.4899757979094,20441701
2021-03-31,908.26806640625,929.4886608125947,906.4089968537622,915.0242469485529,16250796
2021-04-01,916.7699584960938,920.465429845356,908.2907755247039,915.0242884490825,11723312
2021-04-05,903.5071411132812,918.1982951252521,889.677488179083,918.1756272004715,14875099
2021-04-06,899.7437133789062,909.107066008566,892.8061886370579,908.6763154469585,14009194
2021-04-07,908.1548461914062,928.1285275370888,903.8246126194147,906.8625944881165,24266353
2021-04-08,909.288330078125,916.8379481306634,903.6884533297169,911.850225266319,15369188
2021-04-09,898.7234497070312,909.7418004729616,897.7938848658578,906.1597285641935,14037885
2021-04-12,866.5751953125,889.3601188333347,861.632807894605,888.271878488836,20901482
2021-04-13,875.9385375976562,879.9287521472845,869.6131669055775,872.4017415275625,19411189
2021-04-15,881.6063842773438,889.1786704861084,867.4139846330557,873.4446120904353,19723716
2021-04-16,876.0745239257812,884.1456245317884,873.5126286216039,878.1149969863354,15656948
2021-04-19,862.2901611328125,868.9556101628922,856.9850274045621,863.3330655330114,18478808
2021-04-20,862.0408935546875,870.1346024372397,857.189177823117,866.28045535031,17203668
2021-04-22,864.42138671875,868.0715224771913,850.9544798546892,858.0053442180699,14490954
2021-04-23,863.4918212890625,870.0892067348701,859.4109352555885,864.2399827290652,11828857
2021-04-26,878.6817626953125,889.6321696188024,866.7338471259807,870.5880540621903,20846778
2021-04-27,901.716064453125,905.592879224886,878.8631384956852,879.6566357896455,19992524
2021-04-28,905.6382446289062,910.4899602170952,897.861946907099,905.8876517747103,17122437
2021-04-29,917.767578125,927.0402589004967,910.1726236848527,917.2460958998795,17412606
2021-04-30,904.36865234375,923.1860285256435,901.2173310194296,910.7166908105166,19828769
2021-05-03,888.2944946289062,897.3404357451366,881.0622873144365,891.4458158814281,23640186
2021-05-04,869.04638671875,892.2621215061423,866.5072191354321,884.1910203527071,21849830
2021-05-05,870.6333618164062,878.9764773257763,865.1694924935965,872.1070167804479,12393609
2021-05-06,875.5757446289062,877.3894784194164,864.5119984908221,871.4268548191382,14624666
2021-05-07,875.915771484375,886.7527777675398,873.3085405592442,878.6363420246701,12288548
2021-05-10,873.3992309570312,882.7399146478764,871.0187391792962,879.2031788665513,13941237
2021-05-11,876.5506591796875,878.9991548596583,866.0536709526697,868.320883202796,13478264
2021-05-12,867.4819946289062,876.4372641804301,864.6934200952072,875.1676804843173,13177961
2021-05-14,878.4324340820312,880.563518938135,864.2400338075389,874.2381482108096,13291616
2021-05-17,888.8839721679688,890.2895633789483,875.3036666921718,878.4323799585411,11873078
2021-05-18,901.3986206054688,908.0414016691675,894.3930927948095,898.2472994692848,12064918
2021-05-19,905.52490234375,914.3214965481937,894.1664727852633,897.7938805270868,16317002
2021-05-20,900.2423706054688,911.8048706158811,898.2472934944823,905.9102510089941,11422532
2021-05-21,908.0187377929688,911.2153947907652,900.514455659808,903.235026290113,10785605
2021-05-24,900.355712890625,911.3061190300916,898.700714595752,910.4898938764023,8551760
2021-05-25,890.1536254882812,905.5022701330101,888.7253062731775,905.2301950520241,14780102
2021-05-26,893.2822265625,897.5671839561246,891.1284738713696,895.5267109206686,7480204
2021-05-27,896.0255126953125,903.6884705135559,889.7454781714291,893.395613685115,26819294
2021-05-28,949.8478393554688,954.472815743996,902.3282518740783,902.3282518740783,56469931
2021-05-31,979.5474853515625,993.7852201877816,945.4268031702701,953.1124286476038,59124142
2021-06-01,983.4471435546875,998.4557094965295,973.2902334606247,982.1321639562733,28013832
2021-06-02,998.1155395507812,1001.8563467317178,978.0511883191928,978.0511883191928,24630162
2021-06-03,1001.9243774414062,1020.220331233519,995.7804103170117,1007.0707759680465,23974257
2021-06-04,993.2411499023438,1005.0076615198449,990.4071796454298,1004.2595000884415,14468646
2021-06-07,1009.9727172851562,1016.5928305525485,990.747259262441,998.4556127916534,16336573
2021-06-08,1004.1688842773438,1009.8594330639162,996.7099374722953,1009.6100858849402,9674735
2021-06-09,986.2129516601562,1007.0707400246994,978.4819302316137,1006.1639031267835,11409161
2021-06-10,989.8404541015625,1011.1517216348074,987.3692305170946,994.5561020859403,14155653
2021-06-11,1007.0098266601562,1013.7668141971928,991.9716855769274,993.2457554895082,13762778
2021-06-14,1021.4564208984375,1027.530819009634,998.7740423359074,1007.8515792569079,20332436
2021-06-15,1023.7769775390625,1035.106763332947,1019.36334735504,1028.7821487449673,15174215
2021-06-16,1006.3045654296875,1022.434740881434,1003.6882448935254,1021.456501659872,10797349
2021-06-17,1008.1473388671875,1016.9518526581879,991.8806822040291,1001.0264002407747,15745975
2021-06-18,1012.697509765625,1016.9519117351164,993.9055193524756,1012.6292689125116,29369026
2021-06-21,1017.9756469726562,1022.6394940703871,1001.0947614747922,1002.6190479059233,12186448
2021-06-22,1012.7429809570312,1028.7822288722177,1009.8308898725479,1025.5970540271667,12871913
2021-06-23,1003.4607543945312,1024.0499936427696,1001.7999261642769,1023.7770302436452,16653951
2021-06-24,979.8683471679688,1007.669572262773,973.7257080355693,1004.1432535343797,91461975
2021-06-25,957.550048828125,979.8684182931346,946.9255377961272,979.8684182931346,55355022
2021-06-28,949.1550903320312,967.5830690553377,946.8800342020979,965.535542609245,20277042
2021-06-29,949.9740600585938,959.6203313338768,948.2905450727716,950.7475767024226,27144063
2021-06-30,960.37109375,965.8312041148121,951.4528452867432,953.8188890996875,19762858
2021-07-01,954.5924682617188,966.0587361622839,953.2501575281797,963.7154392931002,12534407
2021-07-02,968.7432861328125,970.4951021153942,952.3173409366497,954.1601447164786,14086620
2021-07-05,978.3668823242188,979.8911687487861,969.8581385815543,972.1104477919255,11702287
2021-07-06,966.8095703125,977.775345876362,964.7165499262375,975.9780960314433,10070124
2021-07-07,960.09814453125,968.1518891821571,954.6152867923088,968.1518891821571,10454892
2021-07-08,952.1580810546875,963.2376503194929,946.8799465079013,963.2376503194929,11185460
2021-07-09,942.4209594726562,951.7487141684176,940.1004093189325,950.0651388442453,9037675
2021-07-12,948.2906494140625,956.2078524981569,943.9225124667875,946.3113035101971,8585292
2021-07-13,955.3887329101562,956.9130192420056,950.0877909959721,955.525214607773,6717133
2021-07-14,949.1550903320312,958.6420731903104,946.9937689554591,955.6844881859736,8532544
2021-07-15,947.4943237304688,953.2502049164673,945.7425076403309,953.2502049164673,9448356
2021-07-16,961.1674194335938,962.2367066615387,949.8831264283724,949.951367281346,8828185
2021-07-19,955.0474853515625,966.4455126172754,951.9989126340373,955.525231478772,8354449
2021-07-20,952.7041625976562,959.1653798198789,948.2450982877981,955.2977362314513,6741464
2021-07-22,964.9439697265625,966.4000152300578,954.683470529445,964.1704530749702,7972397
2021-07-23,958.1188354492188,971.2004383163171,956.4580071605648,971.2004383163171,9937030
2021-07-26,944.99169921875,965.0804452589716,942.3753787545852,959.1653356602167,12389668
2021-07-27,935.0496826171875,948.1085383406385,929.1345728588083,944.9689777697635,10824523
2021-07-28,927.0187377929688,936.414732655119,917.4179602018662,936.414732655119,12897848
2021-07-29,934.25341796875,943.8769425785124,929.7715466212894,934.5946824013536,13765738
2021-07-30,926.0859985351562,940.9421040230186,924.1748936428288,936.4147387774315,11350608
2021-08-02,943.012451171875,946.1520117827725,928.7478263645152,934.7312372274596,10925104
2021-08-03,949.9513549804688,951.430147484226,939.2358562430207,950.9751482931742,11817299
2021-08-04,957.2316284179688,961.8954756587327,949.6101358514545,952.9772263092809,13169800
2021-08-05,971.1094360351562,980.4598768953389,957.4590392491626,962.0318984025091,21252078
2021-08-06,950.5429077148438,976.8880893431025,945.8562535112904,969.1528622918455,16620987
2021-08-09,945.128173828125,950.8841149123823,940.2822912594686,946.8799898333923,7494143
2021-08-10,950.0877685546875,961.4403616289129,943.5811181110125,947.3349664779623,11919198
2021-08-11,963.39697265625,964.6254885296094,947.9720727670094,954.1374592617027,9184963
2021-08-12,960.3029174804688,967.4466034758628,957.8003316249841,966.8550623942889,8137612
2021-08-13,976.2965087890625,978.2303606065249,959.5975996548036,963.3969420853272,12780901
2021-08-16,988.9686889648438,1002.3915570002542,968.3338937913883,977.9801660294819,21935444
2021-08-17,984.7597045898438,994.2921805714811,977.2975018360073,986.8527849435737,12658169
2021-08-18,988.5818481445312,995.0202580244994,979.4588769168306,989.1961361505759,10075860
2021-08-20,977.4796142578125,988.2861007519195,972.3607078932538,975.09076320503,9426282
2021-08-23,983.8953247070312,989.1962069315948,970.2221801850279,989.1962069315948,9854395
2021-08-24,993.6098022460938,997.3863978639248,980.8239096504693,985.123805492856,11864472
2021-08-25,1002.20947265625,1010.1267354530132,991.9717199859176,994.3833180171741,13380559
2021-08-26,1014.881591796875,1021.4565439234876,1003.3015280719944,1004.666585861122,18589616
2021-08-27,1013.4937133789062,1020.4782304762028,1008.3293734966592,1017.8618498448702,10480636
2021-08-30,1032.990966796875,1035.5391065503322,1017.7708505413503,1023.7770080256,14027062
2021-08-31,1027.4854736328125,1039.1337183154053,1020.2507393885751,1036.016904489164,26485463
2021-09-01,1031.5577392578125,1043.2970916409213,1029.6922485674477,1034.2423608926047,11145486
2021-09-02,1043.979736328125,1050.0768827059892,1026.0522484508817,1026.0522484508817,9956770
2021-09-03,1086.7962646484375,1089.753849755498,1047.6652497127798,1051.0777738490863,30664428
2021-09-06,1103.6773681640625,1128.4300252290316,1097.4891136321319,1097.9441730557705,33641710
2021-09-07,1110.638916015625,1118.4195769224002,1097.4890117544835,1105.6792381399396,17349882
2021-09-08,1106.29345703125,1116.5995103115172,1095.054658449374,1115.6895119598441,14301651
2021-09-09,1103.6773681640625,1109.2512142438177,1099.354724879374,1104.723848377905,8963249
2021-09-13,1079.083740234375,1107.0441939852174,1077.4912130774987,1107.0441939852174,16311160
2021-09-14,1077.6732177734375,1089.2987144742633,1076.5583765209813,1080.6535496243034,8908356
2021-09-15,1082.1551513671875,1090.09504087413,1077.6960268089388,1077.6960268089388,9071075
2021-09-16,1104.8602294921875,1108.7505599524602,1077.0135078740498,1083.633953919053,13448882
2021-09-17,1087.7288818359375,1117.441211114052,1080.9264609621353,1112.9593400786748,34882133
2021-09-20,1089.4581298828125,1100.3783514488218,1078.3785593037167,1079.3340516110384,11779819
2021-09-21,1094.16748046875,1099.5820973964808,1084.7486779581968,1094.3039621775245,9915736
2021-09-22,1105.90673828125,1111.1392587944545,1091.2325487612284,1095.6689260415033,10995912
2021-09-23,1132.9344482421875,1136.1649964932392,1112.731907489886,1113.596411926489,15748397
2021-09-24,1129.6583251953125,1140.009872555042,1124.7897556991463,1139.1453680882425,15192163
2021-09-27,1148.655029296875,1151.134928281977,1126.2912870102596,1131.6149158288965,15373834
2021-09-28,1159.393310546875,1167.0602357363134,1143.3540640558012,1153.0003348281084,18035258
2021-09-29,1150.2022705078125,1169.380959813766,1146.6531442405346,1169.380959813766,9719875
2021-09-30,1146.2889404296875,1153.273457399079,1137.6892697076169,1148.9053210131074,13590654
2021-10-01,1148.3138427734375,1155.6395643825463,1135.2550471541776,1138.4173546931033,8958928
2021-10-04,1163.078857421875,1171.5875396173383,1154.3880792936034,1161.6455590320454,10918552
2021-10-05,1187.2174072265625,1188.4914771861918,1159.0748554855732,1162.6012346483487,13533634
2021-10-06,1164.762451171875,1192.1086164601513,1160.7811333493105,1192.1086164601513,10258881
2021-10-07,1170.472900390625,1182.4624681330135,1168.334326130549,1180.7560859021983,6336665
2021-10-08,1215.4510498046875,1221.4344612360428,1174.6136499701672,1176.319912141792,15772493
2021-10-11,1206.9876708984375,1237.632749168865,1203.666134554231,1229.1695592932124,14768666
2021-10-12,1213.8809814453125,1220.7972576970285,1201.800425485858,1203.5068077762007,6682011
2021-10-13,1226.2347412109375,1237.405299921744,1214.5636292034492,1218.977260003142,9959762
2021-10-14,1228.7144775390625,1236.47251177523,1222.7083196035724,1228.6917305879201,8623469
2021-10-18,1231.9906005859375,1249.0079672854492,1211.3784935963072,1214.2450907648501,13594479
2021-10-19,1243.0245361328125,1251.8972908980181,1232.1725560059263,1239.3616754056989,8833409
2021-10-20,1228.7144775390625,1247.9842743668398,1224.6649184645307,1247.9842743668398,12710570
2021-10-21,1193.26904296875,1241.2728114223185,1184.487275783306,1240.999848015025,20831669
2021-10-22,1195.49853515625,1212.5615152599457,1188.2638017444342,1192.1313848923699,11027475
2021-10-25,1183.850341796875,1219.4323525860245,1169.3809932455636,1219.4323525860245,17198417
2021-10-26,1210.8096923828125,1214.3815653473446,1184.464511564794,1190.8119938799573,9750178
2021-10-27,1195.49853515625,1217.9761316670556,1192.1086379430944,1206.6918395131022,9896298
2021-10-28,1182.39404296875,1200.298779292571,1178.7085560280439,1192.1313011797695,9886181
2021-10-29,1154.0242919921875,1181.2794715076984,1138.303621720808,1181.2794715076984,14233025
2021-11-01,1154.729736328125,1163.0109514346836,1134.845649078283,1154.0244604038087,15481114
2021-11-02,1137.89404296875,1159.3706543132414,1135.3687704240997,1158.005596587504,10569130
2021-11-03,1130.06787109375,1146.6302984409235,1119.7845647630193,1140.2828162204378,11989430
2021-11-04,1137.0067138671875,1139.7595760808606,1132.9799021702054,1134.3220924997154,1705656
2021-11-08,1138.4173583984375,1146.63033145871,1117.6915164906068,1146.3572476973713,20337183
2021-11-09,1147.40380859375,1150.6798507830363,1131.637644937905,1139.805123815544,15682497
2021-11-10,1160.235107421875,1163.920714976533,1139.1908094185892,1145.1287260147478,10253470
2021-11-11,1162.35107421875,1169.6084350981216,1153.7057882040397,1155.7533749476675,10722478
2021-11-12,1179.8916015625,1182.462488249801,1163.4656563781518,1166.1502778119302,8712341
2021-11-15,1172.929931640625,1184.0322480185664,1169.3808058406628,1183.031141558392,4803269
2021-11-16,1145.6748046875,1171.6559135252794,1135.255016670807,1170.3136027722971,11337581
2021-11-17,1121.149658203125,1137.0523041547756,1119.7846004549367,1137.0523041547756,10202029
2021-11-18,1125.3812255859375,1132.5249718442826,1114.8022082606076,1119.3295736996563,8505625
2021-11-22,1075.5347900390625,1114.3246032878988,1069.7333541956211,1108.4549265855226,24124307
2021-11-23,1085.5904541015625,1092.597718814344,1050.6228528101806,1061.5658216102945,25326999
2021-11-24,1069.915283203125,1096.5334264323562,1066.3434103717225,1082.9285842980569,16820296
2021-11-25,1134.3221435546875,1138.4400635861748,1072.5315589664726,1079.7435455818988,42401936
2021-11-26,1097.761962890625,1127.33768989774,1092.7112978197426,1122.8785658449294,15763138
2021-11-29,1110.9117431640625,1137.530005740277,1091.6192015688714,1109.8197692785918,24325354
2021-11-30,1094.48583984375,1126.5642137673601,1086.9553960411952,1122.9695939867834,32172299
2021-12-01,1122.5147705078125,1125.699825172228,1103.4496957163708,1107.044315866843,10104610
2021-12-02,1129.7265625,1135.800961053092,1120.0575440347766,1123.7431517479451,12720411
2021-12-03,1095.78271484375,1136.8475802217874,1092.028866217897,1136.8020863205188,19222481
2021-12-06,1075.011474609375,1103.4042449873536,1072.5316957069635,1099.3091917377637,10332254
2021-12-07,1083.7703857421875,1093.8488493527543,1073.8284038337267,1081.1768723394634,11235122
2021-12-08,1100.264404296875,1106.498030573748,1094.8952823553839,1102.9945193384742,8744178
2021-12-09,1117.71435546875,1126.1093048249602,1103.404235637729,1107.9543482561612,13213547
2021-12-10,1118.851806640625,1122.0596079618992,1105.8383850496557,1110.343003210938,8364414
2021-12-13,1096.419677734375,1125.7451889893634,1093.8487910647625,1125.4722255996962,12901733
2021-12-14,1082.9967041015625,1094.758801309074,1079.9253848550902,1082.9284632609044,12991523
2021-12-15,1079.8345947265625,1094.3039423247055,1074.3288697386265,1084.7486582787296,9366969
2021-12-16,1093.80322265625,1099.0813569765323,1077.7640971670983,1094.6222331236886,9761279
2021-12-17,1064.932861328125,1095.6689246022736,1055.6277943848347,1091.1415595298965,21049821
2021-12-20,1036.2218017578125,1054.649722259051,1022.4576084103483,1054.649722259051,14325846
2021-12-21,1051.646484375,1067.4581418231853,1042.9785726603923,1051.6919782743073,12836561
2021-12-22,1076.6038818359375,1079.2430094666254,1056.5379426212896,1057.8573860824001,17658543
2021-12-23,1076.2171630859375,1082.9285964305648,1072.9411209146308,1080.1984810516549,9072401
2021-12-24,1079.652587890625,1088.3887407376528,1063.6133400712515,1078.3785179602155,7886494
2021-12-27,1078.4921875,1082.0185663686743,1068.413724480792,1074.5336166000147,4017223
2021-12-28,1091.3009033203125,1094.2357415301187,1079.7663934022717,1080.926608302519,6374613
2021-12-29,1093.16650390625,1100.674201497558,1083.8841830224792,1087.9338625439977,15425312
2021-12-30,1073.4189453125,1094.2812707813944,1067.276305271878,1092.02896140955,29333171
2021-12-31,1077.5367431640625,1084.703115610681,1073.828388538488,1079.7435583793856,9477290
2022-01-03,1093.7806396484375,1095.6462506930534,1075.4437086416906,1076.1034905748938,5421611
2022-01-04,1118.465087890625,1119.7846517979926,1093.848914455948,1099.2636517956478,10847728
2022-01-05,1123.6976318359375,1127.0647821675334,1107.021469888781,1120.2396140596422,11643813
2022-01-06,1099.53662109375,1116.5996031111947,1096.123976548564,1115.3255331004264,14447422
2022-01-07,1108.4093017578125,1118.4422714413886,1097.2842377517782,1106.111498715673,13112115
2022-01-10,1109.3193359375,1117.9646215781718,1099.3318598320666,1115.6895654128748,9246731
2022-01-11,1117.3048095703125,1126.1319502273575,1107.9542483452858,1108.409307707792,16205164
2022-01-12,1147.1307373046875,1148.8826135216357,1121.6045672988503,1124.4711644227355,14800442
2022-01-13,1153.592041015625,1156.1856749337926,1141.3522552982324,1147.19918473575,11856712
2022-01-14,1155.275634765625,1168.1524563628823,1149.292223210376,1153.4556377921065,19930176
2022-01-17,1161.3043212890625,1167.1057561240766,1154.3654186486065,1154.82047798332,8036453
2022-01-18,1147.4493408203125,1165.9000062324892,1144.6964783846606,1162.4419883292344,6215029
2022-01-19,1147.3582763671875,1156.6404758295853,1141.6250823732196,1151.1803655784236,9755485
2022-01-20,1127.26953125,1142.0574560089742,1117.054465620327,1137.5528377304774,16494486
2022-01-21,1127.4515380859375,1138.5538554378697,1115.6895591579548,1115.6895591579548,13338594
2022-01-24,1081.97314453125,1139.6914253053906,1071.5988501296624,1126.1547030087693,21868937
2022-01-25,1079.8572998046875,1086.8644436444313,1048.802657948011,1069.0734401117095,24510205
2022-01-27,1063.863525390625,1072.0537511885557,1051.5554999211186,1062.9080331478985,20020431
2022-01-28,1062.8397216796875,1081.0629157010064,1059.4499449788068,1076.103358864866,14667727
2022-01-31,1085.9317626953125,1094.9409997464795,1072.0993294430996,1073.91944662709,12143683
2022-02-01,1082.3370361328125,1101.4019884840088,1067.958677458383,1095.668914786197,13200509
2022-02-02,1084.5439453125,1095.2139504085303,1080.6991087798986,1095.2139504085303,10017691
2022-02-03,1070.5294189453125,1092.6885576552872,1068.0041465713055,1088.3886622160464,9572839
2022-02-04,1060.76953125,1068.5730594354839,1056.1284310635565,1065.183161923649,11061241
2022-02-07,1054.308349609375,1072.3723159767667,1048.8026250078512,1065.638135750538,10714467
2022-02-08,1072.031005859375,1073.8283759531457,1051.0776952115107,1060.4737500675897,12060849
2022-02-09,1084.521240234375,1086.2047554004216,1072.9184893348381,1078.9017802245178,11486225
2022-02-10,1083.406494140625,1090.0723137940836,1076.1490130370194,1090.0723137940836,12464491
2022-02-11,1081.29052734375,1084.9761347999724,1066.593591416207,1079.857228868873,15943370
2022-02-14,1064.068359375,1071.5305623649283,1052.4427424947037,1064.8418760134352,10719633
2022-02-15,1100.1962890625,1102.903657466319,1062.77153947328,1069.824176996969,11212671
2022-02-16,1097.9212646484375,1107.0442358991004,1090.1860980638264,1105.6791781831728,10392840
2022-02-17,1111.82177734375,1117.0089242641513,1096.5789142269996,1101.1745201113265,12853252
2022-02-18,1103.1312255859375,1117.6915612787002,1101.1973736454247,1112.2314504381943,6775458
2022-02-21,1091.9832763671875,1109.0917498883975,1085.0216268966433,1097.488880416598,11107193
2022-02-22,1087.023681640625,1090.1633625619224,1067.9814753307442,1070.5977356852184,13494914
2022-02-23,1080.2213134765625,1095.0092390254035,1077.468571284383,1092.5294602510214,7310110
2022-02-24,1026.3931884765625,1064.6825598160908,1020.7738499237835,1048.8025425531248,24846650
2022-02-25,1039.224853515625,1050.1450756675365,1035.7212210618118,1037.4729771115954,14570089
2022-02-28,1073.62353515625,1077.1726610969984,1020.5919703644313,1020.5919703644313,21297446
2022-03-02,1091.3692626953125,1092.4841041671061,1059.8141821293812,1062.2029733991815,21471786
2022-03-03,1082.1551513671875,1098.785820478749,1078.4013026500006,1092.0288927878125,10186748
2022-03-04,1058.1531982421875,1075.7848524224223,1055.787154408625,1070.643199306108,10805667
2022-03-07,1019.0223388671875,1052.033463439196,1011.0368344234095,1036.835971312155,17983310
2022-03-08,1017.1792602539062,1021.9569618832056,991.9261157388216,1006.258979918272,21289374
2022-03-09,1071.143798828125,1077.01347494328,1016.565078233395,1017.406956117863,20414228
2022-03-10,1088.50244140625,1094.3038764083778,1073.8283721325647,1092.028820377732,17980493
2022-03-11,1091.64208984375,1097.0340801861346,1081.1313132856126,1081.1313132856126,12257423
2022-03-14,1100.605712890625,1103.1311056498985,1080.1984500463022,1086.06812572994,8340678
2022-03-15,1075.398193359375,1104.7464533796308,1065.1148867530296,1104.7464533796308,15925769
2022-03-16,1093.5531005859375,1095.6234340578644,1081.609026403429,1083.8385885222203,11149828
2022-03-17,1129.2034912109375,1136.3471174672695,1098.8996160284657,1106.9306141386928,21422098
2022-03-21,1122.6966552734375,1130.249846191458,1109.7743416930666,1112.0493977484434,11999466
2022-03-22,1151.703857421875,1153.4328665457272,1116.417676927256,1119.3751418583722,22557065
2022-03-23,1155.366455078125,1167.0375661035232,1147.9953600851836,1147.9953600851836,15462187
2022-03-24,1173.3167724609375,1175.8194185614975,1142.0802732954487,1142.0802732954487,13168266
2022-03-25,1181.1429443359375,1190.3114093068612,1172.5659000566366,1175.0685459381182,14222488
2022-03-28,1193.0189208984375,1196.5679268909805,1176.88868384816,1187.581436439095,9891424
2022-03-29,1193.2918701171875,1200.321761515582,1186.3984604316122,1200.321761515582,8684065
2022-03-30,1216.2244873046875,1223.0724028520565,1190.8120505919683,1201.1863453712592,15811550
2022-03-31,1198.8428955078125,1214.7456618708436,1196.0446595036312,1212.584340487485,13223718
2022-04-01,1208.4437255859375,1212.6753807326781,1193.041632181676,1199.4117414992725,7922880
2022-04-04,1212.0155029296875,1217.157156093152,1201.9825334062043,1208.2616544203254,7929162
2022-04-05,1194.88427734375,1214.8366019261355,1192.4499926471442,1206.2823045318924,13149870
2022-04-06,1191.69921875,1198.7291094168588,1177.1616311168914,1177.1616311168914,12257215
2022-04-07,1170.677734375,1185.7613700217532,1168.015859682402,1180.8016922079776,15496499
2022-04-08,1190.15234375,1194.40674604813,1164.8308932448695,1164.8308932448695,15152495
2022-04-11,1187.67236328125,1200.5719293490686,1175.2959770389286,1183.0311432189874,9254209
2022-04-12,1165.30859375,1184.2143186613282,1162.737706900729,1177.116066491659,13217742
2022-04-13,1161.0313720703125,1179.664132404293,1158.2330158892628,1171.4284128604863,10354235
2022-04-18,1157.4822998046875,1164.7397805103374,1147.4493300930017,1152.545489452205,9974224
2022-04-19,1201.5958251953125,1213.9722131143637,1160.7585471967582,1163.920854944009,26141820
2022-04-20,1236.9273681640625,1244.0028730390352,1205.3722941596611,1209.0124078704498,25072240
2022-04-21,1265.8890380859375,1269.0285988217172,1243.092861615674,1251.6926535659309,21708633
2022-04-22,1255.287109375,1274.943602182277,1248.6439171934,1255.3326032722164,15054154
2022-04-25,1226.2574462890625,1255.1051538112451,1211.9928211860372,1247.825046254362,17063215
2022-04-26,1262.9541015625,1271.7586153913803,1232.0360622414871,1233.0825422871724,12227666
2022-04-27,1264.1826171875,1286.7739479010713,1253.580733766915,1253.9448053007873,19338945
2022-04-28,1283.0657958984375,1297.2394339221792,1267.7090756457555,1278.56117721433,25614076
2022-04-29,1269.5972900390625,1299.5825839676365,1263.7048672221586,1299.5825839676365,18214862
2022-05-02,1265.13818359375,1276.5362108883514,1254.9458650066724,1256.7432351242765,9467006
2022-05-04,1225.64306640625,1269.4835388914837,1217.7486714056079,1267.2084828840266,19247660
2022-05-05,1201.6412353515625,1242.18280014838,1197.591676403661,1239.2252151754037,17210669
2022-05-06,1192.42724609375,1209.8769247815503,1180.0963532492094,1188.582409796725,19649948
2022-05-09,1145.85693359375,1181.7119084475771,1140.7152797472104,1171.6333233310518,18083752
2022-05-10,1125.99560546875,1149.6335411588068,1118.419666517298,1135.2551800182744,19511677
2022-05-11,1114.4609375,1130.6821606199796,1102.0163098457965,1125.0854480941018,16643899
2022-05-12,1091.755859375,1107.8859741719987,1078.378486557952,1104.5416911448524,20490321
2022-05-13,1104.132080078125,1127.5196744148523,1099.0131741208802,1103.8591166926499,19308778
2022-05-16,1104.4051513671875,1128.8847193240686,1099.6047027471154,1107.7039403213957,13437911
2022-05-17,1150.7935791015625,1155.6850157625827,1106.5891549718588,1107.9997065605392,16551828
2022-05-18,1154.979736328125,1169.3808421611643,1141.2839062872033,1155.5712773721964,17276788
2022-05-19,1128.361572265625,1143.2177387581737,1122.0824507846328,1130.2499303127915,14699118
2022-05-20,1194.15625,1203.2337272058603,1138.4400638194588,1143.2176453948912,21793091
2022-05-23,1186.1710205078125,1207.397297299702,1179.8462844678352,1197.364206197713,15252755
2022-05-24,1190.2431640625,1200.3216273375488,1181.984697463416,1186.2163522132455,13527818
2022-05-25,1188.4915771484375,1208.8306025401785,1183.7138745751004,1198.9568604081787,12714544
2022-05-26,1177.1617431640625,1198.911319486633,1159.3707382493358,1194.1336171006558,17882023
2022-05-27,1171.701416015625,1185.3744993862058,1155.7760235250337,1179.8688949887019,16521973
2022-05-30,1212.51611328125,1216.7021540363792,1180.392243237482,1189.8564191042008,13853398
2022-05-31,1197.88720703125,1218.8860090470794,1190.1747884499268,1201.8685245305114,70620653
2022-06-01,1198.2742919921875,1208.1480337988985,1190.402522676765,1198.638243225424,9776989
2022-06-02,1239.58935546875,1243.2977103658052,1198.501741229144,1198.501741229144,22126569
2022-06-03,1264.705810546875,1281.9280190654463,1247.6428306711036,1248.552949338414,23939791
2022-06-06,1259.2684326171875,1280.4037178841604,1252.101940232276,1264.933385678996,11093152
2022-06-07,1261.6346435546875,1269.9840987331656,1252.2159612910536,1260.3378265980741,12358255
2022-06-08,1239.4755859375,1265.3884552322884,1235.949206752914,1261.6346065371608,12479250
2022-06-09,1273.4649658203125,1275.3986973973456,1233.082627965682,1233.082627965682,17278305
2022-06-10,1235.0164794921875,1269.4381532361936,1229.215044054509,1261.24792684013,18093057
2022-06-13,1211.6514892578125,1216.156107684235,1190.4479609930536,1205.7819334162448,17620803
2022-06-14,1195.8170166015625,1215.7238471836963,1189.151077141205,1205.804612494347,14714312
2022-06-15,1181.3477783203125,1200.0032876716657,1175.933161306616,1191.0167974504632,11195535
2022-06-16,1164.8306884765625,1209.8996152953227,1162.1005732041187,1193.4964174203167,17111475
2022-06-17,1178.4810791015625,1194.3382305909047,1163.0562400137392,1164.830742811065,24457187
2022-06-20,1157.1182861328125,1190.81193373047,1147.1306905067754,1185.3062092078612,12066797
2022-06-21,1175.7965087890625,1180.0280429847405,1150.406822198094,1164.83067428948,11720049
2022-06-22,1140.078125,1164.057262227865,1137.985044485591,1163.966274425617,10617206
2022-06-23,1121.581787109375,1148.905326422505,1112.5043100555831,1144.3779613702993,19446323
2022-06-24,1137.552734375,1142.5350381564465,1122.9695334934358,1128.4297638955586,14240234
2022-06-27,1134.1856689453125,1157.9828298757552,1129.1350035879693,1157.9828298757552,15474529
2022-06-28,1150.1339111328125,1152.9777615415514,1129.3854414043199,1129.3854414043199,13572847
2022-06-29,1173.9991455078125,1181.6661910990751,1137.9849487932977,1140.806051842701,19205146
2022-06-30,1181.052001953125,1190.2659611777156,1167.5608938992502,1173.9310028878358,23112959
2022-07-01,1095.9874267578125,1179.3911062938287,1076.103462886294,1171.610445710058,81997149
2022-07-04,1098.262451171875,1111.139270756361,1076.6038647303487,1082.45079365179,41857728
2022-07-05,1107.157958984375,1121.5590649917854,1099.8094906293034,1102.4941121326237,17647327
2022-07-06,1097.4207763671875,1111.1166075291421,1086.5687955560873,1101.1746251311279,23943726
2022-07-07,1086.6142578125,1107.1580039571165,1080.6535938667357,1103.813720771296,23301033
2022-07-08,1088.1158447265625,1100.2191487523794,1084.0889121323955,1100.2191487523794,19010108
2022-07-11,1102.903564453125,1105.1330060215998,1078.378383303484,1081.3359679020425,13847467
2022-07-12,1101.333740234375,1110.0927598985188,1093.8487904297283,1093.8487904297283,10778989
2022-07-13,1081.813720703125,1107.4992384747932,1079.7435076394818,1104.4506658974965,14224132
2022-07-14,1090.73193359375,1107.4764556314449,1081.5407222618398,1086.5686402982146,16970315
2022-07-15,1092.8477783203125,1098.8539355804724,1084.3390956531612,1098.8539355804724,9603210
2022-07-18,1102.1529541015625,1103.4041567519191,1088.5252438187727,1101.584159976362,15160908
2022-07-19,1108.909912109375,1113.4145306244031,1092.1653876854057,1092.1653876854057,16439888
2022-07-20,1138.8951416015625,1156.8681226053911,1131.273708960185,1155.730654624441,23924246
2022-07-21,1131.2962646484375,1137.5300117770723,1122.651100250388,1134.7998965175696,16523230
2022-07-22,1138.9405517578125,1144.9467089844488,1135.254944336538,1137.5300002449842,10969995
2022-07-25,1101.31103515625,1122.7194053701078,1093.3938930172108,1122.7194053701078,23110452
2022-07-26,1101.8116455078125,1112.003964591019,1097.193292295004,1101.629669898458,11303288
2022-07-27,1100.76513671875,1104.3141424256505,1092.938861823789,1101.1063409773997,8655086
2022-07-28,1118.010009765625,1122.9468197968529,1101.5840648849116,1108.409232735442,12496073
2022-07-29,1141.8299560546875,1145.3108414909532,1121.1497270683567,1126.018296934473,15130683
2022-08-01,1171.587646484375,1177.4573222630406,1140.9880650198957,1146.2434528105707,15700044
2022-08-02,1176.0467529296875,1186.580275301345,1165.535977507085,1170.5184018297261,13917913
2022-08-03,1185.9205322265625,1187.5813002703721,1168.220637135406,1183.0311881851292,14250977
2022-08-04,1170.2454833984375,1191.1078085473182,1153.4555848310504,1187.5814291745087,14467127
2022-08-05,1153.0003662109375,1173.384882192994,1149.7925649671015,1172.1109326876474,13942438
2022-08-08,1168.0841064453125,1175.546309977684,1151.6354129424305,1151.6354129424305,10165178
2022-08-10,1175.068603515625,1178.4356336498447,1163.4884798945134,1172.5204636099309,10724688
2022-08-11,1178.981689453125,1187.5358669102814,1174.0220116644236,1184.4418001629217,8198226
2022-08-12,1198.046630859375,1201.845973401522,1174.9321182963517,1178.6176057306407,12650587
2022-08-16,1206.3734130859375,1209.1035287580976,1195.4531911057852,1204.052862906299,6607378
2022-08-17,1212.6754150390625,1218.0217913259337,1208.3072780583839,1212.6071741819499,6595965
2022-08-18,1214.87451171875,1218.3894546289891,1205.24240897424,1214.2810405952932,7410035
2022-08-19,1193.213623046875,1215.0569809988342,1189.1507309375147,1209.7159828214287,9460724
2022-08-22,1189.904052734375,1201.1795211355932,1180.500282384016,1194.6517009933089,9471680
2022-08-23,1208.2552490234375,1211.1768414672938,1182.9424687305054,1184.1522321085429,9678484
2022-08-24,1205.0369873046875,1218.846089361482,1203.0284828486285,1205.1968562417935,10369622
2022-08-25,1201.52197265625,1215.6048071686444,1197.2080472965745,1209.2367351350583,7871946
2022-08-26,1195.1080322265625,1209.715993824914,1190.0866510806784,1201.9554689456972,10742038
2022-08-29,1185.818359375,1211.9984634718257,1176.8710131510943,1180.0436382797463,19838975
2022-08-30,1204.2152099609375,1207.5477042577893,1176.2091689010513,1193.282179919688,23139054
2022-09-01,1168.81396484375,1189.150886984996,1164.385933490136,1178.9710757031155,19909939
2022-09-02,1155.1646728515625,1175.638520959865,1152.9734784565321,1168.8139049237643,12999345
2022-09-05,1173.10498046875,1178.445978943139,1155.3928563937116,1155.3928563937116,11327815
2022-09-06,1185.4532470703125,1189.6302455363334,1174.1093147173583,1174.5658588505653,10899618
2022-09-07,1178.5601806640625,1184.563114237557,1173.1963605855797,1175.478839783805,7488501
2022-09-08,1180.2261962890625,1185.978096162653,1173.6527344300007,1181.5272442598816,7057077
2022-09-09,1172.8768310546875,1191.4561604892992,1170.4573041604863,1191.4561604892992,8314850
2022-09-12,1186.0009765625,1192.3691689901582,1173.447281793324,1173.447281793324,7435419
2022-09-13,1195.906982421875,1200.4491194045427,1187.3477160754526,1195.1081207827935,8888657
2022-09-14,1181.572998046875,1191.4561336808906,1174.451706778856,1175.4787801044877,8678219
2022-09-15,1169.8638916015625,1188.5116835520153,1167.1476896556205,1179.1307346574977,10365600
2022-09-16,1140.8763427734375,1165.4359048168926,1137.133067391258,1161.213264147553,20217708
2022-09-19,1142.3599853515625,1151.6040077939597,1132.7278822878002,1140.876367867208,7580254
2022-09-20,1142.54248046875,1158.4514907194557,1138.8220264150539,1151.4898271317024,8411448
2022-09-21,1145.6923828125,1156.3059159956042,1138.9590517800352,1139.7579133773165,9207309
2022-09-22,1134.896240234375,1142.6110027498532,1128.5053470017444,1134.8505978968233,10308170
2022-09-23,1113.62353515625,1139.3927402184245,1112.0714541784876,1134.394179751921,9528051
2022-09-26,1085.2523193359375,1103.7176650883043,1084.2480670791438,1092.8757978119418,12479523
2022-09-27,1093.8800048828125,1107.4607728213189,1077.3776445528867,1092.8528108642224,16154822
2022-09-28,1064.7554931640625,1085.5489575446488,1062.3132660155625,1077.491757249726,16997059
2022-09-29,1061.4915771484375,1080.7556609643932,1055.8766040342564,1077.3320028920632,14671827
2022-09-30,1085.4349365234375,1096.5048940159172,1054.96372509037,1054.96372509037,18613024
2022-10-03,1081.6688232421875,1103.3294933419215,1078.7015883112226,1091.7117072217247,11852723
2022-10-04,1101.61767578125,1103.808870249341,1091.095426399377,1094.587668996287,8948850
2022-10-06,1105.6802978515625,1118.4165611455717,1103.8771842481965,1108.8302224863316,13352162
2022-10-07,1110.359619140625,1115.6321543527151,1102.2795971833257,1102.2795971833257,7714340
2022-10-10,1098.2396240234375,1103.6262649687026,1090.1139598954956,1097.8743645838504,6329527
2022-10-11,1076.3734130859375,1101.9828714622417,1073.269250949044,1101.9828714622417,9215177
2022-10-12,1084.2935791015625,1087.2379927529598,1069.6171531804475,1073.6800455545388,7417103
2022-10-13,1087.7401123046875,1092.8527780894253,1077.3776122421918,1082.5360411069073,7328492
2022-10-14,1082.2164306640625,1103.0555367494892,1081.4860325836341,1102.4392445024225,9106089
2022-10-17,1099.5863037109375,1101.982888862092,1069.845609321564,1075.0496814411536,16729355
2022-10-18,1118.9873046875,1124.3511243615108,1104.7902440911478,1105.634748048647,12415820
2022-10-19,1138.4569091796875,1153.9550179585947,1114.6277458530562,1120.4709308445554,19247142
2022-10-20,1141.5155029296875,1149.9150215278255,1134.3942113183082,1134.3942113183082,8717053
2022-10-21,1128.2769775390625,1148.9106943491454,1126.177188586748,1144.7565172867282,8243452
2022-10-24,1132.043212890625,1142.3828937322883,1120.8363275575412,1122.9817591091366,3370033
2022-10-25,1114.559326171875,1140.785075413764,1112.9387816840604,1140.785075413764,12233241
2022-10-27,1118.941650390625,1126.8391025996318,1110.5649536618178,1122.0686333408069,12513059
2022-10-28,1153.1790771484375,1157.2190279737692,1122.7306857391648,1125.2641978503823,17609592
2022-10-31,1163.8837890625,1169.065039404331,1155.9406944170403,1159.957944449031,12419943
2022-11-01,1154.867919921875,1186.8910882247426,1144.8935003477782,1186.8910882247426,13963166
2022-11-02,1162.08056640625,1164.1576549471247,1148.0890168960855,1155.986348539346,8981896
2022-11-03,1166.4173583984375,1168.4259835133787,1152.676841200972,1154.8680356681098,6693449
2022-11-04,1183.5816650390625,1186.8912175642852,1164.568612402097,1165.8467186255812,12575815
2022-11-07,1189.904052734375,1191.5931814379082,1175.0223567357784,1182.7827614663586,11789748
2022-11-09,1188.7171630859375,1196.9112902936065,1182.3489707407007,1191.5931131291466,11254205
2022-11-10,1174.337646484375,1185.3163193750859,1170.0008998356418,1182.3262632089597,5966242
2022-11-11,1201.4078369140625,1203.325056528256,1181.413233492101,1186.8911590644095,12310132
2022-11-14,1195.5875244140625,1206.0641314784764,1189.242152687652,1200.9285232071268,9043112
2022-11-15,1190.2236328125,1198.9426470922247,1182.3261805701843,1197.0710698465111,7086433
2022-11-16,1183.3990478515625,1194.1723297469184,1178.3775455967132,1191.4561277313167,9716161
2022-11-17,1186.45751953125,1192.825591205946,1177.7612057960014,1180.020863607493,6661451
2022-11-18,1185.818359375,1190.9996093948082,1173.698388022442,1189.972415409292,5303197
2022-11-21,1164.477294921875,1181.413258441568,1160.9165888885639,1181.413258441568,6390268
2022-11-22,1170.9366455078125,1172.5115476255721,1157.9037056180239,1161.783907991267,6611488
2022-11-23,1167.28466796875,1176.80266503484,1165.0934735308952,1175.4787957552544,6413408
2022-11-24,1177.3504638671875,1184.1522586948402,1163.2446877659072,1171.3703518394527,9389439
2022-11-25,1194.925537109375,1198.2579106358316,1178.7198513447252,1181.8697762735126,7349922
2022-11-28,1235.987548828125,1242.1502306285356,1142.154626734269,1190.9541361505962,31527484
2022-11-29,1238.110107421875,1246.9889910362924,1229.8018737736188,1234.3440108402901,11058913
2022-11-30,1246.85205078125,1253.288707028199,1231.7192011093234,1238.247142030381,26164986
2022-12-01,1243.17724609375,1257.6481612150444,1239.8448724818554,1251.6224067137045,9485801
2022-12-02,1242.6522216796875,1254.4526976676975,1232.8147284105949,1246.235748845341,11589592
2022-12-05,1224.5294189453125,1240.1872774344642,1222.4980932976318,1238.0189040182454,14828536
2022-12-06,1228.067138671875,1231.1713003979203,1214.737403586102,1216.6091015367565,8594245
2022-12-07,1209.9443359375,1230.258436618436,1206.132596960368,1225.693478313524,8462111
2022-12-08,1209.3736572265625,1216.5635327967686,1205.1967796428094,1214.281053698547,7757008
2022-12-09,1191.0452880859375,1214.2809794282305,1187.7356151104486,1207.8899658959556,12655763
2022-12-12,1192.871337890625,1197.3906539089487,1180.0437880026634,1180.272120443367,9479842
2022-12-13,1198.3037109375,1201.9555809304147,1189.9497141999723,1192.8713067918438,8333348
2022-12-14,1193.9669189453125,1204.6717371538757,1191.9126515922892,1204.0782660411908,7268947
2022-12-15,1177.008056640625,1193.7386297598832,1173.6528618480468,1188.0324923462415,8688551
2022-12-16,1171.187744140625,1195.4734533972091,1167.78690686101,1173.6529134607251,15837349
2022-12-19,1186.5716552734375,1188.7172073020977,1171.6898388274747,1178.2177795852808,7729933
2022-12-20,1196.843017578125,1198.7602374146065,1171.3704856304953,1179.541792973625,7467588
2022-12-21,1179.8155517578125,1201.9555872542346,1175.9809916475376,1196.477661489117,8527550
2022-12-22,1176.7569580078125,1189.013856887232,1171.7126347696108,1185.9781586267084,7451122
2022-12-23,1142.245849609375,1182.554553491853,1137.703712598857,1170.137785137051,10257115
2022-12-26,1152.22021484375,1160.414342154975,1137.7721216907048,1147.9748739735228,5990242
2022-12-27,1161.64697265625,1163.518549950611,1148.2031310835503,1154.9364624540497,5763271
2022-12-28,1161.5328369140625,1163.9750640999512,1151.0562304776126,1158.5884232916014,7459393
2022-12-29,1161.0078125,1163.5641454874342,1152.882148696241,1153.566904464591,6930648
2022-12-30,1162.7880859375,1176.3916749175478,1160.0035413220228,1161.829476176333,7289476
2023-01-02,1175.8896484375,1177.3048023328713,1163.244668797144,1164.066351583663,5316175
2023-01-03,1167.28466796875,1174.565828259546,1163.0621480210023,1170.9366586985077,7658932
2023-01-04,1149.7095947265625,1169.1107276232437,1147.6325061253483,1167.2618507099899,9264891
2023-01-05,1147.6553955078125,1157.858149023016,1143.0676158255733,1151.969321148222,13637099
2023-01-06,1158.0863037109375,1163.1306272948216,1149.5955006159752,1153.4072395784428,6349597
2023-01-09,1185.4302978515625,1187.8041821914996,1161.0306065888913,1161.9207528429104,10722753
2023-01-10,1167.9010009765625,1189.6302560157692,1162.240505708343,1189.6302560157692,8047142
2023-01-11,1153.1790771484375,1167.7184566325625,1150.873655990327,1165.2077656913489,11509553
2023-01-12,1128.2769775390625,1156.077627831873,1125.2641003718309,1152.5855061360771,17688773
2023-01-13,1126.451171875,1128.8705782042637,1111.3867843100481,1122.2513519945564,20618583
2023-01-16,1115.723388671875,1131.951774613395,1107.917221092014,1128.7791493112115,13623855
2023-01-17,1131.5638427734375,1133.481062404078,1118.6906511572718,1122.0686670526488,10751000
2023-01-18,1129.692138671875,1137.178689301756,1123.1414974309203,1129.1444306357287,13448286
2023-01-19,1128.4825439453125,1132.6366004638107,1121.4524163802744,1128.8705038207283,11940054
2023-01-20,1115.0615234375,1129.8291140692525,1112.596474928504,1129.8291140692525,14930286
2023-01-23,1109.4237060546875,1125.811961602633,1107.004299933337,1117.960272105855,10954118
2023-01-24,1102.873046875,1115.51790607312,1089.8171651533376,1113.851719292168,16488755
2023-01-25,1087.6259765625,1102.302402806859,1086.461976225218,1101.2753294802073,12385018
2023-01-27,1066.9923095703125,1089.817098907081,1055.260297818003,1088.470529311336,25830975
2023-01-30,1077.218017578125,1082.764407064242,1050.3987961919847,1064.4132886312711,21772103
2023-01-31,1074.5245361328125,1089.9541811505658,1068.6585300710096,1087.3749062182637,22691594
2023-02-01,1068.156494140625,1086.43914786492,1052.2246622437708,1086.43914786492,19347800
2023-02-02,1062.2447509765625,1071.85391093282,1054.9635914721293,1058.1590377354637,13662663
2023-02-03,1063.1806640625,1072.3105805967245,1046.7467660021255,1072.3105805967245,24699575
2023-02-06,1055.1690673828125,1059.528634971871,1052.5899131464937,1056.7896118119152,14837879
2023-02-07,1052.6356201171875,1062.4502927137798,1046.7467924098464,1055.4202857843334,15135435
2023-02-08,1073.6572265625,1077.2863960062462,1053.137736379797,1055.8766387784026,21160332
2023-02-09,1075.52880859375,1082.284961068636,1065.463103759131,1074.341987106508,13172763
2023-02-10,1066.6728515625,1075.0039060071294,1059.6655455942528,1075.0039060071294,10790445
2023-02-13,1060.6014404296875,1072.7670546240697,1056.127767130611,1068.293381324993,10352493
2023-02-14,1085.5946044921875,1087.329254712915,1060.738368480938,1063.6143185684562,14321920
2023-02-15,1110.1768798828125,1112.5735854842064,1083.2664969637603,1084.6358877756606,33503591
2023-02-16,1109.3095703125,1124.7163944448255,1107.0270912647763,1118.1656324865594,17264487
2023-02-17,1113.9429931640625,1117.2754874405753,1100.4306882070916,1104.7217922905263,11809520
2023-02-20,1102.16552734375,1118.3026298698114,1100.2025445254703,1116.13425652598,8836937
2023-02-21,1111.158447265625,1116.9558691842672,1101.22954869757,1106.547846833629,13311592
2023-02-22,1085.9598388671875,1109.2868172204335,1084.2023673241313,1107.4380609994967,11024335
2023-02-23,1080.7557373046875,1093.1953270218976,1077.9483712962124,1085.5490279902117,9851910
2023-02-24,1088.1510009765625,1093.8344379808216,1080.9840672539892,1082.8100022510873,9434053
2023-02-27,1080.91552734375,1090.8672478016565,1073.543202799622,1087.3750050988056,11199715
2023-02-28,1060.2362060546875,1080.5274845520237,1056.1734344203933,1075.5516247048565,21994038
2023-03-01,1069.982421875,1070.712820002187,1060.5557097259696,1070.0280642112666,11551145
2023-03-02,1061.8338623046875,1073.5202315216086,1059.8024162422653,1066.8325430044117,9333535
2023-03-03,1088.927001953125,1092.6018137297042,1068.909698230002,1072.3789987479975,14643807
2023-03-06,1099.5633544921875,1106.8216933590497,1095.5918675399987,1095.5918675399987,10171916
2023-03-08,1103.5120849609375,1104.265304210858,1088.7443751303776,1099.5632986303585,15782657
2023-03-09,1076.9896240234375,1103.3066574341256,1075.095225544964,1102.8958764013148,16235128
2023-03-10,1060.3046875,1070.0280749321848,1056.8124450060086,1068.8868957671646,13334091
2023-03-13,1042.866455078125,1070.027990166369,1038.5297089513685,1063.1805534779228,12771592
2023-03-14,1038.9635009765625,1052.2018311560978,1035.8136967949142,1040.812257084253,16027522
2023-03-15,1021.2056884765625,1049.1660857467195,1016.8004787547293,1042.6839083296516,21728555
2023-03-16,1016.11572265625,1028.9432712307178,1005.2967990221152,1023.9218900002587,18363159
2023-03-17,1014.8377075195312,1028.007574780085,1010.0901194945558,1024.7208434439497,34014213
2023-03-20,1004.8631591796875,1013.4224856028961,995.1625932582816,1011.1400066065017,19524589
2023-03-21,1036.1102294921875,1038.0732119172073,1012.0528577510236,1012.9430039303461,21400360
2023-03-22,1039.26025390625,1046.0392280531037,1036.2473765076484,1043.0948141638403,10920094
2023-03-23,1026.1131591796875,1036.2016854580306,1023.9447859117854,1035.3343603002547,16249370
2023-03-24,1005.7989501953125,1027.117362031003,1003.3795441878093,1024.9489888672188,12375945
2023-03-27,1021.4338989257812,1028.9432703448797,1004.3838307288752,1012.2812223607901,14054323
2023-03-28,1026.2044677734375,1030.0846702786253,1021.1829653124684,1024.8349561252708,12576424
2023-03-29,1020.1329345703125,1024.7435346224438,1009.3595932977563,1022.095796356596,18804065
2023-03-31,1064.116455078125,1069.7770709600845,1029.2629756900762,1029.3999027039445,28171201
2023-04-03,1064.299072265625,1072.3106311531849,1056.7896998650788,1070.4846960590223,10293043
2023-04-05,1061.74267578125,1071.8540232011114,1053.8453439607506,1071.8540232011114,16262928
2023-04-06,1068.8638916015625,1074.592970502133,1058.2275373074351,1058.2275373074351,18435046
2023-04-10,1061.2861328125,1072.9496819536614,1059.779694186431,1072.7671126043012,12961408
2023-04-11,1066.5357666015625,1068.6584973689567,1060.920914302666,1065.4630510078462,10542367
2023-04-12,1071.23779296875,1080.8925957399235,1063.6599579243734,1066.5357872569193,18179087
2023-04-13,1075.27783203125,1079.9797173840186,1069.1151503508545,1074.1365320735108,12378208
2023-04-17,1080.73291015625,1106.9814803229494,1072.333391852291,1106.9814803229494,17929479
2023-04-18,1068.36181640625,1085.0923881243807,1061.8110548039576,1085.0923881243807,10405576
2023-04-19,1073.6800537109375,1076.3733137885806,1064.64142217666,1067.768405195298,12273475
2023-04-20,1070.9638671875,1076.8755157885284,1064.595795217696,1074.638679040759,7007330
2023-04-21,1072.310546875,1077.7884724738815,1066.5586465106753,1073.0637661728558,7647317
2023-04-24,1076.4190673828125,1086.8727319946267,1071.8539885727766,1084.1794719407253,12936186
2023-04-25,1084.65869140625,1086.7357798786459,1072.9952636709509,1080.0709122812248,9236126
2023-04-26,1078.2906494140625,1089.2466212621475,1074.6158376300252,1086.0054116702795,8617834
2023-04-27,1085.115234375,1088.2878596252956,1079.1579437194785,1084.1794457664448,9167125
2023-04-28,1104.9500732421875,1106.5022750107378,1087.2608896802224,1087.374995527852,15565210
2023-05-02,1114.3310546875,1116.4994278601828,1108.4194062766874,1112.1170391794083,12981805
2023-05-03,1104.7674560546875,1116.1342091904096,1101.549188303151,1116.1342091904096,7061872
2023-05-04,1117.503662109375,1119.717677582049,1102.2567073883076,1105.2467632974385,8635233
2023-05-05,1114.650634765625,1123.5979821409157,1112.0258380416835,1114.3083172243437,8746585
2023-05-08,1128.4140625,1133.7778823916174,1115.746261129747,1118.4167001177036,9153782
2023-05-09,1131.9061279296875,1135.2158009724574,1124.4652198090143,1129.8290394334551,6464721
2023-05-10,1139.6895751953125,1141.173192717246,1132.659447469911,1136.6766978121202,10872255
2023-05-11,1132.2486572265625,1145.578272899187,1130.536707274967,1140.7622816578707,10557860
2023-05-12,1134.097412109375,1135.4897449397138,1121.3839680276494,1127.4553650769165,6955341
2023-05-15,1136.334228515625,1143.318592964205,1128.9846046154787,1136.6310244600713,6833343
2023-05-16,1120.1513671875,1141.058816015231,1118.4850597805391,1138.5024831085086,8717229
2023-05-17,1113.5321044921875,1125.2639949628326,1108.8302198375738,1124.3510275803587,8798967
2023-05-18,1111.1356201171875,1121.6122266625744,1107.9856952056505,1118.2112689036005,10525531
2023-05-19,1114.7418212890625,1116.5678769225615,1104.1967514891073,1111.1355938507186,8050447
2023-05-22,1120.6990966796875,1125.720598669704,1110.3595382742935,1111.5691808774143,7434906
2023-05-23,1120.4937744140625,1126.6336347127256,1119.0786204739588,1123.2784399572938,6092034
2023-05-24,1113.9658203125,1124.8076864197674,1110.861658447196,1116.545095308795,8112254
2023-05-25,1113.8289794921875,1117.9603357408223,1102.9187697829475,1111.0672556833676,11487863
2023-05-26,1144.2088623046875,1145.3500415058625,1118.7591533794464,1122.0687058844728,12626260
2023-05-29,1150.645263671875,1154.9363674405995,1144.5282250956022,1150.8278330032474,10010304
2023-05-30,1150.3487548828125,1158.451598350407,1147.7923008862115,1150.6454300892005,11342504
2023-05-31,1127.5008544921875,1145.7379850828543,1123.438083146388,1141.2414908293927,27107927
2023-06-01,1124.46533203125,1134.34858906371,1122.068746948841,1132.1802156805027,14592692
2023-06-02,1120.79052734375,1133.4126870908076,1118.8733075639293,1128.0032245554776,15800644
2023-06-05,1130.8563232421875,1133.8235582589482,1122.274114564264,1126.268543700321,10908682
2023-06-06,1131.8148193359375,1135.6265579862757,1123.8946668621782,1133.6865172838243,7493309
2023-06-07,1140.39697265625,1141.241476547739,1128.7334248440704,1135.3070073943356,10312545
2023-06-08,1141.0816650390625,1148.9334747780272,1137.1329993758209,1143.9804362633743,12071109
2023-06-09,1133.0018310546875,1145.1446246797914,1131.1985964976163,1144.4370477074842,5877018
2023-06-12,1134.006103515625,1136.311403822295,1125.2641468372988,1130.0574375493186,6391969
2023-06-13,1150.7593994140625,1151.946341592658,1134.9646161546627,1138.9590448637286,11248016
2023-06-14,1164.910888671875,1166.3488637759137,1149.0019986007082,1150.827933567815,13277380
2023-06-15,1165.23046875,1169.7954267696327,1157.4471223513988,1164.888030487722,11813494
2023-06-16,1176.574462890625,1178.856942021871,1168.72265257123,1168.72265257123,24171579
2023-06-19,1164.8880615234375,1179.5873088461865,1160.7111839901809,1179.5873088461865,6798554
2023-06-20,1167.3074951171875,1170.457299404325,1157.2189687814275,1162.9480481347903,6921096
2023-06-21,1170.59423828125,1173.127750027222,1163.1533304634168,1167.2617442064677,6961603
2023-06-22,1157.4471435546875,1174.702723824018,1155.8494202932393,1166.8053921892115,7619166
2023-06-23,1147.9749755859375,1156.4885999942844,1146.7195697742059,1154.4343325060674,6628570
2023-06-26,1139.2100830078125,1148.2715353178476,1136.0831001245695,1144.436975506937,12641159
2023-06-27,1139.62109375,1145.578264166708,1135.1474200849475,1139.666736088607,9689466
2023-06-28,1154.708251953125,1158.519990797568,1140.2600374666351,1147.1760589375283,11354006
2023-06-30,1164.180419921875,1167.1020122895738,1156.5113003301233,1162.4229485666156,11151555
2023-07-03,1194.0582275390625,1196.9341777415286,1166.5086096788432,1167.741194264735,12154387
2023-07-04,1181.755615234375,1198.3036177471888,1174.6798459927943,1198.3036177471888,8061643
2023-07-05,1179.8155517578125,1190.9997357239995,1175.8440646341217,1190.9997357239995,10248062
2023-07-06,1204.5804443359375,1207.1824197013011,1175.958111582341,1175.958111582341,19117987
2023-07-07,1202.2294921875,1216.5406584496827,1199.6730384312104,1202.8686056265724,13375267
2023-07-10,1248.5411376953125,1258.1047776229054,1221.128565671655,1227.4738168988026,33240016
2023-07-11,1262.076171875,1264.4955779542368,1249.705166712445,1256.6895309307056,20069348
2023-07-12,1263.468505859375,1279.103541836806,1260.683840337917,1262.806571231475,18733835
2023-07-13,1252.170166015625,1277.7339788902639,1249.545369524751,1270.8408996155135,14682934
2023-07-14,1251.120361328125,1260.341562579208,1243.9989491216202,1255.3657025022662,15124144
2023-07-17,1276.68408203125,1285.0607786645128,1245.3227267228626,1253.9962192785829,22220040
2023-07-18,1287.52587890625,1295.286283587151,1274.995004828538,1285.9509768018002,25867313
2023-07-19,1297.294921875,1303.7543992835303,1276.8210735612868,1291.8854597114334,39122156
2023-07-20,1295.7237548828125,1301.2135132047797,1276.0147195399904,1276.0147195399904,38717624
2023-07-21,1255.6134033203125,1293.2755748788927,1248.1205739980844,1290.3576048302098,30249238
2023-07-24,1230.216796875,1243.8424839995957,1221.2649818512405,1227.0515368964086,23727866
2023-07-25,1229.425537109375,1239.0203294862108,1226.5569523456327,1233.4810641733905,12026020
2023-07-26,1249.4063720703125,1259.6936470475673,1229.029726310642,1229.029726310642,12911012
2023-07-27,1237.7838134765625,1255.06933898356,1231.6758304667376,1253.2889256301971,17226898
2023-07-28,1250.22265625,1257.6413476752305,1236.7206137066948,1242.4082771327046,20827852
2023-07-31,1260.8065185546875,1263.1062644351005,1245.3261593927457,1250.222567835286,8551174
2023-08-01,1242.9769287109375,1265.6286894674379,1239.0697997346808,1263.6503718598296,9536632
2023-08-02,1229.6976318359375,1242.383546099848,1218.4459496409647,1240.9986995264646,12748214
2023-08-03,1224.5291748046875,1236.8936606795558,1215.7010043381908,1224.23249959185,10168350
2023-08-04,1241.171630859375,1244.3616435147105,1222.4023686926273,1235.8549028515122,22885610
2023-08-07,1248.2442626953125,1250.4945023600335,1238.92139273861,1246.8346631113916,5982870
2023-08-08,1240.7265625,1253.4867351589849,1236.2259624118224,1250.2967221809695,9844072
2023-08-09,1248.911865234375,1250.7912910864598,1227.1009863432985,1238.8472469851743,11486586
2023-08-10,1254.4759521484375,1261.1775274732204,1240.627728317359,1248.7882887892447,15470598
2023-08-11,1259.767822265625,1265.5544976220099,1242.5565564009414,1252.4975295128647,22179330
2023-08-14,1274.65478515625,1277.1524353275731,1248.8130109688743,1255.7371227128601,9575812
2023-08-16,1273.6162109375,1277.3998161442023,1261.6721656259772,1261.6721656259772,10203112
2023-08-17,1255.242431640625,1275.0751125275667,1252.6953962030047,1269.6347394983914,13673744
2023-08-18,1264.5406494140625,1274.827925208279,1240.6771930744892,1251.9041214413387,18639978
2023-08-21,1250.74267578125,1268.3374245054665,1248.5836072167706,1260.6443643964944,9221746
2023-08-22,1250.44482421875,1259.6517042081298,1240.319812990251,1249.204008079304,7713044
2023-08-23,1251.8345947265625,1262.0838090060652,1249.2288807667073,1252.8272476636503,9517952
2023-08-24,1230.7904052734375,1260.6195534341234,1226.4227081001463,1260.6195534341234,14140020
2023-08-25,1225.1075439453125,1243.2978613921046,1212.3271367872899,1218.9778633049934,22222400
2023-08-28,1212.897705078125,1232.87484375,1206.6192242506277,1226.9189266304347,12580826
2023-08-29,1201.2838134765625,1217.7121468384466,1195.2285336373561,1217.0173382536789,16876644
2023-08-30,1200.142333984375,1212.525656094156,1198.628513903965,1207.066064519438,12168946
2023-08-31,1194.6578369140625,1203.5917135507277,1191.133870437995,1202.5990605910981,21638600
2023-09-01,1197.4619140625,1203.9141576589248,1192.0023233270636,1194.4343955405523,18112842
2023-09-04,1196.494140625,1202.921543874001,1193.8140262826475,1197.4619529612135,9347626
2023-09-05,1202.89697265625,1208.033879307401,1197.362859390741,1201.1101487589585,8675876
2023-09-06,1205.4281005859375,1209.125708635972,1199.745186611218,1201.6560920331103,8200370
2023-09-07,1207.06591796875,1210.1679582595825,1196.6430625915527,1201.9537313347682,13652572
2023-09-08,1215.1064453125,1218.9778160313297,1202.5742018862823,1211.0365924741222,23109288
2023-09-11,1228.20947265625,1229.326207160582,1216.9924464989115,1216.9924464989115,13271074
2023-09-12,1210.4658203125,1232.3785847782628,1209.026400892418,1232.3785847782628,16255666
2023-09-13,1216.52099609375,1222.2783103355039,1204.2120756300537,1211.0365644667,12803338
2023-09-14,1217.6376953125,1223.8417758931353,1213.5181615722684,1220.9630582690309,9209636
2023-09-15,1219.89599609375,1224.9336610195687,1215.7516218263509,1224.9336610195687,25468592
2023-09-18,1209.274658203125,1216.4962329024152,1207.0908701058952,1211.061482045193,7516300
2023-09-20,1182.3240966796875,1204.882232531632,1168.8488809798134,1202.623922773179,57081884
2023-09-21,1173.7127685546875,1186.269851496792,1171.3303774506073,1178.7504333612094,12226182
2023-09-22,1168.823974609375,1182.4729522811776,1166.367182863141,1179.2716708437545,19176786
2023-09-25,1161.6273193359375,1171.6779308453931,1158.9720452955405,1166.5657437194718,14254884
2023-09-26,1162.644775390625,1166.4664650387544,1159.2201711598175,1160.684310036077,10087782
2023-09-27,1175.747802734375,1177.1872222950064,1160.6595255350553,1163.1411580463555,11722778
2023-09-28,1158.4757080078125,1182.7460248832851,1153.959088482433,1182.7460248832851,14518346
2023-09-29,1163.8856201171875,1175.847137006539,1158.475709840611,1162.2973995824232,12342014
2023-10-03,1150.5592041015625,1159.2201982891547,1149.4921506176527,1156.4158809171215,8859056
2023-10-04,1148.5738525390625,1150.981084388904,1139.1189302205564,1146.0178196869251,10286386
2023-10-05,1148.5491943359375,1156.1428927957072,1146.017880733707,1151.1052273242312,10953682
2023-10-06,1150.4847412109375,1153.8597853939605,1147.5316229908371,1150.0132553057874,5431026
2023-10-09,1140.6822509765625,1147.4818990309532,1139.0691900320726,1145.5711149238573,7576878
2023-10-10,1145.719970703125,1150.435072150941,1143.4121010954177,1144.8018394410437,10236032
2023-10-11,1163.910400390625,1166.2182699823193,1148.0031129607796,1148.7227620999727,9814118
2023-10-12,1166.0693359375,1171.0078811502246,1160.485663265934,1163.3148210249558,12554450
2023-10-13,1166.019775390625,1170.0896281233202,1156.0187245288932,1161.4039150831682,10150316
2023-10-16,1163.4140625,1168.6254903286665,1159.4186102633319,1163.885548402189,5929036
2023-10-17,1168.972900390625,1171.18152891328,1162.0491704758838,1169.3451452373686,7928180
2023-10-18,1153.4627685546875,1174.8048077319042,1151.9737890772074,1168.9729714451066,8918320
2023-10-19,1144.603271484375,1152.37085365543,1142.0472385636656,1147.5068298823098,12032556
2023-10-20,1141.104248046875,1148.846868358942,1139.7145096810816,1141.5508934053469,8913312
2023-10-23,1123.2860107421875,1144.6528889030683,1119.340239652529,1136.5875839948083,7853962
2023-10-25,1120.680419921875,1132.2200112886635,1113.2603628260954,1116.7594889591046,11620688
2023-10-26,1105.07080078125,1120.7050833883056,1101.993601137725,1117.2307983645155,15222534
2023-10-27,1124.5765380859375,1128.3982276638756,1109.761144511754,1111.7712909465938,11771084
2023-10-30,1147.7550048828125,1153.9590859902871,1126.6362885582769,1128.6464350717906,16813304
2023-10-31,1135.5452880859375,1155.4480281047179,1133.0636557231696,1155.4480281047179,12808438
2023-11-01,1140.2603759765625,1150.236586425296,1129.2419526519689,1136.1656826268284,10309190
2023-11-02,1151.57666015625,1153.6116471680004,1145.4966608528325,1148.4746196953226,10562104
2023-11-03,1151.3284912109375,1158.897469898072,1149.3680258840427,1155.0509397455937,8850156
2023-11-06,1160.9075927734375,1161.4039192346488,1154.256866662586,1157.5822297180116,10647304
2023-11-07,1153.3634033203125,1160.9572220726066,1151.2540159543112,1158.4507493206686,6960204
2023-11-08,1159.3690185546875,1161.9003321646271,1152.3460470752768,1157.4333936812945,7884494
2023-11-09,1146.787109375,1159.3689122452765,1143.6353879313751,1159.344192861405,14513610
2023-11-10,1148.9461669921875,1149.6659373563402,1140.5831381668131,1144.3055869187945,7734954
2023-11-13,1148.79736328125,1153.7606282722284,1147.3579437297892,1152.9167762849927,3854810
2023-11-15,1169.5684814453125,1172.2982770196893,1154.9516911953863,1161.4039352802765,12220648
2023-11-16,1171.6778564453125,1178.3534231349859,1164.8533675821152,1166.9131951067154,13134910
2023-11-17,1169.121826171875,1177.9067803474445,1167.3846835483773,1167.8064883385834,7758634
2023-11-20,1166.0445556640625,1170.5362129509904,1159.61703140789,1165.6474702823514,4490186
2023-11-21,1180.7109375,1185.227556641674,1171.4296571663483,1174.3083747965666,8214450
2023-11-22,1185.3267822265625,1188.4288224829827,1177.3855591701267,1178.7752974396924,8534814
2023-11-23,1188.9500732421875,1191.1835423841578,1185.3268657327444,1185.3268657327444,8531542
2023-11-24,1188.1558837890625,1192.474021001291,1186.7414260587238,1187.0144298509326,6749486
2023-11-28,1188.404052734375,1191.034607263244,1178.899449291774,1188.1558894990753,13792174
2023-11-29,1191.5308837890625,1197.1145563492605,1190.2156671664848,1195.1540911072586,12531306
2023-11-30,1179.9913330078125,1191.530923348677,1176.2440439527552,1188.5529645510346,28439984
2023-12-01,1188.3544921875,1189.3967050711567,1180.0658643673892,1180.2643464861462,14342842
2023-12-04,1201.2093505859375,1215.9999042684663,1190.4887710727894,1215.9999042684663,15590990
2023-12-05,1209.919921875,1211.4585824899339,1201.929016778731,1210.5403299982054,12693624
2023-12-06,1221.5091552734375,1227.3905513904704,1208.5549856031337,1214.560584514323,16422442
2023-12-07,1219.4989013671875,1221.4345260102064,1212.0291642243994,1220.9630401277734,8142096
2023-12-08,1218.8536376953125,1229.2516522307412,1213.5181285411948,1222.8739302715144,10204894
2023-12-11,1220.6405029296875,1224.7351961410227,1217.1909371644088,1218.9777608532804,7066138
2023-12-12,1203.1201171875,1223.4198198791,1201.1843713898427,1220.9630282642331,9197124
2023-12-13,1208.03369140625,1210.2176004047437,1194.3103140708777,1202.102614795848,10031182
2023-12-14,1223.0228271484375,1228.3831772791464,1212.3518080035872,1217.9851619285064,16972354
2023-12-15,1238.63232421875,1240.8161121066785,1225.9511593183302,1229.8969303201395,15932152
2023-12-18,1251.239013671875,1258.1379030406688,1236.3243792186838,1238.6323699765335,14165188
2023-12-19,1269.6527099609375,1277.4945707453207,1253.3234974409622,1268.1140495332209,16820604
2023-12-20,1254.2913818359375,1289.8780864366483,1250.7426960684581,1276.080186427869,17736722
2023-12-21,1271.8614501953125,1277.2962009364337,1249.8741628164655,1254.2170195322976,13765454
2023-12-22,1273.102294921875,1280.9689971307214,1264.4661412408368,1270.3973397701047,16541784
2023-12-26,1279.554443359375,1286.453332624264,1271.935783794956,1274.5663382448713,7465664
2023-12-27,1283.9222412109375,1290.3992050276352,1277.0977519092014,1281.5150092423955,9204156
2023-12-28,1293.2034912109375,1296.4047727896045,1283.922210219302,1285.38634910855,12302636
2023-12-29,1282.97900390625,1297.3973111899322,1280.1748079960485,1295.958012986606,10864584
2024-01-01,1285.609619140625,1293.848686885263,1277.1223881648045,1280.7952766903763,4030540
2024-01-02,1296.255859375,1297.8937610136477,1277.0480485996618,1283.0039664322292,7448800
2024-01-03,1282.16015625,1307.3238832997818,1279.132516403198,1295.412048372221,9037536
2024-01-04,1288.7860107421875,1295.337616733607,1280.0755785995668,1284.4928354763001,9612778
2024-01-05,1294.2705078125,1300.3009471094986,1289.456165302221,1291.8881165287519,8086406
2024-01-08,1284.1702880859375,1306.3063750382337,1275.0378087074926,1295.4120337021336,7734652
2024-01-09,1280.7705078125,1293.8239187379374,1279.1326061603381,1290.448874370277,5403074
2024-01-10,1315.3148193359375,1319.7320764251056,1278.0654937339266,1279.0333061103788,11102740
2024-01-11,1349.9088134765625,1352.489686993197,1318.7394856296971,1319.7321386109766,23725852
2024-01-12,1360.6541748046875,1363.2350482099334,1335.8626919019084,1349.9087552154863,15012164
2024-01-15,1383.88232421875,1386.1901939086483,1355.9639593887296,1364.897836134336,8610594
2024-01-16,1364.5255126953125,1386.0413130880693,1360.4308194226976,1379.7627106993223,9069024
2024-01-17,1351.5712890625,1376.0898877655304,1345.0694854389078,1349.511582817391,12197382
2024-01-18,1357.8995361328125,1360.92717605878,1341.3222805612156,1341.4712027363942,10279438
2024-01-19,1357.4031982421875,1365.890429247957,1349.015329468004,1365.890429247957,10422704
2024-01-23,1318.8138427734375,1361.6716823004633,1312.8332056966303,1361.6716823004633,20055420
2024-01-24,1334.00146484375,1339.5851376107455,1314.1980872328543,1325.4149927095905,21919128
2024-01-25,1343.1337890625,1354.1274927557365,1325.390118278632,1333.0831783387705,11808872
2024-01-29,1437.4111328125,1441.8283899094502,1350.1817560391485,1354.474931519067,23893438
2024-01-30,1397.2830810546875,1449.2484377227322,1394.1066401470152,1449.2235971647833,14093978
2024-01-31,1416.1435546875,1423.7125336444733,1392.195801594125,1393.6847810610707,15130226
2024-02-01,1416.1683349609375,1432.745590517861,1407.631543948549,1424.4569627393994,13349362
2024-02-02,1446.9901123046875,1464.0638152243819,1422.6453963923934,1422.6453963923934,19652588
2024-02-05,1428.452392578125,1459.6961190035063,1421.007495677393,1450.0177530325548,8814432
2024-02-06,1417.309814453125,1431.2565145548228,1409.3933108861847,1431.2565145548228,9047984
2024-02-07,1431.554443359375,1438.8504181404362,1418.7491963623445,1425.3752031215413,9296568
2024-02-08,1439.4708251953125,1448.752105824393,1417.0368932886952,1439.3467435794867,14694634
2024-02-09,1450.0177001953125,1461.1602045826953,1440.2896534634558,1443.31729322881,12556798
2024-02-12,1441.679443359375,1450.2659153474917,1431.7529141646626,1450.017752117624,6674430
2024-02-13,1454.3358154296875,1468.1337156942297,1443.3173918995335,1444.8063713272154,7715594
2024-02-14,1470.4912109375,1472.749520552248,1446.7916226083244,1446.7916226083244,7117888
2024-02-15,1459.7952880859375,1473.8165098910026,1455.750276105359,1472.4516121931645,10006782
2024-02-16,1449.843994140625,1466.1483668657747,1447.8339689108675,1465.6271998466532,9767498
2024-02-19,1463.17041015625,1468.6300012389227,1442.8458657695369,1451.3082561823699,6729828
2024-02-20,1460.2174072265625,1464.659505178025,1451.0602075132595,1464.1880192365334,7117496
2024-02-21,1456.916748046875,1477.5888193115914,1446.8414171157522,1463.170510366537,12720292
2024-02-22,1470.8634033203125,1474.0398440634356,1447.2878974462733,1457.3633484018678,18493728
2024-02-23,1482.6512451171875,1486.5474563697878,1472.4517119404402,1478.556551746289,14438584
2024-02-26,1476.3974609375,1483.5446346905887,1471.607959051116,1482.5768223248915,7513106
2024-02-27,1474.73486328125,1488.9297276070065,1467.1907251784094,1472.1291493159843,10826044
2024-02-28,1444.930419921875,1480.3185210789975,1439.5205099276588,1472.1042938560004,8647950
2024-02-29,1450.0675048828125,1468.1088998815815,1443.8385832706604,1454.2365988812116,23628976
2024-03-01,1481.1622314453125,1488.979373154373,1451.7548888255137,1452.7475417409498,12132926
2024-03-04,1496.3250732421875,1501.337897909408,1476.2982516112518,1479.5243736818861,10024420
2024-03-05,1489.1778564453125,1496.3250301461744,1475.1319146195472,1494.7119691573153,7107668
2024-03-06,1491.9573974609375,1497.9133152152726,1467.6373999640691,1482.4775132325713,7805676
2024-03-07,1468.059326171875,1492.056638756749,1464.7091224345347,1491.9325571368477,8315726
2024-03-11,1455.82470703125,1478.060156044582,1452.7475073010382,1478.060156044582,11277130
2024-03-12,1464.5850830078125,1477.0676458601295,1454.2614676999044,1455.8248476863198,9432678
2024-03-13,1421.6527099609375,1472.2034859914554,1417.2850129833478,1468.9029635812572,13522134
2024-03-14,1420.9578857421875,1437.882667347047,1415.0268084821887,1429.1224321842872,18571102
2024-03-15,1407.80517578125,1422.694969713975,1402.5193474045138,1415.4733954219128,19223818
2024-03-18,1428.8990478515625,1431.1325169373013,1406.1177116464064,1409.5671563330236,9169392
2024-03-19,1414.778564453125,1427.0378036957165,1406.8373411480031,1418.252849649116,8275764
2024-03-20,1433.142578125,1434.3833942099568,1413.5625245390722,1417.458614341769,8488806
2024-03-21,1440.3145751953125,1447.1887452733042,1434.060934378195,1441.8532357214951,13006936
2024-03-22,1444.3348388671875,1449.2732629085037,1436.716179238339,1439.321893152815,19527608
2024-03-26,1430.983642578125,1441.7291835759677,1428.4276096750873,1434.3835274360674,11415906
2024-03-27,1481.8819580078125,1488.9794509587407,1436.368843691532,1437.3614966588377,16326644
2024-03-28,1474.933349609375,1494.8856495085238,1467.786296896486,1481.90676076149,21854364
2024-04-01,1473.8663330078125,1482.9986918329437,1471.6080232736622,1481.509712382751,5013880
2024-04-02,1476.025146484375,1483.0233977342266,1464.1629930776332,1473.0968689675985,8910166
2024-04-03,1460.7880859375,1473.5436523631188,1458.1079713887636,1471.186101560143,7008292
2024-04-04,1452.1768798828125,1468.878217464342,1439.3467919062653,1468.878217464342,14490272
2024-04-05,1449.3724365234375,1459.9938949751336,1445.3025839763254,1450.1417667351745,7442298
2024-04-08,1475.057373046875,1480.0206375610207,1450.2658910334067,1452.226356281804,8357118
2024-04-09,1452.896484375,1478.8543827139295,1451.7549092714805,1478.060211901015,7071414
2024-04-10,1468.7044677734375,1476.0749645358123,1455.5766564963697,1455.5766564963697,9138330
2024-04-12,1456.3707275390625,1475.5536963762681,1452.3255942645226,1465.031599863232,15551012
2024-04-15,1454.062744140625,1471.2356878788278,1435.6986653849476,1450.2658952456557,12902062
2024-04-16,1454.9810791015625,1460.3662698899807,1440.265047408789,1442.6721581376476,9366184
2024-04-18,1453.56640625,1475.0822062813913,1448.6279823176308,1452.7475160786112,19005692
2024-04-19,1459.323974609375,1463.1705049395248,1432.4231028577299,1446.0720814485837,15741778
2024-04-22,1468.9774169921875,1471.9305352298081,1457.0160218672338,1461.6317610616636,10350362
2024-04-23,1448.603271484375,1482.5272357774581,1444.8561033979943,1468.1337674689391,14605554
2024-04-24,1439.5205078125,1457.7605053579202,1438.8504186169605,1452.7475596039474,10462776
2024-04-25,1449.2484130859375,1457.189636393573,1430.9091747445573,1431.9018276580116,15943926
2024-04-26,1441.878173828125,1454.2366552962403,1439.346860190818,1453.1943211694756,9413848
2024-04-29,1454.2613525390625,1457.1152296530197,1439.3467183436048,1439.3467183436048,7247974
2024-04-30,1456.2218017578125,1472.178648628076,1452.1271085524606,1457.2144546560796,11474262
2024-05-02,1455.7752685546875,1466.4710074185996,1453.368036621592,1461.185178797564,14512646
2024-05-03,1423.46435546875,1464.1134460205978,1405.7455242326487,1460.1925152681529,17226958
2024-05-06,1409.095703125,1429.4202480421582,1407.5818831415143,1424.9533097670264,7394208
2024-05-07,1391.17822265625,1410.311631866643,1381.772860502106,1405.571689953147,14517472
2024-05-08,1408.1279296875,1422.4220356245855,1387.2325360419566,1387.2325360419566,9439002
2024-05-09,1383.88232421875,1413.2896685063718,1379.787630710347,1402.6186490602306,11009612
2024-05-10,1397.0845947265625,1399.6406275450738,1377.8766636438304,1386.4879762578594,10505096
2024-05-13,1392.394287109375,1396.6379028351905,1373.8317248456565,1389.6149314683873,8456620
2024-05-14,1409.6414794921875,1416.590049599915,1389.738862101979,1390.6818338615062,7188300
2024-05-15,1405.86962890625,1419.468926315315,1402.6435067088078,1410.063563528233,5046534
2024-05-16,1414.8778076171875,1417.0120356183081,1387.75361519461,1408.1278405018506,14711774
2024-05-17,1425.15185546875,1426.6408349602225,1402.8668442157614,1412.5948920294334,10916476
2024-05-21,1425.57373046875,1431.231803864575,1415.1260338425998,1415.1260338425998,11176128
2024-05-22,1449.9185791015625,1457.9838844507517,1425.7226630539947,1425.7226630539947,10281604
2024-05-23,1475.1319580078125,1481.2615172416956,1444.3100355832012,1447.8340020088174,14608260
2024-05-24,1469.37451171875,1477.5638984586112,1465.2549777906743,1472.724715385057,7094776
2024-05-27,1455.4774169921875,1473.990419113941,1450.8119965034373,1469.3497180106694,6629010
2024-05-28,1445.5010986328125,1467.6373066821805,1442.0764946111178,1457.2144512745626,7820162
2024-05-29,1430.1895751953125,1447.287997987601,1427.8815843874524,1435.8724890871501,7383556
2024-05-30,1414.3814697265625,1429.817270893488,1409.6663684202383,1424.9532474164846,13206858
2024-05-31,1419.8907470703125,1431.653659822201,1411.800601617005,1420.7841589242364,31069832
2024-06-03,1499.228515625,1503.3728901534053,1448.2806515244756,1472.1043222829317,21527942
2024-06-04,1387.0091552734375,1487.0437791255476,1349.3131842665355,1487.0437791255476,36709098
2024-06-05,1410.3116455078125,1420.6352601794422,1373.9308915121778,1411.5524616660985,17464890
2024-06-06,1421.0819091796875,1433.0929853880773,1410.9072166555904,1424.4569533735907,17855722
2024-06-07,1459.1500244140625,1461.1850112482903,1416.0193060772324,1418.004611799037,18558696
2024-06-10,1460.5894775390625,1482.3781598703026,1457.2888339961758,1459.150058153404,9251760
2024-06-11,1445.9727783203125,1462.847878399236,1443.9874724286744,1458.20717740815,11774902
2024-06-12,1452.5738525390625,1465.1557773484808,1444.4838278075101,1446.7916974833406,10081742
2024-06-13,1454.4847412109375,1461.433311890669,1449.3725542618724,1461.1851486521073,9181160
2024-06-14,1466.6944580078125,1468.8038455887872,1446.518713499826,1459.199879544848,8157998
2024-06-18,1470.1439208984375,1476.4720837189377,1460.5399547367645,1476.4224025999808,7196766
2024-06-19,1447.9332275390625,1476.571240472528,1445.3026730272272,1476.571240472528,8725874
2024-06-20,1462.8726806640625,1471.9554798675892,1439.446094050177,1448.280730003189,16113776
2024-06-21,1443.515869140625,1463.8652545834836,1429.9909727182371,1462.7982011333013,31170360
2024-06-24,1430.88427734375,1438.8503408924523,1426.9385064042085,1434.9045699529108,8878386
2024-06-25,1443.46630859375,1445.2282918111714,1430.4128980926341,1432.3982039886682,7045386
2024-06-26,1502.9013671875,1507.8149506909176,1434.5075565031482,1435.425808927042,22014882
2024-06-27,1519.304931640625,1526.2038207675607,1494.9352546835423,1502.6283145931025,28383030
2024-06-28,1553.89892578125,1569.3842873036351,1519.7764812043604,1519.7764812043604,28957336
2024-07-01,1548.6875,1567.7960689891884,1544.2454023527885,1551.0450507194453,7724306
2024-07-02,1553.6756591796875,1561.9394466769938,1545.5606726889605,1557.968834801107,7749246
2024-07-03,1541.019287109375,1563.4283787351976,1531.440162014497,1554.8170660210362,9049620
2024-07-04,1542.6075439453125,1555.983518377374,1539.4062623766438,1545.5606622734106,6837176
2024-07-05,1576.9532470703125,1586.755694667964,1536.6267221432645,1542.4088769403465,12269710
2024-07-08,1589.13818359375,1596.9801663885871,1570.898185044045,1577.3255888697254,9500806
2024-07-09,1578.5911865234375,1588.7410386525216,1568.887979750272,1585.8623208770043,6960002
2024-07-10,1572.5855712890625,1585.7630632323035,1551.6654591589945,1583.2814308954767,7134578
2024-07-11,1569.036865234375,1592.4634499565013,1558.9614138424095,1575.8365135146928,11940946
2024-07-12,1584.9937744140625,1593.3569240772113,1562.9320865975437,1572.8586162043875,12924784
2024-07-15,1585.4901123046875,1594.0517441522056,1573.8512804915936,1592.6620057625546,5329688
2024-07-16,1564.669189453125,1588.24469666931,1557.5965372882695,1581.792452589091,9386838
2024-07-18,1575.0177001953125,1582.1895936713806,1546.3795650620239,1564.4210812674708,12298374
2024-07-19,1543.7242431640625,1578.293333314245,1541.3915329908289,1574.3475621142547,13140390
2024-07-22,1489.6495361328125,1526.203933085127,1488.2597977476694,1525.9557698439748,19674376
2024-07-23,1476.96826171875,1494.6870915999891,1452.2511804820083,1489.9719903646578,18052044
2024-07-24,1484.7109375,1498.4095963901725,1465.552808673545,1474.0895996286229,11913362
2024-07-25,1481.4351806640625,1489.4508041915794,1466.2227025912728,1470.1189136102262,12519876
2024-07-26,1497.9381103515625,1501.3131545447015,1479.4002684339398,1481.4352554076795,9859940
2024-07-29,1508.9317626953125,1516.2774189432153,1500.6679751498336,1500.8416167163412,7538550
2024-07-30,1502.03271484375,1513.795627121447,1498.9058340677934,1505.8792447159437,8228208
2024-07-31,1494.364501953125,1499.3524857083617,1490.1208866802617,1492.9499231376883,10057346
2024-08-01,1504.1671142578125,1506.8472288436842,1493.2479314401046,1500.8913109431162,10764222
2024-08-02,1488.3092041015625,1498.2357327232485,1482.3037269895096,1493.9425575637474,10268248
2024-08-05,1436.6912841796875,1472.9976360481728,1422.7197433328897,1469.1262655731218,17046704
2024-08-06,1445.3524169921875,1466.6447748995176,1440.6620347326755,1444.4590050773538,10236186
2024-08-07,1454.062744140625,1461.6814036613468,1450.7622216985117,1458.2071184913539,8174568
2024-08-08,1438.478271484375,1454.2366377811502,1435.3018303695276,1446.816580877676,12387192
2024-08-09,1463.46826171875,1465.6520496932055,1445.3026646483625,1449.2732763644294,6249776
2024-08-12,1449.8936767578125,1462.1777566892652,1447.0397996020206,1459.199797918004,8184584
2024-08-13,1452.8717041015625,1459.2742672925806,1447.28803114191,1450.0178268110735,6265064
2024-08-14,1451.1097412109375,1461.1851932386814,1443.0195951522678,1452.7973239887267,6267466
2024-08-16,1467.339599609375,1469.5235088888628,1447.3377388233519,1457.8598362701878,9416902
2024-08-19,1482.4791259765625,1492.3397678065596,1474.6105280885965,1476.6025720306277,13797742
2024-08-20,1489.9990234375,1497.9423959482733,1484.0976661921165,1491.268975771349,8411808
2024-08-21,1492.7132568359375,1501.8766102174725,1484.072717714687,1487.30978907883,7769996
2024-08-22,1492.1654052734375,1500.5070892244864,1484.720165407205,1497.0210123494212,10445782
2024-08-23,1494.008056640625,1505.3128818837536,1492.4642955105633,1497.768063961028,9249654
2024-08-26,1506.5828857421875,1516.941539085057,1497.021098650585,1500.9802618699923,8816114
2024-08-27,1494.481201171875,1507.4544123852302,1493.485179145279,1504.4912711730515,6251156
2024-08-28,1492.33984375,1501.4782728482842,1487.0608784010915,1499.0131426615155,9610286
2024-08-29,1514.874755859375,1530.885760314005,1488.0568158159556,1497.1205913811584,38335358
2024-08-30,1503.6197509765625,1533.599989641746,1497.3447635789732,1527.89778785993,41620730
2024-09-02,1510.2183837890625,1520.7264647058682,1500.6316718721823,1504.8647654458696,11240852
2024-09-03,1503.1217041015625,1516.941509382377,1501.5031683479538,1515.1984708784905,10923800
2024-09-04,1508.525146484375,1511.4633627071519,1493.534966971581,1494.7301447200666,11983304
2024-09-05,1487.035888671875,1519.7054581926027,1481.1345314015284,1513.0072347057646,16264168
2024-09-06,1458.997802734375,1491.0448575756723,1455.8105811316245,1486.5627588054047,19394228
2024-09-09,1456.63232421875,1464.07768593117,1449.809597840599,1460.666261949736,9010298
2024-09-10,1455.7110595703125,1466.1942153054945,1451.7766997689328,1454.6901127162012,10768260
2024-09-11,1445.7259521484375,1462.9073318760024,1441.7917138302157,1457.2300550346945,9760202
2024-09-12,1473.913330078125,1480.088617533546,1440.1232367942907,1451.2039809867947,22349376
2024-09-13,1466.766845703125,1477.2500011980833,1463.6542770635715,1470.5268529366479,8711328
2024-09-16,1465.4969482421875,1475.0090069946318,1458.9232273463058,1471.6723576050656,5481774
2024-09-17,1466.4432373046875,1471.5975781970765,1460.790763828237,1468.1364260685732,5935328
2024-09-18,1457.6282958984375,1476.10455198121,1454.7399294679985,1464.1522884024148,8574714
2024-09-19,1463.82861328125,1470.6264144806405,1449.7598031867433,1460.4171894563083,16955902
2024-09-20,1480.0140380859375,1489.0528890965668,1465.5218693608433,1468.136427109257,30897320
2024-09-23,1487.434326171875,1495.5270047691104,1483.026880271187,1485.0687739665293,8832314
2024-09-24,1483.4501953125,1494.530939532627,1481.9561623839436,1482.5786761041754,17137444
2024-09-25,1488.0069580078125,1490.5468626388433,1474.3116560624171,1477.9970102640052,7069002
2024-09-26,1491.9910888671875,1498.017070530802,1482.1305684499498,1484.7202013028073,18818998
2024-09-27,1520.1038818359375,1527.3747692811157,1486.0647823070499,1493.0369361114394,20597478
2024-09-30,1470.701171875,1518.9086621673466,1468.5348969230117,1513.3558880158446,27008814
2024-10-01,1458.997802734375,1482.0308103038055,1457.0057588364782,1474.7599230273088,16431642
2024-10-03,1401.3780517578125,1443.634334423912,1396.4975195620746,1430.8602791168494,37757294
2024-10-04,1381.0093994140625,1411.711728297617,1376.2782950115372,1398.34020617394,37072876
2024-10-07,1365.272216796875,1390.9447078848398,1355.9594355150189,1387.9566419173104,22181340
2024-10-08,1391.791259765625,1395.4267642320656,1359.669551595401,1367.513224520688,17020808
2024-10-09,1369.1318359375,1395.4019165531051,1367.0402140253339,1391.9656892391695,14310610
2024-10-10,1365.595947265625,1380.4864268287754,1363.9774115920343,1374.5352199766685,22358646
2024-10-11,1366.6417236328125,1377.7723178051706,1363.3797273571677,1364.5501018082973,7980122
2024-10-14,1367.0650634765625,1374.5849563155427,1362.8070452852592,1373.962442591221,12221432
2024-10-15,1338.678466796875,1366.243302159234,1335.3666207605413,1353.1207855156183,33762794
2024-10-16,1348.6884765625,1358.5740438069333,1332.3039628645522,1334.6695151768993,20034438
2024-10-17,1351.0291748046875,1363.0062419523483,1346.6715786036464,1360.2671814831224,15543660
2024-10-18,1353.8927001953125,1362.9814005892638,1335.9891081789099,1346.796043723323,12082452
2024-10-21,1363.7532958984375,1368.5342502099143,1352.3239675798945,1361.686598848784,14067408
2024-10-22,1338.006103515625,1370.5262455038624,1334.8935348257999,1363.7532474009167,15831960
2024-10-23,1333.2003173828125,1352.0748848775756,1329.689315659354,1332.1793705575924,17214742
2024-10-24,1334.4703369140625,1338.3547254831988,1317.8616212723593,1329.9633130042932,22155934
2024-10-25,1322.5677490234375,1339.002111534351,1316.7410448137834,1338.1555171764887,18597496
2024-10-28,1329.0418701171875,1347.6177038778262,1316.8406011796387,1331.6813526124565,10824350
2024-10-29,1334.66943359375,1337.856655249044,1315.0478495098762,1322.8167478889227,12008361
2024-10-30,1338.553955078125,1344.62966480214,1320.0776988278842,1329.6893351932274,11984423
2024-10-31,1326.7510986328125,1337.6574904459744,1320.8745447599274,1334.6694245700712,9331650
2024-11-01,1333.3248291015625,1336.6116286385318,1327.6972806767253,1327.7471304089104,2127335
2024-11-04,1296.9700927734375,1334.6695017714562,1279.9878687625326,1332.5280301195805,19796890
2024-11-05,1300.1075439453125,1304.3406373759979,1281.0336986406933,1287.8564249120313,16267479
2024-11-06,1320.0777587890625,1323.0160966964434,1295.0277806900112,1304.7888451117578,21625209
2024-11-07,1300.4561767578125,1318.7331565363688,1297.4182609581876,1318.7331565363688,9611974
2024-11-08,1278.6431884765625,1296.4720058402277,1269.9279963447846,1292.4879180085577,19814406
2024-11-11,1267.6370849609375,1280.884225507143,1261.9598084895413,1273.8622221377802,9056552
2024-11-12,1269.1810302734375,1284.1712099692156,1262.4578817905294,1270.4759075040322,10671091
2024-11-13,1247.0693359375,1270.3761523895544,1244.5294313213271,1265.196886863478,14633633
2024-11-14,1262.5574951171875,1267.537605244334,1246.1231316976048,1248.613186761178,12612633
2024-11-18,1255.7347412109375,1267.8364328732807,1238.951794764919,1262.55746761959,13620611
2024-11-19,1236.710693359375,1276.4021442257297,1230.236550606767,1255.734688515481,14183746
2024-11-21,1218.1348876953125,1239.0014996478671,1212.407761281373,1236.7107220331202,19433843
2024-11-22,1260.3662109375,1263.8024380613526,1217.586994857739,1224.509420421979,20471957
2024-11-25,1281.8802490234375,1299.260783408558,1277.3483005192684,1284.868314871977,28923341
2024-11-26,1290.545654296875,1292.687125909721,1279.0914013187908,1289.7986377983043,9247557
2024-11-27,1288.0555419921875,1298.6632001168684,1280.8842325588682,1288.3543972122054,9572746
2024-11-28,1265.7447509765625,1291.442044503892,1264.0017125526565,1284.818474176107,15027412
2024-11-29,1287.0595703125,1294.3305794929802,1270.177046170391,1274.9081506356404,13202307
2024-12-02,1303.9422607421875,1306.133460567327,1271.9699779978703,1282.876370557777,11024152
2024-12-03,1318.035888671875,1321.5219654799555,1301.8006823317874,1311.7609017834461,16869482
2024-12-04,1303.742919921875,1323.1156203515295,1298.8625094957517,1320.7251432865569,19608540
2024-12-05,1316.7908935546875,1324.6593698468237,1300.9541199209712,1309.1214514378748,16858723
2024-12-06,1306.3326416015625,1318.6334884089777,1304.7887589399247,1318.6334884089777,9037514
2024-12-09,1289.9979248046875,1309.7689372979064,1287.9560310594236,1297.8166732313093,14650002
2024-12-10,1279.73876953125,1289.7488386952925,1275.107243177966,1284.121290398709,16043729
2024-12-11,1273.115234375,1284.8683422637005,1270.9738844056644,1279.8882324099652,11724373
2024-12-12,1257.876220703125,1273.1152845047754,1255.5853214463157,1264.9479526569407,20906813
2024-12-13,1267.78662109375,1270.1272485556606,1234.6688884780408,1254.9877622795104,28630222
2024-12-16,1263.2547607421875,1275.904191603511,1261.511722229068,1269.9280595585296,9486781
2024-12-17,1240.34619140625,1258.8721754853295,1237.8561365143116,1256.033537225462,17462791
2024-12-18,1248.2645263671875,1254.9378248920182,1235.714673937889,1235.714673937889,12670179
2024-12-19,1225.55517578125,1239.947766097918,1224.1109925687356,1234.0712121990753,14244653
2024-12-20,1200.50537109375,1234.5692750261348,1196.7204388413884,1219.1309339507777,20312896
2024-12-23,1217.437744140625,1222.3181546925216,1208.3738466363206,1210.1667348774333,10052824
2024-12-24,1217.8858642578125,1228.6429501715868,1216.1428258096823,1217.4377030050357,6734917
2024-12-26,1211.7105712890625,1222.8161189414398,1209.4196721335327,1219.3798917928577,10016178
2024-12-27,1216.1927490234375,1223.0154756156849,1212.1588111658666,1213.4536884394554,7000397
2024-12-30,1205.8837890625,1218.3340640862093,1203.294156174512,1211.5611874241417,8818766
2024-12-31,1210.6148681640625,1214.2503727116298,1201.3519366916562,1203.1945530395503,6405475
2025-01-01,1216.391845703125,1221.4218053468785,1206.7802092584152,1210.0172807004092,5892590
2025-01-02,1236.860107421875,1239.4994683243335,1215.1467802555553,1216.3918076943417,15486276
2025-01-03,1246.1729736328125,1257.0296379589822,1230.5852047154665,1238.9518139936486,15521102
2025-01-06,1213.15478515625,1256.9797527645217,1210.1667191829588,1248.961727102304,14816766
2025-01-07,1235.913818359375,1239.5493228115217,1216.3918123612464,1217.1388288273843,10070505
2025-01-08,1260.4658203125,1265.9937909556584,1240.395953024955,1244.0314575822304,19346579
2025-01-09,1249.758544921875,1264.6988742096441,1243.0852464738894,1261.9598138402198,12794704
2025-01-10,1236.959716796875,1251.750618829338,1231.0831628192257,1248.8621307808614,8120332
2025-01-13,1234.9178466796875,1240.2963897717905,1221.5213994754447,1225.1070543419412,13764861
2025-01-14,1233.822265625,1248.3641626627486,1222.3680125031533,1239.1509590647415,13095266
2025-01-15,1247.2186279296875,1251.9995818882041,1236.90982514039,1239.9974688456068,9578856
2025-01-16,1261.4119873046875,1269.9280238633037,1246.3223515830243,1253.8920943102864,14117603
2025-01-17,1297.169189453125,1320.7251333812799,1279.888232575373,1316.9900509904955,29366277
2025-01-20,1300.2568359375,1310.764916385877,1295.0775703121099,1310.764916385877,14040244
2025-01-21,1268.6331787109375,1307.776892128252,1265.1471016946018,1305.2868371165837,14562976
2025-01-22,1272.0196533203125,1277.7966294698952,1263.6530443254642,1273.2149526536994,10273590
2025-01-23,1258.6231689453125,1272.2686211078578,1256.581275301743,1264.9478840486133,8720682
2025-01-24,1241.34228515625,1267.9360243063209,1238.5533748820974,1260.9638702056575,14235970
2025-01-27,1224.4595947265625,1235.515414368934,1215.1468135462453,1234.1708090151494,9536019
2025-01-28,1229.4896240234375,1239.7984277662488,1213.6528493538253,1233.0752790316255,10568025
2025-01-29,1230.585205078125,1237.8063647194172,1223.1648896668228,1231.0832160878692,5928156
2025-01-30,1248.0654296875,1251.9996679975989,1227.497550840604,1230.635044492625,9269259
2025-01-31,1260.0673828125,1261.9598488917904,1244.0314532484974,1250.8541794958078,6584612
2025-02-01,1259.5693359375,1265.495739501575,1236.0632421918099,1260.0673469134033,7118453
2025-02-03,1240.94384765625,1251.003645649064,1232.6270881824535,1246.0235355947286,9252345
2025-02-04,1280.08740234375,1283.6731787459128,1241.6409781641657,1243.0852829885687,16691069
2025-02-05,1273.115234375,1285.366353249074,1271.6212014188793,1277.5476050956522,10112028
2025-02-06,1276.4520263671875,1282.8763195509282,1265.2965071593937,1268.6331564996678,9956001
2025-02-07,1261.6610107421875,1278.5933846345008,1256.979756005846,1271.073491533156,8764283
2025-02-10,1248.6629638671875,1261.461821832557,1240.5952102474196,1259.469777897567,6970972
2025-02-11,1229.937744140625,1259.5196705337273,1225.2066396338644,1259.5196705337273,8859714
2025-02-12,1211.7105712890625,1222.0193743195214,1188.6027887286011,1214.5989377224967,21131654
2025-02-13,1211.2623291015625,1223.1150152108587,1207.1786632211406,1212.2086229517822,8511216
2025-02-14,1212.40771484375,1219.1308629852126,1200.6546072366423,1214.1507532507958,10298145
2025-02-17,1220.02734375,1222.6169765728448,1199.7084711054922,1206.2821918357026,8166683
2025-02-18,1220.525390625,1225.0074896525716,1211.2623373341316,1219.9775298877432,6673250
2025-02-19,1222.567138671875,1227.8461038341088,1212.706618273488,1214.6488125132394,6217338
2025-02-20,1228.0950927734375,1234.4198079853766,1217.1388510698625,1219.0810452834291,7795582
2025-02-21,1223.264404296875,1235.0672403005465,1217.2882724889691,1223.8121434284387,6904025
2025-02-24,1209.718505859375,1218.3838481751116,1205.68456833515,1211.7105497558396,7172498
2025-02-25,1199.21044921875,1216.1428226711741,1196.7203942992758,1206.1826029932777,11552182
2025-02-27,1202.298095703125,1210.166693583284,1195.8738026303336,1207.975493883109,11509215
2025-02-28,1195.325927734375,1212.5073065135477,1188.5530513693543,1197.218393771922,23007298
2025-03-03,1166.5906982421875,1201.6506219268736,1151.4013636439433,1199.2104168056296,17944938
2025-03-04,1157.2779541015625,1169.3297956512124,1154.9373267832577,1157.576687742468,11377373
2025-03-05,1170.9234619140625,1178.2940491759787,1152.3974766666165,1156.3815647449799,8664095
2025-03-06,1204.7882080078125,1209.1208794668382,1180.4355183146993,1192.2383549047067,14468014
2025-03-07,1244.828369140625,1249.8084792402678,1207.178688153437,1211.1627762331514,16474965
2025-03-10,1233.4736328125,1252.9956391209716,1230.4855669004469,1240.0473535020744,11931051
2025-03-11,1242.3382568359375,1244.5294565449083,1224.858022557904,1235.0672477916657,10089838
2025-03-12,1252.0494384765625,1257.9757204337955,1239.0513034201438,1252.995610693361,11977555
2025-03-13,1242.9359130859375,1259.1212710412995,1238.901975238559,1255.0376050433522,9505270
2025-03-17,1233.9217529296875,1252.3980085038181,1228.1946267891797,1237.208673957254,16640917
2025-03-18,1233.9217529296875,1233.9217529296875,1233.9217529296875,1233.9217529296875,0
2025-03-19,1242.1888427734375,1248.2645525643281,1233.8720835165427,1236.113132982547,16162399
2025-03-20,1264.101318359375,1267.9359786597456,1245.0773228865291,1246.8700894970418,15971477
2025-03-21,1271.2725830078125,1275.9041093610767,1265.0474458622177,1269.927977701306,21780769
2025-03-24,1296.920166015625,1300.8046759652354,1279.141198398433,1285.86434660882,20299319
2025-03-25,1280.33642578125,1302.497915186312,1277.4977874103538,1302.497915186312,13713899
2025-03-26,1267.98583984375,1288.6532960847499,1263.7028966635362,1285.8643858858131,12074747
2025-03-27,1273.115234375,1279.8882324099652,1266.242780044616,1273.0655062272906,15028056
2025-03-28,1270.027587890625,1290.5954658598978,1263.9518781988888,1274.9081198538831,18147129
2025-04-01,1247.6170654296875,1272.8164693011493,1244.330265958221,1259.5693287834792,12099648
2025-04-02,1246.1729736328125,1250.5554948342144,1238.9518139936486,1242.5873186806543,10142590
2025-04-03,1243.732666015625,1246.8204315907722,1228.145018441354,1228.145018441354,7434366
2025-04-04,1199.9075927734375,1240.4954871764826,1188.4036122186155,1236.1628160172713,17908652
2025-04-07,1161.062744140625,1166.590714623955,1110.415052053189,1127.6960086529814,22156106
2025-04-08,1177.4971923828125,1191.8399338970503,1158.6724733291408,1167.3378163352843,19555040
2025-04-09,1180.6346435546875,1185.0670143686195,1163.3536863154889,1164.8477193030515,10223104
2025-04-11,1214.1009521484375,1217.786306450343,1190.3957018139643,1190.3957018139643,11224242
2025-04-15,1235.1668701171875,1246.0235343416643,1232.1788040875913,1246.0235343416643,13378535
2025-04-16,1234.3701171875,1235.9637280756608,1224.1110419207541,1229.1907298200806,8248464
2025-04-17,1269.4300537109375,1275.1073305428426,1222.7165970526498,1235.266450081142,15398401
2025-04-21,1290.346435546875,1295.7249783909904,1261.9598099867933,1264.947875835223,10429964
2025-04-22,1286.0635986328125,1298.713151385602,1281.1831879455033,1294.8286411452223,13051707
2025-04-23,1294.82861328125,1300.8047453425481,1280.286716249035,1291.840547250601,10480888
2025-04-24,1296.4222412109375,1299.3107293954529,1285.1672652984741,1287.2588872304611,10468940
2025-04-25,1295.22705078125,1319.928323767296,1282.9759313802824,1298.3146947064158,14431012
2025-04-28,1363.35498046875,1369.1318351951852,1314.9482133535364,1334.669497851195,31104496
2025-04-29,1394.1319580078125,1405.2874774645995,1364.5501529607263,1365.5461749701867,32538970
2025-04-30,1399.410888671875,1406.7814756764847,1363.5540972183608,1396.4228227174156,25480745
2025-05-02,1414.152099609375,1421.024554216323,1403.4945911426703,1408.3751233126775,13007841
2025-05-05,1425.6063232421875,1433.773654928142,1421.2238021682567,1425.3074680112338,12685649
2025-05-06,1415.2476806640625,1426.3035005201455,1404.9886054552057,1425.3074785225756,14084117
2025-05-07,1400.4068603515625,1418.733688530858,1397.1199392858432,1415.2476117092147,13440169
2025-05-08,1401.4029541015625,1415.1481063364454,1392.438756100913,1398.51446598441,16106175
2025-05-09,1371.721435546875,1389.251519832932,1369.032224808638,1379.9884666950659,13668904
2025-05-12,1430.7855224609375,1433.275577320772,1394.430721507353,1394.430721507353,10674081
2025-05-13,1410.0682373046875,1441.9409399606418,1406.7814377941193,1427.7974767909468,11407896
2025-05-14,1418.7337646484375,1424.2118856620737,1409.8691445094285,1414.3512435205853,5570160
2025-05-15,1448.4151611328125,1455.5865925696291,1407.0802476372012,1419.3313670179805,20177211
2025-05-16,1450.6064453125,1455.1881221330052,1441.542669553187,1447.4191020051853,9036695
2025-05-19,1435.0684814453125,1448.81351147394,1432.4787270944578,1446.3234565863577,6195791
2025-05-20,1418.932861328125,1439.2517336495314,1416.1440727881434,1432.4787356808251,11270560
2025-05-21,1423.5145263671875,1430.486680037078,1412.458707007589,1418.235682967954,6136364
2025-05-22,1403.79345703125,1418.1361984129633,1391.3431818014155,1415.5464438973825,12134466
2025-05-23,1421.124267578125,1428.0964217220903,1401.0045498118507,1401.0045498118507,6474883
2025-05-26,1429.0924072265625,1435.2676949623963,1419.430920923106,1426.3034970063507,4842944
2025-05-27,1416.44287109375,1431.2836233071982,1408.275539274527,1420.4269591196573,12640414
2025-05-28,1407.279541015625,1416.9409060075968,1405.0882196135674,1414.4508509493858,5944611
2025-05-29,1412.1600341796875,1414.3512339364067,1402.996558868143,1406.4826358531975,13771917
2025-05-30,1415.2476806640625,1424.9090454066043,1404.0921613404494,1412.3591925541664,13788484
2025-06-02,1408.0762939453125,1411.8612262898896,1390.0483195350275,1406.4826830156508,8098668
2025-06-03,1399.908935546875,1420.8253977642241,1397.8173136420837,1416.6421539546416,11252626
2025-06-04,1417.8372802734375,1420.0284799827916,1400.506473605418,1409.0722382665938,8126827
2025-06-05,1436.662109375,1448.913106617055,1417.9368477633755,1422.3193687346825,13716817
2025-06-06,1437.7576904296875,1445.7258660607492,1431.28354772945,1435.2676355449807,8182161
2025-06-09,1443.0367431640625,1451.70208605586,1439.5506661134996,1451.204075048637,7885125
2025-06-10,1432.777587890625,1448.1163503747662,1430.2875329933524,1444.2318404180787,7913181
2025-06-11,1443.13623046875,1462.7578142878924,1437.3592545136698,1440.0485867347081,8195700
2025-06-12,1435.865234375,1451.2039968882907,1428.6939248911115,1447.7179200254843,8828114
2025-06-13,1422.2198486328125,1429.7895915718395,1408.6739736495979,1418.335338487147,9757276
2025-06-16,1432.0804443359375,1436.6621211041454,1418.7337255535563,1421.223780491138,8458093
2025-06-17,1425.506591796875,1442.2398094911548,1420.12817043809,1442.2398094911548,10366599
2025-06-18,1424.4110107421875,1437.0605628519918,1420.028489708749,1424.3114328610282,6681735
2025-06-19,1427.598388671875,1434.1721095891817,1420.0285241646616,1424.4110453044384,10007230
2025-06-20,1460.367431640625,1465.148385952672,1422.4190171371765,1425.3075053013417,29010635
2025-06-23,1451.0048828125,1457.9770367383994,1436.2637087352834,1447.2199506188397,5989078
2025-06-24,1445.0286865234375,1469.1323689599471,1437.359244595668,1459.1721495093714,16402744
2025-06-25,1461.463134765625,1466.5428226679085,1454.690136506102,1458.1762135192969,7525851
2025-06-26,1489.3516845703125,1492.8377614283193,1459.2717484446844,1463.2558362824063,14657893
2025-06-27,1509.3717041015625,1515.9454247275912,1490.9452978220222,1493.4353527246628,11117052
2025-06-30,1494.630615234375,1518.734421010171,1490.0489382705405,1507.7781788170053,8409527
2025-07-01,1522.320068359375,1525.3081343971446,1494.132596769193,1494.630607775488,10368523
2025-07-02,1512.75830078125,1523.9136988316197,1502.6983810571346,1522.3200879079554,6361002
2025-07-03,1511.76220703125,1525.8060926058627,1506.9812529023668,1514.7502729656235,11283291
2025-07-04,1521.2244873046875,1523.913698138102,1511.1645675851503,1517.9375659885409,6603501
2025-07-07,1535.367919921875,1538.65484117058,1518.933556847784,1520.5271677380254,7251074
2025-07-08,1531.4833984375,1538.7544076502807,1524.1128113419518,1529.8897875590692,7171261
2025-07-09,1512.9573974609375,1544.8301010282516,1504.0927774643353,1530.586937987722,8870660
2025-07-10,1511.16455078125,1518.6347158851345,1501.5031858807802,1513.654605815878,10047129
2025-07-11,1489.2520751953125,1508.9733598189127,1484.3716645666439,1505.9852937598653,7234991
2025-07-14,1477.7977294921875,1494.0329360309418,1473.2160528053016,1486.263916129696,10311846
2025-07-15,1479.4910888671875,1490.5469086437597,1476.503022895967,1480.2878335086834,8132454
2025-07-16,1479.690185546875,1485.068728397248,1465.6463003598592,1467.1403332858122,10409983
2025-07-17,1470.52685546875,1483.674296790977,1468.0368005528198,1481.4830970988435,11854613
2025-07-18,1470.12841796875,1478.8934598804974,1463.2558421043927,1478.8934598804974,10296318
2025-07-21,1422.9169921875,1470.128458883213,1417.4388712363768,1459.1722169809668,22442744
2025-07-22,1407.179931640625,1426.2039275426996,1405.0881881707605,1421.721828538219,20396320
2025-07-23,1418.932861328125,1420.3273163904719,1408.7734859597779,1420.3273163904719,8354596
2025-07-24,1397.3192138671875,1417.3392306864348,1390.4466381154343,1413.554298653669,14740507
2025-07-25,1386.1636962890625,1395.4267490386208,1378.593953801798,1393.3351272649268,11854722
2025-07-28,1382.080078125,1402.199795115413,1379.490445288333,1386.7614543919697,7748361
2025-07-29,1411.4627685546875,1414.550412474214,1377.4984422704579,1377.4984422704579,10750072
2025-07-30,1404.4906005859375,1417.6381639620695,1395.7256799199,1412.458776601272,7209849
2025-07-31,1384.669677734375,1397.0203743336986,1376.7015020683227,1382.5780559389787,17065827
2025-08-01,1388.15576171875,1400.3073026227253,1378.7932525308158,1381.3828853186424,10321171
2025-08-04,1405.885009765625,1410.466686507784,1386.1637261382157,1389.5502251510159,6312820
2025-08-05,1386.1636962890625,1405.38696851784,1382.5780415934858,1405.38696851784,9315972
2025-08-06,1387.259521484375,1390.3471654369864,1377.797312271222,1386.3630773472378,5834312
2025-08-07,1383.8729248046875,1388.1557462486337,1360.5659868045632,1382.1796145349972,9976705
2025-08-08,1362.35888671875,1391.6418351007062,1359.569976594415,1379.4904158119157,8793606
2025-08-11,1380.6856689453125,1382.4785572067015,1355.7851185633474,1364.5501609316866,9997486
2025-08-12,1374.9088134765625,1396.3232867936674,1369.7294260490362,1376.4028464986861,12244664
2025-08-13,1377.0999755859375,1386.2634508216695,1372.0202877666845,1382.4785186353236,7457021
2025-08-14,1373.800048828125,1380.699951171875,1370.0999755859375,1377.300048828125,7126128
2025-08-18,1381.699951171875,1394.9000244140625,1377.0,1390.0,11785109
2025-08-19,1420.0999755859375,1421.0,1389.0999755859375,1390.0,14384719
2025-08-20,1413.0,1424.9000244140625,1410.0,1413.0,8725641
2025-08-21,1424.800048828125,1431.9000244140625,1420.300048828125,1425.0,11021323
2025-08-22,1409.199951171875,1423.4000244140625,1407.9000244140625,1420.0,5818868
2025-08-25,1412.5999755859375,1419.5,1405.699951171875,1414.699951171875,5979407
2025-08-26,1384.9000244140625,1410.0,1381.5999755859375,1408.0,12145259
2025-08-28,1385.9000244140625,1392.199951171875,1366.5,1389.9000244140625,13161813
2025-08-29,1357.199951171875,1403.5,1350.0,1381.0999755859375,18758842
2025-09-01,1353.9000244140625,1363.199951171875,1340.5999755859375,1356.0,11232238
2025-09-02,1366.5,1384.5,1354.5,1354.800048828125,11517006
2025-09-03,1372.5999755859375,1376.5,1360.5,1369.699951171875,7847563
2025-09-04,1359.300048828125,1374.0,1357.0999755859375,1371.800048828125,13223177
2025-09-05,1375.0,1381.0,1359.300048828125,1363.0,5777575
2025-09-08,1378.5,1386.0,1372.4000244140625,1380.0,6986720
2025-09-09,1376.199951171875,1381.199951171875,1368.699951171875,1376.5999755859375,9754452
2025-09-10,1377.0,1388.5,1374.0999755859375,1383.9000244140625,7790815
2025-09-11,1383.300048828125,1385.5,1375.0,1376.0,9766072
2025-09-12,1395.0,1396.300048828125,1380.5,1383.300048828125,7403368
2025-09-15,1399.300048828125,1400.800048828125,1388.5999755859375,1393.0,5396697
2025-09-16,1405.300048828125,1408.0,1398.199951171875,1404.699951171875,8686961
2025-09-17,1413.800048828125,1416.199951171875,1406.9000244140625,1407.0,7519417
2025-09-18,1415.0,1422.0,1410.699951171875,1420.4000244140625,9332642
2025-09-19,1407.4000244140625,1417.0,1403.5999755859375,1414.9000244140625,13461373
2025-09-22,1390.5999755859375,1410.699951171875,1388.0,1403.9000244140625,7757970
2025-09-23,1389.800048828125,1395.0,1376.800048828125,1391.0,14014702
2025-09-24,1383.0,1396.0,1380.4000244140625,1385.300048828125,5922759
2025-09-25,1372.4000244140625,1384.5,1369.0,1381.300048828125,11411143
2025-09-26,1377.5999755859375,1382.699951171875,1366.0,1372.0,9879109
2025-09-29,1372.800048828125,1389.0,1368.0,1381.5999755859375,14231999
2025-09-30,1364.0,1377.0999755859375,1362.800048828125,1377.0999755859375,14604684
2025-10-01,1368.699951171875,1378.5999755859375,1362.699951171875,1367.0,12045916
2025-10-03,1363.4000244140625,1371.5999755859375,1356.9000244140625,1363.199951171875,12842347
2025-10-06,1375.0,1377.4000244140625,1359.0,1360.0,12396580
2025-10-07,1384.800048828125,1395.9000244140625,1375.9000244140625,1376.0,11244040
2025-10-08,1367.4000244140625,1389.0,1364.5,1384.800048828125,8525081
2025-10-09,1377.800048828125,1380.0,1369.0999755859375,1374.0,8826633
2025-10-10,1381.699951171875,1388.0,1375.0999755859375,1377.800048828125,6373084
2025-10-13,1375.0,1377.699951171875,1367.800048828125,1376.9000244140625,7600682
2025-10-14,1375.9000244140625,1388.0,1370.0999755859375,1380.0,9768174
2025-10-15,1374.300048828125,1384.0,1372.699951171875,1383.0,10882743
2025-10-16,1398.300048828125,1400.5,1375.0,1375.0999755859375,12315932
2025-10-17,1416.800048828125,1423.300048828125,1399.0999755859375,1401.0,19335561
2025-10-20,1466.800048828125,1473.800048828125,1433.300048828125,1440.0,24721978
2025-10-21,1465.199951171875,1474.0,1460.0,1468.0,2066169
2025-10-23,1448.4000244140625,1482.9000244140625,1444.5999755859375,1475.0,18707090
2025-10-24,1451.5999755859375,1459.800048828125,1441.0,1450.0,9700837
2025-10-27,1484.0999755859375,1485.0,1458.0,1463.0,14113867
2025-10-28,1486.9000244140625,1492.0,1477.5999755859375,1484.0999755859375,17631577
2025-10-29,1504.199951171875,1508.300048828125,1488.0999755859375,1490.0,11884745
2025-10-30,1488.5,1503.0999755859375,1484.0,1500.0,9318663
2025-10-31,1486.4000244140625,1497.5,1482.300048828125,1490.4000244140625,8758053
2025-11-03,1484.699951171875,1495.0,1479.300048828125,1486.0,8452085
2025-11-04,1473.0999755859375,1492.800048828125,1470.0999755859375,1483.9000244140625,10007806
2025-11-06,1496.0999755859375,1501.5999755859375,1476.199951171875,1484.0,16772678
2025-11-07,1478.0,1498.4000244140625,1475.9000244140625,1494.5999755859375,7821765
2025-11-10,1489.300048828125,1501.0,1475.5,1477.9000244140625,7068438
2025-11-11,1493.4000244140625,1498.800048828125,1480.199951171875,1497.0,7127506
2025-11-12,1511.5,1524.699951171875,1500.0,1505.0,12384459
2025-11-13,1510.9000244140625,1522.0999755859375,1506.800048828125,1515.0,7196443
2025-11-14,1518.9000244140625,1520.9000244140625,1505.5,1505.5,7682823
2025-11-17,1518.300048828125,1523.699951171875,1511.5,1520.9000244140625,5871416
2025-11-18,1519.4000244140625,1527.800048828125,1510.5,1521.699951171875,11045042
2025-11-19,1518.9000244140625,1522.300048828125,1512.0,1517.4000244140625,5692366
2025-11-20,1549.0999755859375,1550.9000244140625,1526.699951171875,1530.0,18171724
2025-11-21,1546.5999755859375,1557.800048828125,1540.0999755859375,1541.0,9615271
2025-11-24,1535.9000244140625,1550.0,1531.800048828125,1550.0,18433951
2025-11-25,1539.699951171875,1559.5999755859375,1525.0999755859375,1535.9000244140625,15033482
2025-11-26,1569.9000244140625,1571.5999755859375,1540.5,1542.300048828125,14054299
2025-11-27,1563.4000244140625,1575.5,1556.0,1575.0,9794643
2025-11-28,1567.5,1581.300048828125,1563.0,1568.0,8959508
2025-12-01,1566.0999755859375,1577.5,1563.5999755859375,1575.0,8920233
2025-12-02,1546.300048828125,1567.5,1542.0,1561.0999755859375,11389150
2025-12-03,1538.800048828125,1552.4000244140625,1533.0,1545.199951171875,6090883
2025-12-04,1535.5999755859375,1560.5,1517.5999755859375,1536.0,11867930
2025-12-05,1540.5999755859375,1545.800048828125,1520.5999755859375,1530.4000244140625,10183266
2025-12-08,1543.0,1551.0,1535.0,1539.199951171875,11301491
2025-12-09,1529.4000244140625,1542.5,1520.0999755859375,1540.300048828125,11503971
2025-12-10,1536.9000244140625,1547.5,1531.4000244140625,1534.0,7991629
2025-12-11,1545.0,1550.0,1524.0,1536.9000244140625,4706197
2025-12-12,1556.5,1559.800048828125,1546.0999755859375,1550.800048828125,5106655
2025-12-15,1556.199951171875,1558.5999755859375,1546.5,1551.199951171875,5774543
2025-12-16,1542.300048828125,1551.699951171875,1538.800048828125,1545.0,11731856
2025-12-17,1544.4000244140625,1550.0,1539.300048828125,1550.0,7116649
2025-12-18,1544.4000244140625,1551.5,1535.199951171875,1535.199951171875,6580829
2025-12-19,1565.0999755859375,1574.199951171875,1551.0,1554.4000244140625,13937275
2025-12-22,1575.4000244140625,1577.5,1565.300048828125,1573.5,10184852
2025-12-23,1570.699951171875,1580.9000244140625,1568.0999755859375,1580.9000244140625,7506564
2025-12-24,1558.199951171875,1575.699951171875,1553.5999755859375,1572.699951171875,8815745
2025-12-26,1559.199951171875,1561.0,1554.300048828125,1554.699951171875,2311495
2025-12-29,1545.5999755859375,1558.0999755859375,1543.5999755859375,1554.9000244140625,5972105
2025-12-30,1539.800048828125,1553.5999755859375,1537.800048828125,1547.0,8815884
2025-12-31,1570.4000244140625,1577.0,1541.0,1541.0,5771830
2026-01-01,1575.5999755859375,1592.5,1571.0999755859375,1573.699951171875,6408128
2026-01-02,1592.300048828125,1594.5999755859375,1578.199951171875,1580.0,6602230
2026-01-05,1578.0999755859375,1611.800048828125,1575.300048828125,1593.0,8704973
2026-01-06,1507.5999755859375,1569.0,1496.300048828125,1569.0,27417125
2026-01-07,1504.199951171875,1520.0,1498.0,1510.0,11199340
2026-01-08,1470.5999755859375,1503.9000244140625,1468.800048828125,1500.0,16518684
2026-01-09,1475.300048828125,1479.9000244140625,1465.0,1465.0,8335311
2026-01-12,1483.199951171875,1485.300048828125,1451.0,1475.300048828125,8883745
2026-01-13,1452.800048828125,1485.800048828125,1444.699951171875,1485.0,13499760
2026-01-14,1458.800048828125,1467.0,1440.199951171875,1444.0,8321764
2026-01-15,1458.800048828125,1458.800048828125,1458.800048828125,1458.800048828125,0
2026-01-16,1457.9000244140625,1480.0,1455.0999755859375,1458.800048828125,17167161
2026-01-19,1413.5999755859375,1450.5999755859375,1403.300048828125,1450.5999755859375,20392765
2026-01-20,1394.0,1416.0,1390.0,1410.699951171875,13189498
2026-01-21,1404.5999755859375,1412.9000244140625,1373.0,1389.5,17352720
2026-01-22,1402.5,1419.5,1395.0,1410.0999755859375,15721693
2026-01-23,1386.0999755859375,1407.0,1381.0,1401.800048828125,9837802
2026-01-27,1380.5,1391.5999755859375,1368.0,1380.0,26302396
2026-01-28,1396.699951171875,1409.9000244140625,1384.9000244140625,1385.0,11121657
2026-01-29,1391.0,1402.9000244140625,1384.0,1402.9000244140625,20846683
2026-01-30,1395.4000244140625,1398.0,1378.5,1382.5999755859375,11239835
2026-02-02,1390.4000244140625,1392.9000244140625,1335.5,1340.0,15711165
2026-02-03,1437.0999755859375,1489.5,1430.199951171875,1473.9000244140625,25456171
2026-02-04,1456.800048828125,1464.0,1440.300048828125,1444.0,8333387
2026-02-05,1443.4000244140625,1461.5,1439.5,1457.0,11763658
2026-02-06,1450.800048828125,1452.800048828125,1433.5,1441.5,8277304
2026-02-09,1461.5999755859375,1465.9000244140625,1453.0,1458.0,5775864
2026-02-10,1458.5,1471.0,1452.199951171875,1471.0,10259630
2026-02-11,1468.699951171875,1470.0,1453.5999755859375,1459.5999755859375,7106877
2026-02-12,1448.9000244140625,1473.0,1445.5,1470.0,11135399
2026-02-13,1419.5999755859375,1450.699951171875,1416.300048828125,1445.5,10755693
2026-02-16,1437.0999755859375,1439.5999755859375,1409.300048828125,1420.0999755859375,5896514
2026-02-17,1423.0,1431.800048828125,1418.5999755859375,1431.0999755859375,10731630
2026-02-18,1441.300048828125,1442.0999755859375,1419.199951171875,1427.0,5521096
2026-02-19,1409.5,1443.0,1400.0,1443.0,11884664
2026-02-20,1419.4000244140625,1427.4000244140625,1406.0999755859375,1409.5,8177670
2026-02-23,1428.0,1434.9000244140625,1418.300048828125,1425.0,7758856
2026-02-24,1428.800048828125,1433.300048828125,1415.0,1425.300048828125,12529409
2026-02-25,1398.5,1440.5,1393.5,1435.0,10728792
2026-02-26,1406.800048828125,1412.9000244140625,1391.9000244140625,1398.5,16683858
2026-02-27,1393.9000244140625,1410.4000244140625,1388.0999755859375,1398.0,12031440
2026-03-02,1358.0,1378.5999755859375,1341.5,1375.5,23728722
2026-03-04,1345.0,1352.800048828125,1307.0,1330.0,32495007
2026-03-05,1389.4000244140625,1399.0,1353.0999755859375,1353.0999755859375,25957532
2026-03-06,1404.800048828125,1424.300048828125,1390.300048828125,1396.5,19311971
2026-03-09,1424.0,1429.4000244140625,1370.0,1375.0,24870822
2026-03-10,1408.800048828125,1431.5,1400.5999755859375,1430.5999755859375,18071259
2026-03-11,1390.199951171875,1434.0,1383.5999755859375,1424.9000244140625,21848087
2026-03-12,1392.199951171875,1410.9000244140625,1381.0999755859375,1390.0,20939959
2026-03-13,1380.699951171875,1400.800048828125,1378.4000244140625,1385.199951171875,17265090
2026-03-16,1395.0999755859375,1397.300048828125,1363.5,1380.0,22837802
2026-03-17,1397.5999755859375,1405.9000244140625,1388.199951171875,1399.0,19007744
2026-03-18,1408.0999755859375,1412.9000244140625,1397.199951171875,1397.199951171875,9559327
2026-03-19,1384.800048828125,1415.699951171875,1376.0999755859375,1388.0,16498373
2026-03-20,1414.4000244140625,1430.0,1396.0999755859375,1398.0,22994918
2026-03-23,1407.800048828125,1415.5999755859375,1391.0,1400.0,18979554
2026-03-24,1411.800048828125,1422.4000244140625,1406.5999755859375,1420.0,18620893
2026-03-25,1413.0999755859375,1430.5,1408.4000244140625,1420.0,19041331
2026-03-27,1348.0999755859375,1404.699951171875,1345.0,1401.0,23266517
2026-03-30,1343.9000244140625,1365.0,1334.0999755859375,1335.0,24393861
2026-04-01,1369.199951171875,1384.4000244140625,1362.9000244140625,1384.199951171875,14404619
2026-04-02,1350.5,1358.199951171875,1328.0,1357.0,21280051
2026-04-06,1304.699951171875,1359.0,1290.0,1359.0,29274881
2026-04-07,1304.5999755859375,1308.300048828125,1291.0,1295.0,28388922
2026-04-08,1347.800048828125,1350.5999755859375,1326.199951171875,1349.0,21817543
2026-04-09,1330.0,1350.0,1326.300048828125,1346.0,20725390
2026-04-10,1350.199951171875,1352.300048828125,1331.5,1337.0,19364461
2026-04-13,1315.0999755859375,1327.5999755859375,1310.0,1321.199951171875,28753269
2026-04-15,1344.0999755859375,1347.0,1334.199951171875,1337.0,15313779
2026-04-16,1343.300048828125,1353.800048828125,1330.0,1352.0,30211012
2026-04-17,1365.0,1368.4000244140625,1340.0,1340.0,13869105
2026-04-20,1363.300048828125,1373.0,1352.800048828125,1363.199951171875,13614733
2026-04-21,1353.300048828125,1369.800048828125,1350.0999755859375,1359.0,27293629
2026-04-22,1362.0999755859375,1366.0,1349.0999755859375,1350.300048828125,9525953
2026-04-23,1343.4000244140625,1355.5,1340.699951171875,1346.0,16385079
2026-04-24,1327.800048828125,1345.9000244140625,1325.0,1340.0,11744802
2026-04-27,1365.800048828125,1371.5999755859375,1311.0,1313.0,24670753
