Price,Close,High,Low,Open,Volume
Ticker,TCS.NS,TCS.NS,TCS.NS,TCS.NS,TCS.NS
Date,,,,,
2010-01-04,262.7742919921875,265.30886733318937,261.8653280328046,263.87550847566814,1963682
2010-01-05,262.84429931640625,265.53619847049964,260.99144086982227,263.94553757780085,2014488
2010-01-06,256.9012145996094,262.9667322282283,256.2544690177945,262.8443605386305,3349176
2010-01-07,249.75201416015625,258.49193596954444,248.56337625899957,257.1284996322,6474892
2010-01-08,244.64785766601562,251.18532266255974,243.49419239314247,250.31133058648962,6048178
2010-01-11,249.68190002441406,251.7445071951526,244.85747113394893,246.11601037922384,4318408
2010-01-12,262.2149963378906,263.5959075481542,254.15679680040859,255.90478027221332,9027690
2010-01-13,275.67449951171875,278.4188466681058,260.32721573718635,260.44956605864746,10910272
2010-01-14,272.633056640625,279.13556993983525,268.96229023125795,279.13556993983525,10327614
2010-01-15,276.67095947265625,279.53763661236354,269.97617116697455,278.2790964699408,7945008
2010-01-18,280.44647216796875,289.81565929875,277.23017831593336,279.6773551737033,7261084
2010-01-19,272.9301452636719,280.4464742394845,272.21347630328336,280.4464742394845,5154850
2010-01-20,272.4756774902344,276.9505109987114,269.5041055295994,276.9505109987114,4347054
2010-01-21,269.4166564941406,276.86306058516857,268.4552657436217,269.9760025775502,5089504
2010-01-22,264.94183349609375,267.4414582751787,260.34464998979325,266.04307156524317,7574990
2010-01-25,264.3650817871094,267.6163274811311,259.10365466524115,264.81955332064905,3008286
2010-01-27,260.54437255859375,266.2929722371635,259.44023527133703,262.89288662462934,4844398
2010-01-28,260.0010070800781,265.67949644784045,255.07615237750358,262.7175663047099,6537196
2010-01-29,258.0556335449219,259.3175107048941,249.6255401820371,257.2844768830386,5473326
2010-02-01,261.54345703125,267.37966803316283,252.37724706955188,257.407257255516,3378012
2010-02-02,258.8267822265625,267.32698436831447,257.63499275000896,264.6454687432065,4739188
2010-02-03,263.92681884765625,265.3113917134636,257.8101761277034,260.78962751735054,2977676
2010-02-04,258.93194580078125,264.2599120549082,256.75869387411785,263.92691015259857,2716612
2010-02-05,253.60389709472656,257.634919647027,251.18527500563877,257.634919647027,4607118
2010-02-08,253.8318328857422,257.54737682113006,248.2234517640844,255.53186485553428,4170344
2010-02-09,257.6875915527344,260.07114921955855,252.74519291703967,254.1297662672821,3005894
2010-02-10,256.68853759765625,260.68451690149664,255.21633357022705,259.35253093164044,2337374
2010-02-11,260.3340148925781,262.1742647319777,257.6349775159374,258.6690269426452,2413156
2010-02-15,261.54345703125,262.8929656974499,258.8794621422786,262.8929656974499,1956482
2010-02-16,265.74957275390625,268.1331298237749,260.1587150173863,261.9288555636866,1660490
2010-02-17,265.92486572265625,269.18473249321045,263.78665789669526,268.1156392773665,2528290
2010-02-18,265.97747802734375,268.8342558006521,264.8207536667546,266.3981109023607,1814806
2010-02-19,263.08575439453125,266.2229481212955,261.4207655813961,264.6105464599732,2215880
2010-02-22,265.4341735839844,267.6950565945885,264.22486207651923,265.3465426253895,2143460
2010-02-23,267.1341857910156,268.15071339296054,263.3310110280544,266.0475705428197,1853052
2010-02-24,268.2734069824219,270.14872232521355,263.62896619597547,264.9960177021497,4076058
2010-02-25,268.58892822265625,269.8332837417649,266.8363087889032,269.8332837417649,2672984
2010-02-26,267.02886962890625,272.90013982837456,261.54318821939324,268.88664039824374,3015934
2010-03-02,267.5196838378906,269.55271695610514,264.6453853080096,267.0990511320574,4053352
2010-03-03,269.46514892578125,271.30539872332315,267.8527481370728,269.5527798685213,2754742
2010-03-04,267.7651062011719,269.9032925585371,265.34648372313325,269.20224504539806,2053606
2010-03-05,267.3094177246094,268.83420895656803,266.45065160583994,268.1506833280537,1287312
2010-03-08,267.3445129394531,269.9033324618598,266.5032472416021,269.0620667640088,3015740
2010-03-09,269.44769287109375,272.8828223872217,267.4497026094415,267.4497026094415,3457732
2010-03-10,273.4261169433594,274.96843039611264,266.39811823457893,267.69506072062904,4587874
2010-03-11,277.4746398925781,278.6313855828924,270.5868598513666,273.42609415930485,3214030
2010-03-12,279.3499755859375,280.41906900767384,277.61487831759706,280.41906900767384,2510976
2010-03-15,286.72857666015625,287.429624524851,277.3170176343423,279.3500521631005,6054434
2010-03-16,290.584228515625,291.6182779984861,285.95731010359003,287.9553000308636,3088856
2010-03-17,294.6853332519531,296.50806110718463,290.93472469093825,292.33681974968977,4174794
2010-03-18,289.4800720214844,296.1926113572915,287.6047782469322,296.1926113572915,3724554
2010-03-19,287.7449951171875,292.4945883141285,282.25928910588294,282.25928910588294,4716624
2010-03-22,290.0935363769531,292.2667885758123,282.5748167368798,285.6419004949493,3310110
2010-03-23,290.4615478515625,291.98631778408173,288.1655999060281,290.93474641151005,1694964
2010-03-25,290.8645935058594,293.3182596717945,286.7284176764229,288.866603920458,5517582
2010-03-26,289.1996765136719,293.03791666269035,288.23573599833406,290.9347737201352,1997806
2010-03-29,284.60772705078125,290.6893047854474,283.41593789399167,288.8315334245559,3443266
2010-03-30,280.41912841796875,286.06255481966775,279.42014383069244,283.43362549074925,3097160
2010-03-31,273.636474609375,282.9604012300071,272.46220677854205,280.41910310809004,7083046
2010-04-01,283.153076171875,283.8541236599927,274.14461167070857,275.6343375829586,5781432
2010-04-05,281.59332275390625,286.37798180318833,280.15618354491835,286.37798180318833,3001836
2010-04-06,279.034423828125,283.5386668024616,277.66739405478,283.5386668024616,3702366
2010-04-07,279.7355651855469,283.57380577244754,273.81172472476635,276.9138523612281,3024558
2010-04-08,280.2264099121094,283.04812377115644,276.91395390614684,279.01709785986446,4494438
2010-04-09,277.4746398925781,283.18819512035293,276.30039368486587,281.12009608025676,3018012
2010-04-12,279.7530212402344,280.4190249822768,276.94883099041164,277.2643109512262,2869882
2010-04-13,287.72735595703125,288.76140509830606,275.9497687936015,280.4189457413543,8404916
2010-04-15,288.0254211425781,292.6523397485613,287.0965244813156,288.1305740075213,4290952
2010-04-16,285.7119445800781,290.23371021726,284.5727422150949,287.078995975768,3810958
2010-04-19,284.60772705078125,289.18205713016823,280.6818572690694,283.92420154598335,6947704
2010-04-20,276.738525390625,291.86363511439595,275.86221593720313,289.1821196292155,12016986
2010-04-21,275.1611633300781,280.06849617927696,273.49617539909997,278.6664010795059,7107490
2010-04-22,275.49420166015625,278.19323936332097,273.7591044656735,276.59833886080804,4751116
2010-04-23,273.4786376953125,277.61481372191076,272.53221927876973,276.2302406119938,4306068
2010-04-26,275.1961975097656,277.26429626719204,273.4786439092758,275.5116774538722,2512548
2010-04-27,275.9673767089844,276.8787514032505,273.7766030125866,275.49417814827217,2621234
2010-04-28,270.0084533691406,274.79311134512204,268.1506816833913,273.4085381869872,2400382
2010-04-29,266.31048583984375,271.7436053271983,264.85580335487344,271.6910181938033,4622964
2010-04-30,268.2908935546875,270.88475653335485,267.2918880055014,268.1506754934526,3690224
2010-05-03,268.7816162109375,270.3940383514304,264.329960158191,266.83621361222504,2416560
2010-05-04,266.74859619140625,271.6033419796245,265.2763920386962,271.6033419796245,2896028
2010-05-05,268.41363525390625,269.2023139079334,259.44023334801955,262.89288467571623,4371230
2010-05-06,268.88677978515625,270.2187872482518,266.11765479365533,269.18473783106907,2580872
2010-05-07,259.8783264160156,267.3094130753427,257.6349657753646,265.34648856047755,4267152
2010-05-10,269.990966796875,295.4915741769109,261.14024052407905,266.398097715839,2327814
2010-05-11,265.1011657714844,273.05806091394237,264.25992142423326,271.65596560758064,1351288
2010-05-12,266.2052001953125,269.18465133138454,263.2783147721407,265.3464129419443,2740076
2010-05-13,268.3610534667969,271.02504758782857,266.9063923125047,268.1857915401873,1321452
2010-05-14,267.7476501464844,272.3570476051062,264.64552244769004,268.5012850263981,2026996
2010-05-17,261.4031066894531,271.63840525638295,257.31949612982334,271.63840525638295,3722050
2010-05-18,257.6700744628906,261.49079299873347,254.58546885114455,261.49079299873347,3199180
2010-05-19,252.9030303955078,256.9340558280073,251.08030157325996,255.88248397605088,3929266
2010-05-20,255.88233947753906,256.68853982991527,251.0275940602288,255.53181572483012,2398092
2010-05-21,251.9215545654297,254.44533115827448,240.19652474450285,248.87199207383733,2675092
2010-05-24,251.53587341308594,255.8823771442044,249.8183196085461,254.12975812266876,2885428
2010-05-25,245.20889282226562,250.27396544950292,242.40470273319556,248.17082288270038,2297366
2010-05-26,258.6865539550781,261.0701114199829,246.80378905715557,248.17084037966845,3689464
2010-05-27,260.0361022949219,262.87535823711113,254.9009408725531,257.6350225472604,6883872
2010-05-28,263.17327880859375,264.11969739796587,257.81026866118634,262.8227549898838,2479374
2010-05-31,260.45672607421875,263.9093986160237,258.6865850219618,262.36708521536366,3327660
2010-06-01,259.1072082519531,263.57638689191117,257.52985108490907,260.4567163816027,3136912
2010-06-02,264.3825988769531,266.22284898514533,258.0906918472309,258.61647759242874,2769330
2010-06-03,268.3084411621094,269.5527963462312,261.1752691504526,266.3980822147409,1684434
2010-06-04,268.2734069824219,269.7981984922742,264.71560291465363,268.30847220228196,1368210
2010-06-07,264.0321350097656,265.6270145202149,257.9855975667939,262.85788846985764,1734922
2010-06-08,262.962890625,267.0990661100551,261.8412104779674,264.29487643960834,2242222
2010-06-09,256.9515686035156,265.889929027089,256.23299880910463,263.59400151087095,4867400
2010-06-10,263.068115234375,263.94442474548214,255.88237724329613,255.88237724329613,1796036
2010-06-11,266.08258056640625,267.554784653351,263.2433466370842,267.0289990076045,3237024
2010-06-14,273.7591552734375,275.89734242272664,265.6971058863836,267.57240012087755,3550492
2010-06-15,273.4378967285156,277.5782044125352,270.0650017344277,270.0650017344277,2642976
2010-06-16,276.54302978515625,278.3811859252838,273.86611605765773,277.36394563796654,2328816
2010-06-17,276.7216491699219,280.1124084998656,272.5813622809601,277.32842098592283,1528920
2010-06-18,279.541259765625,281.5757191223643,275.6329602775073,276.7215678063985,2225672
2010-06-21,281.14727783203125,283.3958805880544,280.040807292875,283.00327536160336,1907428
2010-06-22,277.9173889160156,280.7192185564114,276.00784269920496,280.18383543138333,1468324
2010-06-23,280.6476745605469,281.59352627221085,274.776305179817,274.8298521766218,2959524
2010-06-24,276.0613098144531,281.4329812570109,274.00900842925614,280.6477485439778,3777510
2010-06-25,270.72528076171875,276.90002572206913,269.8686594257503,276.90002572206913,2037322
2010-06-28,272.9560546875,273.8126760607804,270.4040540925581,270.7074508136221,1153124
2010-06-29,269.0477600097656,273.04529018379293,267.3345390165502,273.04529018379293,2614662
2010-06-30,268.04833984375,271.22495338404065,264.56835141035907,269.47602740616674,3316516
2010-07-01,261.26678466796875,267.69137773357454,259.03602318685563,267.69137773357454,3407744
2010-07-02,265.47845458984375,266.26368697810244,260.8563125031741,262.26615809815087,2943550
2010-07-05,263.76519775390625,267.2987321210831,263.08703765199493,267.26302687190116,2165596
2010-07-06,270.95721435546875,271.93874938216214,262.640918337843,262.87292623988236,2760904
2010-07-07,272.9024353027344,273.9018339014282,267.3166214721373,271.7603028209941,2152934
2010-07-08,277.2569274902344,278.04216002698496,274.7049489767749,275.54370672764105,2187564
2010-07-09,276.41815185546875,279.82675142208484,275.09753655430086,278.3990639148293,1836666
2010-07-12,282.5750732421875,283.39598925713426,278.32769390842515,278.32769390842515,2725776
2010-07-13,276.489501953125,282.6820869366254,274.6691875648624,282.6820869366254,5545886
2010-07-14,276.489501953125,280.07656195691794,274.9190372006764,277.68518135946283,2833842
2010-07-15,279.1485290527344,280.1479275133485,273.1344054800223,275.1867058152201,3795536
2010-07-16,297.5479431152344,299.27900557249166,283.75290331560035,283.75290331560035,19135452
2010-07-19,295.0673522949219,297.92272762273575,293.8359673278452,296.7627313958114,3027924
2010-07-20,295.2635192871094,297.86904371927005,294.4604453452587,295.06721668050085,2342062
2010-07-21,300.8851623535156,301.5276174179542,296.102400169214,296.95902144498814,2943720
2010-07-22,301.135009765625,301.9559257742483,297.13748015019115,300.8851600800134,1362882
2010-07-23,299.56451416015625,303.38358243720444,298.0654379840984,303.38358243720444,1894472
2010-07-26,303.1159973144531,303.95475526958535,299.95724644493293,300.6710904185908,2766490
2010-07-27,303.08026123046875,306.8814666596285,302.02733719509934,305.168245777135,2106602
2010-07-28,304.97198486328125,306.2212117715522,302.31291180157535,303.74059969674215,4359228
2010-07-29,304.0953369140625,305.884133013557,303.73757769416363,305.884133013557,5331904
2010-07-30,300.4463806152344,304.09553135871977,298.72913962886,303.73777191006246,1283426
2010-08-02,299.9096374511719,303.5409033302951,299.44455469636154,301.5911106440057,2827762
2010-08-03,297.673583984375,302.127691079727,296.4214265909126,300.87553368626453,1281552
2010-08-04,310.8212585449219,311.96609260975106,299.0330858847486,299.08675851118335,5583934
2010-08-05,314.0589599609375,315.68678207459493,309.69431442562734,311.9660770089386,2912950
2010-08-06,309.3544616699219,316.0803319382138,307.9055409161615,314.82817442629107,2437734
2010-08-09,314.77447509765625,316.15186134547025,302.7001001140449,308.0843944273024,4259986
2010-08-10,309.2828674316406,316.61693195720295,308.17382250603407,316.61693195720295,1545194
2010-08-11,307.01116943359375,312.3238866054098,305.8126626091144,308.3885340823176,4020248
2010-08-12,305.3296203613281,306.5638940766577,302.73586593405344,306.5638940766577,2278092
2010-08-13,305.6695861816406,308.7105405452898,299.8023243221233,306.5997517232216,2589906
2010-08-16,305.5622253417969,308.5852959517386,303.66610532002437,306.5997361002986,1319098
2010-08-17,304.1671142578125,308.03091227456315,301.94900111467047,304.13132520826963,1733196
2010-08-18,311.6440734863281,313.32554632605525,304.09536205668934,305.1686398051247,2888916
2010-08-19,311.98406982421875,315.1502535084019,310.2847127318397,312.68170499774385,2148534
2010-08-20,310.8749694824219,314.7924384540225,308.74629713384473,310.8928530814729,1746396
2010-08-23,311.3939208984375,313.20060225785085,306.6178178067831,307.6732128459366,1049830
2010-08-24,311.50103759765625,315.5079462627351,309.461805150296,311.2506017118584,2650474
2010-08-25,311.67987060546875,315.36478660359603,309.92684150315085,311.96607364530433,2379968
2010-08-26,313.5760803222656,314.47047872592293,307.76249069849285,312.68168191860826,4204428
2010-08-27,306.2598571777344,312.32388193295895,304.4531770045224,312.0018898151646,1276514
2010-08-30,302.53912353515625,308.674681673299,300.5535421958762,308.674681673299,1558570
2010-08-31,301.8594055175781,303.27255910169856,297.01177143170435,300.5178081597222,2447874
2010-09-01,307.1005554199219,308.0307207552091,300.5177763465454,301.23329486165625,2745484
2010-09-02,301.9846496582031,310.3562269346612,301.0544841101065,310.3562269346612,2758800
2010-09-03,299.55206298828125,304.63225290000827,298.7649876212402,304.0956135819225,2777970
2010-09-06,306.0093078613281,306.77849883766686,299.80219478246624,299.80219478246624,2287978
2010-09-07,311.73345947265625,313.00352205772043,306.2418646757351,306.9573830511457,2484236
2010-09-08,314.48828125,315.86566753807364,307.2794450765387,309.1040086152577,4189478
2010-09-09,312.9320373535156,315.722555288033,311.73353069932847,315.5436756533089,2938158
2010-09-13,314.7388610839844,318.04813583820646,311.5011425835207,311.7336731133567,2349410
2010-09-14,320.3197937011719,321.62562393426214,314.93552038179854,315.90147489872464,3071038
2010-09-15,327.27825927734375,328.9239654404972,321.6256657372394,321.9834250984599,5560394
2010-09-16,320.33770751953125,326.7952589520754,309.2829356709647,324.8454662686362,2334264
2010-09-17,326.9205017089844,328.6914149239174,322.0191940662045,322.0191940662045,3007978
2010-09-20,326.36590576171875,329.8182915753863,324.3803461091907,328.06526235516156,2419108
2010-09-21,341.28460693359375,342.73352823378997,325.66839933972875,326.27659472778333,4997184
2010-09-22,334.5943603515625,343.4489023656776,332.7161241667502,342.01786527248726,4031066
2010-09-23,333.19915771484375,338.18990495201456,331.9291164054305,336.29378478794285,3327236
2010-09-24,333.4137268066406,335.54239864365604,330.92729573099706,333.8251368295283,2738784
2010-09-27,331.8575439453125,336.81252374005163,329.8541004427089,334.5049717070855,3423290
2010-09-28,329.0133361816406,332.8234594769004,327.0277546751585,331.01677944935426,2521714
2010-09-29,329.2637634277344,335.30990433956754,327.31399270903955,330.9273529091491,3370194
2010-09-30,331.62493896484375,332.71610030296006,327.4033842098985,330.9273040647721,7560924
2010-10-01,344.0213623046875,345.59551208789367,329.8541015994182,331.64289824583585,3326156
2010-10-04,341.94635009765625,348.8153333366965,340.94462837935566,345.86381897769365,2140956
2010-10-05,339.96075439453125,345.5775794341584,338.4939500870391,339.8713145749063,2211664
2010-10-06,343.32379150390625,346.27530633519757,339.8714048153694,339.8714048153694,1838960
2010-10-07,339.4419860839844,345.59544980588464,335.72130283150216,343.4488942170282,1972940
2010-10-08,337.2238464355469,341.55274628390487,310.8927754536876,337.7426016938733,2695996
2010-10-11,336.61566162109375,341.2844151135947,332.37620172743743,337.22383483142033,3065370
2010-10-12,340.12176513671875,341.9463288015665,335.97174422522454,337.24180718750466,2608902
2010-10-13,355.20135498046875,356.9365008956416,339.5493837234574,342.00004832466504,5350604
2010-10-14,352.7685546875,359.1903385131562,351.44484090548167,356.65025620822786,2949086
2010-10-15,339.978759765625,361.69476011603297,338.0826392775976,357.40164723631744,5717798
2010-10-18,351.0513000488281,352.0351380871815,332.7161366067874,347.026508073746,4480734
2010-10-19,346.22161865234375,353.25159877034406,344.9157882614811,351.3196895030757,2200912
2010-10-20,344.61181640625,350.78316738783093,342.0896164592198,345.0590157527414,2206638
2010-10-21,352.8221740722656,355.559019212714,347.02646989853446,348.4753904829944,3752354
2010-10-22,372.1410827636719,375.43249343331826,365.62988313544923,365.62988313544923,9610404
2010-10-25,381.71124267578125,383.857798335247,371.06790419759693,373.1429254704619,5156316
2010-10-26,380.1549377441406,381.99740645813546,372.62413237994673,380.4769297759092,3507024
2010-10-27,375.00323486328125,381.6575919657297,373.33968925945334,379.2248115549653,2141382
2010-10-28,376.68475341796875,381.92593558723445,372.06964998666143,375.6472427749947,5255690
2010-10-29,376.68475341796875,379.224835563328,368.8498164771615,379.224835563328,2212398
2010-11-01,377.5809326171875,382.24065542928236,376.0396221850694,377.0970470761441,1147948
2010-11-02,376.1649475097656,379.94650808750026,374.10391692344194,378.1543075776536,1565778
2010-11-03,377.3658447265625,386.7569600829633,375.7886991596732,376.6847996232574,2217878
2010-11-04,383.22625732421875,386.61349890566004,380.4841816962013,380.663401753524,1717440
2010-11-08,382.867919921875,387.97569292584,380.69933914454396,387.11542766892734,2248586
2010-11-09,391.0941162109375,393.81825313836316,382.9933759708651,384.92896191439985,3504086
2010-11-10,391.52410888671875,397.15160052578625,389.30175418318817,391.5061693811282,1540224
2010-11-11,381.6491394042969,390.6997529473431,379.3192784922255,390.6997529473431,1926096
2010-11-12,378.47698974609375,383.49515219891276,375.7169741441008,379.9465857134385,1802330
2010-11-15,382.09722900390625,387.0616167085577,377.4375066989806,381.73878882660426,1389396
2010-11-16,375.9679870605469,382.2406914369578,373.5664111320587,382.0973065859428,2178076
2010-11-18,373.7814025878906,384.24783737257127,372.77775267488255,384.24783737257127,2765160
2010-11-19,363.96014404296875,376.00372456302523,360.59079781735306,374.53412867081363,2172652
2010-11-22,372.4552307128906,373.853156347627,362.56228920961144,364.17527022932796,2221236
2010-11-23,369.2113342285156,374.5699975527869,362.88485614087733,370.6271554732839,1684448
2010-11-24,360.1426696777344,370.8062620369407,358.06372159327753,367.4010812835807,3008608
2010-11-25,366.254150390625,373.4588107188954,360.9850756735201,362.0424785189262,5855006
2010-11-26,375.37646484375,377.79593597069703,367.40117112899856,367.40117112899856,3617826
2010-11-29,383.9969787597656,386.577730529769,376.45179553907263,378.15438637821626,4518892
2010-11-30,385.6817626953125,389.28410521130246,377.4734710765566,380.1259380468205,4808408
2010-12-01,387.79644775390625,391.8467956212448,381.38035964424836,381.38035964424836,3776032
2010-12-02,392.77886962890625,393.9975315561939,385.34123394572134,391.0583388122753,4095716
2010-12-03,393.3343200683594,398.9439175977817,391.1120084695968,391.7930535578965,2030112
2010-12-06,394.89349365234375,397.86856438347786,392.5995117084678,394.28416290254563,1930954
2010-12-07,389.8037109375,394.28421336206895,387.8681251391049,394.28421336206895,2158324
2010-12-08,386.81085205078125,391.7573018554098,383.97916497698014,391.04042126735476,1984132
2010-12-09,384.46295166015625,393.3164508966501,382.84997075222213,388.44162914874556,2579902
2010-12-10,385.28741455078125,388.49543712873884,378.87132563995493,382.4557279638902,2245624
2010-12-13,385.7174987792969,387.3663149838391,375.7887225273444,383.8894624708933,2115066
2010-12-14,387.455810546875,390.5563261784891,381.43404308944594,384.6778997578668,2615340
2010-12-15,395.59246826171875,397.2950589224137,387.6530104298138,388.94338617957106,2572034
2010-12-16,408.87261962890625,410.0554895044354,395.7716597442681,397.5100855423242,4515704
2010-12-20,418.1923522949219,421.8843055206503,399.6072283005838,406.75813976606076,4514046
2010-12-21,416.077392578125,420.18151527656056,413.6399817693759,419.0165846519934,2810642
2010-12-22,412.1164245605469,419.01639513918616,407.81514419983665,418.2995150790678,3186836
2010-12-23,408.6216735839844,415.62919434784146,405.7899883230821,412.20607422945795,2850924
2010-12-24,409.0159912109375,411.77600624637114,403.5139444020047,406.4710752403938,1624640
2010-12-27,409.05194091796875,415.5934746028301,407.97662031223814,410.4140311871906,1664936
2010-12-28,410.89788818359375,412.5288084910271,408.6397413212681,409.0519125209253,1012876
2010-12-29,414.6973876953125,416.50752827627366,411.14886458397706,411.8478054986561,1042370
2010-12-30,419.4466552734375,421.0955150037024,413.102281980556,413.102281980556,3845552
2010-12-31,417.81585693359375,422.9594654102705,416.4358708186186,420.2711637233408,1532980
2011-01-03,415.0917053222656,421.8661903302584,413.8371645793175,418.29972772012655,1405042
2011-01-04,410.3243103027344,417.99493730265743,407.9406748529012,417.188447066203,2502868
2011-01-05,415.41424560546875,417.9054312083386,409.2490917666075,410.5036324464263,3069674
2011-01-06,419.9843444824219,423.6762958654449,413.3173658365355,418.65813330866297,2846720
2011-01-07,409.5716857910156,425.41472445250645,407.9587049598948,421.52565719956294,2532724
2011-01-10,405.3599548339844,411.8477124850758,401.81138876916447,411.3100522860091,3952426
2011-01-11,393.7467346191406,407.026967430751,389.9114402773018,402.5285234203868,3768730
2011-01-12,407.1701965332031,412.77979536266696,397.15180875123656,397.83285399737053,3160874
2011-01-13,402.9763488769531,414.3388844187097,400.0908880941744,404.6610001227989,5589198
2011-01-14,401.5067138671875,412.20614282340676,401.45293909757874,405.0015050780816,3151692
2011-01-17,407.6900329589844,410.9697706720782,401.45316257513616,401.8832734616406,3000212
2011-01-18,431.04217529296875,433.3182612590265,417.3497367265165,420.8086925671663,8481370
2011-01-19,427.6189880371094,433.35402894959367,424.75146758086726,431.36466913111974,2952040
2011-01-20,434.5012512207031,436.8490523475929,422.9594927344899,422.9594927344899,4545208
2011-01-21,434.3039855957031,437.2969518842592,431.5619098923345,433.7125506393063,2597404
2011-01-24,433.4259033203125,437.2970752589956,429.50100035171437,430.1282707465531,2016678
2011-01-25,426.02398681640625,437.0460195928307,422.9593065424673,435.4330391865247,2467094
2011-01-27,430.6377868652344,434.4256783260455,424.2467801306951,426.38312023453443,4714118
2011-01-28,424.156982421875,432.14571823592183,418.37637785699144,429.057945967908,3014578
2011-01-31,416.3117980957031,419.72271839057953,405.1993963506945,419.72271839057953,5940816
2011-02-01,412.954833984375,418.2866333780123,406.7972151221356,418.2866333780123,4212708
2011-02-02,424.5518798828125,430.45818442640797,417.33509881554517,420.0817962490567,3937618
2011-02-03,425.00079345703125,429.30932579787935,420.3152908335534,425.3598378187686,1883412
2011-02-04,412.4701843261719,424.7853797569181,409.40033747185464,422.2361735294024,3457600
2011-02-07,406.1331481933594,421.33867225241437,404.4635826947974,421.33867225241437,2578382
2011-02-08,403.96087646484375,412.8651957950108,401.59119200995485,406.4382917794089,5288638
2011-02-09,394.33856201171875,405.57662771327045,389.09647764584867,403.0274207220987,6012732
2011-02-10,391.6275939941406,400.15489663669007,384.8955129605489,394.9487539707125,4551822
2011-02-11,391.2146911621094,396.45672958704176,379.1149148356704,389.2399473574076,2945056
2011-02-14,399.3650817871094,402.12970598428745,390.2812414329647,391.7174189543372,2462548
2011-02-15,394.1229553222656,401.7706173119442,386.52920257808705,401.7706173119442,3625426
2011-02-16,393.6922912597656,398.4316610922987,388.12710155203524,396.7441694865855,2464592
2011-02-17,398.251953125,400.1369358566502,392.22003468091145,396.7439844711413,1477760
2011-02-18,391.2505798339844,406.5817986681168,388.52185175473244,398.62895817654925,4076928
2011-02-21,408.80792236328125,412.1829483015169,379.94074544124095,391.3583742584089,5657800
2011-02-22,408.8617858886719,412.07521554377547,402.12970379390777,403.0811801623663,3305400
2011-02-23,404.12237548828125,411.0878006397968,403.2426905557596,405.05588200902156,1879344
2011-02-24,399.1854553222656,408.8616813134383,391.82504744790737,401.7705566539956,5378830
2011-02-25,398.5571594238281,401.0524998817841,390.7299758248447,396.8516989274642,3070474
2011-02-28,398.6289978027344,412.2726833839133,394.9487931393901,395.37962883680666,3229396
2011-03-01,403.745361328125,406.43819388478215,394.08705979251715,399.6163514079174,3167804
2011-03-03,412.97271728515625,414.6961473771438,397.4620217718599,402.0937017940095,3452600
2011-03-04,407.7129211425781,417.69433002691085,406.6178180965912,417.69433002691085,2061198
2011-03-07,397.9108581542969,403.92485037093076,392.9560291249529,403.5658060594899,4184588
2011-03-08,401.3038330078125,405.28926016251864,396.79785293096177,396.79785293096177,3947902
2011-03-09,404.53515625,408.5923739800297,401.59101080550374,403.04515761167124,2424486
2011-03-10,398.0185852050781,402.84771361670573,394.9487388399076,402.84771361670573,1871324
2011-03-11,386.7088317871094,395.8105995789922,381.77197073514793,394.94888415691645,5012882
2011-03-14,394.0692138671875,395.6669439770085,380.01261630227157,384.53656715006906,3248618
2011-03-15,391.2864074707031,393.3149722455198,382.6154808145064,385.9725354970551,3411868
2011-03-16,400.280517578125,403.36828970359784,391.77118544429374,392.0763643247875,2677874
2011-03-17,394.230712890625,401.7347488871526,392.3098343030188,396.744023446394,2056102
2011-03-18,388.7552490234375,398.18016270329457,386.36759545880966,392.61497557804563,2211348
2011-03-21,384.46466064453125,391.89686025207044,382.92075259627404,391.89686025207044,2619090
2011-03-22,383.9979248046875,387.76789040585555,381.664136575393,386.00856435957945,2657774
2011-03-23,382.14886474609375,384.5365185617184,379.59965849615014,384.5365185617184,4352248
2011-03-24,392.5789794921875,393.35093337138034,384.17733553805664,384.53637977687725,3094834
2011-03-25,402.0040588378906,405.1815929142418,396.29524428807656,400.99871701740557,4146434
2011-03-28,402.0939025878906,404.53537863731856,397.8212647155546,403.5121106842444,2248642
2011-03-29,408.84393310546875,413.58334655328895,401.8246397970233,402.12981884023014,3159588
2011-03-30,413.6009826660156,417.9274831632081,411.0697471450727,412.18277549086156,2294770
2011-03-31,425.0726013183594,430.1351177278899,413.6190781490227,413.6190781490227,7394126
2011-04-01,423.72607421875,430.4042884055496,420.9973467243058,425.46743004010534,1799624
2011-04-04,435.5924987792969,436.59784028509637,425.1084234354886,425.46746771203885,2311616
2011-04-05,445.1609802246094,446.633052803286,432.19949227496795,436.2567096092965,2891014
2011-04-06,438.6983642578125,447.7103693750376,435.933740080162,444.8559841029353,2422352
2011-04-07,430.5660400390625,438.0341813175817,429.11193647205056,438.0341813175817,2149016
2011-04-08,429.4170837402344,435.87988265940174,425.3778344157547,429.7402324519248,1983768
2011-04-11,423.097900390625,429.05802825165256,421.9848715935283,423.7262280470605,2256232
2011-04-13,434.4796142578125,438.53683345869786,421.62585119525164,421.87716474065377,3757530
2011-04-15,427.7655029296875,437.9982682340964,423.6723880421916,436.9211350441586,7566770
2011-04-18,410.9622802734375,435.3414078804782,409.32865427714955,430.1352632089178,7765454
2011-04-19,418.17877197265625,419.8663060492413,409.31039755704245,410.96199214987826,3120224
2011-04-20,437.5674133300781,439.4703662710508,423.5108594718398,423.60062057606183,5338548
2011-04-21,428.0167541503906,447.2974617399215,420.38706183265924,445.574031355513,17333968
2011-04-25,430.0811767578125,432.28930781846174,421.03327854423367,429.77599788928467,4191552
2011-04-26,426.90374755859375,431.5713242770645,423.7980050532644,430.85323555114593,3155246
2011-04-27,423.8879089355469,429.04018851388605,422.2542828309708,429.04018851388605,1774478
2011-04-28,416.0067138671875,424.9289565335298,414.91161114989853,423.7261668164658,2846194
2011-04-29,418.52020263671875,420.8001262958811,412.9909089350147,420.8001262958811,1866696
2011-05-02,415.934814453125,422.7746252853787,413.7985185914216,420.0817932771916,1543070
2011-05-03,408.7540588378906,417.20957155886515,406.07919572553914,417.20957155886515,2120156
2011-05-04,408.25128173828125,411.46471024231124,400.3882039024769,411.46471024231124,2722934
2011-05-05,400.33447265625,411.10580375910877,397.85705773686084,411.10580375910877,1885596
2011-05-06,412.52398681640625,414.1576561340932,402.0399093681412,402.12967045529643,2405348
2011-05-09,407.7129211425781,413.60121474788747,403.74546264866825,412.9010956389226,1012232
2011-05-10,409.2745361328125,416.4733468158096,405.00190092996826,406.7971221220337,1529158
2011-05-11,409.40020751953125,413.5112466652047,404.31972259822135,408.95140220543396,1460670
2011-05-12,399.1676330566406,407.1204757078735,397.946873265594,407.1204757078735,2540458
2011-05-13,404.67889404296875,410.1363946749094,399.25733291036704,399.25733291036704,2365488
2011-05-16,406.1151123046875,411.9675535594729,402.12972822815874,402.4887726283624,2227368
2011-05-17,409.9208984375,412.61373094145654,402.86571234005703,402.86571234005703,1391414
2011-05-18,414.714111328125,417.0299293925178,410.1183270328054,410.1183270328054,2225180
2011-05-19,418.2327575683594,420.081844538683,415.0552241766817,418.28662298082537,2050922
2011-05-20,421.87701416015625,424.89299477179634,417.6582440185547,421.4282088259433,2050600
2011-05-23,418.8431396484375,420.26134708149885,412.9009390377819,417.9275591651984,2017284
2011-05-24,412.8650817871094,421.087205669102,409.0053552587332,417.4428969719277,1681994
2011-05-25,405.2174072265625,412.86506870684116,402.1296348674181,412.5778157219036,1867470
2011-05-26,407.7845764160156,410.38764767202804,402.1296285150231,408.9514704273315,2060218
2011-05-27,410.9442443847656,412.8651229666075,407.98212838149817,412.3804218408953,1286704
2011-05-30,413.6009826660156,416.4733365021889,410.13624091404466,413.25990817942653,1140868
2011-05-31,415.4680480957031,422.84638087748846,412.9367686904387,414.6960942195227,2644154
2011-06-01,422.020751953125,422.59521416671953,415.414326925144,415.414326925144,982386
2011-06-02,419.2740478515625,420.7999863686844,415.28866425492834,416.09651405811053,1697654
2011-06-03,413.65496826171875,421.877092272592,412.9009839263666,418.6456932679509,1367808
2011-06-06,418.0531921386719,419.36371250598245,409.31047282261983,409.31047282261983,1357074
2011-06-07,423.4209899902344,424.80330187570894,415.7733283365211,417.5685499614629,1837442
2011-06-08,427.07208251953125,428.37346142484176,420.60128469856824,423.6378648962941,2127670
2011-06-09,428.86138916015625,431.5545647202699,424.75841246955963,424.75841246955963,2693966
2011-06-10,429.8917541503906,432.89219368685417,428.4096268639948,428.9338234291866,3774550
2011-06-13,424.8669128417969,430.36164275028256,423.87279732935394,429.8916795841108,3229400
2011-06-14,430.5603942871094,431.9521468905436,425.8428476362092,425.8428476362092,2125782
2011-06-15,428.1022644042969,435.6033173799263,427.01777481745887,428.73488332995237,2812382
2011-06-16,416.13702392578125,428.69903693427807,415.08867444622985,427.65068745472666,2337520
2011-06-17,400.9720458984375,418.251602530593,399.0922810663567,417.52860926779164,3788146
2011-06-20,386.5484619140625,404.5148313196813,382.4635313102974,403.06884443382006,5310408
2011-06-21,400.08636474609375,401.51425867451485,384.3431700588027,388.6088476187493,3425946
2011-06-22,391.68170166015625,403.7557011045409,390.41646312226004,403.43034522633536,3570834
2011-06-23,396.56170654296875,398.00769271085557,386.8374407383305,391.06697675619705,2428236
2011-06-24,411.2927551269531,412.3772449229372,397.2847619288258,397.64625852748713,4151588
2011-06-27,415.93804931640625,417.4201768008878,405.59925363752245,405.59925363752245,3125218
2011-06-28,417.1669616699219,420.05893367456605,410.5335097098675,419.33594067340505,2133332
2011-06-29,422.89678955078125,426.1683514386848,417.42010722396066,417.42010722396066,2958704
2011-06-30,428.0842590332031,430.90395018393014,421.8665351213477,422.87874325955823,5172916
2011-07-01,430.8677673339844,433.0728875686255,426.4574827367032,433.0728875686255,1920840
2011-07-04,428.62646484375,433.79588343926764,426.56595204861316,431.26540745253857,1603734
2011-07-05,426.3671569824219,430.54246045923566,424.1801289791416,430.1086821805035,2061136
2011-07-06,427.5783386230469,431.22944667418966,423.5656897234165,425.9335108937016,1490178
2011-07-07,432.3137512207031,433.7958783126717,427.68657753416846,427.68657753416846,2602634
2011-07-08,423.5474548339844,435.60335632663646,422.67985426134413,432.34988727523415,3412060
2011-07-11,418.12518310546875,425.77084743275293,414.492123478286,422.951155412132,1822504
2011-07-12,414.0401916503906,415.2873816070433,402.02042767795706,410.5517400478266,4079404
2011-07-13,415.3778381347656,422.2281835645061,408.85280446186334,415.72124237943666,3952600
2011-07-14,406.21380615234375,418.8300492493212,404.55093023157605,415.72118659257933,6937844
2011-07-15,414.293212890625,425.8068712421766,412.5037781712192,422.2280459313697,7279700
2011-07-18,406.7018127441406,416.4441295471881,405.7076969835028,414.99814298626035,3125208
2011-07-19,412.12432861328125,415.0524430443712,404.9666763346036,405.4546880517828,2195292
2011-07-20,409.3768310546875,416.37182597778946,406.68369887776583,415.72111440838285,2807746
2011-07-21,405.7979736328125,409.3948466876107,404.89423224939617,409.2140984109275,1850624
2011-07-22,409.72039794921875,412.57623090935266,407.2260617149748,407.3164358964473,2090442
2011-07-25,412.0699462890625,413.5520733908249,406.01487878093633,410.298604281981,4740714
2011-07-26,413.78704833984375,416.42594676450284,407.49699933816595,412.0337988405021,3968722
2011-07-27,414.6907653808594,417.40198943539843,411.4372965154125,415.3414326771514,2024290
2011-07-28,409.3992614746094,414.9627764999558,406.0466493680728,413.1867893461276,4093814
2011-07-29,412.0993957519531,413.91161824866356,406.5358815357947,410.64961775458477,1719138
2011-08-01,411.46502685546875,416.7748464449561,407.78620715221757,414.05651330122913,1982346
2011-08-02,409.7978820800781,411.0120623042802,406.75333943648894,409.74350655642746,2025292
2011-08-03,402.4400939941406,408.003606178083,397.0034284898913,405.93769098394705,3064246
2011-08-04,397.18463134765625,405.7564490576853,395.4630206884119,402.3313676541404,3049294
2011-08-05,383.447998046875,389.26524779945737,372.592807018475,388.9571789381134,5269388
2011-08-08,364.3835144042969,374.5319588774506,361.2121255064364,366.5038276834071,6549306
2011-08-09,349.6864929199219,357.0803704936072,343.488700043347,349.7589862533618,8159270
2011-08-10,356.6634521484375,366.79377882392345,352.9483965822861,362.082001032707,5949080
2011-08-11,354.5975036621094,356.4278657539083,349.0339904409966,355.19554582780546,2900464
2011-08-12,343.2893371582031,359.50872948449603,339.7917386793208,359.019416107683,4169084
2011-08-16,352.8758239746094,354.59743470377015,346.51492981018515,350.4837000207254,2983568
2011-08-17,362.40826416015625,365.8514869078894,351.571164768548,353.2021650174743,4557892
2011-08-18,348.7984619140625,365.8152359153173,347.22183715983533,364.5829378665699,3619896
2011-08-19,336.6927490234375,343.21674859583993,328.01220072356506,341.7850887097479,5443614
2011-08-22,332.7421875,337.0734039427761,326.92495737245594,336.7109594224075,3528922
2011-08-23,355.77545166015625,358.0951049131934,333.57572982216726,333.75695204125293,4874670
2011-08-24,348.88909912109375,354.470753786101,346.13452951505775,354.470753786101,3194790
2011-08-25,344.4672546386719,352.6584913232337,339.97293408139075,351.46242892194545,4445488
2011-08-26,343.7604064941406,351.3898569314591,340.6977467927504,344.72087091145625,3584910
2011-08-29,369.54840087890625,371.14316551697965,349.432731263484,349.432731263484,5590444
2011-08-30,377.81219482421875,380.6755155198601,371.19758201334724,373.31787370945835,5966682
2011-09-02,370.4544677734375,389.53717713500333,366.7937876349136,388.9028993401801,4413506
2011-09-05,372.4841003417969,374.4775445854633,361.8826235314217,368.17102516042917,3789658
2011-09-06,374.7312927246094,377.6670836624965,364.256640192715,368.96841762804365,4763292
2011-09-07,373.6802978515625,380.56674368975814,371.5056307447639,374.8038670079987,4432156
2011-09-08,375.5106201171875,382.3607853744387,372.9553688430815,374.4051467588952,4892662
2011-09-09,368.2616271972656,381.14652115796434,366.30444071568195,376.9421749781026,5062650
2011-09-12,357.26153564453125,363.8398898175432,354.7063064328041,362.4444873898347,3297170
2011-09-13,360.1791076660156,371.1430503144654,358.36688574065204,361.6470030011902,3798204
2011-09-14,367.9173889160156,372.9553761205161,360.1792079881078,362.80693051179463,4745632
2011-09-15,377.57647705078125,379.04439465904335,366.0688666391064,372.59286624257555,3852238
2011-09-16,372.502197265625,388.68534706100525,370.1644266798704,379.8416956792751,4656504
2011-09-19,368.9866027832031,374.2239300052261,366.9750403198949,370.23704067829397,2240234
2011-09-20,383.447998046875,385.64080415141774,370.45437641739227,370.45437641739227,3487986
2011-09-21,378.2108154296875,387.0725652810827,375.81869070695296,387.0725652810827,2740760
2011-09-22,360.4147644042969,374.7675555555556,357.4427155354818,370.78066666666666,3141570
2011-09-23,358.9287109375,367.8810926914051,356.01103773017996,358.0950931813874,4564232
2011-09-26,361.339111328125,365.34411932291783,351.20878137292397,360.99478456907354,3388478
2011-09-27,377.1416320800781,378.7544923644322,364.61915724269744,367.4462198426732,3964578
2011-09-28,379.8055725097656,385.8946131164217,375.8549189011179,380.02303034505513,4425190
2011-09-29,384.7165832519531,387.0906117235807,375.38364013221326,378.1201129968404,5380350
2011-09-30,375.963623046875,385.6408715817549,374.4413299023032,380.5304139931812,2691018
2011-10-03,378.1382751464844,380.5303994321859,367.9898094239696,369.69330259559405,3949264
2011-10-04,379.0987548828125,383.82867265407793,372.9915747473979,376.3623258307949,4718224
2011-10-05,378.2289123535156,385.2784390008752,377.30466133575834,382.1976612666255,3415262
2011-10-07,380.0411376953125,390.6426376332616,376.0361089101603,389.6640110927656,5085808
2011-10-10,385.8945617675781,389.26531261902346,379.84175756493164,379.84175756493164,3854814
2011-10-11,377.250244140625,390.71506242257357,374.9487310539447,389.6277292247371,4476374
2011-10-12,391.0957946777344,394.84708678051817,384.91609763497763,386.3658757804954,5871662
2011-10-13,396.0613098144531,400.4831159373588,391.4763770863649,397.4204769723613,5408918
2011-10-14,411.10260009765625,413.45848892343076,394.6657538311858,394.846976048553,6710132
2011-10-17,406.0282897949219,418.26078680949774,402.7844305063127,417.3546759195292,4358690
2011-10-18,374.6045837402344,385.73161376904164,369.8746646476927,384.91611352851515,12006778
2011-10-19,380.1861572265625,382.1615063842947,375.202545133321,378.0296300546096,3827420
2011-10-20,378.7182312011719,379.47935573068645,373.4265508487026,375.4924666064863,2245412
2011-10-21,380.5122985839844,384.1911186156969,378.0295629397848,382.3426607616648,2461130
2011-10-24,391.3493347167969,395.8980295624093,384.0098357327588,384.1910579298955,3271720
2011-10-25,399.3091735839844,402.3440088605278,389.42318757715356,395.8018298546656,4158746
2011-10-28,407.6139221191406,414.01070774355895,403.79765267442286,410.3398288653676,3259116
2011-10-31,405.5423278808594,411.4302698259224,404.16118378659513,407.06881820232604,1778740
2011-11-01,402.87091064453125,408.15918858176417,398.43678582614336,402.7073739524441,1458210
2011-11-02,402.2892761230469,407.7410891735475,399.7996237033786,400.25394145758696,1550844
2011-11-03,401.6169738769531,403.2161815603563,395.0747969269213,399.00012084373117,1891268
2011-11-04,399.72698974609375,408.88601882089273,395.1474308417217,407.4322018650851,2716008
2011-11-08,401.7078552246094,405.17886145128784,398.34590303204874,398.34590303204874,1692104
2011-11-09,408.1408386230469,416.5184749096824,402.08936224293,403.4341249125196,3921980
2011-11-11,411.06683349609375,414.70137667466224,402.4347934469937,403.4342928211,3629590
2011-11-14,410.1217956542969,420.1531243519342,408.7043151676038,414.337856194814,2329150
2011-11-15,408.6678161621094,413.95604692013734,407.0686091812202,408.90407021047207,1468478
2011-11-16,406.0692443847656,411.72097549041155,401.68960310265663,409.24946894360806,1871602
2011-11-17,405.3059997558594,408.3408337501227,402.5619025299309,405.2514727471178,1391988
2011-11-18,394.9293518066406,403.3615164424469,391.185799911266,401.8895090851725,2789442
2011-11-21,387.8783264160156,395.5472459630356,385.29781032355896,394.3478292884577,2871704
2011-11-22,393.20306396484375,397.9824973497929,384.1712326015809,388.496348067181,3723582
2011-11-23,386.0975036621094,393.2393448495361,378.3559096656747,393.2393448495361,2355750
2011-11-24,396.8193054199219,398.4911858332993,379.8096314512055,385.98835272840216,3766844
2011-11-25,386.678955078125,395.40185639301694,384.2074486254508,394.34783027740673,2140604
2011-11-28,395.6199951171875,398.3459022953032,390.3499079061639,391.78553460651324,1504486
2011-11-29,397.3645935058594,401.9441086922498,394.78403255001587,397.2555394719301,2554696
2011-11-30,405.4514465332031,408.14097275627995,392.9486102202014,392.9486102202014,3481698
2011-12-01,412.44793701171875,417.4454333898407,409.32219469254755,414.33788153156286,2481448
2011-12-02,428.14910888671875,430.6932886509013,410.5579142152618,412.46604903839875,3968866
2011-12-05,429.2210693359375,430.29328547039313,422.5335498929465,426.149900168921,1530476
2011-12-07,428.7125549316406,433.56466116266347,426.5499751375718,428.87609162656986,2637422
2011-12-08,428.0040283203125,432.14741866790564,424.20594638243915,425.2417828775858,3326444
2011-12-09,426.11383056640625,429.89376416311114,421.97044266938326,421.97044266938326,2763230
2011-12-12,429.0032653808594,432.51060817771315,419.826044493055,427.42224808150473,3172170
2011-12-13,428.403564453125,435.01845931462833,424.0239667706837,427.0588012937154,3274558
2011-12-14,429.76641845703125,432.14706131028026,425.24143123046923,429.05770048510163,3346176
2011-12-15,429.78460693359375,432.47417698357,419.64422551605844,428.76691739026137,3669372
2011-12-16,416.6275329589844,429.80274662594957,411.53917457725987,427.62202160521053,3550896
2011-12-19,415.6644592285156,420.6619551340662,405.03342248398076,413.9743881034256,3667724
2011-12-20,411.92095947265625,418.3722738840406,410.0673512475708,416.2824114690851,1809396
2011-12-21,421.1345520019531,423.78778659449415,407.959331363831,417.97251679559884,3116976
2011-12-22,418.5902404785156,423.0062184735892,412.2479815855278,418.69929449991446,2086268
2011-12-23,420.5711669921875,422.33391153613223,414.01079889838354,418.33591409474025,1578590
2011-12-26,431.9290771484375,432.5832682351636,419.24451384656754,420.5711308478694,2229352
2011-12-27,428.6761474609375,432.51060799287603,425.24152214425624,430.8387271210893,983902
2011-12-28,424.95062255859375,430.1662256953267,423.75125034794263,428.40343737462274,1197910
2011-12-29,423.6787414550781,428.1855845174638,421.42534210737955,422.87915958769827,1585728
2011-12-30,421.8432312011719,429.7846985763109,420.33488702199037,428.1491542688324,1545410
2012-01-02,428.3671569824219,431.03853676424563,419.06273734240307,421.97037125284476,2248542
2012-01-03,435.2728271484375,439.74333243954055,428.8760408364752,430.057267220135,2708884
2012-01-04,426.3319091796875,437.96244719652464,424.9871459682833,437.92611063861835,2386770
2012-01-05,425.9683837890625,430.6932890699992,424.27831264210187,426.25916493775594,2547312
2012-01-06,425.0234069824219,431.91084724329966,420.44389232565266,423.7876536643797,2119728
2012-01-09,425.7322082519531,428.7670429462321,423.5151457765088,425.60500811353086,1509028
2012-01-10,423.5696105957031,430.8750324710795,421.0617672861625,427.0587626769451,3591790
2012-01-11,413.2475280761719,427.0587911077414,411.8482379318955,425.7503645360411,5675380
2012-01-12,395.9835510253906,405.2516378093718,388.40553599894525,400.1632764377743,9528684
2012-01-13,394.6204833984375,401.0172698350236,389.9864413414906,398.76387105216196,4019828
2012-01-16,403.21624755859375,404.8881286238592,392.130890356594,393.9844985891053,3047202
2012-01-17,401.2354736328125,408.7771525549801,397.6191200410281,407.03259802691537,3704218
2012-01-18,391.13134765625,398.4549605592649,379.9187915512962,392.5306378158087,11665532
2012-01-19,390.9133605957031,395.7654675021697,387.2242899121466,395.07489533425957,4163292
2012-01-20,392.3489074707031,396.51044135942755,389.98645457717873,392.5124441550017,2572694
2012-01-23,391.69476318359375,396.6922608525117,390.4045267692667,394.7114522505363,2130496
2012-01-24,395.6926574707031,397.9824371848591,391.80371441577915,395.4382572211203,2641310
2012-01-25,400.1755676269531,404.5308303713242,397.6425979956374,399.04575479477444,5845238
2012-01-27,404.0933532714844,408.39398127574526,400.94077841569293,402.72663392558303,5209718
2012-01-30,405.18682861328125,407.81091260833637,401.17778421054135,401.81558672915907,2595558
2012-01-31,412.7127380371094,413.988342551404,405.64223554567985,405.64223554567985,3538120
2012-02-01,411.3644104003906,413.66051741181076,403.9112497106954,411.6195581180906,2288804
2012-02-02,418.3984375,420.0931787449308,411.94753862008815,414.02493466898954,3386140
2012-02-03,426.9815368652344,428.60336001503754,415.84730763363757,417.3051421915119,2777558
2012-02-06,435.1087951660156,437.3684646835572,427.6373955066694,431.4095322904262,3427196
2012-02-07,436.6212463378906,440.8853926340146,434.39805857247933,440.8853926340146,3407656
2012-02-08,444.51190185546875,447.1359857521703,441.35932634083423,443.3274115081461,3627184
2012-02-09,447.7737731933594,449.01294118219823,432.9767647114054,441.39574846065767,3038062
2012-02-10,449.52313232421875,451.1996325618346,441.7237113610206,447.55504748459845,2324302
2012-02-13,446.716796875,451.18141381203,442.452649922806,445.4411920358486,1631770
2012-02-14,444.6394958496094,448.12009330557385,442.81720283383225,446.46178886538644,1826646
2012-02-15,452.5115966796875,455.1357241789615,444.4570739383712,447.2451899421689,2167166
2012-02-16,446.58935546875,452.657600312889,443.91059354355775,451.1997658513338,1886660
2012-02-17,447.8285217285156,457.0311017274129,445.0039674714283,450.0517103748883,4096568
2012-02-21,450.8536682128906,451.9288036192137,439.0816340001997,445.93347559284274,2489504
2012-02-22,456.4296569824219,461.71430596654363,447.91955872314657,450.10631002692105,3141826
2012-02-23,459.1449279785156,464.6482435319099,453.38646473032424,455.2269983194714,4086880
2012-02-24,462.8623352050781,466.8167013756491,458.21548892644444,458.85329135684515,2346400
2012-02-27,456.3204345703125,466.4887945123814,453.9696497693054,466.14257661799587,1861370
2012-02-28,447.026611328125,459.36352321702736,444.31136868573685,457.48655295863875,3973490
2012-02-29,445.3501892089844,451.928685041099,441.81495842021957,451.928685041099,3060216
2012-03-01,444.49365234375,447.17241387066883,441.0130997780155,445.73282034975006,1568594
2012-03-02,443.63714599609375,447.190616666426,439.9014460606163,446.8261581361355,2309232
2012-03-05,440.0108947753906,445.5324070891719,437.7147877515545,442.4527496506138,1540878
2012-03-06,438.0792541503906,445.1133231983866,433.34129216706697,438.4437127644925,1717722
2012-03-07,434.7445373535156,439.53717800161627,432.44847431143785,435.5281324311206,1945666
2012-03-09,440.4665222167969,447.19076655870515,438.4255181713999,447.19076655870515,2225758
2012-03-12,433.35968017578125,444.22052387344974,431.2275609669993,443.1453883922832,2240278
2012-03-13,436.2569580078125,442.7989722890414,433.7057477270651,433.7057477270651,2492464
2012-03-14,420.78570556640625,442.4527521142254,419.4918597063208,441.03135463867795,8065314
2012-03-15,424.1205749511719,426.7629005483324,417.30521499984786,422.4076368426408,4284236
2012-03-16,426.25250244140625,430.06107638132903,422.04298851659235,426.3982502654745,2054724
2012-03-19,408.9224853515625,426.2525068715135,405.2050260078301,426.2525068715135,5132864
2012-03-20,413.60595703125,417.3052218257012,408.1937541002492,411.4738824814119,3683204
2012-03-21,428.5121154785156,429.9881903168156,414.2253589373167,414.37110675726575,4553242
2012-03-22,425.5965881347656,433.596437698863,422.7720335999385,428.1295579540362,3421694
2012-03-23,431.7557373046875,434.3980612239456,424.5212455409065,428.2387041556251,3158436
2012-03-26,423.3550720214844,431.88341157841563,420.5851957480942,428.96774297704235,3053384
2012-03-27,428.14776611328125,429.93362225865803,419.8380917374264,427.5099635249022,1588246
2012-03-28,424.63067626953125,428.1112734519785,420.7491835530319,427.8743664806293,2051096
2012-03-29,415.920166015625,424.2298404806653,412.71295680195806,419.4918783447128,2681214
2012-03-30,425.9792175292969,428.51218693243,417.48731459162116,417.48731459162116,2543342
2012-04-02,435.254638671875,436.9858168453658,426.41651852300083,426.41651852300083,2326988
2012-04-03,429.3321838378906,440.0290336799104,428.34816352135687,437.423146077038,2269154
2012-04-04,429.4963073730469,433.6329489222575,425.32327334387,426.05219069321686,2165054
2012-04-09,424.2662048339844,432.97677339875906,422.13413113561677,426.41651925635364,1576628
2012-04-10,421.3870849609375,428.4758325927766,419.9474910495492,425.06815301916936,1532992
2012-04-11,414.7902526855469,420.9496108680228,413.7333140287439,419.017962823191,1781586
2012-04-12,412.4396667480469,418.39855716162174,411.5102793348246,415.5740024421073,2114686
2012-04-13,389.36920166015625,402.61725828738656,386.7815553935975,397.75174655914583,8994680
2012-04-16,389.87945556640625,391.5377594317112,383.88413141872263,388.23939242076585,5016110
2012-04-17,397.569580078125,399.06385115894545,391.35558881152093,395.4375065673572,2473664
2012-04-18,400.01153564453125,406.26196475252675,398.6630121934276,400.904441377224,2882264
2012-04-19,401.97967529296875,403.38287677465087,397.66084891902165,401.2325617076204,1767416
2012-04-20,396.6948547363281,403.80179581251633,392.6676148202272,398.44427341244665,2450024
2012-04-23,387.875,401.7791021560766,381.82499715255295,398.69940080882407,2843868
2012-04-24,435.2363586425781,439.1725285616126,407.2095332828721,408.92247057770066,18113782
2012-04-25,426.7991943359375,433.7056659260759,425.5053487131879,433.3412073832809,5417898
2012-04-26,435.4002990722656,438.04262285225485,424.41186783412337,426.416389322391,5476292
2012-04-27,438.808349609375,441.7240197064473,433.70592693949857,433.70592693949857,3711146
2012-04-30,454.333984375,455.573152247025,438.8080602443345,438.8080602443345,4604822
2012-05-02,461.8600769042969,464.465964318577,452.69393588238023,452.69393588238023,3981448
2012-05-03,466.3248596191406,468.0013605721408,458.6894684200375,460.2019362808287,3358922
2012-05-04,465.34088134765625,472.0651265002324,460.32957427228223,466.50713138027214,3571718
2012-05-07,464.046875,465.9602824955822,454.9900884188254,459.2177989397212,2627762
2012-05-08,437.6053466796875,449.9969369121915,435.76485776536487,446.4617069063923,9631578
2012-05-09,446.66229248046875,449.96061639330287,435.20004185556246,435.52806352098355,9271544
2012-05-10,449.21337890625,452.58462030844174,446.461699209175,446.6621691964833,2992620
2012-05-11,448.5572814941406,450.79871008020154,445.07668515818284,446.09718671446524,2745190
2012-05-14,446.8080139160156,449.7419235143506,444.6395029882559,447.30006862983583,2573752
2012-05-15,446.9356384277344,449.37749346745176,444.56665731861966,446.0973657779083,1875510
2012-05-16,445.87872314453125,452.62120819730416,439.8104776991193,444.63955483151074,4567936
2012-05-17,445.3684997558594,450.1064625192196,437.0041909809918,445.3684997558594,4137524
2012-05-18,441.2318115234375,446.4253465561998,438.31614273311476,439.099737618429,2656670
2012-05-21,440.703369140625,446.4618334412503,438.8264427386381,441.359412487636,2227088
2012-05-22,446.115478515625,451.92857423516205,442.088193989719,445.003862210591,2360916
2012-05-23,446.5163879394531,450.30676564284516,442.48910328780505,449.3773785725979,2162806
2012-05-24,445.1679992675781,447.9014391365663,439.93802654949707,446.461845268065,1205674
2012-05-25,444.9309997558594,446.46170781539945,440.6668081793105,441.76018379028704,915046
2012-05-28,446.3524169921875,448.28406531335105,442.83542719338016,446.0973137752371,790194
2012-05-29,452.0562744140625,454.8443919646466,444.05642489929875,447.5552190164952,1575032
2012-05-30,452.1292419433594,458.12456954853815,448.73975835850246,448.73975835850246,1581514
2012-05-31,453.8785400390625,457.72359633112785,445.00398141249474,445.00398141249474,4411602
2012-06-01,446.3160400390625,453.75100516620796,444.0928512409834,451.92871197276935,1479528
2012-06-04,442.17938232421875,443.1816434422007,435.96534559690116,440.9948919120583,1204430
2012-06-05,447.008544921875,448.61217191816587,442.4528116878567,442.4528116878567,2063398
2012-06-06,455.9923400878906,460.58450908470826,447.9560109762817,448.28403258096233,3291908
2012-06-07,457.85662841796875,461.4376984106573,454.6632601876993,460.36706830839205,2149728
2012-06-08,454.4234313964844,458.7428170925125,451.93146771049254,454.5341582985475,2400244
2012-06-11,455.4018249511719,460.0165731061394,453.0205878636687,455.19875800599334,1545048
2012-06-12,460.7735290527344,462.582519987657,450.805669483966,450.805669483966,1092142
2012-06-13,461.6222839355469,465.16639987379034,458.74266438616695,461.1054233669557,1450858
2012-06-14,462.95147705078125,465.72032559773567,459.6288587944359,461.1055780194783,1471124
2012-06-15,469.7629699707031,472.5502963859051,461.10571889530894,462.9700955128822,1986040
2012-06-18,464.11419677734375,474.89422431653014,461.47455331918314,471.07322402822217,1495388
2012-06-19,470.316650390625,472.2733216157838,463.3576192533593,464.0221610076131,1769058
2012-06-20,462.5083312988281,470.33492266054805,459.0011242617204,470.33492266054805,1753740
2012-06-21,451.89453125,462.2130881548969,446.33835749143003,459.6473066902978,4155980
2012-06-22,455.36468505859375,457.7459211742084,448.2764528119471,448.2764528119471,1919560
2012-06-25,449.19970703125,457.2293709950303,447.07692230519314,456.67560106649375,1588758
2012-06-26,455.9739685058594,456.6754191490974,449.3103000598331,449.4764129458578,1109714
2012-06-27,460.25640869140625,464.7235200335107,456.3984980587422,456.3984980587422,2305862
2012-06-28,464.7418212890625,466.6061966598362,456.398369711357,460.34857417714863,1894228
2012-06-29,471.6087646484375,475.13445011739276,466.2372250607751,466.40333796103033,1990150
2012-07-02,464.9633483886719,472.1808294452466,463.85580930475027,472.1808294452466,2111100
2012-07-03,457.5614929199219,468.7845688289905,454.2019654609766,467.0124876085437,2227292
2012-07-04,460.68096923828125,461.29012487494356,454.66336599733387,459.07504624409154,1301806
2012-07-05,458.0045166015625,460.6810705357128,456.0109363822568,460.6810705357128,1520876
2012-07-06,460.6438903808594,462.50826556723547,452.9834129411456,457.78274820458074,1929928
2012-07-09,464.9449462890625,466.8462308516841,459.01959378337136,459.62874933180706,1912768
2012-07-10,465.7942199707031,468.9507258585799,461.30872064127,467.01253155764897,2517598
2012-07-11,464.5387878417969,470.5194803542765,462.6744125178478,462.6744125178478,2034538
2012-07-12,456.3062438964844,461.47476122217273,450.140959112914,452.24526599772923,7859080
2012-07-13,461.2532653808594,474.0268778422456,458.8905055746972,470.26126179228663,7217154
2012-07-16,445.729248046875,464.88968977750716,444.08641586913586,461.10559661076553,3620626
2012-07-17,437.8102111816406,451.8759486079775,433.859961388758,449.6608704285266,6383816
2012-07-18,441.28045654296875,444.6399823666557,435.0782203562578,441.16968462089784,2975286
2012-07-19,443.3848571777344,446.7074747585834,441.2620737233031,444.12321664014524,1335352
2012-07-20,451.5252685546875,453.35269011797914,443.1264300366223,443.3848378108249,3378226
2012-07-23,449.3788146972656,454.17143047491,444.4751545821832,447.0657674731702,2903198
2012-07-24,447.49139404296875,451.0072259559427,443.0318207563565,447.1027840240106,1648092
2012-07-25,448.9716796875,450.3965075907176,442.9577575442386,445.5853698761085,1666030
2012-07-26,443.5313720703125,451.8768637508044,440.4781500179422,448.91616357880895,2945746
2012-07-27,453.4682922363281,455.28168508656927,445.3078437034316,449.65637240778676,1842976
2012-07-30,455.5777587890625,459.9632870743156,449.4898368661768,457.02110922105373,2625712
2012-07-31,460.25933837890625,462.3318193884539,453.8198067040957,457.05807239923195,1979964
2012-08-01,453.2276306152344,460.6849021948386,452.2838894930495,458.2052890319205,1295750
2012-08-02,456.24383544921875,457.6871403913959,452.2468728395348,455.1890500545164,951058
2012-08-03,457.76123046875,459.0010145385947,450.80356750927854,454.4674427360566,977736
2012-08-06,454.8005065917969,461.869168321637,453.43115582969887,460.7589058977869,1015540
2012-08-07,467.8092346191406,468.60488679356837,456.9286504748045,458.5385224504877,2099154
2012-08-08,462.3134765625,468.77153319250385,461.27725824347885,468.16087953168466,1643000
2012-08-09,465.6257019042969,469.215533391162,462.7020009612619,462.7020009612619,1129474
2012-08-10,473.73046875,475.5623835966802,464.7373254486624,464.8298473131753,3082356
2012-08-13,468.641845703125,473.3789388637842,465.29253556889506,473.3789388637842,1428038
2012-08-14,469.4190673828125,471.21398300293157,466.0327571933568,466.3103228617269,1136930
2012-08-16,467.6241149902344,470.5848152200286,463.3865856803213,470.06668364447455,1788292
2012-08-17,473.19390869140625,475.3774341623696,467.7906397674077,468.17924974612254,1287576
2012-08-21,480.61407470703125,482.9641209729793,472.638672109943,473.67493503787927,2051576
2012-08-22,478.0235290527344,484.44453815102395,476.7097003552901,479.59640092984813,1134096
2012-08-23,489.79217529296875,490.7359162795657,478.060422212767,478.060422212767,2337314
2012-08-24,489.57037353515625,491.62437778965983,485.9250197037184,488.5156329085364,1578938
2012-08-27,488.6822204589844,492.5496635161173,486.66526083268326,487.1093479429852,967200
2012-08-28,499.9512939453125,501.33912229560667,486.6651415031555,491.08766977541126,2266204
2012-08-29,497.1385498046875,502.5788179072316,494.0668055273595,499.61811794901524,2139290
2012-08-30,505.9652404785156,513.977645564579,489.77390896724114,495.88035399435034,3333432
2012-08-31,497.30523681640625,502.94907299236917,493.9374485270755,502.2088977561773,1773848
2012-09-03,495.12152099609375,501.4315305359464,493.3266057718725,499.6180928672377,1223826
2012-09-04,496.23187255859375,498.507919981377,489.27425386235075,493.2896946650192,1508018
2012-09-05,504.98431396484375,507.3898823347752,492.9564721151864,495.7321279266458,2028960
2012-09-06,509.09228515625,510.68367925558556,500.9688837317929,504.8362794982075,2291684
2012-09-07,513.2005004882812,516.938421707495,510.31384406884564,514.4218077428162,2636656
2012-09-10,507.5565185546875,512.1641353511707,505.52103716532616,511.9050469774138,1476024
2012-09-11,515.40234375,516.4940837573806,504.8178507404323,506.64976571598817,1274180
2012-09-12,523.636962890625,525.8944882524257,514.3847727384008,516.9938632553021,2114466
2012-09-13,524.6731567382812,526.9862041690184,521.6569790299661,522.93376314105,1881210
2012-09-14,522.9705200195312,532.8518811611848,518.9180808733418,528.4848315691405,2814840
2012-09-17,496.694580078125,526.0980682564002,494.25201084944143,524.876761053703,5094390
2012-09-18,481.03973388671875,497.767670235863,478.35659960477824,497.767670235863,7220206
2012-09-20,489.2557373046875,494.77005079225177,478.00506683662195,479.2633735322014,4042506
2012-09-21,482.6128234863281,493.06779971652776,480.48481947487153,490.3291420403536,4247758
2012-09-24,477.2093505859375,485.9249300447006,472.60177887820464,484.81466744749264,4937020
2012-09-25,478.597412109375,484.722381826739,474.56349218134187,477.45014923507046,3823694
2012-09-26,475.7846374511719,482.9643463479317,474.452331048313,479.33746958436603,3292812
2012-09-27,470.58477783203125,480.9287053673687,466.71733635811097,473.748998845206,5605398
2012-09-28,479.596435546875,482.9642230091466,472.41672848365954,473.2679478669227,2912996
2012-10-01,482.2056579589844,484.7407943580797,478.54182657459074,479.2634793801925,1795618
2012-10-03,489.49627685546875,490.3659735089937,481.48387285675534,481.48387285675534,2318230
2012-10-04,487.4609069824219,489.126301235743,484.31516228170426,488.5156476408498,1319284
2012-10-05,482.5942077636719,488.2750431218676,390.4423996860996,484.9072551551772,3836110
2012-10-08,478.412109375,486.75760085319854,475.7289749091679,484.81464141242355,1685408
2012-10-09,479.207763671875,480.6696363215403,475.5624110350773,480.33654855473713,1291154
2012-10-10,477.1721496582031,481.76124216024743,475.5622786064282,475.93236598277565,1163978
2012-10-11,477.2093505859375,481.6874458693704,475.9510891171291,477.50543868254,1635526
2012-10-12,480.53997802734375,486.16533374877343,471.1952709523891,473.2677965836285,2469542
2012-10-15,479.1337585449219,482.00193647617687,476.48762406332855,478.89319265083276,814528
2012-10-16,479.596435546875,484.888660079959,476.59873561181337,480.003522791466,1282744
2012-10-17,474.87774658203125,482.92714906158596,470.7512622525761,481.5948432037569,1597480
2012-10-18,483.8339538574219,485.1847824625477,473.7860677482001,476.0251155167444,1447128
2012-10-19,477.30194091796875,485.3328686288266,474.45228458048496,484.44464938834227,2825616
2012-10-22,488.1085510253906,494.02995270242513,482.2241490734957,490.40307610455767,5397342
2012-10-23,486.5169372558594,489.9957682105166,485.51771924332627,489.9957682105166,1136696
2012-10-25,486.7947998046875,489.95906740255884,482.6868357696509,486.6652781576315,2254470
2012-10-29,484.2225341796875,488.44154106480255,481.4098779818443,485.18475272412064,815628
2012-10-30,485.36981201171875,489.25573120815267,482.7421994951848,482.7421994951848,805268
2012-10-31,487.96636962890625,488.44860460192064,483.70060509015104,485.5923698730214,999536
2012-11-01,487.8736572265625,489.76542209322474,486.0004119948955,487.7438386604714,1579768
2012-11-02,493.78997802734375,496.3123609033863,489.04202446339724,491.45310842892195,1673974
2012-11-05,493.1965026855469,498.29687274906,491.601505033849,495.53341762675706,1223826
2012-11-06,489.8397521972656,496.09001728405286,489.4316862070304,491.4903999567016,1297466
2012-11-07,493.9013671875,494.58758984702536,490.19200656273466,491.4902827814025,1058390
2012-11-08,493.78997802734375,495.0882540087801,488.37432156083514,491.1192569776409,1239044
2012-11-09,491.4715576171875,494.55034404398754,489.9692942221535,493.3448022340172,711382
2012-11-12,495.01397705078125,500.0216118879379,489.63540629976114,489.63540629976114,1466782
2012-11-15,480.04693603515625,490.3774967865933,478.87847832941907,489.6727091799357,1735402
2012-11-16,477.3204650878906,484.7391851217075,474.83516670839776,482.1426331098716,1598890
2012-11-19,468.2511901855469,480.36226325335883,466.8230952157159,478.5446672552617,1676286
2012-11-20,472.1272888183594,475.87373280609387,465.9141117407904,472.94332978509755,1256040
2012-11-21,475.61419677734375,480.25089751523035,473.40714533822194,473.40714533822194,941744
2012-11-22,473.4811706542969,476.3188397002151,471.4595878585914,475.57696780744,611624
2012-11-23,477.9881591796875,479.02679817574995,471.55242811554257,475.5399904378569,749676
2012-11-26,479.8800354003906,480.62190763276675,476.6529093016694,477.7657176502336,456334
2012-11-27,480.4363708496094,482.17979751447365,477.87694823825996,482.17979751447365,1338160
2012-11-29,481.5120544433594,486.66807434807197,479.37917225776374,485.926202283517,3470578
2012-11-30,487.40985107421875,491.4901466311567,478.9154085405398,480.36206783950786,3579294
2012-12-03,488.44873046875,490.37758029728866,484.14583499228695,487.7810273002531,1319512
2012-12-04,482.0128479003906,490.3033051145569,479.5832438612162,487.8180063297168,1595120
2012-12-05,481.4377746582031,485.0173156027385,477.9880522390619,482.21673109083497,1790058
2012-12-06,475.0578308105469,480.36223499246154,470.7178966837326,480.36223499246154,2370092
2012-12-07,468.9187316894531,475.0576950363263,466.2850952677578,473.55543147422355,1957214
2012-12-10,458.92205810546875,469.90180129383714,456.69644182895286,468.1583747090656,3029430
2012-12-11,452.43060302734375,461.0734295944407,448.962360621847,458.10594171289966,4926914
2012-12-12,454.69342041015625,460.33163016142396,452.94999383686513,454.35956891482147,2487948
2012-12-13,453.48785400390625,457.95760592248223,451.46622550605224,456.28839381540024,2297162
2012-12-14,461.036376953125,461.8153335198747,451.11383866263776,451.42912521581326,2196814
2012-12-17,447.1632080078125,463.26183442391334,445.9020169465955,459.6452095561604,4482898
2012-12-18,449.0737609863281,454.39668452036744,444.01047458847336,450.5760248975937,4688482
2012-12-19,457.2343444824219,458.6810041758551,451.0953345629787,451.0953345629787,6642060
2012-12-20,464.43048095703125,465.52472414869595,455.19416462503744,455.19416462503744,2314030
2012-12-21,466.8971862792969,469.0115489245687,459.1075292583867,463.67006076846013,2457968
2012-12-24,469.6792297363281,471.49682551996096,467.4165287845851,468.1213163676609,1254818
2012-12-26,468.1955261230469,470.77355917969413,465.6361032637524,469.97603751065526,1435258
2012-12-27,464.0224304199219,469.197015449732,462.7983686315718,469.197015449732,1994158
2012-12-28,470.16143798828125,471.8306501941568,463.9482592219667,465.1538013706546,1501622
2012-12-31,465.84002685546875,469.45665332370726,464.4119321266304,467.75035655885057,704170
2013-01-01,468.9187316894531,470.3097416248843,467.3793383048551,469.9573252730789,509580
2013-01-02,468.6034851074219,471.97899378243415,465.7287309957986,469.9759302486029,1880246
2013-01-03,475.0205993652344,476.2817907331988,467.3607624441955,469.23400722546455,2635130
2013-01-04,481.920166015625,482.5878691119065,475.1320625114308,476.6528914748654,5228760
2013-01-07,480.3065185546875,483.70059235000883,478.6002218401832,482.21684820169594,1820752
2013-01-08,482.3094787597656,483.81178749981143,480.10242792465465,480.3620649828083,2341870
2013-01-09,473.5368957519531,484.9617428379674,472.25718464458316,482.5877433457765,3135898
2013-01-10,466.7857360839844,475.5768986223586,465.6358438735181,474.7608577711272,4522838
2013-01-11,484.5724792480469,490.56310772930715,478.50768164144137,478.50768164144137,7805006
2013-01-14,495.01397705078125,500.1885149370713,484.94305793333587,489.2644703858977,5790224
2013-01-15,496.1083679199219,519.3104343675243,492.2321045755034,515.601074122042,8262978
2013-01-16,499.9289245605469,502.61821018700874,485.55515655704386,495.90427857561946,4109492
2013-01-17,505.2148132324219,508.8500040094922,498.167029494231,500.6522824898001,3028544
2013-01-18,501.1343688964844,506.7169719470719,496.33076741035717,505.40013147406364,1440470
2013-01-21,493.34490966796875,502.5812256794619,492.269186147224,501.6909701698705,1260038
2013-01-22,488.7084045410156,493.9756800489984,485.22159548291836,491.86136198966733,1386630
2013-01-23,487.7600402832031,492.14709200465705,482.7224145602694,489.1728319585477,1877654
2013-01-24,493.9317626953125,497.0361381482831,485.1762648203948,485.1762648203948,3498470
2013-01-25,498.3744201660156,500.04744134523764,492.14706355446714,492.14706355446714,1521100
2013-01-28,500.066162109375,501.88786038884393,497.4264695651042,498.30019490831137,2428154
2013-01-29,500.0289001464844,504.3416138408434,498.30014767304993,498.6347156462243,1731804
2013-01-30,500.47515869140625,501.85073616517303,496.6272178379498,498.5604692146412,2279144
2013-01-31,499.7315368652344,502.8173048816123,493.1323964283441,501.4788967429657,4313168
2013-02-01,501.2002868652344,502.6502485821018,498.98819778565274,499.6759867561722,1484540
2013-02-04,504.267333984375,508.52427209894194,500.10338690592516,501.5347408776661,2487304
2013-02-05,505.64276123046875,507.48306628443305,500.08458613147815,500.08458613147815,2161994
2013-02-06,509.54656982421875,511.5355973032143,506.36781100696453,506.553702273854,3573706
2013-02-07,515.7182006835938,516.7777719306134,505.99607740832005,505.99607740832005,2612782
2013-02-08,528.89794921875,534.2516280546861,514.956100887469,515.290714324144,6973618
2013-02-11,525.9607543945312,531.2400938252931,525.0499053020988,529.4183502568162,2312126
2013-02-12,524.2321166992188,526.0724225681817,521.1834718965657,523.8603340684285,2225502
2013-02-13,533.6566772460938,535.9803181657388,522.3916479142097,524.1390531159498,3822666
2013-02-14,538.2295532226562,541.2410280376234,531.2772380302874,531.6861897386133,2946958
2013-02-15,536.1663818359375,539.7540936461693,531.8908811690645,536.8541706925788,1820790
2013-02-18,529.9202270507812,536.0732461569108,527.9311995657591,535.4040194406368,952086
2013-02-19,536.6867065429688,538.6757340655219,525.2171788178284,528.5260525176443,744294
2013-02-20,540.1259155273438,541.6873846873351,535.9247529353422,535.9247529353422,2261518
2013-02-21,539.47509765625,541.6314092573535,535.6271118832117,535.6271118832117,3849146
2013-02-22,540.9808349609375,544.3083163551768,536.2220450626064,539.0847528380237,1310694
2013-02-25,547.8961181640625,548.3794538022207,539.6425608094396,540.2002348302555,1730030
2013-02-26,556.3355102539062,557.6553112977113,545.0333097605916,545.4050923729794,2853670
2013-02-27,551.427734375,558.8076526180259,549.2342541366294,555.907731235269,2556682
2013-02-28,563.9940795898438,566.9683397327038,552.1899846478677,552.5617671657253,4599424
2013-03-01,558.3616333007812,563.6223656452348,556.9302795096054,563.2877522617307,2537326
2013-03-04,562.5812377929688,565.0722076710567,554.3276847846272,554.3276847846272,3136076
2013-03-05,572.60107421875,573.6606457255101,560.8713131147879,563.9942965428378,3440054
2013-03-06,580.4269409179688,582.0256241521266,571.1138145965501,571.1138145965501,2299510
2013-03-07,591.09716796875,593.9598758505681,579.7391913247362,580.3526416947311,3908702
2013-03-08,588.5877075195312,593.2349906137011,585.5205006773791,591.1344095784116,4341502
2013-03-11,582.285888671875,590.9670486694675,578.7353920799402,585.5575936980479,2221330
2013-03-12,580.1666259765625,582.9363876139075,575.5193444483939,579.2371696709288,1809452
2013-03-13,576.8951416015625,579.4976202496807,575.5195638981504,578.5124324969368,1794496
2013-03-14,582.8435668945312,586.3011632459413,573.9579990152636,578.8655112073118,3051218
2013-03-15,583.7915649414062,587.5651670027844,580.2038541600604,584.4421844215192,4212398
2013-03-18,582.5647583007812,585.055729085147,577.8989136495913,579.9251107753005,1694988
2013-03-19,575.0546875,581.6538280871182,572.7124391663377,581.6538280871182,3739910
2013-03-20,579.107177734375,584.6839167513973,572.5265984641177,572.5452057476217,4168136
2013-03-21,579.9620971679688,585.3343815643201,577.638456525154,581.0960519551048,1664604
2013-03-22,573.344482421875,580.7615263202638,569.5708803714123,580.5012966824166,2714456
2013-03-25,573.7905883789062,577.0065165070371,568.2324574203793,575.7052775845019,1857316
2013-03-26,578.623779296875,583.6986203273996,571.113789723815,572.582312685206,1781536
2013-03-28,585.83642578125,588.6805717180254,573.1586483314683,578.4937195085673,3065662
2013-04-01,578.8096923828125,585.074219690194,576.7277190410794,581.8397294435385,968812
2013-04-02,582.7133178710938,584.1446714821886,573.0098032719688,578.4935953876293,1130332
2013-04-03,573.8090209960938,585.557336901007,569.1989097113916,583.698424720369,959932
2013-04-04,560.5736694335938,572.5822169058769,558.0455302901627,572.5822169058769,1126338
2013-04-05,557.060302734375,561.1499102559301,551.7624020814513,559.5326654491272,1865248
2013-04-08,550.5169677734375,557.2648296038907,548.3792182784538,557.2648296038907,896416
2013-04-09,556.707275390625,562.5070748850893,549.3459617429776,550.2382490614225,1672354
2013-04-10,568.9945068359375,572.1360961793097,558.0455304054749,561.3544037197769,2046284
2013-04-11,571.3925170898438,576.3000277969479,565.369613530829,572.5450337303723,2244658
2013-04-12,562.0422973632812,566.7825251068776,549.6247505111764,550.9445967814667,5032060
2013-04-15,547.43115234375,562.8787341728076,538.471202706096,562.6928429131733,5391496
2013-04-16,551.4093017578125,555.2386348179833,542.0403542056524,546.5203521162407,3071582
2013-04-17,541.5570678710938,557.3020500001802,532.020836257677,555.8149197800329,5279004
2013-04-18,540.107177734375,555.7778235631234,530.7010597036742,553.1939072362364,8554458
2013-04-22,529.9017333984375,542.728232504557,529.7901804701552,537.5976147086628,2962484
2013-04-23,531.853515625,538.3411026100543,529.4183219038105,529.5856058886087,3384170
2013-04-25,521.350830078125,531.8536899774847,519.9938143241377,531.8536899774847,7929194
2013-04-26,509.1004943847656,518.0604459707081,507.5204183342954,517.8931619541056,4754076
2013-04-29,509.6208190917969,514.8071663779552,507.4830698962632,507.4830698962632,3968916
2013-04-30,512.4652099609375,513.8036184140902,507.48331341189083,508.59866135345544,4020570
2013-05-02,533.0991821289062,534.9209262973086,510.6434996772232,510.6434996772232,5630326
2013-05-03,527.3734741210938,538.0622209529453,523.4325887137236,530.1618428598376,3641790
2013-05-06,545.4791870117188,547.4124829624747,527.9310737012848,527.9310737012848,3727118
2013-05-07,547.1151733398438,549.8105967378596,541.8358794585536,545.4421519203856,2260180
2013-05-08,550.2752075195312,553.1379596789474,546.5202137669683,547.263778683658,1768130
2013-05-09,557.0974731445312,558.9563856584556,551.3534516299477,551.4277899770622,1949700
2013-05-10,556.149658203125,561.7263977825728,554.3650833842526,557.0976767014574,1139714
2013-05-13,539.6796264648438,550.6100442525914,537.4860999937308,550.2382616433729,1862498
2013-05-14,542.0402221679688,546.7247174947405,536.7609293624847,540.9806512282852,2250100
2013-05-15,547.0966796875,549.1972149803946,539.0847468481381,542.0961767020838,3565926
2013-05-16,540.5903930664062,546.1485236045132,538.1365921197714,546.1485236045132,2415652
2013-05-17,547.9332275390625,549.6805876486847,540.6090829083639,540.9436963333352,2900200
2013-05-20,547.4127807617188,549.4947545167217,543.1744494918339,546.9852216391927,1385504
2013-05-21,555.015625,558.4174447420962,544.6614890460526,544.6614890460526,1898432
2013-05-22,557.0789184570312,561.0755804136772,554.8110542374233,556.9301963772718,1846944
2013-05-23,554.9598388671875,567.6190538663178,549.6247679223081,555.8149569544098,3063962
2013-05-24,546.35302734375,558.7705273622388,544.1408940915491,557.6737870677823,1586612
2013-05-27,556.9303588867188,557.6739241188773,542.8026194757072,546.3345543284601,2023864
2013-05-28,562.9159545898438,563.8082417940345,554.0675570559506,556.9302645614664,1400254
2013-05-29,556.6885375976562,567.8977894581174,552.1342018065845,563.6222905522134,1452038
2013-05-30,557.4508666992188,562.135318610919,552.8407531576961,557.673927193372,2408346
2013-05-31,557.0974731445312,561.1127423280502,549.0298109875423,554.3277116522265,1929868
2013-06-03,546.2972412109375,560.2762548157501,541.7242980845455,559.1609072613724,3097612
2013-06-04,544.7916870117188,547.9704467638006,539.1406089898214,542.8026589477787,1305320
2013-06-05,545.7024536132812,547.5055899323756,540.0885007132288,543.2114832589953,1728676
2013-06-06,551.6854248046875,554.5924872165428,544.6709828491663,545.2898691829402,2540452
2013-06-07,569.7654418945312,577.2863117702965,550.653869836774,551.4415807924684,3550844
2013-06-10,572.0535888671875,579.4243614954495,569.8216878519838,572.0535888671875,3360430
2013-06-11,563.238525390625,578.4114933965536,559.6562569050959,573.9852392689089,2205468
2013-06-12,550.6915893554688,560.8194233993753,548.4222317932126,560.4443184347862,4805954
2013-06-13,542.270263671875,549.1534275990447,538.3128897133353,547.6530083979544,3151342
2013-06-14,544.1641845703125,546.6211378338548,536.7746428136876,543.151420541034,3105996
2013-06-17,544.8208618164062,549.5284446235524,535.6495692303296,545.0271877392639,2584162
2013-06-18,541.5763549804688,547.6530347213004,540.207213235833,545.7775106297892,2291528
2013-06-19,535.5372314453125,545.7401118945794,533.9805827880676,545.7401118945794,2139788
2013-06-20,526.8346557617188,537.5814167084951,524.8090808216778,533.0238845406923,4172878
2013-06-21,533.49267578125,537.0936718528102,528.1474336438741,528.4475357286497,2848224
2013-06-24,529.160400390625,537.9378631514408,525.1842980872783,530.7733695820535,1889164
2013-06-25,522.258544921875,535.3121673269163,517.9072916643578,530.2107500954346,1860548
2013-06-26,539.2881469726562,543.0579684886732,518.0384969074664,523.9838987671068,2326488
2013-06-27,559.6189575195312,561.5319831741144,540.9012155892271,543.076842122937,3820678
2013-06-28,569.46533203125,571.7722355906042,546.9777729526692,560.7816471993943,4817096
2013-07-01,559.7877807617188,568.9215757949529,556.4306102679393,567.1586011045426,1354652
2013-07-02,562.8634033203125,565.8454675149234,557.6494385784869,560.0688456956881,1657242
2013-07-03,558.8311157226562,569.7841569077882,549.5284989268662,561.7944068329838,1530906
2013-07-04,577.02392578125,578.0366907654284,558.9063395460663,559.2251695752205,1917060
2013-07-05,573.9855346679688,584.4134698395695,570.9096926160621,578.4117910735663,1293012
2013-07-08,565.151611328125,575.7858224082573,562.6571554478085,573.1600890161675,1658796
2013-07-09,564.4953002929688,570.8158078841733,560.8943028756826,560.8943028756826,1097326
2013-07-10,567.1398315429688,572.7101759030016,561.9071365377421,566.4083953084049,1322624
2013-07-11,586.8700561523438,588.9143583801066,570.1591240367911,570.1591240367911,2335274
2013-07-12,603.8623657226562,609.4702091445058,592.4029432147222,598.2920694067004,3251536
2013-07-15,615.828369140625,617.9102193117686,599.9051870481779,600.5803482845637,2060570
2013-07-16,618.6790771484375,625.0558585879177,606.7695000482319,609.5452846561903,2224986
2013-07-17,629.613525390625,632.0329334906677,617.0662857829584,617.0662857829584,2999250
2013-07-18,622.8240966796875,634.789950448426,616.6723680353701,630.1761425178964,3445532
2013-07-19,653.7325439453125,659.8092222759682,637.6780431319761,644.805033025804,8550804
2013-07-22,655.1206665039062,659.7344747983877,648.2937760704351,653.0575896841116,2974772
2013-07-23,656.3582763671875,667.8551997365972,654.0325995623904,655.6830695359863,1646502
2013-07-24,668.7369384765625,672.1878847477709,654.5579569669978,655.8708239293959,2181644
2013-07-25,673.5943603515625,678.9396030830172,662.6975489587949,667.686460490481,4088808
2013-07-26,665.6234130859375,674.7947063791514,656.4708475576938,673.3130608561611,2379064
2013-07-29,668.8941650390625,674.6838383499463,660.6420322464054,660.9239964086958,1774262
2013-07-30,673.8191528320312,678.5749114932256,667.4843214876394,669.194922370966,2617484
2013-07-31,682.5411987304688,688.5564337509521,672.7476258557039,672.9544179165734,2826750
2013-08-01,682.5037841796875,689.7972676531436,672.9545870067673,680.4924486428546,2141178
2013-08-02,693.9515991210938,695.4742244145733,682.9925795235578,684.1204365135076,1846854
2013-08-05,701.97802734375,705.812767853902,691.7521444352293,691.7521444352293,2355184
2013-08-06,703.068359375,707.5233847761039,701.0194377777023,704.1586301806042,2305290
2013-08-07,685.2481079101562,710.8880774062305,681.7705497996764,704.5344755718057,2694980
2013-08-08,693.7824096679688,697.823897044831,670.5861243507803,678.6315130516155,2158628
2013-08-12,681.9772338867188,692.1279424396082,679.7779228787791,692.1279424396082,2077574
2013-08-13,684.1578979492188,693.5754739326039,680.454731707722,684.3082421296473,2168296
2013-08-14,689.3082885742188,698.5191165371684,677.4657954789976,685.9247191184413,3302068
2013-08-16,669.5333251953125,687.99257022333,660.0029454912318,685.8120289661264,2779930
2013-08-19,668.2363891601562,679.3457978472441,660.0030706042672,675.962227188348,2121352
2013-08-20,652.8037109375,672.8795768736435,650.3976065670508,672.8795768736435,2724844
2013-08-21,645.8108520507812,655.5479794958875,639.5512373413466,654.1945604515101,3623994
2013-08-22,668.8004760742188,675.6428370079494,637.314463871167,640.9988155964547,4260988
2013-08-23,687.7860107421875,691.0004217029137,670.8117987947574,674.4585182453902,4032884
2013-08-26,692.5039672851562,706.2638089223992,681.977305458889,685.3984613739051,2663238
2013-08-27,691.3010864257812,706.3579480440923,687.9926879300558,691.3762585264332,1945284
2013-08-28,717.2792358398438,731.640592008963,687.2406448644574,687.2406448644574,4444684
2013-08-29,732.0165405273438,740.6258553338571,706.1510559578455,714.6851527866306,5905182
2013-08-30,764.3861083984375,770.7021246550937,725.5878539435761,728.9714242469399,5282942
2013-09-02,773.27734375,777.8451264104392,758.4835874978545,759.4234680275916,2154034
2013-09-03,752.3179931640625,777.0932541312881,746.6975257207843,770.7396982015321,2355064
2013-09-04,777.8829345703125,781.5296534947927,749.6300643747757,751.9045941290618,2626516
2013-09-05,748.4270629882812,777.845331318726,744.7803439292853,777.845331318726,3927492
2013-09-06,747.6937866210938,761.3032385029692,742.5056276757354,755.2880030382544,2759596
2013-09-10,747.3552856445312,758.1826799924793,744.7612066397554,746.6409673834196,4300972
2013-09-11,749.5735473632812,758.6715726424874,745.7012211775885,754.9120504787486,3008494
2013-09-12,739.8362426757812,751.359185213054,731.5277093672385,750.0245367280033,1905568
2013-09-13,734.5165405273438,748.1448064744282,731.8097033031689,738.7460023729906,2096320
2013-09-16,715.2678833007812,746.2651241298909,712.0722895702502,733.106797004175,2460506
2013-09-17,732.148193359375,734.0655865548883,713.2190066869524,714.3092773941283,3327816
2013-09-18,734.7984619140625,738.6707873356772,728.5576655321962,730.1178761008116,2109818
2013-09-19,739.2349853515625,748.1450360164217,724.2720662741892,732.3550402814018,3907240
2013-09-20,733.2197265625,748.1074271952562,729.7233521134131,733.1069225250673,3591858
2013-09-23,735.0242309570312,743.3327664601094,729.3473611902065,733.1068836705684,2988758
2013-09-24,729.1592407226562,743.5958133679201,724.083886378879,734.9864994136597,4940300
2013-09-25,736.5092163085938,740.9830110207743,721.9034358205286,729.9112364783633,4333858
2013-09-26,730.437744140625,742.1674377249127,727.5052977982454,734.9115857583107,4919704
2013-09-27,732.3925170898438,737.5994462044374,728.3886167328626,730.5127559731959,1784666
2013-09-30,724.7607421875,737.5618883454864,721.8282963764278,734.6106724580937,1987350
2013-10-01,732.7496337890625,734.930128954051,720.5875437365726,726.3396305967864,1591994
2013-10-03,761.153076171875,765.7773081759686,737.0169550053149,741.3028207347595,4672354
2013-10-04,764.5366821289062,777.8454043642179,762.0365898479066,763.9351675534513,1934032
2013-10-07,785.6463623046875,788.6351648976693,761.4162535888611,765.0629727431699,1993878
2013-10-08,775.0067138671875,788.7477863670887,773.1645846359922,783.1085028611276,1828106
2013-10-09,786.0597534179688,788.6161551427687,768.8598930770748,772.7698054307259,1775858
2013-10-10,781.9806518554688,788.7477921119103,777.1872608404893,784.9882697472206,1164320
2013-10-11,797.78955078125,803.785971265027,782.8829878707056,790.6276415202768,2284448
2013-10-14,831.8881225585938,836.4935364107428,798.8983212911588,799.8382016691485,4374460
2013-10-15,832.8845825195312,849.2197813001027,827.4709068038251,840.2532833741703,4665092
2013-10-17,792.6763305664062,838.3733349613622,787.8829404225689,838.3733349613622,6687214
2013-10-18,797.2630004882812,802.2068270158971,775.0442804203389,791.3042131574724,5346166
2013-10-21,778.8414306640625,800.0075603880788,770.7021012840997,798.8985196237619,3685372
2013-10-22,785.4959716796875,792.375825314883,780.7965679478714,784.9883993625597,2044614
2013-10-23,774.8939208984375,790.627558818687,769.2546832046063,785.1762513517964,2455496
2013-10-24,755.1751098632812,782.864042414077,752.5998466624965,767.6943355532908,3617758
2013-10-25,778.9261474609375,780.5271321673619,751.521056309791,751.521056309791,2527402
2013-10-28,777.4945678710938,787.2323575375826,773.200199133376,779.0202303328662,1803942
2013-10-29,779.698486328125,785.7257234944943,771.4486962598229,777.8902967845461,1829076
2013-10-30,788.0426025390625,791.0750753883907,779.8681784870552,779.8681784870552,2114874
2013-10-31,795.6143188476562,801.9994061061683,783.3149303602216,786.931310171811,3523076
2013-11-01,790.1708984375,806.8775927388442,787.7223331244155,794.841970862814,1346480
2013-11-05,769.2261352539062,792.9583813464607,765.3460829752652,791.0748697518135,2261286
2013-11-06,787.7223510742188,792.4122771178646,775.6490219001486,777.1369778460286,1667750
2013-11-07,799.3438110351562,809.2133976420861,783.6541894913922,791.0752099722176,1956948
2013-11-08,787.6281127929688,803.0352014850442,780.2258567398243,802.3759723997392,1609346
2013-11-11,789.0597534179688,806.1432463845414,772.2400257422008,787.3081238054633,1961138
2013-11-12,786.2345581054688,799.249647410937,783.164469627087,789.8886458001264,1000682
2013-11-13,771.8630981445312,793.4104536961366,769.8477498132676,790.6793617188073,1208338
2013-11-14,763.2745361328125,780.5275278742884,761.6358895640841,780.5275278742884,2129704
2013-11-18,769.9796142578125,775.9691449199346,765.553361582896,770.7330189684366,2831602
2013-11-19,764.668212890625,774.1234339577006,761.3908744118291,772.2210684392179,2077864
2013-11-20,762.2951049804688,772.2023522974788,759.8088778887264,771.0534373606934,1658696
2013-11-21,748.35693359375,766.4763087461682,745.8707071002513,762.1442314069495,2302882
2013-11-22,753.724853515625,757.5483913910366,747.791791773005,750.0143447337414,1494494
2013-11-25,758.3960571289062,763.5192002365304,750.8054950692136,756.4183696584347,1950998
2013-11-26,751.0315551757812,759.6015347608267,748.5076674938573,754.5725669264382,2047412
2013-11-27,748.30029296875,758.5654310213694,743.9870698687481,756.7949485399064,2120978
2013-11-28,747.6033325195312,752.1049523369326,742.1034884516968,750.8053018859472,2805722
2013-11-29,755.04345703125,758.9423177301211,746.5488453803865,750.3911915216142,1924812
2013-12-02,758.640869140625,761.3154466191967,751.5211855543283,751.5211855543283,1253260
2013-12-03,761.240234375,769.2263069249167,759.074195557753,759.4508979607525,1449184
2013-12-04,753.423583984375,765.3085160170725,751.0126796500282,760.9011167374789,1519036
2013-12-05,748.5640258789062,766.0430227586269,747.0195555606576,759.4318786357636,1397190
2013-12-06,753.5178833007812,757.1718784498761,750.0145323351758,750.0145323351758,1446962
2013-12-09,755.2317504882812,764.6869709435877,753.4047531587067,764.3291220795079,1826340
2013-12-10,784.576904296875,786.9312942389494,753.4047814638099,753.4047814638099,3653334
2013-12-11,775.2723999023438,786.1214475166129,769.6030103361028,783.1642968618492,1556062
2013-12-12,764.2916259765625,777.5138730510881,762.8601382429681,770.35652635149,1655964
2013-12-13,754.082763671875,770.3562863892154,751.5211693625841,767.7005164947914,3463350
2013-12-16,760.6185913085938,768.3975043613126,755.3447581859606,758.5655358239205,2858500
2013-12-17,770.4882202148438,778.2106651541834,764.7058477550098,765.3085623790648,2995474
2013-12-18,774.4246826171875,780.1505397445798,767.7193626264865,768.4727673003104,1587990
2013-12-19,784.10595703125,794.8419742185623,777.0050808059863,782.0152405537351,2161986
2013-12-20,798.816162109375,802.3759808136823,785.7446093602106,786.5921896216335,1965812
2013-12-23,794.4840698242188,807.4425932271148,790.3026371615449,802.3571117571105,1321224
2013-12-24,795.105712890625,801.9993849927829,792.6760008788461,798.5337414127888,870156
2013-12-26,791.1879272460938,797.4788378044013,787.8540748165417,796.725433139494,2297194
2013-12-27,813.9219970703125,817.4064942416189,792.9585454702824,793.7119502640784,2479946
2013-12-30,812.1890869140625,819.4217533447679,808.6668832981888,817.4440660881031,1668776
2013-12-31,818.21630859375,823.0757318297007,810.2489991885183,813.7147341751485,1245776
2014-01-01,811.1534423828125,822.9065409855898,810.3247153472506,821.249086914466,529952
2014-01-02,816.31396484375,824.6014162634835,812.2267076971348,815.9372625064893,1726948
2014-01-03,837.108154296875,839.70745634657,808.8743244576463,815.4477637246014,2618174
2014-01-06,843.6626586914062,845.3201123203802,827.6151010552029,839.6695768102172,2311810
2014-01-07,831.06201171875,850.0101619438291,828.3686261881127,843.8134254940303,2897486
2014-01-08,841.0441284179688,845.3197351670334,832.5118603917754,833.26526479032,2550020
2014-01-09,844.548095703125,849.6524326346857,837.0706067530062,839.5756414252077,2582206
2014-01-10,859.2203369140625,870.1070898021022,841.9297361667019,851.3472947367992,3369334
2014-01-13,892.3138427734375,898.0585545844327,860.7650156146933,860.7650156146933,3814316
2014-01-14,876.4923095703125,898.3599022932233,873.9495683692382,893.5380931775143,2974964
2014-01-15,886.6069946289062,895.8738204654273,876.5866718632298,882.4067067915508,3048854
2014-01-16,885.36376953125,896.5895207181418,875.8331793366227,896.5518136865213,2997962
2014-01-17,833.6612548828125,865.6621049917742,831.0243381139081,865.6621049917742,7564756
2014-01-20,880.8056030273438,885.2507100929732,834.584233281269,835.8838382704981,6010558
2014-01-21,858.9942626953125,881.2008446180874,857.0354291526689,879.2231575670049,3132282
2014-01-22,856.6399536132812,865.228785147825,852.8917838160854,861.5559374231086,2384030
2014-01-23,848.5032958984375,857.6383290275119,842.7962913700911,854.3987435936801,2290762
2014-01-24,847.090576171875,860.1056610671857,841.9297722479623,845.320093478491,1850266
2014-01-27,841.3922119140625,852.6756456542511,837.8071627289705,840.0336301068214,2532948
2014-01-28,834.8826904296875,848.279455951407,828.7503681838301,842.2980463233187,2852166
2014-01-29,833.9203491210938,845.3170154566046,832.1089370900952,845.3170154566046,1698076
2014-01-30,836.8636474609375,840.4109220888026,826.4481003028638,829.4859759016534,2225250
2014-01-31,845.7130737304688,856.5625640765077,838.1467150800912,839.6939835997191,2174246
2014-02-03,828.1276245117188,846.9208515409247,826.7502474810805,838.5242874563594,1362480
2014-02-04,811.863037109375,820.7878892592203,797.0322306149286,820.4105155170321,2694166
2014-02-05,828.1084594726562,830.2217881499226,807.5793757458339,816.5608844258982,1853650
2014-02-06,820.882080078125,826.4105675204322,809.4665264992889,822.6746050202563,1922652
2014-02-07,809.2399291992188,828.3350706418494,804.1831596983058,826.448202599385,1990912
2014-02-10,790.0504760742188,809.0889547404305,786.8616877527355,809.0889547404305,4019270
2014-02-11,793.126220703125,802.4851061088825,790.9752092190067,792.4847038930887,3568786
2014-02-12,794.54150390625,801.3908924066926,790.5979668417726,799.2775626591286,3074348
2014-02-13,805.2210083007812,806.9757588824963,791.1638401418104,795.1262633812519,2094350
2014-02-14,818.1083374023438,824.4671205563623,803.0889391327895,806.7871273706738,1910062
2014-02-17,817.1649169921875,824.9388515310596,810.2967345504455,815.1271360050727,1670394
2014-02-18,817.391357421875,826.825699035701,813.5610515795587,817.013983757322,1526916
2014-02-19,829.4486083984375,835.8828492081855,815.9763840633856,818.9010306012472,1072918
2014-02-20,826.2030639648438,838.5242771794123,823.7312480516604,832.4862985858612,1587924
2014-02-21,832.3729248046875,835.127770490319,826.731207953758,829.4671665330869,1717860
2014-02-24,821.8822021484375,832.2034104218312,818.9387607873393,831.7316932636735,2450424
2014-02-25,826.0331420898438,830.0333396155853,822.6745534721418,826.0709163075772,3305374
2014-02-26,823.4859619140625,828.3352506901366,821.5990934614655,827.9578769996172,3859712
2014-02-28,858.8082885742188,860.4121269687878,815.1838473890374,815.5046519208554,3988192
2014-03-03,845.3359375,867.5820976987535,840.7885661908756,857.3175519419032,1606078
2014-03-04,845.5620727539062,850.6000468853749,839.278839517779,842.7506580173975,2030332
2014-03-05,849.8078002929688,862.7706237731443,846.2794114685342,850.9211264165415,2302006
2014-03-06,845.6000366210938,852.8644796446154,842.3545862615846,850.1662948030613,1314562
2014-03-07,840.97705078125,849.1094701250546,812.4098882590117,847.392401852949,4698472
2014-03-10,808.57958984375,840.9771535684653,805.6927183615317,840.826240965929,3829768
2014-03-11,811.9761352539062,821.7878520641575,800.7870412058878,813.2403740804375,2550254
2014-03-12,822.4669189453125,826.3538856637266,812.4854051074338,812.4854051074338,1669788
2014-03-13,811.1834716796875,830.9766993387628,806.3908452007737,810.6174112577946,2019884
2014-03-14,807.4098510742188,815.3158110048876,801.6549026281069,807.9570244672365,2161246
2014-03-18,800.786865234375,812.0326181490336,794.0884831147189,805.8814093817191,2565842
2014-03-19,769.6156005859375,783.0500892901769,759.6718170990159,783.0500892901769,8652662
2014-03-20,795.5791625976562,801.1265371894476,759.0494185253795,769.0875490594472,5728956
2014-03-21,802.673828125,809.4665544561002,786.824133352433,801.9190807548778,4680776
2014-03-24,812.3346557617188,814.3535497582036,802.3530477856696,806.4287021334311,2183014
2014-03-25,810.089111328125,819.6555702369631,803.8058768898394,809.0891080055472,2249968
2014-03-26,790.0318603515625,814.5611514539517,787.7865052078714,810.6176146185567,3192350
2014-03-27,790.314697265625,798.1451998170213,779.2954060775761,792.8430820726418,5012476
2014-03-28,793.2772827148438,801.1077869019116,784.9561742968349,791.3526400135561,2971162
2014-03-31,804.9945678710938,809.4475953853896,785.6919424491226,793.9941627823986,2683268
2014-04-01,821.4293212890625,824.5615414519206,809.4288191014355,809.4665933246544,2755932
2014-04-02,819.7498779296875,830.9767435613635,815.5233116477389,826.4482599452253,3763016
2014-04-03,817.580078125,823.4293701678976,810.4477524223653,819.9764378470855,1581194
2014-04-04,807.1455688476562,825.3160710066398,803.8057756031747,819.6554669530964,1694656
2014-04-07,812.7872314453125,817.3722835691996,800.296129149521,803.8434960652069,2594986
2014-04-09,807.7308349609375,815.8821457958968,794.3718394543769,812.1084078412442,3350500
2014-04-10,802.352783203125,810.8436885725769,798.2205610164356,807.7303566037779,2152886
2014-04-11,816.6746826171875,820.7502459772389,792.4849850307203,799.2777134738408,2340742
2014-04-15,850.1284790039062,852.1096906406926,820.4291915608133,823.0519199678258,3597244
2014-04-16,828.8257446289062,854.3739216511256,824.2594867283179,854.3739216511256,3475910
2014-04-17,838.8637084960938,840.410977053482,808.5983652881921,837.7693619482399,7681438
2014-04-21,838.4296875,846.4111012561498,834.486152315832,837.7692837853044,1842594
2014-04-22,838.1657104492188,849.0528842799202,837.7316754999814,843.0337933716993,1486274
2014-04-23,835.4107055664062,846.788481372053,830.6369669589129,842.0713119448005,1938992
2014-04-24,835.4107055664062,835.4107055664062,835.4107055664062,835.4107055664062,0
2014-04-25,832.203125,843.4299895136605,827.6557547285258,840.4110007368779,3160448
2014-04-28,826.957763671875,838.7883720180495,822.7123102177425,832.2032204200866,2550766
2014-04-29,828.0518188476562,832.6180751413749,821.5043516395249,824.938487410722,1846180
2014-04-30,826.1466064453125,832.3355913098607,823.0521600791706,824.5994293283737,2397378
2014-05-02,833.410888671875,837.731798899584,823.1463429591885,823.1463429591885,1917778
2014-05-05,835.3922729492188,841.1661098958182,831.7883351196679,834.2979258996136,1314478
2014-05-06,829.8068237304688,838.3732786883544,826.448235334741,835.3919717838348,961232
2014-05-07,817.2217407226562,831.3543691988349,807.6175972353049,826.8447713239138,4716182
2014-05-08,815.9010009765625,823.3541331452749,810.4667632552022,817.0520094341342,2606900
2014-05-09,815.0892944335938,824.4481792038094,812.1080795076269,812.1080795076269,1799440
2014-05-12,814.8817749023438,817.655415769837,801.2207759563742,812.4854155280373,2886064
2014-05-13,834.3543090820312,844.9396591019639,817.3159244930115,817.3159244930115,2547484
2014-05-14,836.2979736328125,844.4491910552507,830.6373675898999,835.6563645754745,1389228
2014-05-15,827.6369018554688,839.6562882730786,819.3346823759148,836.2976999728783,2520196
2014-05-16,815.41015625,850.373789871041,792.5790492486694,830.2409598855775,5241798
2014-05-19,768.596923828125,815.1271150733435,754.5586419394214,811.3533784294854,6516606
2014-05-20,780.484130859375,815.1270488624772,765.3137292097703,765.3137292097703,4702114
2014-05-21,786.0126953125,788.3335062640701,775.804720282682,777.8425010141956,4116946
2014-05-22,796.9943237304688,801.5416949933917,783.0881589248321,791.2582622304116,4216842
2014-05-23,803.0136108398438,810.9762342646376,790.9754243921267,799.655021129254,3094780
2014-05-26,812.86279296875,818.749858405818,805.1644078269532,810.9759248327965,2650850
2014-05-27,804.3529052734375,824.4103664945706,799.2772490071783,815.1835086819817,1795094
2014-05-28,811.5609130859375,814.6553585576592,800.956676777121,807.5796026929429,1887488
2014-05-29,815.1082153320312,822.6745756121601,805.7682172832235,809.466497563341,2820710
2014-05-30,808.0894165039062,817.7690175373989,803.8627562745892,814.674570830579,2585648
2014-06-02,803.7492065429688,814.277893231338,798.5414323864376,809.0890061814338,1095158
2014-06-03,803.2776489257812,806.8249246508615,794.4470495693383,803.7493660239167,2484628
2014-06-04,788.427734375,805.6548010636791,783.8049081234294,803.8057074159387,2141062
2014-06-05,794.0508422851562,798.6736701583787,780.4088197407514,786.1071995230938,4348470
2014-06-06,794.0889892578125,803.0614419246701,783.3258783322839,800.1467737757189,3361586
2014-06-09,805.3472900390625,806.9474505161337,792.4696397892153,795.1366049231214,2666196
2014-06-10,822.2444458007812,823.3112505646192,805.8045462829288,805.8045462829288,2628068
2014-06-11,840.8367919921875,843.5228250111426,814.6433890023428,824.8540723347442,3544562
2014-06-12,852.4193115234375,858.7628418934316,832.0170080118259,856.8578666452208,2734338
2014-06-13,843.3516235351562,853.0479290924009,832.4932644555969,852.6669340369778,1904022
2014-06-16,864.7636108398438,867.5067569014193,841.999154072499,841.999154072499,2439906
2014-06-17,868.6116333007812,875.145661437573,865.2397897800298,870.5355839596288,1918144
2014-06-18,848.4948120117188,873.6214100651425,846.3040910750094,873.6214100651425,1948824
2014-06-19,867.1635131835938,872.0973788336663,842.0369166125145,849.6186783744324,1896354
2014-06-20,873.3927612304688,875.9073650351929,861.8105522877801,870.5352991870743,1155674
2014-06-23,864.42041015625,876.2502286757574,858.7816664192547,873.6214007861654,1262734
2014-06-24,879.7364501953125,883.7178290109538,859.1436535545164,864.4775831109524,1479100
2014-06-25,880.3081665039062,883.9085512667829,873.6216845063506,880.0986006147709,1028422
2014-06-26,879.203125,893.109443298069,872.9167071392292,874.764570201819,2036182
2014-06-27,914.2168579101562,917.0171162296009,882.0037019422078,882.7656921814668,3058836
2014-06-30,924.0651245117188,927.7227132777919,905.472645163828,914.5974557116895,2146470
2014-07-01,910.8636474609375,921.6267544527901,907.6442588400944,921.5886177524767,1092790
2014-07-02,914.9976806640625,918.864742924995,908.1016335697005,914.3880514232353,907740
2014-07-03,921.2078857421875,931.5328887090687,911.3401512442096,914.007116569757,1526762
2014-07-04,918.388671875,924.1035982712352,914.7692184907178,919.1125253453044,536136
2014-07-07,948.1250610351562,951.7254449357463,918.3502480108826,922.0269053193441,2204902
2014-07-08,933.2282104492188,947.2107087400357,927.0561098785331,946.753533330422,2500588
2014-07-09,913.683349609375,942.0674841788501,907.3779552020122,941.0578843839378,1554242
2014-07-10,896.0240478515625,921.855527116044,889.6233133322391,914.2165588629606,1990562
2014-07-11,912.2733154296875,918.197805349631,899.5671899911902,903.3390026904461,1329446
2014-07-14,924.3890991210938,929.2467852679433,908.7683044527929,921.550705034637,1587924
2014-07-15,914.12158203125,925.8181132538552,912.0070405767144,924.3703132389057,1389656
2014-07-16,915.0932006835938,923.5322057032452,909.3782736681034,918.0648883185365,1407240
2014-07-17,907.5109252929688,925.7415713138972,904.8630289273772,918.1978525115701,1790220
2014-07-18,930.0852661132812,946.7728709325938,927.7231149782157,934.2000320027042,3507488
2014-07-21,938.6763916015625,941.0004982099383,930.7898140379525,940.2956202831685,981072
2014-07-22,964.8314819335938,967.7270804833066,937.9713405264783,939.1524619650988,2399016
2014-07-23,985.310546875,989.1777033667088,964.7940143381453,967.727658321116,2065858
2014-07-24,988.7578735351562,991.3486572688705,978.0138367445006,988.6435564702535,1481418
2014-07-25,992.7777709960938,996.0543653668202,978.0142140063216,988.3010795217757,1806914
2014-07-28,1003.8462524414062,1007.8587892154583,990.5484596690877,999.1357597271787,1314922
2014-07-30,1006.0756225585938,1011.8715729832327,997.371995200095,1002.101797415652,1899252
2014-07-31,1000.2601928710938,1007.2192135417826,996.0731194735276,998.3411451703986,2407210
2014-08-01,975.583740234375,1003.3229974902191,973.1025604108362,998.3024275131088,2381882
2014-08-04,979.3250122070312,985.4698461127847,964.5733787030281,981.631750352117,1828636
2014-08-05,978.4136352539062,986.671454570079,965.387302703178,986.6326476938152,1404656
2014-08-06,971.8037109375,982.7366515241475,965.4456288049425,975.4867682504795,1837562
2014-08-07,957.5170288085938,967.2868004075798,953.3493602296834,965.348349905761,1672656
2014-08-08,960.9677734375,972.2107903329141,955.6564361101987,955.6564361101987,1464790
2014-08-11,956.9744262695312,967.5002717090601,951.7794155886031,965.6974555366367,1290896
2014-08-12,958.273193359375,965.309732199511,946.0415493657788,965.309732199511,984552
2014-08-13,969.2450561523438,980.8563605416102,957.5949448765919,957.5949448765919,2768378
2014-08-14,969.12890625,981.6319194419442,965.3683289643203,974.6534934743474,1578056
2014-08-18,964.418212890625,971.1639847446467,957.5948272731645,965.7557251969135,1373260
2014-08-19,945.3825073242188,971.1250975082736,944.025591689347,969.2254534798224,3234156
2014-08-20,944.4906616210938,951.7986583224358,942.10640521769,947.7085085820513,2056758
2014-08-21,943.0369262695312,953.717809283356,942.0871042920955,948.6778371204765,2265450
2014-08-22,955.3462524414062,956.8970133721288,944.3358876936509,947.5149286714449,3096238
2014-08-25,977.77392578125,980.274508226611,956.3927580044668,957.5946352856354,3143512
2014-08-26,982.3295288085938,988.6100916370419,969.2255800363156,980.4685967647368,1815490
2014-08-27,988.5905151367188,995.355689570902,974.6724761042054,982.4068759487564,1435460
2014-08-28,977.890625,988.3388592160481,974.2656829868444,987.4471526333039,1766288
2014-09-01,983.6281127929688,992.4868713605998,978.1617379873572,979.0727531294972,810148
2014-09-02,983.9190673828125,990.4710895300149,974.6921149681832,986.9818772099121,1407940
2014-09-03,1010.4757080078125,1014.1975718198162,984.3454261660984,984.3454261660984,3061690
2014-09-04,1002.0822143554688,1018.6365664681229,999.2520570502785,1016.5236738717629,1701598
2014-09-05,1007.4515991210938,1016.4459911126577,1001.4229987325864,1007.9555205640845,1467060
2014-09-08,1024.548828125,1027.378985392303,1007.6261894901339,1012.6467584319606,1697342
2014-09-09,1020.1100463867188,1033.9699738578163,1017.7257890317899,1028.154619674139,1418098
2014-09-10,1008.0526123046875,1024.5682523022542,1004.5828040252973,1022.7267238949377,1258768
2014-09-11,1007.3551025390625,1017.4543588693658,1004.6993861930863,1011.8716565556455,1075622
2014-09-12,1010.9411010742188,1017.4349125517582,1005.35830486416,1011.87151978376,1196210
2014-09-15,991.827880859375,1015.2056193980237,990.1607940300781,1013.4222065758122,1151544
2014-09-16,988.939697265625,998.3023788025629,986.2839812325126,994.8131666048064,1535608
2014-09-17,1004.5828857421875,1009.8361071879309,992.8746599513547,992.8746599513547,1657700
2014-09-18,1024.3939208984375,1028.0769781094652,1000.6284907013035,1004.7767572614317,1483078
2014-09-19,1052.2686767578125,1062.271102418802,1024.2774644490785,1024.6651546324429,3587864
2014-09-22,1055.2156982421875,1059.9455019615655,1037.5563824523188,1052.1916943393155,999584
2014-09-23,1042.1885986328125,1078.7283937393195,1040.2889548377725,1056.0679243514612,2055990
2014-09-24,1024.6654052734375,1049.4581796339164,1020.691579921923,1044.0499191832641,2442132
2014-09-25,1050.097900390625,1056.4559829413436,1031.256115458339,1031.624402283671,2473158
2014-09-26,1040.5606689453125,1056.417162888163,1035.1718121341773,1050.64061581289,1612712
2014-09-29,1073.107421875,1076.0150993280029,1037.187950932623,1044.980469716095,2089534
2014-09-30,1060.952880859375,1076.4797953316245,1049.9230205945669,1075.045360735864,2788954
2014-10-01,1076.0732421875,1086.3082283198542,1061.108358640771,1066.9237131820978,2142022
2014-10-07,1058.917724609375,1100.9239033284548,1056.6885058352132,1062.1161689375201,3457674
2014-10-08,1040.250732421875,1062.2521598738838,1027.0886639160206,1061.496182618501,1962442
2014-10-09,1049.109375,1055.7970328009292,1041.5300105620895,1049.8653521690446,1685176
2014-10-10,1038.42822265625,1057.4056394173178,1034.551320574278,1049.0897033816736,2344362
2014-10-13,1053.179931640625,1056.3783760940166,1035.1329321885732,1039.0098345563206,2209532
2014-10-14,1046.4534912109375,1060.6041851647576,1038.5446480669862,1058.3943696966776,2369406
2014-10-15,1046.4534912109375,1046.4534912109375,1046.4534912109375,1046.4534912109375,0
2014-10-16,1038.2734375,1069.4825068667112,1032.9038889473338,1058.394526349337,3848014
2014-10-17,946.4100341796875,973.6259659753289,942.0873256691954,959.5333872556619,9892812
2014-10-20,939.4900512695312,966.7447020131422,937.4158700207842,965.3489788820832,3399242
2014-10-21,943.4049072265625,947.4175370083652,936.2714483376786,940.4779231398411,1950732
2014-10-22,950.5581665039062,964.9608182367468,947.9412578967957,963.4100575806813,2067664
2014-10-27,952.6132202148438,976.8632683628707,947.88341729919,976.5919040723987,2797208
2014-10-28,960.9285888671875,963.3709604438782,951.1781273894017,963.3709604438782,2289958
2014-10-29,973.5352783203125,976.6236276253726,960.6961937619516,961.4731417552892,2425016
2014-10-30,993.7939453125,1000.2814406914368,974.6810477604998,979.6535328155745,4111292
2014-10-31,1013.081787109375,1017.8017074723871,994.8817453575508,994.8817453575508,3170070
2014-11-03,1006.283447265625,1029.067404525171,1002.4569412522477,1029.067404525171,2541632
2014-11-05,1009.8380126953125,1024.7942594692188,1006.1475102446084,1024.7942594692188,2310642
2014-11-07,999.4852905273438,1016.1313432177561,993.3279401728574,1011.8970148864294,2126740
2014-11-10,998.241943359375,1003.0396340774017,990.9969428859225,1000.3592020394293,1541964
2014-11-11,1002.5345458984375,1007.7012675881391,992.7061375429466,1001.4856853670865,1249940
2014-11-12,1006.8272705078125,1014.3053933812668,1000.3203324231183,1002.262702000639,1320582
2014-11-13,1005.54541015625,1011.9357878765859,996.4939478535191,1008.0899335813363,1645540
2014-11-14,1012.5376586914062,1014.363466838382,1000.3201749406777,1004.2825892865559,1457174
2014-11-17,1017.1411743164062,1019.7439303320407,1007.021410820279,1008.1285993101131,1570552
2014-11-18,1004.5352783203125,1020.3849376622518,1002.1655495790926,1017.8016241485503,1467026
2014-11-19,999.8350219726562,1009.2555170801209,993.5028763958816,1009.2555170801209,1865746
2014-11-20,1012.1494140625,1014.0141079541148,994.7069719890111,1005.3705627373811,1795386
2014-11-21,1018.63671875,1025.5710152559616,1004.8458963857627,1013.1398514346772,2001594
2014-11-24,1032.4468994140625,1035.2827773975216,1018.5784023775992,1018.5784023775992,1942766
2014-11-25,1024.017333984375,1040.8770655068442,1016.2478549708364,1033.340708800621,2371684
2014-11-26,1020.637451171875,1031.9226364348146,1015.8592034453442,1021.7057543494943,1584800
2014-11-27,1030.738037109375,1036.448585685739,1019.8607655954316,1020.6377135607133,1732418
2014-11-28,1026.7366943359375,1045.7330333770922,1023.7649064265865,1032.6998076637135,1989768
2014-12-01,1046.140625,1048.8793845837515,1027.61044150747,1029.649929199716,1896354
2014-12-02,1032.291259765625,1053.1328374042346,1029.2029125863485,1046.1597529322278,1436572
2014-12-03,1023.7645874023438,1038.5459413603178,1017.2187651641214,1037.9632305916539,3094670
2014-12-04,1024.7747802734375,1036.059966859919,1021.6475461819159,1034.8945450749247,1285308
2014-12-05,1001.85498046875,1029.378400677567,999.2133383605765,1025.920925251097,2359676
2014-12-08,976.1567993164062,1008.0893206793071,971.8252603588307,1008.0893206793071,3232574
2014-12-09,976.9534912109375,994.1045736040974,974.7197665926399,977.4001981976979,2487940
2014-12-10,974.2536010742188,983.5769741498067,969.7084756683207,977.0118035459824,2087970
2014-12-11,968.1351928710938,980.0807653074824,966.1345902210907,971.417873203032,1938822
2014-12-12,952.0328369140625,978.9540934524546,941.1361265482553,971.1846165202923,2380786
2014-12-15,916.27392578125,926.5102509773802,913.7877307595567,926.4713656504979,3487788
2014-12-16,949.0609741210938,955.3542309650412,910.9710975350297,912.9134666129295,3339140
2014-12-17,949.4693603515625,959.5307992161449,934.3771072124019,953.0820927500852,2287076
2014-12-18,955.91796875,958.9480849689161,945.8565299193656,953.7425712191451,1481444
2014-12-19,975.283203125,980.4110398180023,958.7536191266289,960.0356020104456,1903130
2014-12-22,976.39013671875,982.4503667160569,961.2396565677313,981.2849451659786,1643954
2014-12-23,977.6723022460938,985.4223380351524,969.0870854601746,971.1848067057525,1266476
2014-12-24,963.37646484375,979.2845482133782,957.8407113195658,977.011937777069,3288972
2014-12-26,973.1268310546875,975.0691999789483,957.5878796606007,965.7458291424963,626206
2014-12-29,980.0809326171875,985.5390108175923,973.9042344837784,974.2927084504652,778920
2014-12-30,982.8583374023438,987.6753754712842,977.400260540177,980.8965253831268,701342
2014-12-31,993.8132934570312,996.9793176101028,980.8965370776914,983.8877669549822,1573792
2015-01-01,988.8797607421875,997.2125069761656,987.1121855186742,997.2125069761656,366830
2015-01-02,1002.0487670898438,1006.5162159799833,990.8413543881858,990.9967059779032,925740
2015-01-05,986.8211059570312,1009.9935427648605,980.7608734514989,1002.6514218974895,1754242
2015-01-06,950.4405517578125,982.4896576150119,947.8765853523214,982.4896576150119,2423784
2015-01-07,939.2133178710938,963.0850197732171,935.2314604435364,959.5305215674723,2636332
2015-01-08,949.352294921875,951.3723397209036,940.3202790384487,948.8083746945202,1565408
2015-01-09,975.9631958007812,978.9155411339699,951.7612479557365,953.7036178495238,3197642
2015-01-12,974.9526977539062,982.0617874144762,963.5121630675453,977.7885755230366,1596006
2015-01-13,970.3685913085938,982.9939888226969,963.453834082345,978.9538995550754,1468432
2015-01-14,979.7117309570312,983.5382368004229,971.3789847890208,977.4003302256255,1787096
2015-01-15,986.3739013671875,1002.9422716360739,980.216553464016,984.004173159359,5009920
2015-01-16,983.6741333007812,988.6660607783537,965.0857143679269,988.1610257474217,5293830
2015-01-19,975.45751953125,990.9964684684264,972.3497297438148,985.1693626169853,1135074
2015-01-20,971.3593139648438,982.8387339563789,964.6775834376197,978.9539958774999,2058566
2015-01-21,976.5457763671875,979.7312435991754,966.6202485668708,979.7312435991754,2310480
2015-01-22,976.4487915039062,979.4400221817764,969.4368171956859,977.5947707765752,2113214
2015-01-23,972.5833129882812,983.635376690867,969.6697586813291,976.6234036903497,3150380
2015-01-27,973.9259033203125,978.9666869365034,969.0602637232126,977.9352093547276,2738736
2015-01-28,988.54248046875,990.6054360012436,974.2568840311895,974.2958471677439,3121980
2015-01-29,990.5084228515625,999.8699369491633,978.1496923257754,987.9199393526899,3734392
2015-01-30,966.1410522460938,1002.3219357354569,961.450555831681,996.7556240373917,5817402
2015-02-02,978.6552124023438,981.4772832112345,958.3558031484393,966.1213445058113,3181802
2015-02-03,995.802001953125,998.4294478685686,975.8918386955805,977.6628558425788,2345054
2015-02-04,978.6942749023438,1001.0372549416453,973.9454294447114,999.5970445614164,2245418
2015-02-05,993.5245971679688,1008.8221863681526,980.523646771813,980.912897921782,4530168
2015-02-06,1002.6138305664062,1010.0290853186312,992.9215131949236,993.7583653056528,2136416
2015-02-09,978.1493530273438,1000.0253476237303,973.128050300607,997.067000338002,2076432
2015-02-10,950.220458984375,983.3457716810265,947.0480999504947,977.0204401462153,3799054
2015-02-11,957.5194702148438,968.1655338994615,952.5954780723519,955.631657965054,2937522
2015-02-12,958.3948974609375,965.265238829658,952.4977792190872,965.265238829658,3107980
2015-02-13,988.2115478515625,991.7148088779196,957.6553266772257,961.4505261224459,4158326
2015-02-16,1006.1366577148438,1010.1070014888535,994.5369513695648,996.4832076344759,2364392
2015-02-18,1025.929931640625,1028.7909660971827,998.5266839881945,1006.2338770879516,2660014
2015-02-19,1043.6019287109375,1046.0347486641847,1025.6768922890064,1026.066143481526,2618002
2015-02-20,1041.461181640625,1050.5112730353833,1028.499096249466,1050.5112730353833,1801588
2015-02-23,1049.6744384765625,1059.5419965527974,1039.6901810406032,1039.6901810406032,1614892
2015-02-24,1052.827392578125,1062.6559873327594,1042.8041721847849,1048.642941345954,2199922
2015-02-25,1040.1572265625,1059.5419588498512,1038.464040554177,1054.8709436014315,1767994
2015-02-26,1034.026611328125,1048.156452721987,1021.9209527481933,1042.8042472721952,1991994
2015-02-27,1036.322998046875,1041.5389262535505,1018.397960801105,1035.1941125174667,2877376
2015-03-02,1039.0675048828125,1054.462414621796,1032.5086767226896,1043.0768127525753,2176038
2015-03-03,1080.5614013671875,1086.0109185210565,1041.6946285105275,1043.9717861912093,3424308
2015-03-04,1068.884033203125,1094.6135812650089,1057.070218639789,1085.2325872433767,3862994
2015-03-05,1049.596923828125,1078.498840424192,1043.602490250662,1070.4413554098865,2173514
2015-03-09,1030.2703857421875,1043.1156789650531,1015.9459185357318,1027.623457829246,2883174
2015-03-10,1028.674560546875,1042.5124655422853,1010.2046023330965,1031.0878999970507,3037052
2015-03-11,1014.60302734375,1035.3890094131095,1011.1970783602463,1028.4019673619334,2240200
2015-03-12,1019.4683837890625,1021.74544631089,1008.1995804513143,1021.3561951072923,1827636
2015-03-13,1005.18310546875,1027.6039227250662,1002.3220704780593,1026.84490171694,1586838
2015-03-16,997.378662109375,1015.9459308038613,993.3693545637755,1006.2924791982404,1556296
2015-03-17,1005.7083129882812,1014.6610906466308,995.607263288854,1005.2412305516433,1267318
2015-03-18,996.2300415039062,1011.838956739362,993.252212969772,1008.5303217227857,1255170
2015-03-19,1010.5938110351562,1014.3306619843096,999.636423614901,1002.7114712475927,2448964
2015-03-20,1016.3154296875,1019.059669729657,1003.820522841815,1010.4961430932733,1963908
2015-03-23,1018.729248046875,1024.1204178679432,1014.3891330155302,1018.2816469564954,1566608
2015-03-24,1008.6668701171875,1026.4556347698528,1005.0857773147686,1023.730875784874,2394878
2015-03-25,1001.8355712890625,1017.5029367069876,990.7224272470789,1008.705818981242,2224858
2015-03-26,978.227294921875,1006.8761281611008,973.5173170703748,993.8751752142397,3091642
2015-03-27,978.8890991210938,1001.1152893082234,974.7241295967146,985.1949506005512,2751776
2015-03-30,998.0983276367188,1000.3365218150955,980.9129268712085,982.8591826784926,1339006
2015-03-31,994.1286010742188,1000.1619978170094,981.3027863596706,1000.1619978170094,2427028
2015-04-01,989.7296752929688,997.8845651914372,981.7889876253205,995.7047201290791,2075758
2015-04-06,991.5397338867188,997.6119964027386,973.167093786485,995.7047032794852,1568542
2015-04-07,1006.2144775390625,1011.6639950189646,990.2551763479206,997.4368428775258,1886922
2015-04-08,1028.168212890625,1034.045944773603,1008.4916382449608,1009.7177416686338,1652134
2015-04-09,1037.1793212890625,1046.0931359051258,1025.7352787987088,1035.0189580865745,2544450
2015-04-10,1032.9757080078125,1039.6124621330316,1022.9524863474446,1030.9321385430774,1815544
2015-04-13,1033.656494140625,1037.3543802992904,1022.9520868392252,1036.965129124694,1308642
2015-04-15,1022.8549194335938,1056.3888748787572,1015.7121213516673,1033.3452210736461,2913934
2015-04-16,1005.3582153320312,1022.5631027363354,1000.9013072252585,1022.5436211661124,3217570
2015-04-17,963.3385620117188,996.483270273827,961.4506553032627,995.3544795820399,9668742
2015-04-20,945.4131469726562,966.8608268403643,943.8756240425195,965.36226703535,2890722
2015-04-21,944.732421875,954.4442231654799,934.5924061257411,945.4136116753832,2546032
2015-04-22,951.758544921875,962.6186199280488,937.1421372465169,946.4646883764864,4186812
2015-04-23,956.4874877929688,965.26512114457,946.5421008699446,962.2289428524647,4342990
2015-04-24,970.4229125976562,978.5777078231055,952.7119795403963,955.7286769292703,3625158
2015-04-27,973.2061157226562,980.9133107420412,967.6787660732994,972.9336588094175,2733052
2015-04-28,971.1822509765625,977.0210220245178,955.6511580018339,977.0210220245178,3088298
2015-04-29,968.1847534179688,971.1819693470178,954.0743941438888,966.9002051535039,2019620
2015-04-30,958.9983520507812,969.235679641355,944.7518123331142,965.343166871711,3738054
2015-05-04,965.946533203125,974.9966254660549,956.4682265192363,969.6249387939057,1890630
2015-05-05,980.076416015625,987.3164331194939,973.1282423524068,973.5174936493478,3255070
2015-05-06,958.7452392578125,978.9668211901034,955.9231679044811,978.9668211901034,3394406
2015-05-07,990.7418212890625,994.0504571719648,955.1058475673931,959.465442900807,3205028
2015-05-08,983.7353515625,1007.3823681249382,979.4730688181508,996.4833316846375,3003664
2015-05-11,994.9263305664062,997.670571259239,982.8595401722127,986.7520532025977,2573082
2015-05-12,982.0419311523438,998.429446632303,978.1883818272817,996.4831904010509,2467386
2015-05-13,979.1223754882812,991.4227507304128,965.5180658185859,991.4227507304128,1863774
2015-05-14,972.8362426757812,980.9132065791612,967.2894120433396,980.9132065791612,1309050
2015-05-15,977.4678955078125,985.7394816684612,973.5170347191772,978.9665503073693,1461454
2015-05-18,981.0694580078125,982.9573658253288,971.99997394094,978.6172495449517,4507752
2015-05-19,978.0717163085938,984.8057827623521,971.8631771193291,980.6796809956642,1957722
2015-05-20,995.3349609375,1000.3367826472037,979.7064657107543,980.9131826387238,1897814
2015-05-21,994.7315673828125,1004.2682229887131,991.870532688225,995.3154442566431,1579578
2015-05-22,1019.0210571289062,1023.2444722311129,988.4064768855362,992.5909288404519,2691632
2015-05-25,1012.4420776367188,1026.4161536520442,1006.4865169971608,1019.8378482922734,982978
2015-05-26,1015.4981689453125,1021.1033489731749,1007.7325304258185,1013.9995136091186,1961740
2015-05-27,1017.9893798828125,1024.9569395757203,1008.9392878907371,1015.1673081863589,1620690
2015-05-28,1015.750732421875,1021.0056222044752,1005.1436400829226,1013.5708882770311,2763608
2015-05-29,1016.062744140625,1030.9710887696247,1010.9829953855243,1018.6707089898613,4423532
2015-06-01,1018.9622192382812,1030.3867787426927,1015.3032963645117,1015.7314156192602,882264
2015-06-02,1012.0140991210938,1023.7305975853562,1008.3551760626865,1018.2810810963088,3935820
2015-06-03,1016.2958374023438,1022.0179056025394,1008.3551515810465,1013.610042353617,1804684
2015-06-04,1014.2529296875,1020.9286485938277,1007.5773058132578,1018.7099344949191,4131468
2015-06-05,1011.9739379882812,1024.9975363914864,1009.6756107804216,1018.318748304612,2308534
2015-06-08,1012.6024780273438,1017.5330143261943,1006.3951145869642,1017.5330143261943,1570320
2015-06-09,1006.39501953125,1017.5329182184867,1002.2109939673203,1015.5685689555166,2578914
2015-06-10,1021.7567138671875,1025.39076158545,1007.2401856784235,1008.104480547228,2763350
2015-06-11,1010.1864624023438,1026.5691191739115,1004.470185781821,1023.6225947216328,1847336
2015-06-12,984.453125,1017.1202092089062,973.0599012516201,1010.4217602013327,2571456
2015-06-15,984.0603637695312,990.2087382078635,974.7100426856209,984.2567986834139,2525176
2015-06-16,986.8887939453125,989.7567622509375,979.993910775858,982.1743570315609,1267396
2015-06-17,987.5966796875,993.6271769710003,982.8822394273152,990.4253246605044,1975720
2015-06-18,993.98046875,1000.364604362127,985.3176686285985,988.0677578153609,2165046
2015-06-19,1001.6416015625,1003.7827236097975,992.8216903561549,995.9253245991532,1999610
2015-06-22,1018.122314453125,1021.4617085001447,1000.6396044422571,1000.6396044422571,1102002
2015-06-23,1011.4827270507812,1024.604541322691,1008.5754326894531,1021.4615826069772,898318
2015-06-24,1009.7930908203125,1016.7075405506585,1005.294751574332,1013.6039080356488,1170246
2015-06-25,1001.8184204101562,1010.854429692287,999.5200927265367,1006.5328600356157,1930992
2015-06-26,1018.6328735351562,1020.0275805587918,1001.8965810824941,1001.8965810824941,1290102
2015-06-29,1018.6723022460938,1023.0331964034146,999.2252426370427,1010.4613598884725,1372756
2015-06-30,1002.191162109375,1017.0416592135799,997.8892571327834,1015.5683975150571,1549952
2015-07-01,1018.7509155273438,1024.604638323345,1004.4700571446365,1007.2790383965404,1279708
2015-07-02,1012.7206420898438,1022.6209469027286,1010.0884322740153,1021.4619995863035,1445880
2015-07-03,1022.993896484375,1025.390441245825,1009.6756452114064,1010.8739175921314,963470
2015-07-06,1034.5445556640625,1039.1411153275862,1013.7224463588216,1013.7224463588216,1182338
2015-07-07,1027.8455810546875,1039.8870016696062,1022.6400563728051,1034.3279325453334,1642836
2015-07-08,1019.5365600585938,1029.9868402523618,1013.8006220289137,1020.6561815532001,2667850
2015-07-09,991.013916015625,1020.7737987265006,984.7868922901342,1019.4969720755389,3934122
2015-07-10,972.0980224609375,1005.3544330019582,964.4959488158685,1005.3544330019582,8263654
2015-07-13,985.9267578125,989.4822498830107,972.5101920747957,972.5101920747957,2280308
2015-07-14,981.9783325195312,988.067816077864,978.2460684031337,986.4963364499071,1703274
2015-07-15,1000.1484375,1001.7984717147215,982.1746415594619,982.5675114160857,2003660
2015-07-16,997.9682006835938,1005.2952826012636,992.625227058117,999.3432454712221,1456608
2015-07-17,1007.4755249023438,1009.7149600463157,999.1860276298676,1000.561072268551,1070526
2015-07-20,1015.447998046875,1017.318140602893,1004.7192854886666,1009.483266027388,853786
2015-07-21,1008.4596557617188,1023.7949029133852,1005.9793328489596,1014.2079223416608,1274500
2015-07-22,995.3294067382812,1011.451987311699,992.5734067728544,1008.3022730654967,1320628
2015-07-23,979.7974853515625,999.1879154166464,977.5926467330619,991.1757906365217,1496780
2015-07-24,986.3134765625,990.782172933997,981.1755811344667,983.3016001997447,1574972
2015-07-27,983.124267578125,986.2542768972411,976.8641528182418,979.5611340999345,2003738
2015-07-28,985.0925903320312,991.7660265063893,981.1947622492048,984.0885999415323,1891188
2015-07-29,986.9429321289062,990.2107787539159,977.7890782655386,988.6162172437155,2413318
2015-07-30,976.6674194335938,990.9002502114002,973.5768195997382,990.6049644623379,2770574
2015-07-31,988.5181274414062,991.7662702478949,979.1674133015143,980.30914626362,1963776
2015-08-03,988.0658569335938,994.1290212282482,984.6404642007184,985.6247503603503,1179324
2015-08-04,987.789794921875,993.341205147223,978.7737756623053,988.3803663874799,2342692
2015-08-05,1002.8494873046875,1003.9716116722831,988.61675172906,992.1601809467268,988994
2015-08-06,1013.1451416015625,1016.9641515176558,1004.0109880364224,1009.8772933189264,2211366
2015-08-07,1004.7787475585938,1013.027044142572,1002.7904708243803,1013.027044142572,1188506
2015-08-10,1012.6724243164062,1019.3261564525508,1006.5698536617077,1012.6330144441716,1431182
2015-08-11,1025.310791015625,1027.5943532471724,1000.8611899389457,1014.995495276326,2200306
2015-08-12,1051.8868408203125,1059.6429959953757,1024.4449638193585,1024.8780881482035,3479784
2015-08-13,1037.6737060546875,1056.729444473572,1006.3340015180514,1051.2174429003119,1406426
2015-08-14,1064.2884521484375,1070.6469956207302,1038.2639951877582,1038.6182996009775,2293964
2015-08-17,1057.0245361328125,1061.7688129827714,1045.3115349409134,1059.13094622439,773644
2015-08-18,1079.1318359375,1082.6752657851687,1059.0918100254696,1065.745545401862,1916926
2015-08-19,1076.2574462890625,1083.8364465454745,1071.6509120930361,1082.7143223445646,1690070
2015-08-20,1057.8511962890625,1080.745642023898,1052.004501088472,1080.745642023898,2349298
2015-08-21,1053.6387939453125,1074.800943765456,1045.3511824014681,1067.7534941810025,3536080
2015-08-24,1015.2510986328125,1041.3740746438934,1011.4912048636347,1039.0117894084065,4692344
2015-08-25,1010.7232055664062,1032.3184643700085,998.262191613332,1018.8927738866495,3925800
2015-08-26,1014.503173828125,1039.0118854108555,988.9904717032196,1007.1407367215768,3216158
2015-08-27,1013.6766357421875,1029.523638688678,1002.3180341603755,1029.523638688678,5264798
2015-08-28,1012.1807250976562,1027.2008913266811,1007.0033229551394,1027.2008913266811,2744152
2015-08-31,1009.5035400390625,1019.7204106433713,996.5109633783555,1019.7204106433713,3692044
2015-09-01,999.0108032226562,1028.066942930692,996.0973553355611,1006.3339289477052,2987602
2015-09-02,1020.4288330078125,1031.70871026055,1003.1841259048948,1007.790564401554,3765950
2015-09-03,1025.8621826171875,1029.5630591804872,1014.3066276151933,1022.1218961689218,2265074
2015-09-04,1002.967529296875,1029.523541063438,999.6996812033891,1028.1455409378912,2426396
2015-09-07,999.9360961914062,1007.8891074397818,997.1603905892194,1005.1528117242485,1759184
2015-09-08,1000.1525268554688,1009.5229470881943,993.5381069193294,1002.0029649731299,1787746
2015-09-09,1003.8731689453125,1013.4207419806783,1001.6093114214628,1009.0701791670336,2045076
2015-09-10,1002.1602783203125,1015.1922592868684,994.9159741004137,1000.8216882323908,2665818
2015-09-11,1004.7589721679688,1011.2158487442075,1000.2706672456641,1002.5935433486412,1592672
2015-09-14,1004.6214599609375,1009.8775864325681,1001.2158683423083,1009.8775864325681,1589318
2015-09-15,998.9517211914062,1007.4755983063594,998.4595782604813,1004.621169306995,1379900
2015-09-16,1004.1092529296875,1009.877128685802,1000.447690899596,1005.939985883908,1756816
2015-09-18,1004.4641723632812,1018.1457519770487,999.6411694778525,1009.8777470305993,2455294
2015-09-21,1004.384765625,1006.7667560830263,997.356927751301,1003.9713464344923,1108840
2015-09-22,994.8370971679688,1012.7904076896335,980.3483948391912,1006.924104337844,2081246
2015-09-23,997.1407470703125,1007.0230170616483,989.246850165649,997.7904335100698,1228352
2015-09-24,1015.9403686523438,1019.720064482874,996.0577959664809,998.2626345545664,2354254
2015-09-28,1021.1765747070312,1031.1375639072478,1015.5858518895554,1021.2947081998476,2366812
2015-09-29,1019.0309448242188,1037.0433724203583,1011.7866408079819,1017.1017833773346,3325952
2015-09-30,1018.9526977539062,1040.8628683661714,1012.2201422352906,1040.8628683661714,3368336
2015-10-01,1041.216796875,1043.3231105464795,1020.5861114543216,1023.2633877146109,2834408
2015-10-05,1067.6153564453125,1090.588624585146,1044.4059173955302,1044.4059173955302,4807306
2015-10-06,1063.0286865234375,1073.2652590603298,1056.7292572699653,1072.8715447319878,3979590
2015-10-07,1044.898193359375,1069.7219026695818,1042.1421928740283,1060.6467675613562,2065530
2015-10-08,1036.965087890625,1054.5050850210612,1031.5318095169237,1051.21753107259,2357550
2015-10-09,1035.3309326171875,1043.5793253907163,1026.8070551365206,1043.5399155058851,2249724
2015-10-12,1020.74365234375,1047.4177940707393,1018.5388139885058,1045.3113842827534,2455912
2015-10-13,1023.0861206054688,1028.3815577177816,1010.9006845421372,1024.759406065002,6179712
2015-10-14,977.8681640625,1003.1840121652552,976.4114404120223,1003.1840121652552,8337128
2015-10-15,971.588623046875,985.6639115785033,970.505908544442,980.3487676574689,3215710
2015-10-16,973.2617797851562,981.1360660293726,972.4743511607345,976.7657987151692,2333828
2015-10-19,979.8564453125,982.2974547013034,966.903283539853,980.3485881780513,3130642
2015-10-20,994.8179931640625,996.0975651350858,982.5538264135466,982.8097023590742,2695084
2015-10-21,996.09716796875,1000.8217395164279,993.0458821775413,998.0657394469491,1929688
2015-10-23,1001.0886840820312,1005.3698304087907,997.2022062333047,1005.3698304087907,2335398
2015-10-26,1000.8515625,1005.7639643227735,992.3880129020577,1005.7639643227735,1414630
2015-10-27,998.7012329101562,1004.1462494735421,994.4595838881656,998.2869130417973,1530420
2015-10-28,997.9121704101562,999.6679966964548,990.3955538910589,990.3955538910589,1255342
2015-10-29,984.5957641601562,1000.3983034863178,982.5045122629114,999.6684027250932,3130316
2015-10-30,984.5360717773438,991.1254051563819,980.511456493762,986.4300367140463,1516696
2015-11-02,993.27587890625,995.4262770750546,981.5176138485755,986.4300160623548,1319294
2015-11-03,1003.5745239257812,1005.2909513248698,993.7299679683308,997.4784034242368,1364906
2015-11-04,999.7667236328125,1005.0539508034832,994.321609836541,1004.1859115214274,991434
2015-11-05,979.5842895507812,1000.2204276250237,978.5387121206609,998.5829921028948,1596098
2015-11-06,988.6990966796875,993.6312482145557,979.9001190752656,983.2737299913324,908024
2015-11-09,975.1259765625,987.5155042404904,974.0409030886566,984.4575699051137,2021556
2015-11-10,969.91748046875,977.3552039403363,966.7017560168849,975.7571674856006,1361920
2015-11-13,945.9468994140625,961.9863094390774,941.6658508988905,961.9863094390774,2743232
2015-11-16,936.9508056640625,943.0271765537824,929.611727180214,943.0271765537824,2043528
2015-11-17,943.2445678710938,946.3616496389936,937.1089510516721,939.2790980962128,1985028
2015-11-18,927.816162109375,942.5928618856794,925.6657643186619,942.5928618856794,1520352
2015-11-19,932.1963500976562,939.7129679976955,928.0335951050971,933.301171262807,1866906
2015-11-20,946.3218994140625,956.2650956477628,931.9594192266595,933.7547412914681,2012126
2015-11-23,943.4415283203125,952.2601559223782,939.9692749813375,949.0641800858635,1088082
2015-11-24,934.3267822265625,943.9937965793034,933.3601000575001,939.1011421331966,998640
2015-11-26,925.48876953125,940.0286961487279,922.4505830985753,938.2531213896341,2915292
2015-11-27,928.5662231445312,930.9730549824205,920.3393569200199,926.4552240292419,1737206
2015-11-30,936.5367431640625,943.5206509324515,927.303697082368,933.1631320251951,4100048
2015-12-01,931.9398803710938,938.3122781038211,930.0262633288628,932.3344525032347,1721994
2015-12-02,933.24169921875,938.3317359487456,925.8632218945382,938.2922402153044,1640296
2015-12-03,927.540283203125,936.3195116626674,926.0606379571346,931.190074809901,2283358
2015-12-04,918.7216796875,926.1791505055439,915.8413802951405,923.2987547821011,1246092
2015-12-07,915.3283081054688,924.83743720269,913.5329859190808,920.220963245601,1382604
2015-12-08,918.958251953125,926.8496925023146,914.3417784980614,915.1703219570895,1139964
2015-12-09,934.2086791992188,936.2407834981219,915.4073554526374,922.4701581540826,5282806
2015-12-10,940.876708984375,943.5005743275788,928.0333707479904,934.741094941322,1723988
2015-12-11,941.4490966796875,943.7967815732541,932.4725807746318,940.2653802966032,1652378
2015-12-14,938.4697875976562,941.8433975841631,919.5895745230603,921.4045479891456,2718532
2015-12-15,937.4442138671875,941.0545102482849,932.393671443244,938.4700435849501,1135868
2015-12-16,950.2872924804688,952.6942205325679,940.6597729342067,940.6597729342067,1435934
2015-12-17,962.6573486328125,964.7288523034026,944.3492404385074,952.891688471459,1618844
2015-12-18,953.6018676757812,960.4673836626838,947.2294704813154,954.8644791257649,3024970
2015-12-21,965.2808227539062,966.7013203693166,949.6755785042104,954.844413479802,1610104
2015-12-22,948.9654541015625,962.7557269072391,946.972846138268,962.7557269072391,1560858
2015-12-23,957.1530151367188,960.7830591741589,951.1357906388107,952.8916172096895,849834
2015-12-24,960.4868774414062,962.0454175531944,948.5510746098965,955.2587985152078,843160
2015-12-28,971.7127685546875,973.1726661743829,954.9434529732572,958.0211348638311,3704198
2015-12-29,968.989990234375,972.738424440824,965.0245221497617,969.9961681560022,1708524
2015-12-30,954.19384765625,970.2529148621296,951.8264147611004,967.9052298406579,1605762
2015-12-31,961.5130615234375,966.1097879612933,949.9323318426848,953.1875516714291,1240318
2016-01-01,953.4437866210938,962.361152768345,951.8063512773433,962.361152768345,712262
2016-01-04,934.9781494140625,952.4971132968648,933.5773990988795,950.9779720775238,1870184
2016-01-05,926.8300170898438,941.6857128836768,923.693188492531,941.0543590579608,2678020
2016-01-06,939.7130737304688,941.5082999533646,927.3234503854508,927.3234503854508,2653228
2016-01-07,935.6288452148438,940.2255704343477,931.1899102612679,935.135630220002,3199580
2016-01-08,946.0260620117188,949.8731398099015,936.1222642244799,941.0544152477911,1907544
2016-01-11,932.1175537109375,940.6600021950798,926.7908297052187,940.0681439722222,2930228
2016-01-12,918.188720703125,933.1627076763737,908.1468833476162,932.2551728805001,3482594
2016-01-13,899.308837890625,918.1694061969002,889.7997067381224,914.223684640403,4746092
2016-01-14,899.1509399414062,907.0817815220674,887.7872439525968,896.8624024463345,2742052
2016-01-15,892.1668701171875,904.2407166334818,889.7599421625043,903.1162441282783,3269408
2016-01-18,898.6968383789062,904.3194891356013,891.7326814126832,892.5218253785351,2213922
2016-01-19,899.34814453125,907.5157671695615,895.0078517317434,898.4406094978659,967910
2016-01-20,899.663818359375,901.5971829764361,885.025155980808,897.1779950438164,1615954
2016-01-21,891.7137451171875,905.7153328287546,888.2528911496669,903.7772932325454,2675536
2016-01-22,908.0291748046875,910.5210089062366,893.8891146939317,899.0309547342065,1343178
2016-01-25,911.54931640625,925.1356784845855,906.3481860826968,910.4616194777196,1397560
2016-01-27,917.5221557617188,921.5565048027288,902.5514463329639,910.501563773457,1626986
2016-01-28,922.0507202148438,929.0515151134499,912.89432669389,915.8409777695043,3106660
2016-01-29,945.8216552734375,949.2627132963373,923.5733104305546,932.9274647922302,2235744
2016-02-01,950.33056640625,954.3847090389634,933.046094689822,945.7425214627452,1495274
2016-02-02,948.51123046875,962.3150534816684,941.23349189572,952.8224265669295,1475588
2016-02-03,955.7098388671875,961.0889364748455,933.5603748540079,944.3186666333238,1308692
2016-02-04,957.1934204101562,965.0841506074386,950.0541515406014,957.9250861105149,1250046
2016-02-05,957.9444580078125,965.0639281008247,952.4664792357518,952.4664792357518,1402996
2016-02-08,934.6087036132812,954.0290805006695,928.300079437789,949.2629700258601,1063658
2016-02-09,902.3532104492188,922.9997502241702,892.148714269127,922.9997502241702,2489610
2016-02-10,897.3699340820312,905.7154796351693,893.1378227142861,899.8221774065547,1890732
2016-02-11,869.3465576171875,905.3592277316297,858.9442020486705,901.7994928912694,1962408
2016-02-12,880.6787719726562,887.323535608992,855.9187905160373,870.1577352750842,2172568
2016-02-15,897.50830078125,912.4197168137891,885.9787498716975,889.9340121479104,2479712
2016-02-16,896.084228515625,902.5906139351807,887.1650951168319,896.2621959584222,1588702
2016-02-17,900.0394897460938,901.6610889142321,888.509845306354,895.8666698298929,1585178
2016-02-18,915.9795532226562,917.5220670537783,901.0088452413005,903.7775291380034,1529140
2016-02-19,917.4822387695312,920.3893947356179,911.8657864857507,912.6173441448237,879012
2016-02-22,915.9991455078125,926.717944826894,911.6879482825398,917.7197232115241,1324884
2016-02-23,895.47119140625,917.5810642645764,892.6036268577981,913.7642755946507,1306852
2016-02-24,874.4884643554688,894.858059737054,870.6320846473046,894.858059737054,1659328
2016-02-25,875.2400512695312,881.2322336221074,864.481663087219,877.988938610086,1830556
2016-02-26,874.3106689453125,892.6630460804228,869.9994719719568,881.9047527059093,1537536
2016-02-29,860.9813232421875,884.7919776231349,836.5377884098929,884.7919776231349,2191718
2016-03-01,900.4747924804688,903.8170665220812,855.1277468435388,867.3890605124332,1999760
2016-03-02,917.1656494140625,921.5757263890015,892.405679255444,911.687574818304,1527486
2016-03-03,938.6428833007812,945.7030639976331,910.1057090165427,923.9491248425222,2648284
2016-03-04,932.4727783203125,941.352321875623,929.3085688350163,941.352321875623,1512966
2016-03-08,931.1873168945312,936.2104801325036,911.3714163954003,926.3619167491091,1268152
2016-03-09,932.3538208007812,937.159423885966,907.7916134312165,925.9265222164084,2017784
2016-03-10,928.8138427734375,933.3821879649412,915.6230103768581,931.8791696617482,1661666
2016-03-11,935.5182495117188,945.6437578286848,923.5535831771962,925.5312139762908,1530528
2016-03-14,931.4639892578125,948.471611991607,925.5310976064889,934.2326720284302,1636742
2016-03-15,921.5363159179688,934.8260328613777,917.6602369931404,929.1106994452388,1623356
2016-03-16,920.4088745117188,922.3667090625003,912.4389670074648,915.642766500724,1918246
2016-03-17,930.2973022460938,934.1536822161622,922.3669836102295,923.1580359117819,2221088
2016-03-18,959.4872436523438,961.1286387101333,933.441805496261,933.441805496261,3204070
2016-03-21,967.5559692382812,970.9970278743278,957.1734064615802,959.5465636676832,2336982
2016-03-22,978.17578125,982.8825039107317,963.6994852227355,965.8748790945701,1951984
2016-03-23,978.4526977539062,984.0295590353319,971.9265156881459,984.0295590353319,2278434
2016-03-28,978.2943725585938,995.5986421831221,973.6074454672671,985.2556716502916,3320882
2016-03-29,976.7124633789062,983.6539682388801,971.0169241196592,980.1140276857496,1838796
2016-03-30,984.661865234375,990.7925175385054,972.9938495587718,977.3050438438369,2136504
2016-03-31,996.844482421875,1008.5915886712475,977.7998421326871,980.2323856672897,4363964
2016-04-01,970.5816650390625,997.0622203294527,962.7503238410425,990.7930916826234,3041400
2016-04-04,977.4441528320312,984.0692168927035,967.852642177028,971.412378090225,1752352
2016-04-05,974.0817260742188,982.8425889743813,965.8943566022252,977.2657299144306,1491794
2016-04-06,981.6561889648438,984.4644629004407,972.7371526610311,976.9494670004374,1763150
2016-04-07,977.2662963867188,982.7640727405991,971.8080147201736,980.905118643073,2390942
2016-04-08,961.9390258789062,978.4126451236267,959.9416002697136,975.3671142419092,1399500
2016-04-11,991.4454345703125,995.5391682261578,954.4044548787123,962.314976676298,2400648
2016-04-12,995.994384765625,998.7037781954486,984.1088982406977,988.0245694781112,1303628
2016-04-13,999.1780395507812,1006.6139497299541,993.7593511577642,1000.6810580812511,1601468
2016-04-18,996.6271362304688,1009.9761453971631,965.0839219773167,970.2257625452286,7121504
2016-04-20,969.1776733398438,1002.6193366624639,965.0839384997003,1002.6193366624639,6405024
2016-04-21,958.913330078125,975.9209504601824,954.0879315150812,969.4343617772681,2525724
2016-04-22,956.0064697265625,963.2643164095377,950.9239202353142,956.7777263817018,1964126
2016-04-25,969.5333251953125,971.8273958232073,950.1723424608643,950.1723424608643,2267654
2016-04-26,984.78125,986.2446777727214,965.8750764471569,968.6437601224764,2554368
2016-04-27,993.205810546875,994.5901521508432,979.2832120214754,980.9049079545837,1848670
2016-04-28,999.791259765625,1004.6364552683957,988.0639476437041,989.3296120540758,4992744
2016-04-29,1002.8564453125,1005.4273650105995,992.770529573802,995.5392123256014,2372178
2016-05-02,999.3757934570312,1000.6810489205953,988.8152657318136,1000.2855228143027,1116692
2016-05-03,980.1538696289062,1000.681648213678,977.7411203099653,998.7040164978407,2153118
2016-05-04,980.1136474609375,986.4618604951828,971.8075996010991,978.4919518722317,1364892
2016-05-05,977.068603515625,984.8406564090919,974.3988010854064,980.114136604697,1246566
2016-05-06,978.2943725585938,982.6056656720219,961.5241018795098,974.9719914162862,885598
2016-05-09,993.7791137695312,995.9347116841675,971.5702654971167,978.2942091423236,1821276
2016-05-10,997.87255859375,1002.2431404335065,987.232947266823,994.7479416570752,1158534
2016-05-11,996.0537109375,998.9410716905057,984.8602994661054,988.8155617129572,1598716
2016-05-12,1014.999267578125,1016.4626951367659,996.9435360195766,996.9435360195766,1513082
2016-05-13,998.070556640625,1014.9200077090932,992.8298356343329,1014.5244815954107,1621730
2016-05-16,1009.0465698242188,1014.4455600893548,997.7147834563534,1003.8454392119821,1111526
2016-05-17,1016.5816040039062,1024.9074513343053,1009.3830451732357,1014.2084463741886,1756698
2016-05-18,1009.0267333984375,1014.8607437264918,999.1187846810445,1014.8607437264918,1500740
2016-05-19,1011.3409423828125,1012.5473168973922,999.1390141000298,1010.5696854190769,1038792
2016-05-20,1000.404296875,1014.8410011532668,997.8333769350347,1005.5461367549307,1230918
2016-05-23,985.43359375,1006.9699730128364,980.9839246228024,1006.2185119636209,1533016
2016-05-24,976.0401000976562,984.1681837837178,972.8363954363937,982.4871972345042,1339158
2016-05-25,999.2772216796875,1001.8481421675068,981.300573889201,981.300573889201,1548678
2016-05-26,1008.0772705078125,1014.4847734985804,990.8323918761153,1000.6809523467416,1943248
2016-05-27,1017.55029296875,1020.3981584490052,1008.8290187684677,1009.837533181725,1104676
2016-05-30,1042.76513671875,1044.9603262345402,1021.248552093429,1021.6440782561298,1349464
2016-05-31,1016.2648315429688,1046.9576988153658,1013.3379767151368,1044.1890158188764,3722608
2016-06-01,1041.6378173828125,1046.1665720776848,1016.8976396263622,1016.9767255364051,1911942
2016-06-02,1048.203369140625,1049.8448602591093,1028.3677754814503,1028.3677754814503,1408756
2016-06-03,1040.055908203125,1051.308608952284,1036.4763768846726,1048.69809748278,1554922
2016-06-06,1044.0322265625,1054.6224099132776,1040.3156521375556,1047.2292630457537,1322026
2016-06-07,1051.4853515625,1054.6224828549928,1044.2321135657812,1044.6317431538278,1202194
2016-06-08,1044.27197265625,1050.4462294335422,1041.2347491763724,1045.9303961933833,938266
2016-06-09,1029.9451904296875,1047.9884244067232,1021.133339914888,1047.9884244067232,1562138
2016-06-10,1021.3533325195312,1040.3357381909302,1020.3342575440082,1025.4495358486226,1396832
2016-06-13,1017.8568725585938,1020.394560246396,1006.2676109550605,1015.0594645853272,1029978
2016-06-14,1013.0007934570312,1022.6318050723135,1006.3669052784784,1022.6318050723135,977570
2016-06-15,1021.7925415039062,1025.009480345096,1007.8654169186673,1011.0624523410897,1270844
2016-06-16,1022.37255859375,1024.93014934114,1005.6480186251807,1017.2772805289111,1145070
2016-06-17,1040.0758056640625,1043.0330250228653,1022.6519199362116,1022.6519199362116,1878988
2016-06-20,1062.73486328125,1066.2116207924118,1035.7598691270193,1040.0758877048575,1872838
2016-06-21,1059.498046875,1065.0129552370477,1055.5816570198747,1064.4135107969516,1027690
2016-06-22,1066.0716552734375,1070.0879514824583,1051.7249944608131,1059.0182332368784,1761712
2016-06-23,1057.159912109375,1062.8146303757128,1049.1473213087438,1061.0162976678012,1397014
2016-06-24,1028.6265869140625,1036.3194566954196,1004.7287173788126,1025.109826929421,3766586
2016-06-27,997.4157104492188,1017.8567282144716,992.1405209664651,1017.8567282144716,4272566
2016-06-28,984.6671142578125,1000.2326642003558,982.4491509582818,997.4153542000369,4499524
2016-06-29,1000.2328491210938,1004.0693321628486,985.2068352668233,989.0832227275822,2531264
2016-06-30,1020.2939453125,1024.2102357067074,999.2134927032813,1007.8654309089994,5121812
2016-07-01,999.41357421875,1024.8899573958768,996.8159822085332,1023.8508815654677,2197296
2016-07-04,996.7557983398438,1009.4041295258755,991.8803383494304,1005.4677402446281,1883484
2016-07-05,993.1995849609375,997.8952333309577,989.9425447860624,996.7562498063646,1559748
2016-07-07,971.0198974609375,995.8169304841244,969.1016561129957,994.1584093166525,3316800
2016-07-08,969.7409057617188,975.9151615271658,960.509426027587,973.0977542655187,2456356
2016-07-11,984.7473754882812,987.804600888986,969.9011728291582,971.1000617943364,1543632
2016-07-12,985.0665283203125,989.0828235411806,973.4373706314765,987.7640269299702,1465536
2016-07-13,996.3164672851562,998.7741499843121,979.5919316391098,990.2820220710715,2102300
2016-07-14,1007.8257446289062,1010.6631535207889,987.4846391260852,993.4790825040258,2699988
2016-07-15,977.234130859375,1010.1835667908887,969.7210760234743,1005.8675482625367,8336366
2016-07-18,972.4784545898438,986.6853038115916,971.3395689754723,977.8934542029018,2598850
2016-07-19,985.5662231445312,988.2038167899145,970.100581482257,970.100581482257,2362896
2016-07-20,997.0558471679688,1000.0730701495158,978.3531624468137,979.0925162302952,2815252
2016-07-21,1001.49169921875,1006.8666973995842,984.8670701500266,994.8778103497776,2527148
2016-07-22,1005.108154296875,1008.6648176783781,995.8766741895872,998.634078603041,1517216
2016-07-25,1025.281494140625,1026.9843200783116,1003.9861924238122,1006.4702954044851,1688796
2016-07-26,1022.7373657226562,1028.9075666757528,1014.8842937654525,1025.2815294023717,2311290
2016-07-27,1032.734375,1033.8762118735997,1019.6927060911785,1023.6993571956625,1750510
2016-07-28,1049.441650390625,1053.5685188610998,1032.533609384911,1033.9158838724854,4632080
2016-07-29,1049.4620361328125,1055.7123525260054,1041.3285156580234,1047.3384917006822,2488084
2016-08-01,1085.101318359375,1091.8124591634069,1054.550602758931,1054.550602758931,3961704
2016-08-02,1081.474853515625,1088.0858254353823,1077.7086419736254,1082.9572943217909,2578162
2016-08-03,1064.2864990234375,1081.3948756020682,1061.381677664373,1076.1862304065044,2294702
2016-08-04,1062.5635986328125,1074.9641610365445,1056.2531247721538,1069.7755687592794,1415416
2016-08-05,1061.4014892578125,1075.5048750183903,1054.550079930224,1071.3379011177885,1868484
2016-08-08,1061.5616455078125,1068.9739461086408,1053.3680679208828,1057.755328983063,2058244
2016-08-09,1061.8424072265625,1065.6888305126301,1033.2550169887834,1064.9676139191665,2261914
2016-08-10,1071.9388427734375,1074.5832702616924,1060.9606635544226,1062.1626582638876,2062078
2016-08-11,1085.7620849609375,1087.8055156647672,1067.9926502378357,1067.9926502378357,2233138
2016-08-12,1097.2010498046875,1099.7453116824036,1082.616882930555,1083.7988251169618,2327358
2016-08-16,1078.4697265625,1097.8218614206016,1071.3179165578983,1097.0205315947471,3183754
2016-08-17,1051.5654296875,1081.394921767189,1048.941054163209,1081.394921767189,1848566
2016-08-18,1057.1749267578125,1064.787563712461,1053.789326202234,1055.752546078876,1292064
2016-08-19,1043.1312255859375,1060.33976609094,1041.7288982229452,1057.7554966571442,2416244
2016-08-22,1021.1748657226562,1039.5052894688217,1016.206658851137,1036.921019783083,2265274
2016-08-23,1042.1502685546875,1043.7128237530032,1017.769751292972,1019.6729110487272,1503374
2016-08-24,1030.5301513671875,1042.530045276194,1029.3281566954624,1037.641953174894,1116878
2016-08-25,1022.1163330078125,1037.6019940879826,1012.0796565178191,1033.7155636642808,1939690
2016-08-26,1011.6593017578125,1030.730999213113,1008.5541473031731,1025.6225193038674,1250314
2016-08-29,1001.8831787109375,1015.6660196197422,988.3406781813533,1015.6660196197422,1488728
2016-08-30,1019.351318359375,1021.6151331850916,1002.1628374560664,1005.6686544786514,1444026
2016-08-31,1006.1900634765625,1021.6957798661033,1002.0031336678913,1021.6957798661033,3231668
2016-09-01,1004.6675415039062,1015.6657767813739,996.4739613771974,1011.6390737512057,1345736
2016-09-02,1007.5925903320312,1009.4355910593122,1000.0801198763664,1006.4707085135935,1742330
2016-09-06,995.27197265625,1009.735921334759,993.6492597449608,1009.6357550787363,2239066
2016-09-07,977.84326171875,1001.5425640403437,970.8115694173946,1001.5425640403437,3854040
2016-09-08,930.3842163085938,945.5693803658419,915.4193397418886,945.5693803658419,7021516
2016-09-09,942.5443115234375,948.2337346689943,929.5628053142177,933.4291832392092,2742438
2016-09-12,945.1887817382812,947.1520010982207,931.1454540148276,936.3540989813476,2024454
2016-09-14,932.9283447265625,952.621087007606,925.5360954757678,946.3706742483824,2069858
2016-09-15,932.327392578125,938.397525956731,928.240629183962,937.536037524447,2818964
2016-09-16,946.2507934570312,951.9803242314098,929.543077532353,936.2341654663809,4358004
2016-09-19,966.1834716796875,972.4138312002096,941.5626301279327,947.5726043627918,2802546
2016-09-20,964.2005615234375,968.367439428957,955.746488800248,966.003554470396,1184552
2016-09-21,966.9652099609375,971.2122995733254,961.8767822455474,964.6814382261633,1678020
2016-09-22,952.7815551757812,972.8148090693006,950.0170052659246,971.712980105157,2857574
2016-09-23,960.834716796875,963.1385404058151,950.0367174531385,954.3839715644036,1800726
2016-09-26,962.0365600585938,969.2485284800509,959.5924649661115,962.0365600585938,1753476
2016-09-27,976.0599365234375,980.827810363043,962.0366630909593,962.0366630909593,2038792
2016-09-28,970.8313598632812,976.6209496214185,967.6861004468021,974.0166270890948,1731328
2016-09-29,976.7410278320312,984.2334427808316,969.4489453568277,975.6191464161714,3603958
2016-09-30,973.936767578125,981.5494046573884,970.8516657992022,976.4409245120933,2175364
2016-10-03,966.2836303710938,984.6941650697237,962.0366406361132,981.6291173613173,1818880
2016-10-04,963.6593017578125,971.6325932550799,960.7945863845625,969.6092156174485,1780718
2016-10-05,956.1270751953125,967.7663165698845,952.0202584585825,964.8014343459351,1176354
2016-10-06,957.08837890625,962.5574162297071,950.6777398429323,959.5925347903584,2267572
2016-10-07,948.6947021484375,956.7881164001601,944.8482786334539,956.7881164001601,1816512
2016-10-10,953.7026977539062,956.3470274491189,943.5859088515401,949.535724029704,1202142
2016-10-13,933.1087646484375,949.5360311497091,929.9034443555065,946.8917005992084,5173334
2016-10-14,948.0535888671875,956.3874411818875,917.9235977158376,927.5395585823501,7741214
2016-10-17,946.5509643554688,951.8998809767478,939.3189418880934,949.135233917986,2728346
2016-10-18,961.6761474609375,967.8864551806618,943.4859949448008,951.9800736816055,2128632
2016-10-19,959.6331176757812,965.6029891451154,949.6966026220957,961.9970028785984,1985058
2016-10-20,962.0567626953125,965.3422940768029,955.9867268388457,960.3539363796942,1265854
2016-10-21,973.0751953125,974.3773568063051,960.895016159433,961.5961800407127,1259660
2016-10-24,975.3048706054688,978.1973810422144,965.2011416667789,975.5057407480361,1253190
2016-10-25,963.553955078125,970.0421194496631,956.5436068074158,966.1853735287002,1772466
2016-10-26,962.6700439453125,965.2813554886175,953.1287133063136,963.6141727357217,1437130
2016-10-27,971.4482421875,976.0280422973792,950.3166635334228,956.0213560804503,2941602
2016-10-28,963.6541137695312,970.2427113214552,959.3555136220334,968.1937972483671,1752102
2016-11-01,944.0896606445312,964.0561330002356,937.7220379562453,964.0561330002356,2934776
2016-11-02,925.6294555664062,941.6789556942074,921.9936874224428,940.4737351877728,2325076
2016-11-03,931.8161010742188,938.063179552121,917.7753035061329,921.591834643497,1463310
2016-11-04,936.2758178710938,938.5255045632704,921.5921911980736,932.0374383520186,1183752
2016-11-07,914.7824096679688,942.0404194453932,907.9528272561289,939.2282384522828,2048052
2016-11-08,917.2533569335938,926.8147948933205,907.9330023662351,916.148571200626,1933634
2016-11-09,871.7161865234375,913.9591377685085,860.8691989543167,875.7938111364169,4500226
2016-11-10,865.9310913085938,890.8590960011996,860.0456352732119,885.757013917666,2172426
2016-11-11,844.1162109375,862.5561412293123,838.110215780835,862.5561412293123,2398424
2016-11-15,852.2114868164062,866.7745687407012,824.3306587113022,850.4437711272793,6290324
2016-11-16,879.6505737304688,887.4040828230275,858.9207356397351,861.7731309166388,4019958
2016-11-17,858.5991821289062,887.2834928045424,855.7668939499374,877.8023843407752,2504688
2016-11-18,853.7381591796875,863.7414511724518,845.341729945208,860.5275294936705,2140534
2016-11-21,856.8716430664062,859.7240377512002,845.663130591718,854.1800033120977,1793366
2016-11-22,857.71533203125,874.7691840050651,852.5128160269534,856.5101114241803,1318860
2016-11-23,866.2926635742188,868.9440904865112,854.5818759479538,863.3398333806967,1275808
2016-11-24,879.1884765625,886.8818616017743,858.5189592332168,865.7100708525583,3026234
2016-11-25,924.1429443359375,926.9149119916784,880.6946905661026,888.649164730997,4276148
2016-11-28,917.0126953125,931.8167705111873,904.6791863114961,921.59249673513,1924296
2016-11-29,907.87255859375,920.788465772563,904.9398357488486,913.9588829112481,1442296
2016-11-30,914.381103515625,921.8936281180744,900.8223672920777,909.9418532247254,3445832
2016-12-01,909.31884765625,919.9850697183319,905.5425289605904,914.7624470518086,1123052
2016-12-02,892.6065063476562,912.271669603947,885.9174731409282,907.1293754061502,1998032
2016-12-05,878.2039184570312,899.0341832942217,871.7760764189194,895.4787439344568,2249526
2016-12-06,876.7376708984375,885.4151994413484,871.7359274787017,879.8109438671802,1593444
2016-12-07,865.5697021484375,877.5816995397367,861.9941541374976,876.6777837402902,2065706
2016-12-08,882.12109375,883.4267494734146,867.75888079244,867.9597509037345,3239546
2016-12-09,881.9202880859375,891.8231460639765,873.1021091719311,885.8372555424176,1588718
2016-12-12,887.1226196289062,890.8990360579024,868.9639836460493,881.739340608521,1311758
2016-12-13,883.948974609375,891.0597564763062,876.998849588718,891.0597564763062,2147534
2016-12-14,886.881591796875,893.7512894932702,879.4091857961388,889.4526895169718,1870366
2016-12-15,907.6515502929688,912.7938438846054,884.631819833667,884.631819833667,4295410
2016-12-16,917.0322265625,919.9850562593545,904.7189286882385,914.7624336692359,1987230
2016-12-19,919.5430908203125,923.0784241437566,908.4551203144996,915.9676423261294,1334210
2016-12-20,939.7909545898438,942.0808543210113,918.8000272387678,920.7886217926473,2922760
2016-12-21,929.4661865234375,941.5987212157347,926.2522648523068,941.5987212157347,2034902
2016-12-22,927.0958862304688,934.0460116538351,918.4584714990461,926.4129474725779,1868300
2016-12-23,919.2218627929688,931.1334214227547,915.4856590243437,924.0025323146741,1118954
2016-12-26,921.2303466796875,924.6451378415652,910.3431497429129,910.3431497429129,897408
2016-12-27,933.4035034179688,936.055028998662,916.5706217426813,916.5706217426813,1294692
2016-12-28,929.38623046875,944.0497555159076,925.2683912431784,934.729397567918,1350418
2016-12-29,944.7725219726562,948.0667723913139,925.2077915036735,925.2077915036735,1963516
2016-12-30,950.3365478515625,955.5792770674414,942.341859038671,946.0579558813405,1405748
2017-01-02,948.6492919921875,954.1732199255505,945.0536386179496,950.7584281121989,823132
2017-01-03,951.4214477539062,952.8074321468654,941.3980470718268,948.6092657062857,1475324
2017-01-04,955.9409790039062,959.6972897865488,947.4241048378726,952.0039047147515,1420066
2017-01-05,937.8222045898438,960.1388904347845,932.1978422639734,957.7485560625086,2216404
2017-01-06,916.5299072265625,935.7934252165967,906.767700384624,932.4388558478713,3009896
2017-01-09,925.48876953125,928.5420339221365,906.7275240290993,913.9588467727962,1854578
2017-01-10,930.1692504882812,935.9743770066168,920.587707082192,925.6094597937466,1533914
2017-01-11,933.8049926757812,935.8941204290587,916.0480933407293,930.0286735792232,1931296
2017-01-12,941.8200073242188,948.1072044262,925.6097453381208,933.8052090591802,2570374
2017-01-13,903.6344604492188,947.2835040409824,899.0345537116727,943.286207742795,10235580
2017-01-16,907.3502807617188,913.5169335238659,895.0770989494024,903.9153826912726,3364808
2017-01-17,915.4652709960938,919.1010385892774,905.0401348109501,905.8837301890011,3009956
2017-01-18,922.0339965820312,923.1990039603307,910.1223404890578,915.1641997483174,3136574
2017-01-19,920.386962890625,922.0541457865031,917.1529340857192,921.9939239781687,2251676
2017-01-20,918.1170654296875,924.002520512683,909.9416125918378,918.7798975706547,2037246
2017-01-23,929.3372192382812,932.0768640132351,910.4419030943048,912.5368908536751,2318546
2017-01-24,934.0309448242188,935.9043256754818,922.6090855776381,928.2494904676324,2282638
2017-01-25,947.9912109375,950.8114142849554,933.9103581820252,935.7435100300486,4111648
2017-01-27,949.9246826171875,958.3651251083478,944.787885835209,944.787885835209,2871658
2017-01-30,939.8930053710938,947.5680057547554,933.9504350039316,943.1564223407989,2577956
2017-01-31,898.3555297851562,939.5506373773404,886.3696671849852,934.6958397444242,4666804
2017-02-01,873.4165649414062,902.4445224053497,868.4409816022101,894.4069659644597,4864152
2017-02-02,889.4312744140625,894.0040700427558,867.4135929707314,874.2828192198398,6009482
2017-02-03,899.4632568359375,903.6733963218428,882.7233220424242,890.2572713899682,2153372
2017-02-06,902.766845703125,909.9180725295137,892.3723667565433,909.7166295203197,2408910
2017-02-07,904.318115234375,907.5412038056662,896.8243949617801,904.0763442471853,1814638
2017-02-08,914.9340209960938,919.6277023177108,904.0964260050332,904.4388201180814,2212584
2017-02-09,933.608154296875,937.9190167031882,914.6321760836558,916.5660493985193,4033202
2017-02-10,966.1007080078125,976.7771897040612,931.0697811332373,931.0697811332373,5782160
2017-02-13,972.6677856445312,978.6103557338994,959.8157581515326,965.315114178025,3819812
2017-02-14,969.445068359375,974.8437049281629,966.1212566964286,974.8437049281629,2033328
2017-02-15,972.4458618164062,978.2071509525854,956.8945221398384,965.7176856809502,1924972
2017-02-16,986.1642456054688,998.3515475887455,981.2692198556969,991.0995993011759,4175680
2017-02-17,970.1094970703125,997.3849674344436,967.7325081888858,995.9345379862306,2723324
2017-02-20,1008.1014404296875,1029.3738432420455,970.1899226755221,976.9986574802193,3973948
2017-02-21,993.2554931640625,1017.6501729188956,989.1459753981604,1012.8558666731894,5501112
2017-02-22,971.5598754882812,995.1287134381317,966.9870786955439,993.4768410067006,4505496
2017-02-23,999.8826293945312,1004.4956550448367,972.9698212907974,972.9698212907974,4853352
2017-02-27,1003.1263427734375,1008.021371239052,995.1491755590783,998.7953156987693,2139892
2017-02-28,993.6177978515625,1003.186342280949,987.070899031456,1002.9848992403304,2354828
2017-03-01,998.975830078125,1007.980271621238,995.1282497641597,999.1167811375087,1130374
2017-03-02,1007.7996215820312,1011.2443181147185,995.1490347953882,1001.8570503899228,1544942
2017-03-03,1004.8181762695312,1007.0944435689045,997.3042908980669,1003.9922400275108,1013970
2017-03-06,996.1361694335938,1000.7693609193313,988.90438152586,999.157816054727,1400694
2017-03-07,1007.1343994140625,1009.2293868523274,997.1629713403719,1000.3255672886572,1511672
2017-03-08,1012.13037109375,1015.2729021296561,1004.0726496482765,1008.0209528287301,1791510
2017-03-09,1015.172119140625,1016.8843848441065,1008.8468278611105,1012.9159179281675,858468
2017-03-10,1024.2373046875,1027.1783932255296,1012.8356070833133,1015.1119728247809,1171420
2017-03-14,1034.4097900390625,1042.3264604802257,1027.7823351070851,1030.0989295735797,3402294
2017-03-15,1006.53076171875,1036.283852964442,1004.7379375362666,1036.223459369882,3022496
2017-03-16,1015.63525390625,1018.092897792149,1009.6322919933223,1009.6322919933223,1571818
2017-03-17,1017.5894775390625,1025.7479203462153,1011.1433005062505,1025.7479203462153,2593152
2017-03-20,999.1576538085938,1017.6702527624285,993.517247698384,1017.6702527624285,3487540
2017-03-21,1001.8567504882812,1003.9920662885941,993.1141426169279,999.9632056694585,3373700
2017-03-22,998.734619140625,1005.6038477890843,995.108643727924,999.2180628568095,1888716
2017-03-23,991.2407836914062,1001.1920499685398,985.9427728435819,999.9632277803611,2620638
2017-03-24,977.885009765625,995.0479949957811,976.3137935007014,995.0479949957811,5099814
2017-03-27,971.7814331054688,983.0420798811145,969.3439525385088,977.784396625971,2181270
2017-03-28,978.9928588867188,984.4116561517778,970.9553025070142,970.9553025070142,1153158
2017-03-29,984.8955688476562,987.3934434252225,977.2407316307035,981.4307084472093,1717764
2017-03-30,983.4450073242188,993.1142740902086,981.0276906327213,985.0162238293449,2986086
2017-03-31,979.7382202148438,983.3843582828142,972.969715564833,982.397208868205,1867044
2017-04-03,971.6403198242188,981.0275849706474,970.2302185727209,981.0275849706474,1196888
2017-04-05,967.43017578125,974.9439616439121,964.9121378432458,974.9439616439121,2905568
2017-04-06,966.9468383789062,970.9555355443536,963.925192521403,966.9266744010159,1720704
2017-04-07,978.6303100585938,980.3224116764859,963.7637568508353,964.8716934098039,2277012
2017-04-10,975.8907470703125,986.6679490453897,968.9409626190945,979.8188861079575,2543264
2017-04-11,974.70263671875,984.2913482793706,969.3442304030302,973.8968642911498,1557784
2017-04-12,964.20703125,978.2073213726104,960.0774492713882,975.9914481157945,1050538
2017-04-13,938.1805419921875,970.552474798572,935.1186670906945,966.9265004219895,2500472
2017-04-17,932.62109375,939.8931104592781,924.684157480116,938.8858950301945,2270882
2017-04-18,930.18310546875,940.4163693032274,927.4636252932793,938.7242679773223,1730620
2017-04-19,926.2955932617188,946.2586203912708,907.6218804185139,911.9327422759856,5626812
2017-04-20,936.9116821289062,939.5304419370498,922.9919468611382,928.7734020896187,1268842
2017-04-21,930.9892578125,941.000918792425,927.0409541980661,938.36209341767,1161154
2017-04-24,937.9591674804688,942.6124232404575,919.5875220010741,926.6380287414986,2000020
2017-04-25,931.2711181640625,944.5461940331014,927.7257012001576,937.9187380860643,3148710
2017-04-26,930.8079223632812,944.3448360432974,927.86683421835,942.7534556514429,2187438
2017-04-27,927.705810546875,937.8384568540324,917.6336561824337,929.0756825569686,5773186
2017-04-28,915.8206176757812,926.1345425181041,913.7457933359697,924.2208332948476,2540510
2017-05-02,922.56884765625,927.4438088455267,918.5803145820162,924.220720022432,2382696
2017-05-03,941.6654663085938,944.7676688325924,913.9468898706764,924.6233688574839,3514406
2017-05-04,938.7647705078125,946.7821630977913,930.1832784637355,946.7619991242796,2708208
2017-05-05,934.8970336914062,939.7316660569726,927.6450851430566,929.8609583106079,1682474
2017-05-08,943.7405395507812,945.7348061037799,933.7691084249224,935.09865224721,1071782
2017-05-09,947.8096923828125,951.2140601771786,939.7519705685204,944.3448326583222,1790270
2017-05-10,939.711669921875,949.260050877102,933.0842132092072,948.7967712036627,1206388
2017-05-11,946.5609130859375,950.8113819443485,935.8038717844219,945.6947471458925,2071302
2017-05-12,951.0733642578125,954.8000619823036,934.716241910639,944.0833470019277,2314446
2017-05-15,952.865966796875,958.0429942324148,943.3981433242377,956.894827849061,1817604
2017-05-16,978.6705322265625,981.0274547784788,956.2298006744351,958.8687237670554,3601026
2017-05-17,989.2262573242188,991.4018025511593,976.192854853788,980.4231581868318,2876198
2017-05-18,1021.7997436523438,1036.2230862198007,983.9486128772583,987.070980263807,5138594
2017-05-19,1010.0960693359375,1023.5525270641224,1001.5750657835413,1021.7999327977412,1786044
2017-05-22,1019.8458251953125,1028.8704349919612,1011.2441671384523,1011.2441671384523,1663940
2017-05-23,1015.9579467773438,1033.0604435328894,1012.8557432105679,1020.591137329023,2748596
2017-05-24,1031.046142578125,1035.4174970364265,1019.1610001024151,1021.2359229748752,2534548
2017-05-25,1057.4150390625,1062.632395084278,1034.611643403264,1038.2376187890231,4094094
2017-05-26,1038.7410888671875,1058.3213927006036,1033.261798554707,1057.5760140701511,1362550
2017-05-29,1036.5653076171875,1046.093522385859,1032.9997270931415,1039.0430172282418,1749290
2017-05-30,1027.802490234375,1037.8141480869162,1017.2871265326137,1031.3881362073232,927634
2017-05-31,1025.989990234375,1036.4247030018769,1018.4962679062177,1020.5106988158423,2502730
2017-06-01,1028.809814453125,1032.9997898570357,1019.301664718526,1019.301664718526,1080064
2017-06-02,1033.36279296875,1044.2206549358896,1028.3670433464088,1029.8778666226276,1355648
2017-06-05,1049.0950927734375,1055.5211054918693,1031.4486644048188,1033.4027010591537,1500188
2017-06-06,1086.1806640625,1091.3980181290594,1059.5901878651243,1059.9930738681148,5946720
2017-06-07,1053.647705078125,1087.792296610625,1038.0560351655424,1086.5836385032799,4927776
2017-06-08,1015.9175415039062,1049.498036026812,1013.459897161478,1046.6979975454262,3330714
2017-06-09,1010.035888671875,1026.3124547931461,1001.5752769199368,1015.2734102325987,3148034
2017-06-12,1002.05810546875,1012.412256677942,995.2896005511773,1006.006408200738,1626506
2017-06-13,998.73828125,1010.7766913944564,996.8846344323969,1004.2176640277312,1175414
2017-06-14,1006.3359985351562,1008.698883339779,1000.14368279449,1000.14368279449,1489142
2017-06-15,982.2996826171875,1006.1320202900449,979.7738821063609,1005.8468669108546,2997198
2017-06-16,977.6148071289062,991.9957093787461,972.2372732781838,983.827511263619,2450426
2017-06-19,990.6514892578125,996.6198199417017,979.8352512598743,984.6220897812839,1644742
2017-06-20,996.0696411132812,997.6992028983336,969.7114991321703,990.3661748655978,1670958
2017-06-21,980.3038330078125,994.9087235455702,976.5965394732793,994.0328737074766,1657818
2017-06-22,975.6393432617188,990.3664725363853,971.6265063756804,981.4038800247439,5775882
2017-06-23,962.1342163085938,983.4203719767511,958.9973290496131,977.4928197406791,1424756
2017-06-27,954.4546508789062,971.5038796650537,949.8715088191008,957.6119265201056,1974330
2017-06-28,957.3878784179688,960.6266123716406,951.256632692019,957.3267101785095,1789726
2017-06-29,950.5441284179688,966.3509037724763,946.4091535644951,961.0344364890125,2471826
2017-06-30,962.3988647460938,968.3670950258708,946.4087896599493,946.9383176739734,1753848
2017-07-03,966.98193359375,970.8317531423628,954.5565258750145,960.3821292697841,1475956
2017-07-04,964.2319946289062,969.772444315609,957.3878161118776,966.859642780293,1215134
2017-07-05,959.8120727539062,963.478587463068,955.3307769982641,961.7675671575746,815856
2017-07-06,956.3694458007812,962.2154389291967,953.3344069196951,961.0340464392888,1026788
2017-07-07,950.0143432617188,959.9954114223865,947.3866941890876,957.3677623497554,1232090
2017-07-10,991.9752197265625,996.0287342537251,969.1613576683495,980.1812877153633,783608
2017-07-11,1008.617431640625,1024.5056613272684,988.3293646101812,988.3293646101812,3537504
2017-07-12,993.8087158203125,1011.6728286787946,989.9996743964425,1011.3468963930799,2646450
2017-07-13,996.639892578125,1007.0691272072103,988.5736417587423,996.0695857692675,3131960
2017-07-14,976.6985473632812,987.9221779784123,967.5526485355584,970.8117732464151,4508432
2017-07-17,975.8834228515625,986.7404379012588,970.4854994482964,976.8000513540039,2211822
2017-07-18,981.138916015625,995.2549565608425,976.168672521652,976.168672521652,1908002
2017-07-19,997.9439086914062,1002.1807305321879,983.8889350315036,984.0518514636178,3915576
2017-07-20,995.9475708007812,1000.9177151850411,990.1626453876075,997.8012175336753,1182504
2017-07-21,1014.8909301757812,1018.4759855369806,991.8123041277315,991.9548310893795,2148416
2017-07-24,1033.887939453125,1037.6873658984732,1013.9921425826813,1013.9921425826813,2271402
2017-07-25,1050.55615234375,1054.028727609129,1028.8627304954796,1031.8655266506812,2678832
2017-07-26,1044.2242431640625,1051.9864734536231,1040.5473972374284,1045.8583969092333,1459826
2017-07-27,1013.8698120117188,1055.990164466,1007.6600477612342,1038.586387276083,4255304
2017-07-28,1014.9322509765625,1018.5069629765217,997.6510518743048,1013.5840539312654,1382752
2017-07-31,1017.9959716796875,1029.108195847062,1006.230046197425,1009.4983532902303,2019662
2017-08-01,1022.0199584960938,1029.8230811455194,1017.6690648154275,1021.3459100917578,1747460
2017-08-02,1010.6421508789062,1024.6141419574378,1005.8213785882025,1021.3458352845273,1251024
2017-08-03,1017.0359497070312,1022.1631268261267,1007.6395660471588,1013.1752815862487,1882548
2017-08-04,1030.66064453125,1032.9076056202016,1016.4434889657208,1017.5874163773501,1387890
2017-08-07,1022.7551879882812,1029.5165168067385,1013.6652108061583,1028.0866327556182,1885520
2017-08-08,1022.5918579101562,1033.030031894364,1019.8342242607112,1026.248255912001,1073958
2017-08-09,1026.2481689453125,1030.6808492210307,1018.6085229861152,1021.3457095395228,992946
2017-08-10,1026.0235595703125,1029.7617451001925,1015.7693074253401,1025.022660619104,1526172
2017-08-11,1019.7325439453125,1035.645098588874,1014.4010965665382,1021.3053573274593,1394736
2017-08-14,1008.844482421875,1025.3902842983985,1006.2298770833864,1022.5714098009404,786504
2017-08-16,1018.220947265625,1039.2402326654815,1007.1290673978177,1014.8096109716979,1373340
2017-08-17,1015.4834594726562,1023.3887176067864,1005.86245970458,1021.631982494666,1752374
2017-08-18,1026.9840087890625,1041.732187466781,1009.661918104059,1010.7241580047638,2837356
2017-08-21,1033.1119384765625,1041.3643943091138,1019.0173635045483,1023.5929736922262,2304834
2017-08-22,1020.34521484375,1037.48338268997,1018.0778065223096,1030.7424983369933,1131326
2017-08-23,1017.0359497070312,1028.2095153902096,1010.3767535129566,1023.38874208611,1562272
2017-08-24,1019.9569091796875,1028.6791433186986,1015.687603526264,1020.4062415310723,1623908
2017-08-28,1016.1574096679688,1023.5518936074808,1005.4128316248332,1023.2251427356375,2036796
2017-08-29,1009.4373168945312,1019.7120195023972,1006.6183416115007,1013.9924809314703,1312602
2017-08-30,1015.0340576171875,1017.2605718523961,1005.0453141188483,1013.5837264119657,970782
2017-08-31,1019.854736328125,1023.1433902091536,1007.7210677021732,1015.2177862210943,1784664
2017-09-01,1003.55419921875,1020.5494376810373,995.4243244164622,1013.1752991243259,1702330
2017-09-04,1003.4520874023438,1005.4130918449655,996.0167078090312,1002.1856780941719,1062544
2017-09-05,1014.9522705078125,1017.2604722452996,995.6283869704132,1005.004321977284,1165994
2017-09-06,1002.226318359375,1011.071233993998,1000.9190155117674,1008.3339470977024,1228764
2017-09-07,1005.0455322265625,1008.4363217425957,1001.3482391164956,1004.1875615412785,870636
2017-09-08,1009.3352661132812,1010.7242571281134,1001.9611261808104,1002.4513524365839,1021134
2017-09-11,1002.7369995117188,1014.380343256593,1000.9190236821732,1009.5800173266887,732764
2017-09-12,1016.6275024414062,1020.1205261937206,1003.778987928703,1010.6832479493393,1396460
2017-09-13,1016.9339599609375,1034.2763984119106,1011.2144212662856,1021.3461954735511,1278980
2017-09-14,1016.014404296875,1020.3653974605685,1009.8658823342432,1013.992159462868,1081510
2017-09-15,1023.8175659179688,1028.2910409632705,1015.217813585112,1020.9373505630563,2944072
2017-09-18,1020.9579467773438,1029.0878213460712,1016.9542503589499,1023.3682835314582,726600
2017-09-19,1020.6309814453125,1023.3886154390104,1017.8733474516146,1023.3886154390104,782754
2017-09-20,1018.7109985351562,1027.06558928744,1010.8466339393793,1027.06558928744,1334642
2017-09-21,1031.5186767578125,1038.0961855987098,1013.1753405292405,1017.6897102809745,2438740
2017-09-22,1022.8168334960938,1032.3356989386443,1018.0777479032636,1029.47592998386,2435396
2017-09-25,1025.73779296875,1035.2363108166137,1018.3841017316944,1019.9365676076814,1599558
2017-09-26,1010.9893798828125,1032.1312393270048,1007.455563079768,1025.4312503366657,1449230
2017-09-27,1019.3032836914062,1026.3301240556643,1010.6218428984434,1017.2605917401208,2010356
2017-09-28,1011.7247924804688,1027.065427707233,1001.7360496173969,1019.180617482719,4332866
2017-09-29,995.1787109375,1014.808993419393,989.2753532870613,1012.7663022088066,1985014
2017-10-03,1000.285400390625,1002.6753889111604,991.5427222427654,996.8332723260122,1923006
2017-10-04,997.7735595703125,1002.5534398856578,990.7058238478893,1000.7559104521258,1300778
2017-10-05,992.5849609375,998.2431580721059,990.4604814126167,997.2422589156644,1684686
2017-10-06,999.550537109375,1002.9618729891938,991.9517819487412,992.7484119607906,1389188
2017-10-09,1002.5939331054688,1008.2521290048236,997.2624880701567,997.2624880701567,1773616
2017-10-10,1004.6980590820312,1009.069400009003,1001.429751885668,1002.9617708839633,1222010
2017-10-11,1021.4887084960938,1027.249038287974,1003.6763999370108,1005.0041493212767,1527746
2017-10-12,1041.0374755859375,1043.8155565064071,1024.2057143489483,1026.6569446186306,5006356
2017-10-13,1045.286376953125,1065.856225289205,1030.7423702002266,1041.0375178022198,4066320
2017-10-16,1055.82666015625,1058.114515220625,1043.8361172896548,1043.8361172896548,1218590
2017-10-17,1059.97314453125,1068.3072865707152,1053.0279929180945,1056.0715835298167,1443016
2017-10-18,1056.7252197265625,1067.776101085401,1054.0288270169444,1060.1569015926245,1514144
2017-10-19,1055.6221923828125,1060.4838585449259,1050.352087615487,1058.9313928818913,86822
2017-10-23,1057.2568359375,1074.0478096399277,1040.7314721276125,1055.6635755456725,1886088
2017-10-24,1053.3753662109375,1070.7382481375428,1049.5555920315762,1070.3706034754248,1339020
2017-10-25,1048.664306640625,1070.8264393654003,1046.6570591348882,1056.283846175855,1105106
2017-10-26,1040.0411376953125,1052.4534669494992,1031.4588803230217,1038.5049484299605,3007552
2017-10-27,1058.6597900390625,1062.2851368980607,1036.538663396654,1039.6929521931986,1409270
2017-10-30,1071.727783203125,1073.2844753454078,1057.5948387758667,1059.3563561997041,1137252
2017-10-31,1074.9232177734375,1081.4776276379096,1065.6241687806892,1065.6241687806892,1592634
2017-11-01,1066.2591552734375,1076.0907701442306,1056.4275404026444,1074.9232258733807,741882
2017-11-02,1075.8038330078125,1095.4056533084931,1067.8566517434235,1068.5735402599867,1468422
2017-11-03,1073.32568359375,1080.1258242212598,1066.2387075078889,1078.3643064639564,666886
2017-11-06,1091.9439697265625,1094.5042854909548,1069.9047516242076,1073.2843684332054,1377000
2017-11-07,1110.17333984375,1133.912565938147,1092.1487181308603,1093.7668175776203,2696892
2017-11-08,1120.39404296875,1130.2256543147282,1113.5323975502029,1115.4782372957611,1402252
2017-11-09,1120.9678955078125,1126.53918384011,1113.9629300448025,1126.53918384011,1152432
2017-11-10,1109.640869140625,1116.7073407576718,1103.3322910062827,1115.1506487468116,1356566
2017-11-13,1130.205322265625,1137.7633546254135,1106.8962468552554,1106.8962468552554,1496996
2017-11-14,1112.0372314453125,1129.2220490546224,1109.128673036483,1129.2220490546224,1657252
2017-11-15,1108.2276611328125,1128.587273616271,1106.6095614507858,1108.5143965174698,6670834
2017-11-16,1125.1671142578125,1131.864943559617,1100.710986185548,1110.1534553190595,1653482
2017-11-17,1109.046875,1125.7606362516447,1107.531188075458,1125.7606362516447,1325464
2017-11-20,1107.46923828125,1117.0755191560972,1104.130627874652,1112.2007199098446,1014498
2017-11-21,1094.9755859375,1106.4663056337988,1092.1285341798252,1106.4663056337988,1527740
2017-11-22,1098.129638671875,1110.030006412973,1094.7500218442087,1094.995852163882,1822624
2017-11-23,1098.3753662109375,1103.1887594241696,1093.3571477545893,1098.2729535893793,793470
2017-11-24,1101.1607666015625,1107.2440149727433,1095.036513185874,1098.6823617041316,2287512
2017-11-27,1100.2598876953125,1104.3767954060138,1090.5715929026944,1101.140596307217,1856786
2017-11-28,1100.0347900390625,1107.0397553798884,1093.767115777641,1100.3215254602037,911716
2017-11-29,1088.9127197265625,1103.1890833688624,1085.5741072883347,1096.839498967742,1447532
2017-11-30,1080.248291015625,1092.5173026081238,1074.5131844269945,1087.0689313464604,4299962
2017-12-01,1077.3599853515625,1092.9472021462504,1073.8984596800583,1079.4287397508883,1031144
2017-12-04,1078.343505859375,1089.0558261530725,1066.2997214626994,1074.1035832888306,1259104
2017-12-05,1079.654052734375,1086.2698662054365,1076.6225799887764,1077.7901235482802,1167914
2017-12-06,1078.732666015625,1083.5255567936836,1070.3553334145251,1079.8387023471266,1407518
2017-12-07,1072.157958984375,1083.9149103919167,1071.2362451978759,1078.323220092094,1326300
2017-12-08,1065.7060546875,1083.525856101648,1063.862626955002,1072.4652897066596,1385548
2017-12-11,1090.1209716796875,1094.8523548846024,1068.5119080797313,1068.5119080797313,1008002
2017-12-12,1070.06884765625,1090.4899714618605,1068.123007173739,1090.0803208339635,1882246
2017-12-13,1076.7254638671875,1086.1679290318275,1065.501078820345,1069.7614045284924,2961458
2017-12-14,1047.8040771484375,1078.2001244851813,1036.8664287148265,1078.2001244851813,5504150
2017-12-15,1042.8065185546875,1058.7213830018916,1039.2220761099554,1050.241636306537,2718138
2017-12-18,1057.10302734375,1060.5645537784317,1021.8116797084288,1039.283232075603,2180664
2017-12-19,1054.972900390625,1064.1900361840212,1050.6305653008064,1055.2596357239547,1801952
2017-12-20,1060.5650634765625,1062.12175599771,1044.8754230885088,1057.7180113725146,1577570
2017-12-21,1063.330078125,1068.368800676675,1056.9190860246551,1059.7661377877907,1293648
2017-12-22,1084.24267578125,1091.2681432438267,1061.0769154121306,1066.7301134351092,3665664
2017-12-26,1085.3486328125,1101.8575700273873,1078.0364304814018,1100.3213804604748,2175786
2017-12-27,1073.24365234375,1089.056206767054,1069.3929764022548,1085.348848539552,739284
2017-12-28,1076.131591796875,1087.0078349072355,1067.4060142728206,1068.6964736320144,2605088
2017-12-29,1106.5479736328125,1109.702262660033,1072.6903978840237,1074.5543277676695,2609542
2018-01-01,1083.7718505859375,1103.9266435108086,1079.4295134868864,1098.8060101451215,1351760
2018-01-02,1077.8726806640625,1093.6033243236488,1073.3665238887006,1089.6706384056629,1920290
2018-01-03,1080.9244384765625,1093.3573733034416,1077.8725617270234,1078.2003021860842,1257120
2018-01-04,1088.4825439453125,1090.4897916861535,1081.4774793581687,1085.573984961798,913082
2018-01-05,1101.63232421875,1105.8517452123988,1085.5740414198397,1085.5740414198397,1153706
2018-01-08,1111.95556640625,1117.0557964676443,1098.6215191730291,1106.0566376769152,1242220
2018-01-09,1109.7432861328125,1114.6590924944196,1096.4501464324337,1112.201189313616,2149396
2018-01-10,1149.7249755859375,1153.5756497527714,1103.8645283921994,1110.562353153325,3365850
2018-01-11,1143.1297607421875,1155.9927468928913,1139.729641469282,1151.1179457751466,2520744
2018-01-12,1137.3330078125,1149.0694525907213,1122.6675024614644,1149.0694525907213,3360314
2018-01-15,1124.9410400390625,1150.2983606190098,1120.41438296935,1137.660605362984,1457214
2018-01-16,1167.8524169921875,1172.2765633258407,1126.7644430770874,1128.9970187757524,4267752
2018-01-17,1183.4598388671875,1198.2277599798329,1172.481185029692,1175.6969815870498,4280806
2018-01-18,1195.4420166015625,1201.504863737788,1174.8980849336488,1186.7574463853975,2209478
2018-01-19,1212.2789306640625,1221.5779784384388,1189.481816833685,1200.5014769819347,1820000
2018-01-22,1279.661865234375,1287.1762649748148,1199.837019441159,1215.8512712406816,4367110
2018-01-23,1273.74853515625,1290.3171611340256,1268.8416258073253,1279.0660662121882,3239610
2018-01-24,1303.5601806640625,1338.2371762604384,1265.803420906463,1268.8215316397657,5621538
2018-01-25,1281.5712890625,1305.6953216971872,1265.1258646378105,1303.72431685331,3833844
2018-01-29,1313.517822265625,1324.255544175191,1281.9614911364176,1285.821296653756,3141060
2018-01-30,1294.6290283203125,1315.5501897252414,1290.8717785668716,1305.7773704874232,1574758
2018-01-31,1277.9991455078125,1293.459020365721,1272.3530942284383,1288.1209355197673,3043214
2018-02-01,1288.77783203125,1309.8837558979646,1268.328843002132,1282.7827126724897,2400630
2018-02-02,1294.9573974609375,1309.883539967563,1274.3442031828138,1281.1400140121618,2456490
2018-02-05,1274.241943359375,1309.062702806382,1263.422115736503,1277.034192511872,2757742
2018-02-06,1230.736328125,1263.544973525982,1225.7062105106766,1235.9717566623572,2657306
2018-02-07,1213.407958984375,1244.5946643577663,1210.2871932332807,1242.9521771728664,2180324
2018-02-08,1221.271240234375,1243.1985027575197,1215.0298094214052,1223.5502110927448,2755004
2018-02-09,1220.2451171875,1229.402005885106,1189.4279226079836,1211.334641737162,2102458
2018-02-12,1218.43798828125,1241.4533583528332,1213.6131825229113,1222.9548277145884,1974562
2018-02-14,1195.6484375,1221.3738501625141,1187.7234176366655,1219.5466034160402,2847532
2018-02-15,1201.4178466796875,1208.4599705263945,1192.8974442371382,1203.9225795372163,2465236
2018-02-16,1204.3739013671875,1231.700793376865,1200.247133560789,1200.247133560789,2515756
2018-02-19,1200.4937744140625,1212.689220197096,1188.8320567002509,1209.2810396619109,1568224
2018-02-20,1209.178466796875,1225.7265443090005,1202.2594498177216,1202.3005520948298,1889068
2018-02-21,1249.2349853515625,1257.5706296974274,1215.461335186864,1221.1894904536548,3089228
2018-02-22,1252.4786376953125,1264.3045659948489,1241.1044334912085,1253.2177770108085,3463010
2018-02-23,1262.9906005859375,1268.4107885024516,1228.6215746670205,1252.3965376926117,3362500
2018-02-26,1244.882080078125,1268.8007997180819,1240.5705512159868,1262.6620239118822,1363882
2018-02-27,1249.25537109375,1264.1198613671195,1245.005395031371,1248.7009915205804,1717800
2018-02-28,1246.2578125,1258.1247433568049,1240.673315479462,1246.2372613584855,2706864
2018-03-01,1247.345703125,1256.9953145068382,1240.0777180064424,1251.9857490733916,1718124
2018-03-05,1275.330078125,1278.532848770298,1245.3956812326965,1251.9861828288067,2858168
2018-03-06,1249.4405517578125,1284.0149016204284,1244.246123681823,1281.9617917681412,1906764
2018-03-07,1243.1370849609375,1268.4108795780148,1239.4620394970016,1260.6090645207205,1917772
2018-03-08,1233.487548828125,1254.4087130969876,1226.732839102877,1254.4087130969876,1951826
2018-03-09,1245.8677978515625,1257.8168335624543,1222.503354386866,1233.9186618911954,1872436
2018-03-12,1253.2791748046875,1266.3164157899657,1246.44236254526,1249.522025770129,2091340
2018-03-13,1185.3831787109375,1207.1050345142821,1179.3059552703733,1201.0278110737179,88067154
2018-03-14,1185.4241943359375,1200.2682345593537,1180.558385498799,1187.9084766111737,3668668
2018-03-15,1178.361328125,1191.8502939966577,1172.5716210483927,1188.7500794390746,2348906
2018-03-16,1160.2939453125,1179.3057538028768,1151.7940945045507,1177.991784154938,7197482
2018-03-19,1162.470458984375,1169.4510304441892,1157.9536186280245,1161.6492152832204,3489940
2018-03-20,1176.370361328125,1179.7989945418658,1157.543304376371,1157.9539263360646,4024984
2018-03-21,1173.0440673828125,1184.3567203394728,1170.2723696651844,1179.511362057278,3907678
2018-03-22,1162.6142578125,1180.9279328456714,1159.0007653498428,1174.357983004287,2326094
2018-03-23,1157.1939697265625,1163.743468678423,1148.9405303827843,1150.5624667010075,3654122
2018-03-26,1156.7220458984375,1160.9924741257028,1142.1655176604072,1157.5432898074885,2964210
2018-03-27,1169.3280029296875,1175.6105382556286,1159.2062128625255,1160.0069055438878,2494574
2018-03-28,1169.923095703125,1180.5377096444097,1160.0066190418981,1164.4823566934595,6865654
2018-04-02,1194.765869140625,1196.5521143527826,1166.1660963493146,1166.1660963493146,1662988
2018-04-03,1195.4229736328125,1203.0810317582661,1187.559604562982,1187.559604562982,1937290
2018-04-04,1195.279052734375,1204.7644571697533,1187.5183401959532,1202.8961077810309,2841820
2018-04-05,1214.5986328125,1216.9802591054315,1199.1593145590132,1201.7051494585794,1809424
2018-04-06,1211.4578857421875,1215.4408983659882,1201.705615020501,1212.9771668152464,1129018
2018-04-09,1200.616943359375,1216.8776054178363,1196.9624497361203,1207.1047873220723,1235866
2018-04-10,1206.2430419921875,1214.3117229528416,1201.3565807931573,1201.3565807931573,1184532
2018-04-11,1237.6761474609375,1242.1314358513125,1209.5280921472809,1211.5812019586053,3124416
2018-04-12,1289.044677734375,1293.4588627421458,1235.1300073104971,1235.971802175828,6114360
2018-04-13,1294.81396484375,1330.7433785276564,1286.1088012353737,1293.4588926206322,8179118
2018-04-16,1308.9185791015625,1313.9692474397486,1277.3418018542175,1279.4975663675132,6270274
2018-04-17,1300.2750244140625,1311.9160922266506,1292.308901390736,1308.9185330541995,3301724
2018-04-18,1297.1954345703125,1311.300233969257,1291.7546954431134,1300.028685034878,2433066
2018-04-19,1310.35595703125,1321.0526769308128,1299.9262015002735,1305.7364609349447,4820952
2018-04-20,1397.1201171875,1405.2915511210756,1330.4146261221038,1334.5208441039622,18465662
2018-04-23,1399.665771484375,1460.9510669470758,1391.8229563017996,1405.968855372111,15185910
2018-04-24,1390.221923828125,1413.8326818585933,1372.5036298580967,1400.2206066764727,8314336
2018-04-25,1424.9603271484375,1430.1957551928558,1381.762933059287,1389.9548180671309,8196574
2018-04-26,1453.2930908203125,1461.8134924970861,1423.6256681144375,1423.6256681144375,12135034
2018-04-27,1417.446044921875,1455.2438054606675,1404.326697143195,1447.4419904765386,4501330
2018-04-30,1450.3575439453125,1457.2970134332982,1411.5537773154317,1417.4461409873184,3458558
2018-05-02,1437.0736083984375,1450.3982654233448,1425.3914385322112,1449.7002284307976,3158046
2018-05-03,1429.723876953125,1447.8527934129397,1425.0221760829245,1441.2007388022328,3761550
2018-05-04,1429.2723388671875,1435.9449454912171,1424.8581529466753,1433.8918357607465,2347244
2018-05-07,1404.716552734375,1433.0700065821163,1400.5897838116612,1433.0700065821163,3484426
2018-05-08,1413.0321044921875,1431.6332971684242,1394.7594293956738,1410.3630620623596,2992820
2018-05-09,1432.7828369140625,1435.0207059398874,1412.6212640403548,1412.6212640403548,2615050
2018-05-10,1417.158203125,1441.7544039139407,1412.6208130948055,1438.3873258788963,3858678
2018-05-11,1419.499267578125,1431.0172311961858,1413.5658015474517,1418.3700574243835,2627876
2018-05-14,1409.8907470703125,1425.2685161095267,1400.5490994928157,1419.5198099079903,2433894
2018-05-15,1429.9495849609375,1435.4519782647196,1409.9523195926001,1416.6454762403857,1952890
2018-05-16,1434.671630859375,1440.8720608476801,1427.0135735140782,1428.9434761447144,1648450
2018-05-17,1433.8092041015625,1450.788355178341,1427.3213596894454,1442.4938149676673,2968048
2018-05-18,1438.018310546875,1444.4445025814846,1419.9303974924844,1429.2925959873853,1874996
2018-05-21,1460.479248046875,1474.953668091481,1444.5882026860959,1448.961285238081,3446178
2018-05-22,1440.8306884765625,1467.9522764316284,1434.5892576232188,1460.992257480873,1857416
2018-05-23,1435.164794921875,1455.6547898040853,1429.3749854183416,1447.4423509335404,1507298
2018-05-24,1479.7579345703125,1484.3979815056887,1438.1414703975627,1441.2826874370587,2962316
2018-05-25,1472.408203125,1508.9535565450692,1466.9674623068438,1488.5045634578723,3769772
2018-05-28,1438.018310546875,1485.0139625597367,1431.4278096179296,1485.0139625597367,3716798
2018-05-29,1446.826171875,1455.2439202852277,1432.2490953597276,1449.4541117666934,3525312
2018-05-30,1442.96630859375,1450.727021595617,1429.9906178054732,1440.8926481648402,3779106
2018-05-31,1441.724365234375,1456.6297601664082,1429.344546015618,1435.886378452524,5049371
2018-06-01,1434.6025390625,1455.3459167445849,1421.2291709647473,1452.4476460711248,1603856
2018-06-04,1444.373779296875,1448.3071463323688,1418.1651134646963,1444.9948372498477,1681483
2018-06-05,1425.6177978515625,1450.7085793906624,1416.964430874002,1444.1667487866534,2449568
2018-06-06,1429.0545654296875,1436.6314938160174,1420.318308472806,1426.7773525918305,2236512
2018-06-07,1437.1700439453125,1448.307646649307,1427.440132654215,1428.4337852887675,2414762
2018-06-08,1446.7337646484375,1455.1802133735086,1436.7140499920242,1436.7140499920242,2582138
2018-06-11,1448.8868408203125,1459.9003095675862,1443.3387632310282,1446.7338600132914,2179378
2018-06-12,1474.805908203125,1478.1182179351927,1451.6197400786514,1454.932049810719,4608875
2018-06-13,1510.49560546875,1516.7476287835873,1488.8828106915687,1503.7882003425411,5370983
2018-06-14,1480.22998046875,1517.2864487166753,1477.2902649005266,1515.3818300268854,3819998
2018-06-15,1523.7037353515625,1529.5416198926243,1481.099095965172,1490.5391977677662,9183574
2018-06-18,1514.5537109375,1546.807288350402,1508.8814004161698,1546.807288350402,4674987
2018-06-19,1510.8267822265625,1522.8339010768148,1507.9285121592602,1508.8808211123871,3245034
2018-06-20,1509.1295166015625,1520.5984686940033,1505.9414390408056,1517.0376956778891,3107695
2018-06-21,1506.562255859375,1517.0374528108512,1505.1131207379672,1517.0374528108512,2910659
2018-06-22,1498.654541015625,1512.897432071832,1490.1667475406734,1512.897432071832,2949458
2018-06-25,1506.4796142578125,1509.0466336476225,1495.507590133082,1500.3932663751646,2083217
2018-06-26,1533.59912109375,1541.0518166066245,1507.928725438293,1509.5848799967096,4679712
2018-06-27,1538.56787109375,1561.050193624906,1532.9783484188938,1540.224025960374,4081208
2018-06-28,1525.898193359375,1549.3328243481888,1512.317804787875,1544.3643599194934,4888125
2018-06-29,1530.080078125,1546.3518199140012,1525.5670965447862,1527.7200776556801,3506276
2018-07-02,1533.060791015625,1538.4019499089602,1524.572999233881,1533.5990614429043,2650290
2018-07-03,1551.858154296875,1556.7023858162795,1537.780841559393,1540.1821846300475,3242233
2018-07-04,1545.3167724609375,1556.7028375378916,1537.8640753196585,1556.7028375378916,2700614
2018-07-05,1557.0338134765625,1562.995929702096,1541.9627457161284,1550.988808652729,2472571
2018-07-06,1584.070556640625,1590.7366198694829,1558.1517957385504,1559.1454481441501,3713781
2018-07-09,1559.26953125,1593.551951144771,1553.8870288850903,1593.2207000132767,6151747
2018-07-10,1552.727783203125,1572.4360641151723,1549.1256670298633,1571.6907743005108,5303302
2018-07-11,1639.5103759765625,1654.4985558907726,1568.5027427595287,1573.3469750713055,22903802
2018-07-12,1632.43017578125,1648.6191275352592,1623.4455572344036,1642.9053739112762,6921701
2018-07-13,1640.5042724609375,1654.4160145333888,1634.6249425802464,1635.4530200587571,4148185
2018-07-16,1647.2115478515625,1652.842514687774,1637.481638258586,1647.8740502147646,2582159
2018-07-17,1661.27587890625,1666.9596184228953,1643.7267317549804,1650.3646993743846,3315492
2018-07-18,1659.6990966796875,1669.1996459195261,1653.7249672178207,1663.6403893727152,2013869
2018-07-19,1644.058349609375,1668.162404345039,1634.5992272248213,1661.2340471673133,1746318
2018-07-20,1656.670654296875,1659.4918106324185,1646.2158761473593,1646.9626677196122,1934995
2018-07-23,1664.179931640625,1667.747778339087,1647.8754039872101,1660.3215928390773,2086201
2018-07-24,1658.6619873046875,1671.9379211700577,1646.3402814433582,1671.9379211700577,2038423
2018-07-25,1644.1412353515625,1661.151023554796,1633.2715860742785,1661.0680692356598,1535492
2018-07-26,1630.2021484375,1647.0460350540068,1622.236606006551,1638.7070460996176,3503036
2018-07-27,1612.818359375,1630.1600664290893,1609.955776949818,1627.0069919511361,2033977
2018-07-30,1613.5235595703125,1621.903971358647,1602.6954383429363,1612.195986632403,1579251
2018-07-31,1609.8726806640625,1615.5149923386753,1599.7498229219136,1611.3662635447906,2204803
2018-08-01,1639.99267578125,1644.182932847004,1617.8385020571964,1617.9628829050753,2425180
2018-08-02,1616.6767578125,1647.0454342264125,1613.8556017986762,1642.8967051729455,1509287
2018-08-03,1642.4405517578125,1644.597972220314,1623.3979230501589,1623.3979230501589,1505131
2018-08-06,1639.204345703125,1658.620316274793,1636.4661440649008,1657.0023524895967,1532249
2018-08-07,1632.400146484375,1642.1911860424573,1626.7164088227175,1641.4028668725261,1353521
2018-08-08,1637.91845703125,1641.4864050260433,1627.961505924677,1636.2589651801545,1315062
2018-08-09,1638.208740234375,1643.5606618749987,1631.2803824686414,1642.89682466323,2060297
2018-08-10,1653.7664794921875,1656.5876357183215,1636.3003896350533,1643.6850468761036,2784105
2018-08-13,1659.6162109375,1663.0181487240734,1651.1942701563707,1657.6663284136268,3559575
2018-08-14,1662.4376220703125,1679.903714421976,1644.8884740896026,1652.8540153519004,3311765
2018-08-16,1666.544677734375,1676.1282836104435,1655.343107831754,1659.7408017158687,2152065
2018-08-17,1670.07080078125,1677.662994844279,1662.8105252841262,1670.9835008719947,1213731
2018-08-20,1667.747802734375,1679.405773644424,1662.561890636906,1679.405773644424,1587032
2018-08-21,1674.1370849609375,1679.4059519539144,1662.8110314800615,1667.9139897832426,1376866
2018-08-23,1688.6160888671875,1691.022372559606,1676.3359086612481,1678.4102736913753,3046791
2018-08-24,1695.170654296875,1697.6598916746973,1685.2137047855865,1688.6156422778113,1570533
2018-08-27,1701.7257080078125,1708.446730522496,1688.5328298267505,1695.1707967253324,1532702
2018-08-28,1716.9100341796875,1719.2333630230303,1702.6384463915338,1705.1276838862582,1987983
2018-08-29,1719.2335205078125,1723.0504327125586,1697.3282082902058,1719.6483934616028,1525867
2018-08-30,1727.8629150390625,1730.020335576135,1713.8402892721856,1715.9146541829482,2408020
2018-08-31,1724.544189453125,1735.8288172875627,1720.8933876933104,1727.7803207433835,2504554
2018-09-03,1703.3853759765625,1734.1690316836964,1699.6515192097795,1729.8543932681303,1439711
2018-09-04,1741.5535888671875,1746.4076834131395,1706.745788869388,1709.1106457147866,4420803
2018-09-05,1725.2493896484375,1748.482277906298,1721.7644969247003,1742.4666193395303,1681106
2018-09-06,1721.971435546875,1727.115818801616,1709.5252490073485,1721.7224713011544,2238097
2018-09-07,1725.746826171875,1729.1901900983044,1713.7568376980846,1725.2904254820148,1312182
2018-09-10,1726.49365234375,1736.9898561641285,1721.1003043969833,1729.5221436224517,1530539
2018-09-11,1697.8673095703125,1733.3389418166805,1694.5067986320414,1733.3389418166805,3679745
2018-09-12,1695.958984375,1716.6611027538765,1692.6815287925172,1702.9289710383594,2307661
2018-09-14,1713.7572021484375,1718.8602612799427,1674.5518073429332,1696.000719868537,3642038
2018-09-17,1721.017333984375,1724.0460279876834,1704.754436299965,1717.573969616223,1033857
2018-09-18,1718.1962890625,1724.8757839427396,1707.2852117192351,1720.0632173012496,1456507
2018-09-19,1724.12841796875,1733.3386757823157,1714.9598905275413,1719.1499440316059,1301268
2018-09-21,1745.0797119140625,1759.890754741249,1701.103186689505,1723.3819413472768,4508530
2018-09-24,1824.1546630859375,1834.1531407626844,1740.9311165685178,1754.9124147084722,3032226
2018-09-25,1811.501220703125,1835.3148876803823,1787.1067721068484,1829.5066663408227,2868778
2018-09-26,1777.43994140625,1824.611072677926,1771.5903953885015,1814.6541227588104,1970951
2018-09-27,1816.1898193359375,1833.4899038553256,1772.1717485232846,1777.2330781531123,3311802
2018-09-28,1811.9158935546875,1817.143332697929,1791.296831621154,1807.186382929721,2904371
2018-10-01,1871.532958984375,1888.4596902782457,1817.433579719555,1817.8897777960262,3772208
2018-10-03,1794.6158447265625,1871.076841730148,1788.6001874748802,1867.1770768543352,3902322
2018-10-04,1713.2591552734375,1789.4711848767297,1706.2478438319035,1789.429859646772,4762419
2018-10-05,1744.6646728515625,1759.0608414280064,1676.8330648055091,1700.9786438336855,3417624
2018-10-08,1723.8389892578125,1760.8870702752233,1699.4443332406233,1744.6654940822332,2010154
2018-10-09,1735.6624755859375,1748.813826264037,1703.6342035274113,1726.161925756881,1867130
2018-10-10,1695.668701171875,1747.4033377851836,1683.5544312879906,1742.4663901945687,2749573
2018-10-11,1642.855224609375,1670.2783649563032,1610.5366648684474,1647.0454815888038,4700256
2018-10-12,1591.70166015625,1641.237451728361,1579.0065068953847,1641.237451728361,9373289
2018-10-15,1617.589599609375,1622.6096027186359,1593.1120960502694,1609.7070137174596,2638151
2018-10-16,1628.210693359375,1636.1762350788215,1605.5585859725707,1624.6427448756037,2815425
2018-10-17,1600.9117431640625,1650.3645780352526,1593.1121115272424,1634.5994060982644,2779207
2018-10-19,1587.469482421875,1600.5795054072198,1551.6660353758775,1600.5795054072198,3428776
2018-10-22,1579.006591796875,1589.7932894812468,1565.6891283716143,1588.133797529805,1778496
2018-10-23,1532.983154296875,1578.1748099291135,1527.453701706945,1569.8598741549874,2752811
2018-10-24,1537.0162353515625,1558.2193265073456,1505.9183480229399,1539.9680788382377,2735913
2018-10-25,1540.758056640625,1560.6307793442809,1517.5178448485158,1533.2746122208919,2507233
2018-10-26,1495.9400634765625,1541.50595177344,1489.288114907715,1541.50595177344,2285970
2018-10-29,1555.724609375,1561.5034496059143,1483.6756647550633,1503.9225147052093,2609483
2018-10-30,1575.513916015625,1587.6537007508846,1534.1054993357257,1552.398356238374,2404883
2018-10-31,1611.5592041015625,1616.3402918950037,1559.4244989144154,1579.8377056588563,2769190
2018-11-01,1609.563720703125,1616.7145452941402,1580.9188070591915,1616.1325403800172,2769759
2018-11-02,1591.021240234375,1625.237218989837,1583.9951605686056,1608.274730828495,1818635
2018-11-05,1572.2298583984375,1602.5793787583275,1567.157767076787,1588.152983216163,1713366
2018-11-06,1607.0279541015625,1611.0191647616405,1572.354704807361,1574.8491860947338,1398710
2018-11-07,1614.885009765625,1620.5807195470195,1610.6027982363146,1613.0972785639908,144530
2018-11-09,1587.4874267578125,1631.348711014642,1583.995194488345,1630.5588327515195,2570479
2018-11-12,1592.1854248046875,1618.1695985830647,1586.905460993057,1586.905460993057,2552008
2018-11-13,1608.8985595703125,1612.2661493737662,1582.3323786788433,1592.3103022438177,1418432
2018-11-14,1563.7484130859375,1604.6994716798813,1554.8929862066034,1600.6251328597386,2422318
2018-11-15,1557.2626953125,1579.0062722313028,1544.5824185081149,1549.9039975982878,1829123
2018-11-16,1568.6959228515625,1579.6717000933334,1555.1010217743392,1570.6915279410382,1829729
2018-11-19,1581.8748779296875,1585.9492166617383,1550.1534799103201,1579.0062657564677,1740628
2018-11-20,1561.7528076171875,1581.5007800281596,1558.3852180373601,1581.5007800281596,1190182
2018-11-21,1506.6666259765625,1555.7663709167514,1495.48307600323,1555.7247556303248,3840461
2018-11-22,1507.1241455078125,1536.267942639998,1504.9621804018304,1513.318733790352,3194219
2018-11-26,1535.02001953125,1546.5777986492456,1483.8000439191283,1512.4865676037514,4333177
2018-11-27,1571.73095703125,1578.0919040983717,1526.081932873941,1541.5893105863972,3344839
2018-11-28,1649.6002197265625,1653.8408169056706,1565.286746015548,1570.6914545675272,5313249
2018-11-29,1630.1849365234375,1660.4928398452234,1615.2180506359994,1660.4928398452234,4035441
2018-11-30,1636.58740234375,1655.5038831786644,1629.6028352737972,1634.7165416018354,5268901
2018-12-03,1648.352783203125,1654.6721136889378,1636.6287448082778,1649.683152542137,1610576
2018-12-04,1672.0086669921875,1679.1179769443959,1638.873671657839,1648.8515935552994,3270615
2018-12-05,1668.5999755859375,1677.954279672317,1650.5149876856042,1667.9763553135122,2501539
2018-12-06,1656.9176025390625,1677.1229418437586,1646.0250544018443,1661.3245601407186,2321216
2018-12-07,1658.9962158203125,1666.2302720248904,1640.5370959892878,1650.5566358326842,1680420
2018-12-10,1642.8651123046875,1672.1336467241501,1629.727472689873,1642.1998768176015,2010786
2018-12-11,1662.9871826171875,1671.3021185302734,1630.5589325561525,1638.0423748779297,2942014
2018-12-12,1676.9564208984375,1681.2801472445872,1650.4732671510317,1663.9019097943942,2219993
2018-12-13,1648.51904296875,1687.6823677104614,1641.7839657139177,1682.9428952164951,3748429
2018-12-14,1654.4647216796875,1662.1144237302178,1642.4080620669947,1648.8521387565374,2473761
2018-12-17,1658.248046875,1667.0618604346157,1650.515114303423,1662.1560269483841,1227921
2018-12-18,1652.884521484375,1664.6501761463853,1643.363960427867,1656.2521111422868,1768742
2018-12-19,1636.753662109375,1650.3486647147404,1629.7691965331437,1650.3486647147404,2498833
2018-12-20,1624.7802734375,1642.116896444675,1618.0867086826001,1624.572400016549,1940277
2018-12-21,1576.34521484375,1621.4121161381997,1568.6539009595047,1619.749129352417,3729956
2018-12-24,1595.220703125,1612.183195327016,1583.995537895817,1584.6607734726404,1864116
2018-12-26,1570.8577880859375,1597.964562709723,1555.101023766881,1597.964562709723,2446614
2018-12-27,1587.2796630859375,1614.5110784167337,1556.6391443039415,1587.3212783661052,4968201
2018-12-28,1576.55322265625,1596.4674505142204,1574.0171269913642,1592.3099831951731,2239130
2018-12-31,1574.0592041015625,1587.3214881402766,1568.3218772177836,1586.489994432503,1879740
2019-01-01,1582.166259765625,1588.1529738310971,1567.365631241685,1576.5120619810264,1094883
2019-01-02,1599.2119140625,1608.4829878502965,1579.8380697645812,1583.995538369225,2100463
2019-01-03,1579.79638671875,1617.21360255567,1574.1006752748242,1595.6363820233237,2611668
2019-01-04,1560.5885009765625,1580.8353466982676,1530.7794803369463,1579.8375951331873,4280862
2019-01-07,1578.091552734375,1587.154852292391,1564.0392921169748,1573.0194626241355,1856423
2019-01-08,1574.474853515625,1585.1595266991353,1565.9520435383959,1584.3280330428202,1691756
2019-01-09,1568.987060546875,1595.6364753180478,1552.1493124357805,1585.9911683051657,2414376
2019-01-10,1570.3175048828125,1583.9955359711025,1556.6393722938242,1571.5231301760543,3053461
2019-01-11,1532.0689697265625,1559.0509034282773,1525.7911508218074,1554.8934343524686,9209862
2019-01-14,1507.7059326171875,1539.0948193985464,1505.0035781260772,1538.263325708974,3615370
2019-01-15,1553.0640869140625,1554.3528413427907,1503.3407194214137,1505.0037069428977,7711653
2019-01-16,1555.017578125,1559.0503012708198,1535.7684834385088,1554.8928338007643,2359280
2019-01-17,1578.4744873046875,1581.5575672701295,1559.3091427065774,1564.8920502282947,2625816
2019-01-18,1583.765869140625,1586.723937572348,1563.2255977392604,1567.3919772641518,1683728
2019-01-21,1590.4737548828125,1609.889125080663,1579.4328486160844,1584.890846740901,2409803
2019-01-22,1584.8074951171875,1598.4315360872483,1574.891491309735,1589.1404892207918,2457093
2019-01-23,1562.892333984375,1588.30725017493,1558.226009060252,1584.0575632211437,2578169
2019-01-24,1584.515625,1587.5987047470653,1562.3921120066907,1570.5582554660737,1962927
2019-01-25,1600.5562744140625,1612.3887506566489,1584.0573720921393,1584.890647932272,2327080
2019-01-28,1629.0540771484375,1634.8870073479459,1604.4724427362232,1610.7220108071251,2769033
2019-01-29,1652.1776123046875,1657.4272905950693,1613.763617806703,1634.887139246903,2557626
2019-01-30,1651.0528564453125,1657.8023707601992,1628.762726554468,1649.5529191672276,2429575
2019-01-31,1678.3006591796875,1683.0086874868443,1654.0523553218893,1655.7189068133976,4094319
2019-02-01,1691.508544921875,1695.5083103368443,1664.9687251454984,1674.4680917173553,3064163
2019-02-04,1708.4237060546875,1712.7566995200493,1685.7169405431691,1691.5081666560598,1590764
2019-02-05,1703.674072265625,1712.3817636611814,1689.8833171313265,1708.2153846741712,1111404
2019-02-06,1728.8812255859375,1738.9222428869086,1700.7581583070053,1708.1325294426679,1789812
2019-02-07,1735.630126953125,1748.1709687520115,1722.3811227679635,1728.8390103835666,1339945
2019-02-08,1717.71484375,1741.1299777082806,1709.0488558409588,1729.0474772647437,1684474
2019-02-11,1721.464599609375,1746.5462855619394,1707.298909316172,1716.5483531763334,1778730
2019-02-12,1709.5489501953125,1724.8811456711214,1681.5507980503976,1724.8811456711214,2422903
2019-02-14,1703.716064453125,1729.0476748279918,1694.091787824195,1716.5902394966558,1724085
2019-02-15,1691.3001708984375,1709.8822654451094,1675.6762466893265,1707.3824375716517,1930065
2019-02-18,1641.8037109375,1701.507853779218,1635.429129320228,1697.883123594733,2942184
2019-02-19,1587.2239990234375,1642.386823750801,1576.5580266547518,1641.553547838193,4408554
2019-02-20,1595.5147705078125,1611.3887145131232,1567.6417368650436,1595.723089448994,4645778
2019-02-21,1595.056640625,1616.555198905997,1580.766040730918,1595.5149830439473,4683919
2019-02-22,1604.59765625,1608.2223858433558,1587.4737968947852,1597.556414306942,2271955
2019-02-25,1654.1776123046875,1658.2189799271925,1608.6390657032387,1610.305617441859,2934880
2019-02-26,1698.7994384765625,1704.1741287519326,1643.4282988085167,1653.2192900677385,6453309
2019-02-27,1714.965087890625,1729.0056637344703,1684.8837486883122,1699.8827138101665,4732082
2019-02-28,1652.7611083984375,1726.0061849611543,1647.8864645346964,1716.548421748278,8454295
2019-03-01,1662.7188720703125,1670.7183009481585,1650.1780281763913,1662.4272458277635,4148548
2019-03-05,1656.6356201171875,1672.3845532945509,1647.052948287149,1670.7180016719353,2449622
2019-03-06,1666.21875,1679.0512213655038,1654.0946446434325,1657.636067815047,2635047
2019-03-07,1677.634521484375,1686.592238003805,1666.7185250953949,1670.7182903681173,2539884
2019-03-08,1685.4671630859375,1694.0499457512203,1674.9263040701048,1687.383738389681,2031071
2019-03-11,1678.88427734375,1694.0498576149323,1669.5932309733391,1690.6334468635393,3111689
2019-03-12,1676.9259033203125,1687.2169411949396,1669.0514874144653,1678.259226022845,2658550
2019-03-13,1666.968505859375,1679.8009755857972,1648.7197425623024,1677.3844550337024,1833163
2019-03-14,1656.0526123046875,1673.0514617094257,1650.7196259810876,1670.6765439218766,1905495
2019-03-15,1699.8414306640625,1724.0064360167376,1659.052608868147,1665.635509980288,5184318
2019-03-18,1685.5506591796875,1720.3816351314663,1675.717962125858,1702.382792950337,2349915
2019-03-19,1685.5506591796875,1691.5502054278925,1662.4688539662934,1691.5502054278925,2373993
2019-03-20,1679.0926513671875,1703.8826095159814,1666.5518083222626,1689.8835336387742,3091165
2019-03-22,1671.260009765625,1679.8843959188778,1652.6363117319027,1679.0511199288387,3148149
2019-03-25,1653.4276123046875,1673.0512993418783,1647.5529768502247,1673.0512993418783,2429205
2019-03-26,1652.093994140625,1662.3432236439292,1631.595433415797,1653.2188959287876,2316539
2019-03-27,1639.8037109375,1664.8852959024905,1634.0540867191112,1661.55219220699,2266166
2019-03-28,1666.8016357421875,1678.717418739283,1643.886551072883,1649.8860961899147,4054489
2019-04-01,1692.9251708984375,1699.8413005251268,1673.4264925561233,1674.8847255261087,2095740
2019-04-02,1732.63037109375,1738.2132781358473,1697.3827648910456,1697.466072125449,3719663
2019-04-03,1732.63037109375,1741.2131523202574,1714.9649652343135,1737.380002355341,2939886
2019-04-04,1678.634033203125,1732.9635725430562,1672.7177955990219,1731.6719544164655,4397518
2019-04-05,1706.7987060546875,1711.8815659089107,1682.2170721981538,1690.4248177354186,3152103
2019-04-08,1725.506103515625,1729.0475261595661,1693.799914216097,1715.7151115000224,2194294
2019-04-09,1742.796630859375,1748.2129244766766,1714.5901588777479,1724.8811981252243,2690970
2019-04-10,1700.0909423828125,1737.796672142804,1696.5495202506588,1735.7134826533015,3313062
2019-04-11,1682.8006591796875,1712.3819532628163,1677.9260155687932,1704.0491943661602,3422442
2019-04-12,1678.634033203125,1699.0492895016987,1672.3844649484597,1698.21601373441,3198471
2019-04-15,1760.9620361328125,1766.3783295934643,1700.7161466447212,1724.8811482383994,9189201
2019-04-16,1776.3779296875,1796.5014649839404,1762.8371938322355,1766.545231579139,5771952
2019-04-18,1791.5848388671875,1795.709513768359,1761.711817321548,1791.4597254238229,3413728
2019-04-22,1801.0841064453125,1813.2083111617487,1787.8768058362923,1789.8765865695939,2007135
2019-04-23,1795.7509765625,1804.4586676122412,1778.2521855120003,1802.3754782014676,2163524
2019-04-24,1819.4161376953125,1829.0405145754792,1796.6261649628375,1798.209307723865,3003071
2019-04-25,1829.040283203125,1837.3730407575813,1806.5835422811585,1812.3747680942126,4211526
2019-04-26,1865.3299560546875,1869.8295649005295,1827.499105102345,1835.7069547494352,2716958
2019-04-30,1883.4949951171875,1888.9944932162102,1858.2884027130406,1865.3295423832685,3488395
2019-05-02,1846.0390625,1882.7031964399123,1842.456139432319,1879.0368644205082,2457699
2019-05-03,1776.5443115234375,1821.5829169564438,1770.7113799189985,1820.707936528476,3780886
2019-05-06,1798.083984375,1804.0418240359227,1756.9617487204355,1758.2116622243866,2891422
2019-05-07,1793.16796875,1820.1662290148126,1782.2104724280423,1799.917584675326,2201698
2019-05-08,1793.9178466796875,1806.541893388511,1775.2106426451924,1792.3762051100955,1824895
2019-05-09,1810.333251953125,1819.9576274497979,1779.960391878345,1787.376464599301,2264162
2019-05-10,1779.7108154296875,1826.5408831516568,1771.419760411078,1812.3751919958274,2039633
2019-05-13,1773.836181640625,1805.7089867834336,1767.9198410107538,1777.3776044342703,1701744
2019-05-14,1743.5048828125,1799.7093006799294,1726.8393650794449,1779.044018003642,2456110
2019-05-15,1746.0462646484375,1769.8780371064872,1736.9636385821434,1747.3795874822522,2346876
2019-05-16,1757.17041015625,1769.877866590101,1730.7556069777715,1746.546143301719,1946529
2019-05-17,1746.088134765625,1779.0442408990928,1741.546821301688,1760.378940074104,1947908
2019-05-20,1786.5015869140625,1792.7094508540356,1708.215367234675,1770.7110514017972,2625116
2019-05-21,1758.004150390625,1790.4602119228769,1752.004603504612,1789.9186638637889,1863157
2019-05-22,1734.67236328125,1768.1700187649092,1729.047750118215,1758.2124109635822,2595795
2019-05-23,1711.59033203125,1762.6701832681376,1708.2155240890443,1748.2127656286902,2541294
2019-05-24,1706.549072265625,1724.8811423778534,1693.4249766170979,1724.8811423778534,2274208
2019-05-27,1712.5067138671875,1724.0059608286417,1699.9659738527628,1712.215189393136,2329820
2019-05-28,1728.005859375,1747.796161561935,1704.0491777802895,1716.5483160036167,5872979
2019-05-29,1756.17041015625,1769.6277326235277,1730.7972033522246,1733.213621738715,3281320
2019-05-30,1788.4598388671875,1797.000915571909,1761.8782195486606,1769.0444725974535,4971725
2019-05-31,1830.3316650390625,1837.3310991066833,1793.4175131506715,1799.875399421745,4265370
2019-06-03,1868.454345703125,1872.9122491203634,1821.2491501099805,1834.0400148685917,3682419
2019-06-04,1833.845458984375,1868.2021521412823,1827.0412234295366,1868.2021521412823,2408658
2019-06-06,1819.5654296875,1847.2019756668642,1807.721078506181,1847.2019756668642,3735467
2019-06-07,1832.7117919921875,1839.4739872086045,1799.4051145191822,1826.2016435389096,2659446
2019-06-10,1874.5028076171875,1878.1569730978283,1835.8619251836717,1845.2700990204878,2080593
2019-06-11,1892.3955078125,1901.7616409137652,1874.083046174417,1879.1231619418068,3048937
2019-06-12,1899.198974609375,1904.2390888735417,1864.0022586977193,1885.8427538424426,2404448
2019-06-13,1893.4873046875,1919.44381516581,1884.2050517857824,1901.8034124881374,3320916
2019-06-14,1893.8226318359375,1901.0468764921386,1876.6022441878397,1896.1326838375116,2131408
2019-06-17,1889.3709716796875,1900.1232574777293,1882.8608234721487,1895.0831427364092,1489497
2019-06-18,1890.7574462890625,1898.4435405373101,1874.2509446678796,1885.0032322857185,1877447
2019-06-19,1898.3587646484375,1911.8831519302548,1884.288447076016,1894.2427537797562,1652817
2019-06-20,1913.5208740234375,1918.6030290178976,1858.1216725865102,1873.242011694357,2199377
2019-06-21,1889.9169921875,1925.7437235944321,1883.3227604356455,1919.4435805510482,3871804
2019-06-24,1911.4637451171875,1915.2438316269777,1890.7153112911255,1893.5292526431672,1382424
2019-06-25,1904.995361328125,1910.5814063256437,1890.4629898408953,1906.8433623367393,1386077
2019-06-26,1893.570556640625,1904.1548767761428,1890.0425182896988,1902.6428017449634,1762224
2019-06-27,1892.185302734375,1901.8034816226618,1882.7350866706581,1894.2433087716884,2813464
2019-06-28,1870.890380859375,1900.0810427488275,1866.9423323541912,1898.4430466233846,2372928
2019-07-01,1881.2650146484375,1894.2432700943848,1853.5864234035316,1877.4428863241462,2769940
2019-07-02,1891.807373046875,1895.9233852040445,1861.8605647147187,1885.7590705785517,1771746
2019-07-03,1879.6690673828125,1897.4355982756276,1874.923040464948,1891.8913889723024,1656881
2019-07-04,1883.869140625,1891.7234028609519,1873.3270628147523,1876.6030559464327,984140
2019-07-05,1817.0455322265625,1890.0431154062421,1797.641007541937,1887.5230579190338,4088470
2019-07-08,1827.3778076171875,1838.6341886981943,1791.0051378957041,1805.201381290123,2788062
2019-07-09,1792.0545654296875,1826.5371803465032,1767.8619778915518,1826.2012547890288,3977224
2019-07-10,1770.9278564453125,1787.43435136913,1739.9312401498162,1747.2393637798464,6343581
2019-07-11,1766.1824951171875,1788.4009630116889,1752.3221776490368,1787.5609437711948,2400346
2019-07-12,1770.4244384765625,1780.6305890923265,1758.2441608297463,1765.804333162253,1560725
2019-07-15,1802.429443359375,1809.0657191455177,1762.3605621572124,1785.0410841678151,2900415
2019-07-16,1773.2122802734375,1795.5247804763085,1768.1603934350517,1790.051903068057,2735399
2019-07-17,1782.6846923828125,1789.2100466706702,1761.5089474669426,1774.896366297305,1802969
2019-07-18,1739.490966796875,1781.8005208264688,1734.4812199196633,1781.8005208264688,3072096
2019-07-19,1748.752685546875,1765.6344484963126,1736.5860992005937,1748.7948257161856,1953177
2019-07-22,1776.495849609375,1782.852848058739,1741.8905495622237,1748.7947535046258,1920167
2019-07-23,1778.64306640625,1793.4198769270952,1770.181114606979,1791.6516342603315,3538588
2019-07-24,1765.46630859375,1785.6738583932317,1748.3740482759897,1776.5804198710996,2413196
2019-07-25,1791.6513671875,1797.6295147775131,1761.8874608536598,1775.6537274775362,2544464
2019-07-26,1775.7803955078125,1793.2515044685795,1763.950519171414,1793.2515044685795,1720592
2019-07-29,1793.420166015625,1803.5239415988115,1770.9393064554029,1777.2541661948944,1647090
2019-07-30,1834.80322265625,1839.728894828227,1785.378968058582,1793.4199295121848,2851672
2019-07-31,1857.1580810546875,1862.2099687696998,1807.8600356566599,1828.5728575129447,3000677
2019-08-01,1835.560791015625,1867.0929395704231,1823.9414116547593,1852.3582715016598,2375236
2019-08-02,1856.8214111328125,1860.778682149903,1823.310514115663,1829.6253738967148,2500816
2019-08-05,1893.279052734375,1896.3522019613765,1848.6540480928152,1852.2744028878622,3039682
2019-08-06,1864.904296875,1896.0997451143921,1861.9995025059043,1879.9758854637569,2885467
2019-08-07,1863.682861328125,1884.7745271467682,1858.4626200780451,1877.6176884240754,2165362
2019-08-08,1901.2783203125,1920.5596125407035,1868.272484310354,1876.6922984819485,2073298
2019-08-09,1891.3001708984375,1909.528980693727,1887.174545460432,1902.8774117887451,1744550
2019-08-13,1851.895263671875,1891.3000197192857,1847.5591432915583,1890.247543358841,1647281
2019-08-14,1856.063232421875,1867.3880437511996,1824.9099287374602,1836.4452353619495,1945002
2019-08-16,1822.9732666015625,1887.2162567260389,1804.5758983029345,1887.2162567260389,3755507
2019-08-19,1821.20556640625,1840.5711364605004,1816.7430243683368,1835.5192486202611,974884
2019-08-20,1841.2025146484375,1856.5686725962296,1824.1523941858193,1828.783291101592,1843611
2019-08-21,1840.73876953125,1854.0421100709964,1837.4129857867538,1839.6862933107284,1214408
2019-08-22,1865.8304443359375,1882.3752936234812,1827.099306953513,1841.412988160061,2131601
2019-08-23,1892.5208740234375,1902.793002312982,1864.0618717812176,1864.9459930470184,2826425
2019-08-26,1916.601806640625,1921.4010582680205,1873.4081308704408,1891.9317168835419,2345475
2019-08-27,1883.090576171875,1915.3806309412716,1876.7757184382335,1911.2969407154733,3432106
2019-08-28,1885.406005859375,1896.2674788319798,1865.8299470735178,1886.0374916266605,1294621
2019-08-29,1880.522705078125,1892.9419266887764,1871.050417408984,1871.050417408984,1670652
2019-08-30,1902.54052734375,1907.929124021833,1867.5140322508498,1886.8795970577794,2583625
2019-09-03,1895.804443359375,1933.356671464229,1883.4692987527221,1911.2968110568938,2545060
2019-09-04,1890.5843505859375,1911.2971686470974,1880.143866779281,1907.0872629892842,2228092
2019-09-05,1865.2410888671875,1897.5309462015116,1858.505238922693,1887.8903020808193,2055943
2019-09-06,1850.2537841796875,1880.5651089717098,1846.1281583077266,1865.8304371978102,1890550
2019-09-09,1837.918701171875,1854.7583247735624,1835.3506174602555,1852.3585961855972,1703945
2019-09-11,1813.626953125,1848.1481718242223,1807.3542362054188,1840.570343329271,2627440
2019-09-12,1796.450927734375,1822.8890516162414,1785.2946783422663,1814.4692407542727,2118859
2019-09-13,1803.4810791015625,1816.952774483538,1781.252863946006,1797.6293525323683,2291174
2019-09-16,1810.2593994140625,1829.9616753038972,1790.3885628515898,1818.6370704059684,2597948
2019-09-17,1787.2310791015625,1815.774361399822,1772.8754659613714,1814.4271094306255,2796530
2019-09-18,1800.6190185546875,1804.323653779045,1779.2325717614958,1790.3888231706799,1454663
2019-09-19,1769.8023681640625,1798.303514426473,1760.582715001312,1797.6298883442378,1652691
2019-09-20,1739.0697021484375,1792.9143486738983,1731.9550034556398,1772.2858131441642,6941979
2019-09-23,1697.265625,1767.3184148130545,1662.9127533376763,1767.3184148130545,6323401
2019-09-24,1721.598876953125,1735.3232112940623,1694.9081146700375,1696.592077029372,4620978
2019-09-25,1758.435302734375,1761.4243766081843,1734.5231228674663,1738.6908879999523,4002232
2019-09-26,1757.7198486328125,1774.0541999529871,1737.007031088283,1766.39208962216,4234281
2019-09-27,1731.239501953125,1755.6990960749301,1727.2400913922006,1755.5307409531476,2046795
2019-09-30,1767.5709228515625,1771.5281928163138,1734.4810252859345,1736.038772509086,2620039
2019-10-01,1734.43896484375,1764.7502851255142,1717.3888471852579,1764.7502851255142,3342877
2019-10-03,1734.69140625,1752.288727442655,1722.819494357142,1742.9007212413542,2317618
2019-10-04,1750.7735595703125,1758.0144740119474,1730.2290964889694,1734.9864132504385,2163251
2019-10-07,1724.124267578125,1763.5290152620978,1718.4830365958185,1751.3202920721717,2177916
2019-10-09,1700.886474609375,1734.4815504386188,1697.013381023804,1734.4815504386188,2066920
2019-10-10,1687.7088623046875,1716.84148864785,1681.5203221883041,1707.5375570005554,2881452
2019-10-11,1672.8900146484375,1679.7521807047374,1620.8135076975536,1625.8653939553124,12593069
2019-10-14,1701.6436767578125,1711.536953948265,1657.018681771091,1679.7521697831944,3510704
2019-10-15,1715.3685302734375,1723.5357077076078,1703.0755211642215,1710.9059883057446,2261310
2019-10-16,1723.0302734375,1731.1132720504263,1697.4340255124803,1715.9576111083506,3034082
2019-10-17,1748.4700927734375,1754.539567563526,1721.2222978904,1733.8776688287248,3818774
2019-10-18,1771.198486328125,1776.8372952802138,1743.347881772978,1754.109288450589,3087901
2019-10-22,1766.07568359375,1817.8166049670253,1756.3044535749734,1790.697863287432,5552505
2019-10-23,1782.175048828125,1794.0125956931925,1767.0229047673522,1773.4797485119345,2348134
2019-10-24,1792.419677734375,1807.055189031918,1774.5988324852829,1794.1415025929093,2798671
2019-10-25,1829.39599609375,1833.743646306008,1786.4365459180967,1802.7507959459065,3954245
2019-10-27,1821.43212890625,1832.882304645088,1815.4919180515583,1832.882304645088,224405
2019-10-29,1889.5740966796875,1895.4712218560248,1826.4260736469625,1826.4260736469625,5064173
2019-10-30,1939.4639892578125,1945.6625180751082,1874.0777179105771,1915.5305764235025,5195136
2019-10-31,1953.9691162109375,1967.141113731702,1925.8604194638706,1937.0522770646887,4879261
2019-11-01,1894.7818603515625,1958.5755479880722,1889.702561685195,1949.1055123714266,4172620
2019-11-04,1888.7991943359375,1919.1463640900965,1877.5642426455213,1900.0341460263537,2646411
2019-11-05,1895.599853515625,1903.4771170772804,1867.3188000636005,1891.424344739387,2693475
2019-11-06,1884.106689453125,1903.305077011819,1875.9280220783,1894.0071815384397,2540719
2019-11-07,1881.3951416015625,1897.881531251585,1872.6567539616472,1897.881531251585,1915598
2019-11-08,1833.7003173828125,1885.053867958097,1828.5779306589948,1885.053867958097,2788759
2019-11-11,1808.734375,1841.492143097936,1800.1683362401982,1838.0484925264577,2983768
2019-11-13,1875.584228515625,1880.060931889279,1823.412842159384,1823.412842159384,3823365
2019-11-14,1891.2525634765625,1894.0074413545183,1848.1207644885965,1883.2460354377313,2995915
2019-11-15,1872.0113525390625,1903.9082062610798,1867.1041927780768,1890.5640610216283,2724180
2019-11-18,1853.2001953125,1883.4611833890021,1849.8855983577273,1875.411568032383,1611089
2019-11-19,1815.491943359375,1854.9646471408844,1812.220434505007,1853.5442258856438,2975313
2019-11-20,1815.277099609375,1838.0481932691039,1803.1812369096665,1826.8132430720973,2894129
2019-11-21,1823.499267578125,1830.8170255025805,1814.2873335732697,1818.2476160529513,2052574
2019-11-22,1783.55224609375,1813.9424970270513,1773.91006887719,1805.3333726937478,3742049
2019-11-25,1791.9891357421875,1794.959241444249,1766.764360735358,1786.005836681924,2737010
2019-11-26,1761.9864501953125,1806.1081072490756,1751.999887001212,1799.1779303175535,6561580
2019-11-27,1768.5728759765625,1783.5526718186313,1761.9008030256625,1766.5927348705131,2907521
2019-11-28,1788.4166259765625,1803.095015626521,1773.479710361923,1779.5491853880105,2924429
2019-11-29,1767.66845703125,1795.002426840451,1761.2547014277209,1795.002426840451,2064271
2019-12-02,1739.947265625,1780.1087500334368,1735.5996154246184,1773.479765761267,3809860
2019-12-03,1765.7315673828125,1775.2016050430811,1730.4341542854477,1745.6722637565906,4664774
2019-12-04,1789.4066162109375,1792.419809935613,1760.9965039497104,1767.4533476454437,3334301
2019-12-05,1826.2535400390625,1830.9885583009834,1780.668269899672,1793.280552651129,3902721
2019-12-06,1828.2337646484375,1832.0216953585923,1808.7770591862793,1828.5780455552865,1829461
2019-12-09,1773.866943359375,1831.9785313689058,1767.8836441121698,1831.9785313689058,2244747
2019-12-10,1732.8875732421875,1774.211475201418,1724.6228348870814,1773.4796155584113,4520045
2019-12-11,1757.8973388671875,1763.1488843500529,1727.6362420261078,1743.6922819376096,4943024
2019-12-12,1739.818115234375,1793.840270230622,1708.0504225466625,1765.8177361326907,7137306
2019-12-13,1783.1646728515625,1788.459199635322,1727.8510553593655,1741.6256527115079,5711133
2019-12-16,1830.9454345703125,1838.908874217556,1790.956095891973,1804.472378445692,5574177
2019-12-17,1863.8316650390625,1867.3184011858855,1824.2727948883778,1830.7296358330038,6059673
2019-12-18,1866.242919921875,1896.9774516326665,1853.544461580808,1871.6236226087676,8251081
2019-12-19,1919.0169677734375,1925.4307235863355,1866.0708512965498,1876.6170289687755,6251505
2019-12-20,1913.7216796875,1934.2114324523372,1901.1093998043714,1911.2251183361052,5548338
2019-12-23,1921.298095703125,1930.1224475030235,1902.6163392951985,1902.6163392951985,2247329
2019-12-24,1907.4373779296875,1931.4998347028843,1903.6061500437847,1927.5826416970926,1805896
2019-12-26,1895.6856689453125,1918.9733871245824,1889.874511312701,1908.12580880358,1880367
2019-12-27,1892.7161865234375,1916.7355619013947,1873.3456547077553,1900.894855512281,2720261
2019-12-30,1879.5443115234375,1915.5304995746662,1874.2928708708005,1900.0340730612531,2288830
2019-12-31,1861.0345458984375,1891.4247997842408,1857.3756677013128,1884.5374996484768,1909289
2020-01-01,1866.11376953125,1880.1464732577829,1854.4052770234578,1866.4580504117255,1354908
2020-01-02,1857.5474853515625,1876.7458731803315,1850.2728178841435,1876.7458731803315,2380752
2020-01-03,1894.5670166015625,1913.8084951267283,1863.0146574243095,1863.0146574243095,4655761
2020-01-06,1894.3946533203125,1916.3479195756715,1883.5901606363286,1898.3118467869285,3023209
2020-01-07,1899.0440673828125,1906.619929815024,1880.0609032697823,1894.4381010821942,2429317
2020-01-08,1941.5726318359375,1945.6619656132218,1895.772135567089,1898.3117850341391,5197454
2020-01-09,1906.3616943359375,1938.7318784954782,1902.61664085624,1935.9770005092626,3734173
2020-01-10,1905.6727294921875,1923.2783464459674,1900.8946235240358,1918.1128719255216,1915807
2020-01-13,1885.6993408203125,1910.3213064958816,1880.8350602139726,1909.37442907586,2843893
2020-01-14,1899.9476318359375,1919.662653362504,1889.702857592631,1889.702857592631,2948452
2020-01-15,1917.1661376953125,1920.6959633419585,1889.0143384047255,1905.1995369232427,2620681
2020-01-16,1927.4111328125,1936.1923991221495,1906.9213713008276,1917.209234630692,3117214
2020-01-17,1910.4512939453125,1940.1096918977858,1905.1996428490486,1929.0899682394966,3281059
2020-01-20,1868.4808349609375,1930.3372490176705,1856.2988014970756,1889.6160608446157,5817599
2020-01-21,1869.084228515625,1882.42837300351,1857.8923653967538,1868.137140639768,1902980
2020-01-22,1899.9476318359375,1902.616544546567,1871.3653800813006,1877.6500831022909,1773686
2020-01-23,1890.4993896484375,1913.6242793452648,1884.2436006617377,1906.7645252782556,2069866
2020-01-24,1883.984130859375,1890.4988202500506,1872.4217948239143,1890.4988202500506,1319430
2020-01-27,1871.77490234375,1892.6562490034064,1868.1077162955946,1889.4204966079753,1549101
2020-01-28,1884.2864990234375,1887.7811537811806,1856.8904617737549,1875.8735427026688,1743024
2020-01-29,1859.134033203125,1887.0476649278505,1855.1647592213335,1885.365115766797,2306761
2020-01-30,1844.6812744140625,1868.1080415716815,1833.593343344029,1863.793704293225,2098567
2020-01-31,1793.9447021484375,1850.2899915325381,1787.516381462467,1846.0186289164892,3287223
2020-02-03,1814.1785888671875,1893.7349157687884,1806.1538804441655,1856.8905223506242,4728073
2020-02-04,1818.7088623046875,1843.6888327753682,1800.4593000561017,1837.0447955624147,3509339
2020-02-05,1852.1881103515625,1860.946130437135,1815.7319617026758,1824.9646010034498,2439322
2020-02-06,1836.4837646484375,1876.0461053017345,1825.395835202132,1850.85042141743,2640065
2020-02-07,1843.5595703125,1856.0279633595387,1828.4162037930555,1845.6735535221073,2083442
2020-02-10,1865.475830078125,1869.8333518720383,1828.4157234041759,1847.3124321282573,2383032
2020-02-11,1858.0987548828125,1876.5642454280887,1853.0942920068378,1866.3823669896103,1335820
2020-02-12,1873.0694580078125,1885.3653187824807,1855.1649589850497,1856.1141974145087,1620407
2020-02-13,1891.3619384765625,1895.7194604792237,1873.2849106510673,1874.9674597559865,1645948
2020-02-14,1884.6746826171875,1908.6624352832282,1873.284876582228,1887.9536204338622,1500115
2020-02-17,1901.11279296875,1912.9772209289545,1889.8523301179546,1895.676685662055,1774724
2020-02-18,1911.8984375,1916.428491340404,1886.2713179064835,1898.2650904766824,2486223
2020-02-19,1895.1591796875,1924.1945877448936,1890.1113203834932,1911.8987254689455,1760463
2020-02-20,1861.032470703125,1910.7335070873578,1856.2435144488165,1902.191203998799,2317278
2020-02-24,1825.2664794921875,1880.1447149442315,1817.802550737264,1860.3419519753884,3092877
2020-02-25,1860.4716796875,1878.160463473885,1821.5132962467687,1825.3962000047557,2674567
2020-02-26,1832.3853759765625,1867.1587652062894,1823.1957113633828,1858.6164618327377,2686842
2020-02-27,1816.7674560546875,1829.235848850053,1800.1140717700978,1829.235848850053,2349001
2020-02-28,1725.8642578125,1785.7040911665013,1717.106132602724,1784.4097900615243,4298076
2020-03-02,1726.8568115234375,1772.2867022295245,1713.3959939344404,1755.9354048424332,2667076
2020-03-03,1756.9703369140625,1777.5066205850526,1736.0889905908377,1742.9919289232068,2757585
2020-03-04,1797.5250244140625,1807.2322810378362,1747.3061922792635,1774.0550771981066,3237002
2020-03-05,1833.6365966796875,1853.2236465162528,1798.2590296876417,1799.6826767777966,3937056
2020-03-06,1826.2159423828125,1832.4285464688082,1787.5164600452229,1810.29607858088,2595027
2020-03-09,1701.876708984375,1794.6780463067337,1669.6486286144302,1790.4500797803323,4940975
2020-03-11,1685.783935546875,1714.7763633901254,1656.7053473633698,1667.9226231528094,6796449
2020-03-12,1527.14599609375,1646.6963281813134,1517.2230200238355,1642.899690184115,8728786
2020-03-13,1558.5977783203125,1570.419022234597,1299.5217830313356,1456.4342340494968,8029720
2020-03-16,1463.768310546875,1589.6175025323976,1446.0363429555694,1514.3323202303477,7844271
2020-03-17,1430.6339111328125,1493.6232208509641,1400.5630083129133,1492.7603535945511,5713248
2020-03-18,1427.5279541015625,1478.566585684495,1404.5325151102961,1446.8562063693034,7258778
2020-03-19,1422.2694091796875,1464.9457280046643,1344.3916286068034,1355.6473622071496,5135111
2020-03-20,1562.29296875,1624.482259820397,1414.1426627757016,1416.750178441545,8547498
2020-03-23,1451.2564697265625,1521.051024909597,1406.103026027143,1408.0586630591697,7003490
2020-03-24,1480.330322265625,1538.4344496085027,1419.2274878439598,1436.784826013675,6350865
2020-03-25,1521.3115234375,1573.2010401676387,1460.2087002660955,1477.592137174025,2765520
2020-03-26,1556.6435546875,1592.3666088531206,1497.192274625216,1591.9754177921252,4556067
2020-03-27,1585.8040771484375,1607.9679598380978,1521.3984627879117,1581.892803732615,4331250
2020-03-30,1545.822265625,1655.772513925007,1532.828187811398,1534.9576165834974,8513547
2020-03-31,1587.19482421875,1612.3139139635912,1547.1260198680284,1597.0165093691835,3927593
2020-04-01,1485.1976318359375,1594.7133021278632,1479.3307209274415,1587.0211512678543,4941878
2020-04-03,1437.7843017578125,1512.3593029284625,1434.1338217425075,1512.3593029284625,5735369
2020-04-07,1542.953857421875,1552.2105590348212,1481.938034736679,1486.2838940760826,5427577
2020-04-08,1482.3291015625,1569.7243742522928,1478.4613292376248,1529.7424688172953,6285615
2020-04-09,1535.0880126953125,1546.0830587389082,1504.7103903329628,1521.4419498471034,5307397
2020-04-13,1529.0904541015625,1553.2099709987167,1517.573928015534,1530.6115047166984,2990438
2020-04-15,1508.1436767578125,1574.9395175255652,1501.7552843719732,1551.4718757081314,4761399
2020-04-16,1491.5426025390625,1534.001632081456,1455.9065517456359,1486.2405686385018,6245533
2020-04-17,1569.8983154296875,1609.6629316806784,1523.6584106663854,1564.509491842267,9895823
2020-04-20,1580.7193603515625,1590.5844393427715,1566.6822141613911,1590.5844393427715,3244282
2020-04-21,1510.316650390625,1559.8159501836424,1501.6683258838823,1534.088481849694,5122541
2020-04-22,1537.9993896484375,1555.8174102688347,1494.2366138812797,1510.3162910265162,3829836
2020-04-23,1632.52197265625,1651.4264597614135,1530.481179659398,1547.1258412501666,5934366
2020-04-24,1580.6324462890625,1609.6627000241397,1571.2888492796994,1599.8845171073644,2987102
2020-04-27,1596.32080078125,1629.6970169075296,1586.2384297899953,1592.583425949182,3374741
2020-04-28,1615.833984375,1623.6130300607945,1592.8443250805258,1621.0055144878918,2678505
2020-04-29,1656.337158203125,1662.3344644677077,1608.0112303683482,1628.827851235196,4241510
2020-04-30,1750.9033203125,1766.1573298484207,1688.1056495046514,1720.9603903050554,5915544
2020-05-04,1677.892822265625,1708.7919252046543,1663.2907982637025,1708.7919252046543,3729348
2020-05-05,1679.8919677734375,1718.35282384586,1674.8942294137441,1699.3179382645765,2905528
2020-05-06,1654.5555419921875,1698.1010312349426,1645.8638233369438,1686.0196271842187,3517431
2020-05-07,1644.1690673828125,1681.369561529843,1636.9548980783202,1660.118350736626,3166754
2020-05-08,1645.690185546875,1685.7589910805634,1639.475584906271,1685.4113010817712,2686530
2020-05-11,1682.1082763671875,1696.1019215380302,1659.2490149160042,1659.2490149160042,2449841
2020-05-12,1694.4505615234375,1700.5347646168789,1660.335565606641,1680.4569156285386,3256595
2020-05-13,1694.580810546875,1733.1285584170287,1673.72068747666,1733.1285584170287,2656665
2020-05-14,1653.468994140625,1671.504309444714,1643.6908111444325,1660.1181797980512,2263146
2020-05-15,1645.2554931640625,1666.5502044867046,1621.1793681310655,1665.3333426196796,3173682
2020-05-18,1691.060791015625,1697.4491831230816,1627.1766577408926,1657.510777617891,3727694
2020-05-19,1693.7117919921875,1709.1829876756553,1654.0340747591624,1654.0340747591624,3198693
2020-05-20,1698.0142822265625,1706.0976237155612,1678.979395504149,1694.8852844598855,2778505
2020-05-21,1730.69482421875,1736.6052348253515,1687.1928398292391,1691.4083017868538,3400908
2020-05-22,1756.0313720703125,1766.1572456089036,1704.6633356055424,1718.4396885700246,3663418
2020-05-26,1688.801025390625,1759.2039502782425,1673.1559309711545,1751.381403068507,4575317
2020-05-27,1742.9505615234375,1747.0356272665613,1687.280055438414,1702.7078576194992,3482160
2020-05-28,1742.080810546875,1750.5117332570976,1713.3981456027418,1728.3478558002673,3475681
2020-05-29,1714.3115234375,1740.6474797889293,1705.6633037185234,1722.699055193656,7237735
2020-06-01,1777.6739501953125,1790.494236598139,1721.9165477724925,1729.6521994321827,3747773
2020-06-02,1779.3250732421875,1808.746517479492,1773.1539746764722,1790.6677015826758,2443886
2020-06-03,1783.683837890625,1799.0262085014485,1760.8881604714359,1788.6527445668567,3699799
2020-06-04,1823.260498046875,1830.626548020547,1784.2070891243118,1784.2070891243118,4048593
2020-06-05,1785.514404296875,1828.8828122616105,1778.584218855235,1823.3038459143097,3573289
2020-06-08,1805.999755859375,1826.2674012430991,1797.5876784963345,1811.665979299986,2957841
2020-06-09,1806.261474609375,1826.7034245551226,1795.9750562823629,1798.4595626765354,2909439
2020-06-10,1838.25390625,1858.5215545346769,1807.525536270006,1810.6202090029894,5168397
2020-06-11,1802.426025390625,1834.9851099775253,1797.3265507603535,1830.6264755120205,2269513
2020-06-12,1777.886962890625,1786.342671019653,1753.042746934566,1753.2170497449072,2842642
2020-06-15,1769.5184326171875,1794.8856637954277,1744.281875342671,1777.5382774282689,2399022
2020-06-16,1783.3787841796875,1807.9178092155557,1770.4771845829816,1800.115896683337,2146528
2020-06-17,1785.122314453125,1794.7549388639754,1766.598118595313,1783.553163533322,2703527
2020-06-18,1776.6663818359375,1795.059796158175,1765.421084757349,1782.681318079086,1944389
2020-06-19,1782.3323974609375,1821.9088110992639,1771.3486622744997,1780.0659293132521,5681758
2020-06-22,1767.8179931640625,1789.0009930345973,1760.1468625959747,1787.039608098879,3196138
2020-06-23,1774.2254638671875,1781.8094438864625,1752.1707349372748,1766.9900894118687,4205944
2020-06-24,1780.240478515625,1799.4620975615703,1771.000195457869,1773.092361119164,2560937
2020-06-25,1757.4884033203125,1795.7572316261956,1751.5170959441425,1773.96406133947,3043931
2020-06-26,1847.0582275390625,1858.52134866416,1760.8443280891452,1765.2465905463998,6300722
2020-06-29,1832.0645751953125,1854.6860562985216,1823.0423303564878,1837.6001255988656,3076341
2020-06-30,1815.0655517578125,1840.9994194894357,1808.8764202624136,1830.6259575263416,3071725
2020-07-01,1823.696044921875,1842.7867761932632,1812.755831314534,1812.9301341050098,2503466
2020-07-02,1880.4451904296875,1887.2883302439675,1828.8826405782188,1832.3695474239353,3758699
2020-07-03,1917.4937744140625,1922.157597933176,1883.147823553353,1886.1116095498473,4185208
2020-07-06,1972.8919677734375,1978.7324945216915,1922.1575127234787,1922.1575127234787,5190366
2020-07-07,1978.73291015625,2007.3255965579406,1945.8252179354297,1983.1788027116938,5630055
2020-07-08,1934.2744140625,1982.6552490280956,1924.4240719772856,1978.8197364306593,2793358
2020-07-09,1921.5914306640625,1956.5911833656771,1909.9974194030056,1943.0794153361971,3443998
2020-07-10,1937.2822265625,1961.2547146446677,1896.8776024289814,1922.3756124800143,9610320
2020-07-13,1935.23388671875,1956.9834322051422,1926.5166169587555,1935.23388671875,2963503
2020-07-14,1893.3470458984375,1951.7963724161048,1887.288586994581,1926.5162943455077,2976738
2020-07-15,1947.3509521484375,1970.1031130526662,1901.3239346336516,1904.7235849646352,5569321
2020-07-16,1952.46142578125,2038.300707617253,1939.6620660239462,1960.5429866665734,8582118
2020-07-17,1922.756103515625,1960.455405161677,1913.4077466268182,1954.427083296355,4509135
2020-07-20,1929.0030517578125,1945.6030153451527,1914.063212510011,1922.9747292492623,2952646
2020-07-21,1943.9866943359375,1955.8686447186794,1923.1055609956898,1948.311378727107,2665286
2020-07-22,1914.1943359375,1949.18535733432,1908.296979970666,1949.18535733432,2861534
2020-07-23,1896.9385986328125,1914.1938207061075,1889.7744478246668,1914.1938207061075,2265766
2020-07-24,1884.8818359375,1889.7745414300118,1856.662072372267,1882.3482429546743,3665100
2020-07-27,1928.042236328125,1935.2063888772418,1890.2117482329177,1891.52227174683,4248480
2020-07-28,2017.98779296875,2026.943036989934,1935.2063909192689,1935.2063909192689,8092319
2020-07-29,1988.5443115234375,2046.1636069847139,1962.3338468737613,2002.4794992352538,6090431
2020-07-30,1991.5584716796875,2060.1425208250507,1985.2242760579818,1997.1499521493597,7098496
2020-07-31,1993.218505859375,2039.8732637906394,1972.2938596186316,2012.221093901,4723290
2020-08-03,1969.4107666015625,2012.8329452458786,1948.9229604152245,2001.12547506702,4012337
2020-08-04,1965.5230712890625,1982.95299090078,1943.9868874364445,1974.4783150628903,2927928
2020-08-05,1974.0849609375,2009.4690905759016,1968.4060265510898,1974.5218020441469,3800641
2020-08-06,2016.5465087890625,2026.506403204027,1979.196584780883,1987.6275349382029,4748047
2020-08-07,2005.406494140625,2033.9321322383037,1998.1111625554126,2016.458488490552,3165491
2020-08-10,1994.441650390625,2031.3109943810653,1988.5442958908088,2025.1952193442191,2929353
2020-08-11,1991.9083251953125,2019.9536142430186,1988.1516616922613,1994.6168258290706,2774423
2020-08-12,1972.207275390625,2006.3244063519378,1962.77146173659,1999.2914328727045,3415751
2020-08-13,1969.6728515625,2009.4691196133688,1966.2218494303854,1985.8796995135597,2695682
2020-08-14,1958.9267578125,1993.131549133702,1951.0201033391352,1989.374672441154,2270405
2020-08-17,1968.7552490234375,1983.2584578684596,1955.519049922502,1977.1426828882486,2625630
2020-08-18,1983.0399169921875,1999.8582971671403,1964.2994788860694,1976.9678691477222,3493374
2020-08-19,1971.5518798828125,1996.0149882084986,1967.9696965574292,1988.8071080768232,2843005
2020-08-20,1968.275390625,1988.9816199028137,1957.0922137534417,1971.9010870995226,2895164
2020-08-21,1964.56201171875,1984.1324089879706,1957.9656680070264,1974.5219041447879,1975294
2020-08-24,1964.125244140625,1974.4782513104003,1948.311509349583,1966.3094498685953,2167966
2020-08-25,1959.36376953125,1965.785420558957,1951.413387588922,1961.4170085132705,1663419
2020-08-26,1968.8428955078125,1974.4343764314583,1936.4729263871238,1958.795549912809,2618149
2020-08-27,1964.38671875,1998.4168066737877,1958.576818192973,1979.7636087990527,3579393
2020-08-28,1955.781494140625,1991.9518549085346,1952.7673329601885,1981.8607819989552,2941136
2020-08-31,1972.1195068359375,1988.6757448953651,1946.5642978094888,1957.048486128032,6018154
2020-09-01,1962.595947265625,1990.247901489504,1958.183809828138,1982.3847622825656,3610908
2020-09-02,1979.021484375,1982.1668261469483,1958.489949206095,1963.164235086366,2084137
2020-09-03,2009.032470703125,2030.4376872859589,1981.511477953767,1981.511477953767,4654146
2020-09-04,1999.6842041015625,2030.6562007296059,1977.0994300475106,1987.62734501876,5231303
2020-09-07,2033.1024169921875,2047.4744480122272,1994.922543553401,1999.8587631747334,4620401
2020-09-08,2051.5810546875,2088.494137628878,2033.1027564764495,2040.8784448405918,7453998
2020-09-09,2033.626220703125,2061.016242093867,2026.9426374132136,2031.3110482697077,3866535
2020-09-10,2036.684326171875,2051.842798785973,2030.6997306390779,2040.04808821173,2308813
2020-09-11,2074.20947265625,2081.98516070131,2035.8109605074674,2036.5099490882446,4145424
2020-09-14,2176.69189453125,2189.2293202671613,2080.980173708576,2082.9459587911265,7512131
2020-09-15,2176.69189453125,2217.405573117053,2153.2773806334912,2176.69189453125,7318770
2020-09-16,2186.82666015625,2190.845683805475,2164.3730691105566,2174.5513819485627,3074003
2020-09-17,2150.08837890625,2180.492565116982,2141.045895227648,2166.732069113539,4828176
2020-09-18,2140.434326171875,2184.555285305051,2128.6396143243924,2171.1006622958726,4183256
2020-09-21,2153.889404296875,2188.487101619583,2142.400352004392,2153.627256899451,4598809
2020-09-22,2204.256103515625,2232.2576561086735,2147.5104965616906,2171.099912105696,7499613
2020-09-23,2155.767333984375,2201.548414177455,2104.700646552897,2192.9425582597637,7502280
2020-09-24,2037.6453857421875,2140.521468568275,2011.7407928818816,2140.521468568275,8424708
2020-09-25,2116.3203125,2131.7844438793554,2054.987868291273,2068.879329141932,8228267
2020-09-28,2119.8154296875,2135.2795639016417,2067.132343777121,2131.7848346644864,4347166
2020-09-29,2174.070556640625,2193.8595851359632,2119.8150236079905,2127.2850485816925,6995811
2020-09-30,2177.478271484375,2188.5739931807548,2149.2582927044537,2174.5950774558473,3917166
2020-10-01,2204.69384765625,2219.153334285986,2177.4787257472676,2192.9428618337893,2610337
2020-10-05,2364.009521484375,2383.492678705133,2274.2386685206757,2289.047540290917,17412105
2020-10-06,2371.435546875,2390.3944072252602,2315.3451944534413,2390.3944072252602,9846367
2020-10-07,2390.35107421875,2420.099999544905,2361.563284754469,2395.6368948563645,9656101
2020-10-08,2468.76416015625,2520.5735658865633,2446.3105665450184,2446.3105665450184,19839329
2020-10-09,2457.624755859375,2472.390115747967,2428.836964711288,2455.047435553496,7739245
2020-10-12,2472.520751953125,2493.489125821279,2446.9655463013128,2459.8523594077824,4623203
2020-10-13,2469.5068359375,2494.275602046449,2456.9694091641186,2485.6262322880257,4209878
2020-10-14,2465.16357421875,2493.591484344709,2445.816700894613,2493.591484344709,4395936
2020-10-15,2404.622314453125,2481.0882680438763,2392.689490568703,2466.3916970988726,6629355
2020-10-16,2424.53955078125,2431.8657729555116,2396.462518155747,2412.9578176653818,5273773
2020-10-19,2379.1337890625,2433.927831688607,2374.790665802685,2433.927831688607,3331194
2020-10-20,2403.218505859375,2421.5562320671715,2384.749040034989,2390.9348041134713,3406273
2020-10-21,2347.415771484375,2411.993044537917,2336.5799181628945,2403.2189701670986,4570143
2020-10-22,2343.686279296875,2357.2860916088785,2314.6881411873023,2334.7806814349287,5262294
2020-10-23,2357.417724609375,2370.7542713023095,2342.7650671070573,2358.2951318156306,3499091
2020-10-26,2358.646484375,2377.730094957164,2343.1164165365,2360.181947295404,2672752
2020-10-27,2307.712890625,2384.9247385862263,2302.4047474462914,2368.7805287877372,3537502
2020-10-28,2300.7373046875,2330.3498001032294,2286.523349730102,2325.129269679497,3569445
2020-10-29,2309.90625,2329.5163889016144,2281.478339073982,2288.2782456705877,3105968
2020-10-30,2338.158935546875,2346.4943049198955,2300.2110697170697,2312.9334756022067,3427003
2020-11-02,2285.294921875,2338.158706671318,2281.3026761976103,2333.903195986818,2571196
2020-11-03,2310.739990234375,2338.290494238278,2282.1803392918623,2284.768648028696,2879269
2020-11-04,2327.893310546875,2388.1713690764577,2290.0332676868647,2290.0332676868647,4893928
2020-11-05,2356.452880859375,2377.773922340972,2340.045406230027,2355.838738555539,2816502
2020-11-06,2375.535888671875,2380.6248928624404,2352.5917779318206,2368.1218412736484,3884421
2020-11-09,2392.338623046875,2407.605423062755,2364.7002954862055,2396.286955555542,3646592
2020-11-10,2324.778564453125,2380.537629318562,2314.9077319175917,2366.543025143672,4760020
2020-11-11,2358.29541015625,2362.6824467053125,2319.3383970741124,2340.8787893721637,3242441
2020-11-12,2343.5986328125,2380.405823398873,2335.438702702525,2356.715828105187,2437505
2020-11-13,2331.139404296875,2338.2023608861377,2312.84537849813,2330.174170692871,2548093
2020-11-14,2342.984130859375,2359.347687559987,2333.946794903856,2349.6522962806785,298819
2020-11-17,2339.21142578125,2364.612320481943,2325.1729110770902,2364.612320481943,2827273
2020-11-18,2304.6416015625,2337.588285699119,2287.4445484811836,2334.7806254216334,2893762
2020-11-19,2313.635009765625,2348.0732431064457,2308.326867460032,2313.722836171811,4167501
2020-11-20,2334.123046875,2347.9422134902734,2305.4318676016383,2329.5166580032424,2711471
2020-11-23,2390.27734375,2395.322436794531,2338.290950204185,2360.226137354318,3706418
2020-11-24,2388.3466796875,2406.728320518279,2373.386841779783,2399.182531751046,3120516
2020-11-25,2370.140380859375,2397.9102362028125,2358.6462595522107,2394.444520212119,3302249
2020-11-26,2387.07421875,2396.155255142034,2351.4513991825606,2356.7158426135666,2341099
2020-11-27,2351.14453125,2384.5299239230485,2341.84414182095,2373.3868933656686,6086808
2020-12-01,2392.514404296875,2400.4986826536547,2302.7116763597796,2350.574290133927,3605017
2020-12-02,2412.474853515625,2416.9934146189785,2371.1488913851076,2385.670022447742,2509032
2020-12-03,2377.291259765625,2433.8401196354857,2369.701772006041,2433.8401196354857,2852548
2020-12-04,2393.17236328125,2403.0871087763203,2368.12234161248,2378.475790764759,2686527
2020-12-07,2402.077880859375,2407.605589596008,2374.3956381805774,2382.1607783357003,1996400
2020-12-08,2454.371337890625,2461.6099476872682,2397.471392168468,2404.095859733607,4277818
2020-12-09,2466.216552734375,2491.8368037903465,2450.7301849167493,2469.901620658389,3659996
2020-12-10,2442.965576171875,2480.6940960631146,2439.4120332004236,2472.5341640351744,2127801
2020-12-11,2442.350830078125,2463.4962156125653,2425.636179648426,2450.3351072759124,1795408
2020-12-14,2454.72265625,2460.2503657484403,2418.354162123445,2458.4955509369224,2483658
2020-12-15,2423.004150390625,2452.0901164400307,2417.257089785099,2444.456715840757,2365509
2020-12-16,2469.19970703125,2474.113273846714,2422.039062245629,2438.3150113347288,2565149
2020-12-17,2490.25732421875,2503.8571371950884,2461.1274450728747,2466.3918888056505,2863460
2020-12-18,2510.26220703125,2542.7262761190364,2497.2765365539835,2516.40405793975,6076692
2020-12-21,2474.419677734375,2532.6357275705127,2443.5789022289546,2510.2618453418454,2705195
2020-12-22,2520.3525390625,2530.1355450441774,2473.104068964434,2486.572357076806,2881737
2020-12-23,2552.159423828125,2561.1528519653793,2514.167630903701,2523.468237393395,2790988
2020-12-24,2552.684814453125,2563.213701230318,2529.740486824709,2552.3776362378235,1807144
2020-12-28,2570.27685546875,2588.0882664768783,2546.235981165484,2553.2552395560165,2108994
2020-12-29,2571.24169921875,2590.1059532822896,2562.0289239784165,2562.0289239784165,1994151
2020-12-30,2552.64111328125,2586.333468082579,2546.2359971176083,2574.6639080930568,2637968
2020-12-31,2511.797607421875,2548.868063771041,2496.223628718971,2544.4810275167015,4040956
2021-01-01,2569.26806640625,2579.5776027437464,2526.055754523553,2526.933161871425,2681440
2021-01-04,2666.83544921875,2676.7501940827437,2580.4108342495947,2588.3514127818057,5113293
2021-01-05,2713.820556640625,2732.465460238625,2666.9670963421863,2666.9670963421863,5801309
2021-01-06,2677.408203125,2731.807452213563,2664.8612367027454,2719.96245442815,3726716
2021-01-07,2661.0009765625,2703.160441346511,2632.4413253081198,2698.0275228139217,3717827
2021-01-08,2738.300048828125,2744.5297256415956,2684.8660359537353,2711.188251992497,5879039
2021-01-11,2787.04052734375,2834.0257336650902,2760.8061333263317,2834.0257336650902,9508039
2021-01-12,2785.63623046875,2816.4770067115314,2763.83257667954,2787.0399534098296,3611458
2021-01-13,2771.685791015625,2787.523035871465,2742.994614697251,2785.7682212439095,3572801
2021-01-14,2857.615478515625,2871.504937638506,2743.071705797272,2773.4878549669324,6931542
2021-01-15,2842.363037109375,2878.0974229303642,2821.8365081265943,2843.8134279718165,4131692
2021-01-18,2832.165771484375,2862.933460473885,2801.9693965858955,2856.9996918830507,4160906
2021-01-19,2866.40576171875,2882.4929105475835,2841.1762997529095,2842.055376578328,2975735
2021-01-20,2908.690185546875,2925.5244252045945,2872.032715490812,2874.5819530880785,3453446
2021-01-21,2877.96630859375,2908.997554851266,2867.637153892933,2905.349471166,2778546
2021-01-22,2903.678955078125,2922.930653081142,2849.8792778289644,2849.8792778289644,3052459
2021-01-25,2893.3056640625,2935.9408910625407,2882.185213197653,2908.8212845357853,2272887
2021-01-27,2866.714599609375,2906.6246166041888,2836.7819795540418,2900.95461187739,2786662
2021-01-28,2810.013671875,2878.977220695927,2798.8054399471,2839.418755068044,3083938
2021-01-29,2735.116455078125,2827.859083504321,2725.1388447507825,2821.8813166631194,5445659
2021-02-01,2759.73095703125,2782.2792002474885,2675.9988578768825,2725.139185076529,3985846
2021-02-02,2816.078857421875,2834.1439306728867,2769.0922399564497,2790.190085594213,2881837
2021-02-03,2813.090087890625,2844.6928596468942,2780.2124829296085,2824.4740908669564,2505866
2021-02-04,2802.892822265625,2846.3193518083062,2791.9483573025227,2827.155431621027,2057261
2021-02-05,2776.081298828125,2818.189217864985,2750.632061413705,2812.1234575107587,2366135
2021-02-08,2825.44140625,2835.9023364608793,2773.6196466029005,2803.81602670241,2526592
2021-02-09,2792.739501953125,2853.308033128852,2781.399495042567,2808.650880739887,2658751
2021-02-10,2824.738525390625,2830.100766999873,2775.510207145161,2799.860600210748,2127983
2021-02-11,2818.320556640625,2830.0123223975274,2799.9039384097105,2826.232248783409,1165882
2021-02-12,2804.9580078125,2853.0434609021895,2797.2220898446362,2799.156015682018,2777404
2021-02-15,2760.16943359375,2820.9575097276024,2752.873053078697,2820.9575097276024,2630853
2021-02-16,2732.874267578125,2784.6078135757903,2725.138348053523,2769.0921923769665,3435770
2021-02-17,2701.4921875,2754.017049389865,2677.2735680898527,2729.6226574661205,3678426
2021-02-18,2687.645751953125,2723.292147305242,2664.481990601862,2694.3706041552973,4189909
2021-02-19,2700.392822265625,2713.8425289396955,2651.428060692321,2688.2175197249344,3725028
2021-02-22,2600.705078125,2721.622151723607,2587.2551582887345,2721.622151723607,5366696
2021-02-23,2619.824951171875,2661.844870183656,2609.1002558471237,2610.8584096583413,3832829
2021-02-24,2591.60693359375,2640.17593679513,2567.915637260526,2612.616787592777,3774549
2021-02-25,2633.098876953125,2663.514806559369,2609.4955781742888,2614.3744975139684,4224073
2021-02-26,2544.3125,2612.9244999684947,2531.7416564902746,2602.0678136150045,5553153
2021-03-01,2570.596923828125,2606.4633083985727,2550.905684849813,2572.17930535387,3265871
2021-03-02,2642.81298828125,2659.2076870166584,2591.518764074416,2602.06768713035,3306469
2021-03-03,2689.184326171875,2693.4917172875435,2634.5055693546797,2667.9984862818847,3509857
2021-03-04,2680.920654296875,2708.8313445735425,2651.3398038352525,2657.449345082376,3916760
2021-03-05,2644.307373046875,2692.7883793543356,2634.2419852330613,2651.383985179007,3203686
2021-03-08,2643.340576171875,2666.2405752396367,2633.7147258219425,2651.296266047723,2003125
2021-03-09,2682.019775390625,2696.0410098074835,2630.2862256983,2643.3403896236246,1942397
2021-03-10,2699.6015625,2719.161026418552,2689.9757119446654,2703.161867395375,3053778
2021-03-12,2688.173095703125,2740.0826282639473,2673.580548301813,2703.1613993941733,2938317
2021-03-15,2695.38134765625,2724.2591074890815,2673.2726511372366,2673.2726511372366,3097083
2021-03-16,2733.97265625,2761.1800384103167,2689.9748225200797,2689.9748225200797,4894756
2021-03-17,2736.52294921875,2773.4881833018144,2712.216553840037,2729.534329366762,3838390
2021-03-18,2669.31787109375,2765.9723646188518,2625.847547238061,2747.9512823341747,3656306
2021-03-19,2681.3603515625,2724.2593477518403,2641.626118100768,2663.6030408803085,5776626
2021-03-22,2751.203369140625,2759.8183670461376,2653.6258178158228,2680.04212576032,2821646
2021-03-23,2762.58740234375,2785.7949487612345,2745.225631994102,2760.301716349093,3305973
2021-03-24,2743.68701171875,2771.11416820784,2734.9400248267016,2734.984021595591,2207104
2021-03-25,2694.23876953125,2752.2578416304186,2681.1843924615882,2735.862929607131,3179786
2021-03-26,2695.953857421875,2740.9625647597964,2675.075775025132,2716.919718762905,3697370
2021-03-30,2776.608642578125,2802.89295847513,2690.76664657172,2710.1943337083953,4694008
2021-03-31,2793.574951171875,2817.441806052853,2753.269184573334,2773.487955724415,3530069
2021-04-01,2782.278564453125,2826.232412232795,2764.697025341257,2805.2225588414717,4285076
2021-04-05,2847.2421875,2868.4280273958516,2769.9714110708946,2787.5529497003513,5317862
2021-04-06,2869.92236328125,2878.9768984351203,2839.4184372352483,2878.9768984351203,2291562
2021-04-07,2875.812255859375,2881.218707886969,2843.6381681767643,2864.911787498394,2491268
2021-04-08,2916.205810546875,2931.721431827485,2871.1091231096307,2874.5814339058097,2578118
2021-04-09,2920.513671875,2948.7321304719153,2907.986824159079,2948.424367663105,2911129
2021-04-12,2853.96728515625,2934.4468220123777,2824.649983332408,2920.5133666529578,3791828
2021-04-13,2728.69873046875,2825.35319397879,2701.44734620822,2825.35319397879,8654596
2021-04-15,2829.705078125,2845.7922313533463,2714.1064439685506,2778.147294061527,6062760
2021-04-16,2808.782470703125,2854.362693807616,2797.7502273047353,2838.5393096103458,3224657
2021-04-19,2779.4658203125,2803.3766728107203,2755.9945063330647,2785.7951320593206,2679106
2021-04-20,2764.3017578125,2835.331225793192,2748.302598557501,2835.02346298085,3141893
2021-04-22,2741.66552734375,2767.3345341010545,2729.753990475635,2767.3345341010545,1988980
2021-04-23,2733.490234375,2741.8414668003297,2717.271304851599,2729.534387436686,1615309
2021-04-26,2725.842041015625,2771.7298181062615,2714.633809115576,2726.9408872803356,2490260
2021-04-27,2753.269287109375,2756.873588817901,2727.7760529694733,2730.4132840873945,1471417
2021-04-28,2746.32421875,2769.9713014232066,2735.687302452878,2769.0482277580213,1639037
2021-04-29,2738.54443359375,2775.5536585645473,2729.9734334404593,2765.2245045336585,1621395
2021-04-30,2668.569580078125,2753.312718021885,2654.8121130877844,2724.259184920213,3072305
2021-05-03,2669.757080078125,2685.5804674477026,2640.7475365672335,2659.1201616100943,1545831
2021-05-04,2680.96484375,2716.3476898721206,2667.998459146241,2692.4368405095456,1990777
2021-05-05,2721.35888671875,2724.6114290067053,2683.2948060480226,2698.7666485777945,1939289
2021-05-06,2735.203857421875,2755.0270850191914,2702.2824694795772,2729.9733926378744,1791671
2021-05-07,2754.060791015625,2777.7520925362523,2735.512391425813,2754.1487845803554,1912540
2021-05-10,2765.13671875,2781.5754158169793,2747.115640150612,2765.5322604784997,2137153
2021-05-11,2745.005615234375,2749.8405381869234,2717.358475020094,2747.1153139481335,2415625
2021-05-12,2714.23876953125,2742.720784134497,2699.2944575664146,2742.720784134497,1978558
2021-05-14,2682.50341796875,2723.8200362366615,2672.3940326478782,2723.8200362366615,2043935
2021-05-17,2698.546875,2703.337802177707,2668.878023454679,2685.5804880283413,2890462
2021-05-18,2715.29296875,2746.236434952546,2705.798894617137,2725.1385878210285,2098538
2021-05-19,2709.31494140625,2740.961709054084,2696.216781754915,2711.073095164463,1986041
2021-05-20,2689.976318359375,2715.293785455862,2683.0316941038063,2696.217852527137,2329027
2021-05-21,2707.996337890625,2714.765186965572,2685.6678709113507,2690.854338673333,1685566
2021-05-24,2708.8759765625,2729.534287595834,2700.5247444426413,2708.8759765625,1652260
2021-05-25,2750.8359375,2763.4240595646675,2722.656297882168,2731.401643786127,1841613
2021-05-26,2790.14599609375,2795.887946061966,2741.825321802558,2756.135984743549,1923753
2021-05-27,2809.138916015625,2842.4863984305903,2793.061497428676,2793.193917714031,5959785
2021-05-28,2776.984375,2825.0400036159776,2769.9613544264,2817.531298165466,1763701
2021-05-31,2790.72021484375,2800.6142092520568,2763.733221463764,2782.6374019909617,1652799
2021-06-01,2785.287841796875,2800.261039677647,2766.736923725916,2799.068610059735,1377441
2021-06-02,2764.484130859375,2790.9854410639764,2751.719376244468,2783.388528206253,2240078
2021-06-03,2774.907958984375,2786.656916039065,2758.477060767355,2786.656916039065,1281706
2021-06-04,2777.11669921875,2788.689025250581,2760.5533789450797,2763.203510188867,1836060
2021-06-07,2811.9658203125,2818.3703040112887,2768.150447443102,2778.2208596814926,2559821
2021-06-08,2826.93896484375,2854.191232954633,2815.499275242402,2825.039790463917,2574057
2021-06-09,2827.02734375,2844.474040114054,2814.615853329523,2828.57325355441,1710925
2021-06-10,2841.6474609375,2848.007732839972,2820.6230431011263,2835.640453603074,1874324
2021-06-11,2891.99951171875,2923.0943373291366,2836.523395939516,2837.0092963972816,3452954
2021-06-14,2894.252685546875,2922.8298057031197,2888.952422877845,2896.5935486250673,1847360
2021-06-15,2882.23779296875,2913.3768266679754,2872.344015466035,2913.3768266679754,1304985
2021-06-16,2892.486083984375,2910.462679751333,2873.6258953910374,2881.6647137973046,1635552
2021-06-17,2930.823974609375,2946.9898164726833,2879.80895402805,2884.6675274167474,2273413
2021-06-18,2912.759033203125,2966.3799741161924,2893.059682915584,2960.1079111317467,3380431
2021-06-21,2891.381591796875,2902.7770698023915,2872.4771929821286,2884.226151218749,1130569
2021-06-22,2916.204345703125,2939.0397292718317,2901.8936802765033,2918.677844637311,1708688
2021-06-23,2881.046142578125,2940.762524016195,2876.629256840642,2940.762524016195,1467104
2021-06-24,2980.160888671875,2988.464546637038,2896.1516453294503,2901.010219082481,4155204
2021-06-25,2986.520751953125,3003.1722775928047,2959.3126995223847,2981.6179668844566,2722861
2021-06-28,2947.608154296875,2995.973044219031,2944.2954906035766,2995.973044219031,1355238
2021-06-29,2951.229736328125,2973.711634794395,2938.5531918306488,2952.2455334730284,1497322
2021-06-30,2955.55859375,2987.5810099566615,2949.1541105086676,2955.7794379997013,1693146
2021-07-01,2951.803955078125,2969.9131817963957,2943.721142590661,2966.37967414405,990310
2021-07-02,2937.6259765625,2950.214098705569,2910.903822539493,2942.5287620044955,1682274
2021-07-05,2933.6953125,2980.514298215899,2916.911147809395,2952.2462313685637,1972858
2021-07-06,2881.8408203125,2939.878645879054,2876.3639260649975,2926.6279909246714,2159420
2021-07-07,2893.015380859375,2899.8615524149545,2863.554888146933,2893.059592841762,2640710
2021-07-08,2878.484130859375,2913.3775244972285,2854.986214952416,2913.3775244972285,2485811
2021-07-09,2834.006103515625,2899.2435873844856,2827.6900436373367,2870.9755207189455,6365067
2021-07-12,2820.711181640625,2858.6079686286457,2816.515140895574,2857.7245916296874,1892226
2021-07-13,2815.80859375,2839.1738738783592,2804.72216850149,2839.1738738783592,1809339
2021-07-14,2839.659423828125,2846.2405389860573,2813.5555917661677,2815.3223456699457,2044279
2021-07-15,2835.5869140625,2861.172351997801,2827.663479475212,2857.409806666627,2232968
2021-07-16,2828.3720703125,2850.5490007565263,2825.893173423825,2844.4845758805604,1256526
2021-07-19,2819.341552734375,2832.79814151296,2811.7278455383967,2815.2690644874374,1597058
2021-07-20,2838.110107421875,2846.2548681714516,2794.1545954042767,2819.3416893105386,1811945
2021-07-22,2847.45068359375,2855.0641765371074,2824.1228115319595,2824.1228115319595,2859334
2021-07-23,2844.3515625,2869.759766579906,2838.8624999266235,2859.534453094165,1776193
2021-07-26,2830.80615234375,2854.4437451540084,2824.8746539439994,2832.9751056812675,1259611
2021-07-27,2817.881103515625,2841.8286435684886,2798.581414048037,2832.97559483463,1121367
2021-07-28,2831.028076171875,2836.9152673506533,2773.129005543344,2822.3520448513914,1660654
2021-07-29,2829.2568359375,2855.506034138024,2824.387660031654,2833.1963986699157,1731997
2021-07-30,2804.158935546875,2853.7803179466428,2799.644010283248,2849.7964459346185,2999943
2021-08-02,2850.150634765625,2855.0198119311576,2803.760742407745,2815.2697066171863,2608669
2021-08-03,2908.13818359375,2912.6533253560956,2849.752364570092,2858.649722667122,3804735
2021-08-04,2898.44384765625,2926.1096249558805,2887.1562105180005,2921.506082840999,2929598
2021-08-05,2907.297607421875,2934.786373697417,2888.3078564669145,2899.3741700932246,2534521
2021-08-06,2930.18212890625,2942.7534149481066,2890.5204271376556,2897.2045221954145,2292362
2021-08-09,2941.60302734375,2954.262932704491,2930.3596965093993,2942.66535016908,1510489
2021-08-10,2951.517822265625,2965.6827001982383,2935.3169160413063,2935.3169160413063,2040777
2021-08-11,2960.636474609375,2974.624334648893,2945.4978911610087,2965.7712860338665,1929707
2021-08-12,2967.320068359375,2981.706269928955,2944.5234720260405,2944.5234720260405,1310205
2021-08-13,3066.164794921875,3080.86094219364,2972.4110958089495,2975.288336631401,4363584
2021-08-16,3074.619384765625,3093.5650379258386,3042.3500667442145,3063.1547303753764,2083489
2021-08-17,3145.531982421875,3152.3930940101595,3065.8102490618444,3082.719655689801,4336019
2021-08-18,3152.172119140625,3182.670826952774,3130.96911193571,3163.9467164708954,2631309
2021-08-20,3151.24267578125,3164.9649012271298,3098.567036166421,3103.8788653712777,2836148
2021-08-23,3220.207763671875,3251.7247026771975,3153.3672477306477,3169.3913519151556,3744176
2021-08-24,3198.783203125,3246.722586873967,3182.1394299538442,3237.5595959017187,2511141
2021-08-25,3239.330322265625,3273.635883891149,3193.338780294793,3195.9503862746396,2123263
2021-08-26,3250.706298828125,3264.6498484951503,3229.5030773757558,3240.2153511945357,1902533
2021-08-27,3293.466552734375,3301.744239038429,3232.33642943804,3245.5273844523076,3944728
2021-08-30,3276.778564453125,3311.3497586964454,3264.64993242064,3288.90719648561,2033114
2021-08-31,3352.162353515625,3367.7881130904075,3278.682054309323,3283.9495746993503,3207480
2021-09-01,3288.86279296875,3378.9425500537704,3281.824663529927,3360.616785206259,2643336
2021-09-02,3396.694091796875,3416.5248381180695,3295.1053390676925,3305.728999483816,3403717
2021-09-03,3401.38525390625,3414.531900131257,3368.1863248448262,3386.290764265217,1746812
2021-09-06,3410.194091796875,3432.857981147022,3376.5525093752026,3408.1578475277897,1723693
2021-09-07,3378.234375,3426.0851408991393,3371.461879985868,3420.817620761608,1585039
2021-09-08,3341.273681640625,3377.43847628922,3325.205482815809,3373.011951418592,4147175
2021-09-09,3356.54443359375,3371.860249411292,3333.172474016351,3355.0394587057644,1441148
2021-09-13,3404.306884765625,3410.5481106681864,3334.9431675228693,3334.9431675228693,1691473
2021-09-14,3440.206298828125,3449.590617426561,3386.291315708096,3408.379630212844,1991188
2021-09-15,3500.982421875,3523.5133876208283,3422.588632297016,3436.84212717988,2461369
2021-09-16,3455.610595703125,3525.062720600188,3445.6952242336656,3479.2481928696525,2946666
2021-09-17,3388.814208984375,3492.527584251267,3368.584906990132,3470.3949633117786,6477148
2021-09-20,3384.963134765625,3427.015115647374,3371.1082001517175,3372.126214285933,2002008
2021-09-21,3419.888427734375,3427.5021361240147,3383.325293125468,3415.506211825673,1568129
2021-09-22,3419.18017578125,3449.9004282075575,3410.592761622935,3419.4901189466127,1744067
2021-09-23,3425.4658203125,3434.09754267421,3395.1441289393133,3426.1297989557083,2003869
2021-09-24,3427.2802734375,3491.995920064041,3412.849762988791,3443.835428800622,2320754
2021-09-27,3396.8701171875,3456.229845648555,3366.725446335667,3452.688626544407,1673362
2021-09-28,3345.699462890625,3408.4233928218655,3320.999546057928,3408.4233928218655,2253075
2021-09-29,3356.987548828125,3369.470434317807,3295.2375323295264,3328.5693913486634,2489161
2021-09-30,3342.512451171875,3368.584633292451,3319.981488113893,3368.584633292451,2252412
2021-10-01,3302.3642578125,3373.011631270028,3297.760715611773,3348.0017681247846,1578374
2021-10-04,3340.52099609375,3349.6837720532653,3282.2235824322406,3297.583708781848,1356860
2021-10-05,3393.638916015625,3399.5704149180474,3312.4565094913187,3323.4342025006117,1877966
2021-10-06,3373.80810546875,3415.019088719637,3359.7318450635594,3396.029343257922,1678154
2021-10-07,3446.403076171875,3451.80352207463,3381.908749178324,3390.7174889832863,1647233
2021-10-08,3484.25,3532.277788850689,3452.688968067958,3474.821589658137,2934339
2021-10-11,3262.880126953125,3326.5334686806987,3240.216232966429,3324.3202062264863,11845402
2021-10-12,3233.8857421875,3281.8249109047315,3214.1877102836343,3280.9396061000634,5752877
2021-10-13,3235.9658203125,3253.893241175022,3226.9357552539627,3231.3622789237215,3545655
2021-10-14,3203.368896484375,3255.3029971474057,3200.4861349746393,3215.387837781838,6442299
2021-10-18,3235.03466796875,3239.9575806125013,3194.498652086735,3196.2726590535945,3590107
2021-10-19,3223.503662109375,3273.1316808571055,3215.565024146303,3254.4158205064023,3135441
2021-10-20,3201.062744140625,3219.8227819927815,3173.964743256937,3203.8567186109995,2933693
2021-10-21,3133.33935546875,3199.8202136986997,3114.4905341513513,3196.848882387854,4871211
2021-10-22,3103.492431640625,3159.1519039386526,3091.2073459542025,3157.7326116490563,2691670
2021-10-25,3098.259521484375,3117.4188879694334,3060.1627559922426,3107.1739519538623,2595594
2021-10-26,3089.07861328125,3130.235490892572,3082.337299759617,3099.6338687798507,3878763
2021-10-27,3095.420654296875,3114.491230718505,3089.433380304038,3089.433380304038,2510813
2021-10-28,3035.015625,3120.4785040796774,3029.1171379852467,3120.4785040796774,2424942
2021-10-29,3013.816162109375,3069.9191338563896,3003.3494774292535,3015.856313483621,3960501
2021-11-01,3083.57861328125,3092.9809361870434,3027.2982893992285,3049.4733749755624,2020718
2021-11-02,3090.497314453125,3116.5753452859794,3077.6801581714835,3099.18999139741,3087414
2021-11-03,3097.638427734375,3122.1639914892903,3074.3989759325955,3108.2380778051174,1537639
2021-11-04,3112.185302734375,3116.2656061888065,3108.947825999222,3115.9994617802777,328991
2021-11-08,3106.95166015625,3147.088570475876,3087.8366904944155,3147.088570475876,2526082
2021-11-09,3109.568115234375,3135.5573609997723,3100.964224626649,3111.60826658761,1782692
2021-11-10,3090.58642578125,3121.986263947992,3086.9496247069433,3102.7383307642617,1516489
2021-11-11,3094.045166015625,3113.4262766103825,3047.7436326028596,3086.7717815651777,1284514
2021-11-12,3127.618408203125,3134.8030058714526,3091.8277340904806,3109.833946572736,1747259
2021-11-15,3151.78955078125,3166.2477510085714,3129.3483191275823,3129.3483191275823,1809157
2021-11-16,3154.538818359375,3171.525063472704,3141.7660559672695,3165.7151478676415,2013204
2021-11-17,3123.937744140625,3160.2607130817687,3110.189188992321,3149.394919496819,1632914
2021-11-18,3082.95849609375,3123.006840214177,3061.5818383861247,3117.950746243194,2136598
2021-11-22,3067.61279296875,3118.659887291616,3051.558159680748,3085.3528628252743,3167936
2021-11-23,3072.802001953125,3087.614917705007,3022.730695618105,3055.7271838719826,2153461
2021-11-24,3054.218994140625,3098.347415365551,3037.099784404964,3079.8533069845294,2161746
2021-11-25,3056.52490234375,3071.6927469707193,3046.014042079063,3054.750895559476,1849619
2021-11-26,3057.367919921875,3095.642032063638,3026.3669761859983,3037.986807970762,1941251
2021-11-29,3106.286376953125,3130.546010236377,3021.5331459445556,3057.634146477923,2981745
2021-11-30,3130.368408203125,3161.0588168343756,3096.529310296403,3096.529310296403,5588446
2021-12-01,3173.521240234375,3184.3426398781166,3135.5574462309587,3135.5574462309587,2102118
2021-12-02,3231.264892578125,3235.788696950229,3170.2392263609663,3183.6328489847224,3152938
2021-12-03,3229.09228515625,3251.7108774665157,3220.5771803363205,3234.4143068763124,2486263
2021-12-06,3136.798828125,3244.6585313150194,3124.0260654159374,3229.0915778827693,1849642
2021-12-07,3179.464599609375,3191.439148945329,3126.0670229182915,3159.950519210043,1484458
2021-12-08,3217.07275390625,3234.413714813899,3194.0994509747115,3194.0994509747115,1428660
2021-12-09,3194.764892578125,3224.036008412116,3163.054517091301,3202.082671536623,1567957
2021-12-10,3225.854736328125,3230.467111738171,3171.12665750973,3179.907906529748,1510718
2021-12-13,3201.772216796875,3248.2069383784756,3194.7205820190884,3237.562895980731,1883864
2021-12-14,3214.322998046875,3224.2573929206765,3172.5450508459257,3197.647290640726,1747007
2021-12-15,3166.913330078125,3213.6139821147945,3156.0917131195874,3210.9529713650445,1603233
2021-12-16,3176.89208984375,3200.7080058928564,3166.6027617555383,3177.246804652196,2072320
2021-12-17,3179.330810546875,3238.760039975643,3169.8840941458316,3195.4298360766725,4333992
2021-12-20,3154.98291015625,3198.5348720459833,3113.515493276563,3183.4558113624607,2312310
2021-12-21,3200.575439453125,3229.7577740641314,3163.4098551245897,3177.8236650038443,2340989
2021-12-22,3220.48828125,3225.8546962749856,3198.756693316205,3214.501007023342,1224328
2021-12-23,3248.827392578125,3255.746062584974,3219.8224239704277,3235.788485576893,1792861
2021-12-24,3256.10107421875,3286.3479803080686,3232.950412710677,3268.607910238929,2209923
2021-12-27,3278.453857421875,3281.9130845923037,3240.312705357694,3256.189982037391,1534135
2021-12-28,3287.72314453125,3304.088317180793,3276.458242438429,3290.783263554562,1456218
2021-12-29,3277.21142578125,3299.608261679854,3268.6075360932914,3275.038310757247,1456923
2021-12-30,3311.849365234375,3317.3931371882327,3264.172926431202,3265.370467794672,1966475
2021-12-31,3315.929443359375,3335.1329814850587,3309.676025708375,3319.8765654123854,1207141
2022-01-03,3386.357666015625,3397.2234590635435,3321.8281603636997,3326.2631779342787,2346158
2022-01-04,3445.786865234375,3449.6895940340164,3380.991215898721,3398.199213823808,2488606
2022-01-05,3424.67626953125,3432.703694867435,3381.6122044154104,3428.2686771738076,1733031
2022-01-06,3377.221435546875,3401.658425302727,3345.777204756685,3381.257344785918,1810293
2022-01-07,3418.068359375,3428.180113754431,3367.420367389519,3388.3537388899704,2460591
2022-01-10,3441.44091796875,3528.500232508882,3424.7208139056797,3528.500232508882,3937092
2022-01-11,3473.416748046875,3481.488566120969,3420.285327633747,3420.285327633747,1906106
2022-01-12,3423.744873046875,3485.0369042039447,3403.0334703465164,3481.4888900484816,3203744
2022-01-13,3457.451171875,3479.715048380294,3421.1728120323205,3475.2800304751445,6684507
2022-01-14,3519.762939453125,3527.613007244821,3423.877988650264,3439.6666946537052,3348123
2022-01-17,3565.00048828125,3586.1556110947845,3514.5744627618396,3541.539286003683,3442604
2022-01-18,3539.67626953125,3585.002018651542,3530.2739457678194,3578.1277414958386,2389041
2022-01-19,3478.409912109375,3564.91152862164,3474.722465771417,3564.91152862164,3102539
2022-01-20,3400.127685546875,3483.1637786694,3386.3105001298686,3474.2781567850393,6176776
2022-01-21,3406.30322265625,3422.3418138894167,3350.8570276785663,3382.756324156083,3112358
2022-01-24,3351.0791015625,3420.6533474824882,3323.311533128875,3412.078809123836,3258414
2022-01-25,3349.7900390625,3384.8882405984896,3307.4056719868713,3349.434701010458,3330501
2022-01-27,3242.5859375,3317.358367446384,3221.1272449654125,3315.225904723573,5718297
2022-01-28,3278.83935546875,3314.159706861077,3239.6981428031263,3239.6981428031263,3143862
2022-01-31,3319.89013671875,3339.2163623389933,3306.694902797494,3331.219303461651,2739393
2022-02-01,3377.11376953125,3383.644788341221,3320.02364934981,3349.879425432354,2105169
2022-02-02,3426.4736328125,3433.4044616031847,3377.11395747897,3401.3272782809076,1984212
2022-02-03,3398.394775390625,3449.842435432575,3390.7975258678207,3421.8527286158005,1960538
2022-02-04,3389.775634765625,3398.483587159522,3348.990719148999,3390.1311897835267,2307366
2022-02-07,3357.876220703125,3404.7923435959337,3337.572489673576,3368.538966045395,1919149
2022-02-08,3326.2880859375,3376.2697091125106,3306.33990816381,3369.028014039471,2946443
2022-02-09,3341.482421875,3356.9433164433626,3328.642742250787,3332.1080478469007,1638721
2022-02-10,3350.1904296875,3367.4729203279344,3339.216600228163,3367.4729203279344,2112459
2022-02-11,3283.19287109375,3334.3296693022535,3278.794531572369,3334.3296693022535,3851488
2022-02-14,3317.6689453125,3370.538393520359,3296.565594137094,3309.005464303649,5951745
2022-02-15,3392.352783203125,3407.63600953311,3330.331098756218,3364.096462084056,3931683
2022-02-16,3388.1767578125,3424.6078095847042,3381.867879146584,3415.633244203749,3256906
2022-02-17,3362.4970703125,3407.6360739487654,3357.876590209227,3398.7504518524192,3134372
2022-02-18,3371.1162109375,3390.709051805688,3338.861575025704,3348.991097834247,3688883
2022-02-21,3304.918212890625,3401.238487075305,3292.611756383807,3385.42203627491,7465922
2022-02-22,3186.7392578125,3259.157074169786,3172.1669250983023,3243.2518982097486,5408531
2022-02-23,3166.658203125,3219.1721021582184,3159.4162905968537,3208.598298112839,2426203
2022-02-24,3022.577392578125,3095.617375865612,3013.203235313269,3086.8649517934127,5039136
2022-02-25,3128.405517578125,3136.624718327283,3076.2024857929327,3081.533859251846,2549723
2022-02-28,3158.12744140625,3166.6132530334003,3070.7817416818107,3101.081796727202,3288942
2022-03-02,3150.974853515625,3173.899802351873,3115.299166886402,3156.617310428963,2761341
2022-03-03,3149.41943359375,3179.8084310877025,3136.7131690580727,3165.813577954369,1928039
2022-03-04,3131.60400390625,3164.347387967224,3098.460593342772,3111.3002726289433,2370257
2022-03-07,3096.550048828125,3152.618405439203,3049.145389831269,3065.539317577579,3054130
2022-03-08,3198.779296875,3206.8208277906424,3074.4250662664513,3074.4250662664513,3300992
2022-03-09,3227.79150390625,3246.806650388833,3196.2030706942073,3203.267097605841,2719654
2022-03-10,3217.439453125,3273.46334667686,3212.152551095779,3273.46334667686,2005441
2022-03-11,3198.068603515625,3234.2332591475283,3192.4708351186337,3201.7117953641396,1623423
2022-03-14,3237.031982421875,3241.7858768007827,3181.0525657618205,3181.0525657618205,1765688
2022-03-15,3193.403076171875,3251.2485526079276,3185.850298719793,3251.2485526079276,3651133
2022-03-16,3248.494384765625,3259.2460739095877,3213.2629811274664,3234.81061397706,3090475
2022-03-17,3263.466796875,3296.565738589953,3252.4042409503854,3284.6590919681585,3600452
2022-03-21,3222.54833984375,3300.075388245015,3212.1522059664503,3284.1257408719225,2413831
2022-03-22,3288.52392578125,3297.454018450051,3221.037676335606,3234.3661080997535,2907611
2022-03-23,3298.6982421875,3314.159354710851,3278.794535574468,3294.7886552601967,1596195
2022-03-24,3331.974853515625,3339.3942172821903,3283.2371329817483,3287.6799437165005,1879046
2022-03-25,3294.2998046875,3358.320753023483,3262.80031885229,3340.904847554434,1690133
2022-03-28,3294.521728515625,3299.2311511378443,3253.2035899409116,3283.237032979891,1760990
2022-03-29,3292.433837890625,3307.228310863317,3279.6828843085714,3283.0149923595486,2689063
2022-03-30,3315.71435546875,3321.445538331854,3293.189216689556,3321.445538331854,1583455
2022-03-31,3323.17822265625,3336.24004386944,3305.6291188569076,3323.2226941539616,2168110
2022-04-01,3339.883544921875,3343.6599346966455,3312.604725700365,3330.331500197456,1387014
2022-04-04,3350.1904296875,3358.7649677654217,3320.645737841415,3342.7708488713006,1472994
2022-04-05,3389.687255859375,3408.1693937254495,3351.6567488325595,3351.6567488325595,2314947
2022-04-06,3336.8623046875,3384.8001942913256,3315.358924868198,3384.8001942913256,2051729
2022-04-07,3273.59619140625,3328.1095666362144,3269.0201830609085,3328.1095666362144,2494829
2022-04-08,3274.928955078125,3292.1227192112146,3236.587585621282,3278.7942871496307,2296773
2022-04-11,3284.481201171875,3298.6539416877777,3248.672318365914,3278.794489914239,2291660
2022-04-12,3279.772216796875,3322.3342619156374,3241.786180504579,3272.5747757783615,4483476
2022-04-13,3253.8701171875,3296.432374272563,3248.1834062092184,3293.89988537501,1621672
2022-04-18,3134.891845703125,3207.7094730408703,3129.960282212317,3207.7094730408703,3820792
2022-04-19,3084.99853515625,3166.4353782692338,3055.8981276363893,3154.3953189467165,3170014
2022-04-20,3160.438232421875,3171.4118459733177,3092.1966087050055,3109.96785358262,2640370
2022-04-21,3224.281005859375,3237.9205218344946,3169.856573377936,3181.0525434049096,2280996
2022-04-22,3209.975341796875,3213.929400104954,3173.4998209772857,3182.0301046657846,1581465
2022-04-25,3152.796142578125,3184.606710585191,3139.3789844211183,3161.5040949392046,1960694
2022-04-26,3151.10888671875,3188.0729524476496,3126.095724964808,3176.7437818325066,1943469
2022-04-27,3164.34765625,3170.7897321857427,3115.5656783516138,3150.841554226717,1727648
2022-04-28,3184.873779296875,3202.7337507159955,3143.777774418422,3188.161416300322,1703660
2022-04-29,3151.463134765625,3219.4826064343897,3142.710928301958,3196.157851471607,2051115
2022-05-02,3147.642822265625,3152.5743861315545,3103.5257934019173,3127.6501716746743,1324161
2022-05-04,3091.973876953125,3150.3523618271915,3079.1341983708458,3144.176898799808,2305825
2022-05-05,3121.874267578125,3139.290173030347,3096.950272047163,3120.719310294704,1612262
2022-05-06,3050.07861328125,3087.3092816962812,3042.881172879239,3073.536567962998,2010812
2022-05-09,3061.185791015625,3070.87103244035,2973.8845528972033,3019.3344236783305,2481830
2022-05-10,3055.543212890625,3078.6903011908057,3040.6597962956653,3051.32254251295,1622685
2022-05-11,3031.7744140625,3064.162464870448,3005.25074397707,3052.211345927517,1841769
2022-05-12,3028.797119140625,3065.272636777598,2976.7719816685094,3001.562777515555,2807195
2022-05-13,3034.350830078125,3056.56488405373,3005.250419370082,3052.21101624816,2187823
2022-05-16,3000.4970703125,3047.7685389584967,2991.4337786855167,3034.440105114655,1195813
2022-05-17,3066.961181640625,3080.644951878495,2977.0385191605064,2994.454423948811,1754076
2022-05-18,3064.473876953125,3105.525414148164,3059.3646434391476,3078.868543640455,1866781
2022-05-19,2898.445068359375,3025.553918820275,2870.0555529484545,3018.445422094706,4642963
2022-05-20,2926.034912109375,2944.605772697741,2905.6424558809776,2941.140467379906,3065125
2022-05-23,2951.581298828125,2966.8200528085695,2902.9325214936357,2936.5202138894765,2293690
2022-05-24,2921.592041015625,2954.3356395628116,2910.573958291516,2945.7164140697164,1711510
2022-05-25,2833.61328125,2945.610802185031,2821.4475663720973,2945.610802185031,3548046
2022-05-26,2886.66015625,2899.6758667069867,2845.153237526035,2854.501215690882,2813186
2022-05-27,2917.387939453125,2933.1318451391644,2888.672876025808,2910.1420170120946,3103153
2022-05-30,3019.32177734375,3029.474979929779,2939.7965833136136,2949.323427865297,2094624
2022-05-31,3009.57080078125,3026.6117549875394,2974.370271265418,3000.4462420749037,4840965
2022-06-01,3001.385986328125,3030.727190529451,2987.8336778962866,3030.727190529451,1493835
2022-06-02,3062.035888671875,3070.0868156359556,2993.4241436681764,3001.206662721046,2657939
2022-06-03,3077.37744140625,3110.610011492241,3069.371285099151,3094.597480482661,1913622
2022-06-06,3069.14794921875,3088.872766865215,3021.021246154396,3057.563601837621,1084210
2022-06-07,3008.0947265625,3058.323697921214,3002.1013022067764,3042.400709313866,2308256
2022-06-08,3045.174072265625,3053.940682272369,2993.6034913799344,3023.704930238696,2185707
2022-06-09,3065.7041015625,3074.5600352543865,2999.507580582336,3028.043561052109,1279197
2022-06-10,3005.5908203125,3035.2004374316516,2998.523980628027,3025.360412435557,1527582
2022-06-13,2880.08544921875,2945.7451536237168,2855.7983516097243,2943.0615109086025,3030921
2022-06-14,2871.989501953125,2897.3497923832656,2839.9198869193006,2853.606507263308,2611493
2022-06-15,2868.187744140625,2892.966666653976,2863.4465986268947,2879.1011801564077,1404536
2022-06-16,2810.668212890625,2902.6725095727124,2802.6620565361654,2898.3338668891233,2032028
2022-06-17,2763.16748046875,2789.8698087215957,2704.9773446255776,2765.9406648712384,5240434
2022-06-20,2784.189697265625,2807.7611124816544,2745.3664210931734,2767.7301097628797,1502769
2022-06-21,2873.241943359375,2896.321313698456,2795.8188096638946,2799.9338157288753,2964461
2022-06-22,2883.08203125,2907.7716314048353,2847.344899703459,2862.462666195436,3336315
2022-06-23,2959.87939453125,2968.109189472764,2883.082389175418,2883.082389175418,3692578
2022-06-24,2945.834716796875,2992.261648742065,2931.8796872203643,2986.8943632734695,2132118
2022-06-27,2965.15673828125,3008.2738867735548,2957.821492005862,2996.734310666759,2037686
2022-06-28,2968.24267578125,2978.8431509287448,2927.49621220182,2958.2685585950026,1400046
2022-06-29,2943.5087890625,2981.5270609163695,2926.065111388372,2926.065111388372,2133994
2022-06-30,2922.576171875,2961.7571769517335,2911.7520599621494,2926.959367187758,2719603
2022-07-01,2965.5146484375,2981.526962105953,2909.1133821479257,2916.2249914387658,1502879
2022-07-04,2893.90625,2968.0641585009434,2884.9607740218207,2962.7416439730086,2622535
2022-07-05,2877.133056640625,2926.959306784252,2868.7689504809973,2911.7519998724756,2170627
2022-07-06,2916.89599609375,2923.828739778401,2864.5649631192855,2879.101361167748,2182144
2022-07-07,2941.138427734375,2969.361229929666,2920.742698680176,2926.0652132459163,1989921
2022-07-08,2921.100341796875,2956.47974214826,2907.279625410543,2952.0070042630127,2136916
2022-07-11,2785.44287109375,2884.9165387668695,2778.465354855782,2868.054226058068,6974600
2022-07-12,2759.410888671875,2805.480089247644,2755.4301956021764,2786.4261820294582,3734815
2022-07-13,2718.306396484375,2782.04291010001,2714.9518431361835,2776.675624742904,3863530
2022-07-14,2689.60546875,2741.85041032722,2661.1286121821595,2740.9535014589414,4764908
2022-07-15,2685.883544921875,2716.6473457633606,2648.5720461846936,2707.3644698054904,4574806
2022-07-18,2747.68017578125,2759.7435556409487,2703.552305539903,2711.3553684957465,3202795
2022-07-19,2757.322021484375,2761.5374492687492,2717.678694261558,2717.678694261558,1865074
2022-07-20,2838.537109375,2844.949919921643,2778.668444964135,2787.4133060578565,3402251
2022-07-21,2849.749267578125,2855.7585146279594,2819.9270406273145,2840.511060247094,2420640
2022-07-22,2844.09765625,2867.4172838319932,2819.4326655382765,2856.65437879415,2075886
2022-07-25,2840.2861328125,2857.9551935626573,2824.4557790199847,2838.716542307275,1797504
2022-07-26,2794.67822265625,2842.214392123494,2777.278278402279,2838.447418714807,2639367
2022-07-27,2860.10791015625,2864.8166816784224,2789.386558848772,2793.871103155603,1389808
2022-07-28,2924.371337890625,2927.5105189004753,2871.5881638933847,2884.4588936225273,2106333
2022-07-29,2961.502685546875,2975.3152106143125,2937.3759296220765,2950.829559834086,2430257
2022-08-01,2958.722900390625,2984.0156856722806,2933.78879105321,2984.0156856722806,1306913
2022-08-02,2952.4443359375,2971.368979620975,2934.3714928201657,2950.829856355455,1269114
2022-08-03,2995.2275390625,3003.748174373503,2939.215617049292,2941.86145474622,2895824
2022-08-04,3009.08447265625,3038.637577140398,2966.3917403654004,3004.6448173920953,2150567
2022-08-05,3018.142822265625,3028.860837995697,3009.1288455657577,3014.689636001641,1106933
2022-08-08,3026.57373046875,3030.5649306683526,2992.0876323376488,3018.097986455692,1068836
2022-08-10,3008.45654296875,3036.0364904074586,2991.1910474176884,3036.0364904074586,1878359
2022-08-11,3069.67041015625,3075.231200998242,3027.1121308061656,3049.4899618791087,1449248
2022-08-12,3050.880615234375,3066.531632271564,3032.673320157422,3066.531632271564,1472354
2022-08-16,3042.94287109375,3062.8095351985526,3038.2789884704052,3059.35634824282,839942
2022-08-17,3050.476806640625,3065.589589525235,3023.56954088203,3036.126264902708,1622326
2022-08-18,3032.673095703125,3042.3148659889093,3015.4076000750924,3040.5210482613215,1430659
2022-08-19,3036.70947265625,3068.773967568001,3023.7042929018335,3037.8306088419754,1398410
2022-08-22,3008.7255859375,3035.22928589152,3002.3125563634576,3018.0982394990715,1536532
2022-08-23,2945.9873046875,2997.3800137393264,2932.892346073451,2977.69290554707,1849256
2022-08-24,2919.75244140625,2966.9746068558716,2915.13322924158,2952.624064621986,1691923
2022-08-25,2886.431640625,2940.20127537172,2883.3373492906517,2938.2730091845947,1946930
2022-08-26,2890.01953125,2921.23200171297,2885.1763112522453,2900.872215467774,1457962
2022-08-29,2809.61181640625,2818.7153534977124,2763.376122142402,2802.840110903929,2539173
2022-08-30,2880.10888671875,2893.876525731647,2818.1775032098362,2829.7475402706787,3431525
2022-09-01,2808.849609375,2861.1394429895345,2799.252727764996,2861.1394429895345,3546935
2022-09-02,2807.68310546875,2836.9224187454834,2798.6244583411744,2836.9224187454834,2052900
2022-09-05,2810.3740234375,2823.4240906299206,2791.4044893857963,2801.6291623975735,2147912
2022-09-06,2804.678955078125,2817.0563414080293,2786.112985069215,2812.257791314557,1936453
2022-09-07,2824.904296875,2835.936100924758,2782.211346585574,2782.211346585574,1291534
2022-09-08,2842.88671875,2855.308992469009,2834.3214154044554,2843.200724399798,1346113
2022-09-09,2885.938232421875,2900.154323109825,2841.855256772377,2865.623337663798,1561185
2022-09-12,2908.630859375,2932.7129524680436,2892.531387385331,2905.895243260765,1785928
2022-09-13,2896.432373046875,2927.016830182846,2892.5307323772486,2927.016830182846,1972678
2022-09-14,2798.714111328125,2817.549195989468,2792.794644674827,2811.8090673004745,5090269
2022-09-15,2784.319091796875,2814.2757599671518,2780.4174506886047,2807.32471634043,2138023
2022-09-16,2698.529541015625,2775.349913346331,2690.7264780237324,2758.8915488003336,5322221
2022-09-19,2716.556884765625,2728.3960348106734,2679.7836311735023,2723.014583065485,2072220
2022-09-20,2726.872314453125,2762.4346666011033,2717.63410850771,2735.5722874417543,1544295
2022-09-21,2691.802734375,2727.85842551412,2689.0671186515897,2715.839934791707,2253818
2022-09-22,2697.36376953125,2717.5891092550232,2672.1607605323097,2681.757642079149,2017983
2022-09-23,2674.627197265625,2710.9071180452506,2671.8915813587437,2694.3143035923686,2652374
2022-09-26,2685.70361328125,2713.9115701152955,2624.4449176434205,2654.715589532401,2925489
2022-09-27,2706.377685546875,2713.1493914587795,2669.200855861596,2699.1575251901013,2227447
2022-09-28,2722.700927734375,2735.5267665048214,2672.7880439651785,2672.7880439651785,2739767
2022-09-29,2688.304931640625,2740.818988441174,2681.757453261362,2739.1596194850167,2493902
2022-09-30,2694.8076171875,2708.395699120603,2645.9709725023213,2682.520009335048,2817353
2022-10-03,2677.228271484375,2709.2927657878695,2667.4071624781054,2686.2422500409975,1763331
2022-10-04,2772.47998046875,2778.623894292473,2711.3557238367157,2717.589197171234,2145875
2022-10-06,2782.16650390625,2801.94338884146,2773.6458694011303,2790.2835732028752,1790816
2022-10-07,2748.935791015625,2784.901922759827,2742.8369861368456,2778.085328049343,1939879
2022-10-10,2797.055419921875,2804.6342566739895,2695.2113659435045,2699.695910645574,3064063
2022-10-11,2753.106689453125,2820.778420484031,2738.5768094281584,2780.417520985849,4730645
2022-10-12,2781.08984375,2789.2964713334904,2746.3795184552414,2766.8737522836636,1665247
2022-10-13,2783.376953125,2789.3861979242265,2737.679496345662,2781.089792030079,2054781
2022-10-14,2779.655029296875,2825.262932800845,2754.407132263935,2820.778388463066,2245977
2022-10-17,2798.178955078125,2813.15104677649,2761.9399421370213,2763.0189742303005,1517005
2022-10-18,2827.808837890625,2837.3857701324823,2813.2863596612765,2832.5748013053026,1793722
2022-10-19,2807.261474609375,2840.6677838083356,2798.403970627268,2840.6677838083356,1194289
2022-10-20,2839.13916015625,2841.5670374514175,2792.1093833185605,2792.1093833185605,1587601
2022-10-21,2821.244384765625,2841.926676749231,2811.8924796841284,2839.5888102481545,1021913
2022-10-24,2843.095947265625,2857.7534427519686,2837.071149113424,2850.6496123176526,260949
2022-10-25,2843.455322265625,2863.373179310594,2833.608577956596,2860.001066749578,2069643
2022-10-27,2839.22900390625,2854.1563112448976,2818.501925922069,2842.1965071167756,2438421
2022-10-28,2844.489501953125,2858.2027604387918,2828.0785532735567,2832.574703596726,1355739
2022-10-31,2871.37646484375,2876.637048668789,2857.5734147297503,2876.637048668789,1919414
2022-11-01,2931.22021484375,2933.8281137695244,2880.638523413628,2890.5750595933964,2991060
2022-11-02,2915.0341796875,2940.482435498772,2897.364395986869,2940.482435498772,1405955
2022-11-03,2883.605712890625,2902.7593552031317,2873.0397607189666,2902.7593552031317,1422652
2022-11-04,2893.182861328125,2895.565952837209,2847.0973182984712,2892.823257100407,1464013
2022-11-07,2907.840087890625,2916.023168933433,2873.1299406493004,2903.6137506809055,1474498
2022-11-09,2891.968994140625,2922.318009880542,2879.0199490351015,2922.318009880542,1162267
2022-11-10,2882.616943359375,2900.0171339786884,2850.5594774302144,2850.5594774302144,1573092
2022-11-11,2981.8017578125,3004.8671396793848,2927.038737099528,2940.1225778724047,3265394
2022-11-14,2999.381591796875,3011.5211965005947,2975.5519973784617,2989.0404470492617,1342074
2022-11-15,2996.774169921875,3003.3833791047664,2960.26534186353,2986.3430134656087,1400708
2022-11-16,3017.231201171875,3028.5163610418354,2986.747175147765,3002.438693350734,1748235
2022-11-17,3011.521484375,3021.4130150791284,2983.420544874636,3003.4284137988952,1417986
2022-11-18,3006.53076171875,3023.8859461395887,2986.3430903663884,3012.4207626399884,1164540
2022-11-21,2952.622314453125,2997.763625863064,2943.180397504211,2987.692291691947,1304194
2022-11-22,2980.90283203125,2984.4997524987552,2927.2188379614577,2949.474783354145,1149739
2022-11-23,2974.9228515625,2994.4360999578107,2959.3661276159623,2994.4360999578107,1150011
2022-11-24,3039.532470703125,3051.0426596485013,2974.9229211016186,2982.0717563383823,1296591
2022-11-25,3048.075439453125,3060.395068338358,3010.6225909150426,3042.09564667431,1588981
2022-11-28,3053.111083984375,3072.6693392164375,3026.4039931614175,3026.8086028102216,2195437
2022-11-29,3054.9990234375,3083.459564145022,3042.094985565065,3042.094985565065,1576028
2022-11-30,3049.10986328125,3070.781179784717,3034.9019819469286,3042.095823681914,3410702
2022-12-01,3125.408935546875,3129.320674205069,3075.366869477395,3079.8630198713677,2180856
2022-12-02,3092.58740234375,3119.339500342452,3069.0726208258848,3109.6279899771803,2411749
2022-12-05,3080.672119140625,3092.586917220595,3063.6767591287817,3087.0567402668353,1475065
2022-12-06,3044.208740234375,3064.53120899408,3028.6070100128413,3057.427378941616,1166999
2022-12-07,3039.9375,3051.717283114325,3016.0178904534705,3028.8769253670016,1167505
2022-12-08,3012.9150390625,3039.9369437406544,3002.93349851656,3021.4127184253575,1285619
2022-12-09,2960.939697265625,3034.092148416434,2946.192412509452,3034.092148416434,1797896
2022-12-12,2955.2744140625,2963.8621045413224,2909.99831491075,2927.443289239768,1527610
2022-12-13,2996.32421875,3000.2357373283435,2938.503688776715,2946.9563625323067,1378016
2022-12-14,3026.223876953125,3036.699819013769,3004.237527032983,3011.3415760111543,1213311
2022-12-15,2972.04541015625,3025.6843963408824,2966.5150134691307,3020.3340212997255,1415694
2022-12-16,2913.730224609375,2960.2653805768264,2900.1967681932483,2944.9784694377604,2703680
2022-12-19,2879.3798828125,2918.4513880687246,2872.590651420595,2901.815630657148,2120965
2022-12-20,2917.05712890625,2921.598284336248,2844.84891564421,2876.5467732997513,1529971
2022-12-21,2939.178466796875,2952.2173027124622,2913.5054045863976,2921.598475154693,1432566
2022-12-22,2931.22021484375,2962.06385014797,2918.0915875468195,2962.06385014797,1384101
2022-12-23,2903.02978515625,2937.650146439141,2892.8234349885756,2892.8234349885756,1360281
2022-12-26,2925.10546875,2942.2808512656748,2900.0620424940166,2903.0295456954937,870157
2022-12-27,2931.040283203125,2943.8993165416755,2905.861842359533,2939.762770587653,835883
2022-12-28,2928.882080078125,2936.97514996556,2900.9159396516716,2922.3176572617135,910795
2022-12-29,2939.358154296875,2941.8310368741036,2902.714530652486,2905.502231554976,1037927
2022-12-30,2928.52294921875,2966.56043059669,2919.0810321162144,2954.915443411287,1163131
2023-01-02,2932.7939453125,2937.649919541841,2909.1891553518903,2932.3893356780377,709547
2023-01-03,2977.665771484375,2985.4440242743467,2918.271577635895,2924.2963755843903,1245178
2023-01-04,2980.6328125,2992.05320982366,2955.049761355759,2973.4839774740417,1231668
2023-01-05,2977.440673828125,3001.000456972908,2951.227986433968,2994.615835872255,1826057
2023-01-06,2887.922607421875,2968.8533202291715,2877.53645537055,2967.45946960088,2488376
2023-01-09,2985.39892578125,2991.738541892258,2896.5549480175173,2903.6139921160507,2885060
2023-01-10,2955.2294921875,2965.6606483841506,2904.6030169681453,2953.970657956924,3864655
2023-01-11,2993.26708984375,3011.9711192058594,2941.5163554119845,2958.556940867891,2720512
2023-01-12,2998.347900390625,3012.4207633052556,2981.442331005253,2993.5369316546853,2250391
2023-01-13,3034.4970703125,3038.498600471692,2971.9555710443747,3006.036305057248,1742837
2023-01-16,3066.2255859375,3083.6532862672816,3033.1174683396407,3050.5451686694223,1843607
2023-01-17,3107.01318359375,3110.140196457376,3054.2242129347997,3062.501243322157,1688475
2023-01-18,3117.680908203125,3135.108607607236,3101.356767754569,3108.484209358868,2421189
2023-01-19,3102.138671875,3114.9219938480996,3091.0105761214827,3108.4843044601644,1585044
2023-01-20,3092.942138671875,3121.9575463467286,3086.0446139576375,3094.689421787962,1529349
2023-01-23,3140.580810546875,3144.35154713911,3086.044562341497,3115.8417787971057,1067916
2023-01-24,3160.26171875,3174.654462857429,3142.787990669495,3149.8694039858374,1387863
2023-01-25,3154.23779296875,3159.0660598724853,3131.4759632797122,3150.1453068799115,874110
2023-01-27,3137.040771484375,3169.1831969012133,3110.600255839886,3150.789794713742,1785879
2023-01-30,3157.824951171875,3180.632813128412,3113.5889568511743,3145.2715449050534,1953798
2023-01-31,3088.895751953125,3171.9420023718426,3081.8143374740634,3171.9420023718426,2820375
2023-02-01,3134.556884765625,3144.351279049428,3085.492407490737,3092.8497664355737,2205161
2023-02-02,3182.42626953125,3190.3355220668445,3145.36374476132,3151.7093785307225,1813847
2023-02-03,3202.566162109375,3222.5229516932764,3175.527735502913,3222.5229516932764,1804469
2023-02-06,3182.011962890625,3194.1515611886443,3160.7677220012893,3194.1515611886443,1138714
2023-02-07,3193.599609375,3212.4068130598766,3183.3451557440176,3190.242679677012,1455647
2023-02-08,3237.330322265625,3255.5396078857866,3198.658155467108,3198.658155467108,1986946
2023-02-09,3256.41357421875,3262.621346651852,3223.719261165319,3232.6400151634225,1655427
2023-02-10,3253.378662109375,3257.7931230269464,3226.340229319755,3237.238408660434,1187821
2023-02-13,3202.658203125,3263.9083050860527,3194.3811744561426,3263.9083050860527,1087939
2023-02-14,3218.936767578125,3241.6985980328905,3214.246361188052,3223.4430603616947,1579818
2023-02-15,3237.835693359375,3242.7560170595057,3182.1956652731296,3206.888891516306,1429449
2023-02-16,3272.2314453125,3287.8198047959163,3243.6756507734817,3243.8595398428197,1618931
2023-02-17,3219.902099609375,3254.619637461406,3209.64787029373,3242.89384653125,1061369
2023-02-20,3207.1650390625,3239.0775411980735,3195.8990822539604,3220.6841423269884,1296082
2023-02-21,3173.781005859375,3227.029806293947,3168.0330686566454,3213.326813814157,1139541
2023-02-22,3128.3037109375,3170.102669903836,3122.279827189882,3140.6271998253364,1218430
2023-02-23,3139.56884765625,3175.0679676657396,3134.2347178433697,3146.1904253938287,1441570
2023-02-24,3127.291748046875,3158.100692470088,3110.599827670895,3147.5705160729894,977592
2023-02-27,3064.2021484375,3117.6808616060457,3049.6252911757074,3117.6808616060457,1128022
2023-02-28,3046.728759765625,3119.52054831469,3034.8188539926205,3061.121505031087,4116217
2023-03-01,3113.7265625,3116.7615182969907,3048.705940736065,3056.0633004723813,1669307
2023-03-02,3054.637939453125,3099.1959069642853,3051.465122793596,3091.010933607377,1556538
2023-03-03,3073.6748046875,3088.2516630694918,3063.5126314585646,3084.5729833040723,1043190
2023-03-06,3100.9892578125,3131.430198902516,3089.171408964008,3091.8383620479917,1334132
2023-03-08,3118.048828125,3123.199069523481,3063.2826636402224,3093.769631883684,1844590
2023-03-09,3068.80078125,3113.0827998019863,3063.28276151623,3113.0827998019863,1648500
2023-03-10,3063.4208984375,3069.168836178489,3025.714426856612,3046.7747809280686,1024404
2023-03-13,3018.310546875,3099.1036364238453,3009.159876386488,3065.25973960763,1901233
2023-03-14,2956.692626953125,3038.9570525672148,2951.5884142286423,3016.517197373872,2670334
2023-03-15,2941.93212890625,2998.4460272576657,2935.5864960289846,2988.9273534129698,1780522
2023-03-16,2929.148681640625,2961.1532396142297,2917.1929727359693,2950.301089702708,1901060
2023-03-17,2923.90673828125,2962.62470874156,2891.4423439035454,2897.420198622175,6739966
2023-03-20,2890.798828125,2915.031998513119,2846.424749516427,2915.031998513119,2289468
2023-03-21,2856.5869140625,2903.168107097095,2848.631634298453,2890.798591207588,1815297
2023-03-22,2879.302490234375,2890.9822527438723,2856.5866892222766,2878.6127378279625,1123939
2023-03-23,2873.646484375,2893.603500974921,2851.896380891422,2864.679702784,1372218
2023-03-24,2869.830078125,2915.3537406365167,2856.4948638539495,2895.9486148857454,1329577
2023-03-27,2871.485595703125,2899.48950141767,2856.4949302682685,2883.165359430464,1524217
2023-03-28,2865.599365234375,2896.5463922339063,2860.3112632842117,2875.807790984465,1303530
2023-03-29,2886.75146484375,2896.9598895039826,2854.747135211286,2877.646823573956,1740616
2023-03-31,2948.369384765625,2954.899130296117,2898.7992713020108,2933.7006960491485,2382581
2023-04-03,2942.94384765625,2965.889568062685,2918.8025114059446,2965.889568062685,1521830
2023-04-05,2979.546142578125,3002.124080161774,2929.608029549772,2929.608029549772,2655065
2023-04-06,2961.98095703125,2995.686995347432,2956.7388832326774,2965.935582713961,1703464
2023-04-10,3001.250732421875,3009.159983559372,2956.738798026706,2961.3371476348343,2203187
2023-04-11,2955.635498046875,3010.033888866784,2935.7245077814828,3001.8028872526584,2348779
2023-04-12,2981.247802734375,2998.99747647919,2942.023971821231,2968.6483701740635,2417727
2023-04-13,2932.68994140625,2970.5342743154897,2924.550771617108,2952.140873236137,4174070
2023-04-17,2887.303466796875,2909.283486192707,2823.6163302860664,2882.3373394653017,5505048
2023-04-18,2879.2568359375,2903.260312610947,2860.725575355622,2901.512804903714,2617302
2023-04-19,2841.412353515625,2887.7636289587313,2824.7662376900453,2879.256681962595,3298034
2023-04-20,2855.39111328125,2862.9323614573923,2830.7439153761175,2841.7799540325545,2419999
2023-04-21,2906.938720703125,2910.2493976571473,2851.7124977803655,2860.173416034582,1929184
2023-04-24,2919.76806640625,2925.4239465242517,2875.02599070183,2897.9719345104572,1640676
2023-04-25,2920.871337890625,2934.8502741989582,2894.6607481142137,2927.3090266076383,2024090
2023-04-26,2941.2421875,2950.6688039321384,2925.469938598228,2925.469938598228,2000029
2023-04-27,2931.861572265625,2942.207858497585,2915.9512383098318,2929.1485910038896,2434446
2023-04-28,2960.64697265625,2968.0043309792286,2939.4945674776855,2943.311107296228,2931312
2023-05-02,2960.785400390625,2975.1323416797973,2952.140592516893,2975.1323416797973,2321159
2023-05-03,2924.458251953125,2957.658425458373,2918.2504800713327,2957.658425458373,2468285
2023-05-04,2961.98095703125,2965.429719336731,2922.711095151928,2924.688295728886,1953253
2023-05-05,2971.17724609375,2983.4088996200167,2952.1861540997215,2961.3368239138267,1710027
2023-05-08,2989.479248046875,2993.38784535891,2971.7295729946986,2984.3290064830276,928235
2023-05-09,3019.50634765625,3033.071479348302,2985.248642196661,2991.3185536466567,1107375
2023-05-10,3022.771240234375,3040.888693365604,3003.6880887487146,3025.714139172187,1559987
2023-05-11,3018.494384765625,3043.8313346801706,3009.1598253633715,3043.1876106746317,1719623
2023-05-12,3011.275390625,3025.71416407058,2998.124065310058,3015.7356552073384,1027479
2023-05-15,2993.57177734375,3027.553537790775,2987.41003345753,3020.196178039157,1150390
2023-05-16,2996.42236328125,3021.115589647415,2989.3409500316684,2994.6290519009144,986306
2023-05-17,2950.945068359375,3016.517583915495,2941.334561816381,2994.3994756276697,1588815
2023-05-18,2942.8056640625,2969.567922023238,2938.345175471324,2966.8089124688054,1369364
2023-05-19,2963.958740234375,2974.6728066129963,2945.749228155651,2952.140890161607,1152449
2023-05-22,3033.715087890625,3042.6818695151333,2958.6241295338236,2970.533809965233,1333243
2023-05-23,3032.197998046875,3060.6157110445483,3025.806336495552,3040.4289995858485,1687418
2023-05-24,3037.9912109375,3050.728502477714,3012.8381530291294,3012.8381530291294,1016555
2023-05-25,3028.932861328125,3040.42873525149,3004.653665413494,3029.3926962850596,1374917
2023-05-26,3061.489013671875,3070.455795118888,3026.6336145765354,3028.932789306539,1791115
2023-05-29,3053.6259765625,3101.126836063768,3045.946643251246,3090.8265783111865,1210372
2023-05-30,3049.809326171875,3059.6957777547364,3036.152362656079,3048.7057671800108,1344224
2023-05-31,3025.25439453125,3060.3857428071565,3002.8603407413625,3043.187959113515,5815424
2023-06-01,3056.982666015625,3071.6973840229207,3032.611414316042,3047.7859672610653,1177314
2023-06-02,3040.0615234375,3067.9273473958942,3032.56607752585,3059.0526208852784,2030661
2023-06-05,3024.7021484375,3059.741660328517,3021.1615541519814,3048.7056218782786,1861468
2023-06-06,2972.64892578125,3024.6563011369967,2961.8888333525238,3016.5171330853027,2022849
2023-06-07,3011.826904296875,3015.45978007146,2980.6501840988403,2991.6862230402735,1567196
2023-06-08,2976.465087890625,3007.3200526021237,2973.292272190418,2999.0430249344113,1759366
2023-06-09,2951.496337890625,2988.926853893633,2947.8636870816445,2984.328504887643,1775689
2023-06-12,2986.07666015625,2992.9741856805217,2953.0605944582653,2956.739274737877,2324605
2023-06-13,2983.13330078125,3002.7223151549406,2978.81089702507,2998.123965514581,1371928
2023-06-14,2989.892578125,2994.3070381149414,2966.7169438387605,2983.132915215831,1658544
2023-06-15,2979.93310546875,3008.793791293159,2974.0960492911586,3006.8018859763647,2273810
2023-06-16,2941.575439453125,2964.2749262033685,2924.0644972966825,2962.0513934909673,4156189
2023-06-19,2974.466064453125,2978.6353572818057,2941.6677180136153,2955.565360775884,1468186
2023-06-20,2990.494873046875,2994.942164191664,2965.8034836575825,2977.8017372658956,1528452
2023-06-21,3018.753662109375,3021.718447715978,2987.020706957234,3011.1563283053792,1645987
2023-06-22,3000.5009765625,3027.508637655328,2992.7183873435865,3020.420930552339,1529603
2023-06-23,2979.979248046875,3010.600209425588,2973.308197955416,2999.389578963673,1119505
2023-06-26,2955.2412109375,2977.7090684012846,2939.8149168077966,2969.463223564131,1978803
2023-06-27,2962.37548828125,2973.771375126299,2948.431473899292,2966.683667337439,863542
2023-06-28,2979.14501953125,2993.5059172295346,2958.7154391788054,2972.242568780507,1575872
2023-06-30,3059.566650390625,3066.7471005505245,2977.8949109868468,2983.3612277258876,2672406
2023-07-03,3031.817626953125,3074.9003264457365,3028.5284723972923,3070.7310329464513,1687264
2023-07-04,3065.68115234375,3071.379095480353,3036.4497313989273,3048.2163572037293,1656681
2023-07-05,3075.9658203125,3084.350778301896,3062.114545595604,3076.0121910370362,1453008
2023-07-06,3078.69873046875,3083.8409041072446,3059.334769860957,3063.550433878052,1848238
2023-07-07,3084.582275390625,3110.2001769257495,3059.3348872388206,3059.3348872388206,1789326
2023-07-10,3031.4931640625,3080.412918176495,3025.239224007551,3080.412918176495,1407431
2023-07-11,3031.909912109375,3052.849119462837,3021.162536512691,3052.849119462837,1110172
2023-07-12,3020.328369140625,3047.4287732769135,3011.2487565769347,3039.8314402630454,1515240
2023-07-13,3095.051513671875,3119.974530016401,3032.234121121169,3042.657353528965,4585146
2023-07-14,3256.3564453125,3265.807022943904,3105.6597692443306,3117.7043924544073,6306101
2023-07-17,3235.09375,3289.0165672292546,3221.520473895772,3252.0489220985337,2743228
2023-07-18,3239.865478515625,3265.0201259531977,3210.356054604946,3220.5476611275017,2600090
2023-07-19,3215.03515625,3258.3958571561593,3192.4281829611255,3242.7840776173066,2405370
2023-07-20,3217.124755859375,3231.6157541053626,3191.8117167460496,3207.649828777992,1715404
2023-07-21,3128.87744140625,3190.743301408389,3120.2849419514946,3162.086290650304,3770223
2023-07-24,3153.447509765625,3170.8182482458337,3132.4075869016933,3140.6748745909354,1680132
2023-07-25,3157.534423828125,3164.6407891152476,3139.9314569469643,3156.001798437655,1272980
2023-07-26,3147.455810546875,3177.692164718962,3144.390332959445,3158.649328138262,1066803
2023-07-27,3155.444580078125,3169.1461341109766,3144.437026978076,3153.633233546405,1701769
2023-07-28,3116.894287109375,3152.47192520402,3094.228757385738,3144.3903763886888,2599831
2023-07-31,3178.249755859375,3183.0800891327967,3122.0036670222876,3125.254883408398,2743678
2023-08-01,3206.674560546875,3214.0594205054076,3172.258069660684,3172.258069660684,1956167
2023-08-02,3196.08447265625,3201.4257559135945,3170.957399805504,3190.789680697638,1914899
2023-08-03,3158.277587890625,3189.21063084712,3128.59867609207,3176.9024561267456,2026351
2023-08-04,3198.778564453125,3224.2773416333084,3159.4852515788793,3159.4852515788793,2248493
2023-08-07,3236.399658203125,3240.068842182521,3196.641887374026,3208.4391110234615,1853889
2023-08-08,3223.905517578125,3241.8799593916547,3210.900655025227,3236.399429459084,1634225
2023-08-09,3216.3818359375,3220.5619711755417,3181.593866924947,3218.6111506830484,1794589
2023-08-10,3197.431884765625,3218.6110545764855,3186.2383664939557,3204.770253471881,1096701
2023-08-11,3203.655517578125,3220.236583715237,3171.329094804473,3193.7161307988767,1679974
2023-08-14,3204.630859375,3209.414700848217,3168.5422705045635,3196.1311156291627,1190425
2023-08-16,3212.572998046875,3219.6328723246997,3191.0221251590224,3204.770170086617,1328445
2023-08-17,3191.533447265625,3214.802913522075,3170.586278504093,3209.4151379764926,1843241
2023-08-18,3127.762939453125,3167.6134698101937,3117.9163083336994,3167.6134698101937,2526749
2023-08-21,3159.856689453125,3167.3810227911003,3132.3143364914113,3135.101093018539,1375579
2023-08-22,3141.7431640625,3168.5425667238806,3125.8587859478707,3158.324458182701,1222012
2023-08-23,3156.69873046875,3160.1821764304236,3136.0302844294856,3147.1773115068418,1330046
2023-08-24,3146.945068359375,3170.4467623713062,3137.9810915042904,3165.7556764722162,1152881
2023-08-25,3140.953369140625,3145.133503987289,3112.110393341278,3135.1011349979294,1158046
2023-08-28,3135.612060546875,3152.750567923211,3121.2603097126043,3152.750567923211,1037485
2023-08-29,3136.169921875,3148.6175730660334,3125.8125653079715,3140.721761236875,944517
2023-08-30,3149.917236328125,3165.8483302087693,3142.578868343871,3156.4661593852143,1188200
2023-08-31,3118.195068359375,3174.487418701091,3105.979648519252,3159.2532391652235,3417652
2023-09-01,3139.002685546875,3148.1061360779117,3118.1949930075107,3126.741001486648,1277950
2023-09-04,3175.50927734375,3188.839354347761,3130.5032017453473,3137.888061684127,1828332
2023-09-05,3185.587890625,3201.9832173125233,3163.1078734372104,3176.902408821825,1501842
2023-09-06,3186.0986328125,3199.1034965488716,3156.559195183631,3189.907290764311,1314818
2023-09-07,3209.64697265625,3214.059337353484,3179.039140798069,3186.9349513089087,1885092
2023-09-08,3197.24609375,3218.704212548399,3190.88313491419,3209.6472526429598,1518917
2023-09-11,3233.24169921875,3237.9327853412556,3200.1258288885356,3215.917451266215,1783604
2023-09-12,3326.27294921875,3334.7259754079064,3235.424632526024,3243.7849028943087,4476016
2023-09-13,3314.24365234375,3333.750950799181,3293.0177630715493,3317.2626390094715,1754929
2023-09-14,3306.997802734375,3341.9715088947505,3293.574969875399,3316.28699181143,2604721
2023-09-15,3342.529052734375,3350.9358144624653,3309.227218164352,3314.2435164908143,2952897
2023-09-18,3349.820556640625,3362.0359753584007,3321.117055435085,3325.5759111878315,1395753
2023-09-20,3349.72802734375,3367.3309950501616,3325.52964476678,3325.52964476678,1649396
2023-09-21,3330.453125,3348.7527827829417,3277.2260243157334,3333.472111558681,2004073
2023-09-22,3347.49853515625,3375.45908502732,3311.6424013468136,3329.2453693121192,1989083
2023-09-25,3322.882080078125,3362.6863447912865,3305.697080802258,3346.430264395196,1238778
2023-09-26,3330.82470703125,3339.4172075080314,3284.6574795566185,3314.0114097379874,1726062
2023-09-27,3334.16845703125,3357.1127071544365,3302.9566931122054,3334.8186548656413,1541134
2023-09-28,3285.35400390625,3346.709144183534,3276.6222567368527,3344.1081258394006,1755753
2023-09-29,3277.78369140625,3314.8009776794106,3256.3720629859226,3285.7722587762732,2243791
2023-10-03,3264.081298828125,3282.984659656906,3232.730290454453,3282.984659656906,1948148
2023-10-04,3286.282958984375,3295.8043780585294,3230.129854777585,3238.4901251841598,1788138
2023-10-05,3334.21533203125,3366.4022830125305,3298.776937930184,3301.3779563539,2990768
2023-10-06,3363.98681640625,3376.573712868575,3320.931561429297,3335.747772538649,2075691
2023-10-09,3379.732177734375,3417.492640385133,3372.904533090084,3385.955889020274,4233074
2023-10-10,3370.953857421875,3388.696299926251,3345.3623220029544,3381.3114396957885,1848148
2023-10-11,3353.30419921875,3390.553937299432,3348.7525873875215,3390.553937299432,2426417
2023-10-12,3290.74169921875,3333.56472449737,3286.6080554652567,3320.885072209126,4241281
2023-10-13,3317.0302734375,3322.7430341793447,3274.4392495057846,3279.0838441859346,2890357
2023-10-16,3273.556396484375,3320.559552467454,3268.9582937059067,3312.5244954296677,1671104
2023-10-17,3257.76513671875,3282.9387033243615,3254.32818207953,3279.083780529412,1672065
2023-10-18,3239.37255859375,3272.3026895076964,3236.353572052656,3261.4343833171283,1408245
2023-10-19,3218.323974609375,3238.068190247176,3214.83151581122,3231.2228800533435,1514545
2023-10-20,3254.552734375,3259.16273477458,3207.5209532330896,3213.4347140416057,1481211
2023-10-23,3175.949462890625,3240.0244989975004,3167.707394851243,3234.4831753695994,1106272
2023-10-25,3157.2763671875,3189.779430139314,3145.2621710118374,3157.6488052225827,1518537
2023-10-26,3107.59033203125,3142.002652711776,3101.3039051963924,3136.740771569839,1984471
2023-10-27,3120.815185546875,3131.1063449752,3107.8232817317794,3119.930474618358,1108851
2023-10-30,3146.51953125,3150.524263288147,3104.796239719202,3119.930229639093,910972
2023-10-31,3137.392333984375,3165.5648365752554,3119.9766505847397,3165.5648365752554,999811
2023-11-01,3101.9091796875,3140.0470177894435,3083.608783594488,3124.5869734096973,1563475
2023-11-02,3129.3369140625,3144.098239691914,3113.597426931296,3113.597426931296,1245384
2023-11-03,3120.76806640625,3155.2269944023587,3114.6214751338234,3149.732283319998,1402598
2023-11-06,3148.102783203125,3159.3252644555632,3128.3121806905697,3143.213340229435,1099852
2023-11-07,3138.9755859375,3170.361105826031,3134.8312466684147,3146.0071156404942,1191144
2023-11-08,3149.313720703125,3168.312609208247,3138.137850435721,3139.907272278595,992899
2023-11-09,3117.555419921875,3158.5802210317074,3112.526369431392,3157.276460496739,2112352
2023-11-10,3104.5166015625,3117.5551151320815,3094.179059370797,3108.7541639473407,1338557
2023-11-13,3102.747314453125,3125.5181025923366,3098.509751884596,3125.5181025923366,1030990
2023-11-15,3170.5009765625,3178.603436184404,3125.564669561065,3150.7569866293434,2059802
2023-11-16,3257.62646484375,3286.9631232989923,3179.7212020773018,3194.482754503449,3951984
2023-11-17,3261.910400390625,3282.446106711715,3252.6903987151904,3257.6264533729463,2021292
2023-11-20,3277.882568359375,3291.200297423911,3251.4794860942648,3251.4794860942648,1475621
2023-11-21,3269.127685546875,3295.996426442188,3260.5595653542873,3277.8822521093884,1807236
2023-11-22,3287.708251953125,3290.0365583585913,3242.027062176816,3259.6289676526717,1798051
2023-11-23,3267.312255859375,3300.6070362048386,3259.628845010422,3287.568520824797,2729804
2023-11-24,3219.674560546875,3263.865760214727,3215.8560479939597,3254.273094614218,1989733
2023-11-28,3231.828857421875,3242.166628681105,3197.2303156229036,3219.6752800377117,1689195
2023-11-29,3272.434326171875,3276.3924466659996,3237.090683940245,3241.9335153053853,1441634
2023-11-30,3248.080322265625,3275.135057994798,3241.9335030426573,3259.1163570597796,3266235
2023-12-01,3270.478271484375,3275.414325764336,3250.361843721189,3259.628456286476,1172141
2023-12-04,3271.223388671875,3304.145727168507,3257.76582517753,3301.2119251213085,1625213
2023-12-05,3289.058349609375,3295.0187221482606,3262.236218437115,3295.0187221482606,1377656
2023-12-06,3356.579345703125,3364.728417171479,3283.051256098317,3289.989790276004,1896572
2023-12-07,3366.6376953125,3381.213029212423,3345.0310582673073,3357.4176932901005,1967653
2023-12-08,3377.627197265625,3394.670444147185,3354.670189052335,3383.494574372215,1641155
2023-12-11,3392.714599609375,3402.12104768493,3366.7307931511145,3374.0881498547355,1102503
2023-12-12,3419.909423828125,3444.4030235404603,3381.6319783454765,3389.0359467038065,2236866
2023-12-13,3346.75390625,3399.327014186455,3318.301959327764,3393.3200297320063,3850968
2023-12-14,3415.392578125,3425.4042954103893,3378.4657304357984,3380.7008135779533,3290396
2023-12-15,3595.83642578125,3628.386103974232,3414.880405810453,3414.880405810453,8531230
2023-12-18,3594.15966796875,3659.1660225226565,3567.1047044603515,3593.135349665333,2521612
2023-12-19,3554.113037109375,3590.341620394988,3529.7124319987875,3580.9351717771337,2004435
2023-12-20,3520.445556640625,3631.040100218342,3507.872703265474,3564.403931855312,2586083
2023-12-21,3527.3837890625,3545.26513467688,3486.2659937315334,3498.27996242007,1517562
2023-12-22,3561.377197265625,3581.819680420596,3503.635202958494,3539.025457533832,2413058
2023-12-26,3534.880615234375,3570.6899143624773,3529.8513380857476,3557.5117939691436,1285231
2023-12-27,3549.4560546875,3555.9753117984196,3509.2229705634127,3538.093966340341,1293976
2023-12-28,3538.932373046875,3574.415852211362,3531.6682392482426,3561.377336856761,1682889
2023-12-29,3532.87890625,3560.073706886277,3506.8018745840577,3531.5751456161715,1574996
2024-01-01,3549.363037109375,3568.8275851289145,3513.8795612451445,3529.71204270318,825907
2024-01-02,3523.37939453125,3549.3634298706984,3508.524845464829,3549.3634298706984,1344068
2024-01-03,3438.20947265625,3512.8084878989966,3433.8323028478494,3508.2914833063164,1803075
2024-01-04,3414.972900390625,3463.58788246761,3400.2579615190225,3447.5225716387404,3598144
2024-01-05,3481.190673828125,3490.3642924356573,3422.470965489444,3422.610572930703,1963127
2024-01-08,3425.68359375,3482.9133158422196,3420.1886545813795,3481.1902782695042,1067805
2024-01-09,3436.487060546875,3494.6483369499874,3429.8281951199665,3455.160123552573,1370944
2024-01-10,3458.046875,3473.1342532438607,3434.7172021085626,3436.579847012092,1292227
2024-01-11,3479.001220703125,3513.8791969420186,3452.4119223599428,3468.2444021765377,1777909
2024-01-12,3616.138916015625,3637.0470599000287,3559.142026578151,3583.7288487280734,6813450
2024-01-15,3635.697021484375,3692.693916153037,3618.188112044023,3688.037303396224,2801505
2024-01-16,3596.115478515625,3631.2262899610105,3590.760374343459,3631.2262899610105,1432672
2024-01-17,3617.815673828125,3641.424564080022,3550.7138385303956,3556.7208235117105,3458696
2024-01-18,3634.579345703125,3640.353499833649,3596.7675605644026,3630.2951711755672,2239110
2024-01-19,3697.8349609375,3717.0600825465317,3671.5762582519933,3699.66364622584,2941975
2024-01-23,3618.30810546875,3689.253392795468,3603.772039730458,3657.4617018928593,2618854
2024-01-24,3602.881103515625,3642.12834296067,3568.932402810829,3638.70542557381,2657709
2024-01-25,3573.340087890625,3620.8870436828015,3543.7051787524156,3601.0991467068993,2205154
2024-01-29,3564.618896484375,3582.437301912737,3545.7221002052784,3564.431380113515,1646747
2024-01-30,3564.196533203125,3608.5080891700763,3551.4891523141855,3570.6673355072853,1411621
2024-01-31,3578.638671875,3595.566200692752,3560.351363342525,3574.184071078628,2459358
2024-02-01,3614.46337890625,3662.0572766858727,3568.417006310839,3582.437231884919,2363107
2024-02-02,3719.638427734375,3736.612663128637,3631.2028376276817,3634.063205902369,2826510
2024-02-05,3726.203369140625,3771.8747052852855,3715.6999348975555,3735.300087307631,1691523
2024-02-06,3878.785400390625,3891.8208786976347,3741.8650260054624,3748.4297014896824,4474396
2024-02-07,3829.455810546875,3896.6031428098927,3820.593545941405,3894.7275215618497,2124267
2024-02-08,3877.00341796875,3899.417002760364,3831.9415667460817,3835.6458733260915,2345173
2024-02-09,3876.62841796875,3924.5034728185747,3845.0240130368975,3879.3008122308597,2100596
2024-02-12,3864.437255859375,3900.9180054265194,3850.229055505786,3873.1587133795,1013716
2024-02-13,3891.445556640625,3910.6706762721788,3827.67442810669,3868.891392141469,1257415
2024-02-14,3845.117919921875,3858.9973357555955,3797.6646047310915,3851.588722467118,1391283
2024-02-15,3848.02490234375,3888.444175657724,3829.0809437517446,3871.282423660838,1091582
2024-02-16,3871.563720703125,3889.9920672478725,3845.1177337734257,3857.4498528668705,1307556
2024-02-19,3848.58740234375,3871.5637647018066,3802.8224229354896,3866.640258482223,772291
2024-02-20,3779.986572265625,3843.1482139238024,3760.6208730684352,3828.2371155114192,1193648
2024-02-21,3743.271240234375,3810.653027573639,3733.0491956484493,3763.434169375059,1885939
2024-02-22,3832.92626953125,3840.287946278356,3724.0463538039667,3724.0463538039667,2982052
2024-02-23,3800.10302734375,3873.1583931027276,3794.757322908657,3873.1583931027276,2538072
2024-02-26,3752.227294921875,3798.133079811019,3735.065314473416,3785.0037308931537,1379284
2024-02-27,3849.150146484375,3867.5313277921664,3750.3049902620937,3750.3049902620937,2960475
2024-02-28,3862.795654296875,3896.509674983892,3834.7080400231876,3840.8976823678586,1939225
2024-02-29,3840.4287109375,3880.7545712662445,3811.778548098447,3844.08608110517,3772719
2024-03-01,3839.725341796875,3882.5363087877504,3832.6448252006635,3851.776300908435,2043265
2024-03-04,3826.924072265625,3861.8105844645606,3822.4225351204777,3849.712918034811,1749271
2024-03-05,3762.59033203125,3811.2626148853183,3732.4865175304053,3809.386993519725,2070859
2024-03-06,3811.544189453125,3818.7652862706927,3712.276832263034,3745.662985779128,1744204
2024-03-07,3853.089111328125,3867.5313044415575,3786.598195707899,3812.200473461429,2688905
2024-03-11,3865.984130859375,3894.7279379757806,3834.70805162123,3834.70805162123,2304068
2024-03-12,3931.53662109375,3966.8922650781215,3864.7643209446364,3865.9837495151633,4039801
2024-03-13,3890.976806640625,3977.25539574907,3874.9401512123873,3943.4942087066347,2837260
2024-03-14,3945.932373046875,3962.2501875616867,3831.8945009176455,3895.1500154804917,2919608
2024-03-15,3956.857421875,3975.3791814488654,3917.2349235460983,3931.8648606659913,3373143
2024-03-18,3894.259033203125,3990.1501797762785,3861.7639831846413,3953.106656161222,1526904
2024-03-19,3729.954833984375,3805.636117588947,3719.920304502826,3799.305894869941,8931209
2024-03-20,3723.9521484375,3768.123120804515,3713.9176204628307,3738.113180569138,1817913
2024-03-21,3725.875,3759.120343748554,3702.476668668117,3741.9116546616547,3829582
2024-03-22,3667.68359375,3693.0983540468014,3615.2600697944185,3654.6481172474314,5852485
2024-03-26,3636.360595703125,3701.257043328138,3630.686795790637,3634.0160692068625,3440925
2024-03-27,3602.037109375,3652.772761001774,3591.252286075508,3646.6769913107573,1968575
2024-03-28,3635.2353515625,3671.5285767596242,3601.6616855799075,3610.6647591136507,4311783
2024-04-01,3673.170166015625,3688.690979343402,3646.2550439346555,3655.3048258696854,1569676
2024-04-02,3642.26953125,3666.699547713614,3632.141129095373,3648.083912259489,2142666
2024-04-03,3701.8203125,3733.424488071944,3611.509094088183,3611.509094088183,3973090
2024-04-04,3754.337646484375,3778.1110105154908,3690.519582126367,3728.6414957560305,3394637
2024-04-05,3731.783447265625,3753.118641944344,3714.19949560734,3730.6111838217394,1636819
2024-04-08,3725.500244140625,3781.862534405873,3713.7306731098083,3735.300320958678,2302538
2024-04-09,3701.116943359375,3766.1072720566044,3680.954012876369,3736.2379090370728,1876992
2024-04-10,3736.84716796875,3742.0520629416483,3674.342178842318,3710.3540167302876,2101965
2024-04-12,3752.5556640625,3763.76268515537,3700.1321372268762,3724.0463102085732,4354821
2024-04-15,3696.099609375,3811.4503293550783,3675.32719325435,3752.5557696224905,4200329
2024-04-16,3631.953369140625,3684.37689632826,3622.622198353119,3659.33739612377,3051420
2024-04-18,3621.8251953125,3691.2231923226304,3610.571466067614,3635.7048405060677,3476284
2024-04-19,3588.251220703125,3612.9626239981167,3564.5245644253832,3599.3174326502835,2957749
2024-04-22,3624.263427734375,3636.8299998951316,3574.934491903105,3598.379760081903,1728883
2024-04-23,3633.73486328125,3652.7724651814333,3620.5118705508353,3635.9388098818245,1807586
2024-04-24,3592.799560546875,3655.585938193527,3586.6099186323313,3648.083452943258,1317312
2024-04-25,3612.63427734375,3632.7502707587055,3573.9965228878514,3574.1840392334375,2856271
2024-04-26,3583.703125,3635.7046841917695,3566.07223748283,3615.400944510773,2039178
2024-04-29,3629.514892578125,3636.6423454168485,3581.6865473099597,3599.3174341023114,1110693
2024-04-30,3583.046630859375,3640.346960554097,3573.059037730691,3631.2033055362826,2203078
2024-05-02,3623.044189453125,3630.3591588386275,3543.095825813969,3543.095825813969,2491044
2024-05-03,3604.3818359375,3651.4601199418653,3561.4302856696127,3648.2244896065395,2962234
2024-05-06,3677.202880859375,3694.9274124213143,3613.384813638277,3613.384813638277,2053831
2024-05-07,3731.501708984375,3739.988941315255,3670.12204659911,3686.3462169354693,2062112
2024-05-08,3729.62646484375,3736.519465528825,3693.6615594889295,3714.6684289785862,1247685
2024-05-09,3713.91796875,3724.0463703208047,3666.886852709913,3715.6060738380834,1726486
2024-05-10,3651.740966796875,3726.484662213695,3643.441479536376,3716.1687445881325,1672489
2024-05-13,3702.289306640625,3709.0414982162547,3629.327584853832,3642.925840662716,931326
2024-05-14,3658.5869140625,3700.413361230903,3650.8030397651737,3691.222770938554,1058317
2024-05-15,3639.08056640625,3682.7357004952323,3634.485385536964,3661.6818959693137,1115021
2024-05-16,3684.942138671875,3693.0187445265583,3630.67337116967,3675.637702384871,2599399
2024-05-17,3621.794189453125,3702.9375501529057,3617.9211268075583,3701.992923226846,2765804
2024-05-21,3608.66357421875,3631.8542103330115,3599.0757035999536,3618.487832180219,1908117
2024-05-22,3619.810302734375,3628.548101612322,3606.160490071024,3622.644183451547,1311168
2024-05-23,3677.857421875,3688.7679082914883,3613.6700725144915,3628.2645114562283,2095742
2024-05-24,3636.341064453125,3668.7418115804035,3631.429050950218,3663.4990864307915,1309452
2024-05-27,3634.02685546875,3691.9325288692844,3628.64252842061,3641.5365929797185,1841538
2024-05-28,3627.27294921875,3655.7063127891693,3617.921234620806,3644.3707893386604,1801993
2024-05-29,3593.030029296875,3635.774396680819,3589.582233347775,3635.774396680819,1568095
2024-05-30,3529.220703125,3584.2922676744465,3509.714018991741,3567.8558516313005,2919230
2024-05-31,3467.677978515625,3542.1618998121,3451.430442400017,3532.904510318457,10956800
2024-06-03,3497.811767578125,3543.815050940118,3491.3409811408733,3526.1032967744277,2156773
2024-06-04,3509.288818359375,3537.627624429572,3392.6274000370645,3495.1194153242764,3395997
2024-06-05,3538.997314453125,3574.2792205302862,3495.1194421750433,3510.2334721952598,2799670
2024-06-06,3618.299072265625,3627.2730285268212,3534.321826449053,3571.634591956132,4328036
2024-06-07,3678.32958984375,3698.2140306925203,3624.8165722996846,3624.8165722996846,4552445
2024-06-10,3645.031494140625,3689.617834286387,3629.161717309955,3679.321494112552,1734661
2024-06-11,3638.79736328125,3665.1050839975637,3628.3119124726636,3632.0904200618043,1419898
2024-06-12,3619.4794921875,3677.9047569591216,3615.5121054162055,3659.8622913039767,2177001
2024-06-13,3663.404541015625,3674.598461482482,3638.7026410361236,3643.236896058969,1932323
2024-06-14,3619.857177734375,3673.6536279097,3616.0313930671978,3673.6536279097,1860730
2024-06-18,3603.84619140625,3629.256562858962,3584.9063758687394,3614.1898098741085,1774045
2024-06-19,3591.18798828125,3621.557881055292,3582.9225030243783,3615.7010098615556,1509050
2024-06-20,3577.538330078125,3598.9813152014426,3570.737062326571,3585.8038156912176,2846526
2024-06-21,3599.73681640625,3663.074093663598,3587.7401013764106,3615.087002922448,4642195
2024-06-24,3605.45166015625,3643.425611853127,3581.3636764636767,3597.8473681995324,1702154
2024-06-25,3625.903076171875,3634.5935975227003,3582.8752747763524,3605.6408753024607,1338808
2024-06-26,3642.339599609375,3652.8248194664434,3628.3117983770853,3631.6179924136177,1639845
2024-06-27,3716.303955078125,3723.719368748634,3606.6801840344065,3618.8657792176605,4526556
2024-06-28,3687.965087890625,3740.722593484322,3682.0141228075263,3700.8593836882187,2731571
2024-07-01,3757.914306640625,3780.1130365410763,3668.9305078023185,3668.9305078023185,2658723
2024-07-02,3794.944091796875,3800.61185331036,3762.023982045802,3772.462155624164,2307449
2024-07-03,3745.681640625,3803.162277059337,3735.9992153513335,3797.399960989219,1821198
2024-07-04,3798.297607421875,3823.2358967427767,3761.598989570618,3778.3661175753045,2518001
2024-07-05,3789.654296875,3803.7764231043757,3767.172130214255,3787.953922306711,1668616
2024-07-08,3772.083984375,3808.027083028784,3757.7729794930797,3799.2892844506714,1758882
2024-07-09,3764.810302734375,3785.072502499781,3754.9862757638116,3764.3379893103715,1305801
2024-07-10,3692.6884765625,3781.6252453420952,3685.9344858860404,3763.110464235507,2669716
2024-07-11,3706.4326171875,3759.615159156207,3679.8887389846327,3713.3284398600626,4872189
2024-07-12,3952.27197265625,3967.386003323572,3751.3969204452933,3759.6151284962884,13509164
2024-07-15,3938.338623046875,4005.2180225102193,3926.8610373129627,4001.156311371623,4848030
2024-07-16,3947.076171875,3962.284294879995,3915.3836649055647,3940.9831443093085,2029521
2024-07-18,4076.584228515625,4085.51113676854,3929.6477061172545,3929.6477061172545,5613364
2024-07-19,4073.602294921875,4126.955747028112,4057.364408362997,4087.8046089351637,3903354
2024-07-22,4059.352783203125,4090.219237805453,4038.191243077126,4071.282819315056,1896386
2024-07-23,4073.554931640625,4129.748843691779,4039.421761308917,4055.233855032219,2365208
2024-07-24,4077.247314453125,4108.350472060897,4041.1261912304362,4059.494423388743,1809793
2024-07-25,4092.633056640625,4112.042883745572,4046.901795265646,4066.5954836949645,2810342
2024-07-26,4154.50830078125,4187.268397348249,4106.409520256929,4118.671036198701,3552210
2024-07-29,4148.1171875,4195.363458517048,4138.5542038316435,4180.214323934273,1746803
2024-07-30,4133.20556640625,4164.119182746497,4097.178746292494,4157.586209643113,1797906
2024-07-31,4152.1416015625,4179.267930989599,4113.937281411375,4118.671386453276,2330091
2024-08-01,4163.26611328125,4184.285259071731,4132.920227203137,4165.443616342355,2202244
2024-08-02,4055.28076171875,4164.11800080395,4042.9249348414887,4132.872913485503,2811282
2024-08-05,3934.087890625,4013.5736879846177,3891.907205581687,4013.5736879846177,2787771
2024-08-06,3949.37890625,4031.799467797811,3939.531600575893,3949.142201061965,2203067
2024-08-07,3977.07373046875,4019.2072572996026,3957.994920939523,4003.1584593448297,1237666
2024-08-08,3950.65673828125,4006.9454168344964,3938.7743227862725,3958.657558550338,2441283
2024-08-09,4003.8681640625,4027.443907788756,3981.901738189192,3992.7430204792345,1302536
2024-08-12,3972.528564453125,4013.5733382592252,3963.7233160113306,4005.051951129163,936912
2024-08-13,3973.76025390625,4008.8397841438527,3960.5519171170845,3988.956544779889,1495593
2024-08-14,4066.832275390625,4077.2001486736017,3965.42766940822,3985.1689766880017,3226545
2024-08-16,4181.2080078125,4191.575880991633,4095.0949293450403,4118.670675923561,3457058
2024-08-19,4251.2255859375,4255.249574521071,4156.87498137627,4185.894947757169,2055210
2024-08-20,4282.75439453125,4322.237007322546,4260.693654534821,4265.427758595415,2212298
2024-08-21,4309.45556640625,4317.503544504559,4253.640286316128,4277.737064489385,1896990
2024-08-22,4262.58740234375,4318.402675534502,4258.042847258311,4317.5030108146375,1829872
2024-08-23,4226.513671875,4266.374923745363,4218.087058430003,4260.6939984141445,1809253
2024-08-26,4263.01416015625,4310.070883859805,4246.491949695793,4250.279233485934,1844164
2024-08-27,4257.99560546875,4270.162346746741,4248.1959164894,4265.428242149461,930697
2024-08-28,4266.421875,4319.8700965173775,4220.2643589002255,4259.510267771518,1848058
2024-08-29,4271.8662109375,4313.715878264525,4222.821074859477,4222.821074859477,2133641
2024-08-30,4311.58544921875,4348.038051973605,4249.14242918416,4260.693828489569,3637222
2024-09-02,4280.62353515625,4344.013365863458,4272.054992758483,4332.651517478462,1216500
2024-09-03,4272.38720703125,4313.6210706253505,4256.811818932973,4280.62427113772,1717263
2024-09-04,4241.0478515625,4248.385714117528,4200.760804008931,4238.870348246334,1265505
2024-09-05,4237.92236328125,4259.746395831193,4217.281394309991,4242.703622965008,1688793
2024-09-06,4219.74365234375,4278.636091754635,4203.884403748528,4236.029155230157,1649179
2024-09-09,4212.92626953125,4251.462060686222,4194.889518372097,4218.086627772867,1184938
2024-09-10,4268.12646484375,4298.5195066181295,4204.310831961278,4206.204473662924,1385591
2024-09-11,4241.14208984375,4307.419549702135,4233.4727484543055,4281.003340307267,1325919
2024-09-12,4277.45263671875,4291.5601745835365,4195.6469473824145,4270.398636628928,2742216
2024-09-13,4282.09228515625,4305.194622601226,4265.428144890812,4289.098667337487,1458786
2024-09-16,4273.2392578125,4304.2947971775275,4255.43921052289,4286.258044672285,1155120
2024-09-17,4266.0439453125,4294.5905059936595,4228.502585133184,4273.239877374013,1699364
2024-09-18,4115.025390625,4257.900566019319,4091.2129384450927,4257.900566019319,2961779
2024-09-19,4067.684326171875,4187.031372404745,4054.097354431545,4156.590712046438,2927551
2024-09-20,4057.03271484375,4100.397388735434,4002.685288545634,4087.330983142617,5447908
2024-09-23,4041.50439453125,4080.2292709651647,4026.8286728221638,4071.329248327135,1702319
2024-09-24,4044.156005859375,4062.808562887148,4014.5206960245882,4025.551067266487,3012026
2024-09-25,4047.42236328125,4061.4827451400292,4014.5203392742264,4026.21366904617,2713073
2024-09-26,4064.22900390625,4087.2365684956953,4033.457322455591,4033.457322455591,3964251
2024-09-27,4079.56689453125,4145.181389897665,4071.3765249026305,4104.468096209772,3012477
2024-09-30,4041.50439453125,4070.145722382854,4033.5035742219807,4058.925803968104,2503416
2024-10-01,4059.873046875,4067.305683040906,4017.3137268821633,4029.243299789114,1823365
2024-10-03,4007.65576171875,4051.446223942952,3986.1155884084665,4035.9184552064203,3350119
2024-10-04,4026.119140625,4069.436196462167,3999.4186065272825,4000.318271301223,2965463
2024-10-07,4045.62353515625,4068.7258712834955,4004.483984564525,4046.6175121163583,1472619
2024-10-08,4027.065673828125,4051.8249459382696,3980.3875920827627,4045.386749254377,1541867
2024-10-09,4026.7822265625,4066.5958614206456,4020.8645957979184,4033.457129138987,1082504
2024-10-10,4002.590087890625,4065.5065138830532,3975.3218342504942,4027.065497608203,2378875
2024-10-11,3928.54931640625,4016.3669515997326,3893.7536496314738,3922.6788421196575,5759183
2024-10-14,3916.666015625,3943.8871125530773,3902.9847329926533,3919.837957643063,2137590
2024-10-15,3897.871826171875,3948.1957233726384,3877.231316907688,3911.364023062213,2759474
2024-10-16,3877.18408203125,3896.1678867388287,3850.9098028436433,3867.7632605900644,2359151
2024-10-17,3890.48681640625,3910.3228978529323,3875.2902957519555,3894.0845506582914,2522659
2024-10-18,3913.313232421875,3935.238244757566,3872.4533402747466,3881.944647481302,2361000
2024-10-21,3872.31103515625,3929.3538837407996,3862.9620049373275,3922.3776803062365,1595450
2024-10-22,3811.234619140625,3881.7550819217454,3802.550165255864,3859.165723179126,1928049
2024-10-23,3859.40283203125,3904.2965301967497,3791.919544419266,3796.143361546141,1966476
2024-10-24,3841.986083984375,3871.504141566946,3800.319338767848,3800.319338767848,2676744
2024-10-25,3851.1455078125,3883.8430156937015,3827.5595160672574,3850.670942439126,1759676
2024-10-28,3882.75146484375,3923.7063623671393,3844.928513292037,3861.9653632236445,1532534
2024-10-29,3867.94482421875,3894.757766071196,3853.565587028902,3887.4970090191655,1445885
2024-10-30,3876.866943359375,3898.0801089564193,3853.518465231179,3867.7079240315093,1935002
2024-10-31,3766.57763671875,3870.839735602275,3758.5575287403312,3862.9619045386735,3740372
2024-11-01,3781.5263671875,3795.5260445630315,3773.791044919392,3786.8890945031435,154895
2024-11-04,3762.496337890625,3788.834714578836,3714.1856783834955,3764.5371079100955,2269192
2024-11-05,3769.330322265625,3783.234994421101,3740.61911840681,3740.61911840681,967590
2024-11-06,3929.06884765625,3938.7024316660963,3773.031851752117,3799.9398000465167,3792017
2024-11-07,3939.746337890625,3991.853518092011,3877.2462233751357,3957.5902722464216,3724349
2024-11-08,3936.045166015625,3957.6378902806014,3908.1880861984155,3943.6382119110012,1648039
2024-11-11,3985.115478515625,4018.9041625726113,3908.188152909336,3918.2017604204366,1406487
2024-11-12,3983.880859375,4003.4330432658335,3952.512277070728,4001.534781984057,1587640
2024-11-13,3939.224609375,3983.2641802267012,3920.9061091902613,3965.5629857379695,1098813
2024-11-14,3935.0009765625,3948.383812461554,3907.0493548019417,3924.6555443578186,1825432
2024-11-18,3815.03076171875,3998.6875479838523,3787.221186498161,3998.6875479838523,3313944
2024-11-19,3834.06103515625,3921.9504005395133,3809.9057047468586,3815.4104775297365,1776233
2024-11-21,3865.6669921875,3884.2698145282143,3819.3018656674813,3839.1386042394874,2384347
2024-11-22,4028.680908203125,4038.5045052126043,3847.7764750732804,3863.911699561748,3096553
2024-11-25,4095.5947265625,4107.933427922923,4035.894487284092,4062.280140200796,4052167
2024-11-26,4131.28173828125,4144.474563456407,4090.7536685314544,4101.241378290607,2060669
2024-11-27,4112.15625,4154.724856872267,4104.088638616241,4137.213672581404,1558993
2024-11-28,4028.96484375,4119.179995477792,4017.670281030027,4099.2955217974695,2558544
2024-11-29,4053.594482421875,4080.027862103414,3982.219676510733,4005.331099119542,2017425
2024-12-02,4059.10009765625,4070.0628363390956,4014.8705101832115,4052.7884705955157,1670944
2024-12-03,4083.871826171875,4104.989982730431,4048.469438981126,4094.8818341898173,2010905
2024-12-04,4132.89453125,4163.789012881952,4070.8687487593297,4094.1224503683907,3302642
2024-12-05,4236.96630859375,4260.647302659025,4138.209454130842,4176.933797590591,3746747
2024-12-06,4219.3603515625,4237.868399443609,4188.276322428843,4226.4788315167725,1842087
2024-12-09,4225.67236328125,4242.0448686697655,4190.934085246633,4205.07650413352,2066639
2024-12-10,4207.0693359375,4265.20359458783,4187.659890094591,4200.994991803812,2087828
2024-12-11,4202.22900390625,4222.350297163338,4182.819095248504,4206.405086397892,1635256
2024-12-12,4228.330078125,4256.851270827812,4200.852558457947,4204.696352489294,1914642
2024-12-13,4246.31591796875,4266.247663475759,4170.8600242636485,4209.347553772588,1967048
2024-12-16,4190.60205078125,4247.359881247422,4173.327686669254,4232.1737900519,1646224
2024-12-17,4108.3125,4207.449393387959,4098.346627007046,4185.666657040545,3225027
2024-12-18,4126.67822265625,4140.108330075579,4071.3913564877716,4092.3672387441043,1575404
2024-12-19,4054.5908203125,4142.005839166766,4045.19452028615,4064.1771318313686,3015763
2024-12-20,3958.159423828125,4159.090570831168,3941.2650833812017,4108.7866456248585,4116989
2024-12-23,3946.77001953125,4002.484177211474,3905.5778396822147,3986.39622640784,2195338
2024-12-24,3966.891845703125,4003.4333784366027,3946.7700890546093,3946.7700890546093,1181886
2024-12-26,3957.020751953125,3986.301525685132,3932.3906257955578,3966.8916181900954,1208464
2024-12-27,3952.987060546875,3968.2681573970385,3936.2822676568094,3951.2310760757846,858100
2024-12-30,3947.244873046875,3985.6846693501766,3902.8257382512747,3939.841838395195,1527169
2024-12-31,3886.500244140625,3929.353632155194,3826.9422956665308,3924.6552500458943,1555429
2025-01-01,3903.252685546875,3923.706266508262,3877.6259252343875,3886.1205985527304,763161
2025-01-02,3963.332275390625,3970.213472540019,3888.5409662336,3910.4182421383885,1720835
2025-01-03,3891.3408203125,3967.3190100554248,3884.127566106747,3967.3190100554248,1791953
2025-01-06,3886.6904296875,3938.560332599053,3859.545197490021,3896.656302584134,2085593
2025-01-07,3823.38330078125,3929.7334436078268,3807.4853613249484,3905.6256161656233,2669054
2025-01-08,3899.40869140625,3916.113485341044,3813.3700813691175,3829.6475810881293,2181277
2025-01-09,3833.396484375,3927.265414585994,3820.5357175020263,3892.384862598553,2392472
2025-01-10,4048.658935546875,4078.4142731653005,3957.8746844541083,3986.3486030473036,7894300
2025-01-13,4072.814697265625,4103.044601693763,4012.3548884093498,4029.0596808346854,4003771
2025-01-14,4017.71728515625,4094.454590373018,4004.429456147033,4083.160028403723,3441709
2025-01-15,4033.426025390625,4039.9276635514543,3993.4202579833063,4003.4334017642514,1653474
2025-01-16,3992.328369140625,4075.567318807286,3978.613708278282,4043.2968742708517,2637705
2025-01-17,3986.52880859375,4021.6165011799776,3963.08887255939,4020.939695681563,1761466
2025-01-20,3941.58251953125,4007.3107665807174,3932.206591942462,4007.3107665807174,1287799
2025-01-21,3901.033935546875,3973.6734816653625,3895.379258358407,3958.497981875744,1971591
2025-01-22,4017.750244140625,4024.0812547656583,3909.104787428617,3914.711087541146,2409223
2025-01-23,4006.972900390625,4051.3395327602407,4001.7529079009387,4028.769436842585,1822998
2025-01-24,4013.641845703125,4038.4349192551795,3966.9068713794295,3966.9068713794295,1910099
2025-01-27,3929.354736328125,4017.5084152856,3906.0599315038703,3964.973867046099,1551782
2025-01-28,3905.335205078125,3964.974090445813,3893.7360609812577,3934.8163629909964,2468272
2025-01-29,3962.84716796875,3970.6285432095738,3918.5772926221866,3918.5772926221866,1217089
2025-01-30,3963.088623046875,3991.941585340912,3922.9267796325357,3962.9437281550117,1531251
2025-01-31,3975.0263671875,3990.5405047390313,3948.7833995175843,3972.7066328908318,1492943
2025-02-01,3937.087646484375,3997.741503018046,3920.5106310847846,3975.606564509793,437172
2025-02-03,3932.737548828125,3940.8087133119993,3865.1242603626174,3896.248579260421,1265713
2025-02-04,3969.854736328125,3981.2608431833637,3930.2245680255955,3947.284879379769,2547132
2025-02-05,3954.43798828125,4011.3703550712034,3939.8423053663196,4011.3703550712034,1693912
2025-02-06,3946.36669921875,4001.2209788539626,3916.2089750568643,3968.259986916976,2284536
2025-02-07,3894.798828125,3953.374595002479,3874.113784051329,3953.374595002479,1548940
2025-02-10,3902.096923828125,3916.644230568612,3880.2520112210996,3905.045086746592,1339511
2025-02-11,3831.149169921875,3905.045339609273,3822.8847322165034,3884.1667849836185,1810908
2025-02-12,3818.1962890625,3887.404606196338,3808.5303361658844,3838.446649169052,1678002
2025-02-13,3779.532470703125,3851.3505477933163,3771.896462322554,3835.4501025039126,2277310
2025-02-14,3803.407470703125,3816.1181040365336,3769.72153134308,3793.886412954254,1681975
2025-02-17,3774.071044921875,3802.585603975581,3727.3844484945375,3727.6744742582173,1799806
2025-02-18,3743.816650390625,3793.3062796669183,3735.4073189681676,3768.174803332807,2149879
2025-02-19,3657.693359375,3745.508400554833,3642.2759755929487,3742.850263486918,4366672
2025-02-20,3653.150146484375,3661.4629603766616,3625.988960412709,3635.848185178673,2888572
2025-02-21,3659.52978515625,3689.4942392872176,3648.8972369162293,3649.960586134303,1833931
2025-02-24,3552.81787109375,3637.4914799757285,3547.4048428794777,3618.111196511734,2508516
2025-02-25,3508.305908203125,3535.8054964280086,3500.283120267886,3503.907852529123,4101954
2025-02-27,3491.873779296875,3516.4735816470966,3480.419530987875,3491.0520789257853,3823856
2025-02-28,3366.89306640625,3479.743067268356,3341.5199398740847,3465.195760859545,7085018
2025-03-03,3376.365478515625,3405.556606946145,3360.0298777157327,3368.584339801977,4990439
2025-03-04,3414.06298828125,3432.3799220820893,3348.576156481458,3357.952083726606,2797737
2025-03-05,3428.56201171875,3480.081589993446,3403.237261275363,3403.237261275363,2501894
2025-03-06,3481.28955078125,3488.877181911339,3417.9775618337376,3438.1793081878077,2786513
2025-03-07,3490.568603515625,3503.907664719036,3454.997852301583,3479.7427842726975,2051315
2025-03-10,3469.73876953125,3501.1049762137254,3462.9244613654673,3486.0259949428714,1004626
2025-03-11,3455.8681640625,3468.8688234276665,3419.4757100500633,3439.146018462038,1995450
2025-03-12,3389.076416015625,3450.020297279617,3370.3729384283747,3445.912267227522,3174167
2025-03-13,3393.764404296875,3406.5717917540665,3367.714708703622,3385.306695598729,1693004
2025-03-17,3380.860107421875,3412.516101378981,3361.1900359739784,3372.450776071524,2690906
2025-03-18,3380.860107421875,3380.860107421875,3380.860107421875,3380.860107421875,0
2025-03-19,3380.28076171875,3428.513776271942,3347.0781163759984,3428.513776271942,3051244
2025-03-20,3444.1240234375,3459.3962767054963,3394.682767165146,3394.682767165146,2845192
2025-03-21,3458.57470703125,3495.450223009194,3349.252685164703,3358.9186380800415,4161925
2025-03-24,3507.725830078125,3527.831058731868,3447.4587570622184,3479.7429444303652,1834751
2025-03-25,3535.56396484375,3586.0685693582973,3516.473707634902,3523.2398747468987,3135390
2025-03-26,3514.34716796875,3557.553929809202,3504.7295921250025,3525.897934373459,1734499
2025-03-27,3529.23291015625,3540.6387825331667,3489.892526436254,3494.097310621218,2528474
2025-03-28,3485.6875,3538.656968927356,3471.9135171595426,3529.0393930182477,2051919
2025-04-01,3432.1865234375,3464.277439125219,3407.248318336048,3453.354865404157,2618493
2025-04-02,3425.565185546875,3445.0422214056125,3412.129605979645,3425.6135625063594,1764313
2025-04-03,3289.46875,3385.0167912281404,3282.702582798802,3374.3842427691143,4537821
2025-04-04,3189.184326171875,3286.085501586113,3185.414699028632,3250.2733357697866,5317367
2025-04-07,3164.68115234375,3181.4514379526936,2953.963392712106,2996.445205771086,6623955
2025-04-08,3182.949951171875,3237.127665022999,3146.5577324611054,3191.7460628104113,5557558
2025-04-09,3138.148193359375,3160.76642752928,3104.752280697163,3151.6321497293247,2990265
2025-04-11,3123.552734375,3188.749540631033,3098.904554048043,3179.6636391398747,7108961
2025-04-15,3139.69482421875,3203.683386247662,3130.415650876791,3203.683386247662,3512160
2025-04-16,3164.439697265625,3168.596104196088,3121.136181217996,3139.6947635283577,2384391
2025-04-17,3188.701171875,3193.2443586174536,3110.50370573642,3137.085076745666,2932346
2025-04-21,3210.64306640625,3241.9606599617177,3174.3957423905777,3180.1953142330854,2432946
2025-04-22,3203.68310546875,3222.531712274605,3184.931252579041,3211.6093750675464,2710498
2025-04-23,3298.989990234375,3306.625999245761,3225.8187680904407,3252.5934125809176,3543923
2025-04-24,3287.970458984375,3298.5062526941524,3274.534643572778,3287.487161364933,2252175
2025-04-25,3332.82080078125,3361.6253897019787,3291.25720030747,3305.7561307053,2742991
2025-04-28,3328.470703125,3342.2930622298845,3291.2567864500143,3320.2546435993536,1593296
2025-04-29,3356.501953125,3378.250345909827,3315.808199342435,3339.5865365145787,1578332
2025-04-30,3338.330078125,3392.65268577439,3253.5597190937174,3356.0188189819924,2809332
2025-05-02,3316.38818359375,3374.867194117627,3305.7556362257724,3356.0185874198487,1721761
2025-05-05,3338.909912109375,3387.4329449049897,3331.27366828836,3334.753505470742,1284443
2025-05-06,3344.419677734375,3356.9854164079434,3322.1879862349847,3344.419677734375,1324763
2025-05-07,3330.017333984375,3343.9362109554654,3306.335750758935,3306.335750758935,1477128
2025-05-08,3333.6904296875,3360.851851961966,3314.1652518601954,3332.820588313161,2543591
2025-05-09,3325.378173828125,3331.0809922460435,3284.587895488488,3285.457736947085,2531757
2025-05-12,3499.46142578125,3509.22413241534,3385.209911911905,3387.916425868549,2228678
2025-05-13,3397.582275390625,3501.97456151927,3393.232596801932,3499.4613194961807,3062887
2025-05-14,3430.15673828125,3442.0459078220697,3391.396407841002,3403.3820953219624,2119499
2025-05-15,3460.314453125,3479.7431132346333,3396.712670565691,3444.945682102287,3548330
2025-05-16,3442.335693359375,3473.8465567565913,3427.6434928317944,3473.8465567565913,1666727
2025-05-19,3401.255615234375,3431.413341631395,3386.659931697025,3431.413341631395,2537377
2025-05-20,3381.4404296875,3439.1461226598826,3377.2840226457647,3413.82137266364,2038374
2025-05-21,3408.021728515625,3418.8475485914832,3381.4403579795026,3390.8162851170264,1440153
2025-05-22,3360.851806640625,3380.9570357698217,3336.0103550080185,3378.250521774226,2034383
2025-05-23,3397.195556640625,3416.9140041659366,3349.8323922264435,3360.85148302262,1274331
2025-05-26,3419.137451171875,3426.5801874567637,3392.8461073678304,3403.3819012793415,967470
2025-05-27,3381.826904296875,3421.747337093333,3366.7481593177404,3414.014574749619,2467680
2025-05-28,3380.860107421875,3411.114585484783,3376.31715701285,3402.4152283668,1222933
2025-05-29,3381.247314453125,3414.498100356932,3370.034713912086,3387.626702221486,3188072
2025-05-30,3347.705810546875,3389.5594310198626,3337.750068509547,3373.417337946492,3404365
2025-06-02,3334.560546875,3344.4197718377163,3304.4028204069105,3334.7538187399196,1877585
2025-06-03,3291.4501953125,3357.468700034321,3286.9072447003623,3330.8873298742683,2848125
2025-06-04,3297.0087890625,3310.56402774214,3286.379348716646,3304.9078969735056,2544807
2025-06-05,3287.451904296875,3324.4113841471617,3280.235380032571,3324.4113841471617,3584683
2025-06-06,3300.226806640625,3306.7605099618336,3275.359545608902,3287.4520036268846,2070390
2025-06-09,3336.991455078125,3348.791310023286,3306.760665733127,3315.634960419095,1718678
2025-06-10,3376.97412109375,3399.3060406489903,3338.2592545088482,3354.6424396212137,2419874
2025-06-11,3385.750732421875,3402.4265208353168,3363.516665314218,3383.8979728571367,2847013
2025-06-12,3348.986083984375,3388.481144938844,3338.259030391803,3385.7505745896515,4060134
2025-06-13,3360.200927734375,3364.8818717382055,3309.003623498393,3309.003623498393,2178493
2025-06-16,3409.54541015625,3421.9302340050463,3341.1847251814343,3354.642349665819,1934088
2025-06-17,3428.073974609375,3432.6573046439225,3401.5489430536663,3422.905437301184,2111940
2025-06-18,3365.75927734375,3450.2105407013996,3357.665418209048,3431.7796073253016,2696327
2025-06-19,3339.039306640625,3365.3693479021017,3328.3122527933565,3364.394161188714,2672768
2025-06-20,3350.448974609375,3360.786049100129,3326.2642962767654,3340.0145242959966,2351248
2025-06-23,3309.393798828125,3340.014567071261,3286.3792966511382,3330.2626997221478,3123421
2025-06-24,3306.27294921875,3356.690292940616,3298.081476031171,3349.376392565029,3403048
2025-06-25,3359.3232421875,3364.3941654870573,3315.634829755361,3322.7537403887272,1757699
2025-06-26,3356.397705078125,3365.759354753242,3330.555256962972,3359.3232652421043,2879106
2025-06-27,3355.71533203125,3380.387367158931,3345.8658502962735,3369.2703330730474,1778433
2025-06-30,3376.096435546875,3378.924381810933,3344.8904604060604,3354.5447137321717,1468351
2025-07-01,3344.59814453125,3398.526022577794,3328.800165873544,3369.2704183662204,2375183
2025-07-02,3338.356689453125,3403.3039810516498,3335.1385257152824,3400.671024568939,3090585
2025-07-03,3316.4150390625,3350.058980842342,3313.294489180619,3344.8904436190446,2531870
2025-07-04,3334.943603515625,3341.964900305915,3305.980605453995,3323.4363525656718,1109320
2025-07-07,3327.044677734375,3341.0875101654565,3323.8265137554163,3333.481005692293,1639174
2025-07-08,3321.680908203125,3340.0144658805552,3309.1984707578945,3320.5107317732236,2325242
2025-07-09,3299.8369140625,3329.2875057764963,3283.4537293349335,3325.3867588452995,2034938
2025-07-10,3298.081298828125,3314.659472122057,3272.7264455550526,3296.130925499427,3035012
2025-07-11,3184.959716796875,3252.247598137654,3180.1813972680684,3218.0184502225306,7635550
2025-07-14,3142.734130859375,3190.8108827918168,3120.5974403831947,3184.9597625910983,3924009
2025-07-15,3171.599853515625,3178.523536457564,3126.448660244279,3126.448660244279,2590889
2025-07-16,3163.576171875,3175.1222359666176,3151.344969328223,3157.607249475903,2540733
2025-07-17,3140.18994140625,3172.2846643823304,3135.199754145851,3154.7696780470374,2947640
2025-07-18,3121.304931640625,3159.3685771406017,3118.46738821797,3155.6502438038765,3432645
2025-07-21,3090.28662109375,3128.839514334287,3084.2199924907163,3121.4028477301345,3844346
2025-07-22,3091.65673828125,3111.7159107005,3086.764257203384,3091.65673828125,3198036
2025-07-23,3110.7373046875,3113.5748480562365,3089.6996367952283,3091.6566291573,1922875
2025-07-24,3080.30615234375,3105.4534578423713,3072.478182452152,3097.0385335433134,2934778
2025-07-25,3068.368408203125,3089.014534530361,3058.3877948178133,3072.4780444334683,2568917
2025-07-28,3013.083251953125,3050.951005299135,3003.8852447797885,3043.123036074506,3374473
2025-07-29,2990.284423828125,3007.8973556438664,2975.802632112602,2994.1984086760676,4785312
2025-07-30,2987.93603515625,3003.0047807939304,2981.673516260727,2994.1983151611034,2880121
2025-07-31,2971.497314453125,2994.0027271024683,2950.166049468222,2976.2918502873677,2968371
2025-08-01,2938.424072265625,2971.4972914199097,2935.488583681943,2964.7455243430377,2053847
2025-08-04,3008.28857421875,3013.181055141491,2927.2692812506943,2944.392964480288,2519252
2025-08-05,2998.014404296875,3011.322048140622,2976.5854331255146,3008.2886143717656,1927996
2025-08-06,2967.093994140625,3000.8521121202134,2960.9294204705666,2997.1337788834585,1487081
2025-08-07,2981.47802734375,2985.9792055799644,2946.154217712285,2951.1446440658847,2543076
2025-08-08,2971.105712890625,2994.002666894786,2959.9509519667536,2982.5543093380406,2762140
2025-08-11,2975.411376953125,2984.3155492907413,2956.3307005130723,2971.1058502168585,1884215
2025-08-12,2970.127197265625,3029.8154640054736,2961.809979769089,2975.6068714078456,3358232
2025-08-13,2970.91015625,2978.9337774241835,2963.473728360306,2970.812449963036,2148166
2025-08-14,2957.30908203125,2990.1864106721328,2954.1779420022144,2968.757439673081,3342174
2025-08-18,2946.44775390625,2983.434958599791,2938.815435653507,2980.988718063058,2945609
2025-08-19,2951.34033203125,2959.9511467818434,2946.350144506624,2946.4478507969,2650784
2025-08-20,3031.96826171875,3036.664852119672,2946.1539583708727,2946.1539583708727,4952358
2025-08-21,3035.882568359375,3062.693270119804,3016.801891436903,3062.693270119804,3230726
2025-08-22,2988.327392578125,3029.1306363096523,2984.4134077810354,3019.639270954844,1593791
2025-08-25,3073.065185546875,3084.2199463957195,3010.9306783780526,3020.9112915939663,3448370
2025-08-26,3089.308349609375,3094.0051794435944,3052.9083364528824,3061.714802808035,5522097
2025-08-28,3027.173583984375,3078.8382300613293,3020.1284592672155,3077.3704857914763,3116051
2025-08-29,3018.3671875,3048.0156702082504,3011.028465982645,3026.4887537573413,2271789
2025-09-01,3045.667236328125,3063.7694152474464,3023.5531276055535,3023.5531276055535,1246862
2025-09-02,3044.5908203125,3087.1554035307527,3036.3715480748965,3053.98447906176,2185229
2025-09-03,3030.891845703125,3074.3369795089966,3021.5961322134785,3062.595025627338,1799774
2025-09-04,3029.130859375,3050.9513740037746,3024.336323201764,3048.9943814611165,1481391
2025-09-05,2982.75,3036.664997028233,2963.47367273015,3030.5006621101975,2802055
2025-09-08,2954.080078125,2998.9929589138555,2951.144589474992,2984.413460841752,2626187
2025-09-09,2983.826171875,2994.19832699537,2965.62628616296,2966.898378981974,2489301
2025-09-10,3043.123291015625,3055.550145422665,2987.740308555338,2990.675797260498,2079428
2025-09-11,3057.017822265625,3071.4996140027415,3043.221168990462,3071.4996140027415,2263446
2025-09-12,3066.02001953125,3080.991059765134,3053.8867617246956,3076.3921752202637,1447167
2025-09-15,3044.982177734375,3066.6070389449774,3029.4241839737238,3066.6070389449774,1732539
2025-09-16,3078.0556640625,3082.263245795216,3042.2428439695796,3060.7363278880744,2573429
2025-09-17,3104.57275390625,3113.966173979194,3074.8263264485827,3084.2199854121977,2418271
2025-09-18,3108.388916015625,3134.1234145595795,3093.4178759668794,3116.51048247651,2633138
2025-09-19,3101.050048828125,3112.107103450778,3076.3919928468,3101.8328935510035,4901694
2025-09-22,3007.70166015625,3040.089740964508,2999.090845838676,3028.445731768582,3634901
2025-09-23,2996.546630859375,3014.453158879609,2986.3703660594774,3003.983297445149,3177741
2025-09-24,2970.127197265625,2991.262810224855,2967.778901999341,2984.4133369924134,1625714
2025-09-25,2893.804443359375,2964.4520571099356,2887.5421635017433,2957.015390749667,4974361
2025-09-26,2836.758544921875,2891.260737711385,2829.126226471788,2877.7574418213358,3934636
2025-09-29,2833.82275390625,2866.3087778304835,2831.7678164651984,2853.2947314486933,3110035
2025-09-30,2826.288330078125,2852.610021207006,2823.0594837288886,2848.402439766557,2253458
2025-10-01,2851.53369140625,2861.9058470940704,2804.957413772581,2828.8326264436423,1952902
2025-10-03,2839.498046875,2861.1229086009284,2828.9304789544044,2861.1229086009284,2899519
2025-10-06,2924.137939453125,2929.22631078988,2833.3336834873367,2839.5959635916415,2112774
2025-10-07,2909.75390625,2939.891634958981,2891.9453243871753,2930.5959216848555,3062943
2025-10-08,2962.103515625,2977.5638026677234,2904.176590968716,2911.0260640606234,4121889
2025-10-09,2995.86181640625,3000.069397912704,2955.0585719818546,2968.757519004287,3211304
2025-10-10,2963.179931640625,3003.983173218589,2942.239970746985,2984.413250266025,8817365
2025-10-13,2942.533935546875,2970.2254277677166,2933.7274691163334,2961.908209472205,2866865
2025-10-14,2896.642333984375,2962.1036338769445,2891.9455044700007,2956.0370052457697,3611416
2025-10-15,2916.7763671875,2926.499513769408,2898.31197994854,2917.954894078994,4282226
2025-10-16,2917.66015625,2921.883430677564,2890.553079047838,2916.87439174088,3251495
2025-10-17,2909.311767578125,2935.4369375213087,2902.6331292681275,2916.972551528368,4374683
2025-10-20,2961.365478515625,2969.0262624451843,2925.320781572273,2932.1958010354274,3133039
2025-10-21,2953.017333984375,2977.669286180243,2942.508423286113,2976.981832168517,310644
2025-10-23,3018.330078125,3042.687339125331,2981.892616996725,3000.4550745732363,5564758
2025-10-24,3008.508544921875,3034.8300966289034,3003.6961270890743,3025.0086400055093,2684318
2025-10-27,3029.821044921875,3038.9550474990237,3005.5620951218402,3011.7496607245316,1946312
2025-10-28,3003.30322265625,3035.0265765381446,2985.919291823652,3021.0801556355614,3470737
2025-10-29,3003.0087890625,3021.080174034828,2991.714113509379,3003.3032409472494,2895420
2025-10-30,2981.106689453125,3009.0978400091353,2978.6513253692647,2994.6603471523654,2241536
2025-10-31,3003.4013671875,3012.6334402910475,2971.088871543434,2980.8120174669925,1868085
2025-11-03,2962.93701171875,3003.4013640895914,2956.2583734171585,2992.499451583931,2194877
2025-11-04,2936.81201171875,2975.214004338424,2922.8655907942766,2965.6872390451917,2670720
2025-11-06,2957.142333984375,2970.0085383136757,2936.61558517126,2936.7138956519902,2542721
2025-11-07,2938.383544921875,2950.3656744717186,2907.6423366423182,2947.419237380036,1830520
2025-11-10,2971.18701171875,2993.4816703122747,2938.579823663838,2939.5619693268272,1556656
2025-11-11,2992.597900390625,3001.142519888641,2964.1156755427983,2990.633609021809,2806868
2025-11-12,3075.8837890625,3080.4015151753365,3002.51755709654,3005.3656835637266,4460315
2025-11-13,3050.249755859375,3075.9819244274895,3046.61586484088,3075.8838537295965,1740435
2025-11-14,3050.54443359375,3057.517763723578,3022.356900982103,3034.830102963518,2210794
2025-11-17,3046.812255859375,3067.7320066302495,3031.4909272444793,3050.544457369475,2232853
2025-11-18,3031.98193359375,3049.5622448251693,3023.0443122614724,3046.6158078736476,2548350
2025-11-19,3091.499755859375,3098.6694669245953,3028.4460542827223,3041.705020306013,3151053
2025-11-20,3088.65185546875,3108.0000778660146,3082.0715272134535,3091.794673762747,2700767
2025-11-21,3094.34814453125,3113.4016740052466,3079.2229578295533,3088.6516518716926,4177037
2025-11-24,3085.115966796875,3122.1428110333977,3075.0981288018247,3101.616062202543,6703764
2025-11-25,3063.5087890625,3093.562543096727,3059.3838251197944,3089.142887490615,2737920
2025-11-26,3106.428466796875,3121.2589624366606,3061.348076121797,3063.115986297256,2508527
2025-11-27,3080.59814453125,3123.223169867727,3069.205159068128,3123.223169867727,2836233
2025-11-28,3081.48193359375,3091.1070087848907,3069.205113141185,3083.937297684263,1616690
2025-12-01,3077.455078125,3097.687374390369,3066.4550948216056,3081.8747335418534,1747647
2025-12-02,3079.714111328125,3087.8659682974553,3064.6872347092776,3075.0980746626374,2512003
2025-12-03,3123.22314453125,3154.5534946281955,3082.9551731709416,3083.9373188138757,3952112
2025-12-04,3171.544677734375,3191.9733551637537,3130.4909417024,3136.9731988901626,5025905
2025-12-05,3180.384033203125,3213.187842167148,3164.866083794654,3172.330486734928,5244013
2025-12-08,3178.71435546875,3201.6964674714213,3151.3125880977464,3185.0983021118977,2544725
2025-12-09,3151.01806640625,3175.964471029267,3124.401822284255,3172.330579931189,2734893
2025-12-10,3132.259033203125,3167.41989738469,3121.357359750894,3167.41989738469,1386849
2025-12-11,3134.91064453125,3151.1160479641035,3096.8035846478047,3147.7768486239356,1914362
2025-12-12,3163.0,3165.4553640739014,3128.8212841349605,3140.607031689688,1146554
2025-12-15,3172.52685546875,3180.384020730158,3140.2143592438706,3153.7680172761306,1562190
2025-12-16,3147.875244140625,3162.509118995985,3134.1252044928165,3162.509118995985,1734623
2025-12-17,3160.348388671875,3179.107227122374,3143.3572206041695,3143.3572206041695,1376350
2025-12-18,3222.2236328125,3229.09865265339,3163.4912725011322,3170.366292342023,2307422
2025-12-19,3223.402099609375,3258.661033366418,3220.259281411304,3240.09857605464,3902511
2025-12-22,3265.5361328125,3269.170263717588,3232.2414895890165,3250.9022578364156,2632816
2025-12-23,3250.902099609375,3260.625245626059,3234.6966963938,3260.625245626059,2365420
2025-12-24,3259.741455078125,3267.696930860065,3237.2504153109776,3245.107580613968,1367708
2025-12-26,3221.437744140625,3260.7235702886815,3213.384197736604,3253.9468611908032,1176664
2025-12-29,3193.446533203125,3229.294848891858,3184.9999848268185,3221.437683809396,2079473
2025-12-30,3188.83056640625,3209.160933545371,3181.6608551553877,3191.973384551631,2807593
2025-12-31,3148.955322265625,3188.0447669329633,3141.392848747715,3182.151893056932,3362634
2026-01-01,3169.77685546875,3176.3574233163417,3141.0982497161094,3157.59834501185,1255735
2026-01-02,3192.660888671875,3196.196709004467,3162.017991655493,3176.2591039024273,1184324
2026-01-05,3158.6787109375,3189.026915514335,3134.026759287417,3182.642968809425,2341703
2026-01-06,3197.669921875,3204.9377039238207,3147.7768738587542,3152.6876022111082,2912325
2026-01-07,3236.75927734375,3241.6700055592964,3165.651788913644,3185.0000101265678,1989442
2026-01-08,3146.6962890625,3228.2143763788763,3125.1873956711997,3228.2143763788763,4159336
2026-01-09,3150.52685546875,3172.0357492326657,3134.0267606372377,3134.0267606372377,1938673
2026-01-12,3181.75927734375,3193.937788002805,3117.6251157476318,3145.8126491306843,2228342
2026-01-13,3209.652099609375,3221.437847833155,3153.1787227037635,3187.0627488471305,5645341
2026-01-14,3135.5,3201.7948316366483,3126.1696162881753,3201.7948316366483,3539511
2026-01-15,3135.5,3135.5,3135.5,3135.5,0
2026-01-16,3206.699951171875,3221.89990234375,3171.0,3219.39990234375,4293470
2026-01-19,3163.60009765625,3220.0,3152.10009765625,3188.0,3387562
2026-01-20,3102.300048828125,3160.0,3091.10009765625,3151.60009765625,4499273
2026-01-21,3122.60009765625,3138.5,3082.0,3100.0,2015150
2026-01-22,3150.39990234375,3160.0,3122.300048828125,3150.0,2269827
2026-01-23,3162.5,3194.5,3152.0,3190.300048828125,2068857
2026-01-27,3158.0,3175.0,3130.0,3175.0,4279874
2026-01-28,3200.10009765625,3205.199951171875,3170.60009765625,3176.0,2751234
2026-01-29,3144.39990234375,3200.10009765625,3125.60009765625,3200.10009765625,2457641
2026-01-30,3123.89990234375,3141.0,3092.0,3141.0,3022068
2026-02-02,3169.60009765625,3198.0,3134.0,3198.0,2636272
2026-02-03,3225.300048828125,3350.0,3186.300048828125,3350.0,4366060
2026-02-04,2999.10009765625,3120.0,2986.0,3120.0,10852595
2026-02-05,2991.5,3029.699951171875,2972.300048828125,2990.0,3521545
2026-02-06,2941.60009765625,2985.0,2916.0,2976.60009765625,4687389
2026-02-09,2948.199951171875,2977.0,2937.5,2959.10009765625,2380318
2026-02-10,2984.60009765625,3011.60009765625,2943.5,2949.800048828125,3547763
2026-02-11,2909.800048828125,2998.0,2904.199951171875,2980.0,3363513
2026-02-12,2750.10009765625,2880.0,2740.0,2869.800048828125,10612156
2026-02-13,2692.199951171875,2713.0,2585.0,2585.0,11168735
2026-02-16,2706.60009765625,2719.800048828125,2671.0,2700.0,2918730
2026-02-17,2717.39990234375,2760.0,2695.199951171875,2716.0,4209118
2026-02-18,2694.89990234375,2730.0,2657.300048828125,2730.0,2950820
2026-02-19,2677.89990234375,2748.699951171875,2666.60009765625,2708.0,3238849
2026-02-20,2686.199951171875,2702.60009765625,2647.5,2667.0,2293482
2026-02-23,2676.300048828125,2704.0,2660.199951171875,2686.0,4699596
2026-02-24,2573.699951171875,2647.5,2561.300048828125,2641.0,7798833
2026-02-25,2629.300048828125,2654.199951171875,2595.0,2596.0,3621285
2026-02-26,2647.699951171875,2671.0,2635.0,2650.0,3464267
2026-02-27,2637.39990234375,2688.60009765625,2626.10009765625,2681.60009765625,5083717
2026-03-02,2613.5,2623.800048828125,2580.300048828125,2592.0,3374385
2026-03-04,2587.800048828125,2635.0,2580.39990234375,2625.0,3446434
2026-03-05,2578.800048828125,2609.5,2546.39990234375,2600.0,2960636
2026-03-06,2557.60009765625,2619.199951171875,2553.60009765625,2572.0,3998643
2026-03-09,2527.39990234375,2560.0,2505.0,2530.0,3653428
2026-03-10,2513.10009765625,2545.199951171875,2490.10009765625,2541.0,4323710
2026-03-11,2464.89990234375,2521.0,2460.10009765625,2508.10009765625,2720664
2026-03-12,2442.39990234375,2472.89990234375,2436.0,2459.800048828125,2752075
2026-03-13,2410.5,2445.89990234375,2397.0,2437.0,2466488
2026-03-16,2409.199951171875,2425.0,2366.10009765625,2410.0,3807907
2026-03-17,2391.699951171875,2420.0,2360.0,2420.0,2993367
2026-03-18,2440.800048828125,2482.89990234375,2410.0,2410.0,3082388
2026-03-19,2356.0,2424.0,2350.199951171875,2417.0,2757060
2026-03-20,2390.60009765625,2407.800048828125,2364.199951171875,2386.0,4206320
2026-03-23,2383.800048828125,2406.800048828125,2348.0,2365.0,3860515
2026-03-24,2398.800048828125,2435.39990234375,2379.10009765625,2404.10009765625,3420182
2026-03-25,2377.39990234375,2421.60009765625,2369.800048828125,2400.89990234375,5843778
2026-03-27,2389.800048828125,2422.10009765625,2385.0,2403.89990234375,4979411
2026-03-30,2358.89990234375,2398.0,2346.199951171875,2375.10009765625,6804756
2026-04-01,2408.199951171875,2472.0,2397.89990234375,2429.0,4132661
2026-04-02,2450.699951171875,2469.89990234375,2375.699951171875,2386.0,5378361
2026-04-06,2473.89990234375,2482.0,2448.199951171875,2474.0,2572417
2026-04-07,2539.800048828125,2543.89990234375,2448.0,2461.0,4516550
2026-04-08,2559.199951171875,2580.300048828125,2540.10009765625,2572.0,4769337
2026-04-09,2589.0,2605.0,2531.10009765625,2554.0,5628261
2026-04-10,2524.300048828125,2565.800048828125,2501.10009765625,2565.800048828125,10480239
2026-04-13,2472.60009765625,2504.89990234375,2470.0,2489.89990234375,3739587
2026-04-15,2554.89990234375,2559.0,2493.39990234375,2501.89990234375,5261384
2026-04-16,2576.89990234375,2594.0,2558.0,2572.0,3905403
2026-04-17,2581.5,2589.0,2555.89990234375,2570.0,2718206
2026-04-20,2579.60009765625,2594.0,2561.199951171875,2587.10009765625,2288558
2026-04-21,2610.5,2614.0,2560.0,2560.0,2719959
2026-04-22,2538.5,2580.0,2503.60009765625,2580.0,5232045
2026-04-23,2521.800048828125,2559.5,2516.300048828125,2529.0,2509050
2026-04-24,2396.89990234375,2505.0,2388.800048828125,2488.0,5107719
2026-04-27,2447.60009765625,2459.0,2396.89990234375,2396.89990234375,5853247
