Price,Close,High,Low,Open,Volume
Ticker,TECHM.NS,TECHM.NS,TECHM.NS,TECHM.NS,TECHM.NS
Date,,,,,
2010-01-04,177.308837890625,179.04206211242973,171.93584280303028,172.76778831374435,1268756
2010-01-05,179.57936096191406,182.3351917609076,178.3661039825164,179.2153880995993,1706608
2010-01-06,180.46331787109375,181.81524137963376,178.82542925971129,179.25006077895128,840360
2010-01-07,176.49423217773438,181.12194327476544,175.04699408737855,180.77529840725393,734988
2010-01-08,181.13922119140625,182.47381625674882,175.07293768762494,176.44218876712486,2080960
2010-01-11,179.99533081054688,184.53636969201227,178.88606310558322,181.9885386144191,1319720
2010-01-12,181.21726989746094,184.39773216427997,180.25532197583087,181.8152238006217,1315112
2010-01-13,188.4188232421875,189.08611041512899,178.52211599475967,179.38872820832646,2910448
2010-01-14,187.4395294189453,191.3479585941816,185.62831852750767,191.3479585941816,1362068
2010-01-15,197.09356689453125,198.28082107593843,188.2281221053052,190.65463564994081,3870856
2010-01-18,197.07623291015625,200.01403897103015,195.12635601377488,196.02762398287268,1208876
2010-01-19,193.6704559326172,199.3034339890752,186.581565470063,186.581565470063,629720
2010-01-20,194.13844299316406,198.2808531604507,191.77258767281327,194.46775983044202,657428
2010-01-21,191.937255859375,196.72095051258174,187.4221982678614,193.2545020453997,787508
2010-01-22,197.1802520751953,200.7073590322104,186.72024843312977,189.0947570847509,2176368
2010-01-25,181.83251953125,195.85430545411472,177.75944326738124,195.85430545411472,4302320
2010-01-27,163.69435119628906,180.25530525041927,160.68720105471098,180.25530525041927,2686004
2010-01-28,172.77645874023438,175.14231412242788,164.48298476218116,166.12954783408918,2997204
2010-01-29,168.55609130859375,172.10920171664122,162.52447185361217,169.16271991484575,1312588
2010-02-01,167.88011169433594,171.7452105818205,165.12429123669872,167.25615513982697,1158824
2010-02-02,164.44834899902344,172.9411495941162,163.3130889944117,168.79874912050252,1183620
2010-02-03,167.06549072265625,170.89591210735097,166.25953720991524,168.12275329019315,1286516
2010-02-04,163.5557098388672,167.74144003632279,162.19512246154866,166.37219923230717,944008
2010-02-05,162.3511199951172,165.5229183033986,157.03011935380013,161.20718562607766,854112
2010-02-08,163.45172119140625,166.60619164307963,160.3232533366436,163.78970205743587,625648
2010-02-09,163.2697296142578,165.41893198505844,159.82060901404432,159.82060901404432,539220
2010-02-10,161.70115661621094,167.08281573336424,160.86921110175552,164.30965696600552,588020
2010-02-11,163.04441833496094,165.71357751313778,162.229800766641,165.00295975410495,437160
2010-02-15,164.30099487304688,165.73090487911014,162.94040748971778,163.2697243286793,392224
2010-02-16,164.63900756835938,165.69627033375352,163.09643345613185,165.69627033375352,416352
2010-02-17,166.35487365722656,168.29608707601852,165.34960563390493,166.0428953849905,827240
2010-02-18,166.1988983154297,168.92005226468117,164.94231057728342,167.23883299527486,509164
2010-02-19,162.9490966796875,165.80891694815,161.53651455800264,165.1762858087731,440920
2010-02-22,163.01841735839844,165.94757079952868,161.8658294900339,165.54893130687054,418120
2010-02-23,160.9298858642578,162.40312660722626,159.45664512128937,161.36319196513088,489340
2010-02-24,159.10133361816406,162.99242445577403,158.2867160461653,159.63862894290682,695924
2010-02-25,157.28146362304688,161.363205315214,155.70422293812152,159.80330322301538,876132
2010-02-26,154.404296875,160.18460679962965,152.91372807006127,160.18460679962965,1618956
2010-03-02,155.49618530273438,157.25540120133857,154.3609151933842,156.16347226793613,826260
2010-03-03,157.55010986328125,158.070077222566,155.81688533233205,156.68349759780665,532760
2010-03-04,159.1966552734375,159.9159476044357,156.8568024196635,157.94006762974405,1261860
2010-03-05,161.48452758789062,163.77238602674313,159.25732777458492,160.3146010590327,2210240
2010-03-08,158.00070190429688,166.0428658162542,157.55006787784453,164.48296415409732,1649728
2010-03-09,157.24676513671875,159.78594281463035,156.68346727318132,157.89672421003118,1981948
2010-03-10,155.87754821777344,159.61265564701742,153.91034255290992,157.30745849486973,1105076
2010-03-11,156.59681701660156,157.43742657871118,150.9638379872274,150.9638379872274,813940
2010-03-12,157.2120819091797,158.76331951583418,156.05949428833483,156.85677310243443,1007880
2010-03-15,156.42347717285156,157.72339526570076,155.49620649812337,157.37675044094098,1071648
2010-03-16,158.32139587402344,159.3699945927309,156.85681903906632,156.85681903906632,779820
2010-03-17,159.205322265625,161.92648664014138,158.80668277659035,159.45664191483013,2117624
2010-03-18,157.16012573242188,160.32326032808407,156.86547546255292,160.32326032808407,1542284
2010-03-19,157.10812377929688,158.93667335812268,156.5708178819741,158.09606377742801,900384
2010-03-22,158.00938415527344,158.33002639210565,155.12356170874062,155.99017378532577,1089636
2010-03-23,157.74942016601562,159.14466366721956,156.61414974138316,158.41670731653343,609348
2010-03-25,155.0022430419922,159.40463688213669,154.2742867389845,158.79800839275717,1958456
2010-03-26,157.2120819091797,157.88804350543444,155.6608443025252,156.68345070121626,839664
2010-03-29,156.73548889160156,158.55537461047496,156.18085493771616,157.8100901937365,532008
2010-03-30,152.96571350097656,157.71475247034138,152.52374340572374,156.73547647719758,1669316
2010-03-31,147.86134338378906,152.74903744978292,147.15072573600273,152.52372043307705,2644436
2010-04-01,148.9706268310547,150.33987824343808,144.3775824901321,148.0173534772783,1565996
2010-04-05,149.18727111816406,150.79050348277983,147.16806071933283,150.79050348277983,955572
2010-04-06,149.2566375732422,150.25324169762817,147.5927356444007,149.80259696369137,1375288
2010-04-07,147.50607299804688,150.27923227402454,145.78151245754566,148.1906988100565,1228660
2010-04-08,147.41070556640625,149.2305908203125,146.52676553172725,147.84401157924108,1376664
2010-04-09,147.33274841308594,148.753994637228,146.80411704949856,147.67072931071164,882352
2010-04-12,147.05540466308594,148.53730919095418,146.4921068160957,147.49737470420303,691664
2010-04-13,146.63076782226562,148.3466640176476,145.3308496678129,146.96008465289805,1933240
2010-04-15,146.7347412109375,148.719284828362,145.77280399618448,147.32404160887697,1022648
2010-04-16,145.677490234375,147.04674154839157,145.07952578512067,146.46610510918373,552336
2010-04-19,143.6149444580078,145.1401901265045,142.99098801453943,144.72421211168535,620632
2010-04-20,142.4884033203125,144.42961716770432,142.31508084427333,143.85765511252788,347808
2010-04-21,143.8489227294922,145.30482448893628,142.5576687810126,142.99097476514942,1021080
2010-04-22,143.90093994140625,145.5908335450542,142.99099723174965,142.99099723174965,733136
2010-04-23,142.8350372314453,144.8975787683859,142.3150698435205,144.03096645517786,428176
2010-04-26,142.51437377929688,144.55091241341879,142.12439829616716,143.16433291784642,591428
2010-04-27,139.33392333984375,145.38287056502165,137.7653466868465,145.38287056502165,786588
2010-04-28,133.45828247070312,138.27664431947733,132.07170291256597,136.24876959994918,23668384
2010-04-29,133.1549530029297,136.5780708965943,132.64364973344016,135.36481392162457,2988676
2010-04-30,134.18621826171875,135.4514697985958,133.11161715332256,135.36480858951163,1097208
2010-05-03,134.36822509765625,136.57808626501532,133.47561027698268,133.47561027698268,1248088
2010-05-04,128.90855407714844,135.8761177040286,128.25859498096113,135.19149200695904,1596644
2010-05-05,127.62596893310547,128.9085591650422,124.62749296676675,128.9085591650422,945024
2010-05-06,127.25331115722656,131.0317374494072,125.83206532839898,128.6052237929367,2001200
2010-05-07,123.5788803100586,126.12672189363379,121.32568894395654,125.79740507785311,1411576
2010-05-10,126.84601593017578,127.3746578037106,123.92553722156384,125.65876151836893,1148164
2010-05-11,122.80760955810547,127.04534522184434,122.1923170278312,127.04534522184434,852496
2010-05-12,127.2186508178711,128.58790210858675,121.67233361600206,123.40555774158614,1567912
2010-05-13,126.67272186279297,129.2985614918885,126.03143719239932,128.77859408642516,1344628
2010-05-14,123.74354553222656,126.87201313937841,122.36563015901797,126.11806483378409,623376
2010-05-17,124.61882019042969,125.48543229189305,118.20589063960091,123.05891840779566,817556
2010-05-18,123.6482162475586,125.83207446545474,122.88559338293031,124.79213996574023,560720
2010-05-19,117.6339340209961,124.79214818296086,116.33401581075691,122.88560147461007,791096
2010-05-20,114.71343231201172,119.41913995389048,113.53484204505484,118.72585031700288,814540
2010-05-21,113.1795425415039,114.04615465897331,109.64376087072426,113.87283223547944,835992
2010-05-24,115.04277038574219,117.33929273242555,113.97683314049367,114.39281123102047,521860
2010-05-25,111.01302337646484,115.25942317775039,110.23307239255526,115.25942317775039,590360
2010-05-26,109.98173522949219,113.50885268694587,108.35251089193993,111.79295656399428,1242216
2010-05-27,107.55522155761719,110.89167801674597,106.86193190377226,110.89167801674597,2230468
2010-05-28,111.61963653564453,112.27825960441946,108.50849703508675,112.13960378658697,989088
2010-05-31,110.2677230834961,112.78089811341167,109.21044999951656,112.13960305899141,1053348
2010-06-01,110.605712890625,113.51752759767803,109.56577831105167,110.23306543477325,1571440
2010-06-02,115.98736572265625,116.7326500138223,110.4063816760279,111.27299377709564,2078856
2010-06-03,123.87355041503906,124.60150678132601,116.9926474073296,118.72587181336411,5799960
2010-06-04,122.24430084228516,124.97412896023367,121.59434176658313,124.44549769441488,2433356
2010-06-07,122.61692810058594,124.17682962558914,116.83661999123524,121.15235177524777,3452772
2010-06-08,121.54235076904297,124.94814065846077,120.46774961618829,123.57888926677737,2088724
2010-06-09,121.57701873779297,123.88220490498765,121.06571546153741,121.93232759798363,1212552
2010-06-10,123.98619842529297,124.35884588837959,121.75900938897097,122.19231547220573,1266304
2010-06-11,126.0920181274414,127.2879466545861,124.28946133439152,125.23407032133827,3005120
2010-06-14,128.15463256835938,129.0385728925991,126.00542980915989,126.542725209578,1187176
2010-06-15,127.05400085449219,129.12520593797436,125.72809065755361,128.29326041815307,1014080
2010-06-16,125.99673461914062,128.258590071542,125.31210894827683,128.258590071542,582796
2010-06-17,128.9432373046875,129.64519110333134,125.6587747993519,125.6587747993519,1318752
2010-06-18,127.5306396484375,131.01442677778218,126.57736630010501,128.95188566534003,2335284
2010-06-21,126.75067901611328,129.88782105116778,126.02272276286105,128.2585861309728,1216260
2010-06-22,124.28083038330078,127.04532490315282,118.15388749976196,125.65874564090831,1715960
2010-06-23,130.10446166992188,130.6677594607363,123.40554678765555,123.40554678765555,5043080
2010-06-24,128.15463256835938,130.87578675734827,127.39200950444639,130.6851362807518,2669468
2010-06-25,128.0246124267578,129.76650066822793,127.56530377270217,128.25859346711903,651340
2010-06-28,128.95187377929688,129.99180824525894,128.43190654631584,129.99180824525894,460220
2010-06-29,127.88594055175781,132.07168113416785,126.84600605463838,129.2985224751827,2216816
2010-06-30,127.25331115722656,129.59316361168027,126.56002154109213,126.56002154109213,1340440
2010-07-01,127.61730194091797,129.3678648153681,126.17872790066001,126.17872790066001,1188184
2010-07-02,126.9759750366211,128.9518544573911,126.52534106706386,128.01590934676136,466924
2010-07-05,130.6244659423828,132.45301563589157,128.622583223736,128.622583223736,2071516
2010-07-06,131.9850311279297,132.9383044978622,130.88443792323952,131.71638347579193,1573668
2010-07-07,131.10108947753906,132.93830299273986,129.4285238068168,132.0716908480675,1323724
2010-07-08,132.14971923828125,133.11165683008963,131.17044305223135,132.59168942059708,1012116
2010-07-09,134.6195526123047,135.53815950599164,132.24503286837805,132.59167777760052,2505016
2010-07-12,134.28158569335938,135.41684577352973,132.79101665998877,134.8622117452648,705276
2010-07-13,132.58299255371094,134.2815502213327,131.37839957117805,134.2815502213327,754488
2010-07-14,132.496337890625,134.9055133960341,131.77704555202922,133.11163042069745,777852
2010-07-15,133.09429931640625,133.80491705371014,132.00235953547156,132.5916600337931,459036
2010-07-16,133.6142578125,134.43753930751845,131.72503920295324,131.72503920295324,466800
2010-07-19,132.04566955566406,133.61424577843303,131.72502733904014,133.44092337403956,533892
2010-07-20,131.4217071533203,133.423578717253,130.85840936466445,133.423578717253,531596
2010-07-21,131.3607940673828,132.93663386631155,131.11701316495268,132.30977324341347,475020
2010-07-22,130.54238891601562,131.56972691982872,130.037418782946,131.41301974695102,473424
2010-07-23,130.02001953125,132.30977240042037,129.2016243672415,131.4652646863441,679196
2010-07-26,128.42677307128906,131.02996181361516,127.54743791159217,130.76877252096344,873552
2010-07-27,123.70795440673828,127.20788659146335,122.410712159428,127.20788659146335,2596700
2010-07-28,124.7874984741211,127.05984240257325,122.9765824251588,123.62955542918618,1735408
2010-07-29,122.34977722167969,125.70170653169623,121.91446172687235,124.97037437485595,918160
2010-07-30,121.92317199707031,124.30870315325365,121.48785648053394,122.75897566325608,593852
2010-08-02,122.33234405517578,123.19427076061942,121.94056015523034,122.7589553162356,470024
2010-08-03,125.81489562988281,126.40692901722113,122.49779333050579,122.58485643877195,1320432
2010-08-04,128.37452697753906,128.67054361088418,126.25018544319137,126.25018544319137,1581656
2010-08-05,126.48527526855469,129.19293553880706,126.08477650839677,128.37454027753014,774340
2010-08-06,125.19672393798828,127.67802201325439,124.50021921510657,127.67802201325439,599948
2010-08-09,125.78004455566406,126.53749983151718,124.65693917295503,124.90941363708724,461916
2010-08-10,124.5611572265625,127.78249152073636,123.89077569214561,126.19794755148635,769380
2010-08-11,124.25645446777344,127.44297249154836,123.85596632560555,123.97785679352273,968228
2010-08-12,123.64698028564453,125.33600614026965,122.06243650229091,122.2191542952895,435904
2010-08-13,123.94298553466797,125.78872901335049,123.49026181738115,123.62956060517584,396912
2010-08-16,123.30748748779297,125.13581280585409,122.09730812789306,124.151995407388,368688
2010-08-17,124.47409057617188,126.1892397577154,123.93430369074655,124.1519614070984,855956
2010-08-18,124.63081359863281,125.37084986519822,123.21168097750346,125.37084986519822,479112
2010-08-19,124.5872573852539,125.7190773335476,124.15194202052555,125.02257274998225,360368
2010-08-20,123.76016235351562,124.58726157430942,123.39450168597563,124.58726157430942,231856
2010-08-23,124.25645446777344,124.46540803737146,123.49030554967402,123.80373059016105,287744
2010-08-24,122.88955688476562,125.16190150712416,122.49777296271006,123.76018782266691,484904
2010-08-25,121.0960464477539,123.45545391391609,120.73908992659885,122.58482306826082,407692
2010-08-26,116.38594818115234,121.88833146471768,115.75038334453012,121.01770052568399,1810860
2010-08-27,114.22674560546875,118.05752061053019,113.87849333228134,116.31625924459317,1109632
2010-08-30,113.35614013671875,115.70684350360924,112.32008726797002,115.27152806529618,839604
2010-08-31,111.13603210449219,113.35614085393563,110.5527136645893,113.35614085393563,678812
2010-09-01,112.62479400634766,113.53025213049786,110.13479213579738,111.13601751885008,478548
2010-09-02,117.83118438720703,120.03387411752034,112.65963487998118,114.74914897358207,2582080
2010-09-03,121.89704132080078,122.68060920239301,117.92696617963072,118.40581321838154,4418608
2010-09-06,122.58485412597656,123.73408288227934,120.6955889633735,123.1942958723415,1503328
2010-09-07,123.1768569946289,125.44920138914263,122.30622614402458,123.62958078581597,1542772
2010-09-08,123.64698028564453,125.31859777563301,122.3062173741071,122.3062173741071,1363028
2010-09-09,123.83853149414062,124.83105276678079,122.77635550391183,124.50020879996148,608644
2010-09-13,124.0475082397461,125.99771316347643,123.81243149474341,124.67435830411374,804512
2010-09-14,124.28257751464844,125.80618179241121,122.9418036246532,125.37086628447899,1238280
2010-09-15,128.22654724121094,128.80986580243572,124.34352419702229,124.64824506914701,2419228
2010-09-16,125.34474182128906,129.5934253863949,124.8658947674596,128.67926282908408,1379992
2010-09-17,125.25765228271484,126.92056565728176,124.43055300067446,125.98028011709826,892916
2010-09-20,125.1618881225586,126.36336293950664,124.58727389055568,125.54496781983319,730544
2010-09-21,126.7203140258789,128.97524994276515,124.86586615486101,125.3708362743151,3162464
2010-09-22,137.20272827148438,139.09199310936407,127.98274473919874,128.33099710583602,15579312
2010-09-23,139.45765686035156,141.52104776894373,137.90792966226198,138.43030818370994,9981104
2010-09-24,134.67788696289062,140.51981778230385,133.55477105207814,139.64918694102565,4240888
2010-09-27,135.19158935546875,137.1766217090568,131.3085664948577,133.03242016965007,3187004
2010-09-28,136.81092834472656,138.552189974091,134.9477762757431,135.81840709042532,3507936
2010-09-29,138.12557983398438,148.18136582252848,136.6890389784781,141.04219308607293,3426268
2010-09-30,130.94288635253906,138.4303120349316,129.9329566418731,137.3507276016741,4978796
2010-10-01,133.64186096191406,134.05976810074057,131.11703101540232,131.63940962502545,1854900
2010-10-04,133.1368408203125,135.1218830439924,132.59705404381472,134.77363076810582,974860
2010-10-05,133.21524047851562,133.9030410594564,131.36080291855802,132.16177914710977,903800
2010-10-06,135.4701690673828,135.80101306301933,133.21523289371805,133.3806548915363,1482908
2010-10-07,133.01499938964844,137.19402790558573,132.10954108563152,135.81842676796205,1244188
2010-10-08,133.49383544921875,134.82589430263985,132.4142510456558,133.81596461975252,868340
2010-10-11,133.63314819335938,134.77367262554398,133.20653689734,133.56349346542257,423240
2010-10-12,134.49505615234375,136.48008808698637,132.38812314695713,133.07592363478093,1049936
2010-10-13,137.08082580566406,137.73379893589112,134.62565108713753,135.43533139192834,1774504
2010-10-14,135.208984375,138.9004616695915,134.42541653251772,137.55968790244688,1149636
2010-10-15,130.9864501953125,136.50625354545818,129.98522442113762,135.82715703010678,694116
2010-10-18,131.62196350097656,133.20650724452318,127.11209188039467,130.76874109887177,596780
2010-10-19,132.5535888671875,134.04236596633842,130.82103080174997,131.8135524104577,609292
2010-10-20,131.2040557861328,133.38063269034868,120.65201520562103,129.37573118659148,354268
2010-10-21,131.79611206054688,132.3010716141599,130.8035906926609,131.63939424484215,274460
2010-10-22,132.3881378173828,134.25129014338003,131.56103842933993,133.03240683468528,453004
2010-10-25,133.14561462402344,134.33837494630038,132.51004968779597,133.67669745450104,391852
2010-10-26,136.92413330078125,139.59697685102412,134.0684699936793,134.08587836257448,3504444
2010-10-27,134.20774841308594,137.90792960514312,133.04980510656193,137.55967725765538,1365540
2010-10-28,130.12449645996094,134.94779392985637,129.20162980123024,134.77366774414043,1221864
2010-10-29,126.98147583007812,132.0050102525177,125.5449353081746,130.54235718872323,714864
2010-11-01,128.0872039794922,129.20161569755237,127.28622786376116,127.98273253059432,305644
2010-11-02,126.16311645507812,129.5498726437064,125.54497066681763,128.85336795207357,570956
2010-11-03,127.54742431640625,128.67054028066048,126.53749461803115,126.53749461803115,371880
2010-11-04,130.37693786621094,130.5771871638094,127.65185972178769,128.50508199701326,624304
2010-11-08,130.3943634033203,132.2923426927504,129.74139033968382,131.45653929685906,467424
2010-11-09,131.2476043701172,132.1617667886155,130.24637886414283,130.59463121404696,549844
2010-11-10,131.3782196044922,132.81476077312976,130.59465169432622,130.59465169432622,403500
2010-11-11,128.73147583007812,132.33588968793143,127.99143960484956,131.63938500536338,384540
2010-11-12,126.81610107421875,128.84467542321468,126.25019096107953,127.98274866379265,479308
2010-11-15,125.98027038574219,128.15684727561336,124.29124459363881,127.1120903684752,480032
2010-11-16,120.44305419921875,125.51012066566255,120.15574181462178,124.5001911705417,1019488
2010-11-18,119.26773834228516,122.06246162190176,116.69067280450504,122.06246162190176,591720
2010-11-19,118.31004333496094,124.50022733787462,117.53517965463688,120.66945111209385,310512
2010-11-22,118.92815399169922,119.589831200204,117.20430094918501,118.44930710520262,444460
2010-11-23,117.29136657714844,121.26145117038237,115.46304206156516,118.40577815205909,955720
2010-11-24,116.07251739501953,118.8759555126398,115.52402625718176,117.19563347890575,373900
2010-11-25,108.59379577636719,117.61352972232984,107.08760007700225,117.61352972232984,1345944
2010-11-26,108.79403686523438,112.74670333953551,104.16228465484583,109.1771165928784,1216432
2010-11-29,109.99549865722656,112.10242096622798,107.27041997089215,109.70818623880932,733180
2010-11-30,111.31885528564453,112.6335057073274,108.65472708367565,110.04773640526123,503256
2010-12-01,116.8647689819336,118.40578114720809,110.57010445364284,114.05262742856073,567892
2010-12-02,117.77022552490234,120.68683874106038,117.18690713279774,117.83117605834839,460628
2010-12-03,116.4817123413086,118.71922954361156,115.1844701513046,118.4058045395119,352676
2010-12-06,115.87225341796875,118.9281653508345,114.61854296074203,116.66452530755362,639232
2010-12-07,116.9344482421875,117.60484049322363,114.93199692921134,116.14217615261744,427716
2010-12-08,115.59366607666016,117.17822076996362,114.92328450152888,116.66454638791568,246692
2010-12-09,111.55394744873047,116.17699565001648,110.57013022785885,115.76779272838722,346164
2010-12-10,111.78898620605469,113.3561215267003,108.50671259116241,110.66587043402866,283760
2010-12-13,112.90342712402344,113.51286879591599,110.96191583243797,111.98926461618458,196868
2010-12-14,117.33492279052734,119.26772977590352,112.56387180884303,114.03524016354082,1067804
2010-12-15,116.08991241455078,118.71921316621928,115.26281315870455,117.88340972798022,706900
2010-12-16,116.56876373291016,119.27642348350501,112.32878522217084,118.05754032381955,312444
2010-12-20,115.42823028564453,117.53515247141273,114.94066855832442,116.66452171236523,276176
2010-12-21,121.7403564453125,123.45549553840574,114.66212103249673,115.79394151345532,2751264
2010-12-22,121.60099029541016,123.97781644896426,120.73035956192024,122.7415250585352,1681276
2010-12-23,119.31996154785156,122.22787079906152,118.76275566168502,121.54007028150367,526996
2010-12-24,120.0512924194336,120.98286319633183,118.44062531490346,119.27642882196086,310304
2010-12-27,120.852294921875,122.41072663979496,119.36351793965781,120.49533831399447,445148
2010-12-28,120.81743621826172,122.23656872452398,120.14705472923296,120.16446309473328,275892
2010-12-29,121.00898742675781,123.45545805963977,120.6694392599864,121.88832248483475,254500
2010-12-30,121.90575408935547,122.5151958179538,120.94805994441523,121.02641886365622,636692
2010-12-31,122.30622100830078,123.6121672293697,122.09726748736625,122.73282160492926,537764
2011-01-03,123.9168930053711,125.36213808933496,122.76765390785123,123.71664365894792,616340
2011-01-04,129.65435791015625,130.94289597808964,123.65571911660693,124.5002268940613,2234196
2011-01-05,126.8596420288086,130.89937203081405,126.46785807527439,130.38569761061635,1423036
2011-01-06,127.08596801757812,129.4627942478346,126.2414604299665,127.42551614016004,843300
2011-01-07,123.22911834716797,128.14818367606483,122.41072305184056,127.11213062282164,570944
2011-01-10,120.64332580566406,123.22910608918005,117.63964904521136,122.75896325328449,831464
2011-01-11,118.81498718261719,121.50523861960652,117.53516409141562,119.79880428873177,583672
2011-01-12,121.06124877929688,122.34107218516662,117.54389717463633,118.96303005223167,442624
2011-01-13,119.5376205444336,121.87091556802332,118.41450457690108,120.14706216410659,374656
2011-01-14,117.99662780761719,121.34855727483834,117.53518911035216,117.71801950118201,267140
2011-01-17,120.42565155029297,128.60958131123388,112.48550267165609,119.27642311158579,761000
2011-01-18,120.66944885253906,122.23658455192268,118.06626020411021,121.40948515502576,394128
2011-01-19,120.0512924194336,124.11713431866075,119.11971101471713,121.54006907697618,740688
2011-01-20,121.13961029052734,121.87094252144271,117.53519550287501,120.49534116739187,550380
2011-01-21,120.2254409790039,122.7154435975983,119.64211181259635,121.01771309021755,817576
2011-01-24,121.13961029052734,123.0549986616853,119.27645765847316,121.24408176873492,522672
2011-01-25,120.55623626708984,121.96666446539842,118.92816100807673,121.71417942115026,453728
2011-01-27,117.64834594726562,121.71418759061775,116.00285158603496,121.3485269004854,1282312
2011-01-28,114.06134796142578,118.0401374073293,112.36361776777927,118.0401374073293,348300
2011-01-31,113.34745788574219,114.05266690670047,110.61367427859766,113.15591267913031,295660
2011-02-01,110.43952941894531,114.05264764589543,109.70819733901097,113.35614292744721,455684
2011-02-02,111.62358093261719,112.31138144064678,110.39599354010863,111.614876749542,436488
2011-02-03,113.20811462402344,113.50412056095209,111.05765040974966,111.60615200406559,403536
2011-02-04,110.51789855957031,115.44566777335157,108.9333438016757,112.52905399476387,601992
2011-02-07,109.61244201660156,111.78901949905989,109.02912350243062,110.91838850607657,256148
2011-02-08,107.2617416381836,110.53531214703168,105.86873200651887,110.07388408323477,417348
2011-02-09,101.5329818725586,108.64604344244643,97.68479714523772,107.26173804182966,857416
2011-02-10,97.76314544677734,102.72574155445317,96.84898300588969,102.69091419304611,808324
2011-02-11,99.54792785644531,100.39243548181787,83.03206050789456,98.38128045819177,1090536
2011-02-14,110.50917053222656,111.19696035473497,100.34019864410884,101.51555021174049,2187108
2011-02-15,110.69200897216797,111.96312789423722,107.58385044475843,110.91837086878556,899320
2011-02-16,111.64104461669922,112.65967888407386,107.95827033713415,109.04655935262946,1239724
2011-02-17,116.10736846923828,117.50037831440687,111.26666138284175,112.35495032437971,1625920
2011-02-18,114.97549438476562,117.13466288960743,113.70437561902897,116.67322434232388,896076
2011-02-21,117.95308685302734,118.70182735395915,113.22555648344436,114.76656903336004,529708
2011-02-22,119.0413589477539,122.34104132753147,116.36851589353343,117.53516334414256,1141872
2011-02-23,119.00654602050781,120.451791263922,116.66454665244343,119.92070851293367,724992
2011-02-24,114.017822265625,121.88832784641436,112.41585925979408,120.12965765290075,2170196
2011-02-25,111.72806549072266,116.1334556340934,110.60494952584567,114.05264569770891,847696
2011-02-28,112.35491180419922,114.66208356926028,108.48060450060615,108.48060450060615,965916
2011-03-01,117.70060729980469,118.38840791702965,111.7977248544216,113.18203027332859,822876
2011-03-03,119.36351776123047,120.14708571152302,114.36609337491173,116.66456148800061,472800
2011-03-04,119.31996154785156,121.5139471040981,117.23044744559076,119.45055617924287,730416
2011-03-07,118.16202545166016,119.26773310835847,115.96803976135668,117.73542479863707,279124
2011-03-08,129.3844451904297,129.94165104577073,117.79635099827658,117.79635099827658,7028064
2011-03-09,127.79993438720703,129.7240268886491,126.30244259945115,129.7240268886491,2665592
2011-03-10,126.81610107421875,127.72155938080532,125.54498202257756,126.94669571571241,661640
2011-03-11,127.18177032470703,129.724008385565,124.6830531824682,125.51015256479228,1380540
2011-03-14,128.5399627685547,129.1842318331312,125.68428884180356,125.68428884180356,550728
2011-03-15,127.95664978027344,132.16180228595502,125.09228193522605,126.76388941261561,2553576
2011-03-16,128.69667053222656,130.76877656920476,128.00888054254054,129.2103449492408,530136
2011-03-17,127.59095001220703,130.55109487772393,126.92056851437889,128.49640821428167,643904
2011-03-18,122.73284912109375,128.81856200122843,121.78386982328072,127.59097440376742,1383332
2011-03-21,123.53382110595703,125.00518945942171,121.06993139627356,123.4554621990258,937524
2011-03-22,123.74274444580078,124.73525493195241,121.7315790459915,123.62085402341597,614772
2011-03-23,123.75150299072266,124.47412040548993,120.1470882186005,121.94058610557488,293380
2011-03-24,128.10464477539062,128.67925909775988,124.15197799283192,124.50893456977194,1009892
2011-03-25,128.2700653076172,129.71531059502942,127.28624805849964,129.71531059502942,471824
2011-03-28,126.2327880859375,129.3757638024106,124.67435650407268,129.2625775237302,484128
2011-03-29,118.65828704833984,128.48771199860195,116.90832107136647,126.1805401221227,3246276
2011-03-30,117.87470245361328,123.97782204530839,114.2267573900594,118.57991125400984,4341896
2011-03-31,117.73539733886719,121.01767092506059,116.89958333957762,120.20798009868,1712564
2011-04-01,120.76521301269531,121.36595047417863,116.83866968174155,117.01279586606606,1047820
2011-04-04,122.1843490600586,123.3684050207917,119.9816485160403,120.66944908879131,860060
2011-04-05,125.0138931274414,125.69297885313524,121.05252253019546,122.75895696959923,1053224
2011-04-06,128.10464477539062,128.76632219593156,124.3261041891753,124.50023038551869,2114320
2011-04-07,130.6468505859375,131.29111947817097,125.414361809221,127.98272256824357,2671324
2011-04-08,129.24517822265625,132.51004463111002,128.0001715811044,131.46528738040482,1695272
2011-04-11,127.0424575805664,129.98519429462647,126.9379861229507,128.1742777586174,859400
2011-04-13,127.8260498046875,128.31361170751114,125.59723638480219,126.76388414743754,410412
2011-04-15,127.5125961303711,129.6282334127829,126.76385570165301,127.83473593157865,1008900
2011-04-18,122.86344909667969,128.6879729264447,122.3497852812262,128.18301329589679,572300
2011-04-19,123.4380874633789,125.19675811765828,120.67818036879324,123.62962206333432,556380
2011-04-20,126.03253173828125,126.55491029809271,122.84602464899514,122.84602464899514,470596
2011-04-21,125.2663803100586,127.98274451392041,124.32609467066554,127.38200705696478,430732
2011-04-25,125.03128814697266,126.41559325654376,124.05618589364146,124.05618589364146,265540
2011-04-26,126.25017547607422,127.37329138072965,124.3347876357625,125.08352802959351,1028484
2011-04-27,125.08354949951172,126.88576201710853,124.58729408865125,126.25019714624122,446928
2011-04-28,119.89459991455078,125.33604398361416,119.10232778365925,125.33604398361416,3125556
2011-04-29,119.52023315429688,121.69681074941576,117.9705056554441,120.83488389618462,597200
2011-05-02,119.67692565917969,121.27018451416353,118.05755425295516,119.45056374266554,499900
2011-05-03,116.690673828125,120.62592158392123,116.20311197987881,119.85105789062229,436704
2011-05-04,115.69811248779297,117.00405849985817,114.22674452196968,116.66451041115805,387024
2011-05-05,114.89716339111328,117.16951869602275,113.18202465326462,115.4630735143796,373264
2011-05-06,116.56007385253906,117.51776788123306,113.18202157292716,116.48171494280938,454992
2011-05-09,116.05510711669922,117.66577439476293,115.3586023478068,117.66577439476293,203004
2011-05-10,117.56999969482422,118.83241450877141,115.86356524429384,116.6123056980367,533236
2011-05-11,118.16202545166016,119.25902892463087,117.54387961753504,117.54387961753504,384084
2011-05-12,116.19439697265625,119.11101046717923,115.65461006957344,117.86601466561129,381236
2011-05-13,117.16080474853516,118.38840291185574,114.9232874188564,114.9232874188564,317720
2011-05-16,115.8287582397461,118.23169783753694,115.2976754192064,115.80263505684229,177136
2011-05-17,113.3735580444336,119.97294489577902,111.78030978281397,119.97294489577902,330044
2011-05-18,114.03523254394531,115.99415194888377,112.38103393533059,113.53026240176732,514592
2011-05-19,116.11602783203125,116.83865566139193,114.05263704651522,114.40959355598278,445080
2011-05-20,112.5899658203125,117.53515279650712,111.98923909716166,117.53515279650712,1410272
2011-05-23,113.3822250366211,114.5749846837992,110.84868153870173,111.96309293568828,1036928
2011-05-24,117.21304321289062,118.57992948519752,112.36362268618069,112.58998459634495,876628
2011-05-25,114.81880187988281,117.36103973579202,113.22554315756491,117.18691356407719,1677304
2011-05-26,114.4531478881836,117.01280512587607,113.59122108200494,115.01035384768028,3027180
2011-05-27,114.93197631835938,115.7068398999876,113.18201043640623,114.48795671067245,639232
2011-05-30,119.68561553955078,120.49530645980809,115.29764467361541,116.66453082091245,2266872
2011-05-31,118.02274322509766,120.49533753711704,117.1434079885773,120.23414822164641,1350692
2011-06-01,121.87090301513672,122.67187909593498,116.79512122583164,118.37966502264368,1854104
2011-06-02,119.206787109375,121.34854777893138,118.5799370676342,120.5823882809643,564688
2011-06-03,119.61597442626953,120.84356179735049,118.40579542103507,119.27642626971915,661536
2011-06-06,122.671875,123.61216047894794,119.25029183652403,119.61596313514465,1928320
2011-06-07,123.42932891845703,125.09224231140679,122.60222962727339,122.60222962727339,1062756
2011-06-08,122.00152587890625,123.80372779183672,121.56621038034143,123.45547539298485,331176
2011-06-09,122.00152587890625,123.58607004255431,120.80875503614675,121.06994433528565,521964
2011-06-10,121.60099029541016,138.4302866248969,121.01767195509854,138.4302866248969,409196
2011-06-13,121.89704132080078,122.83732702983929,119.09361381778751,121.54008474475046,435440
2011-06-14,122.64573669433594,123.62955359022952,122.06241840387449,123.62955359022952,388364
2011-06-15,121.97537231445312,124.27383969990346,121.36593076827099,123.4206172841216,507620
2011-06-16,120.17322540283203,121.71423833230538,119.15458055082556,121.71423833230538,484060
2011-06-17,120.0512924194336,121.17440836383174,118.40579795464727,120.14705968927444,468348
2011-06-20,116.08991241455078,120.54753783703728,114.01780686983011,119.45054516010995,730336
2011-06-21,117.60482788085938,118.75405643393121,114.59243642214248,115.9680375146601,778432
2011-06-22,120.59979248046875,121.20923413302518,117.70930203661439,120.09483291647052,905464
2011-06-23,122.21045684814453,122.41070620900227,118.58863438032671,118.58863438032671,909264
2011-06-24,120.8609619140625,123.62957207503887,120.14704891799552,122.94177162595936,898660
2011-06-27,122.00152587890625,123.04628307546184,119.46798117500313,120.66945620216997,594652
2011-06-28,121.69677734375,122.67187958757039,118.61474218951372,118.61474218951372,304784
2011-06-29,123.86466217041016,124.84847940429137,121.37465975555371,123.59476869893547,926796
2011-06-30,125.93675231933594,126.90315043625047,123.97783290890727,124.03006863428844,1109504
2011-07-01,125.05744171142578,127.37331809671105,124.3870494500142,126.77258056795681,549840
2011-07-04,127.20787811279297,127.46036319824391,124.69175269731856,126.19794839880775,665888
2011-07-05,127.92176818847656,128.29613299869965,125.71906834923689,126.2849782829419,1041264
2011-07-06,129.1145477294922,129.7239892899146,127.14692424569185,127.79119316370189,958156
2011-07-07,128.65313720703125,130.594648566853,127.98275559551595,128.86209077030216,834108
2011-07-08,128.09591674804688,130.59462294935074,127.66060133821571,129.1406737316417,599576
2011-07-11,129.76754760742188,130.40311247413788,125.98030284330054,128.82726189761564,1172740
2011-07-12,129.24517822265625,131.09962659378613,127.28625837758399,127.99146739624594,1558104
2011-07-13,128.9230499267578,129.95909237232698,128.27007664031316,129.37577382089793,915252
2011-07-14,130.8123016357422,131.98765343080544,128.23523612175998,129.00138498925776,768700
2011-07-15,129.75009155273438,131.98760809852908,128.5399128093813,130.42047291002413,591248
2011-07-18,129.08840942382812,131.4217039470857,128.41802803706616,131.4217039470857,438880
2011-07-19,130.61203002929688,131.29112631307774,128.03496495402013,130.38566814397575,1017736
2011-07-20,130.7426300048828,131.98763636685834,129.37574382661708,129.37574382661708,759628
2011-07-21,130.44662475585938,132.33588945284183,129.0623195761509,130.36826585364605,655956
2011-07-22,130.91677856445312,131.77870537570854,129.84590881649802,130.98643329523287,562420
2011-07-25,134.4427947998047,135.80098725827776,129.90681076389055,130.94286347144202,1319676
2011-07-26,135.20025634765625,136.51490670374238,133.46769896481956,135.46144558242105,1526724
2011-07-27,137.4464874267578,138.9526830416827,135.03484423411643,135.53109956528098,1202060
2011-07-28,136.5758514404297,137.22012036787854,134.67788264399857,136.6977418798634,578136
2011-07-29,135.1132049560547,137.03729702635025,134.66918534411232,136.6890446832083,600936
2011-08-01,135.96641540527344,136.68904326090095,134.46023041354792,135.1306119159933,323972
2011-08-02,136.45401000976562,136.90673390892445,135.13064442454188,136.68907614436338,518932
2011-08-03,134.616943359375,136.69775330274427,133.76373146767716,135.81841823333573,571076
2011-08-04,135.36959838867188,136.1747403954074,133.39173050226395,135.387097295434,700236
2011-08-05,128.13201904296875,135.14204005810552,126.03163757427802,132.14900073845828,591924
2011-08-08,124.85015106201172,126.898024770793,119.94926182948454,122.52223081317945,1011696
2011-08-09,127.4668960571289,128.6483605931888,119.75674814731202,120.75443144771438,1557736
2011-08-10,128.5608367919922,131.4488610357878,126.89803495465533,128.6483526781678,1097468
2011-08-11,127.33563232421875,128.77964464954496,126.04039275311318,126.89805283169567,369608
2011-08-12,129.18223571777344,130.38995957802484,127.94826349374817,128.6483907905676,911216
2011-08-16,127.48442077636719,131.23885542114016,125.84787754605061,131.23885542114016,1073208
2011-08-17,125.32273864746094,129.28721223684943,124.09751634224833,127.47562713285923,988012
2011-08-18,115.64350891113281,125.49779681750674,114.80335843307354,125.49779681750674,1456532
2011-08-19,111.67027282714844,116.75494377145274,108.86101496552897,112.0465954179061,1544208
2011-08-22,111.46896362304688,113.59560361888606,109.22855940169609,110.85635250953978,616312
2011-08-23,115.67853546142578,117.17505540327411,109.3948887768459,111.49527064136134,1124144
2011-08-24,114.28700256347656,117.09626048789052,113.42059311831548,115.52097447235836,626024
2011-08-25,108.26593017578125,116.82499045108253,106.59437843060657,116.82499045108253,925320
2011-08-26,107.21570587158203,109.62239264835577,105.36912288129388,107.64453583387996,693596
2011-08-29,111.26773834228516,112.12538791387799,107.8196090965712,107.8196090965712,447732
2011-08-30,113.56066131591797,115.3459883095284,110.98769100304672,114.44457001535808,575272
2011-09-02,111.2064208984375,116.6674137730051,109.95495026417835,116.6674137730051,417008
2011-09-05,118.72405242919922,121.12198991529672,108.85226659740299,108.85226659740299,1626736
2011-09-06,115.75725555419922,119.18788461865103,113.97194006613708,118.15519291367356,1842324
2011-09-07,120.81571960449219,121.4370804589575,116.08986023568191,117.0437858374867,1800120
2011-09-08,120.01930236816406,122.45223787637529,119.11788436269352,120.64066309551224,870140
2011-09-09,116.29986572265625,121.4633031156702,114.83834398291417,120.94695723975045,544312
2011-09-12,110.3838119506836,114.64583212356655,109.4998927901263,113.97196394844407,794628
2011-09-13,110.40129852294922,113.59562860308212,110.04248549988154,111.66152951309958,624360
2011-09-14,109.97247314453125,112.33540234442862,108.16964781752439,111.5127507826606,981004
2011-09-15,111.3552474975586,112.02036628576138,109.5786702277575,110.96142589733522,587452
2011-09-16,113.84944152832031,114.99589773287406,110.48007922792789,112.34416157127578,1122624
2011-09-19,111.18893432617188,113.76190353810658,110.27001751355888,113.76190353810658,359868
2011-09-20,113.43807220458984,114.10320139697423,110.95262991633719,110.96137936716536,513200
2011-09-21,113.79692077636719,115.32844891510807,112.86924375728442,115.32844891510807,442736
2011-09-22,109.81495666503906,113.42060750699316,109.39487606770173,112.20413434850164,412420
2011-09-23,109.57865142822266,111.31147044515745,108.51971122147042,108.70349246675919,747072
2011-09-26,105.71045684814453,111.37273125678136,105.01907910740216,111.31147440053931,935860
2011-09-27,106.84815979003906,107.9683568513635,105.71045313962178,105.71045313962178,805752
2011-09-28,101.7984848022461,113.5168652806865,100.83580995713751,108.34467802222159,1999128
2011-09-29,100.05693817138672,101.51844950743728,97.35269457806122,101.51844950743728,1527560
2011-09-30,100.49449157714844,101.43090724134288,97.2388943567865,99.94313724729385,935264
2011-10-03,96.93258666992188,99.54056417034754,96.49500726938676,97.36141661906447,460588
2011-10-04,95.74237823486328,97.9652838515232,94.27210709293777,96.79256885535538,557076
2011-10-05,93.108154296875,97.6677298720241,92.71433280545554,96.34624211521272,526764
2011-10-07,98.5516586303711,98.96298979433884,93.65951739698052,93.83454920724068,1075156
2011-10-10,100.8358383178711,101.25591900530596,96.46880247509544,96.46880247509544,604852
2011-10-11,100.59076690673828,103.09371924412841,99.41805183474523,100.8358049908419,922556
2011-10-12,102.34109497070312,104.1089118666539,101.16837978125677,101.16837978125677,924392
2011-10-13,105.97300720214844,107.08445487732317,100.68704461796348,100.68704461796348,937976
2011-10-14,104.12642669677734,107.64456175908052,103.26876656562196,107.02320097822816,1234680
2011-10-17,102.27981567382812,105.00156838078233,101.34339993043652,104.8440355066174,570076
2011-10-18,99.61060333251953,102.91870896535806,98.90172660636681,102.03480042123704,389948
2011-10-19,101.19463348388672,101.60595391642676,99.76812012465676,100.12693315690761,413492
2011-10-20,99.71561431884766,100.4157414888124,98.36786738004696,100.20570120120442,366812
2011-10-21,100.04815673828125,103.0674548093951,99.54057100864458,99.96940098724718,527632
2011-10-24,98.53416442871094,103.0674821211106,98.19285024578319,103.0674821211106,503832
2011-10-25,98.15782165527344,99.76811619361337,96.44251232049291,99.76811619361337,766408
2011-10-28,102.83118438720703,104.40647061611745,99.94315963420463,99.94315963420463,976560
2011-10-31,102.48109436035156,103.79383254600936,101.53591859344168,103.26873727174625,489576
2011-11-01,103.5488052368164,104.29269036260702,101.51844069613095,101.55344919161027,673816
2011-11-02,108.88727569580078,109.71867672433788,100.1794438705964,101.69347317474853,1834824
2011-11-03,108.72100830078125,110.67260648708897,108.22216125423762,109.04481286188496,1094420
2011-11-04,109.92869567871094,110.86512201263524,108.16962861217004,110.2175023584361,552056
2011-11-08,107.77581787109375,110.97014783641646,106.5593448709689,110.62883373090057,567700
2011-11-09,105.35162353515625,108.30965395123022,104.80901865427326,107.64453538142662,459956
2011-11-11,104.55522155761719,107.64453651289028,103.61880587907488,105.85921035605826,830444
2011-11-14,106.92691802978516,108.23965637186097,105.31662352688711,105.32537297921589,872488
2011-11-15,108.14338684082031,109.16732921898088,104.28393801998159,106.76939156684469,2549496
2011-11-16,106.37556457519531,108.30966361267136,104.73026156562473,107.11944964215472,903292
2011-11-17,104.76527404785156,107.6357996299605,104.34520416860383,106.24429478568761,312108
2011-11-18,104.84404754638672,105.89423833983969,103.05872106089807,104.14392035075142,452960
2011-11-21,101.92100524902344,105.85922037211625,101.21212866348519,103.91637185129403,370880
2011-11-22,104.46772003173828,105.36913802730194,98.99797657101871,101.60595452632688,955372
2011-11-23,100.32821655273438,103.61881181845897,99.61057985832576,103.55755496984358,366020
2011-11-24,99.86437225341797,101.51842458368417,96.34623801953023,99.94313868497183,674344
2011-11-25,98.03529357910156,102.01726648776197,96.26747691266927,99.86437777706064,981000
2011-11-28,100.64325714111328,102.3935746566109,98.36784437096637,98.36784437096637,471844
2011-11-29,98.93670654296875,102.03477096319699,98.03528866743893,102.03477096319699,404112
2011-11-30,98.95419311523438,99.59306325999756,97.17762730700578,98.0352764507089,480688
2011-12-01,99.57557678222656,102.34107657150398,98.9454560095095,101.34339336035373,456264
2011-12-02,101.18585968017578,101.86848784100664,98.93670575967182,99.75935719672431,416512
2011-12-05,104.31895446777344,104.84404987616827,100.00441625555851,100.00441625555851,1268384
2011-12-07,102.92742919921875,105.36912450331414,102.57736566266288,104.75651331434138,556632
2011-12-08,100.56452941894531,104.12643334364964,100.24072482719693,103.28627206639922,558436
2011-12-09,97.7815170288086,100.64328261783506,96.79258310897875,100.15319572605375,536360
2011-12-12,95.20855712890625,100.53827798878116,94.69221114225113,100.53827798878116,665296
2011-12-13,95.7686538696289,96.47753052468599,92.41679061846799,94.5259216768352,380732
2011-12-14,97.09013366699219,98.54289535172238,95.22604087600062,95.6023634885026,571592
2011-12-15,100.24945831298828,101.29964905917411,95.30481021636338,96.95886277822459,885396
2011-12-16,98.37661743164062,101.01084378804278,97.40519311402231,100.81831308836811,614232
2011-12-19,99.76813507080078,101.38717936800238,95.04227604113127,97.99155786603917,420700
2011-12-20,100.14444732666016,102.39360165385371,98.90171515314213,101.51844266535923,604868
2011-12-21,100.32821655273438,108.30091184572886,99.36554178077235,103.61881181845897,406180
2011-12-22,99.3480453491211,100.28447188843373,98.1578312464303,99.71561853876378,401584
2011-12-23,99.35679626464844,100.80955793236137,98.56039310254717,100.80955793236137,332952
2011-12-26,100.08316040039062,100.6432641811474,97.3176606690747,99.7681053621809,813464
2011-12-27,100.40699005126953,102.77866865603049,99.7681197480668,99.7943787896586,412380
2011-12-28,99.89064025878906,100.45949355105654,98.56039230393901,99.9081391637758,212584
2011-12-29,101.57093811035156,102.3760906948337,98.9454614539591,98.9454614539591,326288
2011-12-30,100.41572570800781,101.4834152011745,99.7856049442103,100.97582949257522,227088
2012-01-02,100.1006851196289,102.12230016044668,98.90171094653186,101.16837476694262,123532
2012-01-03,105.01033782958984,106.03426965736712,99.9694237765969,100.1181965436777,594128
2012-01-04,105.78921508789062,107.45201704477218,103.61881668146093,105.01907096094013,638504
2012-01-05,104.20519256591797,106.96194380504907,103.44380840168157,103.44380840168157,406480
2012-01-06,104.83531188964844,106.06928409773084,102.39361583691839,102.39361583691839,362456
2012-01-09,105.71045684814453,107.29449248806255,104.16141902145445,104.16141902145445,407148
2012-01-10,107.17196655273438,107.6445545385466,105.89423657857023,105.89423657857023,340888
2012-01-11,108.73848724365234,110.07748455900392,104.1439032756107,104.1439032756107,500348
2012-01-12,104.38896942138672,109.37737570361719,103.6188252308928,105.46540857769631,399996
2012-01-13,105.36912536621094,106.59434775419012,104.34519378663632,106.59434775419012,251092
2012-01-16,105.60546112060547,107.04072440950699,104.27522335026524,104.27522335026524,280344
2012-01-17,106.6468505859375,108.16962905389695,105.01905733388054,105.01905733388054,458308
2012-01-18,103.69760131835938,106.76940754639502,102.74367578644897,106.76940754639502,269788
2012-01-19,106.7694091796875,107.81960008965164,104.1789404050615,104.9753330418321,662140
2012-01-20,105.42166137695312,107.64456759230744,104.39772951943476,107.64456759230744,223476
2012-01-23,104.9403076171875,106.99693115084978,104.24892990967824,106.59436017024079,439700
2012-01-24,106.49810791015625,107.06696129788573,105.01908696544083,105.02783641940249,439520
2012-01-25,110.09500122070312,111.58277150746937,105.07158646876782,107.64455604249987,1558384
2012-01-27,111.55648803710938,112.37038999488813,108.80849794975067,110.45379008499266,500280
2012-01-30,110.1562728881836,111.8453342435025,109.4298972368345,111.14520695559325,451824
2012-01-31,114.12071228027344,114.82083934947757,110.37502818679482,111.63525904798051,737496
2012-02-01,114.81208038330078,116.38736615846679,112.89548055356406,114.68955601972534,603880
2012-02-02,116.88622283935547,121.08698564172651,115.27592829516146,116.13358830721579,1287240
2012-02-03,114.36577606201172,119.37168099165031,113.21055983610789,119.37168099165031,625840
2012-02-06,112.65048217773438,116.5449404181541,112.3091786537018,114.82963061067815,886624
2012-02-07,112.65048217773438,114.45331858382053,112.19540369029417,113.25434413140725,542180
2012-02-08,113.82317352294922,115.46847666009525,111.39898744883129,112.98302304821009,1337008
2012-02-09,115.38971710205078,116.04608636884288,110.970164038984,113.31559449222517,1200612
2012-02-10,113.8144302368164,116.72871403860896,112.76423941571545,115.01339381766927,544600
2012-02-13,114.19947814941406,114.96961151188871,112.42290144682686,113.24555288570603,224096
2012-02-14,115.26719665527344,116.90375049312186,112.72923540330709,115.52099491708884,656968
2012-02-15,115.6259765625,116.57115234120556,114.64580297821267,115.87977475151267,400240
2012-02-16,115.31969451904297,117.51635210527319,114.29576278570077,115.8797984028503,766852
2012-02-17,115.76604461669922,118.05020762444417,114.5495713878714,115.68727816475754,1338784
2012-02-21,115.99359130859375,117.43760384921362,114.13824757381929,117.25382257157185,583392
2012-02-22,110.68132019042969,116.85994936403442,109.49110645553203,114.64579350628769,434332
2012-02-23,107.43448638916016,113.41182494580343,106.944399624064,109.58737478507237,836704
2012-02-24,107.1281967163086,109.64865857222999,106.4193201577969,108.8435059901284,404812
2012-02-27,103.46127319335938,109.33359752227915,102.39358368796918,109.33359752227915,310876
2012-02-28,105.04534149169922,106.61186759173816,103.4437962111321,103.61882801521185,268844
2012-02-29,105.10659790039062,107.46952724536195,103.61882757207536,104.50273604227927,289368
2012-03-01,104.40644836425781,105.89421837447776,103.28624078920869,104.66899601312016,399540
2012-03-02,104.65151977539062,106.59436852452134,104.17893176846616,105.20286354755791,750164
2012-03-05,106.25305938720703,106.76940536946506,104.03891337423765,104.66902362449197,394340
2012-03-06,105.6841812133789,108.69472981177255,105.0190626200701,106.2267861134375,480852
2012-03-07,106.30557250976562,107.1457337994016,104.66902925205576,105.23788267190389,336616
2012-03-09,112.18661499023438,114.3657626608686,106.77812903016304,107.0494261367355,893276
2012-03-12,110.97891998291016,114.4357983235153,110.1125103634561,113.42061593479185,541696
2012-03-13,112.7817153930664,113.43808452280743,111.0138988102004,111.47773726845392,394064
2012-03-14,111.46896362304688,114.54077932439014,110.73383883331037,112.09033487036179,437776
2012-03-15,108.22216033935547,114.11198471176233,107.69706493675491,113.77067056345331,393824
2012-03-16,105.97300720214844,109.604917112314,105.54417714842586,108.52846725124442,248036
2012-03-19,108.26593017578125,109.21985573185303,106.10429147099279,106.57687952183605,520436
2012-03-20,113.54315185546875,114.47081843090443,108.125914504115,109.39489528947288,1184772
2012-03-21,119.91427612304688,121.82212692426455,113.4556094244178,113.59563272104553,10232104
2012-03-22,126.87178802490234,127.75570710611547,118.85533422269933,120.77193444949461,8163896
2012-03-23,129.7947998046875,131.09878855645331,123.309875217652,126.89802630631327,5956136
2012-03-26,126.11041259765625,130.91503767085462,125.16523659919014,129.96111221895873,1756080
2012-03-27,122.82852935791016,127.77317624691759,121.74333038193475,126.9067669562965,1440796
2012-03-28,123.00357055664062,125.70781341200673,119.05660646621898,119.05660646621898,1282588
2012-03-29,124.2113265991211,127.51942135457058,117.3063196492055,117.3063196492055,1599640
2012-03-30,126.15416717529297,127.22185685941862,124.69265594951709,124.69265594951709,593776
2012-04-02,125.41902160644531,128.0357488912862,124.44759735024537,125.6640703751679,461116
2012-04-03,125.5152587890625,127.5018754844513,124.83264140036253,127.5018754844513,296716
2012-04-04,126.81927490234375,127.42313668396173,124.18504873251489,126.35544709212691,458500
2012-04-09,124.7801742553711,125.97913780984824,122.91608131568728,122.91608131568728,266792
2012-04-10,124.64012908935547,127.06432570714779,123.13486002047989,123.13486002047989,355940
2012-04-11,124.48261260986328,126.02289024287992,122.48724590778058,123.38866390983829,332532
2012-04-12,126.64422607421875,127.5806523872284,124.66636934996693,125.8915916531607,648644
2012-04-13,123.5811767578125,126.01412258849194,119.03035082302715,123.92249083953965,261208
2012-04-16,124.53509521484375,126.1803980053246,123.84371763746859,125.296479085226,231292
2012-04-17,123.9574966430664,125.56779099863309,122.78478169482267,122.78478169482267,198240
2012-04-18,124.52640533447266,126.51301245528262,124.01880872266696,125.9879169326267,429472
2012-04-19,124.22006225585938,125.35776887946804,123.59870154419932,124.86768200899358,130516
2012-04-20,124.49134063720703,127.01180228151657,123.6074323763308,123.6074323763308,395968
2012-04-23,121.9621353149414,125.48902975701974,121.42829055255388,125.48902975701974,184256
2012-04-24,122.18094635009766,123.94877394714057,121.33204638988383,122.70604175223238,210448
2012-04-25,120.75442504882812,123.03858756088565,119.5467015360617,121.64708282220042,192612
2012-04-26,124.92893981933594,126.35545317772548,120.07180765823392,120.5969030270017,962024
2012-04-27,121.98841094970703,123.22238296063458,120.33435835999471,122.50475687856122,354856
2012-04-30,122.82852935791016,123.36237405355666,121.20948568628826,121.46328385791728,228300
2012-05-02,121.1657943725586,124.62267330193097,120.43065848893362,124.62267330193097,315044
2012-05-03,120.71067810058594,121.99715748229127,119.54671242525815,121.12199853335086,483112
2012-05-04,119.4154281616211,121.47205151215103,117.27128892383456,121.47205151215103,270324
2012-05-07,119.64299011230469,120.24685198597089,116.72871692162758,118.20772715139924,312536
2012-05-08,116.8074722290039,120.41313386617139,116.30863585186096,120.41313386617139,233412
2012-05-09,114.62832641601562,117.88391351834063,113.96319705087804,116.74620685483772,179368
2012-05-10,115.2234115600586,116.36111806017767,113.06177348306886,115.8710312428985,349360
2012-05-11,111.5302734375,116.25613239092718,108.53722302380636,115.71352736049207,472092
2012-05-14,109.75367736816406,111.27645601653053,108.7297457110876,111.14518217931088,187512
2012-05-15,111.4864730834961,112.14284213295176,107.5920167233924,107.5920167233924,280496
2012-05-16,111.27645874023438,114.29575707018962,109.41236593285112,109.41236593285112,308768
2012-05-17,106.4018325805664,113.06179025163638,105.95549295631002,111.90657399340361,488380
2012-05-18,106.95317077636719,111.96783572214656,105.01907167628083,107.59204106896819,1776844
2012-05-21,106.9706802368164,108.08212780415661,106.33180994497998,107.55703244640362,326472
2012-05-22,108.15213775634766,109.98997138893006,106.41931891524757,107.17195340911536,571648
2012-05-23,107.0494384765625,109.30735284050003,105.96424992518057,108.6509836280871,663216
2012-05-24,116.57991790771484,118.82908274797288,107.31198278356173,110.2437651733862,6549440
2012-05-25,116.72870635986328,117.86641300788108,115.11841173681954,116.5711734738237,1518544
2012-05-28,116.833740234375,119.79178227534454,115.92357263076171,116.72872541526729,525832
2012-05-29,116.26486206054688,117.97142194777356,113.88443408083167,114.12947216760374,423528
2012-05-30,120.66690063476562,122.17216951022255,115.03087577862141,116.23858852295102,2149044
2012-05-31,117.89266204833984,120.57064634484408,116.63243100201643,119.37168283593147,930808
2012-06-01,114.91709899902344,117.4288111453739,114.64580190974829,117.4288111453739,380272
2012-06-04,115.61723327636719,117.4463174053641,111.76653434504378,114.65455854353634,385004
2012-06-05,117.14000701904297,118.11143116401713,115.52096321638903,116.73743610202828,416464
2012-06-06,117.92765808105469,119.32791227719336,116.92122537758001,116.92122537758001,341740
2012-06-07,117.36754608154297,119.45042832628948,116.04605841270725,119.02159837200743,368648
2012-06-08,118.8290786743164,120.4218635851271,116.9649859604087,118.11144197274754,749984
2012-06-11,116.71118927001953,120.42186515861863,116.22110242052729,118.71530529626902,341236
2012-06-12,118.3740005493164,119.19665212054078,115.61724978441403,115.61724978441403,274180
2012-06-13,116.76367950439453,118.4789992501186,116.3961170920768,117.67384676714617,324232
2012-06-14,118.61904907226562,119.17915295035398,116.04607956077024,117.23629362477493,594604
2012-06-15,122.69727325439453,123.22236857502675,117.67385921706133,118.16394604636642,1719284
2012-06-18,119.94928741455078,139.67537291964567,119.22291187250617,139.67537291964567,778688
2012-06-19,119.95801544189453,121.08697245873832,119.11786510950768,119.89675859759934,201108
2012-06-20,120.01930236816406,121.64709590334567,119.55546384436023,119.89677797667883,196264
2012-06-21,120.07180786132812,121.29703039052536,119.02161712201622,120.4656293885701,211376
2012-06-22,120.48311614990234,121.27951926007907,118.19020420676195,119.34540963032596,210160
2012-06-25,120.64066314697266,121.6470959552354,120.07180982056329,120.77193699152866,242108
2012-06-26,120.30811309814453,135.8246876848659,119.19666535231143,135.8246876848659,222012
2012-06-27,121.61209869384766,122.46975883074276,119.89678910315126,120.77194814769982,935348
2012-06-28,122.7497787475586,123.74746197791681,120.43935723596364,121.87461989340078,727148
2012-06-29,123.97501373291016,124.78016637035263,122.53100147691184,122.53100147691184,434964
2012-07-02,128.5345916748047,131.0112957950695,123.22238108180215,124.27257182965843,1159112
2012-07-03,127.2568588256836,129.57603000751496,126.27668508999562,128.83214491145586,454396
2012-07-04,127.94823455810547,130.30241419787922,127.35312221715641,127.77320277348424,1119920
2012-07-05,128.92840576171875,129.71604877713727,127.02056575644909,128.25453767731972,528652
2012-07-06,126.35546112060547,129.33100173066953,125.52406006779344,128.77089783215646,551500
2012-07-09,125.77784729003906,127.23061977747554,124.02752928888019,126.37295968367039,605920
2012-07-10,126.2854232788086,127.94822510992249,125.35775702543704,125.35775702543704,238304
2012-07-11,125.67280578613281,128.0882419779946,124.97267873439948,125.83908809753768,428296
2012-07-12,124.40386962890625,125.84788218527414,122.87234116003123,122.87234116003123,419192
2012-07-13,124.75393676757812,125.66410441972349,123.79126170307909,124.60516398539357,160276
2012-07-16,123.65119934082031,126.45170773528167,122.88980471122109,124.79765532818459,287460
2012-07-17,123.668701171875,124.43009581949387,120.80693586179302,124.08878171422279,441284
2012-07-18,124.05378723144531,124.73641551907784,122.04967100128164,124.07128613806434,280412
2012-07-19,125.52404022216797,126.37294004758895,124.32506616781718,124.73639724403203,208668
2012-07-20,124.81517791748047,126.89806070434794,123.8525029742061,126.04040057255692,365648
2012-07-23,125.47151947021484,125.90034944134725,123.07359277879259,123.98374943210459,320096
2012-07-24,125.65536499023438,126.35549236572955,123.92254546264545,125.69036281253238,199588
2012-07-25,126.93306732177734,128.1232814610261,125.39278957197936,125.75160263617363,574344
2012-07-26,125.31401062011719,127.55441536748329,124.63138237441612,126.93305465737168,537068
2012-07-27,125.33152770996094,129.17347814646442,124.96396517546472,126.20668677599389,508980
2012-07-30,124.77143096923828,126.81055598397134,123.39743542953734,123.39743542953734,248276
2012-07-31,124.81517791748047,127.41440667417749,124.0012864207502,127.41440667417749,327340
2012-08-01,127.41442108154297,127.7644847368625,124.44762946609102,124.44762946609102,389480
2012-08-02,126.71919250488281,128.47918128967285,126.2087914604461,126.84239386824193,294784
2012-08-03,134.04074096679688,135.97672862160266,126.89519082863401,129.35917511656865,4063436
2012-08-06,132.1575469970703,135.91511832500646,131.67355013673523,135.91511832500646,897928
2012-08-07,132.87916564941406,135.77434961894122,132.02557530599765,133.39836453779273,1093080
2012-08-08,133.7415313720703,134.91191728770295,132.6503363458124,132.87033490989194,533392
2012-08-09,134.18154907226562,136.22313176308177,133.20474670430025,133.58314858937865,1096372
2012-08-10,140.76390075683594,141.81989402694293,135.43113689121952,135.7303371328403,4218500
2012-08-13,143.85272216796875,144.30152803637787,140.62314607620885,141.85513859502421,1980944
2012-08-14,143.72068786621094,144.3190883831842,141.8726995393531,143.96709060663986,714936
2012-08-16,148.7982635498047,149.247058570431,143.3774998916611,143.3774998916611,1961200
2012-08-17,149.42306518554688,151.09505472531447,147.98866986247708,148.89506848877815,1610672
2012-08-21,152.94305419921875,153.3830514782729,148.55187920583424,149.22067292157232,1312896
2012-08-22,150.60223388671875,154.3510076364202,149.9510359250057,153.07501584010998,996760
2012-08-23,152.35342407226562,153.1190148496666,149.7222388525747,152.11581915567615,845940
2012-08-24,153.3566131591797,154.52700995741304,151.7198257943871,152.7846168239159,1229212
2012-08-27,154.01661682128906,156.00541277486897,152.49423294240123,153.85822427329546,1486032
2012-08-28,148.35824584960938,155.40699826578918,146.65105470551399,153.99900734152382,1941728
2012-08-29,146.9414520263672,152.14221617379619,146.53664605600753,152.14221617379619,687604
2012-08-30,139.5758819580078,144.319052981872,137.47269361064127,144.319052981872,35747140
2012-08-31,140.55270385742188,142.03109877347305,137.7367217256058,139.2327122331331,4078732
2012-09-03,142.65589904785156,143.59749956060858,141.1511106772105,141.29190764168152,2430328
2012-09-04,144.52149963378906,146.95908007836047,142.91110541751942,143.79989770549741,4984824
2012-09-05,146.41351318359375,147.65430348336207,143.43912698965872,144.49512056258874,4720592
2012-09-06,147.5222625732422,148.93025360569095,145.98227238150136,146.95906401183888,4123596
2012-09-07,151.15663146972656,151.5350333527628,148.38464915229798,148.5254568478308,3653920
2012-09-10,154.88780212402344,156.28699527746497,150.83982814724226,150.99823142578975,6114304
2012-09-11,157.08779907226562,157.6861995644529,153.8846172899652,153.8846172899652,4099092
2012-09-12,162.9133758544922,164.28616503988732,157.36060231438725,157.5894094637195,8177076
2012-09-13,160.8629608154297,164.05734447639077,160.3965595315355,161.39975519926762,3873488
2012-09-14,160.2733612060547,163.74933858370457,158.52217045471392,162.22694419487416,4477880
2012-09-17,159.01498413085938,161.90136998802356,156.1110026829798,161.90136998802356,4180036
2012-09-18,158.63662719726562,163.15100393303828,157.55424025075,161.1886116169302,3539172
2012-09-20,158.22299194335938,161.003772078256,157.5189964285947,158.39899082205054,2953324
2012-09-21,160.7485809326172,161.59338419330965,158.9181989327295,158.9797942470168,1905180
2012-09-24,161.24136352539062,162.09495371881073,155.93499347976797,155.93499347976797,1804136
2012-09-25,163.23898315429688,166.1429650648585,161.03899685841685,161.92778917352828,3831228
2012-09-26,165.1309356689453,165.58852842271273,161.0917595545187,162.45575076308177,2255392
2012-09-27,167.5773468017578,168.870934341712,165.26295710981506,165.26295710981506,4034876
2012-09-28,171.07972717285156,172.47892056463155,168.42214810181605,168.42214810181605,3267252
2012-10-01,180.4956512451172,183.55801442156607,171.68689913359898,171.69569692874953,10472304
2012-10-03,174.97808837890625,180.92684836545556,174.35329450427815,179.41326229659998,4442868
2012-10-04,171.03573608398438,176.878901958809,170.1997412737313,175.9989074217005,3335868
2012-10-05,166.6357421875,172.44370539312473,165.96694857285195,172.44370539312473,1687348
2012-10-08,165.44773864746094,171.0181072825774,164.5589464859871,165.79093859871642,2084888
2012-10-09,167.63015747070312,168.5805451025375,164.84937694907418,166.4421648743197,1628612
2012-10-10,169.89170837402344,172.28529946977145,167.00533332901372,167.86772135339965,3788188
2012-10-11,172.3909149169922,173.18290993192477,166.14295424363516,166.3189531358424,2088296
2012-10-12,169.2845458984375,174.47651370086086,168.62454999134977,170.53414459446276,1593976
2012-10-15,165.53570556640625,170.63087409444182,164.64691357952586,166.31890254692885,1050480
2012-10-16,166.25733947753906,167.89412684605855,161.1357658340906,162.80775512559177,1166736
2012-10-17,167.29574584960938,168.85334250032304,166.32775193662303,167.1813530142557,919592
2012-10-18,165.1837615966797,168.0613499898847,163.71417511277912,167.55094889493233,1194004
2012-10-19,163.31814575195312,165.79092760873408,161.69895407698985,165.78212981407867,1515140
2012-10-22,165.02536010742188,166.12535314727265,162.35897268197576,162.9749687842922,590340
2012-10-23,163.92535400390625,166.09893578058484,163.3269535410678,165.46534413697128,569720
2012-10-25,160.44940185546875,164.42697270788273,159.65740680362453,163.7669768313459,1656920
2012-10-29,163.6085662841797,164.54136900877003,160.6693933710951,161.82218396934252,1036496
2012-10-30,164.33897399902344,165.06056519711075,161.76058579954,163.67897811950928,941708
2012-10-31,166.92616271972656,167.8853588953673,163.87257528872792,165.4389698318565,1290900
2012-11-01,166.01974487304688,167.98213672347185,165.43895070516538,166.67094289126769,689504
2012-11-02,167.48052978515625,170.08532180089196,166.36294119484467,166.67093923461294,1195196
2012-11-05,168.15814208984375,169.46933597259562,163.67896817784333,166.3189515355505,1545380
2012-11-06,169.53973388671875,175.1189010224925,168.94134408729082,175.1189010224925,2328976
2012-11-07,170.5605010986328,171.76609980678603,168.2725157822142,169.66291115596218,1027464
2012-11-08,168.017333984375,169.83891808355304,167.19893490090715,169.41651647748208,833632
2012-11-09,165.27175903320312,169.1349368995726,164.9285590419548,168.7829391120605,687592
2012-11-12,166.7853546142578,167.19894771438754,164.38296543709262,164.73496322175447,482944
2012-11-15,161.60218811035156,165.97575636975913,160.68699170468292,165.3421646423609,775376
2012-11-16,160.3173828125,163.23016210488643,159.3405804425814,161.5669705537039,1109112
2012-11-19,155.45101928710938,161.3821840168813,153.5854353536223,160.2997865486598,2404956
2012-11-20,155.61822509765625,158.16141127867064,153.471036430367,155.9790206839596,1279712
2012-11-21,159.21739196777344,159.70138889044526,152.60862539359584,156.55100462420657,1496864
2012-11-22,160.1765594482422,161.10936200726894,156.51578527988977,159.2613739627426,1140924
2012-11-23,159.04139709472656,161.6637740420166,158.1349985380336,161.6637740420166,784276
2012-11-26,159.7893829345703,160.845376184737,159.155780539199,159.7629788064686,786476
2012-11-27,157.36056518554688,160.77494712243225,155.23978122250307,159.789357873701,1884840
2012-11-29,155.00222778320312,157.56300953734078,154.08703138781553,155.75902087746059,2374248
2012-11-30,154.89659118652344,157.9853797492362,152.6966054536043,154.1837979574812,2775572
2012-12-03,156.97340393066406,158.78619022963156,154.59741907243273,155.2574148663859,1826440
2012-12-04,156.47181701660156,158.48700653293463,155.7590236331451,157.175812603644,886344
2012-12-05,156.26060485839844,158.00299810679985,154.54461573944405,158.00299810679985,900008
2012-12-06,155.29263305664062,156.80623011928722,154.37744732355304,156.28703118932194,864668
2012-12-07,154.9406280517578,157.21981596597328,152.3270486712313,153.82303932831445,2303496
2012-12-10,153.8494415283203,155.93502418015714,152.9430429035627,154.87903078841794,1118428
2012-12-11,154.79100036621094,156.60378651087655,153.1190111638471,153.12780895859382,1683172
2012-12-12,160.8805694580078,163.95175201560156,153.999017651787,154.35101540641963,16469336
2012-12-13,161.6285858154297,162.75498307434958,159.8950009440893,161.0389937961934,3580800
2012-12-14,166.88214111328125,167.52453058366225,158.92698954362606,158.92698954362606,3587752
2012-12-17,167.67413330078125,168.34292688908354,162.79896222938032,167.55093193769738,4174144
2012-12-18,166.59173583984375,167.93813155353172,165.43894533724736,167.6829310319813,1179128
2012-12-19,166.22213745117188,170.17331429126452,165.62373698721194,167.19013125091257,2237088
2012-12-20,163.00137329101562,166.8381468744633,162.20056976245687,166.59174413611913,4809536
2012-12-21,159.525390625,164.20695658005968,158.97978764661144,162.20937357017246,1617832
2012-12-24,159.04139709472656,162.44697123050088,158.1085944083748,161.01257601758743,1083132
2012-12-26,160.99497985839844,161.9013784118964,159.0413965341167,159.0413965341167,939260
2012-12-27,161.8573760986328,164.86695268343632,160.07098314981087,161.05657259198344,4514996
2012-12-28,162.05096435546875,163.57335892293784,160.65177114907488,163.57335892293784,900880
2012-12-31,164.074951171875,164.54135248733928,161.74296607879123,163.66135811259068,1509632
2013-01-01,164.3213348388672,165.2013291115712,163.54693558204062,165.2013291115712,543928
2013-01-02,165.38616943359375,165.8261666861349,162.86057875873527,164.20697464835936,1199844
2013-01-03,165.67652893066406,168.4397132872695,163.52935134984804,163.52935134984804,1138816
2013-01-04,165.8789520263672,168.5277331437224,163.23896870499266,166.31015145061562,1099620
2013-01-07,163.15977478027344,167.09335656059366,162.13898332944558,167.09335656059366,989776
2013-01-08,163.0453643798828,163.64375411799043,160.59897568627983,162.95736494115062,996520
2013-01-09,165.33334350585938,166.29252875790553,163.07175157108875,163.9605437200948,1256708
2013-01-10,171.7045135498047,173.3149076973054,166.36295151142718,166.7325448852209,4860944
2013-01-11,174.12448120117188,178.10206218756127,172.30289715728605,172.9100954192876,3472872
2013-01-14,176.35089111328125,177.58288336656764,172.47891546009544,174.41490328668834,3108168
2013-01-15,175.96368408203125,179.8268617783232,174.77569160147956,177.46847240897281,2345300
2013-01-16,175.6292724609375,178.58605125765536,173.49088194483605,175.16287116976727,2558020
2013-01-17,179.23727416992188,180.91805068166394,175.47089362083145,176.0076880877972,4187708
2013-01-18,175.81407165527344,180.73324217320157,174.7140787282823,179.51884568495595,1831904
2013-01-21,176.76446533203125,178.99085539161618,174.9692854055744,176.3596700690482,1627760
2013-01-22,172.6197052001953,177.19567623513018,172.03891102495442,175.67329231685625,1920612
2013-01-23,170.19091796875,172.83090118439762,169.70692104588127,172.66370009898276,1365436
2013-01-24,174.33567810058594,178.7268520446916,170.0149080011542,170.63970183969127,3062560
2013-01-25,177.14285278320312,177.75884879387496,173.18287842888412,174.59966710500578,1737524
2013-01-28,178.8236083984375,181.56038804618936,176.26282758002165,177.6972223359566,2316044
2013-01-29,176.2716522216797,180.10842513717532,175.0836599427139,179.1492399648897,1100908
2013-01-30,177.93484497070312,179.67723795717433,176.39485496724748,177.75884611316533,1836600
2013-01-31,175.81407165527344,180.04684228991172,174.63487708911524,178.0052597142635,1546092
2013-02-01,176.8436737060547,178.63886444296946,174.76688905602825,175.81408454773845,1615692
2013-02-04,174.3004913330078,178.44527366536454,173.35890159580728,176.5268815234464,412560
2013-02-05,170.11170959472656,175.20687914780007,168.60692136975635,174.59968088379628,700316
2013-02-06,172.39967346191406,174.52045748173575,170.37568666234398,170.37568666234398,1471792
2013-02-07,174.2213134765625,176.85248840871412,171.5989255987691,172.50532422057483,2912724
2013-02-08,176.3420867919922,179.43086510715892,169.24052526376425,175.11889238020905,2837520
2013-02-11,175.8756866455078,177.93487578371358,169.93572417498325,176.87008465964348,1468188
2013-02-12,174.24769592285156,176.8612858400272,171.06212036505562,175.26848731900964,1352164
2013-02-13,176.1044921875,176.87889163179074,173.70211368672838,175.11890266033012,1910584
2013-02-14,176.35089111328125,178.81487561985404,175.99009553038564,175.99009553038564,1641432
2013-02-15,175.7612762451172,177.75885912757468,170.43731041481112,177.75885912757468,2042084
2013-02-18,173.64051818847656,175.8845042635707,173.006926417063,175.87570646660234,1051144
2013-02-19,182.07086181640625,183.20604612625354,173.16532178468006,174.19491105151096,2535504
2013-02-20,185.19482421875,188.22199640582198,182.84524343285094,182.84524343285094,5371924
2013-02-21,182.7044219970703,187.0692025511631,182.06202182701918,183.91000995541347,3075060
2013-02-22,182.94203186035156,184.957231977985,181.46365841826164,181.9828465337291,1661144
2013-02-25,182.6868438720703,186.3828204821989,181.40204340913954,182.95084220136522,1683880
2013-02-26,180.69801330566406,183.83080147451003,179.89723141716334,182.45800183103034,824396
2013-02-27,181.05006408691406,184.41166034322868,180.24928196365812,181.27887125598218,1789236
2013-02-28,184.98361206054688,188.31878189385102,181.27001889375592,181.27001889375592,3691908
2013-03-01,194.12677001953125,195.71075998342587,185.15082689079497,185.15082689079497,5004444
2013-03-04,191.09957885742188,196.94273266265492,189.77958735164,195.1827439882791,2211628
2013-03-05,187.91403198242188,194.90120176242309,187.4476520474718,194.4788000717536,1615136
2013-03-06,190.00840759277344,193.03560155454932,188.98762686627467,188.98762686627467,2326956
2013-03-07,192.9387969970703,195.82518329688494,189.21641590981113,190.07881482949685,3608420
2013-03-08,195.4291534423828,197.6643305422652,193.58116527052752,193.58116527052752,2703008
2013-03-11,195.04196166992188,197.61156265613033,193.27318571264988,196.9339497409685,2375440
2013-03-12,193.14120483398438,196.22997276121487,192.71880316034628,195.53478567227828,1785908
2013-03-13,190.9763641357422,193.46675237261448,189.7619676702608,191.85635846083937,1452048
2013-03-14,194.35556030273438,195.00674752659228,189.91158884511123,189.91158884511123,1384524
2013-03-15,193.9507598876953,196.69633803571898,192.7803630742841,193.59876213835287,1438240
2013-03-18,191.82119750976562,194.3907770471305,191.27560523907525,193.33478369060467,1194200
2013-03-19,191.96200561523438,195.3587932262893,191.13481931869384,193.24680627249157,1587016
2013-03-20,188.07235717773438,192.77153912252425,187.45636123429338,191.961927266615,1077604
2013-03-21,187.4124298095703,190.5540059689361,186.55883941663492,189.19001445433338,1099500
2013-03-22,184.3764190673828,188.02839576154832,183.2324263680057,187.0868060673701,1137068
2013-03-25,184.0684356689453,187.09562948162096,182.59884922743268,185.6788298168111,1542324
2013-03-26,182.8892364501953,184.41163102575763,178.682859013315,183.40842454114858,1237004
2013-03-28,186.47085571289062,189.55083681244287,182.49328441831753,183.80446777842965,4002396
2013-04-01,186.76124572753906,189.0140188618848,185.15965995981665,185.89884678053724,747780
2013-04-02,180.6100311279297,188.09879161224532,179.43084729701437,188.09879161224532,2020564
2013-04-03,171.95970153808594,182.15883866284997,171.15890879190493,179.04365637497455,2612396
2013-04-04,171.950927734375,174.74931458084097,169.42534778046755,171.77492883188333,3446784
2013-04-05,169.2845458984375,172.98933151725325,168.44855108279305,172.98933151725325,1188644
2013-04-08,173.17413330078125,174.48532735640106,169.57495336683368,169.97974871995973,1787424
2013-04-09,170.2173309326172,174.9164927066772,169.5309309640746,174.6173031870702,1417476
2013-04-10,175.74368286132812,176.87887780762182,170.37571691791274,171.79250578078376,1055748
2013-04-11,175.4180908203125,177.75887384228704,172.87490478374895,176.87887941732524,892204
2013-04-12,172.47891235351562,173.97490291984715,167.75334644965753,170.71892345194914,1530756
2013-04-15,170.71011352539062,172.96289701089145,169.83891693259756,171.4229068314508,766528
2013-04-16,171.18531799316406,172.47890548747236,169.1349267076132,170.54291777281708,776852
2013-04-17,168.1141357421875,172.98930696572367,167.55093716631384,172.09170621420395,830496
2013-04-18,167.25173950195312,168.08773421187556,164.8229570194445,168.08773421187556,726348
2013-04-22,163.83738708496094,169.48694771184063,162.84298896197356,165.43897284437196,1118852
2013-04-23,162.64059448242188,167.11097125951443,159.595815374617,163.45019594380187,1360908
2013-04-25,163.2477569580078,164.36535627733005,161.11817483343575,162.79896196803324,2447340
2013-04-26,163.0277557373047,166.58293516014464,162.0949638483816,163.5029548481504,1232772
2013-04-29,166.459716796875,167.9029095726526,162.63174165724692,163.80213835310673,854772
2013-04-30,167.7709503173828,169.61893875518246,163.3621800499134,166.31895940196878,1217432
2013-05-02,169.9533233642578,172.3029041236416,168.7741287157028,168.7741287157028,1134208
2013-05-03,173.64932250976562,174.9077082250592,168.62454521898428,170.102940305868,1447848
2013-05-06,176.28927612304688,178.25165711935912,173.64929301777758,174.2212893572526,2079144
2013-05-07,176.97564697265625,179.16683487172114,175.88445192029886,177.20444333634788,844288
2013-05-08,173.14773559570312,178.59490432593344,172.12694400666462,177.406911614231,1211580
2013-05-09,173.07728576660156,174.45887254107586,172.15329173801075,173.14767886636622,758536
2013-05-10,171.78372192382812,174.2213131018503,170.36693294599672,173.35891420641195,566044
2013-05-13,168.0525360107422,176.64129044620412,167.26054100484163,175.63809462363946,989880
2013-05-14,168.68612670898438,171.42290711251084,167.47173015435823,168.43092618754915,1013372
2013-05-15,167.9029541015625,170.35814095618872,165.70296780568248,169.3549450568433,2196868
2013-05-16,165.84371948242188,168.95890137494598,165.00772491832709,167.55091053015474,1301320
2013-05-17,163.300537109375,168.07891043050293,162.12135334716942,167.19891613505527,1635352
2013-05-20,162.28855895996094,164.73494762864414,161.56696786655482,163.97815461167988,1694632
2013-05-21,160.13259887695312,164.54138002602,157.52781724016842,162.81658216914465,5450172
2013-05-22,166.01974487304688,172.38210881669434,164.2597560357579,169.31092614720117,10670120
2013-05-23,167.63894653320312,169.09973520496348,165.03416505045504,166.6621548199376,2547880
2013-05-24,167.45416259765625,169.81254151159308,166.38056281722132,168.73015467633294,893304
2013-05-27,167.8413543701172,168.80934831485894,166.31895959653883,167.37495299080257,872084
2013-05-28,173.11248779296875,173.71088826011453,167.5773318114048,168.43092205160042,2392500
2013-05-29,173.06849670410156,175.55888518680723,171.1237112020851,173.71089692168295,1390380
2013-05-30,172.26768493652344,174.94286980224499,171.44048813209324,171.95088913158284,1574152
2013-05-31,170.27891540527344,173.71089354522468,169.1525182830059,172.3029025134498,478088
2013-06-03,165.4829559326172,171.59891734570778,162.84297258883706,169.39893122589103,1137708
2013-06-04,165.8789520263672,167.19894368705445,165.4389548061381,165.61495369422974,2076636
2013-06-05,161.49656677246094,167.11093529894123,160.52857293976564,165.17494763355066,2322816
2013-06-06,162.79896545410156,165.9493497310881,160.00057894025903,160.33498111209354,2205108
2013-06-07,164.90216064453125,167.45414452648177,163.50296733324478,163.76696566586034,1684840
2013-06-10,165.50054931640625,167.19894287509052,164.22455738393847,167.00534839597773,1997832
2013-06-11,170.3668975830078,172.07408868448428,162.53494826230136,165.26293060996315,3673796
2013-06-12,172.26768493652344,174.59087207628474,169.4869050498611,172.09168607354331,3230292
2013-06-13,171.00930786132812,171.9508975273994,167.4189265843794,170.88610650280287,1603524
2013-06-14,169.97093200683594,174.06290629537742,169.34613808109555,172.66371293861343,1402700
2013-06-17,170.96531677246094,171.5373131339451,167.37493531429712,169.92691908091888,701076
2013-06-18,172.10047912597656,173.3060777494406,170.19089581210872,170.19089581210872,914452
2013-06-19,178.16366577148438,179.8180595560799,171.76611071943483,172.12690627844535,2670276
2013-06-20,173.2444610595703,180.830007082083,172.58446538213184,178.28683233204714,3189196
2013-06-21,175.20687866210938,177.7412667387001,172.67249058551866,173.20048720629848,2749988
2013-06-24,176.35089111328125,178.36608059029513,173.18291103340195,173.18291103340195,3723316
2013-06-25,177.73245239257812,180.29324451336214,176.57086416167363,178.45405419599803,3499744
2013-06-26,182.82763671875,184.6052210280472,178.638854973942,178.638854973942,4262064
2013-06-27,190.21961975097656,193.24679223787356,183.08285576088159,185.14203429758885,4884608
2013-06-28,186.5236358642578,192.7187883197445,184.8164337073198,192.7187883197445,2368636
2013-07-01,182.0620574951172,188.21323207525933,180.48687589934596,185.8548424668058,2511240
2013-07-02,176.38612365722656,183.434878410047,171.82774723198233,182.8628819074491,6041132
2013-07-03,175.8404998779297,180.75087357371325,169.83894157607915,177.50369166147706,7461580
2013-07-04,181.53404235839844,182.5108447693262,178.0932770278808,180.57485702346065,4093568
2013-07-05,182.8012237548828,186.118798032901,181.59563583752168,186.118798032901,2688100
2013-07-08,184.0420379638672,184.93084098724268,178.81487931766696,181.63086166912626,1445516
2013-07-09,183.51400756835938,186.20679879107422,182.27322846317622,184.44681014465573,1433184
2013-07-10,189.94680786132812,192.1027943299881,183.51403964073234,184.09484458925107,3622536
2013-07-11,187.69398498535156,191.53076891780876,185.70521065901224,191.13477146312,3318772
2013-07-12,197.4531707763672,198.50035564069134,188.6708213441879,189.19881804571082,13563240
2013-07-15,195.69317626953125,199.2747494973204,193.94197436816944,197.48835641054276,4288428
2013-07-16,192.2611846923828,195.34116515459615,190.43079200656257,192.19078084211304,2340128
2013-07-17,192.61318969726562,198.86115029824774,190.49239447703926,191.83879028367627,3903792
2013-07-18,192.06759643554688,196.4675686668731,190.4572023020336,194.24996547489314,3634500
2013-07-19,199.28353881835938,200.89391137004483,194.09157190002713,195.97475130721853,7496204
2013-07-22,206.2178955078125,208.49709407567536,198.8787502216477,199.2307480096506,6764312
2013-07-23,207.5291290283203,210.1427086709725,204.2467449017283,207.67872381218388,5640780
2013-07-24,212.54505920410156,214.98263948098412,205.9275053802085,206.61388384895793,6371408
2013-07-25,207.62586975097656,214.54263431563533,205.79549858981702,211.7530563697407,9851600
2013-07-26,214.3227081298828,215.7042955052321,207.85474711672478,208.17155380086336,4271748
2013-07-29,219.75221252441406,220.17461416258112,212.65066152033464,212.65066152033464,3542040
2013-07-30,216.8746337890625,222.1106008048666,214.16424656638654,220.35061189199126,4929400
2013-07-31,219.347412109375,220.82578550974958,215.42262850292224,217.3586161773766,3372392
2013-08-01,220.28018188476562,221.89938438290685,216.61941827117116,219.75218527359206,2827760
2013-08-02,217.0418243408203,224.39858659707113,211.28666918414424,221.1426071052705,4426048
2013-08-05,222.42739868164062,224.75057536184988,216.2674377281052,216.65462668006046,3169924
2013-08-06,217.07704162597656,222.67379360252042,216.48744962393323,222.46260352198675,3710664
2013-08-07,216.37298583984375,221.74973770132746,213.01141217388658,217.18257623560942,4400120
2013-08-08,219.0570068359375,220.87859091837694,214.683439033724,216.30262011050618,4629664
2013-08-12,222.902587890625,227.3905594588926,218.44980750566782,219.9986062876283,7414256
2013-08-13,234.26333618164062,235.57451934672918,224.96177745709912,225.4017746915906,6483108
2013-08-14,232.5209197998047,237.04408232856045,229.06253758248397,235.8384943223423,4027120
2013-08-16,233.10169982910156,234.95849654153304,228.35853877351246,231.4385190652554,5017596
2013-08-19,227.7425537109375,234.73850928281522,225.63056712320082,232.3185246510336,5220728
2013-08-20,219.96343994140625,228.2617711201874,218.46744924973115,226.84499282626342,5285768
2013-08-21,218.1946258544922,225.27858124117768,216.68103968362598,219.99861449333756,5495908
2013-08-22,223.677001953125,225.2345878909595,215.8802422411874,218.06263285555679,4350392
2013-08-23,240.44970703125,241.6113170477499,224.63620895004146,226.22900771092168,7482564
2013-08-26,242.81687927246094,248.15844142761875,239.48168732868754,241.1184856424381,6304768
2013-08-27,239.86888122558594,248.14082870203373,237.3696842038607,243.0016484431443,4399208
2013-08-28,241.16246032714844,247.27842128052805,236.92967875708555,237.24648532822192,4111024
2013-08-29,240.33526611328125,244.63842990166972,237.5984750843555,240.90726244218803,4311672
2013-08-30,241.9984893798828,251.32643115234373,240.23850036621093,241.47049267578123,5942356
2013-09-02,242.00730895996094,245.49207447547528,238.27611919020066,242.87849496777906,2625912
2013-09-03,246.4688262939453,252.5583830090227,243.94324676070255,245.2016215165283,6256104
2013-09-04,246.2576141357422,250.6399903636667,244.7528366644088,248.15841055496455,3642560
2013-09-05,243.30081176757812,247.11997817541425,242.06881983160076,246.6711940035631,3071968
2013-09-06,239.41128540039062,247.120023464882,238.12648498085622,242.52645698715438,2991140
2013-09-10,238.7952880859375,241.1184646995665,234.50091113312678,239.01528668511594,4428808
2013-09-11,234.65931701660156,245.87043716102897,233.21611329948698,238.12648638430366,5393056
2013-09-12,230.796142578125,236.13770465002332,227.91856499263352,235.820919535172,6873240
2013-09-13,226.91539001464844,232.4065470925055,225.27859165346993,231.96654984318232,7408376
2013-09-16,224.9530029296875,228.79857467643942,221.3098127346795,228.34098182393475,8412544
2013-09-17,231.05136108398438,233.1985390384155,225.45458755336622,226.25539113017544,5773968
2013-09-18,231.24493408203125,233.90251288873503,229.85453862504735,232.14252407843605,2652176
2013-09-19,228.77151489257812,233.5062895684603,225.35293187885674,231.0859030332431,3136720
2013-09-20,229.0365447998047,237.3842588834125,227.07549882040928,227.07549882040928,5641860
2013-09-23,234.33665466308594,238.2675883710802,229.3280310832398,229.3280310832398,4832724
2013-09-24,236.2271270751953,239.38954680380002,234.12473486011297,236.73947801999412,4449612
2013-09-25,235.9973907470703,236.69523334032266,233.0028010540715,236.0327163595231,2423328
2013-09-26,232.07528686523438,237.52558913910462,231.08593244631012,234.91968890700747,3244452
2013-09-27,230.81207275390625,235.32603038672124,229.84922337321646,233.33847945440095,2909736
2013-09-30,235.98855590820312,237.60510170494607,231.97812828609005,233.9833420971466,3513176
2013-10-01,234.2130126953125,236.7394196056881,232.49931059782506,236.7394196056881,1703012
2013-10-03,242.569580078125,245.55532794806615,235.9179044684744,236.73942993786417,7402820
2013-10-04,247.46336364746094,249.58341823965614,242.03956594228578,242.56957959033457,5269548
2013-10-07,254.98068237304688,255.92586887959908,247.75482674569753,248.2053468844676,5358412
2013-10-08,254.82174682617188,257.27748126099857,252.11868991992108,255.64327236715192,5413788
2013-10-09,260.7754821777344,262.1800093154023,252.28642405821728,252.28642405821728,4200324
2013-10-10,267.3211975097656,268.8052399535631,261.29671369787695,261.47338490389313,4846024
2013-10-11,273.8138732910156,276.2077768373951,269.423597991111,272.07366616807275,6437288
2013-10-14,275.40386962890625,280.112160974633,274.5470187036138,275.60704580285557,4217272
2013-10-15,279.7765197753906,281.70224024965677,276.6582686509613,276.6582686509613,4488788
2013-10-17,270.2716369628906,281.6139204916773,266.17285178006347,280.9072356221875,5559084
2013-10-18,271.4111022949219,272.9569751314267,267.86883648303683,269.7768938677596,3580628
2013-10-21,273.04534912109375,275.43041040426084,263.7701107976661,270.6779506452808,4034012
2013-10-22,273.204345703125,277.1971104763939,272.0824879057907,273.84035770453187,3032356
2013-10-23,274.29083251953125,277.3560729935839,269.9093788944285,272.91278877248794,2294056
2013-10-24,271.56134033203125,278.7253672562378,270.30697892609413,273.487061031107,4819892
2013-10-25,272.32098388671875,274.19369423770956,259.1766426847422,268.5402160060042,8259256
2013-10-28,267.67449951171875,275.960382136241,265.2717757858936,272.42695854934925,3311492
2013-10-29,268.9554138183594,270.97831212459005,266.4113440660753,266.95019988628104,1615648
2013-10-30,274.7855224609375,275.83672894835166,269.48538692666807,270.3069122477412,2726588
2013-10-31,274.0258483886719,276.90557574618526,270.6602537091729,274.90036212237146,1907192
2013-11-01,269.5737609863281,275.97809233745056,269.0702523519846,274.10538182803947,2539252
2013-11-05,268.38116455078125,275.18300445682144,267.8511510516093,273.8403079055133,2709328
2013-11-06,277.93914794921875,279.04334304748875,269.42360397788457,269.42360397788457,5852168
2013-11-07,279.2199401855469,283.8222327606622,272.9569558762671,278.25709094182565,8744772
2013-11-08,295.9242248535156,298.09728898194743,284.263927038392,284.263927038392,16198272
2013-11-11,299.864013671875,303.2560918284022,295.9242375837889,295.9242375837889,7020720
2013-11-12,297.7881774902344,302.21377852217,296.4896267963813,300.34106794121044,2817096
2013-11-13,293.3536682128906,299.81100882079244,292.39081885587,295.4207340714748,2317452
2013-11-14,295.39422607421875,299.40465341174183,293.8041853836279,295.21755488637535,2710692
2013-11-18,306.3213806152344,307.40791289649263,295.92428396645124,295.92428396645124,4208356
2013-11-19,308.8919372558594,310.057962888503,303.55645395753675,306.5245388100016,3150080
2013-11-20,297.9029846191406,311.42717432320904,296.80763174754856,309.1746164036964,5962104
2013-11-21,292.90313720703125,300.80917206860084,289.91739011923335,299.46647548917065,5210432
2013-11-22,294.57269287109375,298.12377933865565,291.1717725959273,295.9242317352654,3717380
2013-11-25,295.606201171875,300.09365332692386,292.59397058006454,292.94731292981163,4176196
2013-11-26,303.7949523925781,306.0033422603201,293.6893474180065,294.74055393483604,41095392
2013-11-27,298.4771728515625,302.60246293749316,296.86946912288744,302.01059711955605,2498768
2013-11-28,298.9629821777344,301.32155984162836,295.27057152166276,299.77568691317003,3307500
2013-11-29,299.908203125,303.9274729107738,298.0973233314096,298.0973233314096,1954816
2013-12-02,298.5478210449219,301.93107881595154,298.1149852342896,298.4948326250552,1892848
2013-12-03,298.7333984375,301.16262794202913,297.37301697517586,298.6538834412003,1664504
2013-12-04,299.6785888671875,302.0989762126477,297.69987961880497,298.39772238566235,2981268
2013-12-05,297.2139892578125,302.09011040696714,295.43843494660416,301.22441715291376,2762988
2013-12-06,295.88006591796875,299.64317077022827,295.27055895863265,295.3942201611248,1901340
2013-12-09,295.694580078125,298.5390036633371,293.62753565580795,297.3729564853032,2617148
2013-12-10,302.1166076660156,303.85681475039644,295.9242732032097,296.9843004505048,3877504
2013-12-11,297.76165771484375,305.2083534312602,295.138094594254,303.32680075634715,3833632
2013-12-12,295.0674133300781,299.11318818280347,294.3783913266893,297.86764757797346,2993436
2013-12-13,298.83056640625,299.98777167853194,295.29714153371134,295.4826549660452,2080024
2013-12-16,308.3000793457031,309.5014305392614,296.2245858405974,296.2245858405974,3518708
2013-12-17,304.9168395996094,310.1286401911542,304.4309937817535,308.29125533036466,3001040
2013-12-18,305.23480224609375,307.93788004339336,303.5564259635853,305.4644834165388,2068648
2013-12-19,317.0629577636719,317.83147313252624,306.2683522890527,307.40787284635667,5167240
2013-12-20,326.13507080078125,331.3468717696995,317.4781810557984,317.9551847213445,13409204
2013-12-23,324.4654541015625,328.917559071714,321.9743732884745,325.9759797035078,1956612
2013-12-24,323.6969299316406,326.0908330661116,322.8312583958335,323.6616043218835,1306388
2013-12-26,322.6722717285156,325.7551754248113,321.4002261970808,324.54498206407237,2012532
2013-12-27,328.8292541503906,330.02178468928395,323.6616218151864,324.491967786115,2549024
2013-12-30,326.32940673828125,331.249695910908,324.845364174338,330.3751819968525,1293328
2013-12-31,324.69512939453125,328.2550580455851,323.6174394913889,328.2550580455851,992016
2014-01-01,322.97259521484375,325.9583426121952,322.44258164962065,325.9583426121952,698232
2014-01-02,320.8525695800781,325.3841902803033,316.8332996852081,322.9726240301195,1395500
2014-01-03,324.2799987792969,326.117383635901,319.8190508255092,321.18825267271137,1327296
2014-01-06,320.8083801269531,325.69334290582134,319.77485796557454,325.07499373295974,1485056
2014-01-07,318.72369384765625,322.4867775488786,315.53476999248517,320.93208389519606,1914320
2014-01-08,325.1809997558594,328.5730996662664,318.8915094777591,319.5981942633054,3080984
2014-01-09,323.1404724121094,327.5307474925612,320.0045585594568,326.8152204940239,2114704
2014-01-10,331.947509765625,334.22657247493504,323.9973060584791,325.9053420084095,4740028
2014-01-13,332.9368591308594,336.55861854300196,330.9316454281298,332.30084715711047,2825948
2014-01-14,334.4827575683594,336.7529782305384,332.1418641111927,333.70539995611387,2811512
2014-01-15,332.8573913574219,336.69114786731205,328.15792006618983,335.6752884417646,2997644
2014-01-16,329.7126159667969,334.1735636175198,326.8417090628663,332.8485296618595,2719424
2014-01-17,313.635498046875,330.3044188093625,312.7079743940114,329.93341366147814,3568576
2014-01-20,323.07861328125,324.13864047622275,309.6692865178917,312.5843613040667,3220348
2014-01-21,323.06976318359375,327.7250445434975,319.95151248963555,323.4231055496784,2171752
2014-01-22,325.4549255371094,327.9018178712154,322.42500949082336,322.93736039450977,1580516
2014-01-23,323.4231872558594,326.7445933963556,320.7554560312346,325.42840137670424,2466672
2014-01-24,316.8686218261719,326.13501712611964,315.7114169037789,321.5592289864408,1847484
2014-01-27,310.9855041503906,316.7714864034373,310.4996583123486,316.2414727619368,3250360
2014-01-28,307.18701171875,314.289184470283,303.91859491541607,311.1179454416786,1896884
2014-01-29,309.09515380859375,312.92891080777326,308.10577768439475,309.1746472342149,2850888
2014-01-30,303.5741271972656,308.8654209342375,300.9770476550306,308.8654209342375,3146452
2014-01-31,315.70257568359375,318.0081433493999,304.6076378442992,308.2912278581682,3665588
2014-02-03,311.48895263671875,319.9515064581781,311.0472746874391,317.47810994221203,3975364
2014-02-04,312.858154296875,315.19022680898485,299.7049935931184,308.8123799679873,3782528
2014-02-05,325.0484924316406,326.8328671803262,320.6670597539709,322.56627509218197,10358796
2014-02-06,326.04669189453125,327.08905626315874,321.8065831947378,324.89832912167054,3016132
2014-02-07,322.0980529785156,330.37509311029044,320.6758414110642,326.8416696545654,3547404
2014-02-10,323.6880798339844,325.2074475423802,318.1847687213509,322.1157021494742,2472804
2014-02-11,328.90875244140625,331.6118303295394,322.15992147358287,322.15992147358287,4193188
2014-02-12,331.37335205078125,332.8308895011769,329.53596719399036,331.08184024744025,2903348
2014-02-13,320.44622802734375,331.4175051259196,319.1123518539706,330.366298556498,3491476
2014-02-14,323.6351318359375,327.0360524194307,321.36491124021796,323.131623231643,2972888
2014-02-17,322.2041015625,325.7286833821297,320.27838116587634,324.19165256596983,1461116
2014-02-18,321.9037170410156,324.03259172033995,320.72884943588207,323.13157305787917,1553416
2014-02-19,325.5784606933594,327.00949285433865,321.40018321765626,323.3082404764985,2200696
2014-02-20,323.7057800292969,328.5995632471248,321.568062995387,324.02379679010954,1749768
2014-02-21,326.5237121582031,326.8417289534383,323.3083048566443,323.3083048566443,1601648
2014-02-24,323.5644836425781,326.5060636452013,322.3896373320075,325.95838719948324,2017476
2014-02-25,325.00433349609375,326.3117046824742,324.191650293633,324.23581809340055,1487976
2014-02-26,321.7093811035156,326.090835055448,320.3666844299578,325.0749757562098,3393952
2014-02-28,329.88934326171875,334.07644264713826,324.56270154085655,325.6050660765016,17263412
2014-03-03,336.8148193359375,339.385394065351,330.37516236450097,330.37516236450097,4467620
2014-03-04,335.67529296875,339.35006269724744,332.69838744699956,336.2936421926398,2343364
2014-03-05,336.3554992675781,340.97545600284786,334.3591274131512,336.55867548467626,2369100
2014-03-06,339.7740173339844,342.19442552941484,335.69291723809033,339.5443577312619,3514700
2014-03-07,324.3682861328125,341.8587329340916,322.46907094984533,341.8587329340916,5247672
2014-03-10,317.9375,325.99370273090614,316.43579473957396,324.80117208292074,3840996
2014-03-11,314.78387451171875,323.08741995976186,311.3387865066796,319.52749137462683,3200908
2014-03-12,318.4939880371094,319.42151178537995,313.76803370068296,315.57891339968745,3084372
2014-03-13,314.5719299316406,322.4249565481666,310.3759887162878,318.0081763214794,2931680
2014-03-14,315.40228271484375,319.7483902373387,313.59140278327834,316.06479976297743,2415784
2014-03-18,317.00994873046875,319.4568404239259,311.8688213617437,315.04006062840483,2845732
2014-03-19,314.0330810546875,317.8050071383411,305.8178696515691,317.12482728166754,3824476
2014-03-20,321.9214172363281,323.1316105898465,311.0649595339705,311.0649595339705,3855660
2014-03-21,319.5893249511719,326.8240227689272,318.2731332763296,322.77824840180637,4484292
2014-03-24,325.83465576171875,326.66500165535894,320.13701038400905,321.71820876928535,3069820
2014-03-25,323.0963439941406,325.393069912655,319.986913189872,324.57154440546253,1699352
2014-03-26,320.7200012207031,326.71800032727367,317.1689150493563,324.0149228244086,2969424
2014-03-27,323.9177551269531,331.3821122234566,316.41807242219545,319.5981535520668,9480328
2014-03-28,324.50079345703125,326.84168661794354,321.8948935231855,326.6296898261193,4413904
2014-03-31,317.1866149902344,322.88426083786175,315.7025726887537,321.0557183442102,3370412
2014-04-01,321.4620666503906,323.4849431132434,317.31911437909054,319.06816344211774,5192828
2014-04-02,323.6263122558594,325.78169226580167,321.32074447311646,323.4849666695677,2538864
2014-04-03,320.01336669921875,323.5202856280681,318.891508917397,323.3082888193,1980852
2014-04-04,320.3225402832031,323.1316166052253,319.13000971344627,320.65821986795186,2009040
2014-04-07,316.771484375,319.94272401648,315.7114570987869,319.06821014012826,1867688
2014-04-09,307.0103759765625,319.24485650389784,306.0828521820714,317.30147331544026,6646300
2014-04-10,301.7897644042969,307.05457530006277,300.3410690506943,307.01040749579056,6020084
2014-04-11,307.328369140625,309.15691159596525,296.1627372853218,300.3410151326342,9009652
2014-04-15,311.6833190917969,312.884691865517,306.20651195016444,308.29124071447046,5604608
2014-04-16,309.2806396484375,313.9447642636471,307.2400999561225,312.7080656987368,3022520
2014-04-17,313.02606201171875,314.60726073241085,308.2912649041454,309.1746209640427,2343092
2014-04-21,313.4147033691406,316.82446609657956,312.2751827754097,316.2326003337886,2115596
2014-04-22,313.3616943359375,315.8881010863618,312.0278397347817,312.8846907292767,2232556
2014-04-23,311.82464599609375,315.53474093429094,310.1462697145284,311.82464599609375,3186596
2014-04-24,311.82464599609375,311.82464599609375,311.82464599609375,311.82464599609375,0
2014-04-25,318.8473205566406,320.1281866455924,308.9979020105635,309.5279155646125,2664884
2014-04-28,322.4690856933594,324.8629889157705,317.5664602294554,320.48153482961453,2686628
2014-04-29,326.1880798339844,328.43179568578677,319.36855353657234,322.77831668527836,3228552
2014-04-30,323.6880798339844,328.2550251439589,321.54152086222024,324.6597712431834,2315740
2014-05-02,324.6509704589844,326.8416975014447,321.5592246718085,323.3082737446723,1522832
2014-05-05,321.5415954589844,326.42655862633467,319.88088180653875,324.19166355342657,1680004
2014-05-06,318.2554626464844,321.8948845804001,314.8987102825834,319.8101560647182,1698704
2014-05-07,306.7807312011719,318.89155195311804,305.04936618575596,317.65485341368765,2861884
2014-05-08,308.3442687988281,310.9413269370627,305.0493464472842,306.1712043079146,2097408
2014-05-09,313.8475341796875,315.16374751571544,306.5245218096628,306.5245218096628,1520704
2014-05-12,317.0188293457031,318.00818382656814,312.01902538457244,314.29808834859153,2550420
2014-05-13,321.9920959472656,324.1033081067197,317.31912988705415,318.0081518626849,2272692
2014-05-14,324.6509704589844,327.1950398771219,318.0081381095137,323.3082737446723,2603540
2014-05-15,323.35247802734375,330.92283496717386,320.58756931242743,325.47253252062507,4349324
2014-05-16,321.9920959472656,328.60842359144107,311.83350220720763,325.958355659252,9898872
2014-05-19,307.18701171875,324.36828383357295,305.7559794856866,324.36828383357295,21047348
2014-05-20,312.89349365234375,318.8119780250972,305.6411332795072,307.40784503256793,3493332
2014-05-21,308.5562744140625,315.12843493051184,306.5245554585734,312.88471914532187,4090308
2014-05-22,308.79473876953125,311.7716440428733,307.4167164110661,308.29123018535535,2339980
2014-05-23,315.5965881347656,319.06818146563506,307.0545400815469,309.3512656402697,3266264
2014-05-26,318.962158203125,323.0432582184645,314.4747058402334,318.00812950135963,2282744
2014-05-27,327.6278991699219,328.9617753603393,316.2767745367845,316.2767745367845,4400452
2014-05-28,333.3520202636719,335.1275742949688,326.3293406776247,326.3293406776247,4078172
2014-05-29,331.7443542480469,336.3819733661463,328.3257707542526,333.90857650315996,6109444
2014-05-30,339.7386474609375,342.5653860773572,330.216067433613,330.216067433613,5580708
2014-06-02,334.950927734375,342.388780837659,332.18601917957085,341.1962502542461,2151900
2014-06-03,335.88720703125,338.19277433878045,333.3519801512177,334.2618409554513,2552716
2014-06-04,333.21954345703125,343.30746458657944,332.3008618505842,335.49860623285423,6500784
2014-06-05,336.4526672363281,339.3854051014544,330.0394934847738,330.0394934847738,2567424
2014-06-06,337.4684753417969,339.73869580288124,331.9651635016193,338.14865510489585,1984008
2014-06-09,345.52471923828125,351.4255419703384,334.79194322205956,334.79194322205956,3511524
2014-06-10,354.0755310058594,357.75912060100876,346.48749128592164,347.68886387298033,5324376
2014-06-11,356.7080078125,361.8579562246273,355.2327859864093,355.6391383875437,4282500
2014-06-12,353.1304016113281,358.64253440021696,351.57568643173977,357.5825072049454,2975516
2014-06-13,357.1143493652344,358.50121406346284,350.15349931277194,351.57571119311734,2117324
2014-06-16,357.343994140625,361.2925910053436,353.5190584849352,357.0348195517451,2919528
2014-06-17,358.1213684082031,361.03644323931127,355.6391293951906,358.64253982724136,1480304
2014-06-18,355.4359436035156,359.8792285242316,354.00491122014193,357.22916056749943,1263288
2014-06-19,358.73968505859375,362.11407882880144,353.7222190671315,356.1161006956439,2268420
2014-06-20,354.9412841796875,361.2926052145146,351.3725129879057,355.46245559491604,1446776
2014-06-23,353.79290771484375,356.637309621313,352.03501639702665,355.1090994819228,1071016
2014-06-24,352.3795471191406,354.5790949109738,351.07217593874327,354.4024237127122,951432
2014-06-25,356.5577697753906,357.22912889142225,352.3618292159588,352.3795135871488,2773580
2014-06-26,361.6812438964844,363.589301334676,356.86695407074586,357.22913862911315,3502040
2014-06-27,375.5500183105469,377.2814049603032,362.17601506374217,362.17601506374217,4967764
2014-06-30,380.1964416503906,381.9101437506366,374.7196341730848,375.86799703122955,6308064
2014-07-01,372.5818176269531,382.7404100237476,371.0094614481456,379.84302005405385,5962584
2014-07-02,371.1331481933594,375.9562801507636,368.9600840001758,375.9562801507636,2511296
2014-07-03,373.3857116699219,380.7087237471241,371.89284876576977,374.1895741975774,2628796
2014-07-04,373.8185729980469,376.8308255698329,371.36286058310833,376.1329829597705,1164380
2014-07-07,377.59930419921875,379.8341772699451,374.1895419561931,377.53745203603074,2532544
2014-07-08,372.0165710449219,381.3448198797627,367.69696843861766,381.3448198797627,2877452
2014-07-09,365.2412109375,372.7232101395744,362.8826332395907,372.0165253620874,1698812
2014-07-10,357.1319885253906,363.94267191023425,353.34239991284875,362.7236578835818,3417100
2014-07-11,362.1583251953125,368.53617364129104,358.1920648389766,362.1760095707798,1783152
2014-07-14,360.16192626953125,364.2077013128756,356.8758460596695,362.1759823872884,1020688
2014-07-15,364.428466796875,367.28168902450903,360.23252638411253,360.23252638411253,1056720
2014-07-16,367.0256042480469,369.56969560471555,363.4303709290837,365.69172795818406,1701596
2014-07-17,371.0890197753906,374.0040946253664,366.0627326757439,367.47610229997457,1460288
2014-07-18,374.8609619140625,377.8996979366792,372.06954831914277,372.06954831914277,1426672
2014-07-21,372.6260681152344,377.62587202228485,371.7162286299533,375.6029952791259,1003220
2014-07-22,377.2548522949219,378.8183664861233,371.38053507987877,374.5429322072617,1130700
2014-07-23,379.8961486816406,381.59216658411026,376.3273985167812,378.9597825504457,1892776
2014-07-24,384.9047546386719,387.3516684059392,380.8059907648465,381.07983979548953,1842172
2014-07-25,388.1231689453125,389.06821042685857,380.06365285281805,386.4827434006489,1562068
2014-07-28,390.6819152832031,392.01030173158716,386.41144560599434,389.0503702824171,1591140
2014-07-30,385.3951110839844,390.2094297984361,382.649183748642,388.35504296576994,1987956
2014-07-31,383.4693298339844,387.80218085020425,380.8838629735242,387.2851048910086,9444104
2014-08-01,379.305908203125,380.839375286044,361.99219593323414,363.7485263764837,7392920
2014-08-04,386.4114685058594,388.71162538999295,376.0784801519193,379.7962211379289,3036296
2014-08-05,390.08453369140625,390.4946509353665,384.25386884279214,386.92848973960974,1626824
2014-08-06,393.142578125,394.6403485480009,386.96417718257004,392.2777665449461,1820816
2014-08-07,394.1945495605469,397.89444186106994,387.24945922577245,392.2777378867819,1936348
2014-08-08,390.25390625,396.7264973378078,388.14990603171356,393.52587646449246,2032508
2014-08-11,385.359375,393.347584886371,384.5213358148047,393.1692768243192,1317556
2014-08-12,386.1439514160156,388.35495394292275,383.3623282723985,388.35495394292275,1044036
2014-08-13,382.9878845214844,387.8111265010487,381.7575762565815,386.9285102647276,2036336
2014-08-14,383.4872131347656,388.25695469995486,382.0250954548772,385.1276389105489,1217764
2014-08-18,392.74139404296875,393.73989317066025,380.45594122344323,383.36237163109564,1574388
2014-08-19,394.2658386230469,394.9523420480806,390.4946406705628,393.3475695521742,1916104
2014-08-20,396.1470642089844,396.7354895966334,391.02963086985034,394.078716539874,3033864
2014-08-21,398.7413330078125,400.65814433473656,396.73536766568265,397.2613676489499,1916544
2014-08-22,411.2586364746094,414.922875993983,396.7533012006977,397.6269933247022,2949260
2014-08-25,412.5423583984375,413.61220658414754,411.35662740550254,412.60478362216423,2411252
2014-08-26,419.621337890625,421.6094555716678,412.0699732823533,412.0699732823533,2520348
2014-08-27,415.38653564453125,421.10127498997446,414.227533082501,418.9081203522385,2040288
2014-08-28,421.3420104980469,423.9274777651741,415.45784361424,417.25877270975883,4039112
2014-09-01,422.9200134277344,424.64066889109097,418.1413484431915,418.1413484431915,1056464
2014-09-02,429.1250915527344,431.64817681730835,420.52172732960605,424.63173697580817,1714096
2014-09-03,435.6333312988281,436.8547589561535,428.04635796397537,429.0092041014307,1904628
2014-09-04,440.1534423828125,440.8666746167729,432.8873889993409,435.6333156871921,1344788
2014-09-05,440.10882568359375,449.9068439076896,438.6377843336941,441.82948087997545,1715668
2014-09-08,443.5769958496094,445.62753874159586,438.6378708075346,444.34372928958385,1170068
2014-09-09,434.89337158203125,443.452158722637,434.1801393203141,443.452158722637,1687300
2014-09-10,435.84735107421875,441.3035519313841,433.4669209117646,436.6764661920656,1050500
2014-09-11,435.76702880859375,437.7462655893271,428.1265549358791,435.9631850777616,1847676
2014-09-12,436.0969543457031,438.7448465503957,431.9423676831041,435.96322329561247,1156840
2014-09-15,440.06439208984375,441.4106269552398,432.94099218041504,433.48484059345924,1436064
2014-09-16,432.0850524902344,441.9187256354033,429.900778522214,437.05094990389745,1373812
2014-09-17,432.3614501953125,435.5174945713247,430.9706384355749,433.28864352438853,1593768
2014-09-18,432.59326171875,434.6794576033638,427.4134031515838,431.50556498914295,1757388
2014-09-19,441.8920593261719,444.9411453215311,434.3674660338068,435.0717743390939,3422044
2014-09-22,440.2782287597656,443.7998127505148,437.74626315387735,441.89192532020223,615060
2014-09-23,441.09857177734375,448.275472563019,436.2486003255236,442.2040732540289,2117928
2014-09-24,443.1043701171875,446.5991813184853,437.7462052125184,441.3123657437813,1275440
2014-09-25,446.1177978515625,450.2278069341813,443.71956338840005,443.71956338840005,3073644
2014-09-26,441.00048828125,451.1194724963358,440.06437079879714,446.3051540151496,1414720
2014-09-29,443.3897705078125,446.6617411945312,439.1728018212097,442.19511507613663,885952
2014-09-30,443.9335632324219,445.48483463035103,437.8710892612922,443.98706435626235,1766360
2014-10-01,449.4789123535156,452.99157200705224,440.4297793956892,440.4297793956892,2554252
2014-10-07,448.2843017578125,453.5265412001491,445.9662970259069,448.80137770818766,1830552
2014-10-08,427.2617492675781,448.44475473861763,418.1323856310371,448.2664466850436,5465380
2014-10-09,416.60791015625,432.2187914670475,411.3032447081705,427.2440133841002,7460188
2014-10-10,417.0715026855469,425.13994290809626,412.1234537092873,414.56626557850535,4513560
2014-10-13,422.2334899902344,425.2290741324242,414.92285946253185,417.59748038730106,4106676
2014-10-14,422.9645690917969,424.97941535616496,418.6851756259676,422.5901047506402,2960960
2014-10-15,422.9645690917969,422.9645690917969,422.9645690917969,422.9645690917969,0
2014-10-16,411.06256103515625,426.31678287619167,407.2645901194309,424.5337020267664,3497976
2014-10-17,405.2942199707031,416.62570587870795,386.2152575699705,409.2169972867416,7714064
2014-10-20,409.4043273925781,413.65694951723935,401.37153866966037,411.83821557845175,2540512
2014-10-21,415.58258056640625,418.66731866506285,406.7563317274281,408.343299557215,1495492
2014-10-22,416.30474853515625,422.0997605610231,414.2096288027275,418.9793694701717,2513140
2014-10-27,414.81585693359375,422.59010582925646,413.73712798712245,420.09379296781776,1630816
2014-10-28,422.81304931640625,424.3732450703413,413.85306798666477,413.85306798666477,4710340
2014-10-29,427.3955078125,429.16966435328806,419.61237818601273,425.2647351416142,3175384
2014-10-30,442.12384033203125,447.9099292385556,437.25602069078343,438.63790841036894,9863780
2014-10-31,448.92626953125,449.9783133817039,442.7657163146869,445.41360886434995,1993268
2014-11-03,460.0971984863281,463.4226262366931,448.14163491679057,448.9796740530947,3487236
2014-11-05,465.4910583496094,471.9636063729694,451.6097578841867,458.27846219466073,3268284
2014-11-07,472.8106384277344,475.1732206651671,460.92642141611424,460.92642141611424,3481492
2014-11-10,469.6812744140625,474.2994357173615,464.49249249764165,473.58620348320005,1840376
2014-11-11,468.9502258300781,474.99485201248086,466.3291058978569,470.19838232468294,1817552
2014-11-12,467.2474365234375,473.76460606987763,465.57135785163393,466.45397421106503,2148172
2014-11-13,471.6248474121094,474.29946847493795,463.2443680819131,470.3766909161227,1560076
2014-11-14,470.3766784667969,477.5090011122373,468.0230207002501,473.8358375369384,1339388
2014-11-17,462.9144592285156,470.3766690599718,459.6871094153416,468.95020455941085,1741444
2014-11-18,462.96795654296875,466.2666556733638,458.6618342802415,465.107653276198,1547480
2014-11-19,468.4598693847656,471.52675943306747,460.1239672461272,463.6009745552919,1765724
2014-11-20,482.4480895996094,484.64128735479306,467.46128906013337,471.9635673918878,3592256
2014-11-21,477.2148132324219,487.4942558972408,474.66499916411135,486.7810236281885,3280004
2014-11-24,474.53118896484375,480.1389680384765,472.04380054785327,476.98292448077694,1475164
2014-11-25,467.2383728027344,479.4703218172135,464.8490624683807,474.2993886328702,2313100
2014-11-26,471.999267578125,473.2028469437007,463.80597766371085,466.2755616267138,1119612
2014-11-27,471.8477478027344,474.2994838565039,468.05870117418146,474.2994838565039,1402944
2014-11-28,470.7420959472656,475.9041044092903,469.1283996631108,472.8728680754732,1236440
2014-12-01,473.0602722167969,474.19250243385034,470.7333430079785,471.63380754101513,1340856
2014-12-02,473.8359069824219,477.6695309662028,470.9116716821119,471.08997977438077,1221536
2014-12-03,480.1123046875,481.0038449966336,472.95320988581256,474.29944445905255,1829004
2014-12-04,477.7319030761719,482.3233359414183,472.97108624855946,480.3708712546847,1318264
2014-12-05,466.8372802734375,479.99642522847887,465.40193506127804,479.99642522847887,1689756
2014-12-08,465.88336181640625,467.52378745189344,460.92638846801856,466.8105551293124,1163392
2014-12-09,465.767333984375,468.7807660101979,462.1655202463897,463.77921673115964,1537048
2014-12-10,458.5191650390625,468.37068511233036,455.577082121254,464.49248490249187,1716748
2014-12-11,466.94427490234375,468.7452038862256,455.77329133285264,455.77329133285264,1667116
2014-12-12,461.55938720703125,467.14931937166244,459.8654604543104,463.7793140870425,1372812
2014-12-15,445.01239013671875,458.0734569813605,443.7285806686776,456.4686842632475,2821872
2014-12-16,451.93084716796875,460.5609426277808,441.66920631637936,441.66920631637936,2944652
2014-12-17,445.01239013671875,456.8163763123894,438.88749018302246,452.92037088831836,1571076
2014-12-18,454.5785217285156,456.10306425062936,440.9201513238796,445.5918134911689,1215440
2014-12-19,459.92779541015625,464.7688853885947,456.8341766692701,457.4136778678725,1863828
2014-12-22,462.61138916015625,465.2682056698419,453.8653691351783,460.0348461122173,1311992
2014-12-23,458.7420349121094,466.4449339534813,454.85491072180815,462.70938901833597,997612
2014-12-24,448.9083251953125,458.7776487882995,446.4208932875557,458.7776487882995,3103100
2014-12-26,457.663330078125,458.25175543552234,445.9663464089233,450.9411243176794,882336
2014-12-29,461.7733459472656,462.5311552803193,456.8252967726207,456.8252967726207,721036
2014-12-30,465.67828369140625,469.02156021992494,461.81793113937533,461.88923695908517,1233104
2014-12-31,462.4508972167969,467.675332301512,460.92635453307247,467.16713689618956,1329576
2015-01-01,462.629150390625,465.99915505394,460.168490644405,461.63953202687765,489388
2015-01-02,464.8937072753906,466.98882706079127,461.28296892182783,461.28296892182783,1025204
2015-01-05,457.13726806640625,467.11359486393326,455.5770726122547,463.6009349478913,770804
2015-01-06,452.2338562011719,458.0734456701076,448.5072348384742,455.5860567249031,1959932
2015-01-07,450.120849609375,459.10760195987274,448.12380804223375,453.79401306119513,1331532
2015-01-08,457.6543884277344,460.0169703447812,450.7627989656233,450.7627989656233,1760940
2015-01-09,477.9280090332031,479.63081611983847,457.89508179191114,457.89508179191114,3004040
2015-01-12,491.0604248046875,491.9519651547323,478.757167974069,480.8968648141765,3457052
2015-01-13,492.3263854980469,494.30557877884974,487.67252787399514,492.8434614419461,3020512
2015-01-14,497.75592041015625,498.54045853504044,490.6146732291201,492.8435241887291,1642216
2015-01-15,496.017333984375,499.2625317341997,493.3962143992181,498.73653170185594,2348088
2015-01-16,502.284912109375,502.8198363226012,494.020359134377,496.5879779449651,3840948
2015-01-19,499.3072204589844,502.8288051760864,496.24925418083035,501.937264741377,1066204
2015-01-20,499.5834655761719,502.8197390270744,498.37988632930535,498.37988632930535,1248036
2015-01-21,498.6385498046875,502.0977091721254,497.0872782024292,499.44093617126043,2102312
2015-01-22,491.7914733886719,500.15410391648254,490.1688526439966,498.6741383250052,2468964
2015-01-23,495.8301086425781,499.9757707934151,492.13021661548703,494.0648763654398,1997508
2015-01-27,502.2313537597656,502.81085492473505,492.219374122497,495.6696523175952,1976488
2015-01-28,512.3414306640625,514.4187019435916,500.38586772353614,500.38586772353614,2378628
2015-01-29,517.8779907226562,522.4426951649832,512.6357503751968,513.170674636458,3780160
2015-01-30,511.476806640625,533.4087038749973,505.8868300545729,522.6210633654076,4703872
2015-02-02,516.2107543945312,534.0504843859634,512.1274737281989,529.9315508143151,7806000
2015-02-03,520.5078125,521.5509317764446,511.74399117893876,520.4810837112622,2436904
2015-02-04,508.5792541503906,521.5511678113394,506.4128282508431,521.5511678113394,1751448
2015-02-05,511.34295654296875,517.262775630863,507.2864480393152,508.37414465538967,1602784
2015-02-06,510.02349853515625,520.828941311578,508.1690685129064,511.74415397447285,1711276
2015-02-09,502.90899658203125,512.4574026127362,501.2418422161903,506.3949281211451,1355964
2015-02-10,492.5761413574219,500.4395462214947,490.0798278808594,500.15423583984375,2848392
2015-02-11,506.70703125,509.6045378068092,493.8866965746181,493.9134253760887,2885288
2015-02-12,518.751708984375,519.7680563400659,507.393492926206,509.9611118808193,1398956
2015-02-13,514.6951904296875,521.0875088963609,513.9373810994061,520.6595869227473,1367488
2015-02-16,517.0131225585938,525.6432148904667,515.6223110420385,516.2018122129166,1739352
2015-02-18,515.7116088867188,519.7681182141189,509.42624828052743,513.3490265312,4645928
2015-02-19,504.6385498046875,517.0933854852198,503.7381289074811,517.0933854852198,2996608
2015-02-20,501.0812683105469,503.9609694081208,498.2372636484012,501.04561540735705,1555608
2015-02-23,495.4735107421875,506.75149528719635,492.54035192665305,501.0456374936741,2152512
2015-02-24,497.7114562988281,500.69811726224026,495.87487398502515,497.4885711523048,1746308
2015-02-25,492.5848388671875,500.6889298261971,490.739333411666,500.15400575587,2624308
2015-02-26,490.0083923339844,494.7692087832413,488.5640796491326,494.7692087832413,4260476
2015-02-27,505.6370849609375,508.1779748351131,488.8672030849305,490.8731687750691,2109468
2015-03-02,509.969970703125,516.2018286324993,507.97292915717804,513.3132467953044,1640164
2015-03-03,518.6091918945312,519.5185807630514,505.5124685588122,513.8840264878937,2013832
2015-03-04,513.4380493164062,524.0473786910637,510.9595847409371,518.8764450462727,2200520
2015-03-05,513.1973876953125,519.3757888427165,508.3741889133488,513.527275059204,1725044
2015-03-09,501.28643798828125,510.31772482499355,495.8747703488145,510.31772482499355,2569948
2015-03-10,506.3592224121094,507.4647236447328,490.96230447682314,490.96230447682314,2513260
2015-03-11,520.9537963867188,524.8944224573868,501.93725663440983,506.4128069572638,5020084
2015-03-12,509.4260559082031,524.2345469188771,508.57909274209743,523.9314319658757,4443664
2015-03-13,502.54345703125,513.170635626688,500.6890704794092,513.170635626688,2839984
2015-03-16,504.2462463378906,506.47509698519843,501.9371657737275,506.03825096477397,4702048
2015-03-17,510.47821044921875,513.84825944977,504.7723516027387,507.1082049809158,5144028
2015-03-18,499.3518371582031,513.5273311964381,497.47960209654946,512.4574825897789,15227544
2015-03-19,490.0976257324219,499.90457052525227,488.5641587700983,495.69648225579317,5621879
2015-03-20,483.7854309082031,492.13025701623116,480.0053086549617,491.3813718533071,3616042
2015-03-23,468.4508972167969,488.8850170272272,463.74358214020776,487.85082163748365,3672301
2015-03-24,470.4837341308594,476.08259063024104,465.0274892747822,471.4465803844035,3793847
2015-03-25,468.130126953125,472.8731404200141,464.31435054815864,472.8731404200141,3053431
2015-03-26,464.4211730957031,474.29942183685307,462.28147645583766,467.88033191725657,3774322
2015-03-27,460.67669677734375,471.73179591056703,455.7553771696584,466.45386020181,3223159
2015-03-30,447.16094970703125,465.56233230422,441.2411309785884,462.10317344492074,3887546
2015-03-31,449.12237548828125,456.18334894197005,446.84002348549797,451.5473391212905,3125329
2015-04-01,451.2620544433594,455.54144795437793,448.62308640511617,449.6929347828708,4892589
2015-04-06,458.8580017089844,461.8179332889084,452.97383499140363,452.97383499140363,5050758
2015-04-07,465.6336975097656,467.88039670562534,459.99918836390805,460.9976874814325,1922672
2015-04-08,479.5059814453125,482.14494919320197,467.8803057259475,468.5578849970895,3505745
2015-04-09,478.1510009765625,485.4259363660812,472.73040881442665,484.9267085300452,1882337
2015-04-10,470.87591552734375,480.3262423455456,467.1670993148845,478.4361595690094,1675314
2015-04-13,473.8715515136719,481.00387442307544,464.064607513242,474.0855124945051,1357726
2015-04-15,470.6263427734375,479.0425192226328,467.88041567361785,473.8715847506302,3785304
2015-04-16,467.9158935546875,473.7644052693516,459.6780718044367,472.6589042608298,1850395
2015-04-17,457.2174987792969,465.7406323815479,452.29622265754904,465.0274001726941,2224178
2015-04-20,450.97674560546875,457.1818749231993,443.9870782210477,457.1818749231993,2301636
2015-04-21,454.68548583984375,459.4998027487362,443.6303877527574,445.0925049223444,1504719
2015-04-22,449.1936950683594,453.54443822966624,444.05841378779377,452.90251174500366,3464944
2015-04-23,438.78045654296875,454.54287069247107,435.8918748499725,450.97670970550325,3887545
2015-04-24,419.0239562988281,438.4238826415799,412.31955558514977,436.2841858434582,3375425
2015-04-27,418.8456726074219,425.4074185433103,403.04755958234085,421.5915995785826,4643882
2015-04-28,434.0731506347656,436.4981578132926,413.67472472501584,419.3092771815817,1776573
2015-04-29,439.9930725097656,447.0896998629475,429.4371984629679,433.645286916671,1729917
2015-04-30,443.1668395996094,446.34073180763596,426.72684500012986,439.35106448813667,2983762
2015-05-04,436.3197937011719,445.6631180087267,430.07901201766515,444.27235005933585,2859253
2015-05-05,435.0360412597656,442.2040170227993,431.3985304842639,440.06432016623734,2826920
2015-05-06,434.2871398925781,439.6006853960232,427.9393553749527,436.4981424824517,3148933
2015-05-07,438.1029357910156,440.7775568886409,427.9393756200397,429.36584020543984,1954517
2015-05-08,443.2024841308594,445.6987967049065,439.35101303229203,443.63040601637283,1400231
2015-05-11,450.2635498046875,456.3973738064929,440.777568762684,445.7701949460801,2019842
2015-05-12,439.49371337890625,455.61274453075754,436.5337821808902,451.4760062604121,2539734
2015-05-13,439.6007080078125,443.6304878911038,435.8205855473437,442.8816026871256,2839628
2015-05-14,438.9588928222656,440.3853576337558,432.71810927199607,438.63792953323,1443799
2015-05-15,441.02716064453125,443.59482295859993,436.5694589175822,436.8904221483713,1245727
2015-05-18,436.9261169433594,442.917286051643,431.5055685366248,439.6364346789743,2241358
2015-05-19,441.66900634765625,445.02120613982635,434.57233778951894,436.49807328989203,1760702
2015-05-20,457.0392761230469,458.60839598215694,442.8816315448948,442.8816315448948,2353164
2015-05-21,467.59503173828125,470.37665484319945,457.18185861181325,458.71532531646517,2427489
2015-05-22,475.7615966796875,477.1524083701751,462.17453008052837,467.0958503600245,1589768
2015-05-25,462.4954528808594,477.08106083685146,449.7999277661888,474.1924354506355,1795055
2015-05-26,456.6470031738281,466.27563971087875,448.62313939295257,449.33637172903036,2608856
2015-05-27,391.6358337402344,412.67618633360064,388.7829045750322,411.00010786194207,22929044
2015-05-28,388.78289794921875,399.3387705063644,385.85866301762036,392.2777535299283,11498735
2015-05-29,395.4159851074219,397.19906576982504,390.0667431202124,392.2420928218957,4961544
2015-06-01,392.7056884765625,398.696857232489,390.8513019023327,398.696857232489,1842699
2015-06-02,391.8498229980469,397.9122972380792,388.1766594279537,392.99097720680294,2276829
2015-06-03,390.38763427734375,395.7012229693444,385.1810478301628,394.346107884319,3675701
2015-06-04,397.44866943359375,399.2674029560475,390.85127115228244,393.59719788890453,2352012
2015-06-05,394.7740783691406,398.69685602231186,392.9909976176992,397.9836237217353,1385964
2015-06-08,392.66998291015625,396.16483813782145,389.7100953700521,395.7725691303666,1412942
2015-06-09,385.5020446777344,392.9196777514059,370.203203670939,391.8854822460993,3680213
2015-06-10,396.7711181640625,398.5541989067845,385.50205657650804,385.50205657650804,2135795
2015-06-11,397.6626892089844,402.4770075856846,393.989568714999,396.057916416751,2140594
2015-06-12,393.31195068359375,398.3402295661175,387.5704395189463,393.70421973231305,1974142
2015-06-15,395.1662902832031,400.123262761834,389.4247798002876,392.99094078746975,1749558
2015-06-16,393.31195068359375,395.84391657868434,389.6744399254163,395.84391657868434,1591051
2015-06-17,391.6715087890625,396.8424426185758,389.56746493819145,394.77405167387366,1913683
2015-06-18,386.00128173828125,392.0281026345277,385.216700185946,390.28067500914415,3012586
2015-06-19,388.1053771972656,392.70569075079345,386.6075632334874,388.67595433631413,2307788
2015-06-22,393.31195068359375,394.06083587337497,387.3207821008567,388.7115937574468,1939726
2015-06-23,394.8454284667969,398.41159036961204,391.3149630088096,393.7042740707959,760738
2015-06-24,388.925537109375,394.4174341392817,385.9656493920509,394.4174341392817,3296386
2015-06-25,377.8704528808594,389.03255546522036,376.58664348452,387.99835995374787,5294305
2015-06-26,372.1645812988281,382.1498328512886,370.9164248547705,377.19285998129726,3503690
2015-06-29,344.74078369140625,369.16896445416427,333.15076059376383,367.3145781714367,11484481
2015-06-30,340.7823486328125,350.69629398002365,336.64561043141686,338.7853071078877,12372399
2015-07-01,346.7378845214844,348.30700431612513,339.355925730631,339.96217754974776,4380793
2015-07-02,341.8522033691406,349.41246945405936,340.4614135630767,348.7705647923283,2751848
2015-07-03,336.3603515625,343.77796300863196,334.5059432594365,342.3514984318326,2800735
2015-07-06,331.33203125,334.9695200586711,327.0169848671436,331.65299446722304,2655385
2015-07-07,336.2177734375,339.99791849185345,331.3321267892672,331.6530900990397,2972045
2015-07-08,335.43316650390625,337.1805944730932,328.30084298252933,335.0765503278374,3449261
2015-07-09,338.2860412597656,341.56691390277376,336.00371116132726,338.07208029514095,2410385
2015-07-10,338.0721130371094,340.92504226105126,334.5059515071821,340.92504226105126,1847909
2015-07-13,339.35589599609375,340.2117834029268,334.9338691037786,338.1077395580327,2244361
2015-07-14,340.1404724121094,343.0647291342536,338.7853354236392,341.60261165624246,2094711
2015-07-15,342.3157958984375,345.917609726253,340.60402124153615,340.9249844312349,1691337
2015-07-16,350.7676086425781,353.5848847108171,342.4941320309755,344.77646215047525,2547683
2015-07-17,358.14959716796875,360.75289072483554,351.6235259383616,352.3011053337385,5006283
2015-07-20,357.1867980957031,359.6118058103763,350.44676458133694,358.3993019530397,3004605
2015-07-21,363.320556640625,371.23744012033535,356.43786878028357,358.68454634133167,3506058
2015-07-22,363.8554382324219,366.20911778338683,354.97570952949303,364.10507388017714,2086049
2015-07-23,360.8963928222656,369.73747055448456,360.1385949695703,365.8401835510294,2670981
2015-07-24,368.83526611328125,371.64999378565875,357.25166047755874,359.7776823193193,2285622
2015-07-27,374.9700012207031,378.90338805919475,366.7063119724183,368.79929771094953,4208795
2015-07-28,377.85675048828125,382.29534908383727,373.634703278126,376.7380925484414,6316959
2015-07-29,379.30023193359375,381.7901766785191,377.1711474690829,378.14549665639834,2061983
2015-07-30,378.4342346191406,384.5327833956842,374.8617523642547,381.79025352260226,6558111
2015-07-31,383.01708984375,383.9553177123053,379.22805710316806,380.99628119217124,1229591
2015-08-03,377.8929443359375,385.03799695103964,376.37734847229086,381.79025377150884,811778
2015-08-04,391.2086181640625,396.22458483312647,378.2898466552551,378.90329150708817,2145670
2015-08-05,397.3793640136719,403.29748203078,391.17258417276076,392.5438709994031,2640419
2015-08-06,385.32666015625,402.0344662315975,383.3058071615345,401.2766683837448,1547635
2015-08-07,386.228759765625,393.6263952080081,383.55838499099235,385.9761311495923,1367440
2015-08-10,383.197509765625,391.28078820692105,380.2384292739979,387.1669725309618,600681
2015-08-11,390.1982727050781,393.33773979708764,383.2336510683551,384.17187906881406,1434009
2015-08-12,402.39532470703125,403.6222585766958,386.9505297987564,393.3377396947684,3674098
2015-08-13,397.8845520019531,409.57643435664926,392.2551402164562,401.9983681703148,2714434
2015-08-14,400.5909729003906,405.7512923297808,388.2856466268358,394.05941088894485,2257748
2015-08-17,398.3176574707031,407.55567328482056,396.2246498966527,404.0914228608183,2144457
2015-08-18,405.9317932128906,407.0504514235803,398.3898035209509,398.3898035209509,2130201
2015-08-19,404.3800048828125,407.98860753936145,402.0344131560557,407.98860753936145,1599058
2015-08-20,403.3697204589844,415.5306967426514,400.6271465341787,414.9894062128086,2873282
2015-08-21,406.3647766113281,410.76729871876694,393.3738057604533,400.2662287073793,1329500
2015-08-24,377.92901611328125,402.6118258046807,374.9699351737316,396.2246160082858,3422600
2015-08-25,381.06854248046875,392.25521370858854,355.5918097193988,382.5119839292584,3057676
2015-08-26,366.1288757324219,384.6410279642537,364.46892705294033,382.5119432436799,2169411
2015-08-27,374.9700012207031,381.06855027667586,370.6035995588505,370.6035995588505,2967588
2015-08-28,372.6243591308594,382.1150032054241,369.52096917635873,379.6250581772748,1642669
2015-08-31,371.6861267089844,378.90333305284815,369.52096480582526,372.696553217258,2104443
2015-09-01,369.7374572753906,377.8207368646038,365.2628027377474,368.0775086933103,1340532
2015-09-02,386.8422546386719,389.6569826936752,371.10875383843387,374.5730040251319,2308033
2015-09-03,390.01788330078125,398.8950390870723,381.1046062392772,391.17261879887246,2220020
2015-09-04,382.0067138671875,395.17811513085627,379.6971990821219,389.72913328115806,1438221
2015-09-07,388.2856750488281,390.55911251357634,375.294704508161,381.79018977849455,1222028
2015-09-08,387.70831298828125,392.50772852157047,383.2336364829344,388.2856806550258,1074692
2015-09-09,384.9658203125,395.28641701143374,383.0893201533907,395.28641701143374,1271196
2015-09-10,385.25445556640625,387.9248306525925,379.3363377119657,383.95536726917067,929833
2015-09-11,378.9393615722656,389.40430942588677,376.73812273036225,384.67704868828173,873940
2015-09-14,379.480712890625,382.1510881333515,372.4439364802375,379.62506583218675,1784462
2015-09-15,390.378662109375,392.1829634797265,380.7436663615023,381.71801553168797,1366805
2015-09-16,392.72430419921875,395.2864036632601,390.2343591791039,392.4355983228484,722804
2015-09-18,405.2461242675781,407.3030103948415,393.5181643043579,393.5181643043579,1907266
2015-09-21,409.57647705078125,417.80411024515064,396.224644759258,399.11152741688466,995389
2015-09-22,402.5757141113281,416.79361776103394,399.36404885271463,414.1232429150971,1172885
2015-09-23,401.3487854003906,404.8852337610368,390.1260395135147,397.6680281681484,943910
2015-09-24,409.4681091308594,411.3806860810146,396.91019882805415,404.1634810620494,1226153
2015-09-28,413.83465576171875,420.0414359930283,411.5251407743706,413.79853448743114,1603999
2015-09-29,411.6694641113281,415.78323645346103,406.0400079688342,413.14898258966815,1765081
2015-09-30,402.2509460449219,415.49454506550853,399.255832080017,415.49454506550853,2795413
2015-10-01,406.3287658691406,408.8547883923058,387.60010435160575,403.2253755793194,2014882
2015-10-05,411.30859375,414.98935124526065,404.9574171341562,407.4112848312168,2111594
2015-10-06,407.59173583984375,417.76797935356075,402.7201214672559,414.9893724796992,1834106
2015-10-07,408.7104187011719,411.1282094473939,404.5966019504125,408.60218702767054,1150506
2015-10-08,406.3287658691406,413.4016201239357,404.45230961492416,411.380810915471,1534024
2015-10-09,405.02960205078125,409.93729323008984,401.4209991174178,405.46261678265336,1124964
2015-10-12,406.1482238769531,411.3806976630178,402.72005139642795,406.0399481784908,758836
2015-10-13,404.88525390625,407.66386057763174,400.7353604838597,405.6069745014483,639491
2015-10-14,395.5389709472656,407.30300806374737,393.48208483177433,403.4418204257794,950851
2015-10-15,393.5542297363281,400.5549282839696,389.54868926355425,396.51331059168643,1833925
2015-10-16,393.9151306152344,398.02894722069175,392.0747517273632,396.9463662219048,1934451
2015-10-19,390.8838806152344,404.163557998164,385.4709758206161,393.915116110287,1446786
2015-10-20,395.57501220703125,397.1628062125348,390.4508139691561,393.26554170847277,1060182
2015-10-21,389.3321838378906,396.36895964013604,386.4813786771715,395.50288611594766,1566054
2015-10-23,389.8012390136719,394.781128270116,389.0073640540997,391.53338589860687,1229160
2015-10-26,391.6417236328125,393.3377495197833,389.44044043651866,389.80130075717904,814364
2015-10-27,388.86309814453125,392.7964847068302,386.9144434755604,392.1108412427044,839550
2015-10-28,396.62158203125,399.8332477956318,387.2031361775387,387.3474891203836,1731286
2015-10-29,396.2246398925781,401.67362203185394,393.4460329888745,396.9463605481202,3049427
2015-10-30,389.1156921386719,397.1267734467705,387.63612961886884,396.2246226665643,879393
2015-11-02,401.312744140625,402.35924785542727,384.2801550353976,390.4508575601546,1862983
2015-11-03,401.8179931640625,406.3287474654103,395.8637974862834,402.93665142072973,1884815
2015-11-04,391.8221130371094,410.29814191297146,389.8012602113481,409.9372816298466,3424936
2015-11-05,386.0845031738281,394.74515170614916,384.6410617517746,393.69864786509305,1057337
2015-11-06,385.0018615722656,387.81654547250673,379.7333100202281,387.5639608834966,1218451
2015-11-09,384.2441101074219,386.0122905444528,374.6091125376543,378.18163873654936,2136740
2015-11-10,378.8672790527344,384.6410444817111,377.8568524825297,384.2441069185358,860680
2015-11-13,375.3307800292969,379.30024323209756,373.8512616455914,375.29470281024624,860928
2015-11-16,372.37176513671875,374.24822114087027,366.634077360092,373.85128360733796,1347660
2015-11-17,377.82073974609375,380.8880523419312,372.4439123856774,372.4439123856774,2175347
2015-11-18,372.9130554199219,382.80063678380077,371.6861215484336,377.8207468555437,892774
2015-11-19,385.6874694824219,386.69785179587785,375.2946762133078,376.37725701007696,1214934
2015-11-20,386.04840087890625,389.7291586459849,383.23367266855183,386.0844781020475,1126241
2015-11-23,389.0074462890625,393.15734019659885,386.1927180185997,386.84228425034786,839938
2015-11-24,387.9609069824219,392.4355835962522,384.2801494736513,386.1926826692555,985303
2015-11-26,382.22320556640625,392.61599964780316,380.38282687812296,388.28567612227596,3051131
2015-11-27,385.6153259277344,387.4557047343279,381.4293550606919,382.4397815684025,772320
2015-11-30,385.0018615722656,390.5951962032658,382.5119167006577,386.0483652487767,2080681
2015-12-01,391.28082275390625,391.9664220518294,384.67706195020236,384.67706195020236,1079295
2015-12-02,389.7291259765625,393.77074373692824,387.67223987626255,391.89428778754336,715680
2015-12-03,391.6055603027344,392.97684699410274,386.84222220172467,389.44039861130676,852540
2015-12-04,387.0948486328125,393.0490439280242,385.39882274461235,389.6930693736496,938866
2015-12-07,393.0851135253906,394.420278917148,386.22876832920963,386.84221317400056,788606
2015-12-08,383.01708984375,394.0594050205239,381.50145031732234,393.3016072824725,1061492
2015-12-09,380.5993347167969,387.9248163100389,378.9754633927084,383.2336324848943,1223560
2015-12-10,388.8269958496094,390.0900069730188,378.0372634424169,382.8006461094745,702931
2015-12-11,387.5279235839844,392.5438910637201,386.1927139107786,389.72916282319676,926348
2015-12-14,392.3634033203125,393.33770846426734,380.3467382764567,380.3467382764567,773988
2015-12-15,375.25860595703125,395.50285842203556,372.8408157025402,395.50285842203556,2697637
2015-12-16,377.71246337890625,383.23364366196495,375.36687139792434,377.13509570134596,1399927
2015-12-17,382.511962890625,384.06367998286237,375.7277708343177,379.26421980947816,2067366
2015-12-18,377.6403503417969,381.06852361293596,376.3773391366404,379.408574839083,1534964
2015-12-21,376.6299133300781,378.47033627547694,371.0005009244475,374.8617329320812,874232
2015-12-22,374.9700012207031,380.2024765796158,374.50090917045173,378.18166732003436,666767
2015-12-23,373.8874206542969,378.9394658357476,372.84091677092874,378.9033886088049,697224
2015-12-24,373.09356689453125,376.5578178364806,372.4079233418763,375.2948064685575,453150
2015-12-28,374.42864990234375,375.65558376987155,369.80966435151026,372.44391819174405,1083432
2015-12-29,374.53692626953125,376.7381653605179,373.85128286733385,375.9803675161233,570433
2015-12-30,379.01165771484375,381.0685441683448,374.7534878019186,374.93391798381646,1227498
2015-12-31,376.485595703125,379.62506291891833,375.5473236153406,377.6764083486216,421683
2016-01-01,375.3307800292969,378.8311512837819,374.2121219367551,378.8311512837819,312042
2016-01-04,372.696533203125,376.2329376915112,364.4689007928188,375.3307869469745,2684305
2016-01-05,376.6659851074219,377.6763674806016,372.8408308258055,373.09345945684646,1707124
2016-01-06,378.9754333496094,380.34671997915206,375.8720438752146,376.73811732280336,1456740
2016-01-07,368.6549072265625,377.0629706020341,363.74721550990824,376.0886212731467,2014798
2016-01-08,376.8464660644531,379.80550319606084,370.0622741354493,372.4078663167076,1426135
2016-01-11,366.1288757324219,373.1295748244953,365.0823940084587,373.1295748244953,1791903
2016-01-12,366.2010498046875,367.5723146211727,359.4168801664188,366.5980093733846,1836753
2016-01-13,364.0719909667969,369.70140323081597,358.5147331476971,366.63409046608984,1431164
2016-01-14,370.9644470214844,372.40788844958354,356.56610996612795,358.6951948826415,2022474
2016-01-15,375.6916198730469,382.4758105978191,369.4126643636359,374.5729618413893,1612782
2016-01-18,373.4182434082031,380.3106660946124,371.10872875638677,372.407816982306,1035936
2016-01-19,369.8818359375,376.4494762823058,368.14971076936257,373.8512995426829,978429
2016-01-20,365.9123229980469,370.09829342543446,363.4584775052623,366.09275313759224,2002842
2016-01-21,366.1649475097656,372.6243336063597,365.5875578198787,366.63406149049814,1873696
2016-01-22,371.14483642578125,372.9491380126834,363.5306925391203,370.2426856323301,894565
2016-01-25,371.361328125,378.0011664944919,370.60353030056626,373.1295524155653,689789
2016-01-27,363.06158447265625,372.11917032653554,361.582065867497,370.9644348421027,2171390
2016-01-28,360.8963928222656,367.53623143938614,357.9012566078124,364.4689187567796,2091098
2016-01-29,361.8706970214844,364.93800950864573,355.772171291521,360.86029260721705,1583928
2016-02-01,359.1282043457031,374.14000726893397,358.0817005800216,364.4328555947154,2717866
2016-02-02,342.4203186035156,360.3911556229891,340.72427093151157,357.9733874118483,5733789
2016-02-03,340.7965087890625,344.116406247081,335.9609714956004,339.93043517599955,2019903
2016-02-04,338.81170654296875,345.6319522341999,335.6722178794676,345.6319522341999,1465102
2016-02-05,342.8894958496094,343.7555474413572,337.837451142996,340.57998088794784,1196754
2016-02-08,339.67779541015625,347.8693286113273,337.90959315824733,340.2912623241511,598666
2016-02-09,323.51129150390625,337.6570210923787,322.21220310324907,335.6001127703657,2352111
2016-02-10,317.8457336425781,323.25863790088215,315.21145797523627,323.25863790088215,2686031
2016-02-11,311.7471618652344,319.7943405984478,309.618077695724,317.8456865441447,1731120
2016-02-12,310.33990478515625,316.9436448656672,306.91173141834344,316.11367045557773,1443312
2016-02-15,310.5564270019531,316.9075827574817,308.9686545819478,311.8916147819631,1888109
2016-02-16,305.1795349121094,314.9588394244301,302.8700203727722,313.91235785595154,979478
2016-02-17,310.0151062011719,311.42247032324406,299.62233291755007,304.8187305719445,1169666
2016-02-18,309.9067687988281,314.5979519050813,305.215585692575,313.9123306661871,1262032
2016-02-19,317.91790771484375,319.39742605759426,307.84989706000624,309.3294374279204,1644603
2016-02-22,311.5667724609375,318.928308908195,307.8498939818723,317.9539817537329,1155619
2016-02-23,309.3294372558594,312.07196658119557,306.00951826586675,311.56677540293026,1074713
2016-02-24,304.6021728515625,308.89641926590923,301.931819825344,306.73125744862483,822293
2016-02-25,300.4522705078125,305.86517489139186,296.6271602201488,304.49391018591797,2406282
2016-02-26,301.49871826171875,306.69511431650903,296.84361254492075,302.58129893770337,1912583
2016-02-29,299.9109802246094,306.00952797666287,294.0289618631097,301.31834417513386,1555018
2016-03-01,311.9637756347656,313.948507579232,300.2358141447368,300.9575348518155,1570024
2016-03-02,328.77978515625,332.53274079679454,313.2627934533068,316.4383814684582,2339747
2016-03-03,333.2545166015625,334.87838809556035,326.3620930704383,331.7749980504312,2371409
2016-03-04,325.6764221191406,333.43491860175726,324.73819414526224,331.99147739568906,2756908
2016-03-08,323.9443054199219,331.66670285617454,321.16567662164533,328.3828828378621,2050957
2016-03-09,334.98663330078125,337.40440186893954,319.0727018729651,320.3717902251748,4030260
2016-03-10,336.4300231933594,341.518166183355,335.0226813643364,339.1003979845766,3266594
2016-03-11,330.5841369628906,339.2087075936904,328.81593457457654,337.72918906212493,1025718
2016-03-14,339.35302734375,340.8686229497367,330.5480274105219,331.99146857825343,5115313
2016-03-15,332.2079772949219,342.9977088776784,331.26974934214496,341.08515372768585,996244
2016-03-16,336.1774597167969,338.59522822566214,329.46546668637404,329.82632700037885,1223337
2016-03-17,351.29754638671875,353.6431386327523,339.9304455020945,339.9304455020945,2474194
2016-03-18,355.4112854003906,357.9733844833008,348.6992712262311,352.19962021744107,3064899
2016-03-21,353.7153015136719,359.7055742094238,350.7562423888968,355.41134947758155,1653354
2016-03-22,349.45709228515625,355.62779405690037,346.5702101416198,353.71523904184,2064995
2016-03-23,346.3537292480469,349.7819022733691,342.5646959042697,349.3127882644108,1458923
2016-03-28,342.6007995605469,350.2149435678757,334.87837983615526,347.8693514677302,3609846
2016-03-29,337.4765625,346.3176399950029,334.8783638923539,342.8894670887773,2044000
2016-03-30,341.2655944824219,345.5598188922789,336.14137375181105,339.9304069503017,3203825
2016-03-31,342.78118896484375,348.59103066587625,341.5181779841703,342.8172661827976,4630177
2016-04-01,334.228759765625,343.57502679652197,331.9914218654128,343.5389495824706,2394963
2016-04-04,339.60565185546875,342.09559697261466,336.46618456667636,337.7652729603031,1708093
2016-04-05,333.6153259277344,341.37382187954216,332.0636311424055,341.01296160271386,1430387
2016-04-06,326.939453125,335.8527075214102,323.6195337434215,334.5175199192881,2671558
2016-04-07,320.7687072753906,331.2697324684089,319.6500272077305,328.23849734817514,1891494
2016-04-08,328.9963684082031,330.403710484989,320.44397415247863,320.73265801244753,2043759
2016-04-11,338.91998291015625,340.219071121618,325.4959759493413,328.99632510682267,1008816
2016-04-12,335.2031555175781,341.1573507169257,332.06366637107084,339.02826604769876,1901106
2016-04-13,340.2191162109375,341.08518981680214,336.2496525635301,338.84785135595735,1062026
2016-04-18,344.0442199707031,347.8693303533189,340.8325544799893,342.81728613656946,1780726
2016-04-20,348.9880065917969,352.5605325691453,343.5390245709584,346.4259071303782,1450742
2016-04-21,343.7916564941406,351.1171171226002,342.1677849349919,349.31281539021273,1179377
2016-04-22,346.3537292480469,352.0192406528231,342.52861868249056,344.2968210278204,2058353
2016-04-25,340.65216064453125,349.81802208210985,338.55917507950295,347.72501449191435,784214
2016-04-26,343.17816162109375,344.26074257257983,336.1053082147842,340.79649233789064,1123091
2016-04-27,345.88458251953125,349.384931682456,341.662512787969,344.26071124009684,955123
2016-04-28,346.5341796875,349.16845576135387,337.9096307867911,346.42592599066137,4152895
2016-04-29,350.8644714355469,352.921379586637,343.5390116221661,344.2607322348177,2295767
2016-05-02,344.4051208496094,350.0345334014628,343.25036334469473,350.0345334014628,1076011
2016-05-03,337.1879577636719,348.8798212032109,335.6001632350722,344.4051655751788,1721645
2016-05-04,337.0074462890625,340.00258240343805,331.77497188768604,334.8783616880916,1379336
2016-05-05,345.956787109375,347.8693423667316,335.6000917023448,336.8991800214489,1484568
2016-05-06,341.4099426269531,345.7041892787916,339.497387320945,342.9616596352894,948747
2016-05-09,345.4154968261719,346.8950153029074,342.0955775336811,342.8894746291932,827632
2016-05-10,348.3745422363281,350.46752757013127,343.28639879405887,346.0289502876326,2296911
2016-05-11,342.0233459472656,349.02404371790715,340.29122112493883,344.91022799286424,1749723
2016-05-12,347.2919616699219,349.60145437575306,340.29126303703674,340.29126303703674,1123199
2016-05-13,346.28155517578125,348.95193036089483,343.6833784850574,347.8693493980379,1078921
2016-05-16,351.44189453125,357.1795607318667,344.87423192709394,345.7042063054661,1732776
2016-05-17,349.1684265136719,356.45780916750556,347.72498527628557,352.9213825409423,868879
2016-05-18,349.8540954589844,350.9366764660777,346.4259222698556,347.1837201647541,1371699
2016-05-19,349.3127746582031,351.8387967889959,347.25586651809596,349.45712759002873,1292336
2016-05-20,343.4307861328125,353.24619167580494,342.70906546090373,348.08587125152377,741237
2016-05-23,343.8638000488281,347.1476200773313,341.2295021516016,345.05463467316633,1069529
2016-05-24,346.6063232421875,350.539709380041,335.3114000912804,343.5390106471239,2610091
2016-05-25,381.4293212890625,383.9553432843543,356.8908219062278,360.2107409336441,10804773
2016-05-26,391.38909912109375,394.7811949812736,375.4751676215861,382.5119439489488,3270866
2016-05-27,386.77008056640625,390.4508379435242,385.1100879744425,389.00739676813225,1572528
2016-05-30,392.2912292480469,407.05042455114653,386.12052683486417,386.6978945135231,2901801
2016-05-31,389.98175048828125,395.50293129159144,387.31141922165295,392.688203029054,2896981
2016-06-01,389.7291259765625,392.0386407183414,387.78047153661373,390.4508465802228,1093756
2016-06-02,394.1676940917969,398.75060194194936,387.5639334711797,387.5639334711797,1862166
2016-06-03,398.1732482910156,402.3952960161148,394.1677079274012,397.9928181480571,1706048
2016-06-06,389.4403991699219,398.31759735777024,385.57921176813517,397.5236783062449,1614098
2016-06-07,387.058837890625,393.2656629067434,385.00195132821943,393.2656629067434,1763517
2016-06-08,386.5896301269531,389.7290968985049,384.6770530498206,389.7290968985049,739380
2016-06-09,385.7236022949219,388.2135472964425,381.2850027682837,388.2135472964425,1085142
2016-06-10,387.9609069824219,390.0539143817341,383.0532156206176,386.6257414675599,565211
2016-06-13,385.470947265625,387.13093985327095,381.46540682439706,385.54314575440407,852440
2016-06-14,384.8935241699219,387.8526045757724,381.4292746670219,383.26965308571977,736886
2016-06-15,390.378662109375,391.1725370921991,382.511890514512,386.12049325521497,648970
2016-06-16,384.7491760253906,392.1468110560914,382.8727203694396,387.59998077411547,1181394
2016-06-17,386.3009948730469,391.1726094744351,384.17191005200283,384.7492777872856,946013
2016-06-20,392.8324890136719,396.11630872666,384.0274894384961,385.39877611220965,1592795
2016-06-21,386.1205139160156,392.83250656280774,384.6770727424978,392.5438447583014,1344360
2016-06-22,384.49664306640625,391.17255850209705,382.90884896352753,390.3064849868606,1211966
2016-06-23,383.4862060546875,386.1205037471119,380.094154626517,384.74921704825283,1027592
2016-06-24,365.9483947753906,373.09344581529444,356.2051673847908,370.2426408427944,3567473
2016-06-27,364.21630859375,367.3557977140208,360.138591472095,360.138591472095,1135682
2016-06-28,361.58203125,369.95397283645445,360.93248709590137,364.46891373502996,1518673
2016-06-29,364.4328308105469,366.0927794033942,360.3550917441276,364.1080477259978,1209538
2016-06-30,365.01019287109375,367.8609980466383,362.5563472400185,367.42796128229213,2334281
2016-07-01,369.0879211425781,372.80477793537494,365.40714157076206,366.77842837067635,715389
2016-07-04,374.6451416015625,378.181590121687,368.4744393514367,368.7992224278284,1250195
2016-07-05,371.8665466308594,374.57299893530524,370.27875246885174,372.9852047732976,456205
2016-07-07,364.1441345214844,371.686123903971,363.3863366711639,370.0983297102373,1036078
2016-07-08,362.9893798828125,366.2371225407852,360.13857473963736,361.58201592095855,733349
2016-07-11,366.9227294921875,369.8096337667392,364.071946486015,365.1545273295355,729356
2016-07-12,366.0566711425781,369.44874450666555,364.4688771252346,367.46401299756775,931824
2016-07-13,365.5875549316406,369.16008065123447,364.4328196113186,367.35577918177586,1194115
2016-07-14,373.95953369140625,374.9338388478768,365.55147136948915,365.87625443842205,753846
2016-07-15,363.7832336425781,378.03721447471725,362.2315388684159,375.7998983946133,2417368
2016-07-18,365.62371826171875,368.0053878087913,363.02551928525975,364.5411371902915,1132642
2016-07-19,366.34539794921875,369.44878786302945,363.783276485337,365.7680082273514,1013525
2016-07-20,364.7215270996094,367.7888397966549,363.8193763063607,363.9276299965174,1424321
2016-07-21,364.6854248046875,366.9949396261672,363.16982910482994,365.1906380547504,528981
2016-07-22,364.396728515625,366.99492709478034,364.0358682136636,365.91234618889604,1008674
2016-07-25,366.9227294921875,369.0878911792285,362.8810899380115,364.4688839852404,1028518
2016-07-26,362.6645812988281,370.0622170367644,360.86027989933143,366.6340443777207,3069751
2016-07-27,363.9276428222656,365.5154370844076,361.65422714819107,362.3759478082253,744952
2016-07-28,358.97418212890625,368.917972167063,356.4235603876507,368.17865759358193,1867921
2016-07-29,360.7485656738281,362.92953019193686,356.75624881094797,361.4878802688665,1134853
2016-08-01,362.37506103515625,364.4821122410574,351.9876995184375,358.715467157415,2125956
2016-08-02,369.06585693359375,376.8286602249438,358.64151657279115,359.3068951996315,4792350
2016-08-03,367.3653869628906,372.5775679581858,364.5560007621151,370.54445299228297,1196987
2016-08-04,369.6203308105469,372.54060984465696,365.36927200413055,368.84403696951233,793067
2016-08-05,365.9976501464844,375.20212509735353,364.7038497151142,371.1358951701901,1681614
2016-08-08,372.35577392578125,372.98419581469574,366.7000220497306,366.7000220497306,913042
2016-08-09,371.50555419921875,373.9452831422586,366.3673091511302,373.35384053851834,1299439
2016-08-10,367.58721923828125,372.6145493716337,363.37311709555155,372.6145493716337,1326514
2016-08-11,369.7312316894531,371.0619889292012,366.18250811330694,370.3966103093272,1681953
2016-08-12,364.7408752441406,372.61457149850617,361.08125882065787,372.61457149850617,3618973
2016-08-16,357.0519714355469,363.55793045960695,353.57718402095986,362.67074397355805,2087382
2016-08-17,350.91571044921875,360.0462513142683,349.1044030096372,357.1629285574352,913427
2016-08-18,347.1082458496094,353.9099500007864,346.1841024900524,353.13365604150226,1005420
2016-08-19,349.8436584472656,352.8009166841416,347.4778428329289,347.4778428329289,3664586
2016-08-22,344.7794189453125,350.65695734274334,343.7813395760599,348.95654253742,1107412
2016-08-23,344.37274169921875,350.8047879316537,341.19369785133443,345.0381429082988,1617568
2016-08-24,345.2969055175781,348.7347367620331,342.67234747973345,345.2599488091381,894108
2016-08-25,338.67999267578125,348.18018895396904,337.0534916754831,347.62570305324317,1769817
2016-08-26,340.0478210449219,342.82025129837405,337.8668335540348,340.08477775679654,857182
2016-08-29,332.35882568359375,342.08082944434386,331.61951118085005,342.08082944434386,797904
2016-08-30,342.2657165527344,343.55951715360663,333.5787696611634,333.8005550250476,981748
2016-08-31,346.59063720703125,350.2872097990947,341.2306069485393,341.5633075066604,1779070
2016-09-01,346.84942626953125,352.20945690614883,344.7423752309946,347.477848166932,1046734
2016-09-02,348.8455810546875,350.5829747901093,344.48362964552155,347.44088789744285,1070131
2016-09-06,354.90789794921875,355.795084327181,345.5555745307502,347.4777966416105,1553926
2016-09-07,348.8455810546875,357.4585912009904,347.58873727278495,355.75817673097157,1254946
2016-09-08,339.3823547363281,345.222958068025,336.3881396608862,343.7812855874991,3145694
2016-09-09,338.827880859375,344.1139984348439,333.65267852642825,338.6060954985139,1469794
2016-09-12,342.93109130859375,344.8163345664567,334.9095231619434,335.64883778261,1746181
2016-09-14,345.03814697265625,349.40009877884114,342.78322381307225,345.03814697265625,1321007
2016-09-15,342.1177978515625,348.88252127073156,340.67612549704455,346.73851365182674,956858
2016-09-16,344.0030822753906,346.7385553832078,339.34540921299015,345.55564748355465,1477056
2016-09-19,344.9642333984375,350.9526868049341,343.30077537230477,346.1471413961061,1134564
2016-09-20,341.7112121582031,346.73854234000225,340.26953968440523,346.73854234000225,913111
2016-09-21,340.93487548828125,344.33572668399756,336.4620318100822,343.0419263153513,2142358
2016-09-22,336.20330810546875,345.1120398451644,335.4639935192005,343.7812826147179,2766927
2016-09-23,336.0924072265625,338.6060722461024,334.79860673217235,338.6060722461024,2221151
2016-09-26,331.9153137207031,335.79671554641493,329.734326527133,334.2071710347831,1027167
2016-09-27,331.1020812988281,335.20526871513084,329.7343446393628,329.7343446393628,1306463
2016-09-28,325.6680908203125,331.95226510401886,324.8548402241204,331.95226510401886,1785763
2016-09-29,315.7982482910156,328.2557046581406,313.6911970257239,328.2557046581406,4331711
2016-09-30,310.4012451171875,321.6018570038695,309.5510378237335,321.6018570038695,2210429
2016-10-03,311.0296630859375,314.208706859919,309.1813765749968,310.51213383803764,1754766
2016-10-04,316.9442138671875,319.3100073173246,312.1756251333854,313.94997586151163,2145572
2016-10-05,314.43048095703125,320.12321223171546,312.91489509716763,318.7185190461191,1476240
2016-10-06,311.0666198730469,316.9072007367357,309.8837119933158,314.20870694247157,1559084
2016-10-07,310.3273010253906,313.76510937722037,308.4420578343491,311.9168228910656,1562901
2016-10-10,311.8798522949219,314.06081671418895,308.294172159071,311.6210876859675,997527
2016-10-13,312.1386413574219,313.98692790605156,308.66385362116137,311.76898404769594,2473032
2016-10-14,309.8467102050781,317.64646912359194,309.0334597459606,313.0996894794601,6379695
2016-10-17,302.0470275878906,311.2515051131044,299.7921266588215,311.2515051131044,3248168
2016-10-18,314.28265380859375,318.4967336634538,299.9769112018893,301.6403691198296,7264158
2016-10-19,314.134765625,322.67386269976254,309.8467500162825,316.3157526962128,4525016
2016-10-20,314.20867919921875,317.31380928908203,311.3992929747438,313.6541932947495,2133653
2016-10-21,320.93646240234375,322.41509155640927,312.1386234480718,317.0550608729217,4853235
2016-10-24,317.27691650390625,324.189513842849,316.1309876804971,322.3412269908373,2292196
2016-10-25,320.89947509765625,323.6349479889896,317.3877309447203,318.64457471902807,1684650
2016-10-26,312.7670593261719,321.6018785786289,311.9538312461072,320.8625639152297,2685974
2016-10-27,306.15020751953125,315.3546615684588,305.0781922296365,312.73010353056907,3706854
2016-10-28,322.0823974609375,328.255678815953,317.16595993703567,317.16595993703567,12710319
2016-11-01,320.5298156738281,322.3411453549014,317.572557459563,322.3411453549014,4643934
2016-11-02,317.7574157714844,320.4559321936719,312.17559939564114,312.17559939564114,3387397
2016-11-03,316.4266052246094,319.3838632173627,313.469347231856,318.6445487191744,2159069
2016-11-04,317.9422607421875,321.52794135824536,306.6677121688888,316.4266747129091,7835863
2016-11-07,328.88409423828125,332.28494580642365,318.3118822451883,321.60184113914914,7039296
2016-11-08,335.7597351074219,336.97959973597614,329.2537753804045,329.8821973290815,5501834
2016-11-09,321.2322692871094,328.25575963976195,302.379742551042,310.43826907482406,4852450
2016-11-10,326.96185302734375,332.06311880523384,321.60182264984627,330.8432543351867,3301285
2016-11-11,317.4616394042969,325.29837755788157,316.4266036244848,325.29837755788157,1161656
2016-11-15,318.60760498046875,323.2283207821225,315.9090889026318,321.60181979510486,6787283
2016-11-16,327.9599304199219,331.2129098434667,320.12319187995774,320.8625064108584,9156138
2016-11-17,326.6661682128906,336.3881509193502,324.9287743495702,330.4736339801089,2616362
2016-11-18,329.21673583984375,331.9522084981828,323.67187712328166,325.29837803830833,2041621
2016-11-21,330.58453369140625,334.1702141745024,325.96381723434735,329.66039039999447,2718966
2016-11-22,335.2052001953125,336.388107944458,329.8821491672908,331.21290628377403,2409601
2016-11-23,334.9834899902344,339.3084854319076,331.24993727473276,337.8668127639853,1950811
2016-11-24,339.0866394042969,343.41163436021844,332.76550855016706,333.20910182602154,2574455
2016-11-25,360.2310791015625,361.89453713743427,340.93496137303134,341.4894473849886,4561987
2016-11-28,361.7835998535156,366.5891446981404,356.7192903894544,359.2699347548993,2279428
2016-11-29,357.71734619140625,365.5171055962767,355.8320805692474,361.82053288077617,2029150
2016-11-30,358.71551513671875,362.1163448366608,355.8691489208151,360.23110130464534,2604888
2016-12-01,351.21136474609375,358.7154254097531,348.51287117564897,354.9079374623439,2059534
2016-12-02,349.99151611328125,356.312669281608,348.2171656415386,352.6530531019404,2450542
2016-12-05,341.85906982421875,352.35734627029285,339.6041692973106,345.2599215294323,1727408
2016-12-06,344.114013671875,347.10822898653845,341.85909044684746,342.3026837503031,1073627
2016-12-07,336.8316955566406,347.4778199973327,335.46395919955256,346.62761282252285,1540255
2016-12-08,342.85711669921875,344.22485310574666,337.94067953821383,340.01075121797726,1158682
2016-12-09,348.73468017578125,351.13745244892215,343.7812636955473,345.2598927867109,2017058
2016-12-12,347.0342102050781,350.47201800292135,345.0380746589533,350.3981046050586,709914
2016-12-13,358.23486328125,360.4158502718335,345.4816870408621,347.4778453902805,1863492
2016-12-14,352.39434814453125,360.04625982153505,349.95461865312444,357.82831571585825,1702307
2016-12-15,352.9857482910156,356.34962053890166,346.03617332626965,351.35924722222614,3292408
2016-12-16,352.76397705078125,356.4235935548969,351.1744550823009,355.906064280465,2185723
2016-12-19,349.95458984375,351.6180477860664,347.8105818971828,350.4351398480007,1389090
2016-12-20,352.4682312011719,355.4254895646846,350.1763514570314,352.5791238773854,1919780
2016-12-21,350.7678527832031,354.57531880583684,349.326180157715,353.3924108262175,667563
2016-12-22,350.398193359375,352.80096601279257,343.44861748135446,349.1783061164271,932766
2016-12-23,345.3338623046875,352.98577310730064,343.9661257500605,350.43512865239904,942216
2016-12-26,342.7462463378906,346.0361827059929,340.3804306395395,342.48748172055684,572307
2016-12-27,346.1470642089844,350.43507936199626,340.1216328749249,340.45433343080015,1061513
2016-12-28,350.5459899902344,352.65304097387985,346.7385245634165,346.7385245634165,1658315
2016-12-29,356.86712646484375,358.1609268698987,347.1081658133083,348.25409429009295,2079991
2016-12-30,361.4508972167969,364.48209153713026,356.34963107686974,356.34963107686974,1817123
2017-01-02,360.7854919433594,367.3653867717118,359.67652014435316,365.5910364057197,1203138
2017-01-03,363.41009521484375,365.960739698183,360.1940946429271,361.3030665814064,1006546
2017-01-04,370.1009216308594,372.9842442793715,361.19216648098444,362.26418175796243,1989140
2017-01-05,360.8594055175781,374.83244480560626,359.26988388338407,373.3538158320141,2295824
2017-01-06,347.2930603027344,360.71161682170407,344.668502293884,360.41589547117195,3307502
2017-01-09,350.0284729003906,353.3184090183199,341.5633125155908,343.8182128049815,1812454
2017-01-10,350.06549072265625,351.17446271016206,345.7404954589652,350.69391269466144,1634891
2017-01-11,350.4720458984375,353.7250478984566,346.7385165257148,349.91755999781,2058634
2017-01-12,355.75823974609375,359.8983839824515,349.10440750068375,351.1744796188626,1970093
2017-01-13,361.15521240234375,364.4081924028634,356.27573112051783,357.97616838044587,2754723
2017-01-16,360.15704345703125,362.67070816989576,354.13163497355214,360.97029389527523,1258527
2017-01-17,359.86138916015625,365.96073473914197,358.34580322294187,360.7855324296995,1233813
2017-01-18,357.5694580078125,365.8867462397004,355.9799363248027,360.7854806365602,1336551
2017-01-19,355.9059753417969,358.7523405156989,352.9856967718114,354.87093961367435,1586512
2017-01-20,346.47979736328125,357.8282814634346,344.52061810322425,351.91376441445226,1442119
2017-01-23,347.2560729980469,348.8086155920696,340.6761550774745,343.78128538970174,1400660
2017-01-24,347.4039001464844,350.06543702062186,344.07698469433484,348.51287196386755,1255925
2017-01-25,344.2618408203125,350.2502936247851,341.7112189739144,347.66269251093445,3368794
2017-01-27,345.3338623046875,347.92146346562294,342.45053980920636,344.0770184302537,1795089
2017-01-30,348.6607971191406,353.3924064164825,340.9719291906985,345.2599451809568,3024028
2017-01-31,334.3180847167969,358.34581019222526,314.57837507060816,358.34581019222526,7804620
2017-02-01,332.46978759765625,337.86677520075295,322.6738690606541,334.3550308195635,4061099
2017-02-02,340.8979187011719,343.7812407238576,325.2983783193491,332.4697379571336,3771089
2017-02-03,355.2037048339844,356.349633427015,343.1159067395502,343.1159067395502,2677019
2017-02-06,353.0226745605469,361.2290700418065,348.365002224688,355.6472320167377,2105323
2017-02-07,348.1063232421875,354.8710480838675,346.8125225460484,354.8710480838675,1794349
2017-02-08,350.878662109375,357.6433851928533,346.5906245222649,347.4778109367257,1754215
2017-02-09,358.5675964355469,359.8613970412422,350.80479280137524,353.3184580371648,3013021
2017-02-10,369.5833435058594,372.2448804304914,359.30687564889536,362.2641338846887,7225481
2017-02-13,369.3985290527344,373.1320812560631,366.3303780276855,369.657293670722,1903851
2017-02-14,373.0581359863281,375.9784149962836,369.9160490684444,370.39659902582036,2664728
2017-02-15,366.4412841796875,378.23336130628763,361.5987824793485,372.0600797625386,2584154
2017-02-16,372.9842224121094,373.72353702541386,365.258375678241,365.258375678241,2591411
2017-02-17,372.24493408203125,373.3539060802895,366.7000740907398,371.35774745858737,1688519
2017-02-20,369.6203308105469,375.1282108572582,367.4393437893754,372.2818452309788,2610984
2017-02-21,375.4979248046875,380.93189226351444,369.65734329307566,369.65734329307566,3268863
2017-02-22,375.5348815917969,378.08550357054895,372.318858385282,375.9414956202365,3036464
2017-02-23,372.35577392578125,380.7469987008291,369.5094083551144,375.5717967767402,5868525
2017-02-27,369.50946044921875,377.0874357635626,365.9607590829486,369.84216107322226,2250245
2017-02-28,369.21368408203125,376.3111083191322,361.11820324581845,374.0931646551688,31171453
2017-03-01,369.47247314453125,371.2838029481653,360.74856984699557,361.4878844505864,1979476
2017-03-02,369.5833435058594,373.39080897202535,367.6611211401757,371.87522315101717,2392413
2017-03-03,372.39276123046875,373.6126257693497,369.65728827241674,370.4705388190341,2136886
2017-03-06,369.6203308105469,373.90834632087854,365.66499332172407,369.5094155746203,1234125
2017-03-07,369.6203308105469,375.0173181834219,368.6222516218398,374.09317496463575,3221133
2017-03-08,363.6688537597656,371.9491864533326,360.8594672541401,369.2876493331081,1430424
2017-03-09,361.4878845214844,366.33038615111775,360.4528260265812,364.4820996417781,1752351
2017-03-10,351.7658996582031,367.66116455245566,350.8047996429225,364.8517779215643,3875776
2017-03-14,354.7601623535156,359.2330072516511,352.06166821819033,356.3496844418228,4483127
2017-03-15,354.61224365234375,358.38275262768343,348.6607701425688,357.38467340449193,3941570
2017-03-16,355.6842956542969,357.7174110162594,353.7620729814773,356.34967435124776,4191349
2017-03-17,358.01312255859375,360.63768056542006,346.997338684594,358.93726587960197,5857451
2017-03-20,356.27569580078125,363.0034630707219,354.9449385658878,357.08894636081203,3734239
2017-03-21,352.61614990234375,358.1979667788065,351.21143394373223,356.34968005652166,4422809
2017-03-22,351.47015380859375,354.5013481592874,349.58491061694167,352.653061672534,2797599
2017-03-23,356.4605407714844,357.4586200244052,351.6180390183276,352.57913900286366,3259747
2017-03-24,350.5459899902344,356.3496137304195,348.9564682173402,356.3496137304195,2203312
2017-03-27,346.59063720703125,353.13357520740124,342.4504939535911,350.43508172761267,2457180
2017-03-28,336.9056396484375,348.73467210395125,336.1293458562911,348.73467210395125,5722292
2017-03-29,338.7909240722656,340.01078868089314,333.5787650344521,339.34541003637736,3227158
2017-03-30,340.971923828125,342.6723384894276,336.75782132024653,339.71507990483707,4028816
2017-03-31,339.4562683105469,343.0419483607876,336.09239616072404,341.5633192730256,2581903
2017-04-03,334.9834899902344,339.3454421415082,333.2460959592262,337.8668127639853,1914496
2017-04-05,330.4366760253906,337.5710575439721,329.3277041034736,335.64883503356424,2902998
2017-04-06,330.39971923828125,331.50869123565434,326.25955260233627,330.43669850878285,1926091
2017-04-07,327.6642761230469,336.0554797149891,326.81404618897915,331.17602086293067,3125291
2017-04-10,327.5532531738281,331.73039780384335,326.40732481821357,328.9949253547113,2111378
2017-04-11,329.14288330078125,330.2518552491503,325.2984381882649,327.5903180606461,1861086
2017-04-12,323.56103515625,330.73239591143295,322.0084699599423,330.2518459264569,1728894
2017-04-13,317.86834716796875,327.36852250156977,316.31578186917835,323.81982115755704,1543616
2017-04-17,311.9538269042969,317.86834412917113,310.5491110137151,317.86834412917113,2595117
2017-04-18,309.6988830566406,314.87408528386294,308.257233116312,311.9907628411145,2338492
2017-04-19,306.2979736328125,314.5783046604608,304.9302599230887,310.14241787323925,2638642
2017-04-20,310.88177490234375,312.5821893787572,306.44588750778,306.81554479066034,2818261
2017-04-21,316.1678466796875,319.23599739338283,312.1385961248162,314.20866773446676,2668714
2017-04-24,317.3507995605469,318.8663855015789,313.69118317910056,318.274942832418,1709076
2017-04-25,323.9306335449219,325.3723057997278,317.3507392128561,319.7535112628079,2575089
2017-04-26,315.7243347167969,326.7401418350833,313.5433698814089,325.2984691401925,3721058
2017-04-27,314.1717224121094,316.94415193370554,312.36039276649757,315.09586558597476,1450414
2017-04-28,308.2571716308594,317.0180298898155,307.5548138724218,314.5783012084507,1945081
2017-05-02,309.1444091796875,314.2087189265695,308.0354372305349,311.1775244198006,1568455
2017-05-03,310.4012451171875,311.547173743744,309.1444012488875,309.7728231830375,1746287
2017-05-04,309.8467102050781,312.58216030672503,308.0353806625932,310.51208873996046,1009112
2017-05-05,305.3370056152344,310.0686157176758,303.41478266552787,309.6989583258898,1541496
2017-05-08,311.3623352050781,312.7300717096069,304.5976112159764,305.63264713002036,1938018
2017-05-09,315.09588623046875,319.3839018133112,311.177505379301,312.4343492029397,4402442
2017-05-10,318.20098876953125,321.0843111014431,315.83519566528395,316.7962955885578,2018816
2017-05-11,321.4170837402344,322.26729118020467,315.095951727743,319.383968201912,2060011
2017-05-12,326.96185302734375,328.69924669660554,321.34305805023894,321.4169940161395,2696277
2017-05-15,327.220703125,329.6604327025604,323.9307435605642,328.99505395977985,1080719
2017-05-16,328.0708923339844,330.3997290854576,326.03777694487235,327.8121276811332,1820495
2017-05-17,318.53369140625,327.8860163337924,317.165954920399,327.5163590436754,1754010
2017-05-18,312.2125549316406,326.7031259928322,310.5860763052578,317.16597190937426,3934861
2017-05-19,307.665771484375,314.9480249300347,306.22412152723183,314.20871031752284,2194511
2017-05-22,304.85638427734375,310.5121365375741,303.9691977195427,310.5121365375741,2734184
2017-05-23,307.3700256347656,309.51403332761726,302.0099951215917,306.07622516606847,4828731
2017-05-24,308.4050598144531,310.51211079296615,306.3349881006692,307.92450986969146,2039655
2017-05-25,314.9480285644531,316.3527218320171,307.66577503475816,310.51214083819326,3098044
2017-05-26,317.27691650390625,320.86259750922795,310.6230838366642,316.4267090643999,2257516
2017-05-29,280.5329284667969,288.33268831826234,263.67654238170564,285.5602586228944,17135931
2017-05-30,287.0758361816406,287.85213001110884,281.6418921858127,282.15939884336825,2800579
2017-05-31,288.3326721191406,290.6984876844411,285.3754139435597,290.6245517176337,3844462
2017-06-01,294.025390625,298.60912706491825,287.7781739699877,288.3326598543229,4032660
2017-06-02,295.4301452636719,297.1305599718874,291.84446461851155,295.72586661787113,4221248
2017-06-05,297.7589416503906,299.42239942497383,293.5078828931225,295.7258265925667,1922945
2017-06-06,302.1208801269531,306.7046392674479,295.3931133480034,298.7200287545302,2846306
2017-06-07,295.6518859863281,302.93413886436906,290.5506200700355,300.75315190262074,4041108
2017-06-08,293.8036193847656,297.83289300507175,292.9903688072067,295.7997778422201,1811760
2017-06-09,285.9668273925781,293.2121227211712,284.63607037410543,293.2121227211712,2790651
2017-06-12,293.7297058105469,295.6519284416969,280.9395711992095,284.63614450446227,2889773
2017-06-13,290.8463439941406,292.69463039796983,286.8540498742876,292.02925180500927,1753491
2017-06-14,293.2861633300781,295.72589292184534,289.81137506340843,292.02931926032227,1895223
2017-06-15,291.03118896484375,293.13824009585767,289.81132438228553,292.76858279434964,1244822
2017-06-16,288.554443359375,292.7685450785224,286.85402901633,289.81128704742616,1473093
2017-06-19,287.9261779785156,290.7725221074774,285.81912613905007,288.3327921220534,992872
2017-06-20,291.54864501953125,292.17706678675006,285.1166005631974,287.889029628499,1458439
2017-06-21,289.0350341796875,293.4339422428209,288.33267632789904,292.0292491013337,1121823
2017-06-22,286.0777893066406,291.8444340773802,285.37543142208676,289.8852549284809,918944
2017-06-23,281.4570617675781,288.1108928016855,280.82863987971666,287.2606630087666,1741413
2017-06-27,281.01348876953125,284.3404045263242,279.9784528242806,281.45708204952194,4315500
2017-06-28,289.9961242675781,291.28992469452083,280.93952127897944,281.4940071762406,1883908
2017-06-29,287.48248291015625,292.7685777176399,286.85406099607144,289.9961480044047,1631484
2017-06-30,282.4181823730469,286.11475544075694,279.01733063833535,286.11475544075694,2365394
2017-07-03,281.86370849609375,284.82096707703636,279.7566572447536,282.45515118744527,1280684
2017-07-04,279.2391052246094,283.93373441049187,278.2410261030582,282.4181486584951,1328251
2017-07-05,278.83251953125,281.67888548492044,278.13018414144364,280.385084829806,1461628
2017-07-06,278.2041015625,280.5329608249041,275.838308153491,278.35197352147884,1964709
2017-07-07,280.9394836425781,281.45701276885933,277.2429114893863,277.2429114893863,1642197
2017-07-10,283.97076416015625,286.11477215223766,282.418198868617,283.15751352534113,268891
2017-07-11,284.78399658203125,290.7724268688412,283.2683880954196,284.5621886619437,2362955
2017-07-12,286.3365173339844,288.03695434303074,284.377338281076,286.1147319929342,687924
2017-07-13,287.7781677246094,289.0719680933135,286.3364954317897,286.8540246041065,940852
2017-07-14,287.5563659667969,290.5505804812731,285.0426787730148,288.3326371188206,1034584
2017-07-17,289.70037841796875,294.3950297960241,287.81511298979103,287.9629849080318,1534113
2017-07-18,289.2937927246094,293.0273449759828,288.4435854506441,289.663450023037,1584011
2017-07-19,293.32305908203125,294.24720230535206,288.8502149059946,289.8113148334121,1590684
2017-07-20,289.4417419433594,296.42827577372753,288.3327697520055,294.7648174866967,1411026
2017-07-21,291.8074951171875,294.24722438499003,290.4397585316228,290.9203085313909,964314
2017-07-24,295.02349853515625,295.6888997618856,291.99232655602174,292.0292832632434,906007
2017-07-25,289.14593505859375,296.0954875575131,288.36964121688163,294.98651569400175,1358932
2017-07-26,287.8521423339844,291.14207874743215,285.85598390085664,289.88525747205887,1409292
2017-07-27,285.5059814453125,292.9226948528238,284.37076879543054,291.37124680303594,2627365
2017-07-28,288.57110595703125,290.19826290133597,283.2356146390898,287.01965758683986,1712222
2017-07-31,292.01458740234375,292.5443395365967,287.0574774783413,288.49543221865554,1535812
2017-08-01,304.5775451660156,313.2429873560768,302.7611865569926,306.50739731815366,12617014
2017-08-02,304.2748718261719,307.5669936761341,300.07459356323113,304.69113039108913,4071990
2017-08-03,308.1346130371094,309.1563092535909,303.51807601535353,305.7506705959626,4650231
2017-08-04,309.5346984863281,311.38888868141674,307.49130615280046,308.47517113026214,1957230
2017-08-07,307.5292053222656,313.99991016290227,305.90207131340054,309.00496835990106,1312508
2017-08-08,301.3990173339844,309.8752826781849,300.18811898538934,308.021092416652,2108254
2017-08-09,298.069091796875,302.9883480280669,297.2744288557945,302.72346038104007,1135609
2017-08-10,305.7507019042969,313.09175522305935,297.4258065554175,297.4258065554175,4990849
2017-08-11,304.8424987792969,312.3727536849522,303.4802525200868,306.8858912640778,2782291
2017-08-14,304.388427734375,308.77790836987424,302.7234395783081,305.75067397409117,1213339
2017-08-16,317.82177734375,322.32477460708265,302.7234366999537,304.38842484018954,5407314
2017-08-17,321.1895446777344,325.46550837505345,319.0326356864958,321.79500537658885,3175256
2017-08-18,324.557373046875,330.2712687440816,318.38938757003075,318.38938757003075,3610728
2017-08-21,326.2601623535156,330.7253280674997,324.6708598191244,324.6708598191244,2657468
2017-08-22,332.5038757324219,335.07702045153513,327.0926986548823,328.4549449485404,4623000
2017-08-23,325.57904052734375,336.21219119042246,323.53564824739584,332.9957549212963,1576891
2017-08-24,323.68701171875,331.48213019967216,322.0977092150384,326.94127910104646,2607190
2017-08-28,323.724853515625,329.9685239808592,322.74101165039787,323.27076377168794,1888194
2017-08-29,326.75213623046875,328.4171245069727,320.1300605106851,325.38988989221446,3282938
2017-08-30,322.21124267578125,329.9685303737889,321.68146744826333,328.45491326198254,2380800
2017-08-31,324.0275573730469,327.3196789948465,322.5517946432489,324.10324284287407,3782413
2017-09-01,320.4327697753906,325.6169135174061,319.8273321089221,324.67090272856996,1242275
2017-09-04,314.9079895019531,324.4437802531394,310.7076888957605,321.64357984901096,3250373
2017-09-05,323.800537109375,325.8817605857055,316.3837995906918,316.87574361641356,3651996
2017-09-06,321.3409423828125,323.308649399993,318.6164267510215,321.71934669011773,1553072
2017-09-07,322.4383239746094,325.352041967515,320.24358345516265,322.77889711381994,983408
2017-09-08,326.0331115722656,326.71425773875256,322.4382709876542,322.4382709876542,1434311
2017-09-11,334.1309814453125,334.8877900103076,328.30354625646487,329.2117257728447,2373479
2017-09-12,334.0552673339844,335.98514286686907,328.45488905228535,335.2661655533696,1357481
2017-09-13,333.6012268066406,343.36407637456773,330.95239666562975,333.8661144399349,2339372
2017-09-14,334.0552673339844,335.2661655533696,330.04419152173085,333.7525485531287,1048243
2017-09-15,336.2500305175781,338.97454592480034,330.99022493715535,330.99022493715535,1959478
2017-09-18,336.85552978515625,341.5855837781629,335.4932603775903,336.02303566319375,1034355
2017-09-19,338.861083984375,339.80709482743583,334.8878384435197,337.4609833174515,1001757
2017-09-20,339.73138427734375,340.56387837701413,336.77983528393617,340.56387837701413,755469
2017-09-21,348.32110595703125,349.41848750098416,339.57997717520163,339.8070104827964,2189490
2017-09-22,346.92108154296875,351.3484167774515,342.8343194403566,346.2399583751946,2254484
2017-09-25,342.0396423339844,349.9861323162917,339.9205644811236,344.53710137575223,2490162
2017-09-26,338.55828857421875,343.70457715833106,334.1309542106719,342.0774434954104,886702
2017-09-27,340.5260314941406,346.6183313548963,335.79597784573866,339.8070541011975,1908788
2017-09-28,343.9316711425781,346.883220008755,338.5583255628399,340.5638636965264,3555144
2017-09-29,346.50482177734375,347.640034676191,340.2232965461428,343.59110405110926,1412345
2017-10-03,350.6294250488281,353.2782552236722,345.1047313511113,345.71016900983204,1901932
2017-10-04,351.95379638671875,354.56479504432053,350.66723574787125,351.95379638671875,1673214
2017-10-05,341.2828369140625,351.6889548440782,339.46647785314246,351.5375838903465,1237068
2017-10-06,345.7480163574219,346.6940271151602,338.29344696725013,343.8938260338683,1130586
2017-10-09,350.6294250488281,351.15920032218344,343.5911141083433,343.5911141083433,997113
2017-10-10,352.89984130859375,354.0350542097743,349.19148378393055,350.40238216438286,1559112
2017-10-11,353.6187744140625,355.62431233568805,349.3428109745296,351.1591467696629,1624889
2017-10-12,358.87860107421875,359.4840386377499,352.29435786499494,352.29435786499494,1762764
2017-10-13,360.3165588378906,363.19242211794864,357.93261650100516,359.02997505178007,2187256
2017-10-16,358.5758972167969,360.770660583227,356.2676402781286,359.37056008614866,1101381
2017-10-17,357.97052001953125,359.63550842080036,354.905453980796,356.4947337958623,787447
2017-10-18,346.9589538574219,357.51642124629205,346.35349304663936,357.4785900501043,1414945
2017-10-19,346.8831787109375,348.13190810996554,345.1803595951822,345.1803595951822,128310
2017-10-23,350.47802734375,351.91595890071085,343.36403193355187,345.8614907905911,1319264
2017-10-24,344.196533203125,351.00781042822086,342.90997247374145,350.70509161518737,850860
2017-10-25,354.2620544433594,358.80290532766827,343.59105024604105,344.3478587267592,1583314
2017-10-26,361.1869201660156,363.192458424643,349.6455885106322,354.9432489426115,2859405
2017-10-27,360.5435791015625,363.26809442897246,357.21362618848957,363.26809442897246,1292782
2017-10-30,367.4683532714844,369.7009475565259,358.76505563197554,358.76505563197554,3746798
2017-10-31,364.8195495605469,368.2630422948707,360.39223805293096,367.8089525490741,1509095
2017-11-01,369.7010498046875,376.8907324518616,357.55427941284927,367.014388159131,3983511
2017-11-02,354.1485595703125,364.74387895197077,348.8130455955423,364.4033058763178,5545465
2017-11-03,350.7429504394531,358.53806968174666,348.9644456329205,354.94322887754976,1278344
2017-11-06,348.4725341796875,353.05121703793463,346.6940293246119,349.6455782883725,1701924
2017-11-07,356.0784606933594,362.0950985449494,348.92660989588194,349.6455873333306,4208801
2017-11-08,370.7604675292969,372.4632865991766,358.802902854748,359.37050921137467,3566147
2017-11-09,371.025390625,375.37703977562467,368.4522461812147,372.34980558388577,1803442
2017-11-10,371.5930480957031,376.7015064962041,366.1818708536251,375.3770913553335,1871915
2017-11-13,370.911865234375,379.91788212369215,368.4143832273782,368.56575417178897,2140262
2017-11-14,369.2469177246094,374.62026349699175,364.32766173929537,371.5930290444908,1426995
2017-11-15,375.7933349609375,377.98809857551856,367.0522040815072,367.80901274971654,1718584
2017-11-16,378.3285827636719,379.917885309458,369.4739367445157,377.6474597000389,1376234
2017-11-17,366.7115783691406,379.1610884147574,365.16013006012065,378.4042798550473,2140643
2017-11-20,360.8462829589844,368.94414313384556,359.86244114901245,367.7710991991896,1527038
2017-11-21,373.7498779296875,376.7014264256331,361.7544587271775,361.7544587271775,2242785
2017-11-22,365.23583984375,375.52844156002976,363.0410994937115,373.8634533794676,1932859
2017-11-23,370.533447265625,373.10659155369933,365.23578775066375,365.23578775066375,1200242
2017-11-24,373.9391174316406,377.64747478933697,370.8361976889281,370.8361976889281,1701291
2017-11-27,377.4582214355469,378.4042320155858,371.6686413049007,373.1065727673676,1469508
2017-11-28,378.17718505859375,380.5232727356028,373.409278049792,377.7987808402425,2334856
2017-11-29,375.7933349609375,378.4800195906611,372.95530245515266,376.20959358603324,1438175
2017-11-30,370.2685852050781,374.99863866962943,368.71713690709095,372.61469634268843,2729850
2017-12-01,357.894775390625,372.19845303445913,355.0189120046987,370.83620681922355,1962459
2017-12-04,357.8191223144531,368.56581443788724,352.63500151217244,357.59208895667706,2507080
2017-12-05,352.21868896484375,359.6732576833118,350.1374654853506,359.3326846028275,2977968
2017-12-06,357.40289306640625,359.2570835393358,351.2349070482441,353.1647599111156,1952199
2017-12-07,376.3608703613281,378.02585835523195,356.57033204560724,357.44065723043565,7475829
2017-12-08,375.4527587890625,378.06373465509915,372.8796141154164,376.1338819238561,2534022
2017-12-11,378.8962097167969,382.112646171262,373.63640396060345,375.37705445051625,3215999
2017-12-12,379.3124694824219,383.399231194669,376.92850397897655,379.917907107953,4481699
2017-12-13,381.12884521484375,384.30742772442323,377.0799142708156,377.72320625002953,2052503
2017-12-14,389.18878173828125,392.14035344554145,380.6746858810996,380.6746858810996,4105304
2017-12-15,378.97186279296875,392.02680963905703,374.62021384427266,389.7563841006069,7010768
2017-12-18,373.8633728027344,377.2690108140953,370.07933056788886,376.1337981436416,2175527
2017-12-19,374.8851013183594,378.40425628259493,373.8634052072038,375.7175953013737,2168308
2017-12-20,373.06878662109375,375.3770434766674,370.34427120247346,375.3770434766674,1690391
2017-12-21,371.3280944824219,377.2312147763446,367.2791642947107,376.4365519754126,1483945
2017-12-22,373.4472351074219,376.32309871998723,369.73885427021,370.83623604382854,1210792
2017-12-26,373.40936279296875,376.81500153102047,370.53349931922247,373.8634525772355,1095301
2017-12-27,380.6746826171875,382.49101843195365,371.78218257593113,374.24181024691694,2160870
2017-12-28,376.1717224121094,384.45878619545715,374.35538630911947,380.8639451828028,1943344
2017-12-29,381.4693298339844,382.18830717497616,375.1121428090785,378.2528935854821,1412805
2018-01-01,380.7503662109375,384.9884984884759,378.44208639658217,379.2367491900997,1115837
2018-01-02,388.96173095703125,389.75637062963887,381.0530730330547,381.0530730330547,2204383
2018-01-03,393.1241760253906,397.3244538707827,390.2861442120279,390.58883989029886,2288877
2018-01-04,395.47027587890625,397.32446595843066,388.9995723859683,393.1620191721995,1460097
2018-01-05,397.6650695800781,398.8381136170366,389.6428710786957,394.2972622286073,1756809
2018-01-08,405.8764953613281,410.8335830931591,394.070298153308,394.070298153308,2795379
2018-01-09,404.02227783203125,408.6766694890973,400.351774369875,408.6766694890973,1855191
2018-01-10,410.2658996582031,411.70385439112,403.9843978829008,404.8925773883257,2748547
2018-01-11,417.5312805175781,420.6720082416253,410.7200036614738,411.7038455245256,3485380
2018-01-12,416.81231689453125,419.6503490113801,414.7310933421755,416.2447104711615,2790912
2018-01-15,411.5145568847656,419.95298880385945,410.45500667532974,416.96358646258886,1959669
2018-01-16,422.0343322753906,426.08323978951324,414.20133558719215,414.7311108430786,4791310
2018-01-17,419.95306396484375,427.25623842838684,418.6286490619709,423.77493773189155,1636201
2018-01-18,418.25030517578125,423.8128300939918,416.43394599860534,423.8128300939918,2158972
2018-01-19,418.439453125,422.67756240013756,414.01209552615404,418.51511550094193,1951962
2018-01-22,431.00250244140625,433.19726588232305,416.0177012349465,416.2447345790579,4127554
2018-01-23,445.1926574707031,447.04684777292823,426.99141993956886,430.7376317355071,4103152
2018-01-24,456.46905517578125,463.5073648320343,442.08969399318784,442.08969399318784,6672393
2018-01-25,452.9121398925781,464.2642694937359,445.0791427526191,457.4908229266584,5104213
2018-01-29,457.7179260253906,460.66949864821305,450.64178263920996,453.36627568186094,3352495
2018-01-30,456.31768798828125,462.59918921282724,448.93880521556133,454.08509370584267,6290644
2018-01-31,463.65875244140625,473.91349852044675,451.814680775137,456.2041608977163,7244068
2018-02-01,462.4478454589844,468.84288680962374,459.4206113230062,463.5830582599762,2479739
2018-02-02,468.80511474609375,471.1133718275046,453.36620022870835,457.3394455332777,3994302
2018-02-05,476.0704040527344,477.6975608946209,461.19914391927716,461.5775481902342,3500770
2018-02-06,459.1556701660156,470.12939207709303,454.84185300396683,454.84185300396683,3104038
2018-02-07,456.4311828613281,467.17787268170775,451.7768383525908,463.01542597741405,3653165
2018-02-08,460.32879638671875,470.7349138553868,450.2632520008653,461.6532113372765,2894969
2018-02-09,450.49029541015625,456.3555617510697,446.0629838102382,454.84194463083395,3481551
2018-02-12,446.78192138671875,457.7935230476626,443.6033623422498,452.57152543129894,2343988
2018-02-14,462.7884521484375,465.13454029743826,445.38185460238014,445.38185460238014,5004415
2018-02-15,458.36102294921875,468.1616547118041,457.1122706205904,465.43716296632965,1676641
2018-02-16,442.24102783203125,464.45338498872525,439.8571087757775,461.65318430455847,2887255
2018-02-19,433.23504638671875,445.5710160207553,426.57514065103584,445.5710160207553,3170119
2018-02-20,434.5594787597656,440.6139471613174,430.6240650603713,435.1649163615352,2273116
2018-02-21,450.4525451660156,452.57160027675013,428.7699575455471,439.74368363921405,5590807
2018-02-22,456.0527648925781,458.9665052130622,448.0306135988278,448.0306135988278,4421727
2018-02-23,470.31866455078125,472.9674943739261,457.86915514361505,459.3827721854121,3490526
2018-02-26,463.50738525390625,474.8595130034904,462.4478348538413,470.73489734942297,2923731
2018-02-27,462.0694885253906,467.93475526467364,455.9393572488481,467.7077219196039,1905663
2018-02-28,463.65875244140625,465.43723396433705,456.99880059536787,461.8045623522689,2113430
2018-03-01,463.0910949707031,466.11832867878576,458.28533374396966,463.2045885196039,2226114
2018-03-05,477.4326477050781,480.4977592374208,459.04220947065875,460.51799535809647,4765322
2018-03-06,467.1401062011719,479.74098780998077,465.4372868590048,478.22737061694335,2424505
2018-03-07,460.93426513671875,474.10275315478793,459.0422436509003,469.06995752573835,1787149
2018-03-08,459.53411865234375,466.7616304035889,456.355513795483,465.43721556255724,1858046
2018-03-09,468.6159362792969,471.5674623681724,459.00445696109784,461.4262539361304,2095483
2018-03-12,468.8807373046875,481.63298934274184,466.7238513707614,470.09165872409625,4336200
2018-03-13,468.57806396484375,472.96754461393357,464.3777392741449,469.2213327991669,2306960
2018-03-14,483.6763916015625,484.9251443556469,467.32934317536007,467.32934317536007,3825750
2018-03-15,478.18939208984375,493.40126937750404,474.55672083330086,485.6439829039616,5855371
2018-03-16,480.3464050292969,483.6006726176023,474.5189698454407,480.3464050292969,3741772
2018-03-19,461.5775451660156,482.3897799322957,460.139590469029,480.459881209517,1731324
2018-03-20,479.3625183105469,480.8004267331947,456.4311840015233,457.8691386160958,3320421
2018-03-21,473.6486511230469,481.97354585117347,470.1673499862394,480.57346839639763,2428150
2018-03-22,468.5023193359375,477.5461906637555,466.57246678954874,474.5189564915606,1785067
2018-03-23,471.7567443847656,473.0054973746119,457.6801192596744,459.7613434481227,3153066
2018-03-26,469.5240173339844,475.7298101525734,466.95084992730676,471.4917009800845,1552991
2018-03-27,470.47003173828125,476.486622477862,468.464470697137,473.0053217862853,1135697
2018-03-28,483.37359619140625,485.11424649583006,466.68597807373345,470.1294474961223,5534298
2018-04-02,484.5845031738281,489.27672540136837,479.89228094628794,483.37362797597876,2095519
2018-04-03,466.1562805175781,482.8439014142776,464.302090153071,481.70868847991795,3851192
2018-04-04,458.85308837890625,470.73499376209213,456.5448311687815,467.7077590755192,2670676
2018-04-05,467.21575927734375,469.7889269310235,457.52861867325356,466.3454571238418,2809480
2018-04-06,467.8591003417969,470.7349638730528,464.5291239212273,466.1941121315121,1160620
2018-04-09,465.3236999511719,471.1133036047721,464.1128247961871,469.9780908250016,1427650
2018-04-10,474.10272216796875,476.4109789914161,462.78842518387756,469.90244398236325,2085181
2018-04-11,479.3247375488281,481.93573661635884,469.713304696541,473.8000436704755,2139871
2018-04-12,494.0445861816406,495.7095741423359,479.85442661649745,481.6329543304841,3614281
2018-04-13,508.2348327636719,509.9754833966347,485.1900004458977,493.8554686090459,5653116
2018-04-16,506.0778503417969,516.7488316550047,497.60158595108913,498.0556525717651,3931095
2018-04-17,505.77520751953125,508.95381306254654,500.742457752363,507.8186000966078,1576573
2018-04-18,497.07183837890625,510.0889544671964,495.10415465743574,506.26708058976686,1676060
2018-04-19,503.42913818359375,506.4942040688207,496.42865796299367,501.72631867047477,2662071
2018-04-20,530.1444091796875,534.3068563609698,504.79132180278594,504.79132180278594,5490181
2018-04-23,531.279541015625,552.0917737477185,522.6519060608243,525.6413087280005,6998046
2018-04-24,516.6731567382812,529.5767320390399,514.6297646109999,525.9818917715367,2728320
2018-04-25,519.4734497070312,529.7281971603261,512.3594302780958,519.0950454010651,4560558
2018-04-26,523.0304565429688,527.4956461999144,515.1218428468916,515.3867074062292,2852323
2018-04-27,507.4402160644531,526.6252974791537,505.88876752068944,526.0198597781649,3756249
2018-04-30,507.51580810546875,517.7706011732223,505.6237866821827,510.8457842872238,2639069
2018-05-02,501.4234313964844,510.0888974234421,496.0879410401577,510.0888974234421,1745715
2018-05-03,494.15814208984375,504.79129276655596,488.82265115730837,501.42348554794387,2284475
2018-05-04,501.4992370605469,503.73178547608387,481.6708425103144,494.1581844051794,3162498
2018-05-07,497.52593994140625,511.22415568810686,495.10414343699296,508.3861237357302,2770174
2018-05-08,494.4609069824219,504.33729669825925,492.7202563469949,501.7641288428048,1771130
2018-05-09,495.0284423828125,503.8452802587793,490.63896213490284,494.19597147425145,2193797
2018-05-10,502.2180480957031,508.49959492348796,496.958266540079,496.958266540079,3927593
2018-05-11,504.3751220703125,508.3861985818084,495.1042163276595,501.764123051342,2880596
2018-05-14,504.98052978515625,507.0617533998572,498.16925250068056,500.70454279090774,1436196
2018-05-15,507.55364990234375,514.6297910525459,501.9910795927231,502.97492142546776,2427422
2018-05-16,509.10516357421875,513.6460152555254,506.3049624656932,507.8185796927954,1690858
2018-05-17,511.45123291015625,515.3866467936629,504.2615513469554,513.8730296224626,2022339
2018-05-18,524.4304809570312,527.8739505357609,508.00772659086664,514.4784302945325,4304706
2018-05-21,518.6787109375,526.6630779345531,513.3053888162679,523.7115061715554,2342450
2018-05-22,519.4734497070312,522.5763465391805,510.8458130542314,517.3543486400756,1797801
2018-05-23,527.8361206054688,535.2906661791184,517.0894301979492,519.9274621968402,3516538
2018-05-24,538.355712890625,541.7992285504586,526.6251810340218,530.484932134253,5914361
2018-05-25,531.8472900390625,543.9183975003211,526.7388315434898,541.0803650027808,3547180
2018-05-28,511.0350341796875,540.3235377872026,501.2721842465379,540.3235377872026,8983562
2018-05-29,513.0026245117188,519.5490365296121,509.5213238799146,511.6403784467486,2684315
2018-05-30,520.1167602539062,523.1439949443619,513.1162800322277,513.1162800322277,3744400
2018-05-31,539.1126098632812,543.237226140979,516.4840595095598,519.1707209114584,7789699
2018-06-01,530.6364135742188,546.0374514195341,528.4038187756271,538.8477691070109,4585884
2018-06-04,528.4794311523438,542.6317610771207,526.2847139482224,528.2523978128734,2864750
2018-06-05,530.7119750976562,540.9667213139209,527.760403390396,532.0363900087734,3710175
2018-06-06,523.5222778320312,534.6852031634696,517.8840452906486,533.5499904178996,2793493
2018-06-07,531.1660766601562,532.7175711830246,516.9002535848426,525.6035521444703,3166739
2018-06-08,535.0257568359375,545.885939898209,532.4147583773654,533.5499710817946,4572713
2018-06-11,540.5127563476562,546.3401922910857,533.9285117412342,536.577342061708,4023019
2018-06-12,536.6528930664062,543.8804512514193,534.5338384882339,541.1937441018865,2200939
2018-06-13,540.2099609375,541.1938028636258,534.6096051008208,541.1181404815894,2429450
2018-06-14,528.8578491210938,543.3129213334854,522.1979425701793,538.0909234310109,4483300
2018-06-15,535.2528686523438,538.8477094103481,526.133334494108,531.6580278943393,3273882
2018-06-18,537.7503051757812,540.474843666944,530.7876572876028,538.0908782611676,1693522
2018-06-19,526.549560546875,538.8476997619475,525.6035498380232,536.5394428707351,2008178
2018-06-20,522.6141357421875,530.1443900642843,520.9113165021523,529.6903234103794,2117024
2018-06-21,518.6409912109375,531.8473122220387,516.2949027252245,525.7550114449335,2599578
2018-06-22,523.0682983398438,524.3170048528171,514.2514594038291,519.1707154540497,1604665
2018-06-25,526.8523559570312,529.6903883718139,522.9547729639561,524.4305590580299,1850829
2018-06-26,520.5706787109375,529.6902575720306,516.2569074592418,525.9818776556749,1687463
2018-06-27,540.5504150390625,542.5559758327414,522.1978108182753,523.7114276612268,5570107
2018-06-28,502.7101135253906,546.2266081098242,498.92607051804856,541.9127898430679,8192199
2018-06-29,496.0502014160156,511.4512378035576,479.93018762688865,510.01332919231817,10890801
2018-07-02,497.3744812011719,506.6832151233821,484.3573677056976,497.94208749145196,4422723
2018-07-03,500.1368408203125,504.1857937034149,495.17975475961856,499.45574093711883,3506534
2018-07-04,495.3311767578125,503.5804081095413,493.4391554562166,503.5425307299683,2070241
2018-07-05,489.3902587890625,501.801891077187,488.14150622659565,501.0072513519478,2864186
2018-07-06,480.497802734375,492.72023401395586,479.0598479052801,491.69856087197314,5193752
2018-07-09,487.2711486816406,490.67678703251875,482.08702877985235,484.3574543471044,1990065
2018-07-10,492.49322509765625,500.2505136988871,488.3686087493468,491.16880997061685,3496172
2018-07-11,495.2555236816406,506.91034740315155,492.72018737474184,495.7095903257789,5529491
2018-07-12,490.1849670410156,502.5209386767726,488.14157446764807,498.96392881823397,3416881
2018-07-13,485.1520080566406,495.70949431127195,480.951730740173,489.6550272051801,3194276
2018-07-16,497.45037841796875,500.66681558142454,482.995349877802,487.3470001577717,2856991
2018-07-17,489.5037841796875,503.20204730125744,487.8009648612109,494.9528152371987,2658597
2018-07-18,489.1253356933594,495.6339166599664,484.3574512707977,491.9255364469039,2568607
2018-07-19,486.0224609375,495.6717699676521,484.3574728860685,489.1253575214051,1610766
2018-07-20,499.077392578125,500.81804295257064,487.0062873290203,487.46035396864033,2868824
2018-07-23,490.82818603515625,500.21263072639385,483.97907775411323,497.98003621924397,3696991
2018-07-24,485.49261474609375,495.63386632901614,483.6762560115066,494.687855778069,3855335
2018-07-25,477.81109619140625,489.0119005435245,474.6703681833167,487.3847435595267,2269581
2018-07-26,489.1885681152344,491.16218555253477,473.98005987301514,482.95810837653823,3542338
2018-07-27,499.28875732421875,502.8103637590905,482.68711436873247,489.84634732491753,3040306
2018-07-30,507.2994079589844,509.8535033475983,500.2175529256245,501.53331334989554,3393232
2018-07-31,526.880859375,530.09285853726,511.5949291911495,511.5949291911495,9680690
2018-08-01,527.1517333984375,532.1051676732853,520.5729785981133,529.7058759948295,2887901
2018-08-02,517.7866821289062,528.8931488662357,515.8517543182602,525.3715896987494,1958340
2018-08-03,512.9494018554688,522.3918597418906,506.75763238757924,520.1086353027159,2862463
2018-08-06,516.3161010742188,520.8438603455206,512.949345690475,512.949345690475,2226904
2018-08-07,509.853515625,522.2370545244307,504.6292101518026,518.5606914136622,2689721
2018-08-08,506.0997314453125,516.1613559492794,503.4682107561881,510.82093635524086,2074919
2018-08-09,500.1401672363281,509.66000294597103,498.3600430368746,506.95110391740474,2146227
2018-08-10,499.94671630859375,502.92648659372963,490.77512905742174,502.19120449080725,3135726
2018-08-13,510.7823181152344,516.7805950940539,500.7593813285419,502.3073237746889,5306724
2018-08-14,520.7277221679688,524.3653956149577,511.20788753310643,513.1428151922022,5529769
2018-08-16,517.5157470703125,526.8420885152725,514.110255649346,522.4304442052066,3624795
2018-08-17,532.2599487304688,534.040072858775,510.35657547994776,515.4647659767306,3955484
2018-08-20,532.4534912109375,539.8449066497932,524.9459611974513,530.1702667456751,3577624
2018-08-21,549.0551147460938,555.0146543975127,537.4455482987372,537.9099120608528,7918861
2018-08-23,562.4061889648438,571.1907431514046,548.7455784476232,549.5195496443052,11534012
2018-08-24,556.136962890625,570.4167401203613,551.5318250794837,564.6119564692043,3625878
2018-08-27,571.1519165039062,574.2864896477611,557.2591274210081,557.2591274210081,2968641
2018-08-28,569.72021484375,579.627084576445,568.2883869355409,573.4353146132386,3782709
2018-08-29,568.4430541992188,573.7060479568701,559.1554014835594,571.1906420130457,3627848
2018-08-30,566.469482421875,570.416716243657,557.4526999653921,568.443099332766,4304298
2018-08-31,592.7070922851562,594.9903166065282,565.966398723283,568.0948193680542,7276056
2018-09-03,577.111572265625,600.9885619146859,573.8995732900703,594.409807534422,3610990
2018-09-04,591.236572265625,593.5584856837551,578.4660484659098,581.4071293476512,4488658
2018-09-05,592.97802734375,603.1944089367917,586.0896650750179,592.0105633868748,6093648
2018-09-06,599.8662719726562,603.6974382401463,585.3156252168085,593.6358142694772,3982477
2018-09-07,597.6605834960938,599.8276934568212,591.4688137571846,599.8276934568212,2059329
2018-09-10,593.0554809570312,601.0660646425277,587.1733182472369,599.0537582521921,2820247
2018-09-11,578.3112182617188,598.898830728959,571.5389711028309,597.5056921898772,3817364
2018-09-12,572.5838012695312,581.9488797749735,563.9153156388425,580.4783158124701,3934021
2018-09-14,588.5663452148438,589.6111873267381,558.4588498757289,572.6612482125907,3591403
2018-09-17,594.0615844726562,598.0862441562148,584.3482553710024,587.8311257672534,2233000
2018-09-18,584.1160278320312,595.8416622398122,580.4783540322062,595.8416622398122,2206998
2018-09-19,595.919189453125,597.505821110514,581.4072281243398,585.8962520474859,2025718
2018-09-21,571.2294311523438,595.4547201134869,536.3620382575197,592.0879643102489,4434535
2018-09-24,581.6005249023438,591.3138516297877,570.842308967753,572.7385473901086,2811682
2018-09-25,587.2506103515625,598.0475173472671,576.6858852530822,581.6006304016714,2812964
2018-09-26,579.5881958007812,594.5258747002262,572.0032890384459,587.095724354708,3224771
2018-09-27,577.4212036132812,587.405450976979,570.5715773973523,579.5883135227679,3479414
2018-09-28,576.9954833984375,585.1221803477113,561.129075068903,571.1906998632419,2971384
2018-10-01,587.8698120117188,590.9270076814057,574.0544450697618,579.704425348229,2233369
2018-10-03,580.5945434570312,604.3167335734024,576.1442088356526,591.3140262144829,5236214
2018-10-04,557.1431884765625,574.9832636786056,551.8415042807279,574.712345395944,6561009
2018-10-05,553.0023803710938,560.277727993939,538.2969286887273,555.711279365214,4769105
2018-10-08,537.8325805664062,556.7948740776026,529.1254049745304,553.002396479583,2643927
2018-10-09,538.7612915039062,545.649653543713,534.581875692773,537.9099421459299,2729413
2018-10-10,541.238037109375,552.615422911322,534.8527748698534,535.6654351615384,3409416
2018-10-11,538.25830078125,543.3664919980573,524.4816223497337,526.3004358425252,3611423
2018-10-12,536.9811401367188,543.7533872668216,532.4921172012257,535.6266907106982,2727205
2018-10-15,537.5617065429688,549.0552076135357,527.4227023598071,536.7490462020894,4146878
2018-10-16,556.2531127929688,563.1414281528882,537.5616893531724,537.9099858422559,2889306
2018-10-17,557.646240234375,568.8688224458926,555.4017048962905,558.0332258278756,3320857
2018-10-19,534.6593017578125,550.7192043454187,532.8017991997857,549.5195584192954,2049802
2018-10-22,523.6302490234375,534.0401719683939,514.4200193288162,532.4922294409494,3293136
2018-10-23,517.2061767578125,529.3188431152591,515.464741819234,523.2044526573607,1656193
2018-10-24,516.5484008789062,522.4305631384616,499.985398203624,517.0127647059146,3180852
2018-10-25,504.1649169921875,515.5809935149415,502.34605611776846,511.40152965489557,2142283
2018-10-26,505.6353454589844,508.4216699570473,495.65114591608074,507.6863879128591,1397821
2018-10-29,514.1103515625,517.8254037442672,498.4374353123824,513.1428875964433,1942428
2018-10-30,530.2477416992188,535.9364593442724,509.1957592190259,509.2731374565934,3825436
2018-10-31,575.7571411132812,579.5495712974595,520.4568945603498,537.9099340518399,13010741
2018-11-01,557.801025390625,578.1564574846996,552.6927873824311,578.1564574846996,3999401
2018-11-02,534.7366333007812,563.3348266602814,532.1051127564621,558.4975074534044,4445407
2018-11-05,538.9547729492188,548.5133446680378,534.1174534273816,535.5880174577995,2782174
2018-11-06,537.5617065429688,545.2627297034924,535.278481974247,538.9548453043983,1752227
2018-11-07,539.6514282226562,541.0058778453018,536.3620505676598,541.0058778453018,111376
2018-11-09,547.3525390625,550.2936206956816,538.838854354128,544.8758213358086,2573761
2018-11-12,560.7808227539062,566.0438174588998,536.4394190989264,547.3524413478433,4696550
2018-11-13,563.4896850585938,572.2355495862869,555.7112844662528,557.2205376532921,4401141
2018-11-14,541.9732666015625,563.3735865634367,535.6653831962474,561.1290514618105,3367710
2018-11-15,553.3118896484375,558.7296866763696,539.728660736855,543.3276448011862,4485617
2018-11-16,563.4509887695312,566.779055216846,550.2934794163966,553.1571820764393,2874046
2018-11-19,566.9725341796875,568.6752800905908,560.5485833352983,564.9989172727204,2212804
2018-11-20,549.2872314453125,566.9337609033581,544.9142763732849,566.9337609033581,2667937
2018-11-21,534.543212890625,549.3647326031347,529.5897784564862,549.2873543811286,3108345
2018-11-22,534.6593017578125,549.5195584192954,530.5185746852231,543.8695780411849,4031353
2018-11-26,537.5228881835938,540.8122651091232,519.3345687130186,532.4920764151368,2993915
2018-11-27,537.2520751953125,548.2037382679632,530.2089096157063,538.4517209909066,2560757
2018-11-28,539.8449096679688,546.3462866156652,535.5880680863575,542.5538088562668,2767316
2018-11-29,532.105224609375,546.4236924715909,530.3637893288352,546.4236924715909,2351937
2018-11-30,546.3849487304688,549.4421442540953,531.679496720597,533.1113244678832,3292579
2018-12-03,551.6093139648438,555.440481063021,544.6435727825053,547.0428647384174,2410009
2018-12-04,560.0068359375,560.9356107982333,545.3013835674876,551.6092675588262,2896702
2018-12-05,562.5608520507812,572.6612122828031,550.3321186205584,550.3321186205584,4864922
2018-12-06,538.9935302734375,560.3551152174381,534.5044597909088,560.3551152174381,3467903
2018-12-07,537.3294067382812,544.8369354448829,530.2862890099058,540.2317982042784,2423892
2018-12-10,532.414794921875,545.6496832365117,526.3390928003221,531.718201962388,2334813
2018-12-11,538.14208984375,548.6681250195281,530.1701970584969,534.0400525114786,3495336
2018-12-12,545.9205932617188,550.4483533429994,534.4658283990817,541.7798660384924,2355119
2018-12-13,548.977783203125,551.8414861979055,539.5353247627875,546.423687595682,2593714
2018-12-14,551.2222900390625,554.7825386112953,545.7270662556307,548.8616873614221,1982037
2018-12-17,557.0657958984375,559.1942167928046,550.6805332153363,551.4545044496516,1435014
2018-12-18,548.7455444335938,554.5890171584451,545.0304923676879,553.3893713258385,1905592
2018-12-19,549.0938110351562,552.6540592298015,535.510627561971,548.7455145892906,2702676
2018-12-20,547.7781372070312,554.9373710737427,543.3278026412377,543.3278026412377,1817880
2018-12-21,538.4904174804688,552.22840513448,536.3619968580163,549.5195061604496,2063928
2018-12-24,540.1544189453125,545.5722163379859,534.5043924442548,541.0057682112406,1472565
2018-12-26,536.787841796875,540.1546456476038,530.944367318738,538.6067028857416,1881689
2018-12-27,548.668212890625,552.2284615817756,538.8000799051063,543.327792614445,3018106
2018-12-28,552.6153564453125,556.0208481259081,549.5194720954788,549.5194720954788,1863654
2018-12-31,559.697265625,562.2513610159489,553.4667599689986,557.2592375648733,1814655
2019-01-01,556.5626831054688,558.3815438086224,553.3894200123683,553.3894200123683,815535
2019-01-02,551.106201171875,564.7668121853998,548.9390911903223,556.601425211637,2576769
2019-01-03,535.007568359375,554.1633547129295,530.3637413645739,553.4280726575291,3558015
2019-01-04,527.1517333984375,539.4965827363478,520.4956003785954,537.4842766343817,3926171
2019-01-07,532.105224609375,534.6980093535077,528.2740575442965,530.1702965198864,1885000
2019-01-08,533.924072265625,535.8977368346963,530.3251341326738,532.4922442836108,1300906
2019-01-09,536.9037475585938,542.8633343215362,529.3962186358973,537.2907330985323,2183998
2019-01-10,537.5617065429688,539.4192563845113,533.3822902586802,537.9100030431898,1454656
2019-01-11,541.16064453125,542.7472759613933,531.7181869311617,537.1359850512754,1849817
2019-01-14,526.184326171875,544.1791574182132,523.9011488160544,544.1017791903552,1558602
2019-01-15,546.6171264648438,550.1386857609042,527.8870151260521,528.5836080590972,2491520
2019-01-16,541.702392578125,545.6496262981198,539.4578574890631,545.6496262981198,1922647
2019-01-17,546.0753784179688,548.8229667688503,538.6839628015566,541.3928620397828,1434040
2019-01-18,548.8616943359375,552.770239440642,543.598652394346,545.6496949662416,1888004
2019-01-21,552.5380249023438,558.3428085485816,548.7455473576882,549.790389518231,2586962
2019-01-22,552.770263671875,557.2592873722605,543.1730014935707,552.6154599774917,2839669
2019-01-23,557.801025390625,561.8256848772306,550.2934956782079,552.6154091620823,1965283
2019-01-24,563.2574462890625,564.998881196861,554.5502717500698,560.355054776065,1849102
2019-01-25,564.263671875,569.0236134648835,560.3551269155374,566.5468962737201,2528541
2019-01-28,568.9849243164062,571.1907232543315,558.1493279403078,566.7016999178381,1804582
2019-01-29,566.159912109375,574.5962167768469,558.342822170836,569.02361489261,3100457
2019-01-30,553.079833984375,567.630531213593,550.874034827109,566.5469525724534,2139900
2019-01-31,566.469482421875,570.1845343552195,555.7112649429386,555.7112649429386,3253640
2019-02-01,577.8468627929688,580.9427475060078,563.4510177731175,567.2821845533938,2260029
2019-02-04,579.8204345703125,582.2197259442953,570.107060041501,579.7043200163206,1518373
2019-02-05,581.2523193359375,588.2180595143975,572.8934405696754,582.0262904668775,2446263
2019-02-06,627.9615478515625,630.3995761579001,599.0537408793306,606.7934532937921,14860848
2019-02-07,623.0467529296875,631.7152389400771,617.7063332945108,626.1426374162946,4966655
2019-02-08,623.4725341796875,633.1084857393823,619.1770031681001,619.1770031681001,5242725
2019-02-11,626.4523315429688,629.9352020728827,622.27286801129,626.1427241556389,2541742
2019-02-12,623.1629028320312,630.7091216960671,616.4293442439244,626.8392658683564,2416559
2019-02-14,623.7433471679688,628.2710593435287,619.4865059897866,623.6659217119691,2464657
2019-02-15,618.906005859375,622.8919286604108,601.5690344118742,622.8919286604108,4312334
2019-02-18,621.84716796875,636.2043242319328,619.5639434886401,630.7865258503957,3851335
2019-02-19,612.211181640625,626.1426623859236,610.5471247669342,624.5947200808904,2372030
2019-02-20,628.7741088867188,631.7538785759546,607.7607756836366,614.5717115729218,3340240
2019-02-21,635.1594848632812,650.1358087037104,626.2200797020427,630.0125574819289,14193982
2019-02-22,639.3001708984375,642.2025627154704,633.1857799081082,638.448821527888,4789937
2019-02-25,642.8992309570312,644.640666251244,636.5913464399895,642.5509344502976,2881535
2019-02-26,644.9502563476562,648.8975382081404,635.1208116716314,638.5263041897599,3319590
2019-02-27,638.9905395507812,648.5491112529955,635.1206839400342,647.3494654615537,3703224
2019-02-28,642.51220703125,648.8974693960246,638.526236477458,644.7180060433001,6409662
2019-03-01,643.7891845703125,647.4268583748814,641.6994530451815,643.1700171064273,3820707
2019-03-05,626.9166259765625,638.2940112292123,625.4073727994697,636.5912652663243,4927644
2019-03-06,637.40380859375,642.1637491469317,628.4644529777308,628.4644529777308,3999053
2019-03-07,625.5621948242188,638.8745083252813,624.0142524924545,637.4039442143248,2306250
2019-03-08,627.9615478515625,629.625604916454,621.1892994889085,627.0715092675728,1437045
2019-03-11,624.7109375,630.3222292795708,621.4989377924625,628.4646793119297,2699806
2019-03-12,622.8145751953125,629.8190044450917,620.0669871430116,627.6905838463525,2793702
2019-03-13,611.3986206054688,631.5605629528236,609.8893671652266,626.0653857738946,4815576
2019-03-14,610.2374877929688,615.3069887555819,599.8275676548125,613.0624538001925,3112666
2019-03-15,618.6351928710938,624.9817663863132,609.115356217992,614.5331548120529,3854238
2019-03-18,610.3536376953125,623.5885728709734,605.4389397265817,623.0080945011492,3379301
2019-03-19,615.0361328125,617.2032423716792,606.2128436736581,614.146047181676,2413153
2019-03-20,611.3211059570312,623.9755628521274,609.3474889335981,616.855018684169,3331375
2019-03-22,610.4697265625,617.6289594889065,606.1741962545458,614.9200605437796,2815749
2019-03-25,611.1276245117188,615.6553842560154,608.6509545285792,612.9851742385254,1861646
2019-03-26,596.5382080078125,612.9077151933932,594.5259021020075,611.5919549136996,3169827
2019-03-27,592.0492553710938,598.279713835723,589.4564236104118,596.7317714972088,3893738
2019-03-28,597.2736206054688,605.2455149996445,594.4486066588568,595.9578600380131,3908706
2019-04-01,607.954345703125,615.1522680375889,602.9235331670711,605.9033032349536,3433947
2019-04-02,613.3334350585938,614.5330808693279,607.6060297668027,612.1724783566996,2596840
2019-04-03,601.9172973632812,614.0299159990103,600.7950298885474,613.3333703949799,1467406
2019-04-04,599.440673828125,605.0519648355543,593.8293828206959,602.0721947135966,1751584
2019-04-05,601.5691528320312,609.1927507331552,599.4407318988848,602.9236025167608,1367411
2019-04-08,609.2314453125,611.4372443234554,598.5893413764904,603.4653504592806,1368825
2019-04-09,611.0502319335938,617.39680490505,609.3474859306004,611.7080885250124,2128462
2019-04-10,611.6306762695312,618.3642344469937,608.341299016579,608.3799881246065,2497013
2019-04-11,604.4327392578125,615.8875020759925,602.6138788313563,611.746775591807,1854222
2019-04-12,607.8382568359375,608.6122280280579,599.4793774089283,602.9235586617543,3162714
2019-04-15,617.0098876953125,618.7126338869874,607.5674290318938,607.8383000726225,3317405
2019-04-16,617.706298828125,622.8145362896695,615.4231219382061,618.4028916945229,1868910
2019-04-18,619.4478149414062,626.1426845433676,617.7063797866193,622.2728286438413,6307643
2019-04-22,623.317626953125,627.535779034499,618.2481255295795,619.7186895636379,1833972
2019-04-23,623.0079956054688,625.3299087161871,619.2155186288516,624.2076412647846,1214892
2019-04-24,633.6889038085938,634.656367783874,623.8207712607347,624.594742440959,2710117
2019-04-25,631.9474487304688,640.074145866623,629.586846153095,634.6563477758535,5447101
2019-04-26,637.1717529296875,639.9580301900529,631.9474476369145,631.9474476369145,1996703
2019-04-30,647.1171875,648.5877514168902,637.055563671337,639.2614095466723,2783771
2019-05-02,647.81396484375,655.1666920432908,641.6995728030854,646.1886440427927,3241791
2019-05-03,632.64404296875,645.8402417548263,629.2385509803332,642.3960606564287,2329144
2019-05-06,634.7723999023438,638.9131262828992,626.9165745477267,626.9165745477267,1247845
2019-05-07,630.515625,637.984418357558,626.684458306402,636.2042941357253,1810222
2019-05-08,620.9570922851562,630.0899431145308,618.8673605704336,629.2385936793808,1270071
2019-05-09,626.645751953125,630.5929858685506,618.5577440979613,619.9508827010851,2024710
2019-05-10,625.67822265625,629.5480779491772,619.4864541875664,627.2261647734209,1429055
2019-05-13,632.566650390625,639.0680273466576,626.2975025854494,628.1550051161352,3719275
2019-05-14,611.4758911132812,633.7275614393792,608.8056812262596,633.7275614393792,2701861
2019-05-15,611.6693725585938,617.9385670344312,607.99300970331,612.2111617956832,1662095
2019-05-16,610.9341430664062,615.1136064096388,604.7423735146264,610.3924010221878,1233818
2019-05-17,607.4512329101562,613.7591166236955,601.0272818687944,613.7591166236955,1608854
2019-05-20,603.1942749023438,611.4370848790849,590.5398680541035,611.4370848790849,3754370
2019-05-21,598.318359375,607.4125199515073,594.487192918284,603.6974680575046,1669926
2019-05-22,580.4396362304688,593.9067050346329,575.9893024028805,586.670094141203,5888740
2019-05-23,575.292724609375,589.2628938911149,573.1643040272985,588.2180517738748,3764857
2019-05-24,569.526611328125,580.4009430038243,566.5855306151789,580.4009430038243,3591853
2019-05-27,561.941650390625,571.1906135401459,556.8721496505893,570.4166425190888,3672605
2019-05-28,570.53271484375,577.9628172002306,562.6768906656413,562.6768906656413,5583587
2019-05-29,571.8485107421875,579.1238577540879,567.8238989375913,570.3779940411067,2058402
2019-05-30,568.8688354492188,577.3825187008397,567.2822039274891,573.8996482797221,3367426
2019-05-31,588.4889526367188,591.1591625867292,571.3068306755056,572.7386584257898,5503111
2019-06-03,586.3605346679688,591.2365907903791,579.7044015565576,591.2365907903791,2826290
2019-06-04,579.16259765625,590.3078010265716,578.0016409401519,585.3543668087732,2332547
2019-06-06,571.1907348632812,579.9365998109939,568.0174718987106,579.1626286255423,3225967
2019-06-07,581.058837890625,582.5680910732958,564.5345728184199,571.2680839974206,1569343
2019-06-10,594.5646362304688,595.45467469336,583.6129257583111,584.6965042446866,2539412
2019-06-11,589.8433837890625,596.5382530105526,587.6375849474693,595.9577746586124,2069998
2019-06-12,578.8917236328125,591.5461328765119,575.2927389358964,589.7660087023344,3056823
2019-06-13,575.9119262695312,582.5681066470975,571.5777066316123,575.8345480486386,2385606
2019-06-14,572.9321899414062,577.885624596222,569.1010229923876,575.8345819877153,1348083
2019-06-17,570.0684814453125,575.1767197406446,568.1335534333201,572.7386915497527,1333739
2019-06-18,573.938232421875,576.1440782954843,569.6813915746176,571.1132663850892,1645116
2019-06-19,569.3331909179688,576.0667497478327,564.6506746462112,574.2866254510636,1945921
2019-06-20,561.5548095703125,565.7729621698114,555.5952217247369,558.8072211855045,4139025
2019-06-21,573.0869750976562,575.8345633647455,562.2900675866769,564.2249955549723,7280809
2019-06-24,563.64453125,571.190750514933,562.6770672416752,571.190750514933,1242655
2019-06-25,560.6260375976562,563.5671660424608,557.2592816667018,562.6770802384614,1451025
2019-06-26,555.7884521484375,565.6565805509075,554.4727394863205,558.2651683326301,2781711
2019-06-27,543.2891235351562,556.4853237819555,535.317229179217,553.7764244311393,8567309
2019-06-28,546.887939453125,553.3893153403137,544.9530117771099,547.1201685658029,3421172
2019-07-01,545.3788452148438,550.4483473150829,543.5986735972189,549.2873904719996,2073961
2019-07-02,550.7965087890625,551.8413507959142,541.9732200488625,543.3663584711458,2432132
2019-07-03,542.631103515625,552.1896746659974,540.6187976099917,551.8413782332485,2040614
2019-07-04,542.2442016601562,547.0041434169408,539.4579242470573,542.8634164092475,2838357
2019-07-05,527.1517333984375,544.1017205444648,524.9846236179854,542.1667926620165,2813644
2019-07-08,526.5713500976562,530.7508139740594,515.0778952967357,526.3004790409922,2293102
2019-07-09,523.127197265625,529.3963456206126,517.4771692357107,527.0744318240309,2180104
2019-07-10,522.314453125,530.0154761264312,517.0127692226155,519.3733719695285,2468773
2019-07-11,515.2325439453125,523.7462256029235,509.5825646567868,523.7462256029235,3449721
2019-07-12,515.3099975585938,520.8052212308107,513.142887721987,514.6908300680562,1792810
2019-07-15,524.675048828125,526.8421585479747,515.3486589039729,522.4305136514724,1883164
2019-07-16,523.1658325195312,527.5387413758817,518.9476801087878,526.3004063743114,2015642
2019-07-17,534.6593017578125,538.2969758881972,520.9213127973301,523.1658481993312,3271680
2019-07-18,531.873046875,537.3295346824364,526.3778227139045,531.9891142176101,2984256
2019-07-19,522.4692993164062,535.2011362277045,514.2265335880272,531.8730691957998,2005513
2019-07-22,520.0700073242188,525.5264953613009,518.5607538911217,519.3347251655861,1286218
2019-07-23,519.4895629882812,522.8563193575457,515.271409817512,521.0761947572512,1462269
2019-07-24,511.1693115234375,526.1456360225555,504.2035704095304,518.8315984050621,3060459
2019-07-25,515.953125,520.0254180118956,507.2550646551724,512.2366713819833,2751865
2019-07-26,508.8365783691406,514.7670746205292,506.89927327451994,513.7391315894556,1637706
2019-07-29,511.0506286621094,517.6532768829981,506.8597542312625,506.8597542312625,2524484
2019-07-30,506.2667541503906,514.2136103771728,500.65256969987973,510.02273553612173,2882913
2019-07-31,503.1037902832031,505.9108823289425,480.0934829913621,497.37097695581105,9651731
2019-08-01,494.7220153808594,500.88972181465596,489.46362274587466,499.78267654544806,3982949
2019-08-02,503.02484130859375,505.3574651601251,488.98932988744514,494.2081486319932,2172845
2019-08-05,512.4344482421875,514.806646951676,494.44527469523257,499.07109113623903,3140140
2019-08-06,530.265380859375,537.5796590453584,514.0553589336821,514.0553589336821,7226321
2019-08-07,533.3097534179688,536.5122116463348,530.0281929510934,531.2142921662289,3239880
2019-08-08,537.8565673828125,540.7822889782756,525.8374167754433,532.9540133934569,2708834
2019-08-09,524.5326538085938,538.2914256758584,521.6860346524386,536.9076430905734,3743407
2019-08-13,505.39691162109375,523.8605040435133,502.90608388177276,522.7534587677035,2716622
2019-08-14,521.1719360351562,523.8604466892015,505.1991731008189,505.31775405577866,2627043
2019-08-16,521.093017578125,522.6744834888325,510.932118406833,519.4324976768859,3067796
2019-08-19,530.06787109375,533.2703784978467,523.0699030339031,523.4652695516913,2871173
2019-08-20,528.921142578125,537.6982565790494,525.5605284745059,532.9538601974696,3913608
2019-08-21,532.0050048828125,533.744626651807,529.2374401520253,529.7909627506825,2106655
2019-08-22,539.8728637695312,540.8612798511306,528.2886079881861,531.8864811352106,3353812
2019-08-23,540.7424926757812,549.0847605778653,537.2237710630424,541.0588050345058,7015461
2019-08-26,546.5150146484375,547.9778510786394,529.9491522108036,545.4474963706533,1767289
2019-08-27,534.8121337890625,545.4870270643931,532.3213543156534,545.4870270643931,3160545
2019-08-28,545.7638549804688,548.3337368948644,534.5354381943004,534.5354381943004,2749273
2019-08-29,546.5150146484375,548.7685839084788,538.4890571205677,540.9798848395624,2789979
2019-08-30,548.4918823242188,554.066539483922,534.4167984295005,547.9778866464603,3067856
2019-09-03,557.0712890625,566.8763956412769,551.9315255722144,551.9315255722144,5044667
2019-09-04,556.082763671875,561.2225261516008,547.3451771088397,557.466545877955,2027768
2019-09-05,549.9152221679688,561.4203765705395,546.4359779940778,561.4203765705395,2019839
2019-09-06,570.71142578125,580.7537424755543,566.4414491513877,566.4414491513877,10663234
2019-09-09,563.7134399414062,571.6998220228945,561.42029548583,571.6998220228945,1754023
2019-09-11,556.438720703125,571.8975383932983,554.5014155524376,567.7461908971839,2702792
2019-09-12,557.9015502929688,560.7877444881988,548.7685955668,554.382779472929,3282740
2019-09-13,561.0249633789062,562.4482728723985,554.3037340783837,557.664348728645,1073430
2019-09-16,568.8927612304688,571.897536421941,561.4993800910862,561.4993800910862,2500556
2019-09-17,558.2178344726562,569.2485667772439,552.8408610402678,569.2485667772439,2948429
2019-09-18,566.7577514648438,567.8252214719848,555.015388336286,561.4203049041354,1666369
2019-09-19,556.1619262695312,565.9275058459928,553.5129905483367,565.9275058459928,1570183
2019-09-20,554.18505859375,566.3228359221505,550.3895508403657,554.5408980030516,3394351
2019-09-23,539.912353515625,557.4271045783494,533.823701220485,555.8851659449209,2256769
2019-09-24,556.5573120117188,558.1783530074568,540.6240736167572,542.482276558817,3128057
2019-09-25,558.1783447265625,561.380803154466,551.9315358326244,556.715459979246,3512690
2019-09-26,564.3460693359375,566.1647453178374,554.9363287051223,557.82252303863,3300104
2019-09-27,556.9130859375,568.2601302602079,555.1339371868575,561.4202724249607,2434719
2019-09-30,564.9786376953125,566.639157423425,550.5082357735317,557.0713089661969,2136186
2019-10-01,557.427001953125,565.3738555854288,553.5128656081122,565.3738555854288,1709480
2019-10-03,555.48974609375,567.5484202972086,547.6219457314533,557.6642611140459,2111319
2019-10-04,559.9574584960938,564.4250699134146,555.5293258042573,557.4666308405294,2273166
2019-10-07,557.3085327148438,566.7973274203036,554.0665471621472,559.9575168609547,2578403
2019-10-09,562.2506713867188,564.5042893196302,554.9759183750143,555.7271243526515,1115851
2019-10-10,562.4483032226562,568.4183269768855,556.2805962430385,559.8784212926066,1507268
2019-10-11,570.4742431640625,572.4115483631756,551.5361811273327,554.540956404271,3785425
2019-10-14,569.9208374023438,576.1676477104415,567.3114280282387,570.1185206619352,1871571
2019-10-15,569.7230224609375,576.4442517335509,568.5369231775352,572.490587455543,1482881
2019-10-16,575.4163208007812,577.0373135364265,567.508992078117,569.4067220140537,2114943
2019-10-17,572.7673950195312,578.0257884603232,566.125267173936,573.2813907438225,2177984
2019-10-18,580.5559692382812,583.3630607251579,571.4625430121351,572.84632526394,2907649
2019-10-22,567.4693603515625,578.8163556693166,564.8203767608791,575.1790044332234,2825230
2019-10-23,574.54638671875,580.7141406700422,566.441376174099,567.4693673409784,2143330
2019-10-24,574.348876953125,589.0960662384612,572.8069862622409,577.2350716162103,2888332
2019-10-25,570.078857421875,577.946658925829,554.4618836463771,577.946658925829,2785014
2019-10-27,574.6651000976562,583.0864242750897,568.1415540697159,571.6998519031379,194159
2019-10-29,596.8056640625,603.3292105726234,573.360413966569,575.6535587114939,3292048
2019-10-30,596.5288696289062,604.7524621498894,589.5308550863485,602.5384198658747,2232609
2019-10-31,584.3515625,600.4429563166162,582.4537843993294,596.9637608153894,4178139
2019-11-01,601.312744140625,604.1198358194855,585.1422493539519,585.8539281514087,4136257
2019-11-04,608.4688720703125,614.8737882607901,595.7776206484413,601.3127500889768,4936914
2019-11-05,611.4342041015625,613.2528800868675,604.7525015623389,610.4457879940592,3303839
2019-11-06,610.36669921875,619.9345472890001,606.9665093927496,619.9345472890001,9486591
2019-11-07,608.627197265625,612.8180724959985,604.9502695256442,612.8180724959985,2060900
2019-11-08,609.9318237304688,615.0715877542331,609.1015638099008,610.4458194378483,2368591
2019-11-11,609.1806030273438,612.4225883864932,607.3223518842924,608.8247635946316,1345883
2019-11-13,598.6244506835938,611.8692293780388,589.886860063045,607.2829873035101,2434874
2019-11-14,599.6522827148438,603.724576504454,591.7054266255379,597.7940796822099,2564424
2019-11-15,594.5916137695312,603.5268858864595,592.4961522796626,599.6522753717045,1787358
2019-11-18,594.4728393554688,599.6126019499776,591.0726983685232,594.6309955493371,2216434
2019-11-19,603.44775390625,605.7013230748313,594.6310639063619,596.2125295018575,2725437
2019-11-20,609.9713134765625,611.2364666769737,597.7544818186817,604.831550173328,2343750
2019-11-21,605.029296875,616.7716611182096,603.171045605153,612.8179966238622,2102137
2019-11-22,596.3706665039062,604.9105707919996,587.3562935949477,604.9105707919996,1819912
2019-11-25,603.7640991210938,605.4641941694834,593.72178158905,596.3707657746221,1837243
2019-11-26,603.8035888671875,607.1642035014618,598.0312486772877,605.701367024485,2968850
2019-11-27,606.9270629882812,608.5085288801209,598.8615772873969,603.2106084899561,1369944
2019-11-28,605.899169921875,610.524938733076,602.5385546237765,605.0293829144312,1096867
2019-11-29,602.103515625,610.722474408126,599.6917901757652,605.7013403045962,1236902
2019-12-02,591.823974609375,600.8778748340658,579.05362056718,599.4545171821493,4333335
2019-12-03,590.08447265625,598.3476417583437,587.7518007667819,591.5077823347782,1838085
2019-12-04,600.0081176757812,602.143106168275,587.9494408943417,590.5984250792437,1870954
2019-12-05,604.8316040039062,606.2944405384818,594.710184449797,597.0033291249479,2475102
2019-12-06,598.9801635742188,609.931794784732,597.4382247877643,603.4873506951991,1092422
2019-12-09,593.3263549804688,600.5220526339085,590.2820529141105,600.5220526339085,1435556
2019-12-10,589.0565795898438,593.0102447347349,583.0074526131546,593.0102447347349,1582428
2019-12-11,599.3359985351562,600.9569912933808,585.9330665110463,585.9330665110463,1644499
2019-12-12,598.1498413085938,605.7013299604307,595.0264370694831,601.7476659267464,1184008
2019-12-13,602.4197998046875,604.0803677398493,591.6658523972233,600.1267035073253,2019424
2019-12-16,611.4737548828125,619.9346067447124,600.166283825557,603.0920052700935,5810893
2019-12-17,614.6762084960938,618.3531358338681,610.9202271722946,613.2528989101028,2421510
2019-12-18,622.0299682617188,627.8418349604461,616.8506298796905,616.8506298796905,5676894
2019-12-19,618.9462280273438,624.6790420205706,615.2693004370288,624.6790420205706,2099931
2019-12-20,619.4205932617188,622.8603103084099,615.1901915834671,619.9741159400662,2092547
2019-12-23,613.5691528320312,622.6230534432348,612.7784199972101,615.6645658868063,1887292
2019-12-24,610.4852294921875,615.1505721712607,606.9664589897509,613.6086336069909,1413973
2019-12-26,609.1806030273438,616.0204131783549,607.3223518842924,609.6550234292915,1276520
2019-12-27,616.9298095703125,617.8786986894905,608.1526455460472,609.6550573399546,1363474
2019-12-30,618.9066162109375,620.6066628942948,616.0599489710662,618.9066162109375,1055528
2019-12-31,602.7756958007812,617.522884076929,600.9570197356617,616.8112051432918,3004887
2020-01-01,602.6174926757812,606.3339467664262,601.233710172217,605.7013701315832,746371
2020-01-02,605.7407836914062,608.1920840533362,601.7475931528122,602.6173798300326,1133488
2020-01-03,612.89697265625,616.6925286980832,603.764018488401,605.7013234967326,2121704
2020-01-06,609.1806030273438,615.8227299671263,607.4014541262856,612.6993255772123,1734439
2020-01-07,614.4783935546875,615.5854386967773,601.4313033318272,608.8642104001522,1937143
2020-01-08,608.7061767578125,620.6462725051261,606.5711882753452,608.9433869753075,2596664
2020-01-09,611.7504272460938,613.9644693511525,602.6965273707214,609.2595997138412,1678891
2020-01-10,613.806396484375,618.2740565496174,610.8016212007849,615.9809118986514,1105725
2020-01-13,621.3974609375,623.6510787716243,612.857554847024,616.6926385594775,1393509
2020-01-14,629.6210327148438,630.8466589815996,619.6973450856221,621.3973917580568,1628535
2020-01-15,628.7513427734375,635.4725730438038,623.492949198088,629.5420757464218,1759644
2020-01-16,619.025146484375,629.1860918120522,617.6413640993313,627.0511036226278,1110008
2020-01-17,615.5460205078125,622.1090937637823,613.2133488577225,619.5392119020316,989312
2020-01-20,615.3482666015625,621.0810793269296,612.4620726141366,615.5854767859744,1620105
2020-01-21,615.90185546875,619.4601534052462,612.8179779521182,614.5971269203662,976954
2020-01-22,615.7833862304688,625.0349729216836,613.7670265283813,616.7718025807585,1192201
2020-01-23,608.0340576171875,617.1274857355228,606.4130648659852,614.597130867485,2018777
2020-01-24,622.5440063476562,623.6905787122117,603.566416630898,604.9897262071536,2364265
2020-01-27,625.864990234375,629.6209709085547,616.4948261732627,621.5159599800616,1175606
2020-01-28,628.0396118164062,629.2257111777215,620.4090199536091,626.6558292282052,1506685
2020-01-29,635.8677978515625,638.279523229302,627.4860012479847,630.1349850747639,2565136
2020-01-30,625.7463989257812,638.8725927188553,619.9345319933442,637.0143416310174,2493688
2020-01-31,629.8977661132812,634.5631092118649,619.1438187076513,630.0954493248737,3081521
2020-02-03,627.1697998046875,647.3730151307744,625.0743383786188,638.9121637064187,3383074
2020-02-04,641.363525390625,642.8659374152969,628.0792204692322,628.0792204692322,1779834
2020-02-05,643.6961059570312,645.2380447606148,638.1214486786962,640.4936473726691,1613898
2020-02-06,646.582275390625,653.1058215473322,640.5331496494039,642.6286110532267,1553656
2020-02-07,651.9196166992188,652.7103494386774,643.8541331042408,646.5821707078726,1397438
2020-02-10,643.3797607421875,654.0150782709821,641.6796659205772,653.9360242961397,1098971
2020-02-11,648.3613891601562,649.8637525693417,641.3238477164665,642.8657863768818,1143705
2020-02-12,649.5869750976562,653.501111989028,645.8705214001669,648.4008759343617,1394424
2020-02-13,654.7266845703125,656.3081499919799,643.9331637624346,650.6148648214784,1737974
2020-02-14,659.5897827148438,662.6340846819506,652.3940852960005,653.9360239045026,2143044
2020-02-17,658.8781127929688,661.8433608253404,654.2918721554008,661.0131010287764,793328
2020-02-18,663.2667236328125,664.2156127320735,652.6313568478754,652.6313568478754,1507814
2020-02-19,664.9273071289062,668.0506634373278,661.0922236513102,663.4248953314966,881874
2020-02-20,655.9920043945312,668.8809894682571,653.8965911355409,664.3342752249201,1066232
2020-02-24,648.4801025390625,667.2995862166107,645.040433354832,655.4781184229441,2917544
2020-02-25,650.0615234375,653.7779778666586,639.7424683377942,649.9824694493828,2479975
2020-02-26,641.64013671875,652.7499228457569,639.0702551327431,648.4008924694375,2212784
2020-02-27,639.821533203125,648.1637554873788,632.7444642298699,638.121438195372,1907768
2020-02-28,588.6216430664062,638.9122407297325,578.8560619145779,624.5208910013874,5959364
2020-03-02,596.7567749023438,604.6916439341773,588.621579803721,594.7129598243486,3784522
2020-03-03,602.9683837890625,607.2564377395844,594.7930747701889,601.1249437455109,2168900
2020-03-04,618.1968383789062,621.0421531262547,599.5219012392123,604.3309004470135,2685540
2020-03-05,606.0140380859375,628.375904246242,603.0084135439434,617.1148407461714,2126955
2020-03-06,593.4305419921875,600.9245464446693,586.2170429351658,597.9990522592309,2004893
2020-03-09,564.8970947265625,585.094901096286,558.28472084431,573.0724031285541,3429034
2020-03-11,567.9027099609375,572.1907635179961,533.7989010656753,545.8213988374248,4626185
2020-03-12,520.8546752929688,553.0349149095597,510.6355518652921,541.8139166360324,3796919
2020-03-13,525.7439575195312,537.0050232225761,421.5088877958612,483.50489590898366,4553639
2020-03-16,483.62506103515625,508.7921286374016,473.6864426701474,508.7921286374016,6499354
2020-03-17,477.2530822753906,495.28682840194665,467.51483979918345,480.8998967081607,3333465
2020-03-18,464.5894470214844,489.9168248615929,457.37594775971854,480.8999507843857,3548257
2020-03-19,424.794921875,462.9864094189878,419.18442290683964,440.5444135463463,4931298
2020-03-20,461.9444274902344,477.2531042590739,420.8675594209575,420.8675594209575,6315992
2020-03-23,390.49078369140625,434.41297097259746,377.8270698616902,432.80997107970967,2912669
2020-03-24,403.55517578125,427.9608560766814,390.3304282134434,390.3304282134434,4082147
2020-03-25,422.1499938964844,435.09418752440075,406.4005017867299,407.963436326729,3664272
2020-03-26,412.93280029296875,452.7673591613353,411.16949054956166,432.28899549627374,5979874
2020-03-27,404.0361022949219,431.848133998474,399.14694803941967,420.78744522227976,4672139
2020-03-30,422.2301330566406,426.6784476705143,389.2484174135097,395.94094639947605,4138337
2020-03-31,453.2481994628906,461.06282359156114,423.07170825969393,430.40545200985366,3652911
2020-04-01,409.7267761230469,449.0804033220992,408.7649664181283,448.83996312578796,4114437
2020-04-03,417.50128173828125,427.3196546727938,408.8450688833822,411.77053837598453,5826085
2020-04-07,440.7047119140625,446.95645043246714,429.40358259788104,430.00470753852204,3531972
2020-04-08,447.9582824707031,456.6946014202816,430.4054163156609,432.76985063987604,4113059
2020-04-09,437.0178527832031,467.0340360411977,430.84629331301284,456.8549767747378,5917001
2020-04-13,422.27020263671875,441.62644478452626,418.18257271565625,441.62644478452626,3822640
2020-04-15,431.7279052734375,439.7027894882472,423.1919124710688,423.1919124710688,6316254
2020-04-16,414.8964538574219,424.79495831829024,407.4424899129161,422.39045855422444,7001494
2020-04-17,408.644775390625,426.3979953031003,400.7499955856206,424.07362576083284,10839705
2020-04-20,420.667236328125,426.3178502072526,410.3679813637221,415.13691593108325,4549088
2020-04-21,411.1293640136719,416.77992825706946,405.4787753104397,409.566429498774,2950307
2020-04-22,415.4173583984375,418.30278718195075,406.40048517433627,410.3679191768744,2268496
2020-04-23,419.7455139160156,423.0717092007372,408.20389560936115,415.97845454372754,6094748
2020-04-24,403.5151062011719,426.8787972993908,402.43307651992455,418.38291852179634,4817852
2020-04-27,410.1275329589844,415.9784727923601,405.9597234476501,410.1275329589844,4032316
2020-04-28,417.1005859375,423.5927158461755,413.21328189912253,415.1769665247283,4972775
2020-04-29,423.7530212402344,430.32533042636624,418.46309236958876,421.54889644071704,6361689
2020-04-30,437.8193359375,443.1493300298259,426.6784673636238,433.61146131292907,8931956
2020-05-04,402.7136535644531,416.57959270559144,399.1469690570169,412.7724680007303,14814506
2020-05-05,400.7098693847656,411.9709327629312,399.3072446136856,405.55893380942257,5717678
2020-05-06,406.240234375,408.04360917294184,392.73495599622385,403.75557976142403,3781531
2020-05-07,413.8544616699219,421.4687108647684,405.83948697728806,407.1619569454784,6799899
2020-05-08,429.7642517089844,431.68782209724156,416.1387535502267,422.31031250018646,6016020
2020-05-11,424.95526123046875,435.8556404171696,422.55076150519596,434.01220041172826,4272574
2020-05-12,427.3998107910156,432.409185038449,420.78743678440355,420.78743678440355,5691969
2020-05-13,436.6170654296875,440.6245648829201,425.917061457425,434.4129407304096,3296409
2020-05-14,413.3335266113281,428.80246558591324,411.9309017238976,426.7185853210288,6148398
2020-05-15,409.20574951171875,416.77993307950135,406.6810298090695,416.77993307950135,3628530
2020-05-18,403.9960021972656,412.772435612177,401.9521873000132,409.96718604976417,3283979
2020-05-19,410.84881591796875,416.5394943761879,403.3948768723704,408.76493581306426,3041594
2020-05-20,416.1387939453125,420.62717420660954,409.326044204612,412.7724842895018,2772920
2020-05-21,416.8200378417969,417.982222549407,408.8050383681745,416.7399074149305,2540109
2020-05-22,424.5144348144531,425.5964400942821,412.8525723202008,414.45557209456723,4254552
2020-05-26,417.1406555175781,433.41109459211754,415.858226255746,427.1994700279217,2719781
2020-05-27,419.7856140136719,421.58898896647526,410.4080544751591,418.10248362559264,2265885
2020-05-28,424.5545349121094,426.27773045935214,414.49572028532396,423.19197520799713,3387672
2020-05-29,425.1556091308594,429.3234181731663,420.34660998658273,424.7147939932345,4081245
2020-06-01,435.6552734375,444.6721475727979,430.4455239371057,431.60770860958985,4913055
2020-06-02,438.8211669921875,439.5024222954495,431.2069184325057,435.6952980156086,3878973
2020-06-03,443.4298095703125,453.2481831215756,440.8249349546713,444.03093448161434,4942023
2020-06-04,466.55316162109375,468.87753134434837,445.35352433964533,446.43552984410604,10915145
2020-06-05,464.7496643066406,475.7302219375705,460.86240963670264,471.28190759370636,6207096
2020-06-08,472.8849792480469,480.459163699599,464.95011002838737,469.51866961183754,4791151
2020-06-09,469.8392028808594,485.18789503674645,468.8773933157655,476.0908916744696,5665593
2020-06-10,473.2857666015625,478.41538634936654,466.8737663766472,474.08726662967695,3438670
2020-06-11,458.33770751953125,473.6864504829126,452.6470776822756,473.6864504829126,3378322
2020-06-12,444.59197998046875,450.36278872855445,440.8249208727136,440.8249208727136,3603893
2020-06-15,439.8630676269531,449.240624797379,435.5349981849856,446.4353755791973,3944724
2020-06-16,427.4399108886719,446.3954041559737,425.7167153587099,446.3954041559737,4262594
2020-06-17,429.24322509765625,436.81740829141336,423.5125306526061,425.59641064723024,6139224
2020-06-18,429.5238342285156,432.809964390276,425.5964649837714,428.84252993276374,2658663
2020-06-19,431.8882751464844,435.17445464829484,426.31788902795574,431.60776970155126,5570067
2020-06-22,439.62274169921875,443.4298666273341,431.44743206964614,434.33286136697126,4352621
2020-06-23,447.87811279296875,448.92005282891677,436.4567397673409,439.22192407326884,4438315
2020-06-24,449.6014709472656,453.64903648889276,444.35165530893653,447.8782262407867,3500477
2020-06-25,444.15118408203125,453.3283186965194,442.468004959445,447.2369390939328,2386979
2020-06-26,449.52117919921875,460.8223566344936,442.90880532059083,445.23317449427935,5288935
2020-06-29,434.05224609375,447.95829823103406,432.1687409615671,447.95829823103406,3304988
2020-06-30,435.53509521484375,439.94334496835563,434.0522909459484,438.4204754856361,2356985
2020-07-01,437.5388488769531,438.7009846862543,429.6440448984864,436.01597938109745,3662491
2020-07-02,449.52117919921875,450.8436735428121,434.8136762612899,440.7447948233209,5966748
2020-07-03,454.6107482910156,458.6583129595863,449.6815043898987,453.5688082158892,4007490
2020-07-06,466.1122131347656,471.2818967865103,459.2994646267974,460.8223338611512,4909636
2020-07-07,470.36016845703125,474.8886621875309,462.5455449020466,467.95566890165134,5126702
2020-07-08,467.6350402832031,476.0107224790259,461.74398775175064,472.84478867337407,3391014
2020-07-09,462.7059020996094,471.0415209808148,458.49802744624265,467.63514626142273,2498146
2020-07-10,456.05352783203125,458.45802797877303,449.9220328899673,458.45802797877303,3959401
2020-07-13,480.93994140625,482.34256604516816,457.25563228730846,458.4178167720593,11008252
2020-07-14,479.537353515625,483.9456027186128,474.9287293488651,476.8523485689455,5525588
2020-07-15,493.1628723144531,504.9449304761645,482.50293356611274,484.10593334540215,11907668
2020-07-16,480.4190368652344,512.1183466243616,471.3620492886243,502.5404134892374,13009798
2020-07-17,480.6595153808594,484.38646068475947,473.04526608425977,484.38646068475947,3307397
2020-07-20,499.2142333984375,501.6989126405785,479.6977288277036,483.9857340705739,5461610
2020-07-21,497.490966796875,506.3875955661167,493.2029132465573,504.94490561970844,4218944
2020-07-22,495.2868957519531,502.0996452150621,490.157276588331,495.3269609648602,2879564
2020-07-23,511.0436096191406,512.7808616145529,490.47903399719416,495.2868696472373,5038587
2020-07-24,527.3255615234375,529.5881073031218,505.2257426863962,511.0840179914363,12276883
2020-07-27,536.9815673828125,542.7994500268966,519.4067433588676,530.8808912060604,11521949
2020-07-28,552.980712890625,567.8486298639274,538.961275160782,541.3853888421648,23296517
2020-07-29,546.5570068359375,561.7885057468153,542.193581238566,555.0817991809344,5436716
2020-07-30,545.2235717773438,555.4048295665577,541.021764843215,549.4657707426361,5126995
2020-07-31,550.799072265625,553.869606522243,544.213543437886,548.2133410373652,3114793
2020-08-03,544.2944946289062,555.0818338499846,541.021949885849,554.273795675465,3092967
2020-08-04,527.365966796875,546.7588768247081,525.3862640344563,545.4255945328064,5559046
2020-08-05,524.0530395507812,534.5171416046708,519.2048115090156,529.2648945594246,5139353
2020-08-06,533.587890625,538.8401377928521,524.5379041907595,530.072944940159,8644001
2020-08-07,535.28466796875,539.7692680415801,528.7799733298962,531.4868803208822,3823897
2020-08-10,550.960693359375,555.4049023818546,535.4867951723404,539.7693867302575,5362182
2020-08-11,545.2639770507812,560.7379229036594,543.0822648090448,557.6269473289937,4331864
2020-08-12,559.2025756835938,560.778259330759,543.5266712243667,545.4255404153637,4355435
2020-08-13,563.2428588867188,570.3131911463365,552.94037473699,562.3136448095462,7108877
2020-08-14,562.3135986328125,574.5149512885267,559.1622310712524,559.1622310712524,6476545
2020-08-17,582.6358032226562,585.3427601751563,564.5357812042461,569.5051854254799,7657241
2020-08-18,576.1714477539062,588.2516249150126,573.8685593344064,585.827511076077,4752247
2020-08-19,587.201171875,589.0596492448128,572.898890692143,577.747118257944,6506907
2020-08-20,586.9588623046875,591.4838556807647,578.7168642880131,581.7873990302603,6610632
2020-08-21,591.9686279296875,595.2412213336333,589.8677488257439,590.6757868378339,4207706
2020-08-24,583.8074951171875,593.867578772226,581.1813714367296,593.867578772226,2385907
2020-08-25,596.8167724609375,598.2308387841568,577.2218534106136,587.443552560229,4585917
2020-08-26,592.170654296875,598.756184010446,587.4436515190205,598.7157919724364,3157074
2020-08-27,594.3927612304688,603.0791701419669,591.8474710011269,593.9079581349926,3207076
2020-08-28,607.9273071289062,612.7755346309178,597.9480585814208,598.7560964984227,4223327
2020-08-31,598.756103515625,625.9869915014698,591.5645462425373,613.8664226043924,7224350
2020-09-01,588.1304321289062,608.1293724097962,583.9690660657338,597.1400754576861,3563888
2020-09-02,594.0694580078125,602.5942477603908,588.3728008293693,589.9888765860181,3467486
2020-09-03,613.7452392578125,615.7249421771137,592.3726247738778,597.9077145408515,4606227
2020-09-04,604.573974609375,612.8159711617122,600.8165785973812,603.6043192528552,2954845
2020-09-07,603.6851806640625,607.5638025870927,593.1402944427994,605.7861090921582,3367905
2020-09-08,607.8465576171875,621.3811934963339,601.9882823859152,604.8164152561845,5237241
2020-09-09,608.7354125976562,614.0684930329164,601.7459134311929,607.6041889795532,3038259
2020-09-10,606.028564453125,612.8161041024923,597.3825470698476,611.4020374521017,3737568
2020-09-11,618.270263671875,622.6740310907081,604.0083739769044,605.5436658255389,4917946
2020-09-14,638.9560546875,643.6830573057849,622.1892660251343,622.3104914537985,9021887
2020-09-15,639.2791748046875,648.9351878090105,626.2293435945529,638.9559399321196,6339704
2020-09-16,639.9661254882812,641.7842110720547,633.5018211904198,639.9661254882812,4279003
2020-09-17,635.885498046875,655.6824285513374,631.3200637336623,636.7339280618928,7591219
2020-09-18,650.1878051757812,653.5411333296651,636.7339525672692,640.77414262163,6281494
2020-09-21,636.1278076171875,670.6714262588322,633.7440860577049,652.0865554106958,10789179
2020-09-22,646.7940673828125,655.3188589517936,623.8053749824718,640.7741740428758,9053623
2020-09-23,640.8145141601562,656.4904707971269,632.7745263454148,656.4904707971269,6091530
2020-09-24,607.523193359375,636.6933872020301,604.0486407222551,636.6933872020301,5929066
2020-09-25,624.088134765625,628.128324799244,604.9376734612521,610.1090871130488,6986586
2020-09-28,629.7847900390625,633.8249797382642,623.805289556755,629.744348687093,3604366
2020-09-29,620.6944580078125,638.3500699621862,617.3410803178612,634.3098796459699,7041805
2020-09-30,639.7640991210938,642.2286052059677,618.6743266325306,624.6133863222045,5433474
2020-10-01,664.611328125,666.9142169508891,644.6931695059802,644.9760124283359,10104719
2020-10-05,679.7619018554688,687.5998795623012,664.0859464418038,664.6515828509255,8551125
2020-10-06,684.7314453125,690.8321225660154,672.6916589562427,690.8321225660154,4902535
2020-10-07,683.8828735351562,685.3373812454323,676.5297481941858,684.4081179103915,3943817
2020-10-08,695.1550903320312,717.1741261106374,693.0138191961731,696.5287648131574,11398839
2020-10-09,690.1856689453125,696.8923743991439,682.9941111062044,695.3166904547635,5306496
2020-10-12,692.4077758789062,698.7912464319076,685.539452938905,695.7207119224756,3343240
2020-10-13,701.5385131835938,710.9925664576605,687.6402514687771,692.4076947963422,7327471
2020-10-14,685.9029541015625,706.0635096412619,683.2768309173198,702.184937571355,5346616
2020-10-15,656.4500122070312,693.5793143995629,651.8441862956096,689.2563313454585,8893099
2020-10-16,664.813232421875,669.2978332417418,645.4607133919147,657.0964797579637,7978964
2020-10-19,665.9446411132812,676.0046763246212,660.6519519342434,669.055568170154,4558879
2020-10-20,686.7110595703125,689.1756148714512,662.2679106043084,663.0759485866557,7382532
2020-10-21,683.5193481445312,692.6501674699489,673.8632844037517,687.7211061925291,4818496
2020-10-22,676.69140625,689.9836406890076,669.7018580984361,682.6708576227139,3962610
2020-10-23,685.4181518554688,692.8521104337076,673.5399848066079,678.7518391495358,7356677
2020-10-26,661.985107421875,690.6300633437284,657.7429080761749,670.6715156059277,9770648
2020-10-27,669.5806884765625,673.7016624262831,659.3589883536396,667.7626030307345,5479538
2020-10-28,649.9049072265625,675.8833468029303,647.2383918803132,670.6714922105617,6829067
2020-10-29,675.043212890625,679.3658601109345,656.2418644923692,663.0825467001476,6477299
2020-10-30,682.639404296875,687.1299316137395,673.742366145944,677.0997467658519,6189261
2020-11-02,683.7725219726562,692.2918441963518,679.3659600960535,689.4381015282883,4433983
2020-11-03,678.2748413085938,692.4597957992162,675.0853397677954,689.1024149710987,4599741
2020-11-04,694.012451171875,701.6924790601095,682.0517839151686,684.9055776471882,5017595
2020-11-05,705.6373901367188,713.1914955477063,699.8039318234338,701.6924581761807,4269675
2020-11-06,714.408447265625,716.8005597894967,691.7041262558671,700.853006351557,4123331
2020-11-09,732.5384521484375,736.1056689019532,717.8499125751374,720.997456769416,4297119
2020-11-10,689.3541259765625,731.9089331377057,687.5075564956701,731.9089331377057,6889383
2020-11-11,702.9515380859375,705.595495706085,681.9259530732792,688.2629984841418,5387431
2020-11-12,707.77783203125,711.7647216869256,700.4755186265206,702.5319245895715,3150886
2020-11-13,704.084716796875,709.8342622874643,699.4683180902077,703.3712938522167,2839192
2020-11-14,705.1757202148438,709.2045659573524,703.3291509742409,708.4071779637338,214282
2020-11-17,709.4564819335938,718.8991147898528,697.411899626546,712.2263106588507,3635434
2020-11-18,701.7763671875,709.1626445203588,696.782305185028,708.4072134928214,2772377
2020-11-19,690.6971435546875,712.604031450201,688.2630221309361,699.1745090671583,5593368
2020-11-20,702.9935302734375,709.2047049648247,693.6348624537271,695.8171393833696,6063818
2020-11-23,726.6630249023438,729.7266550284658,702.3220168490167,703.3711982306255,6251814
2020-11-24,736.6512451171875,747.0171365767377,725.445957330801,730.2302346311931,7068121
2020-11-25,723.7254028320312,738.623780217092,717.8499863984862,734.4270541931312,4445185
2020-11-26,719.3607177734375,728.5095999832604,710.6735163587214,727.2925393253211,5169423
2020-11-27,735.979736328125,743.6178075369352,717.8918595244048,725.1941721987065,16482729
2020-12-01,761.5377197265625,767.2872638009106,731.6151007635139,755.4105113801675,5821698
2020-12-02,762.7129516601562,765.9024529993369,744.667030849761,752.9345601245589,5516684
2020-12-03,768.1267700195312,772.7011603148238,757.8867484702931,766.3221573717915,5705020
2020-12-04,774.7994384765625,780.0033883233885,761.3279599168816,768.0007636833207,4302626
2020-12-07,792.5936279296875,798.0913285066598,767.1614797124839,768.4204974581827,3973325
2020-12-08,782.521484375,795.0277477820366,774.4637913107159,793.1811781795157,4399638
2020-12-09,780.1713256835938,788.73265655562,777.1497036014964,787.3057595386884,4157078
2020-12-10,778.3246459960938,782.7731644658977,769.7633163350328,776.3941626483927,2608358
2020-12-11,771.6939086914062,781.4302914007084,769.2178303900356,774.0440647354212,2398423
2020-12-14,763.3004760742188,775.7647306708028,760.4886391717572,775.5548943898532,3239051
2020-12-15,778.1149291992188,779.4579122082607,754.1096778414884,755.7044029259235,3490143
2020-12-16,773.49853515625,784.7877379968771,769.6795248589693,784.7877379968771,2799394
2020-12-17,780.6748657226562,782.8991507542806,765.818498270656,773.4984752835518,2706570
2020-12-18,783.7804565429688,794.8598222842901,779.1640584198815,784.7876809248271,5563979
2020-12-21,761.1602172851562,792.8875086277126,747.0172703550923,779.0383120424777,4187948
2020-12-22,792.887451171875,796.4546682156375,758.0965829344435,763.8041199585505,5537682
2020-12-23,795.8250732421875,805.5614558636943,789.82373531413,794.4820903508892,5456681
2020-12-24,795.0697631835938,802.4140338912807,784.6199049021716,798.2173077726025,2510775
2020-12-28,794.9437255859375,802.7916330271122,792.5516125371408,795.069647843057,1870669
2020-12-29,810.5136108398438,812.6958875933004,792.2158467996162,795.6991494329448,4392641
2020-12-30,825.2861328125,826.7549868500508,812.3182397779242,814.1648093853292,6389605
2020-12-31,816.8506469726562,827.9300123406323,813.0735940901343,824.194916466449,2859399
2021-01-01,820.8377075195312,823.5655796153841,815.17212701276,819.2009740161058,1268291
2021-01-04,840.98193359375,843.5419262084696,818.3615702022466,823.061882831582,3515825
2021-01-05,842.57666015625,846.0180062206388,832.042888121809,841.4435646258867,4040321
2021-01-06,836.9529418945312,861.1680262339459,825.3699391545231,842.7024350281497,4677359
2021-01-07,834.9385375976562,847.7385503630387,829.776544744711,843.9614974158767,3354950
2021-01-08,882.235595703125,889.7057874290222,843.9195234256383,845.8500068694311,9279370
2021-01-11,904.4783325195312,907.7938074085142,873.3386472794326,891.4684824158973,6488791
2021-01-12,893.2310791015625,904.520332989316,883.8304542846544,904.4783247476274,4257926
2021-01-13,897.8055419921875,905.4435622105516,881.3543978774519,901.4566728288597,4671772
2021-01-14,883.49462890625,893.0631835070781,864.5254501995211,893.0631835070781,4765344
2021-01-15,845.4724731445312,892.0561864689777,841.5695484094589,880.8928534878112,6063896
2021-01-18,837.876220703125,850.9280263669891,832.5883569791596,837.6663844344791,4659705
2021-01-19,833.0501098632812,846.4376760309266,828.6015905552645,844.8848566753062,4416027
2021-01-20,855.6704711914062,858.9858949649417,836.8271612758416,836.8271612758416,4687853
2021-01-21,843.2901000976562,867.3373084106323,834.7287691425888,861.1681419208609,3911527
2021-01-22,823.2716064453125,843.5418107476388,818.3614581880079,843.2900174679543,3922421
2021-01-25,815.8854370117188,837.5825397227185,807.6179078348149,827.4683897534668,2751784
2021-01-27,836.9110107421875,843.4579437563503,817.2284083776893,820.8795392105744,6975618
2021-01-28,823.901123046875,830.9516423220371,809.9680149906725,830.9516423220371,4274190
2021-01-29,806.9464111328125,835.9038174955274,802.4139270363896,831.0355748624954,4425911
2021-02-01,790.4533081054688,807.3661336499356,773.1628182208962,807.3661336499356,6321189
2021-02-02,803.4212646484375,816.5989950093945,786.8861533664503,801.5746948959575,4971530
2021-02-03,823.7752685546875,839.3451101011518,805.8552197162919,809.9680312476115,5640121
2021-02-04,813.4932861328125,829.2729638632458,809.3804746258775,829.2310068539015,4232910
2021-02-05,805.2677612304688,823.2716737999184,797.4198533029185,816.1372399909977,3077720
2021-02-08,824.6985473632812,833.4697142190515,806.232954500422,813.9968969541242,3713579
2021-02-09,818.4454345703125,839.177270003421,811.8565956402958,821.3831425927897,3086774
2021-02-10,818.277587890625,822.7680638451884,803.7568761551048,818.7811744769001,2776301
2021-02-11,827.258544921875,829.8185885683812,816.5568944459977,818.3615069788526,2070435
2021-02-12,831.958984375,846.8993189025914,827.8042153297133,830.9517598746933,5863879
2021-02-15,821.8867797851562,835.9877680362406,820.4598827865715,835.9877680362406,2487825
2021-02-16,828.2658081054688,839.345174656852,817.1025275284454,830.9517229102835,3912433
2021-02-17,822.9359741210938,836.4913677462343,815.3399106528237,830.1123650084697,2227724
2021-02-18,848.2421875,852.3549992239247,823.8172641440493,824.2369367187533,6742595
2021-02-19,834.2671508789062,855.4606166477911,816.3891088128489,850.8022611504441,4357699
2021-02-22,797.9654541015625,848.5779570191038,790.5792269372198,838.4638580839282,5946290
2021-02-23,793.8106689453125,808.0795363754688,781.4303280867946,799.0565760887523,4120032
2021-02-24,805.8132934570312,809.044802991973,786.1726478689011,797.3778850245262,1686531
2021-02-25,803.9248046875,813.325480967297,799.2664491755506,809.128755059313,3682791
2021-02-26,771.2322998046875,796.4126552586739,768.0008413465849,793.1811968005713,5254937
2021-03-01,785.6270141601562,803.2532612727239,777.5273134475574,785.165384600739,3429569
2021-03-02,811.7306518554688,815.0041183426963,790.6631096589289,792.7614724764951,3703190
2021-03-03,819.200927734375,822.7261878742271,806.9884651334285,816.0114261714864,3203532
2021-03-04,812.5280151367188,834.8965825800916,802.0781583787323,805.7712973165904,5134954
2021-03-05,805.5194091796875,823.3135334793609,803.2531674269296,810.1358066936353,2618145
2021-03-08,812.90576171875,822.5582307530976,807.4500183515102,808.2893634849316,2880739
2021-03-09,829.39892578125,838.086127542874,807.0723141795763,816.6828263387246,2814747
2021-03-10,846.6893920898438,853.4461100782049,833.4697064140915,841.0238125145213,5268496
2021-03-12,842.072998046875,859.9929960033943,836.113668141358,839.3451263861201,4674919
2021-03-15,861.7135620117188,864.4833390274796,841.0236873354476,843.5417223274699,5203101
2021-03-16,861.6297607421875,877.1156369857035,857.0552684326755,866.2041505925799,4797715
2021-03-17,856.1740112304688,875.6048207428937,852.4389150617388,859.4894348236012,3477295
2021-03-18,836.1556396484375,868.722220870923,821.38313443019,867.8828757299849,3738712
2021-03-19,830.489990234375,839.9745792849106,818.4873659723931,832.6303099181927,6208000
2021-03-22,850.71826171875,853.9497712656865,821.1313453488083,830.8677797714058,3873143
2021-03-23,850.9699096679688,857.3909194242004,839.8066313888262,850.7181164133143,3782337
2021-03-24,832.7562866210938,850.5503622951486,828.6434750149889,842.4926695834846,2749823
2021-03-25,813.0736694335938,836.7432132699807,809.212650947055,833.2179533403805,3654840
2021-03-26,831.791015625,837.4985522067872,820.0401839209133,820.7956150222859,2761824
2021-03-30,853.5301513671875,855.9642217008796,832.2107628704108,832.2107628704108,4300037
2021-03-31,832.1687622070312,858.650091538882,830.2802356127376,858.650091538882,3780505
2021-04-01,832.7562866210938,845.892007095294,827.5942936082847,839.345125363372,3555291
2021-04-05,837.4147338867188,845.3885134543118,821.0475021427118,832.6304559002496,5118272
2021-04-06,832.0847778320312,846.0598948004707,829.7346217034977,844.3812045330094,2395572
2021-04-07,841.359619140625,844.0874909439058,824.3208712010976,832.6304088783013,2974419
2021-04-08,863.6861572265625,881.1864830692117,843.5418736760887,846.059909119898,6737118
2021-04-09,883.8304443359375,887.0199968945889,853.2363033245502,863.6441524631334,6029994
2021-04-12,872.7930297851562,888.9085180676876,853.4461344111385,882.1517486571208,7896295
2021-04-13,840.8978881835938,881.5222124932452,825.0762531595906,877.1156506121793,6448995
2021-04-15,833.5956420898438,845.8920175912559,814.4165749995773,840.897903787464,4373215
2021-04-16,847.9902954101562,850.6762098212654,835.9876714178395,837.6663615210881,2660763
2021-04-19,839.4290161132812,847.2349665464113,825.3280286439989,838.5896710111864,2777425
2021-04-20,825.4120483398438,845.6402461428501,816.9765885237015,835.9877768320383,4028636
2021-04-22,812.3182373046875,827.1746569137388,806.3169501358467,817.1864289969785,5085190
2021-04-23,797.5457763671875,814.9621883299495,793.5169298699069,811.2270921450349,3916517
2021-04-26,807.617919921875,814.1648018974055,786.4664117297618,798.2172439220956,5053998
2021-04-27,813.5352172851562,828.9371789828431,792.4676763079493,808.0375172672373,10497935
2021-04-28,820.3760375976562,822.5583146753764,812.4861720466984,818.3615885800939,2968625
2021-04-29,819.956298828125,826.7549740620898,814.626426379429,826.7549740620898,2747579
2021-04-30,806.1071166992188,819.9563119172758,801.9103908755651,817.3543111688726,3129105
2021-05-03,803.8408203125,809.9680293560169,801.5745782746075,805.7713038153122,3506839
2021-05-04,806.1071166992188,814.0808957641607,802.0782189248606,809.1287388004241,4064221
2021-05-05,806.1071166992188,816.347086725283,800.5254508619341,816.347086725283,3041045
2021-05-06,820.8377075195312,826.5032880263025,803.9668370505154,809.9681761532192,4620827
2021-05-07,823.3555297851562,826.1253581798277,815.9272954204057,822.5581417487743,2002597
2021-05-10,831.371337890625,833.1759503829184,816.766712371747,826.7549397498896,2036101
2021-05-11,820.0821533203125,828.3916906427042,814.5844529359,825.9156122503098,2029457
2021-05-12,807.7437744140625,820.0402011981627,797.7136409818286,820.0402011981627,3070622
2021-05-14,799.2245483398438,811.1852180183131,790.1596299873385,808.289466692349,2090820
2021-05-17,800.1896362304688,804.0506544554049,791.5024348760916,800.7352310411361,2281200
2021-05-18,814.7943115234375,821.7189090717953,803.295272621464,806.0651013948946,2000985
2021-05-19,820.5857543945312,827.846058744259,807.9535697037948,813.3253988152444,2152740
2021-05-20,816.7666625976562,826.5870101081314,810.1358673191468,826.5870101081314,1769194
2021-05-21,822.9779663085938,827.5943648957405,815.7176098569826,819.9983011028031,1534262
2021-05-24,825.6636962890625,834.308939643075,818.4452984678992,822.390230259406,1830838
2021-05-25,833.1760864257812,840.7721507244727,825.7478501941443,830.9937580288165,2719646
2021-05-26,845.8920288085938,849.4172886715223,833.4697308802586,835.6940160113913,2013788
2021-05-27,855.9641723632812,866.2041934229142,845.1366506832321,845.2205647062738,6393813
2021-05-28,861.3779296875,867.043509249391,849.9208483038518,856.1320226857491,1839013
2021-05-31,857.5169067382812,866.2041076751774,850.2565514292197,860.3286922161403,1801746
2021-06-01,864.9451293945312,866.2041470501274,850.5503403737251,860.0768868092453,1262702
2021-06-02,853.5719604492188,860.0768333694,834.3089812695684,856.2998318668507,5252186
2021-06-03,851.3897094726562,856.7615387797541,845.22054327819,853.5720375415978,2024676
2021-06-04,855.4605712890625,861.9654448515777,848.577930940566,855.7543215942994,2315912
2021-06-07,868.2186889648438,872.0376481211833,855.6704680715297,860.2868154078982,1745475
2021-06-08,887.8172607421875,890.4612182430752,870.4428585234108,872.0795404501374,4517995
2021-06-09,883.200927734375,893.440897507066,878.1228486297532,887.8173260261678,2163655
2021-06-10,893.8186645507812,901.4566848711796,886.7681448476734,889.4540083254649,3934077
2021-06-11,900.617431640625,908.5072972931433,885.4253034719717,893.8187557705795,4988857
2021-06-14,897.4697875976562,905.947152988213,888.0271548078749,900.6173318609167,2757666
2021-06-15,895.4552612304688,917.4041551506442,891.0907078803695,897.4697098763278,3484298
2021-06-16,897.3859252929688,904.7721014476181,885.5091704299731,898.0993482085984,1881596
2021-06-17,906.7025756835938,910.43762052433,887.2298096726958,889.6638285797163,3161931
2021-06-18,898.686767578125,916.2291008549878,885.5090903452605,914.4664966172145,4396398
2021-06-21,892.1400146484375,898.1413531929678,885.5091672172597,888.8665479460456,1074790
2021-06-22,887.3555908203125,899.777939173141,884.4178829965196,890.5871513937789,2437289
2021-06-23,886.72607421875,891.6363249341471,871.6178626861237,889.7057902546647,4130539
2021-06-24,906.4928588867188,908.423393921706,883.4108647946958,886.8102539991753,3617010
2021-06-25,914.4664916992188,925.9654786515777,903.9746778889936,912.7038874709248,3200049
2021-06-28,927.560302734375,929.9944241558496,907.4160191786526,915.725556637213,2143755
2021-06-29,913.33349609375,931.1695815199696,909.0108478398048,930.8338229495323,2956332
2021-06-30,919.4605102539062,927.4762966064128,909.2625496838511,913.3752585340903,1917370
2021-07-01,910.8154907226562,922.7341519251316,907.3321875496721,919.9223659153012,1459518
2021-07-02,914.382568359375,921.1812431472715,902.2959784813821,912.3681196365231,1669409
2021-07-05,902.0022583007812,919.0409028482198,899.1064561465377,917.4042208395198,2597359
2021-07-06,880.9346313476562,902.0021714466935,879.4237692857826,902.0021714466935,3865594
2021-07-07,877.8711547851562,889.2862288782709,864.6094597984118,880.9347852207346,3713891
2021-07-08,889.8317260742188,892.5595976425278,877.1156273485855,880.4730077403505,2171947
2021-07-09,882.78125,897.0921256045193,880.4730508676016,885.6769497460867,1889035
2021-07-12,886.85205078125,888.6146550761691,878.0389268475312,887.1878093276925,3224820
2021-07-13,881.4383544921875,891.3845743068937,879.6337418772359,891.3845743068937,1908081
2021-07-14,905.2338256835938,906.4928435218185,879.6337963063572,884.6698676592562,3173326
2021-07-15,933.7294311523438,939.8146832292784,903.4711012659548,904.8140329566266,5922995
2021-07-16,925.9234619140625,938.6395592200497,909.0526478207531,933.6874032032397,2323939
2021-07-19,918.411376953125,932.050734969459,911.6127020644994,913.2074782628486,1409001
2021-07-20,912.5360107421875,925.1261880562857,910.6055783628343,919.8802808420782,1230858
2021-07-22,964.0718994140625,967.3453662646154,906.4928378011147,906.4928378011147,7309727
2021-07-23,974.7587280273438,983.8082122397992,961.0552023213709,968.6826036876145,2840803
2021-07-26,965.4507446289062,981.2658814066809,962.3050553866332,974.7588285760926,984581
2021-07-27,966.0110473632812,971.9147385211681,951.5319331228076,965.4508200547942,1397105
2021-07-28,964.890625,974.5002322278423,953.6433656360882,968.7258409172736,2533035
2021-07-29,972.0009765625,983.6790590866401,961.0553451922509,972.7765625875625,3821405
2021-07-30,1042.457763671875,1066.3742630097252,1012.6806025936572,1021.2991609136033,20425030
2021-08-02,1043.44873046875,1046.2928965702345,1030.3916998213049,1042.8454735172847,2385223
2021-08-03,1056.8505859375,1060.0825449159022,1042.8454303644241,1043.707286091998,2603616
2021-08-04,1048.4473876953125,1060.4272021513955,1046.0341498167536,1055.9454896922127,1938175
2021-08-05,1075.768310546875,1080.767116005138,1048.8784530927055,1048.9215879632256,5790873
2021-08-06,1089.90283203125,1097.142441848399,1071.3299025224358,1079.0434699090304,3894726
2021-08-09,1109.59619140625,1126.273185058058,1091.1094268493068,1112.1387291032852,6585101
2021-08-10,1140.2783203125,1146.009577026099,1105.2438621674091,1110.070233445336,6314469
2021-08-11,1140.752197265625,1143.4670637948354,1118.9903405776133,1140.2782397490935,3430349
2021-08-12,1195.0059814453125,1202.1162904855496,1135.7102712451463,1140.2350133616608,8613315
2021-08-13,1192.07568359375,1197.9793738551634,1177.208673378641,1189.4469817337897,4760344
2021-08-16,1178.8892822265625,1206.5548287802228,1172.339200036732,1191.0414263904702,2912430
2021-08-17,1218.4052734375,1231.419377737741,1181.1731519562595,1182.4659354133441,8042970
2021-08-18,1217.3712158203125,1228.1444124204922,1210.2609060641937,1222.1114223243915,2939739
2021-08-20,1205.9085693359375,1223.8352117028373,1181.3026498586503,1181.3026498586503,4051399
2021-08-23,1220.3876953125,1243.614664803622,1214.3547052932997,1219.9136325853356,3987240
2021-08-24,1261.1966552734375,1264.34244996335,1223.8352276400526,1225.472774690268,5366923
2021-08-25,1260.9810791015625,1273.8227503323749,1249.6907902448872,1260.8949145712209,3105863
2021-08-26,1249.259765625,1264.1267755988056,1244.5195595463952,1258.136920909546,1993944
2021-08-27,1245.726318359375,1255.8099885213653,1233.4879036218392,1249.5615343525849,3097939
2021-08-30,1223.1456298828125,1254.0001076028511,1220.3015690516247,1249.6908288825664,2742699
2021-08-31,1247.6654052734375,1253.1381678398677,1212.5878157179607,1227.9720238835148,6392991
2021-09-01,1237.8834228515625,1265.419671248163,1230.2990503706812,1249.6908042294135,1829925
2021-09-02,1239.17626953125,1251.8886421525217,1224.8693795681481,1237.624887060768,3860958
2021-09-03,1242.752685546875,1249.432066689862,1228.2304391999717,1244.5195316739434,1919590
2021-09-06,1259.3004150390625,1265.1179407273794,1237.7108887351797,1247.9669921011657,1801171
2021-09-07,1236.9351806640625,1269.4272016321493,1234.4358834570457,1266.0228087073363,1940043
2021-09-08,1230.600830078125,1243.097739656325,1223.7059834142904,1241.2447285740175,2256454
2021-09-09,1235.254638671875,1239.2622885776193,1218.6639170291514,1228.661421756875,2303457
2021-09-13,1232.022705078125,1240.8998607407086,1224.1367044974015,1237.6247670459513,1937241
2021-09-14,1251.457763671875,1255.7239078236134,1232.0228731872721,1236.7630801145403,1554999
2021-09-15,1262.4892578125,1275.5463922611661,1239.3053192360846,1242.8820413098367,2410087
2021-09-16,1248.268798828125,1266.0661417394508,1241.0723241012997,1262.4894192084523,1800078
2021-09-17,1251.0267333984375,1268.6516410847846,1238.1419270444708,1250.5526706617,2861623
2021-09-20,1233.5740966796875,1286.8798503024525,1229.3078478709704,1241.0721991333205,2526342
2021-09-21,1259.7745361328125,1263.8683510377343,1224.1799559784313,1240.2104522489349,1713705
2021-09-22,1304.5048828125,1316.8294625043864,1255.2929389952474,1261.7568573216904,5145820
2021-09-23,1311.3134765625,1319.5011058936493,1296.2310014788038,1314.4161361097467,2015302
2021-09-24,1305.4959716796875,1334.023375403165,1302.3071475500988,1318.6392716091248,3592146
2021-09-27,1262.1015625,1314.3299991289027,1257.6198495427052,1312.6062876546355,2728552
2021-09-28,1218.7071533203125,1262.6186612658364,1213.8376473395597,1262.1015688623493,3995669
2021-09-29,1202.59033203125,1214.3115485301012,1183.112414218998,1206.5979820845728,7948104
2021-09-30,1189.8780517578125,1208.8820135170026,1186.7753920357209,1196.2558054797246,3856630
2021-10-01,1181.819580078125,1192.808239801732,1176.260653124273,1185.0515388203623,2661824
2021-10-04,1205.7791748046875,1211.3812364627358,1182.5090725327952,1193.4114622094069,2538936
2021-10-05,1217.8453369140625,1224.6970481973194,1190.2228174246998,1205.8223858079095,2481825
2021-10-06,1194.23046875,1229.782019262741,1189.3178277367647,1226.3345961827176,2769341
2021-10-07,1221.421875,1226.6792790175623,1185.6118332308938,1204.8311525163394,1956325
2021-10-08,1241.029052734375,1247.1051774023042,1222.5422903560254,1222.5422903560254,2665924
2021-10-11,1206.7703857421875,1236.288945342963,1194.1873127639872,1223.835171769378,3073366
2021-10-12,1184.57763671875,1209.0543619530747,1172.9857185411706,1205.7362382359279,2965629
2021-10-13,1208.4510498046875,1215.216596338648,1186.7753568498713,1195.3077497379043,1738985
2021-10-14,1233.143310546875,1257.9646942578443,1215.6475958684473,1234.1774954155383,4328124
2021-10-18,1275.2447509765625,1281.5362341832756,1223.8350397106974,1223.8350397106974,3579606
2021-10-19,1326.4820556640625,1352.9410881566273,1273.0039738596802,1291.059808267676,8645334
2021-10-20,1326.654541015625,1358.7155314542981,1306.4009317614696,1330.7052207836575,5159270
2021-10-21,1313.6834716796875,1332.5581314153842,1272.1420715220625,1332.5581314153842,4261416
2021-10-22,1307.82275390625,1346.1753285686852,1278.7782619188397,1319.5009395098525,5223521
2021-10-25,1313.5543212890625,1322.948569960803,1278.8215978533797,1319.5011469771919,3890467
2021-10-26,1347.3389892578125,1404.8247194366259,1329.843277356266,1354.750926858841,16978043
2021-10-27,1351.260498046875,1367.8512210066283,1316.4846400531553,1346.089363617861,3624131
2021-10-28,1321.4835205078125,1364.1884116365013,1315.191931178873,1360.0084321102631,3054565
2021-10-29,1273.6934814453125,1329.6279398865754,1265.0318944020448,1316.3553404791064,3795495
2021-11-01,1311.8739013671875,1318.5532841957686,1281.6227821139837,1284.1652147852835,2271900
2021-11-02,1297.4681396484375,1325.6266418144257,1295.248598000184,1325.01738087273,2041689
2021-11-03,1304.38818359375,1338.4655706292856,1300.079473951331,1303.9094026598952,2697346
2021-11-04,1310.7420654296875,1318.7065519945286,1306.5204848473843,1313.4839517886096,166444
2021-11-08,1354.5684814453125,1360.3134271721678,1309.3930707585343,1312.6136319958835,3050392
2021-11-09,1357.1796875,1368.3212772976926,1351.7830430300996,1358.7465100901388,2061369
2021-11-10,1363.620849609375,1369.4962746561682,1346.1687248894905,1354.3507132847317,1299996
2021-11-11,1324.756103515625,1357.8761377094654,1318.706633737077,1357.8761377094654,3027565
2021-11-12,1379.636962890625,1383.5103490860681,1332.8947310028393,1339.161809089733,3713868
2021-11-15,1374.544921875,1393.999087071926,1369.4963656643358,1379.6369360031235,2448280
2021-11-16,1392.6064453125,1397.0456344890326,1371.803065392346,1379.723988237387,2864344
2021-11-17,1408.7529296875,1414.4543111046617,1388.3413084381139,1391.3878254158778,2304359
2021-11-18,1364.621826171875,1414.236525002554,1357.4407513411188,1410.2760109276012,2938804
2021-11-22,1341.598876953125,1376.8514253183268,1323.058605311282,1376.8514253183268,1951782
2021-11-23,1358.354736328125,1361.7493412136448,1311.1337295419999,1324.7994899259436,1823592
2021-11-24,1338.8135986328125,1366.493423406272,1331.763109304955,1365.5359679118358,1644163
2021-11-25,1357.3101806640625,1362.0541060257865,1331.8065480583373,1332.6334172133743,1557493
2021-11-26,1329.5001220703125,1349.1718975188014,1314.4851445011516,1343.9492966251803,1522173
2021-11-29,1337.5513916015625,1345.2547052855773,1287.7190836898192,1318.7064888435132,1995524
2021-11-30,1341.7294921875,1387.8624613649135,1328.7165556475766,1330.8926390993413,5662900
2021-12-01,1381.900146484375,1387.8191365424461,1349.1718694819524,1349.1718694819524,2761193
2021-12-02,1418.5020751953125,1420.982789595548,1375.2850276024294,1383.9893632201663,2664202
2021-12-03,1386.861572265625,1425.9875109118582,1383.7279270369509,1414.4542684155467,2400296
2021-12-06,1350.695068359375,1409.7104971247516,1346.429923322536,1397.916081704628,2911781
2021-12-07,1372.36865234375,1376.4596462586644,1336.9855182562724,1361.3576500994857,1758254
2021-12-08,1396.8714599609375,1405.5757933199811,1377.0691015691134,1377.5913403198422,1604565
2021-12-09,1402.4422607421875,1410.1021172138694,1379.6369480148041,1386.6004152603048,1947954
2021-12-10,1395.0001220703125,1402.4422639535358,1374.022698196023,1402.268219773631,1776362
2021-12-13,1425.9005126953125,1441.0025111170312,1390.4738091346728,1397.0456238857355,3163063
2021-12-14,1429.8609619140625,1449.271670026257,1415.0201355920685,1427.5108341399769,2725454
2021-12-15,1428.9034423828125,1432.9945430986345,1406.5333465953445,1426.640336802824,1622068
2021-12-16,1438.521728515625,1451.5782290505067,1429.4256360572135,1435.344625467989,2225836
2021-12-17,1429.991455078125,1457.9759094567212,1416.1080851882118,1452.9273533581666,3405084
2021-12-20,1390.9962158203125,1426.0746200661997,1372.3253545848765,1423.158689262564,2233189
2021-12-21,1421.3741455078125,1440.8284165559671,1397.4807917261153,1397.4807917261153,2237445
2021-12-22,1444.7017822265625,1446.3990847921673,1420.3296479278165,1431.8628900513302,1656110
2021-12-23,1465.6357421875,1471.9898419982508,1448.5317053179497,1453.6237192513388,1715034
2021-12-24,1500.453125,1510.3759806745911,1462.6327303306532,1465.2440305090354,3343946
2021-12-27,1553.7236328125,1559.8166666666666,1482.9138963438215,1501.062411644345,4512000
2021-12-28,1572.089599609375,1586.7999439832365,1545.9765999826623,1553.7234777894005,3605483
2021-12-29,1555.3338623046875,1585.0591834538825,1551.7651067009385,1567.2152991810628,1902921
2021-12-30,1566.7366943359375,1599.8567306355496,1554.5941898341086,1555.4646233110593,4650594
2021-12-31,1558.554443359375,1578.095629139145,1552.3742817058785,1566.9540400004623,2378048
2022-01-03,1553.5494384765625,1582.4477823187094,1551.9826159924417,1562.4713800435409,1779147
2022-01-04,1557.9017333984375,1570.0878009325504,1538.0558094841087,1560.687077761747,2701533
2022-01-05,1512.4217529296875,1551.9393483692438,1508.4612380488704,1549.3280478994534,3138050
2022-01-06,1472.8603515625,1504.8487793746208,1471.032462652623,1501.4976319974999,4290750
2022-01-07,1483.0880126953125,1501.1060488647504,1475.4717200069722,1481.4777320634514,2103362
2022-01-10,1493.6639404296875,1501.497842215158,1468.856584775698,1496.2752410248443,2330348
2022-01-11,1512.073486328125,1518.9063676481037,1484.089029707746,1484.089029707746,2704832
2022-01-12,1506.2415771484375,1527.610761643432,1498.0160232412231,1526.740328161014,3013194
2022-01-13,1496.10107421875,1522.3011001256507,1481.3037053921319,1505.849886473476,2768371
2022-01-14,1512.5955810546875,1520.4730455149095,1476.6902047240842,1492.358005304711,1889385
2022-01-17,1499.234375,1524.1287467573302,1497.145313776475,1508.4173827942698,2522806
2022-01-18,1445.5721435546875,1520.2553652927995,1436.258549484865,1514.5539845161259,4878369
2022-01-19,1453.710693359375,1459.3685100439843,1416.673818661027,1447.6176600067188,2610709
2022-01-20,1450.925537109375,1456.4092040845685,1430.6009373299573,1453.710881644005,2440011
2022-01-21,1387.0792236328125,1438.8264481251554,1382.9881227925314,1436.2151478563258,4079190
2022-01-24,1317.096435546875,1382.2483599789443,1307.3475168625816,1382.2483599789443,3250275
2022-01-25,1306.1722412109375,1329.7175054236077,1275.1848357366825,1304.7795691257932,3910618
2022-01-27,1258.2987060546875,1292.1585920621364,1244.7199640612025,1292.1585920621364,4434890
2022-01-28,1227.8768310546875,1290.7656408291389,1224.046903049443,1258.6466288423073,7080683
2022-01-31,1287.37109375,1294.8568002924555,1246.0255041941346,1250.8128882479716,4406035
2022-02-01,1310.655029296875,1318.66297369183,1283.8892035284016,1309.1317709198074,2542754
2022-02-02,1290.8092041015625,1296.945802244688,1256.035431301399,1288.1544459098184,9031146
2022-02-03,1265.871337890625,1288.0673896216429,1261.3450204518533,1287.2839783097327,2433692
2022-02-04,1260.5615234375,1275.1412819166328,1249.071845824229,1274.314412743325,2406272
2022-02-07,1257.1671142578125,1275.8378698515667,1248.2016069364806,1262.1285425787287,2741520
2022-02-08,1248.3753662109375,1267.4814404369774,1236.189300305223,1259.0817380440117,1981111
2022-02-09,1266.3067626953125,1280.3641794318826,1253.4678679174347,1253.4678679174347,2282701
2022-02-10,1278.2313232421875,1281.27783984508,1262.389479408773,1275.184806639295,1850405
2022-02-11,1240.28076171875,1262.0850579555715,1236.8860496911575,1261.9980358531398,2426039
2022-02-14,1210.032958984375,1234.9708960472,1193.3641388574697,1209.9023727293093,2149302
2022-02-15,1253.1195068359375,1255.6872429488824,1214.2981971680606,1222.1320980260928,1955525
2022-02-16,1256.90576171875,1274.2708646092885,1243.7186751701247,1262.5635785131904,2164650
2022-02-17,1259.9959716796875,1272.0949115222472,1253.6417650503906,1272.0949115222472,1669669
2022-02-18,1251.6396484375,1257.7762463277884,1233.4911335388795,1252.074865131731,2374188
2022-02-21,1234.4486083984375,1253.4240990664916,1227.398119092004,1242.239051099943,2109461
2022-02-22,1229.53076171875,1236.6247090411528,1196.8459445142032,1201.63332829226,2111878
2022-02-23,1230.18359375,1240.3240580795346,1226.614731728327,1237.7563219947497,1319711
2022-02-24,1160.2877197265625,1218.606757402241,1157.676419532129,1192.9289721569796,4108603
2022-02-25,1209.64111328125,1218.6066187637807,1175.1719758870302,1179.4371203035164,1885454
2022-02-28,1227.31103515625,1235.884782484364,1186.618275657275,1201.1980344082447,4983140
2022-03-02,1213.6888427734375,1236.624742609177,1203.5918361455424,1218.6068129479368,2160190
2022-03-03,1241.8038330078125,1256.5576366557495,1223.0895148829918,1227.1370514491755,2730530
2022-03-04,1265.261962890625,1270.8327578745893,1217.3011040326116,1231.663255063386,3567738
2022-03-07,1239.584228515625,1274.3145436823747,1228.2251359872982,1242.9789401492014,3341715
2022-03-08,1272.530029296875,1276.838738252919,1236.0153917397151,1236.0153917397151,2365949
2022-03-09,1309.78466796875,1315.2248767574556,1272.5300756820632,1272.5300756820632,3667977
2022-03-10,1292.898193359375,1328.2377671623683,1283.4540124837413,1327.4108979570738,2835942
2022-03-11,1294.160400390625,1298.5560252360674,1281.713160473194,1284.759677323215,1116432
2022-03-14,1308.2613525390625,1313.396930662785,1294.334418646431,1294.334418646431,1372791
2022-03-15,1269.6141357421875,1318.7066007434523,1260.3875629547979,1317.8361673436216,2188506
2022-03-16,1296.85888671875,1300.8628595488453,1278.1445665579604,1284.0634505772916,1453944
2022-03-17,1299.9923095703125,1314.3108967924381,1294.3344923542381,1310.0022938756747,2346185
2022-03-21,1288.0673828125,1323.0587628547921,1284.9337375814246,1301.2979279394171,2110200
2022-03-22,1338.9005126953125,1343.9055043689455,1283.9327326220584,1294.2473463856013,3030660
2022-03-23,1342.3388671875,1359.3557761277646,1331.066691088733,1349.1717480153434,3741783
2022-03-24,1365.318359375,1368.2777479475687,1331.8936953853893,1331.8936953853893,2085571
2022-03-25,1332.24169921875,1370.8888518478807,1325.1476467358675,1367.4506828934718,1755511
2022-03-28,1326.93212890625,1339.5534129663467,1320.0557901802163,1335.2448102198748,1928306
2022-03-29,1325.104248046875,1340.075766085076,1322.275339533578,1337.8561184422438,2311150
2022-03-30,1302.4296875,1335.5061604732928,1292.5937464563062,1335.5061604732928,3792481
2022-03-31,1305.1715087890625,1314.0064303337226,1294.5086980895987,1302.429728183903,2036984
2022-04-01,1294.4215087890625,1307.9567908792355,1284.2809382645162,1304.7796876671223,2537230
2022-04-04,1304.47509765625,1309.3930678489078,1291.4185960407417,1294.4215489106757,1675276
2022-04-05,1296.118896484375,1325.2348512062913,1288.24143171449,1312.6135669090886,3207223
2022-04-06,1270.2669677734375,1289.9823056387727,1265.6101703095653,1289.9823056387727,2627895
2022-04-07,1278.2750244140625,1283.5846469545143,1262.7377030707796,1265.6101758201457,3336784
2022-04-08,1261.0404052734375,1291.2009442414058,1253.4241129206212,1283.8892823318863,5402943
2022-04-11,1261.43212890625,1272.878350166737,1249.6378192647062,1267.307554766727,3268704
2022-04-12,1231.663330078125,1254.8168385658794,1224.2210815890937,1250.2470629595825,2021088
2022-04-13,1227.70263671875,1243.5880448479088,1221.5661455500635,1234.361472883978,1430399
2022-04-18,1170.34130859375,1209.9024654107648,1157.850503893619,1209.9024654107648,3968044
2022-04-19,1132.6080322265625,1185.3998454634436,1119.0728549999021,1185.3998454634436,2677360
2022-04-20,1139.5712890625,1149.7988808329542,1127.8640031119912,1136.2637061147102,3025261
2022-04-21,1142.6177978515625,1148.1015703708829,1129.3436894754018,1143.662381607374,3728173
2022-04-22,1137.2213134765625,1152.4538989995933,1125.3398755177816,1135.9156632888742,1954666
2022-04-25,1105.798583984375,1129.778959781135,1099.0091611385058,1127.2112238192383,2686619
2022-04-26,1110.1942138671875,1119.1161560270373,1101.098227532678,1115.3733562392524,2568317
2022-04-27,1097.8341064453125,1109.367348792508,1084.7776056749026,1103.4919234458237,2382463
2022-04-28,1106.582275390625,1117.984934271045,1088.216041473667,1108.7583593851366,2576887
2022-04-29,1095.875732421875,1118.33295832024,1086.605594768919,1117.6365690466143,3811317
2022-05-02,1071.677490234375,1087.1712462534665,1065.584456828631,1079.337346160367,2149957
2022-05-04,1055.66162109375,1082.7755352438105,1044.5200315885104,1072.765551607754,2797667
2022-05-05,1099.662109375,1102.0558014312164,1063.8002927071377,1073.1138883878725,3563713
2022-05-06,1123.511962890625,1130.6930387719713,1069.501525426867,1079.0762932686619,5745203
2022-05-09,1097.7471923828125,1114.1548420480942,1053.224499123589,1114.1548420480942,5712061
2022-05-10,1081.339599609375,1106.7126516017477,1074.9853924398753,1092.3940627627883,2852416
2022-05-11,1065.802001953125,1101.6639173381623,1050.8741559976609,1081.9485820223406,3244609
2022-05-12,1055.66162109375,1073.1137462024312,1041.9522956791507,1052.353931825424,3110220
2022-05-13,1047.0008544921875,1074.593658620456,1040.1679731578251,1068.8922770190873,1892084
2022-05-16,1034.9888916015625,1062.7991966284142,1007.0478940579457,1035.8157608417796,3474480
2022-05-17,1042.9534912109375,1053.2246501353857,1029.8535293563423,1040.8645355858505,4434968
2022-05-18,1020.1915893554688,1071.0683830925673,1017.1015080403615,1052.354063518012,5294021
2022-05-19,964.7449340820312,1004.3932219171903,957.4768357162753,1003.6098105280595,4393100
2022-05-20,984.3731689453125,987.7678805100451,970.3156480612257,981.8488907944047,2461651
2022-05-23,994.8184204101562,999.0835656052208,971.0991086793906,987.0715413830526,2783695
2022-05-24,956.0405883789062,1002.6087794065296,949.6429235726575,999.2576317703124,3666196
2022-05-25,922.7899780273438,953.0375382763503,909.6028909413501,949.686390981592,4711542
2022-05-26,938.8494873046875,948.3372330532371,919.1341486342696,931.3637809701364,2946857
2022-05-27,977.7141723632812,980.2819080129781,950.513132624708,953.1244324396109,3367600
2022-05-30,1013.1845703125,1018.8423879302245,988.3336519668602,994.8184451427043,2469771
2022-05-31,1027.3289794921875,1037.5565715354269,999.8233063969287,1002.7392369201441,9674664
2022-06-01,998.0389404296875,1041.9088061499763,994.9924234526408,1032.4646247719472,2419021
2022-06-02,997.5164794921875,1005.6985730878736,985.0692418276171,992.2938801231184,3206663
2022-06-03,999.17041015625,1028.852164549374,995.862721101927,1009.7026318758662,3229236
2022-06-06,995.9498901367188,1000.1280131108771,967.1385647957421,997.5167128155484,3938875
2022-06-07,983.8508911132812,992.1200082165376,975.4946456688361,983.6767406849784,1656444
2022-06-08,978.5410766601562,991.6847045377573,974.7982772099663,987.8547767540214,1303551
2022-06-09,991.075439453125,993.9913700671948,967.617302026799,976.62626638839,1323539
2022-06-10,966.050537109375,978.2801695060035,957.6943972931484,974.0150243772171,3119792
2022-06-13,915.65234375,944.0720146144996,913.9550411751613,941.1125198970224,2012004
2022-06-14,896.677001953125,919.6564653148381,888.1902761735322,900.0281493434818,5775453
2022-06-15,887.8856201171875,902.6394775550922,885.9271448765907,902.6394775550922,3238141
2022-06-16,848.9336547851562,899.679909609801,845.1908019211087,891.3673346821765,5600443
2022-06-17,840.0117797851562,848.1068001434465,821.4280471110303,845.2778914663477,7043370
2022-06-20,852.4589233398438,860.1187797102625,825.2143687274022,839.968225384169,2985094
2022-06-21,870.5203857421875,874.4809000484543,853.0246963835036,862.9476579800039,3433536
2022-06-22,853.0247192382812,867.7785757729631,842.5795185945472,867.7785757729631,2719988
2022-06-23,862.6865234375,869.171262907553,845.4084416592941,853.9821894178419,2915172
2022-06-24,854.0692749023438,871.3038458430624,847.8021437074353,871.3038458430624,4056588
2022-06-27,876.7005615234375,891.4108546176031,866.9516964797829,866.9516964797829,3796002
2022-06-28,888.451416015625,895.6760028867768,856.550009433613,872.1743001871238,2755698
2022-06-29,888.7994995117188,894.2832722854118,872.6529710027172,877.3968435301477,3770663
2022-06-30,870.4334106445312,893.0646793212891,867.8221104125977,884.3603452148437,3264301
2022-07-01,879.7471313476562,882.6195512143653,861.1198335721964,867.8221820125466,1842102
2022-07-04,870.389892578125,882.4453739674866,866.0812366047838,879.7470516670711,1814322
2022-07-05,873.2188110351562,889.4959264927634,869.5629800731048,874.7855805540242,3045188
2022-07-06,879.0507202148438,883.4028872559569,871.8260804249647,877.3968754884052,2188175
2022-07-07,888.4948120117188,893.847998184278,884.3602537388256,888.6689093012473,1901699
2022-07-08,893.4998779296875,900.6373892507783,883.098188257753,897.416828198254,2841036
2022-07-11,877.0051879882812,885.5354249400796,859.9882251305892,883.4899276392185,2892507
2022-07-12,868.1268310546875,885.0567732761681,865.6461168274178,870.4335010833763,2013304
2022-07-13,861.772705078125,874.0893607688254,859.1614044901642,871.6521575121379,2067142
2022-07-14,849.3688354492188,869.2147048099786,843.2758021201325,868.6924660611564,2212219
2022-07-15,847.6280517578125,860.7716282448257,840.0117593508982,853.0247495744055,2544737
2022-07-18,877.396728515625,889.5827941894531,856.6804274955232,857.3767634800502,3946821
2022-07-19,877.1358032226562,879.9647119513861,862.5995538988515,870.3899439464543,2985845
2022-07-20,910.0381469726562,915.4347917127559,885.4484026857338,888.9301363900768,5574762
2022-07-21,925.4967041015625,928.2299988367632,906.0502845648197,918.5515581739061,4935223
2022-07-22,921.8671875,935.3094043453954,908.021747906459,931.9937012807475,2985409
2022-07-25,911.6063842773438,922.046528423666,903.5410537700977,922.046528423666,2888919
2022-07-26,895.5653686523438,929.5293954352652,890.9054433989469,909.5901049571407,5939871
2022-07-27,903.00341796875,905.064547118769,888.9786820040877,896.1478649234754,2546052
2022-07-28,930.201416015625,935.08537776639,909.9484976226022,915.1461439211503,3428026
2022-07-29,939.7454223632812,957.0858605994664,935.6679060726112,945.4359390753156,6185909
2022-08-01,940.5968017578125,948.9757626354906,930.0223223108413,948.9757626354906,2540084
2022-08-02,925.3622436523438,940.5071641242838,923.0322811319794,937.3706466641266,2802273
2022-08-03,943.3299560546875,947.2281769098149,918.2825606699258,920.7469669958501,3509019
2022-08-04,946.376953125,961.2977268775245,928.5883313073109,952.6051367434802,5360632
2022-08-05,948.3035278320312,957.0409686022025,941.3583826044593,949.916637577586,2641829
2022-08-08,946.8698120117188,954.263031895871,940.1039612687185,946.3321451714813,2579239
2022-08-10,945.6151123046875,949.1549617411612,934.7270040778849,946.3320743000103,2823021
2022-08-11,965.3753662109375,980.296251257256,959.0574794908111,960.6705895364354,3201408
2022-08-12,955.2039794921875,964.6135315654989,951.7089811292059,961.8354952129396,1771561
2022-08-16,965.7785034179688,967.7948360997393,946.8250637237644,964.2550958156284,2222701
2022-08-17,989.7952270507812,991.9460036101696,960.8496098813966,961.1184979737102,4280823
2022-08-18,990.3776245117188,994.0069569582121,975.0982629018233,985.7624421086955,3041422
2022-08-19,989.4815673828125,1017.1277037968327,985.7625323141111,994.724009880603,4577717
2022-08-22,966.6746826171875,985.7626763806892,963.5830161621237,982.178084830214,2157609
2022-08-23,955.2039794921875,958.9677565642945,938.2667638816183,951.7089811292059,2875768
2022-08-24,959.7296142578125,961.9252423962283,945.5256909666799,955.2937256118676,2180800
2022-08-25,959.4158935546875,976.4875543388129,954.8904124196065,967.8397054623217,2734931
2022-08-26,972.8133544921875,983.5671288266904,968.7358379664687,970.5281336888858,2624896
2022-08-29,928.0059204101562,938.8044360245519,911.651167969521,937.3706213886085,6118233
2022-08-30,964.3446655273438,968.2877378887949,934.0549342722496,939.1629331859853,4453769
2022-09-01,943.5540771484375,954.3974440710107,934.7717846100961,946.3321135577345,6112823
2022-09-02,946.6905517578125,955.7416226014496,938.3115917598868,948.3035521516948,1645341
2022-09-05,954.4423217773438,959.5951719708706,945.25680621497,946.3321398894428,1677079
2022-09-06,953.2323608398438,959.7742834666271,941.2240679635642,954.4422478712511,3051076
2022-09-07,946.1976928710938,950.8128762129427,935.578362644969,942.747545500486,2615897
2022-09-08,976.4426879882812,979.4000196883798,956.2793611050166,958.878211781914,2634786
2022-09-09,1009.64501953125,1014.7530186326106,973.4406237076112,988.1374706530152,3394349
2022-09-12,1030.65966796875,1044.0122934285498,1021.5637449928864,1021.6085961446754,5230075
2022-09-13,1028.2847900390625,1043.5193032418485,1024.3865688334295,1035.946897789447,2483685
2022-09-14,998.9359741210938,1005.3434531880322,981.2819050657156,996.5164186603431,5179539
2022-09-15,970.528076171875,1007.539024403606,966.0473371313769,1003.9544331712076,3392174
2022-09-16,925.8997802734375,962.4177998526565,921.2398558880261,954.3973215182372,6635089
2022-09-19,931.5457763671875,942.6131814612885,916.84892838716,928.4092586016415,2485826
2022-09-20,946.466552734375,955.0246988768675,940.955221700094,944.5398130208562,2321528
2022-09-21,950.0511474609375,956.1448870922511,938.2667815730771,938.4459673825393,2760138
2022-09-22,939.521484375,960.6705530295012,934.0101528871246,940.9552991427017,3867282
2022-09-23,927.6026000976562,940.8656317838175,915.8630853634851,930.2014506920718,3230711
2022-09-26,925.631103515625,942.9715419232746,908.2906104114534,922.1361051452121,3314114
2022-09-27,916.3112182617188,936.4745458029303,913.2194970994277,927.4682157439679,4448875
2022-09-28,922.7633056640625,928.7675612980615,903.8098133384756,910.4861250966475,1965519
2022-09-29,902.5104370117188,936.0263869635061,897.6264752074701,934.547721199316,3176310
2022-09-30,903.854736328125,912.9954557085454,882.3023905998991,897.0440342702184,3848885
2022-10-03,901.07666015625,912.5025452054714,895.3861432064238,905.10932546774,2431236
2022-10-04,921.5088500976562,928.4091445771604,912.1888908603577,915.8630750558475,2715420
2022-10-06,924.197265625,936.4744466710305,920.6574161955383,926.1238958716604,2397633
2022-10-07,917.5209350585938,928.8123758526503,915.0117320706394,922.942673194354,1539126
2022-10-10,922.4497680664062,925.7207295994573,899.2843680087661,903.4066262426032,1660433
2022-10-11,900.4940795898438,927.5129571775366,896.6406550548836,927.0648832851803,2310765
2022-10-12,910.3966064453125,912.995402346016,894.5347788441015,903.13777617195,2192421
2022-10-13,907.7529296875,914.9669085758505,898.881044542583,913.0401689171852,1344162
2022-10-14,913.9363403320312,940.8656263154883,910.5309895255884,927.5130018022383,3492929
2022-10-17,916.9833374023438,921.1951887692766,902.8242115413002,913.1747088326296,1426207
2022-10-18,913.5331420898438,926.5720276989367,908.693921811057,921.5984727568058,2395805
2022-10-19,913.3538818359375,923.0322674877668,910.7550312430424,918.1034544089487,1304927
2022-10-20,933.472412109375,935.0406708171021,902.420867817771,905.1093113167316,1852905
2022-10-21,933.0243530273438,935.8919823812766,924.0180234054128,933.4724269509612,1202009
2022-10-24,939.29736328125,941.9858067523256,936.4744757580116,941.8513627001629,231316
2022-10-25,970.080078125,973.2165956986144,941.8514199624711,944.0021967487028,3097049
2022-10-27,964.1205444335938,983.9702391697698,956.3241026891901,979.7583884605931,2342818
2022-10-28,940.0142822265625,968.7358657595405,936.5193929820201,968.7358657595405,1542568
2022-10-31,952.9636840820312,966.3163094652788,943.6437241867613,943.8677611583157,2629847
2022-11-01,959.6846923828125,967.8396154118411,938.4011823216724,957.9819896993131,4709472
2022-11-02,969.6319580078125,984.5975831033948,955.6072225036743,959.7743318173449,4104485
2022-11-03,943.5092163085938,959.9087652743656,941.089660936681,958.8781733963119,3460133
2022-11-04,944.2261962890625,948.8413795573306,930.8735715549358,943.6436783127291,2531080
2022-11-07,944.0916748046875,956.9962245591257,935.9814937366203,948.9756363893664,2588984
2022-11-09,937.8919677734375,956.3544089602739,934.5642587680459,954.5765887712395,2697639
2022-11-10,930.9628295898438,942.7241100887511,916.512003546148,925.401326634509,3285774
2022-11-11,965.2437133789062,971.8993538471118,953.8471449707554,956.4000208120265,5299457
2022-11-14,971.3067016601562,979.603381130866,962.2805972997659,968.2524436120164,2229790
2022-11-15,972.7655029296875,976.0021730564567,957.3117998218398,970.9876826764375,1577944
2022-11-16,972.6742553710938,980.1048399046414,965.5172329851305,971.8993110124164,2335937
2022-11-17,965.1070556640625,968.1156829846744,954.8501439684459,966.429013098096,2089630
2022-11-18,967.2040405273438,970.9877238698931,953.6649381858293,966.4290960582974,1617331
2022-11-21,950.56494140625,964.514385448435,946.1887259793024,961.96150964509,1475958
2022-11-22,957.904296875,959.9556789888211,944.5931285286811,950.5648630165989,1696991
2022-11-23,951.8870849609375,965.1982554518521,949.4253592509759,962.7365297418905,1704144
2022-11-24,974.9080200195312,976.4579086900861,953.6647735666014,956.6735119207434,2208145
2022-11-25,984.8003540039062,987.3075992127186,966.429062305866,975.5463176106383,1943246
2022-11-28,982.1106567382812,994.6925130620454,976.8227156545926,980.1049051711262,1749691
2022-11-29,979.6946411132812,989.6323596276266,978.0991215524957,981.1077488046382,1233868
2022-11-30,981.9284057617188,986.4870334579199,969.3465488023551,979.8770232984283,3909954
2022-12-01,1004.2655639648438,1010.1461484870124,992.0940516990894,995.0571593549093,4264917
2022-12-02,1016.3458862304688,1017.7591051135557,1002.9435674134031,1004.2655247211135,3418928
2022-12-05,1002.6701049804688,1021.1325461042283,999.479065773893,1021.1325461042283,2760688
2022-12-06,992.6868286132812,999.3879891823336,984.7092300085467,992.8691292063972,1838107
2022-12-07,982.8857421875,991.319203254653,979.3755098968275,990.1339155598,1478573
2022-12-08,979.3299560546875,986.8516913372971,975.8198351817261,982.931227217606,1110431
2022-12-09,943.909423828125,980.7430437889915,939.2595348943544,979.1475242161208,3138360
2022-12-12,940.9918823242188,952.2061506831403,931.6011206436754,942.724183062658,1689393
2022-12-13,953.43701171875,954.9869006648464,939.2141151320499,948.0578086143643,1983827
2022-12-14,971.078857421875,973.7685145611105,958.2235494737773,958.2235494737773,1983937
2022-12-15,932.4672241210938,966.4289978668877,930.1879104468794,966.4289978668877,5184673
2022-12-16,930.6893920898438,942.2683172287934,921.7544931962362,925.4013952464686,2994364
2022-12-19,936.0685424804688,937.3449804614122,920.6148395067204,929.9144508966116,1529622
2022-12-20,928.0909423828125,934.5185957411318,915.3723610966794,934.5185957411318,2149130
2022-12-21,935.4760131835938,939.5787780186367,930.1879606561353,934.0627941114536,2037666
2022-12-22,926.1763305664062,943.6358962191428,923.2132226797278,939.077268701176,1925482
2022-12-23,907.8507080078125,925.8572874536114,905.343462768524,916.329744414853,1504806
2022-12-26,912.6371459960938,917.6516358092591,905.3433426314896,912.0445022137982,966423
2022-12-27,920.4324340820312,923.2131856269249,905.5257449554771,920.569215161004,1615647
2022-12-28,926.541015625,929.4129731353065,913.7312838078132,916.5576105264427,1077963
2022-12-29,923.7603149414062,926.0396287585498,918.1076055454282,920.8427821260005,1977329
2022-12-30,926.6777954101562,936.9347070079045,925.4013574857358,932.4672299197402,1317151
2023-01-02,920.3869018554688,931.6466896390564,916.4664932940158,928.045418394319,1348611
2023-01-03,933.424560546875,934.336341698849,919.0648838483966,923.5779362259515,1439615
2023-01-04,930.2335205078125,938.4846251887176,922.7573602463057,933.4245597714903,1702044
2023-01-05,922.3470458984375,934.4729272404944,915.8281868688715,930.8716563395897,1376035
2023-01-06,899.09814453125,922.3471453099797,898.0496379234814,920.3869131814768,2346808
2023-01-09,925.62939453125,930.8718166130571,907.5316640381977,909.8565531363191,2190779
2023-01-10,914.1416015625,924.5352389506178,910.8593563499559,923.5779382980332,1411099
2023-01-11,917.514892578125,927.1792158231913,914.6885659166967,919.4295494286814,1294200
2023-01-12,913.1386108398438,924.0337410672362,909.2637776878597,920.8427020008965,1948321
2023-01-13,914.5974731445312,919.9310451513512,899.2348648197727,915.7827051852347,2837817
2023-01-16,943.1343994140625,944.3196870824834,914.6886083181283,919.2016606747765,4286551
2023-01-17,953.7105712890625,957.3118427510858,939.8979067275862,942.7242337186883,2466876
2023-01-18,955.807373046875,958.6793305327859,951.3855267817044,953.7104712452068,1138627
2023-01-19,960.320556640625,960.9587200013351,948.2857127253153,951.7503142981973,1768051
2023-01-20,954.1207275390625,964.1497079527554,949.8811817416237,959.591080491986,1160517
2023-01-23,971.26123046875,975.1815833855762,954.8045404928968,960.5028249312645,1344952
2023-01-24,976.0933837890625,982.2020119524642,971.2613049913434,975.5463706999318,1578750
2023-01-25,958.3602294921875,973.4492189202543,956.3999975148126,970.9876047219022,1049973
2023-01-27,939.16845703125,964.2865401904386,931.3276396416979,958.2235430870529,1651820
2023-01-30,944.6387939453125,955.4427191547991,928.5012966749016,939.1684407967501,2654212
2023-01-31,925.4013671875,938.0287428946331,908.1241581189222,934.5186220366379,5797831
2023-02-01,933.3790283203125,943.1800779461424,914.7342297631087,928.182181575294,1939670
2023-02-02,926.9057006835938,952.0693008360432,921.8455799199845,936.6155989816864,3860090
2023-02-03,922.0280151367188,936.2509667588163,914.460704385424,934.0171724389293,2980262
2023-02-06,916.603271484375,926.6778834621774,908.9903853007112,917.1959153585913,2003960
2023-02-07,913.959228515625,919.4295814552399,908.9903134660133,916.2841173854998,1697633
2023-02-08,921.7999877929688,931.0084480535303,915.6914162631516,918.5633736356737,2611176
2023-02-09,926.3131103515625,927.8630548349588,914.0959663616244,921.8000579856439,1782899
2023-02-10,927.5438842773438,931.4187175233054,915.4635218046396,922.2558876829044,1116554
2023-02-13,914.0047607421875,927.9541489537294,912.1813098479387,925.4013288312422,1682312
2023-02-14,922.7117309570312,935.1567499667317,916.9678717489152,917.2413782545768,2440189
2023-02-15,976.8226928710938,980.1048823110733,919.2927822047295,925.3102037077675,6712218
2023-02-16,1030.477783203125,1040.324463472881,979.2388527897496,980.1049475278561,14422445
2023-02-17,1029.5203857421875,1038.4553401223686,1010.2830000322065,1010.2830000322065,5333732
2023-02-20,1043.1962890625,1054.7296390786264,1021.1325761317856,1029.7939685186177,4590531
2023-02-21,1034.3070068359375,1050.2622039787743,1031.2072289981704,1044.837481468059,3494288
2023-02-22,1026.329345703125,1034.124643207015,1019.3091039060549,1022.9560058878297,2674708
2023-02-23,1029.15576171875,1048.0284345521259,1024.825065708204,1027.5146113442765,2576193
2023-02-24,1020.2207641601562,1040.2787237772461,1017.485587848735,1036.6318220286844,1913493
2023-02-27,1015.6165771484375,1019.5370413199176,1000.0260933429114,1011.1035804371014,2247105
2023-02-28,1003.1259765625,1035.2643002833163,999.934937327809,1019.3091041098614,3894204
2023-03-01,1027.4234619140625,1029.3380631561388,1000.1628479028204,1003.1259557019855,2084324
2023-03-02,1011.8329467773438,1024.7794036219836,1007.4566201088007,1021.1325018297347,1838692
2023-03-03,989.3589477539062,1020.7678466847092,986.8972221292015,1019.3091081448564,2388401
2023-03-06,993.8263549804688,999.2510768010983,989.2220970156859,995.6041750609484,2076844
2023-03-08,983.1137084960938,992.3221143241396,975.181629406781,984.6635974186257,2230530
2023-03-09,966.428955078125,987.7177215938017,964.012860431508,986.4869145231427,2550755
2023-03-10,967.5686645507812,969.1185533471748,949.1518543935496,952.7531255176126,1400844
2023-03-13,1033.7142333984375,1061.8864573248436,1025.6910059011057,1025.6910059011057,13080169
2023-03-14,1016.8473510742188,1037.7714038265915,1001.4391700411545,1028.4262187712675,4325522
2023-03-15,1016.0269775390625,1032.2556255899865,1012.5168564223334,1025.6000958363,2583351
2023-03-16,1019.0810546875,1023.5029005701444,1003.8552851921172,1008.3682813548423,2396839
2023-03-17,1027.6513671875,1032.529076104879,1015.844455787724,1024.1867659463014,2507004
2023-03-20,1011.1036376953125,1036.4496525719803,999.2512055131313,1036.4496525719803,4007438
2023-03-21,998.9320678710938,1011.8785254731692,990.5441264814162,1007.4110482573712,3354949
2023-03-22,1002.5332641601562,1008.6418913398023,997.0173920656633,1000.1628002925869,1750203
2023-03-23,1002.3966064453125,1013.8388065587661,991.1368182177254,991.1368182177254,1720354
2023-03-24,1004.6759033203125,1019.3091425954568,999.8438247878219,1007.4567107048119,1943460
2023-03-27,1005.6331787109375,1015.3430770834332,993.8718980609262,993.8718980609262,1455300
2023-03-28,975.8197631835938,1007.0918783653788,972.0815999196267,1001.9862382637207,2431154
2023-03-29,985.6664428710938,991.4103581967478,971.0788344703166,980.7431027769076,1642278
2023-03-31,1004.5846557617188,1008.3683386040102,995.1026889083288,998.3393587444766,2281085
2023-04-03,1005.8154907226562,1007.4566410811765,989.3132820281223,1007.0919286354373,1508662
2023-04-05,1006.0890502929688,1016.5738931369824,1001.6215732570317,1004.7214620959235,1947605
2023-04-06,996.2880859375,1007.4110930311247,987.3987619037406,1006.5449982841455,1355815
2023-04-10,1009.5079956054688,1013.6107600942695,994.5556760984731,999.5701660292295,940829
2023-04-11,1001.3026123046875,1018.3974668284416,995.9690399522015,1010.1919366570397,1384483
2023-04-12,1011.9241943359375,1015.2063840055449,994.5102588629301,1005.6332658806609,1376719
2023-04-13,990.9088134765625,1003.1259571403301,981.016614299473,1003.1259571403301,2725180
2023-04-17,939.0316772460938,946.3711123753311,913.5489928709843,943.6359357499688,4349422
2023-04-18,934.7008666992188,946.1430653682268,921.7544101057839,943.4535198664736,2735592
2023-04-19,924.3984985351562,938.1655312045013,920.8427468576738,934.7009298172895,1953837
2023-04-20,931.6011352539062,933.4245863135723,920.8883602783684,925.492563074563,1250758
2023-04-21,910.5858764648438,929.5953315769253,906.1183990923499,924.763197379465,4269272
2023-04-24,917.2870483398438,918.5179112136775,903.5200148726561,913.5489958651881,1625433
2023-04-25,908.9902954101562,917.2869749448469,906.6198314423323,917.195824656587,1984203
2023-04-26,908.3521118164062,914.0048210912704,905.0699222489671,908.9903308009941,1589700
2023-04-27,914.5974731445312,919.6119634798458,905.3434369031633,910.8137899962338,3543950
2023-04-28,933.3333129882812,936.0684335699287,894.4482020077827,895.268777135389,5146250
2023-05-02,960.4571533203125,971.7170519276973,930.3246932675669,930.3246932675669,4762884
2023-05-03,947.829833984375,957.9955958519108,946.5990267839603,948.1033961598538,2217136
2023-05-04,953.163330078125,954.622179838242,938.0287098211037,941.8123927090118,1744298
2023-05-05,944.9122924804688,957.9498998296838,940.4904462421174,953.6648346697582,1222282
2023-05-08,951.2486572265625,954.5764771373947,943.9093346614367,949.0604940458371,1487285
2023-05-09,955.3060302734375,958.6337393366249,948.0577457196515,955.8530433184397,1747630
2023-05-10,953.8016357421875,958.2234820732315,946.5078318824484,955.4883056258293,1186977
2023-05-11,951.8870849609375,965.3350365403978,950.8840978413492,961.8704350054684,1451786
2023-05-12,953.98388671875,960.5027458383688,942.7697306442462,951.8869849948715,1140016
2023-05-15,970.4861450195312,975.4551156743391,950.017952461785,953.6648543906209,2122222
2023-05-16,963.8760986328125,977.1873792027417,960.0468962709434,975.4550785934732,1343911
2023-05-17,961.0953979492188,972.2640346254092,947.2827352295388,964.6055186456709,2803566
2023-05-18,956.1264038085938,966.383314787589,952.7986950599831,965.5172201560945,909923
2023-05-19,977.5065307617188,983.5238968869936,956.4000628824624,963.2836350216277,2624323
2023-05-22,1006.9552001953125,1012.4255532835274,975.6374510242058,977.3697517610642,2996190
2023-05-23,994.2366943359375,1020.4031726309653,990.498641907308,1006.5449890388584,1414119
2023-05-24,1001.7584838867188,1005.9523993077742,989.2222571259066,989.4501885215577,1782245
2023-05-25,1001.1657104492188,1002.8980110909347,986.0767207863908,1000.1628346970504,1200289
2023-05-26,1016.3458862304688,1021.497156982058,1001.9862112287824,1001.9862112287824,2104054
2023-05-29,1015.7078247070312,1028.471981542585,1012.1064422516595,1028.471981542585,1432241
2023-05-30,1001.439208984375,1021.861880353502,998.3393203426548,1016.5738284767673,2822485
2023-05-31,1017.075439453125,1027.924884010483,999.2511611752628,1001.4393246630374,7599886
2023-06-01,1021.8618774414062,1036.3582223310298,1018.9442893714995,1022.9559034084931,1412280
2023-06-02,1023.9588623046875,1038.6376202447443,1018.9443721746013,1028.426339406778,1907589
2023-06-05,1011.4227905273438,1034.3983428426936,1009.7361203955415,1024.8707433723407,1754521
2023-06-06,990.3618774414062,1004.7215548358386,976.9595563911184,1002.8981037381328,3284841
2023-06-07,998.9776611328125,1001.986400027451,988.4928170924888,998.3394977525559,2086377
2023-06-08,976.7315673828125,1004.2656328159807,974.6345542263126,1003.8097700684473,4054486
2023-06-09,969.2098999023438,983.751878048887,966.5202427268259,983.751878048887,2782697
2023-06-12,979.8768920898438,983.7517251127624,968.3891740925827,971.8992946897171,1767945
2023-06-13,984.1165161132812,991.8661827778745,980.4696141534725,984.2532971956971,1846534
2023-06-14,982.475341796875,989.1765017259722,976.5036067598292,984.6635051784162,1321534
2023-06-15,986.0311889648438,987.8546400771227,974.9537011988243,983.7062442788387,1389325
2023-06-16,982.1106567382812,990.9999802968101,976.8682351524822,987.854571863177,4392418
2023-06-19,997.0631103515625,999.0689734814345,979.2389413542599,983.7519386308679,2188899
2023-06-20,1009.5993041992188,1012.8814940459955,992.1397369891275,997.0630774066062,3318866
2023-06-21,1021.04150390625,1021.81644839382,1006.6361951594254,1009.5993033077903,1985965
2023-06-22,1020.266357421875,1026.830735809988,1012.3799104217718,1018.3061255452035,2360795
2023-06-23,1017.0296630859375,1019.3089765397384,997.4731981701672,1015.662075013657,3492348
2023-06-26,1013.7477416992188,1026.6030507147848,1010.465551717849,1014.021192609131,1432154
2023-06-27,1020.8589477539062,1022.0442353636085,1009.0065168353274,1011.103529900305,1227245
2023-06-28,1010.2828979492188,1027.4688995563058,1007.1830093165881,1021.1324525161236,1876800
2023-06-30,1031.0247802734375,1032.5291496377938,1012.5623385249472,1016.2548713924929,2478834
2023-07-03,1022.45458984375,1036.540816592781,1016.6651547677994,1035.7202413257635,1899656
2023-07-04,1046.6607666015625,1053.9545698531413,1021.2236055027603,1024.369124931767,2773593
2023-07-05,1071.27734375,1080.3489669515732,1045.293169880319,1049.2136336135864,3732838
2023-07-06,1075.1522216796875,1079.4829175058298,1059.4249578900121,1071.2773885720862,2520085
2023-07-07,1053.95458984375,1079.7564638534427,1049.6238940809837,1066.7187457761138,2261102
2023-07-10,1045.885986328125,1057.5560065845082,1035.3555117139508,1057.5560065845082,2088505
2023-07-11,1058.9234619140625,1063.2541577301126,1044.0167733114217,1052.7237957331138,1212566
2023-07-12,1057.0545654296875,1065.8071079581018,1051.6297319357657,1063.071931462059,1274203
2023-07-13,1071.5054931640625,1086.6857464046357,1051.6754617015495,1057.0546649089267,3215610
2023-07-14,1120.1915283203125,1123.2457864059188,1078.5712380829561,1079.4373327672906,6033106
2023-07-17,1132.727783203125,1158.5751788633647,1112.8977535826032,1126.8015674544633,4880073
2023-07-18,1137.4232177734375,1147.3154174132937,1116.8637627654984,1133.2748221367465,2666872
2023-07-19,1134.82470703125,1150.3240408276142,1122.4252622530823,1144.2155243786594,2293881
2023-07-20,1142.346435546875,1144.671380119924,1126.5280201753083,1135.0982622455638,2000345
2023-07-21,1118.1607666015625,1139.5396861396305,1104.9685317824585,1122.2775223311253,5032086
2023-07-24,1087.05126953125,1126.4408920036765,1080.8761935831265,1119.4705610233377,2669308
2023-07-25,1082.0457763671875,1089.7178235197553,1071.2861339735666,1089.0629344499837,2557865
2023-07-26,1069.6019287109375,1091.8697551781113,1066.0933498061236,1083.4491658065579,3170213
2023-07-27,1029.0897216796875,1052.5737896100065,1012.6228123467686,1039.4750935615264,17594818
2023-07-28,1020.809326171875,1029.1830883424059,1015.1956002354618,1029.1830883424059,4244321
2023-07-31,1043.685302734375,1046.959976476706,1017.1604682638045,1024.5050708150072,4766331
2023-08-01,1069.882568359375,1080.1743989251408,1047.8019365333134,1047.8954757870574,3805214
2023-08-02,1071.894287109375,1078.396807772814,1053.13503922639,1069.4148684652855,2357217
2023-08-03,1069.227783203125,1073.110519197114,1049.111930598428,1066.6079985746358,2348236
2023-08-04,1099.541748046875,1105.7636505082403,1069.2277191668782,1079.6598018957566,3580506
2023-08-07,1107.4478759765625,1116.0555439309687,1096.6414071907705,1104.0328363100723,1694290
2023-08-08,1127.7974853515625,1131.0721585876522,1099.4481256516572,1109.6464165720724,5137402
2023-08-09,1148.942626953125,1156.8954057227515,1122.9323165866665,1129.2477585507818,3396984
2023-08-10,1156.2406005859375,1159.4216209553724,1137.340985846826,1141.4577415274337,3715680
2023-08-11,1141.8785400390625,1169.8536292201295,1137.060183527205,1156.2404129567888,2933959
2023-08-14,1141.223876953125,1142.5804819113214,1125.5522229756996,1134.0663524435104,1842625
2023-08-16,1148.8021240234375,1159.2343201259584,1141.4575226421869,1142.3931435623851,2341456
2023-08-17,1152.4510498046875,1154.4626575928687,1136.3584159223115,1146.1356086955489,2636308
2023-08-18,1132.8499755859375,1147.02454265575,1127.563693985829,1147.02454265575,1794430
2023-08-21,1140.3817138671875,1145.2001852011538,1126.8152084052458,1127.4233849406785,1175945
2023-08-22,1135.0953369140625,1144.2644682807343,1131.3996796962208,1140.381618338372,1003208
2023-08-23,1123.6807861328125,1140.381597622286,1121.996622700452,1135.0953162940068,1569035
2023-08-24,1121.9031982421875,1138.1830276451444,1119.6576848397872,1128.5460849734732,1218843
2023-08-25,1112.9212646484375,1120.125501215007,1102.5826061228186,1113.3890751842293,1213340
2023-08-28,1108.476806640625,1119.2832731876124,1106.184581233218,1112.9678324238864,950013
2023-08-29,1120.8739013671875,1130.1365716414953,1111.7515970780973,1115.6344468742236,1419344
2023-08-30,1120.1253662109375,1142.9545404483777,1117.646062039307,1130.1832915182188,2016339
2023-08-31,1124.569580078125,1136.3116689453398,1120.8739229283794,1121.8095438991045,2817747
2023-09-01,1148.9893798828125,1150.720255838001,1126.5344765639275,1127.423270802349,1686038
2023-09-04,1175.841796875,1184.496291898747,1146.6504647497964,1155.4920383056494,3466873
2023-09-05,1173.783447265625,1185.0576125189725,1168.2632601657492,1177.7130100355405,2199985
2023-09-06,1168.5438232421875,1178.5082099133701,1156.2872107644757,1173.7833923054825,1753376
2023-09-07,1187.5369873046875,1192.7764422082164,1158.9070067500913,1168.5438347914003,2554884
2023-09-08,1181.6424560546875,1195.7235973101324,1177.9936256480935,1190.1098715011647,1731105
2023-09-11,1187.1627197265625,1192.9168118968457,1182.1571700640507,1183.5606016074587,1293853
2023-09-12,1184.49609375,1201.1501919375776,1170.9764170375481,1189.9227408119852,2335224
2023-09-13,1179.2568359375,1187.0692491387815,1173.1752988975772,1179.1632966715051,1204376
2023-09-14,1197.4547119140625,1206.343112883071,1180.753897146186,1180.753897146186,3288631
2023-09-15,1216.3541259765625,1219.769051255196,1191.981153257133,1195.9107157700648,4316210
2023-09-18,1206.7640380859375,1218.1785688529346,1200.4017694610716,1217.2429478323104,1967717
2023-09-20,1192.3087158203125,1206.1559536673774,1187.349992559347,1199.466240016859,2843560
2023-09-21,1208.494873046875,1212.5648015059166,1184.4026325848554,1193.8055549955313,2960250
2023-09-22,1221.3128662109375,1235.0197368907086,1201.337380430053,1206.9979332420885,3252940
2023-09-25,1215.792724609375,1229.7803277978142,1212.6117044168036,1221.3129116324812,2100302
2023-09-26,1199.7469482421875,1219.1610855174504,1196.7997190183303,1216.3073955586324,1141475
2023-09-27,1205.68798828125,1210.599998383725,1182.6249084816059,1188.1918075797932,1568115
2023-09-28,1150.345947265625,1192.0279058828835,1143.3287902062575,1192.0279058828835,6570797
2023-09-29,1144.0775146484375,1152.3577384534349,1132.1015190106434,1145.2002142719236,2861162
2023-10-03,1137.902099609375,1151.4686027394216,1134.4871746734543,1142.0188544359723,1622290
2023-10-04,1127.42333984375,1137.2473606473677,1109.693367030413,1132.1014449883298,2340603
2023-10-05,1127.9847412109375,1145.1533650344998,1122.2774755158196,1135.8439810556106,2497613
2023-10-06,1138.5572509765625,1144.2645164008468,1127.4233379092564,1129.2945799638776,1446719
2023-10-09,1134.580810546875,1148.708664581108,1124.7567902022595,1125.785950443672,1451064
2023-10-10,1148.708740234375,1152.170492422991,1134.9083297937664,1136.966650412151,1503359
2023-10-11,1152.310791015625,1159.1408699425,1143.3288523338713,1150.9073595274901,1622663
2023-10-12,1121.57568359375,1152.6850821167884,1112.734110750769,1152.6850821167884,2452842
2023-10-13,1117.224853515625,1125.5050753394,1104.0326221441746,1110.5819682077417,3266079
2023-10-16,1108.336669921875,1121.1079200613588,1104.7813784686418,1118.347883656115,2638043
2023-10-17,1120.499755859375,1125.5521324132667,1111.9388003391077,1113.3890586631649,1163897
2023-10-18,1110.6756591796875,1124.6164348331567,1102.2083577105757,1122.7451928450814,2337078
2023-10-19,1096.6883544921875,1109.1320472679338,1092.6184253294869,1095.191383493576,3107691
2023-10-20,1095.3314208984375,1100.290257710492,1074.467141851432,1094.6765319058466,2962470
2023-10-23,1081.5311279296875,1095.5654439504624,1077.4144865995052,1089.1564624766197,1203959
2023-10-25,1068.61962890625,1090.8406293387839,1063.3333470136727,1087.1916843201827,1555285
2023-10-26,1043.638427734375,1047.895549087162,1027.4522525120128,1029.2299553036673,7099401
2023-10-27,1048.41015625,1053.462418276017,1042.3286197557115,1047.848692281289,1382498
2023-10-30,1054.3514404296875,1065.5788936296597,1043.685337047402,1048.4102692870144,2255915
2023-10-31,1060.1990966796875,1063.9415811657216,1043.7321877834502,1054.3514646702592,1194765
2023-11-01,1052.667236328125,1064.7367708967704,1047.8487650059208,1058.1405967105468,1288497
2023-11-02,1054.9368896484375,1068.649650652384,1053.3292328113134,1063.921112375161,2493118
2023-11-03,1071.5814208984375,1074.323996442713,1055.409841575764,1062.9755035225435,1108121
2023-11-06,1080.1400146484375,1082.6461630074436,1072.763448807368,1075.7424509909856,572330
2023-11-07,1086.6181640625,1087.8476302686,1074.8441491930043,1079.9982100603786,902481
2023-11-08,1077.3028564453125,1090.2590046385355,1075.3168935355022,1089.2187493469992,806162
2023-11-09,1062.9281005859375,1079.052462704447,1056.544573746976,1078.106755024601,6042108
2023-11-10,1076.357177734375,1077.8702868756855,1060.611122378663,1061.0839762004991,706806
2023-11-13,1069.92626953125,1080.1399577822676,1066.75817216171,1078.6740648260159,435537
2023-11-15,1110.0244140625,1114.847500249093,1081.4167561068957,1082.8353176584133,2816201
2023-11-16,1141.658203125,1148.9874372470108,1104.0191087705623,1111.206463659711,2294942
2023-11-17,1137.4498291015625,1148.0417081673659,1132.9577179494258,1146.3867198481576,1176628
2023-11-20,1146.008544921875,1156.1275703213819,1137.4498447476826,1139.483139227815,1077366
2023-11-21,1139.1048583984375,1154.8509137761969,1135.227480142517,1153.7159953365042,1129326
2023-11-22,1149.4130859375,1151.8719027069296,1138.631995779264,1139.5777034169541,750622
2023-11-23,1145.157470703125,1154.61454765097,1141.4218560430259,1149.0348491631746,651637
2023-11-24,1132.81591796875,1148.9874961592088,1130.2152218566262,1146.2450362497798,884921
2023-11-28,1137.1190185546875,1143.3606665989175,1121.6093884088637,1130.2153058215779,910795
2023-11-29,1155.37109375,1167.5707466208876,1141.1382616029969,1141.4692362217013,1898448
2023-11-30,1154.6617431640625,1161.6127869509482,1143.0768241096953,1155.654782402998,2978406
2023-12-01,1154.2835693359375,1160.1942424093409,1145.7722001102366,1160.1942424093409,1017856
2023-12-04,1157.45166015625,1181.3779953499118,1151.8719617194529,1170.7861154422683,1581599
2023-12-05,1154.3306884765625,1159.673959574584,1143.2186240321168,1157.5461174469242,1499843
2023-12-06,1158.680908203125,1179.2973801111466,1152.4865926735274,1156.600397655118,2637916
2023-12-07,1156.8370361328125,1164.166271391369,1153.8580335520562,1159.437732514881,1076885
2023-12-08,1158.775634765625,1170.7387442359309,1151.1626419728586,1163.2204145628393,2642571
2023-12-11,1166.3411865234375,1173.1502348168312,1158.7755260006365,1164.166012946005,1558876
2023-12-12,1159.5794677734375,1177.4060340355302,1152.4866603394885,1170.7387488704865,1114846
2023-12-13,1150.0750732421875,1166.9559320461499,1132.0594114124983,1159.4376022543408,3025706
2023-12-14,1196.036376953125,1200.8595781537229,1163.3622480539186,1167.9489069074598,5287733
2023-12-15,1235.188720703125,1252.8735227679213,1193.955890848334,1201.0486981207005,5900381
2023-12-18,1221.617919921875,1260.675694059352,1216.6056229411138,1234.1485469309441,2671348
2023-12-19,1211.876953125,1230.3182512532076,1200.2920350701004,1229.4198752138338,1717860
2023-12-20,1180.810546875,1242.6598501778994,1170.9751642416475,1220.9085742615437,2860865
2023-12-21,1182.2291259765625,1190.2204249915608,1159.4375943955265,1165.111840371361,3337533
2023-12-22,1205.9190673828125,1211.3568860744895,1175.0416912015082,1191.5915741761773,2297352
2023-12-26,1212.397216796875,1218.780743484378,1192.111833722608,1205.77726319502,1720830
2023-12-27,1210.647705078125,1221.3814641171075,1198.448052963534,1217.976939570504,1584695
2023-12-28,1216.1328125,1219.0172672614235,1201.5690057729473,1215.2344363312095,2284964
2023-12-29,1203.554931640625,1221.807021047815,1199.2519154136644,1216.1327748282633,1187193
2024-01-01,1226.7247314453125,1233.0137105609938,1196.5566335800588,1203.8858680477492,1776828
2024-01-02,1208.708984375,1228.5688460108147,1203.7440189660463,1227.5285906327438,1615064
2024-01-03,1176.6495361328125,1204.8316732541991,1172.677609760759,1196.3203035059357,2231707
2024-01-04,1179.770263671875,1186.579312403312,1164.8280370009447,1182.2290804114036,3355191
2024-01-05,1180.5269775390625,1202.7983247866782,1177.92628134324,1186.7686253204697,1756868
2024-01-08,1162.2274169921875,1186.1538676757561,1155.0873932134768,1182.3237053622172,1320667
2024-01-09,1168.563720703125,1183.269405896946,1165.679266095025,1173.1977114348845,994439
2024-01-10,1173.5286865234375,1178.7772948965999,1161.6127928102637,1169.3675496310887,808638
2024-01-11,1181.567138671875,1193.293936398853,1173.5286237987693,1173.5286237987693,930492
2024-01-12,1237.032958984375,1240.5320311722799,1198.2116131086555,1202.7510560836736,5023455
2024-01-15,1265.0260009765625,1325.409418016689,1261.4322653320958,1262.5198523384086,6012767
2024-01-16,1248.7122802734375,1259.8715601707142,1239.3497523786561,1257.885597391292,1883106
2024-01-17,1254.717529296875,1262.046763027458,1234.384816366871,1235.0940970504757,2313059
2024-01-18,1281.57568359375,1295.1465646325878,1235.0941317343263,1254.6702329744257,4533782
2024-01-19,1314.4390869140625,1321.9574165606687,1281.4338668131147,1299.3077645015092,4463826
2024-01-23,1292.4515380859375,1339.4059516326477,1283.0890081386458,1320.6808917380645,2683661
2024-01-24,1331.5091552734375,1333.920756167501,1291.4112397854522,1298.4093846489336,2008135
2024-01-25,1250.27294921875,1282.710655055598,1240.8158719293765,1274.8140186075389,8424862
2024-01-29,1242.99072265625,1265.3567297953823,1239.8226253824712,1265.3567297953823,2495791
2024-01-30,1246.3009033203125,1268.1467286970826,1243.6056593904293,1252.0696973589552,2293154
2024-01-31,1261.2430419921875,1263.4654319013523,1241.0522065694556,1246.5372417236888,1798462
2024-02-01,1241.241455078125,1263.7965624304045,1238.6407586960565,1257.7913411458333,2286420
2024-02-02,1265.451416015625,1280.4881911270272,1251.2185847817213,1251.6441070580654,1838847
2024-02-05,1260.391845703125,1279.6369729128592,1255.8997344541363,1272.7333764695825,953919
2024-02-06,1277.6983642578125,1288.4321229761495,1255.994304466264,1257.7911720863817,2713529
2024-02-07,1246.442626953125,1284.9328804095255,1242.7071280798257,1278.12383181119,2004588
2024-02-08,1238.167724609375,1257.4601835062515,1231.3113442363233,1254.0083275402187,2308756
2024-02-09,1239.8701171875,1249.705384841248,1235.0469155985336,1245.4970317841828,1085349
2024-02-12,1247.199462890625,1258.7370515966422,1239.9174437396487,1246.821156691133,1149683
2024-02-13,1256.3253173828125,1262.3306534862634,1229.4199801482393,1250.1782174820712,1127361
2024-02-14,1222.7054443359375,1248.2867670145063,1213.011940918979,1238.8770220698098,3426103
2024-02-15,1229.7508544921875,1236.9855407202858,1221.4286968784172,1233.864659463358,1703763
2024-02-16,1231.83154296875,1238.1204064731219,1227.5285269936057,1234.2430282052362,1994659
2024-02-19,1238.8770751953125,1246.4427367232229,1217.551320586382,1232.2097897967083,1496111
2024-02-20,1248.8543701171875,1251.7860409472255,1231.3114458142054,1238.8771075396382,2113200
2024-02-21,1226.20458984375,1253.0627118119082,1222.0434528442604,1248.334173276769,1769508
2024-02-22,1255.994384765625,1258.2641063549452,1228.8052881420213,1236.0399752017386,2201424
2024-02-23,1250.4620361328125,1269.6599490775754,1244.835121360815,1266.2080928017251,1660506
2024-02-26,1227.7650146484375,1252.9681478008447,1224.6914646406522,1250.4619993213146,1196507
2024-02-27,1225.6845703125,1234.1959400260282,1214.0049872957752,1224.691531002119,1488661
2024-02-28,1216.038330078125,1235.1416965666551,1201.994592584569,1231.3115338671196,1289779
2024-02-29,1204.6898193359375,1215.423579433394,1195.611047835445,1210.5059452081232,2251498
2024-03-01,1202.7510986328125,1217.1258094908464,1199.1573631968868,1217.1258094908464,1560034
2024-03-04,1210.5531005859375,1215.7071610034932,1201.1432403813194,1206.3446323576081,1843831
2024-03-05,1203.4130859375,1210.4113462252326,1190.740579272066,1205.6828075771482,1420379
2024-03-06,1201.994384765625,1205.1624822033896,1182.229072423243,1198.6844080963253,2064350
2024-03-07,1218.2132568359375,1222.8944632357989,1196.8402883608712,1205.7771789216324,2073691
2024-03-11,1219.01708984375,1225.9208014637486,1206.2500373124153,1218.2132614766379,1577732
2024-03-12,1222.13818359375,1236.6547746113063,1208.3307579528694,1224.6915483668763,1963068
2024-03-13,1207.8577880859375,1228.8525675932897,1197.5496668530836,1222.1380662352008,2001399
2024-03-14,1223.131103515625,1227.0084822278664,1189.7476889841148,1202.9402660072942,2129097
2024-03-15,1212.58642578125,1222.8001156154992,1199.6302758377888,1222.8001156154992,2499025
2024-03-18,1203.554931640625,1217.5513363831512,1199.2046992942023,1212.397275577526,630807
2024-03-19,1184.262451171875,1203.5549110772963,1181.0943535086542,1201.0487626179129,1243420
2024-03-20,1195.6583251953125,1202.9402285146894,1179.2975353441961,1184.0260739782948,1139621
2024-03-21,1213.1065673828125,1217.5513474513996,1201.6635271579264,1205.7773326159313,1420041
2024-03-22,1194.0977783203125,1210.4112351593,1168.9891942257832,1190.1730685139617,2990908
2024-03-26,1186.2484130859375,1202.5618706727435,1183.080315425762,1193.719526895418,2144358
2024-03-27,1185.728271484375,1194.5706147274598,1178.8718911737374,1189.7001973492693,2128854
2024-03-28,1180.3377685546875,1196.272920363315,1174.5689746181574,1191.5917133807393,2436133
2024-04-01,1176.9805908203125,1192.679315906649,1174.5689899536594,1184.1206148510275,1397037
2024-04-02,1169.6513671875,1183.978746949422,1168.043594780046,1176.4604166695453,1320357
2024-04-03,1187.0050048828125,1194.4287870024564,1172.6775105962358,1172.6775105962358,1819093
2024-04-04,1209.796630859375,1219.0172813584009,1179.2030084460466,1191.5917567971956,2460669
2024-04-05,1194.80712890625,1206.6756912520832,1191.7807950065328,1205.7773151159934,1184658
2024-04-08,1196.4620361328125,1201.0486950687223,1187.903335868775,1201.0486950687223,686932
2024-04-09,1183.4586181640625,1211.4515425057618,1175.2782236136109,1196.414767250262,1198161
2024-04-10,1197.5496826171875,1204.3114001820138,1184.0260166018702,1192.017200329119,1994380
2024-04-12,1174.66357421875,1200.8124166177984,1170.7861955289106,1196.2729732366727,2887322
2024-04-15,1152.581298828125,1173.292321255635,1145.2520639022437,1167.9490494791667,2153147
2024-04-16,1130.8773193359375,1147.2853249221532,1126.337876176731,1139.577784041109,2085459
2024-04-18,1115.6041259765625,1142.2730372880403,1112.199601300626,1134.4237325411364,3242357
2024-04-19,1128.843994140625,1139.435873968421,1099.8106991292734,1099.90536225144,2572144
2024-04-22,1142.4622802734375,1150.6425598614971,1130.2152957877124,1131.1610035267101,1364143
2024-04-23,1135.085693359375,1151.872005425302,1133.714463339575,1151.872005425302,1460983
2024-04-24,1121.3255615234375,1142.3675576196993,1117.3536354037483,1142.3675576196993,1375843
2024-04-25,1125.6759033203125,1128.7494532957098,1109.1260188374042,1120.66360641407,3357065
2024-04-26,1209.32373046875,1273.8682814791055,1173.6232645252933,1182.134633889296,20431926
2024-04-29,1218.355224609375,1239.822742315199,1215.2343431541042,1219.9628814543148,4120529
2024-04-30,1194.901611328125,1221.0031192824215,1191.6389661248984,1218.355207137973,2613213
2024-05-02,1198.116943359375,1205.162418577794,1185.4444388345269,1194.6177560851577,2124221
2024-05-03,1182.5601806640625,1202.9402283513962,1175.5620358408166,1201.0488128980135,2322455
2024-05-06,1193.7196044921875,1196.9822500445011,1177.500693531137,1189.7003465646044,1363667
2024-05-07,1222.27978515625,1224.502290449993,1188.65994803957,1199.15727968643,2350444
2024-05-08,1217.125732421875,1229.4199317392677,1210.8367535286434,1223.745685900471,1332284
2024-05-09,1200.1976318359375,1216.0855675432363,1192.9157286450798,1212.3972843851666,2420777
2024-05-10,1195.7528076171875,1204.0749658932887,1180.4796055740678,1197.2659168089485,1322206
2024-05-13,1193.5303955078125,1197.5968691699877,1182.1819036160744,1195.752785414712,593453
2024-05-14,1206.2501220703125,1214.2886371919099,1186.011955028548,1195.3271524044214,1386032
2024-05-15,1205.304443359375,1213.295627112714,1196.3202203606193,1205.7772972014147,1008105
2024-05-16,1236.9383544921875,1241.3359184371423,1211.7353363469435,1217.1258241228006,4868225
2024-05-17,1234.52685546875,1248.3341648091325,1227.3395000326584,1238.0259277838843,1925387
2024-05-21,1252.0224609375,1254.9541317512908,1233.2974020936922,1236.0399775425299,1453689
2024-05-22,1258.16943359375,1262.8979716669053,1239.8700143392034,1257.7911274593328,1411627
2024-05-23,1264.8839111328125,1270.9836789570345,1253.157113840101,1263.4653497371494,1440740
2024-05-24,1249.989013671875,1271.9767152552843,1246.44261019068,1264.8839082928941,1288301
2024-05-27,1257.5074462890625,1269.896309156456,1246.6791396131168,1251.171251058717,980450
2024-05-28,1243.7000732421875,1258.1221145082843,1240.1064535366584,1256.8454323044407,1608944
2024-05-29,1216.6055908203125,1242.6598834114368,1214.3832008753805,1242.6598834114368,1405567
2024-05-30,1173.4813232421875,1217.835035449432,1168.279931128057,1210.5531326667806,2610479
2024-05-31,1161.7545166015625,1187.099527801665,1157.5934952953373,1178.3044004785027,4649449
2024-06-03,1177.737060546875,1193.2940214701844,1169.4149020565296,1186.863162936106,1091287
2024-06-04,1172.0155029296875,1185.6336003416154,1128.843926867061,1177.7369647810367,2471911
2024-06-05,1198.116943359375,1215.1868957298732,1169.6038370391711,1191.5915380386946,2709585
2024-06-06,1245.922607421875,1251.7387330719318,1205.0207479447356,1215.2344376444862,3205121
2024-06-07,1302.806884765625,1306.0223139856553,1254.9540989565276,1257.7912220137011,5790599
2024-06-10,1267.579345703125,1303.185265188162,1262.6617116342677,1302.8069590037485,2532308
2024-06-11,1276.1851806640625,1286.0205636097176,1268.335876197662,1275.6651107065502,1465705
2024-06-12,1296.1868896484375,1306.0222723550282,1283.4671678580276,1290.701854511775,2786009
2024-06-13,1313.5406494140625,1321.011763251159,1300.6790479228816,1305.0766117684943,1953367
2024-06-14,1296.9908447265625,1319.971589178488,1290.0399158678179,1319.2623083675378,1733356
2024-06-18,1296.8961181640625,1315.9048181871597,1295.7613152001975,1305.5020343947078,950760
2024-06-19,1306.1641845703125,1311.6492198454628,1287.1081517406917,1302.2394746120005,1313197
2024-06-20,1317.46533203125,1323.0450303729974,1296.9907378865184,1310.750830662598,1987190
2024-06-21,1323.8016357421875,1362.1027961775244,1310.7981553474742,1331.5563924186297,6836535
2024-06-24,1325.5985107421875,1332.5022235138242,1306.0224064390286,1314.53377621307,1111433
2024-06-25,1350.234130859375,1354.2533884718089,1319.0257776334186,1322.8559398882821,2201375
2024-06-26,1336.3323974609375,1356.901541256573,1333.4479426136081,1355.0101257351353,1565878
2024-06-27,1354.4898681640625,1365.4128383958625,1316.4251328220457,1328.1045999564328,4286657
2024-06-28,1352.6929931640625,1374.1132957773068,1349.1939208316467,1362.7648033139017,2222285
2024-07-01,1392.17626953125,1398.2288218452543,1346.8296319021745,1352.6929734121838,3837301
2024-07-02,1392.2235107421875,1416.6700298917408,1390.1902162489046,1399.6472925499174,2092643
2024-07-03,1399.4583740234375,1404.3760081441799,1381.679022153971,1399.600137831604,896602
2024-07-04,1379.929443359375,1410.9959188870541,1374.3970762834053,1401.5388416827172,1322999
2024-07-05,1382.0098876953125,1390.1902821721708,1371.2287971123499,1387.3531591473297,1334838
2024-07-08,1387.92041015625,1398.6541680143534,1380.8749349190455,1382.0097378287903,807698
2024-07-09,1386.171142578125,1389.6229989741537,1376.0047842068373,1386.4075695169922,1049695
2024-07-10,1383.9013671875,1392.838374395669,1363.237676620734,1392.1763097268213,802718
2024-07-11,1381.300537109375,1395.8644576558672,1363.0011176128176,1395.8644576558672,1408434
2024-07-12,1423.33740234375,1429.720929239285,1381.7262640617453,1394.918840135384,4372156
2024-07-15,1417.6630859375,1444.568422156675,1410.9958008888768,1437.5701625221461,2374623
2024-07-16,1433.8819580078125,1436.5299857254536,1408.2533026150363,1421.7296372408348,1794159
2024-07-18,1455.775146484375,1461.7803673798192,1423.2901095964387,1425.1815250244738,2752497
2024-07-19,1436.5587158203125,1483.3233794213972,1431.8388736153217,1481.4451312615975,2504915
2024-07-22,1440.55615234375,1450.4773334311253,1421.8212910834902,1425.5296965768678,2225781
2024-07-23,1438.485107421875,1447.4430596935554,1406.3132600121319,1436.1733360808826,1640492
2024-07-24,1476.91796875,1483.37155119334,1419.2205712619436,1438.485136861857,2561617
2024-07-25,1473.7393798828125,1490.6440845082202,1449.5623717422286,1468.9232381184895,3283912
2024-07-26,1484.4793701171875,1487.850669285408,1391.1425210578514,1473.7393506792541,7133745
2024-07-29,1469.26025390625,1497.5309808028574,1454.522931565326,1488.8138352960311,1755979
2024-07-30,1481.493408203125,1494.8821881798383,1464.1070894828815,1464.1070894828815,1622543
2024-07-31,1497.2420654296875,1504.3217697878338,1478.555413237922,1481.4450980846411,2398955
2024-08-01,1487.657958984375,1511.3052617052585,1481.0598683880844,1497.2421514925145,1315921
2024-08-02,1452.2593994140625,1477.1589474095913,1447.0580601631502,1469.4049118222717,2894949
2024-08-05,1402.7974853515625,1429.671577942904,1374.285951713012,1415.9455749207132,2186582
2024-08-06,1428.8529052734375,1447.7321567216889,1411.6110949272354,1411.6110949272354,1665788
2024-08-07,1419.46142578125,1459.5317000522111,1416.9088472376193,1445.6130979736379,3002937
2024-08-08,1412.5260009765625,1433.428124266342,1408.2396823549645,1415.9455082502036,2333194
2024-08-09,1451.2960205078125,1453.752299685017,1426.1076947375523,1430.3458051570428,1521252
2024-08-12,1456.8828125,1468.4415521694216,1434.6322621526797,1451.2960412938141,1809860
2024-08-13,1448.117431640625,1467.6228044718857,1440.1707982649261,1452.8372737679617,580901
2024-08-14,1468.34521484375,1473.2094471130952,1449.6585626789483,1456.4011606448971,2833790
2024-08-16,1527.005859375,1530.5697570251837,1474.9915315717526,1501.094994786326,3224481
2024-08-19,1536.0120849609375,1543.766002493779,1517.9033452652377,1529.4620852629396,1640507
2024-08-20,1568.713623046875,1573.5779731098064,1536.589981996765,1542.1285448530452,2442281
2024-08-21,1545.644287109375,1568.1356439905903,1543.0917086443033,1556.5769045999964,1935929
2024-08-22,1552.0015869140625,1561.0559563835154,1537.312355447537,1546.0296185307952,1562554
2024-08-23,1539.6240234375,1557.4918365212766,1534.470775933057,1553.7353404966354,1020913
2024-08-26,1579.8388671875,1582.5840442348301,1549.8342831246755,1550.7975113926211,1510157
2024-08-27,1564.860595703125,1584.5104755730508,1562.4525250715549,1583.5472473204227,1083351
2024-08-28,1567.509521484375,1603.7750898246534,1556.7695026217864,1560.4298171266898,3033590
2024-08-29,1586.774169921875,1595.3469255968707,1560.4781069953265,1560.4781069953265,2194339
2024-08-30,1576.3231201171875,1602.5710914115311,1571.1216637572218,1586.437017313173,1926984
2024-09-02,1586.099853515625,1600.8853839363878,1575.4080432403073,1576.3230630637174,1582818
2024-09-03,1583.6435546875,1598.2364863053829,1572.0848155971491,1578.7311140904158,1739553
2024-09-04,1584.799560546875,1589.3266865000314,1549.7380270980736,1560.1890305808643,1643875
2024-09-05,1579.212890625,1596.936315902525,1572.8556069878405,1592.2164734389294,1080904
2024-09-06,1563.560302734375,1590.482486079952,1554.6022327136463,1579.2127622565888,1672937
2024-09-09,1521.1300048828125,1571.314290757085,1516.8436862043072,1563.5120478693116,2965098
2024-09-10,1548.2930908203125,1554.3613581611387,1520.455771269977,1533.4593524623397,2541973
2024-09-11,1543.6695556640625,1567.1723482631182,1539.3350285791307,1552.723924646679,1395340
2024-09-12,1582.8248291015625,1588.9413050009148,1546.9445766238305,1560.3334728768023,2356422
2024-09-13,1595.154296875,1598.8627023686129,1577.7679787698426,1589.2304192259398,1373924
2024-09-16,1588.363525390625,1608.5913204380495,1585.955454551646,1590.3862813790506,1060407
2024-09-17,1590.81982421875,1610.517796890912,1580.7540174392307,1588.3635449001877,1499644
2024-09-18,1546.36669921875,1587.5447080553508,1530.56973196161,1587.5447080553508,2930297
2024-09-19,1536.6861572265625,1575.2152870286218,1528.691433341579,1560.4297569833961,3032379
2024-09-20,1562.404541015625,1569.3879463245714,1524.2125146717597,1548.871136108413,3984683
2024-09-23,1548.052490234375,1571.025463221947,1535.8676279015292,1565.197884581407,1535902
2024-09-24,1576.9010009765625,1583.0656855134355,1539.3350978825413,1542.6583060128821,1781972
2024-09-25,1543.814208984375,1582.6804486610201,1531.5812562016276,1576.9010786695017,2505756
2024-09-26,1547.8597412109375,1560.2854103717002,1537.3124378709606,1550.7976346943901,2173853
2024-09-27,1550.0750732421875,1603.5824499741204,1545.5479474649753,1565.2459182964453,3539822
2024-09-30,1519.20361328125,1546.9446350900923,1510.1974522782054,1546.9446350900923,3460691
2024-10-01,1565.63134765625,1582.4878433941908,1521.9007580540758,1521.9007580540758,5176596
2024-10-03,1545.06640625,1571.16986974144,1537.4568791410172,1555.613709133786,2332279
2024-10-04,1557.0103759765625,1587.7855914512095,1532.4962621841876,1532.4962621841876,2927576
2024-10-07,1559.033203125,1572.0367851009953,1541.3578698553288,1565.197770144653,1619326
2024-10-08,1569.195068359375,1574.8781383688856,1544.6327487701355,1565.245856177027,1311331
2024-10-09,1597.8031005859375,1608.3986115511452,1572.0367443750918,1578.7311338159334,2177241
2024-10-10,1560.1407470703125,1614.3223360486977,1552.0978147116134,1611.4808597482383,1518162
2024-10-11,1586.4852294921875,1589.326705964158,1544.0549755518455,1544.0549755518455,1019027
2024-10-14,1630.2640380859375,1634.598565809061,1587.4003750461595,1587.4003750461595,2070051
2024-10-15,1613.744384765625,1640.8110743974426,1602.33015380488,1637.4879840506737,2503380
2024-10-16,1599.248046875,1615.7673187058342,1592.0238343839937,1608.591314664068,1070524
2024-10-17,1636.52490234375,1647.024114462507,1595.1060849212772,1599.6332109557522,3771316
2024-10-18,1625.8331298828125,1639.799940737907,1585.0885242866962,1632.6720275438179,3119646
2024-10-21,1638.6439208984375,1697.0637402383009,1627.904019523757,1680.8333670583795,5898020
2024-10-22,1634.1650390625,1663.4470856696043,1629.2524806081205,1640.7631294805826,2484594
2024-10-23,1672.1160888671875,1684.6862649781285,1623.6175683917083,1634.164988627053,4198781
2024-10-24,1671.9234619140625,1683.7230081669488,1664.5066513020213,1671.2492491608134,1570443
2024-10-25,1653.3331298828125,1678.328974232892,1647.457460906376,1671.9234826711995,1743714
2024-10-28,1639.9444580078125,1664.41036378911,1630.9381789596557,1647.1204621112774,1271473
2024-10-29,1636.043212890625,1660.701833030477,1618.5605963133944,1646.1571097027247,1499121
2024-10-30,1622.9915771484375,1649.1914590732317,1620.390907610676,1641.437423747379,1305424
2024-10-31,1563.4151611328125,1622.845661130728,1550.683553803254,1619.7355732013204,3638913
2024-11-01,1558.555908203125,1573.4742474766692,1553.8423123505227,1573.4742474766692,249236
2024-11-04,1592.3287353515625,1594.1266902107493,1562.8321914535059,1568.6148318854744,2746587
2024-11-05,1586.7403564453125,1607.4899766117576,1578.1392397296818,1592.2315037326264,1376651
2024-11-06,1645.927978515625,1650.0098284420396,1589.0243378016403,1603.5539012640595,3164061
2024-11-07,1604.5743408203125,1667.2606188232864,1598.111313236646,1647.337073101411,1285140
2024-11-08,1634.0709228515625,1639.0274886666773,1603.6511405664967,1613.3213021211056,1883257
2024-11-11,1656.2298583984375,1667.21203474787,1619.2012422169616,1625.7614343268278,1587351
2024-11-12,1639.5621337890625,1662.4013217819747,1636.646492768691,1661.9153816119128,1414446
2024-11-13,1628.4825439453125,1641.5057631889813,1616.8686222647561,1632.758840827406,1063556
2024-11-14,1640.0479736328125,1644.4214348958333,1616.2369067563657,1616.2369067563657,1919974
2024-11-18,1614.098876953125,1640.533974104454,1587.3235267808645,1637.375363076113,1617013
2024-11-19,1651.8563232421875,1675.910359904434,1617.3059322176875,1618.0834838881242,1982317
2024-11-21,1654.3831787109375,1676.4934547078085,1637.4239155662306,1663.859011281025,2212146
2024-11-22,1698.3121337890625,1700.6446701693226,1654.383192951364,1666.5316963509188,2344087
2024-11-25,1683.8797607421875,1718.0900180112476,1679.2633293810936,1710.509304321096,3913302
2024-11-26,1696.31982421875,1712.4530127566761,1682.373366258975,1683.879709474621,1291712
2024-11-27,1707.3994140625,1717.3125459900307,1686.7469570153646,1692.0436573676534,2088228
2024-11-28,1665.1710205078125,1710.5092583851695,1658.8052759845266,1707.593617603831,1787990
2024-11-29,1664.150634765625,1681.3528680997624,1652.6824001177145,1659.9715021470488,1556942
2024-12-02,1696.8543701171875,1698.846772196424,1657.930635106196,1661.9153206269364,1370756
2024-12-03,1700.3045654296875,1711.4811887520318,1688.7391662642372,1710.5093084631321,1824151
2024-12-04,1710.1204833984375,1724.6986873123326,1691.654758440837,1693.1125788322265,1811165
2024-12-05,1736.701416015625,1743.5045779643617,1705.7470528764188,1710.1205141291782,2762694
2024-12-06,1732.668212890625,1746.4688654294666,1725.6706036828944,1746.4688654294666,1180840
2024-12-09,1727.857421875,1750.113505171295,1721.3943939495414,1729.0722722881412,1069659
2024-12-10,1713.9595947265625,1727.0313376436163,1703.9978213946283,1716.5349826778015,1625591
2024-12-11,1713.2305908203125,1719.9851112551623,1700.8391173531543,1715.3686799634759,1285654
2024-12-12,1739.27685546875,1756.867864102321,1711.5297457723873,1718.3329074590067,3018243
2024-12-13,1745.8857421875,1753.855112952945,1711.4811568737362,1730.9187622896786,1503188
2024-12-16,1725.6220703125,1743.0672737995337,1716.3405662280327,1743.0672737995337,1075193
2024-12-17,1720.9569091796875,1738.8395290551389,1711.4810769817477,1727.4684592349774,1160899
2024-12-18,1728.8779296875,1737.6733754248307,1711.0439494944414,1712.5017699784146,1337600
2024-12-19,1705.0181884765625,1719.1590943621682,1686.212328311984,1691.0230883641789,2402819
2024-12-20,1638.6387939453125,1721.0541705266028,1632.8560350952766,1720.228096015949,2921154
2024-12-23,1664.247802734375,1676.4934704431093,1638.4443340385506,1643.3523768708812,1301223
2024-12-24,1656.958740234375,1676.8336448307605,1648.017370329311,1669.301572537413,711026
2024-12-26,1650.9329833984375,1666.4345450397282,1643.1094183307832,1659.096801474114,659638
2024-12-27,1663.5189208984375,1668.2325165739696,1650.9329999694357,1657.007251777526,647945
2024-12-30,1691.8978271484375,1723.7269075494994,1646.1709293884837,1666.7747446662913,6781500
